8.370722760104394311e-01,7.319369123600205206e-04,8.806249191957368772e-03,2.615399749557650345e-03,1.208099193379535280e-02,4.352939747046669756e-04,5.943654469008397695e-03,4.966990277976395494e-03,1.749999932058691338e-02,1.834074945221846054e-02,2.692567119301228495e-03,1.100511454828635022e-05,3.312649381893864597e-03,4.923686140959443805e-03,2.270744072926138279e-02,2.188643986735124263e-03,1.998540412261647168e-03,2.094632529448380021e-03,1.338725232516284683e-03,3.023622976111777459e-03,6.432448491979126173e-03,2.498603676689508529e-03,7.267897321267162772e-03,7.209509283127727222e-04,9.030390747040680302e-04,7.854684140153264660e-04,4.729018201989233262e-03,7.302217680158160432e-03,5.067654973222916748e-03,9.982116211089592933e-03
8.369243771396162046e-01,4.025925753584001267e-03,1.131289314299879258e-02,5.620391839521949977e-03,3.182520604421713081e-03,2.191336478077729640e-04,7.281661421892264216e-03,4.738954979131245783e-03,3.143328502724511680e-03,1.788789990815311745e-02,1.093250056924003136e-02,4.713668296095777956e-03,2.534940540457943439e-03,3.196471031480354469e-02,5.034803712492270933e-03,3.673518102195437191e-03,1.970027203301127298e-03,1.119559642522346748e-03,7.230655676044021223e-04,1.211267195773425278e-03,4.266865425368875434e-03,3.794512158326749166e-03,2.219151634795600136e-03,2.377289767569015170e-03,1.516467437405087486e-03,8.833899605253747820e-04,5.789352047999519503e-03,1.847203370463618849e-02,1.627653917500961392e-04,6.160659956481608079e-03
2.412792294541675764e-01,3.788431839791731471e-03,1.007104522388968700e-02,2.893388499218580746e-03,3.338702762385530390e-03,5.378949927859276014e-04,1.200902401781274269e-03,3.125163055342257065e-03,1.091145669392625710e-03,1.840321624348374707e-02,1.118044247126344717e-02,1.293244467722163605e-04,4.563751828412036457e-03,4.595574293816724262e-03,5.077408536588782356e-03,1.811249529768010295e-03,3.004795381761209225e-03,1.714893656170065651e-03,1.185743421298077757e-03,2.849015259208935013e-03,4.190737670716986225e-03,6.185435693850967545e-03,1.813824339763585227e-03,2.924380335403427983e-03,1.072845427780250681e-03,4.584780841479230151e-04,8.922020469890346375e-03,4.838688056021281207e-03,5.021047229162127479e-03,3.132183258791590777e-03
6.315267551581853489e-01,3.792234243358239172e-03,1.128160547605022018e-02,2.630005578559106369e-03,5.998372317420628055e-05,1.882192459184527512e-04,2.208630684829784516e-03,1.831751657050740591e-03,1.426762505862403437e-03,4.476105089470452936e-03,4.289597001894043110e-04,2.670407384763573942e-04,4.830753720072712525e-03,3.389287729772873150e-03,4.593395480626000921e-03,8.921794505449666748e-04,2.951087447325178009e-03,1.823705244257339732e-03,6.942151581701062890e-03,4.343085522463568070e-03,5.145961878219209272e-03,3.646837772610872844e-03,7.594346960051922592e-03,8.735669754967662765e-03,1.033999196553432240e-03,4.908455712958139944e-04,8.972132681099573293e-03,1.924573753736853396e-02,5.280988681537378965e-03,1.600835245723704944e-03
8.383651714987617742e-01,3.815377284378504257e-03,9.605309860941005362e-03,2.689099453555584066e-03,4.334770967533091782e-04,4.675589194450963104e-04,5.599586478931584642e-03,4.906384683634239241e-03,5.218001335233991497e-04,4.776033562679911186e-03,1.188540797277606864e-04,4.088024693309860041e-03,4.304381503431250165e-03,4.405709888090657278e-03,1.408276731575197963e-04,8.727697093812198000e-04,2.418648194988440563e-03,1.107635998044894168e-03,6.490790461222542551e-03,3.258139705730601736e-04,2.040203691570730352e-02,4.718710515658720676e-03,8.524894259354232409e-03,7.439776590161865065e-04,8.661350941963083874e-04,3.798524868997073690e-04,7.182160526316271748e-04,5.262080018102394292e-03,5.337338918245703064e-03,2.407917099986949146e-03
8.383090221936136954e-01,3.987516651556530060e-03,1.135653026221960203e-02,7.593713975090000262e-03,9.879031316279641289e-03,5.818207042500404824e-04,1.155824652759409200e-03,4.671135456741699020e-03,6.129001666208502451e-04,5.339200513707431303e-03,7.084382173799079474e-04,8.490261646070952194e-04,2.677561287918630087e-03,5.260134480048165792e-03,1.646886360064857453e-03,1.898569845412381284e-03,3.568781685727397644e-03,1.126812652552295875e-03,1.343455682817644350e-03,2.796466872095033831e-03,4.696590213330281011e-03,6.219557876411644336e-03,1.372693326908426027e-03,9.769294214506123349e-04,1.070184095822044809e-03,5.148939001610541941e-04,5.868472282250434408e-03,2.386461569815555989e-02,4.695279024844178917e-03,3.394675355079342441e-03
2.186145172169214890e-01,3.983151299257498869e-03,9.586761159147338604e-03,5.399606579425030028e-03,3.286171254571237845e-03,4.675937697606007810e-04,2.092574157864096618e-03,2.204253810013629290e-03,5.593124551395995802e-04,5.332088296140130232e-03,4.948591783198966632e-04,4.164241898045353309e-03,4.476074211824327201e-03,9.863684504442551265e-03,1.647707782914126099e-03,8.487520866399921992e-04,4.603879762626371733e-04,1.113901332426742857e-03,3.505129589562529235e-02,1.227195320988115363e-03,5.314109329859151298e-03,1.148853782697164269e-03,1.787428360156372801e-03,2.355871219044195809e-03,9.731602785630708713e-03,3.847951279629652612e-04,3.126457511676171072e-04,1.929742550114860525e-02,2.091612063777309460e-03,3.324509482958826808e-03
4.132923116906599414e-01,3.954073102417152673e-03,9.601762705746972812e-03,5.695097375477606999e-03,7.530587539000275013e-04,5.920104577512262656e-04,1.331424814711357728e-03,4.704738128428172586e-03,9.994423119144141276e-04,4.799419301207298767e-03,8.715510599034739445e-03,1.063341486553555457e-03,1.080787943032826028e-02,8.251591788756125478e-03,1.529397834891520550e-03,1.849365419175712320e-03,2.438734547035583192e-03,9.075458773706744295e-04,1.239158335092694230e-03,2.996991692806560449e-03,2.738854505749182752e-03,3.765893154918318816e-03,2.735822744789261247e-03,2.013165464768579445e-03,1.391242424554279319e-03,4.995462574613302679e-04,9.591274059109654998e-03,1.992934130497790030e-02,1.596610923591727880e-04,2.395434649628692958e-03
4.917047791318113203e-02,8.593808852454273926e-04,9.605309860941005362e-03,2.689099453555584066e-03,6.437042571160681709e-04,4.675589194450963104e-04,5.594084098968101978e-03,4.854524174106391449e-03,5.219174632025342687e-04,2.608135430745428182e-03,1.188540797277606864e-04,4.088024693309860041e-03,2.222111368023890580e-03,4.505189897404452554e-03,1.301823277536861244e-04,1.830892407284484980e-03,2.441100443018431702e-03,1.107635998044894168e-03,6.695167533180158143e-03,3.258139705730601736e-04,2.040203691570730352e-02,6.602303065680966213e-03,8.611641929980883708e-03,1.990801997732724073e-03,7.075637166224458749e-04,3.944793109595732920e-04,7.746391774243396866e-05,5.360138967140787997e-03,4.721869885095026850e-03,2.409797068953703405e-03
4.274985843873799762e-01,4.012949684093599506e-03,5.993193925901066713e-03,1.537129804178298097e-03,3.980571013515656065e-03,1.465358054965969052e-04,2.088846201182810967e-03,4.557483829023097760e-03,6.875121366276066215e-04,4.700788284416612672e-03,1.772382951859544607e-03,2.359502307442847523e-04,4.273769388798618479e-03,4.472522718369346256e-03,1.420118866197835191e-03,2.352425593488116726e-03,2.463672492336000611e-03,1.506575689707985184e-03,1.180285886783823991e-03,1.130292664723766237e-03,5.324926792135197505e-03,5.719995292426545939e-03,1.248573448787347780e-03,1.666227882804900088e-03,1.073303914193038605e-03,5.150823804873763678e-03,2.536879259126068389e-04,1.941399970971896885e-02,5.006769595974230359e-03,1.584534624272777165e-02
6.336760869513129446e-01,5.290093984211187862e-04,2.606205717649373414e-03,2.789959205273100443e-03,3.606049892896854604e-03,5.831790694579689661e-04,5.933398967801459083e-03,4.711971849928596814e-03,2.995887219966152093e-05,2.298223501162403523e-03,1.082506617658698413e-02,2.676167319499018734e-04,1.076583316216612671e-02,4.848003515656500173e-03,4.610914629818008321e-03,1.854831773415257764e-03,2.953246001079170256e-03,1.824630269924872429e-03,1.090127337425601112e-03,2.777403061465423366e-03,4.120510304105757041e-03,6.170781286636436123e-03,7.094797400028178894e-03,5.465196912254735584e-03,1.131216024528970644e-03,4.006275769317129321e-04,8.381636805733739745e-03,2.711415629792081339e-03,3.593010608060630273e-03,3.255212858504779802e-03
6.318400838807659570e-01,3.792234243358239172e-03,1.128160547605022018e-02,2.630005578559106369e-03,5.998372317420628055e-05,1.830690227960667430e-04,2.209690860529547624e-03,1.658103034579614093e-04,1.426762505862403437e-03,4.476105089470452936e-03,1.458744795043242191e-02,2.670407384763573942e-04,4.830788547625267104e-03,3.393297559558086911e-03,4.593395480626000921e-03,8.921794505449666748e-04,2.951087447325178009e-03,1.823705244257339732e-03,6.946428256926039622e-03,4.343085522463568070e-03,5.145961878219209272e-03,3.646837772610872844e-03,7.594346960051922592e-03,8.735669754967662765e-03,1.033999196553432240e-03,4.907543306483843617e-04,8.972132681099573293e-03,1.924573753736853396e-02,5.280988681537378965e-03,1.600835245723704944e-03
2.000044893908505261e-01,3.914179658108555768e-03,3.058069234740308420e-03,7.710099962719337181e-03,8.225330515498679648e-04,6.431152877783754412e-05,2.232690831973474770e-03,4.650435324808147031e-03,1.030914672190160917e-03,4.803648081603196195e-03,1.965429290670565182e-03,4.350536077663468004e-03,1.073447828618226754e-02,3.610852365996068854e-03,1.711357294327660707e-03,1.792008370919947200e-03,2.964445001146359497e-03,1.133932811554286485e-03,2.896808566238975261e-04,2.702181794559335541e-03,6.342717879648561777e-03,2.598538844672064994e-04,2.640412785794005353e-03,2.776469551857307407e-04,1.646711139554574502e-02,5.194853914133515773e-04,5.777418727040378732e-03,1.914624494026434184e-02,3.479355399952505090e-05,2.187208775880669122e-03
2.183309305135872069e-01,3.634064606013750250e-03,1.056579098134752953e-02,5.913416316466849586e-03,1.092419426122538846e-02,1.016848308128577875e-03,6.500532326527367483e-03,5.847013786611836295e-03,3.204661001199189327e-03,3.561407061184025669e-03,1.131861915734036841e-02,9.287228266842700516e-03,1.191092596416358507e-02,7.868222786668568197e-03,1.110507081487842676e-03,2.196952341025317206e-03,2.501143580695283468e-03,1.513495737153136176e-03,3.015620853352348201e-04,3.697737780777957464e-03,3.642900203732445108e-03,1.122221634661356091e-03,1.231168590580085636e-03,1.223338243045538152e-03,2.729893056586948398e-03,1.208111627038806072e-03,6.038103828328441822e-04,1.957120764649861178e-02,2.137827264888347498e-03,3.263561190380858106e-03
2.229410439847766268e-01,8.540231567579657443e-04,1.979178057462660338e-03,3.596376032771606696e-03,3.353932458351131362e-03,1.937171798850273810e-04,7.130379413239987425e-03,1.709770546107709614e-03,5.216423106512509296e-04,2.984780123567311143e-03,1.479004228680543508e-02,4.147605653906804961e-03,4.602228680127986790e-03,9.846887046336348301e-03,8.632995455292490419e-04,4.625544696174231857e-04,3.012239588924176242e-03,9.874753020343012434e-04,1.211810677122032286e-03,2.775505979227348673e-03,9.706188244437560179e-04,6.268535517489483115e-03,3.044767601424381957e-03,2.670526664601933706e-03,1.015212555916461361e-02,3.110825866497855894e-03,8.969430945678518591e-03,7.830715156883129996e-03,5.793859562571265776e-03,2.164636331546830085e-03
6.453797479223920552e-01,6.813237651182588520e-04,9.535546020068114484e-03,5.399606579425030028e-03,1.039670125217172225e-02,1.382020845566848607e-03,2.391734506509761394e-04,2.359492929156323856e-03,5.593124551395995802e-04,5.332088296140130232e-03,2.405831068369350205e-04,4.971125130195143578e-03,2.383825724192559226e-03,9.863684504442551265e-03,1.647707782914126099e-03,8.487520866399921992e-04,2.472418148486715643e-03,1.120679420677718864e-03,1.618148679175901525e-04,2.312135257941996206e-03,2.291857595563652483e-02,1.153347171204519841e-03,1.782808508976388689e-03,2.355871219044195809e-03,1.453480990529102887e-02,3.847951279629652612e-04,9.419775414690608265e-03,2.042091049581598594e-03,2.053662119976552500e-03,3.311032512229438330e-03
2.415659231998762424e-01,3.858682131263356518e-03,1.008314571204052025e-02,2.907534944851251739e-03,5.447533830302528184e-03,1.372513743092079958e-04,6.145071951637930130e-03,3.058716932055805318e-03,1.054793989731468489e-03,5.762850746375280941e-03,1.842754796681554761e-04,6.411507778428726309e-05,4.636322876209160795e-03,8.035566684009320601e-03,5.079912679663890936e-03,1.819572955771533735e-03,3.002308797206768021e-03,1.125326975699733308e-03,2.517598492635842616e-04,3.008574449178036750e-03,4.091539704731999259e-03,4.544442004151222000e-03,1.661546152906644017e-03,2.422126476852200228e-03,9.623169522137063614e-03,5.022268584773368488e-03,8.956346723751149735e-03,1.947738559917314843e-03,5.385537781392147304e-03,3.132235955388321981e-03
2.434954435495631508e-01,3.804569656144283270e-03,1.002322673159876734e-02,1.499257956829436363e-03,3.365844845564232996e-03,1.390005000326618870e-04,2.789685098694530711e-04,6.719182928814170300e-03,1.009956582536099224e-03,4.183978602032316016e-03,8.938810713785633189e-03,1.287643305595617270e-04,4.645409478630973046e-03,4.443806111896833611e-03,1.344290002050397333e-03,2.353481613321451935e-03,3.013529689275134833e-03,1.135449737759248621e-03,7.698448721289020795e-04,2.765003536286554479e-03,4.076275676546244238e-03,6.283827412059897997e-03,1.983854318112725137e-03,8.901564210950548960e-04,3.754668694072633853e-04,3.987428753595237407e-02,4.261885212675250653e-03,2.861650682463303189e-03,5.854044712301576317e-03,3.126785847834743365e-03
1.994537263477728639e-01,3.614001419035120337e-03,1.033561711756729798e-02,7.524550526119809686e-03,3.939644160690600541e-03,1.651112834568637874e-05,6.457619883734378591e-03,3.033239574319203380e-03,9.715938029277925922e-04,3.453988761824963206e-03,9.311672558490625279e-03,9.569834623604962093e-03,4.804253272821744879e-03,4.187824559116135048e-03,1.675927286614818049e-03,1.789000669017611067e-03,2.933428049857767297e-03,7.636314415169938308e-04,7.640024724001863053e-04,9.610912015176277436e-04,1.479041919114993699e-03,1.226245015362609344e-03,3.935354835790263670e-03,2.423758832448472383e-04,2.617134012802800613e-04,9.716274997692457083e-04,3.108384238497436270e-04,8.237880143849296566e-03,5.382450836691456131e-03,3.137241154870481271e-03
2.008647465021625167e-01,3.932449637255278248e-03,1.251135793695541502e-02,4.241225284417797850e-03,4.856649205978272842e-03,7.464438716331625199e-04,6.398118028535573591e-03,9.907739970480812508e-03,4.242407350593073575e-04,5.187652907072348718e-03,3.681655928235413920e-04,4.163135425607088734e-03,2.979861691841065655e-03,4.617915250083429873e-03,9.627477983053904509e-05,2.262906517710431241e-03,3.979329805975800622e-04,1.385271039197595892e-03,3.253263812992040170e-03,1.191545318431970479e-03,4.676905083447041242e-03,3.804026629397969355e-03,3.922761876321618872e-03,5.825220554666068161e-03,2.177387269782149991e-03,1.017789074024875052e-03,9.000125674269937939e-04,1.807962369836063621e-02,3.727031580432573973e-03,3.492748147362904811e-03
4.271944335229526657e-01,4.114510873382049884e-03,3.041313337199168243e-03,1.537129804178298097e-03,5.458274758345623215e-03,7.482529206283538561e-04,2.791731868741178157e-04,9.783387415167668633e-03,6.752791762675506692e-04,4.936001379993215470e-03,1.142720058702495142e-02,2.798991386274039470e-04,2.672767977247912305e-03,4.462789162724195222e-03,1.416312405053533115e-03,2.344261352004753298e-03,2.413909064315590720e-03,1.511222662550200250e-03,7.443723202924361088e-04,2.304180137234310144e-03,4.695909018099454942e-03,3.636628229367947635e-03,3.022164417221899751e-03,1.452989014120017672e-03,1.513807880441882248e-02,2.398803927799210423e-04,5.699391070447545199e-03,1.984040928461744402e-04,4.893006226521952329e-03,7.041033984461778084e-03
2.338097937799590020e-01,3.749370270364050725e-03,1.019425044470809866e-02,3.067151827819418215e-03,3.353943226041000009e-03,1.033201095992166449e-04,1.387028852673269884e-04,4.699887994246186064e-03,6.178323582370657879e-04,4.183978602032316016e-03,8.732829338528187366e-03,4.770908906610703097e-03,4.645409478630973046e-03,6.275502442001333614e-03,1.561327020778542022e-03,1.851112523513509479e-03,3.013529689275134833e-03,1.128141053842532252e-03,1.193587454204250893e-03,2.765003536286554479e-03,4.110820290605393321e-03,4.579478017205574313e-03,1.836569433580084515e-03,6.590700306942982867e-03,1.129640173770404214e-03,3.977545106377060021e-04,8.953333624015128583e-03,2.983023258533451169e-03,5.340278750220928301e-03,2.166548426782021093e-03
6.346975026280516907e-01,4.255040537599396287e-03,1.020847116714783051e-02,1.569714940708960647e-03,3.229610782710420729e-03,3.605762986547748862e-04,1.923048635855290197e-03,4.683769313401917218e-03,6.422001761392840367e-04,3.363400184709658489e-03,2.541491629156632064e-03,4.826427486257615224e-03,4.662209107876011567e-03,3.620058160287742063e-03,1.431068001732283771e-03,8.827246774539637903e-04,1.987228921870542748e-03,2.772208242946027409e-04,3.520775039314260040e-04,2.795366507433402672e-03,4.945565784918158972e-03,4.470988507110116444e-03,1.450768286094492564e-03,1.185333685889908891e-03,9.430775574896774899e-03,9.421340613724495106e-04,8.733983385173407776e-03,1.919656941134180797e-02,1.006531768908210285e-04,2.857453042110438650e-03
2.208605268413976475e-01,3.763306470371874813e-03,9.610098806983076794e-03,2.630319079107270967e-03,8.566278664979196360e-04,2.359108267361963304e-04,2.908861856158101770e-04,1.023836587546817986e-02,1.005020274764960482e-03,2.712621486036951267e-03,1.624415261930713594e-04,5.625091137945710876e-04,2.221106285116427465e-03,4.808567874569720166e-03,3.237292097050615061e-05,2.271065933395642524e-03,2.944123515523654894e-03,1.874940192327602048e-03,2.565784772805926881e-04,2.734395515581671248e-03,5.170970442840234528e-03,6.376226191150861228e-03,7.151150310772019444e-03,3.119195577611076110e-04,9.676160246668559332e-05,4.619637636387840108e-04,3.819828075707899198e-04,5.406823797192272102e-03,5.406203949243307272e-03,2.390338195009189017e-03
4.165400221100334921e-01,3.949559415111508591e-03,1.020573794360241787e-02,1.583511650668556047e-03,3.486032922889467991e-03,1.276256811436540654e-04,2.143537925437164014e-03,4.660169776383772840e-03,6.676077998269721973e-04,3.443263510066938565e-03,1.161089050276898835e-02,5.022741385541696930e-04,4.752566645978196884e-03,2.377542467142867641e-04,1.490171456092880247e-03,8.852870492789336994e-04,2.982705565908835409e-03,3.297862393241698465e-04,7.500953430019912781e-04,1.142722627883171983e-03,5.062503864594592416e-03,6.481651490574879063e-03,8.263410962242295071e-03,3.753246456603843290e-03,7.932168874610779491e-04,1.579745382440452157e-03,4.510330887069488939e-04,1.919503710796062815e-02,2.481355472396325375e-04,1.681232655806186652e-03
9.351380279778026550e-04,3.986583570075277923e-03,1.118312266441512208e-02,2.907534944851251739e-03,5.232498973635432184e-03,1.457923045851608880e-04,6.067760386636212797e-03,4.666129751866389223e-03,5.080345099802356483e-04,4.775583530597081808e-03,1.823939365184024466e-04,4.209823496739638696e-03,2.915370888087809916e-03,8.123282888560432596e-03,1.627999125995817061e-03,1.912548989652183146e-03,2.002167314663621991e-03,1.289540302074521257e-04,5.359759686261976463e-04,1.261655915584192645e-03,4.054595368158617555e-03,4.810224568606361745e-03,1.565599605449286827e-03,5.919333768088060749e-03,9.622222934217645671e-03,3.294030816709025804e-03,4.678340911507272997e-04,8.316391319594218512e-03,5.402100314870644272e-03,3.399146476475934688e-03
6.346956334014680623e-01,3.792826958270114745e-03,1.046005756478549271e-02,2.938304997073577871e-03,6.745530857476481762e-05,1.465170433021817256e-04,6.095569968164509835e-03,4.767447347341783118e-03,6.416341563789722474e-04,3.767073258090778906e-03,4.853655782255162135e-04,4.671846645577263854e-03,6.106734993909469431e-03,1.555872296039227665e-03,4.586431366287314036e-03,8.827371825733933359e-04,1.979136497188340674e-03,1.148918000820400897e-03,3.147544997617224456e-04,5.895986102534337553e-03,4.133192347098035152e-03,4.704042786277218106e-03,1.825036394403454706e-03,1.500575173465508970e-04,9.833495486471718200e-03,4.972754012704731601e-04,5.211436329818292315e-04,1.971630313680941202e-02,6.024979701890108286e-03,2.147499713900145359e-03
2.041323847650821366e-01,3.936300220974420401e-03,2.917157959181412331e-03,3.416134384949344027e-03,3.344029988574788101e-03,1.063980730657942394e-04,3.727446605555377254e-04,3.883813664995633061e-03,1.036596547588324599e-03,5.738016280408383442e-03,2.336415156988439282e-03,3.149761355216436180e-04,1.110680813920408849e-02,9.790921050604209364e-03,1.075407437364428107e-04,8.411595282748054797e-04,3.012194048468682349e-03,1.829473125928287626e-03,1.154691701867555445e-02,2.221496262772005431e-03,5.265988449937593352e-03,3.924860991210986187e-03,2.536294709815173787e-03,7.096063428690999693e-04,9.732395491362051329e-04,2.793523436119273954e-03,9.392013509805959004e-03,1.925667528630616021e-02,4.688625280966449843e-03,3.196058654143943759e-03
8.483007468412553376e-01,6.222583588534835730e-03,6.874327869511288013e-04,2.873756313790563725e-03,3.323870245638743323e-03,1.919959635001893244e-03,3.232698056979195662e-04,1.228064946600613497e-03,9.361646877510053063e-04,7.500912683040737022e-03,3.364987088284769959e-04,4.917758612132385951e-03,2.942820479291155013e-03,5.069646974715323780e-03,1.596297504805621777e-03,1.691631901840614854e-03,1.783264997847484445e-04,1.787985525950986938e-03,1.198707293379223070e-03,2.386500638812506098e-03,8.139319716315858953e-04,3.834901662200789797e-03,7.525789352833997005e-03,1.905378745724455058e-04,5.749864130210708899e-04,3.090436389144068322e-03,5.774933682416456132e-03,1.790737541738385979e-02,4.888025848460867372e-03,3.149541407134314169e-03
6.224631456952893771e-01,6.158366155330571509e-03,1.195800223071960718e-02,1.610840653435324614e-03,5.442641207210677234e-03,7.482529206283538561e-04,2.279325075224068308e-04,9.897910560956445572e-03,9.511086586810384115e-04,4.936001379993215470e-03,4.004181550999698011e-04,2.213641282325824744e-04,4.583352061132668978e-03,3.115810904967125650e-04,1.592017973181341110e-03,2.360929552341728670e-03,2.437146944018805678e-03,1.875623998920953424e-03,2.910151936025786755e-04,3.527793769666209660e-03,3.599551399534029437e-04,3.884844084610705305e-03,7.531856651199904731e-03,5.621828598036239175e-03,1.439869888651031105e-03,2.859634819138628242e-03,2.536879259126068389e-04,1.984040928461744402e-04,4.638576992283349396e-03,3.705945194500106978e-03
5.223593886421834531e-02,8.603560206373172137e-04,1.979178057462660338e-03,3.545541971060514261e-03,3.353932458351131362e-03,1.641721090252857337e-04,7.130379413239987425e-03,1.709770546107709614e-03,5.216423106512509296e-04,1.963609293600901418e-02,1.478988147020827114e-02,4.147605653906804961e-03,4.602228680127986790e-03,9.858329960644047693e-03,8.628585340546265697e-04,1.743386219566221956e-03,3.012239588924176242e-03,1.110251819081769674e-03,7.908861022497002194e-04,2.835299286103106376e-03,9.706188244437560179e-04,6.268535517489483115e-03,7.521854927484407545e-03,2.721828400842389584e-03,1.909038515372722851e-03,3.110825866497855894e-03,1.106114058752475163e-04,7.830715156883129996e-03,5.796523265546682339e-03,2.164636331546830085e-03
4.179733117704527157e-01,3.784118979460159189e-03,6.648149495554261587e-04,2.630005578559106369e-03,4.730225857845845802e-03,2.311363649564862057e-04,4.162216083278931977e-04,3.138399188508823184e-07,1.006936669168689152e-03,2.481160238528534213e-03,1.624850401314167176e-04,4.325958951481020248e-03,2.806924299060700820e-03,3.767349478172658719e-03,1.416750248115486097e-03,1.823367111150968204e-03,2.490970734527715030e-03,1.124182393534445094e-03,2.526714564667067661e-04,3.012666756986221751e-03,2.563566941215713636e-03,2.342750513833005439e-04,2.781081695759608698e-03,1.496639415218465642e-04,1.535512372958157141e-03,5.431352901159071378e-04,8.530628075182938169e-03,1.920570667390775546e-02,4.597481586290363964e-04,2.800054173914541793e-03
4.107722045118022969e-01,3.943514217590060079e-03,8.894035614582124563e-03,1.481164485072928531e-03,1.046488203776438608e-04,2.141213347701641776e-04,2.884797294962387123e-04,1.181166542330268007e-02,5.255082381105687485e-04,4.215605886956739698e-03,8.362775063400150824e-03,4.772145732865516743e-03,4.744834809704320810e-03,4.249372682744714726e-05,5.163651977778157924e-03,9.201920340544901458e-04,2.963535731366363953e-03,1.122096782927599649e-03,1.149196849654507240e-03,1.356310709770157039e-03,4.176944628335834027e-03,4.662110289562169940e-03,2.603314293206951575e-03,6.590700306942982867e-03,1.129640173770404214e-03,4.374130688144466485e-04,5.725653273571986931e-03,1.930324381067165598e-02,3.003077882024777698e-05,3.121184416204136197e-03
6.190034439655982546e-01,6.192860909732202448e-03,2.925863066631976313e-03,2.938547465809272785e-03,1.272178943871973313e-04,1.413172362214948222e-03,5.021719793655127738e-04,1.228064946600613497e-03,9.361646877510053063e-04,7.500912683040737022e-03,4.861595501878260761e-04,4.917758612132385951e-03,4.579854527335782202e-03,5.069646974715323780e-03,8.791227578694670725e-03,8.784532466778707978e-04,1.980063472488195492e-03,1.772634740409749065e-03,2.554075534203788353e-04,1.283829892932876297e-03,4.129644066652154305e-04,4.694502824491773169e-03,1.839411455686879721e-03,1.485692896741482277e-04,6.003801302855221386e-04,3.090933487413965227e-03,5.774933682416456132e-03,1.760959149962015510e-02,4.634810726287208818e-03,2.133138332501470936e-03
1.672516104646670776e-02,4.055243447487364913e-03,3.863644105935012778e-03,1.923827466719996767e-04,3.345038918796674424e-03,2.725307041508964398e-04,2.577323338976908462e-05,1.057048746657438020e-03,6.455210424205029031e-04,2.919715701518148937e-03,4.962294320947217060e-04,5.026443437031348840e-03,4.750733762202592747e-03,1.186061787133950440e-04,9.831713131055010765e-04,2.386196251189645189e-03,2.360619906853992072e-03,3.297862393241698465e-04,1.130338352029720741e-03,5.631832728600305550e-04,3.669040637831249771e-04,1.195699354900415633e-03,1.795413640886991524e-03,9.139114802753912220e-03,1.423278095319155769e-04,6.623409715252388807e-03,7.642391514091108340e-04,2.661818179233989973e-02,6.601294310051072228e-05,1.612433804683002878e-03
4.978605684361532557e-02,5.500616406156747830e-04,1.118312266441512208e-02,2.901526527819086373e-03,5.966875340076009844e-04,1.457923045851608880e-04,6.067760386636212797e-03,4.666129751866389223e-03,5.216344523976655396e-04,4.775583530597081808e-03,1.174731924114604133e-04,4.208356219711924771e-03,2.923926382726608521e-03,8.123282888560432596e-03,1.071555763983200781e-04,1.912548989652183146e-03,2.435480097403472290e-03,1.111280269143025221e-03,5.359759686261976463e-04,1.261655915584192645e-03,4.054595368158617555e-03,6.607126484212372947e-03,1.562692322740433411e-03,1.934836303455064136e-03,9.622222934217645671e-03,4.733782255523010050e-04,8.908112286294802900e-05,8.396475084273984091e-03,5.387730232445089515e-03,3.400287002711164727e-03
2.328317717376837404e-01,7.040110205408238626e-04,1.979178057462660338e-03,6.706082082475223194e-03,3.244741858396745816e-03,7.404397751474886937e-04,1.147910491610722346e-02,1.003049023734611973e-02,5.090099643072843513e-04,4.178608918617424638e-03,3.310475903700003074e-03,6.574864503696624483e-04,2.580351064056346858e-03,5.002751362216787540e-03,1.880482915797099773e-03,1.273836770324720657e-03,3.012239588924176242e-03,9.780272051147019356e-04,1.176756207540564534e-03,2.738809446398383571e-03,4.420529291112331588e-03,3.633201673689708151e-03,1.837166784860096505e-03,1.078441342537606561e-02,9.906969232689095267e-03,3.774270412881157249e-04,9.593522890147738666e-03,7.970014993453631083e-03,8.915575967992608181e-03,3.810746187255516487e-03
8.393948972788015661e-01,3.812649401245354203e-03,1.064489373780575995e-02,2.496552736482385466e-03,3.904062221135693334e-03,1.355593826859713392e-04,1.957242192878439445e-03,3.004574379343268042e-03,1.072871467046132218e-03,2.952199170766270017e-03,2.917533933773023072e-02,6.014198699123626400e-05,2.730377555105434687e-03,4.644309759806311728e-03,5.114168945786465303e-03,1.311905831840244402e-03,2.960801152444883858e-03,1.768325931061561895e-03,2.657497910097243211e-04,2.786452993761608619e-03,5.034851929901525483e-03,6.498913858867193770e-03,7.419300112738289391e-03,5.434893968348122710e-03,9.642552224429716545e-03,3.114229037376439226e-03,3.983052240732036248e-04,8.301897869637860777e-03,5.318221934552182749e-03,3.497576677696371747e-03
5.560068193000422543e-04,3.981206037513572264e-03,1.118312266441512208e-02,2.907534944851251739e-03,5.231984424643476052e-03,4.964756562912752780e-05,9.361545948733899364e-04,2.404438327245109544e-03,1.003089073202558358e-03,4.778040997660053420e-03,1.823939365184024466e-04,4.191993367910596714e-03,2.915370888087809916e-03,3.885585115982595483e-03,8.157871203652768827e-04,1.912548989652183146e-03,2.001882345055968140e-03,7.306285218354675089e-04,5.359759686261976463e-04,1.261655915584192645e-03,3.919282428458572068e-03,2.553621259393405035e-03,1.807759138039197189e-03,5.849794916654478191e-03,5.843015869842578189e-04,3.294030816709025804e-03,4.522887187789215451e-04,8.419401991666434701e-03,5.421893942533657570e-03,3.156866990957369039e-03
6.339008813331219461e-01,3.784118979460159189e-03,2.036615285786493729e-03,2.643575271930057903e-03,4.730225857845845802e-03,2.311363649564862057e-04,4.162216083278931977e-04,3.138399188508823184e-07,1.006936669168689152e-03,2.481160238528534213e-03,1.624850401314167176e-04,4.325958951481020248e-03,2.806924299060700820e-03,3.767349478172658719e-03,1.416750248115486097e-03,1.866330595301447922e-03,2.490970734527715030e-03,9.930960004379952959e-04,2.526714564667067661e-04,3.012666756986221751e-03,2.563566941215713636e-03,2.342750513833005439e-04,2.777508253787086545e-03,1.496639415218465642e-04,4.509507081884372385e-04,5.431352901159071378e-04,8.530628075182938169e-03,1.957578058863616507e-02,6.255180497181996035e-03,2.800054173914541793e-03
4.333381870131200464e-01,4.119601211091725342e-03,1.047290339417939267e-02,4.319576775310536576e-03,5.722296277117440953e-03,7.641557130652100460e-04,2.195920151964001355e-04,9.807790316281450940e-03,5.250636791225413895e-04,3.762880961147337198e-03,1.727541636774875856e-04,7.132578214617257004e-04,3.009925181459263081e-03,4.617915250083429873e-03,4.615952620329589334e-03,2.270123432277969255e-03,2.437594730972369832e-03,1.112706587391774308e-03,1.637998559955910951e-04,5.842888572911685181e-03,4.141209866759011649e-03,3.796850290999712225e-03,1.836729169777957804e-03,2.369597386322503697e-03,1.464794843265753614e-03,4.781977283591466255e-04,5.251506516661604311e-04,8.175242845511526343e-03,5.477111646668204881e-03,3.800185234979535157e-03
8.269606735650285589e-01,3.766757055696563165e-03,1.140195497754563185e-02,2.640516553742565560e-03,6.402226044799282133e-04,2.849728010040859035e-04,5.604933077244359657e-03,4.551706800879258726e-03,2.870697237259092109e-04,3.292703354628996430e-03,1.246594017503745047e-04,4.907750523792826607e-03,2.088984030808259482e-03,4.545445356627951516e-03,2.867926906157091662e-05,2.264692692168480959e-03,2.493872987550605370e-03,8.015047615938209694e-04,1.300916759411036494e-03,1.305238879671936220e-03,4.859299185507523489e-03,4.597885577462478349e-03,7.418003787489230345e-03,1.488183845447577786e-02,1.189083606618642321e-04,1.611651152533572114e-04,1.298466802250969505e-03,5.390383970004679337e-03,3.634103739606322006e-04,3.704706037010268866e-03
8.237846900844753018e-01,3.831023813364851406e-03,2.617004508467021557e-03,2.640516553742565560e-03,4.654520380773740328e-04,2.900652278807563066e-04,1.667282896583899320e-03,4.697732050829806112e-03,2.790419992418143470e-04,3.292703354628996430e-03,2.263565847238706535e-04,3.160431638855507562e-04,5.093705536361977856e-03,3.603477467728138667e-03,1.413345208237939358e-04,2.408172759825006823e-03,2.479706634280720752e-03,8.015047615938209694e-04,7.381823877815509981e-04,1.305238879671936220e-03,4.859299185507523489e-03,9.944508430725818200e-04,7.418003787489230345e-03,5.489092753660830895e-03,1.269103106939836051e-03,6.436548074725840368e-03,1.306258029211888579e-03,1.972754438868121879e-02,3.861549294961145063e-04,1.556341802900389334e-03
6.280847170579175742e-01,3.632309317460694249e-03,3.089817090247735844e-03,2.927013286980546108e-03,5.324395376584896075e-03,1.048521764013348855e-03,2.172356052033783819e-04,1.005060508223243505e-02,9.938894507886999585e-04,2.544870575233595424e-03,8.306990889018308830e-03,7.445130606804472445e-06,3.011087054425936813e-03,3.616779896967219771e-02,1.676621173296827076e-03,1.696668805230477700e-03,2.468605560572051036e-03,1.056633198535547342e-03,7.683198897733227841e-04,1.107599666881759794e-03,4.352131960758171339e-03,1.342796724211633855e-03,4.570297295986582541e-03,1.963497985555239932e-04,1.430158069975538768e-03,4.893239940127612660e-04,8.589016911736895715e-03,8.137084112571926764e-03,5.587724193709603555e-03,3.167310934641875183e-03
1.957016007035039806e-01,4.092626188773911683e-03,3.863644105935012778e-03,1.923827466719996767e-04,3.019676456340467802e-03,2.725307041508964398e-04,2.148500019544512078e-03,4.682839055485259888e-03,6.455210424205029031e-04,2.921696409470182255e-03,4.967450885608341643e-04,3.167755558637274857e-04,4.750733762202592747e-03,2.157385969468752183e-04,1.932374352803424436e-05,1.306474197627002613e-03,2.361465360597629105e-03,3.297862393241698465e-04,1.130338352029720741e-03,1.296807619348452597e-03,5.007601863933395722e-03,1.202570001411506790e-03,1.795413640886991524e-03,9.139114802753912220e-03,1.423278095319155769e-04,6.623358972967088171e-03,7.642391514091108340e-04,2.661818179233989973e-02,1.150024937487940013e-04,1.611182977538672687e-03
8.491216290453723614e-01,3.706975846351494037e-03,6.874327869511288013e-04,7.022606281817847518e-03,3.361938116271298224e-03,1.936715213730532499e-03,1.972051616596288623e-03,4.799273740079604104e-03,6.608079090181356299e-04,3.417903166203421599e-03,3.493959779310942641e-03,4.202683844634172092e-03,3.064709367274147389e-03,5.069646974715323780e-03,9.621620117661092673e-04,1.691631901840614854e-03,2.089066209159728483e-04,1.804006346775154307e-03,7.379585944807488460e-04,4.558688086435356028e-04,8.139319716315858953e-04,3.834901662200789797e-03,1.812401961755153758e-03,1.530493498433721988e-04,1.475808314562481913e-04,3.090436389144068322e-03,5.774933682416456132e-03,1.790737541738385979e-02,6.187964788119913739e-05,3.149541407134314169e-03
6.260166263740439829e-01,1.257076262262257250e-03,3.438694119358459700e-03,2.863673630560644237e-03,1.371982031784985123e-02,4.574945503241096005e-05,1.316876032339332628e-03,3.138924049161218033e-03,1.494527856030076346e-02,3.384971137878192010e-03,1.454158276311004645e-02,4.930127035578543010e-03,5.147507682140424826e-03,4.709026630149350939e-03,1.601344547872802994e-04,1.331058272027155773e-03,2.950593191789754269e-03,1.652793757246977637e-03,1.397510695619327901e-04,1.050042275850497989e-03,2.108014876944774851e-02,1.326912010862203034e-03,8.513709050057497590e-03,2.165378138459852445e-03,2.204565259644031391e-04,8.755941581705349846e-04,2.181916116966362267e-03,5.018881425899891086e-03,5.205726551433398006e-03,2.993143119592288088e-03
4.713125557864522586e-02,8.593523779967943144e-04,8.538341047130202158e-03,1.481164485072928531e-03,1.046488203776438608e-04,2.141213347701641776e-04,9.449848617418699775e-05,9.704805474130429738e-04,1.324724225554460739e-03,4.215605886956739698e-03,8.361257949974823175e-03,4.132167551950209454e-03,4.744834809704320810e-03,9.439968481414658108e-05,1.585524108679840782e-03,8.315042682661226946e-04,2.963535731366363953e-03,1.107626955836414368e-03,1.163418668290070032e-03,1.356310709770157039e-03,4.176944628335834027e-03,4.874819145945768345e-03,2.501884560372699857e-03,5.871253290239202352e-03,1.129640173770404214e-03,3.952760823387543193e-04,5.655466176643612550e-03,1.930324381067165598e-02,8.001200063213970495e-05,3.121184416204136197e-03
8.414747538413509531e-01,3.707558654082356540e-03,3.578318695517721144e-03,2.663910138426393848e-03,2.830818164717403915e-04,5.151382418458537275e-04,2.243817847712892451e-03,1.831751657050740591e-03,7.197294302964769505e-04,3.403095693421059366e-03,1.066030756166176587e-04,2.615334870207340623e-04,4.830753720072712525e-03,3.439877362853311239e-03,4.593395480626000921e-03,1.565642747467927949e-03,2.124343252620102245e-03,1.690094239332333957e-03,1.918624930179997547e-03,4.375883258212360030e-03,5.065482659514854678e-03,1.055775780539842078e-03,2.895082838408188138e-03,4.151002718294086527e-04,1.249159844518456589e-03,6.320079446059572240e-04,2.212130768492987214e-03,1.922494924359400420e-02,4.384261675326554634e-03,1.595374883858219784e-03
5.659031457126088849e-02,3.763306470371874813e-03,1.124884854327554834e-02,2.630005578559106369e-03,3.499127567705285873e-04,2.293242269192334733e-04,2.908861856158101770e-04,1.023836587546817986e-02,1.005020274764960482e-03,1.896732061063380846e-03,1.627741213236771759e-04,5.625091137945710876e-04,2.982551704802456367e-03,4.813117766985312504e-03,3.237292097050615061e-05,1.832978786348911631e-03,2.427881945621840603e-03,1.874940192327602048e-03,2.574373931105844579e-04,2.734521605271181439e-03,5.034080186749999818e-03,3.753464033123777785e-05,7.212605190645196215e-03,5.929637828815431840e-03,1.166731971340350879e-03,4.621423878662334560e-04,3.996341479886493867e-04,8.144107289420436657e-03,5.410524425505594190e-03,2.800054173914541793e-03
8.307752594265370716e-01,3.657701682205384379e-03,1.045495967985226801e-02,7.553029419448427546e-03,3.988897663162026958e-05,7.641557130652100460e-04,2.823669300062780834e-04,5.028340788304767883e-03,5.415567218722822226e-04,3.262676679613086238e-03,1.727541636774875856e-04,3.169412587052905343e-04,5.108933363912205455e-03,4.617915250083429873e-03,9.518318633266167807e-04,8.338830825284881650e-04,2.437835672531903607e-03,1.421314421809311349e-03,8.073202299942659711e-04,1.218881287254086187e-03,1.752871810432867980e-04,3.796850290999712225e-03,7.510290108856944487e-03,5.560861461297395524e-03,1.453968815509827997e-03,4.993007301668850101e-04,8.796528978707914698e-03,8.297601915846924275e-03,5.627782730035251445e-03,2.149586977858993636e-03
1.914240146942587650e-01,3.614001419035120337e-03,6.355971206864808459e-03,4.225728764499942294e-03,2.934465126968835436e-03,1.098835249484862286e-03,2.274958899786325844e-03,3.146896191738382271e-03,6.366945403270662246e-04,5.940395315739387984e-03,2.563437873465127491e-03,4.982637062530861395e-03,4.825584989753956694e-03,2.749448412111580795e-04,1.361245219149525860e-03,2.428216443789525496e-03,8.387671491976141439e-04,1.121796001926174489e-03,3.975609872481006453e-03,7.468584087724450217e-04,4.097946001670241950e-03,1.226245015362609344e-03,1.882005475474618191e-03,7.226774020084869576e-03,9.686044560670056813e-03,9.722598072874693523e-04,5.600636143547671128e-04,8.168137203669581861e-03,5.371354538588645963e-03,2.826480539817700661e-03
2.050005425585652574e-01,4.092630684547094236e-03,3.858277319354481462e-03,7.629130283474910672e-03,3.019676456340467802e-03,2.725307041508964398e-04,2.148500019544512078e-03,4.682839055485259888e-03,6.455210424205029031e-04,2.921696409470182255e-03,4.967697259569141439e-04,3.167755558637274857e-04,4.748687070824500478e-03,2.157385969468752183e-04,1.932374352803424436e-05,2.277785251962300903e-03,2.365930989243722124e-03,3.297862393241698465e-04,2.102436586685963761e-03,1.296807619348452597e-03,5.007601863933395722e-03,1.203373617823732915e-03,1.795413640886991524e-03,9.139114802753912220e-03,1.423278095319155769e-04,6.623358972967088171e-03,7.642391514091108340e-04,2.647683247231476591e-02,1.150024937487940013e-04,2.801850319492696448e-03
6.237021663784672043e-01,4.102619553741592567e-03,3.459466325230619796e-03,1.571637604817642010e-03,3.395115389272908811e-03,2.244313375496893241e-04,1.929377529504050330e-03,4.646771154847287831e-03,3.608766713475495495e-03,3.419920073847252003e-03,4.954425509433799113e-04,3.167755558637274857e-04,4.753315471001775920e-03,1.958790643773230655e-04,4.557353456169010650e-03,8.827246774539637903e-04,2.019184731806329767e-03,1.605422668210740008e-03,3.759936812686327920e-04,4.556077259958886405e-04,4.844336888748490902e-03,6.481651490574879063e-03,6.837487734628671862e-05,9.139114802753912220e-03,1.423278095319155769e-04,6.603399802010271810e-03,6.509917444956104127e-04,1.919250850081281531e-02,5.290904096749625917e-05,1.612433804683002878e-03
1.873984686446238668e-01,3.784118979460159189e-03,1.950101467255143089e-03,2.630005578559106369e-03,3.394049021144826886e-04,2.289460180348308171e-04,1.569500386861954078e-04,4.821341183753159211e-03,1.234003127104128881e-03,1.357380503698527811e-03,1.605011183991094325e-04,4.285006820955704517e-03,2.316827289981398304e-03,3.767349478172658719e-03,2.017529060640429854e-03,1.821504753821134035e-03,2.479634130835307957e-03,1.123396075556736462e-03,2.526714564667067661e-04,2.727006263320651660e-04,2.603579694438950751e-03,4.067305593378317194e-03,3.800243690948563145e-03,2.853423092571269123e-03,1.528476321503053313e-03,4.700489528885135743e-04,3.339901920503572392e-03,8.144246092805246945e-03,5.457592907494625278e-03,2.802126448189936822e-03
2.344593825580354451e-01,9.025734892692833383e-04,6.758802028625837330e-04,3.054062035040230449e-03,3.352810983465594891e-03,1.037301733925230724e-03,2.095824885591761420e-03,2.045544665591964625e-04,9.935574546940969913e-04,1.426189920326126955e-03,1.143552546610180840e-02,4.248144802548954949e-03,4.601419450813629304e-03,2.531893749321383058e-04,1.456931478919139440e-03,2.359324980672085955e-03,2.479180534063952883e-03,1.141418312967726768e-03,7.681059727939145874e-04,2.772419922410996902e-03,1.051649568220419488e-03,1.400242522940447782e-03,4.705597033847262398e-03,2.476126604273503132e-04,8.135839409906436880e-04,3.153149135983036519e-03,8.960922907657761088e-03,1.939109522017003900e-02,2.216295418141696338e-02,2.803998658600036741e-03
4.881793392561900591e-02,3.737402431785113652e-03,9.581690758287603193e-03,4.288935575059009755e-03,4.695818139835347335e-03,7.641557130652100460e-04,1.363857822808892421e-03,4.637064710482397510e-03,1.172597236126874829e-03,9.982540008105962332e-04,1.727541636774875856e-04,8.644240855598883059e-04,2.970113126352670000e-03,4.650361893044535448e-03,3.296181352732338588e-05,1.670822879424489153e-03,2.999283964410050674e-03,1.119292879833769889e-03,7.605712946160180302e-04,2.124939406909866907e-02,4.414761085897075596e-03,3.676297105405671416e-03,7.865799575494953483e-03,2.431301972840957826e-03,1.104826088629358785e-03,9.979775062049823803e-04,6.750341854860524363e-04,8.230236992575263449e-03,5.319035891417174186e-04,3.817889071897212667e-03
8.300762508060208766e-01,3.987055175466818792e-03,3.578784772765051386e-03,1.479556720406732025e-03,3.640218102835099563e-04,4.791154876887715106e-05,2.185758289559711597e-03,3.161668810794524258e-03,2.094634196306167234e-04,1.989194686265136069e-02,5.393983588711437002e-04,4.858304124175115424e-03,4.888790613118115802e-03,7.844221550270756224e-03,1.648474689612023985e-03,2.262235873229115346e-03,2.964445001146359497e-03,3.334530432726083636e-04,2.110948328860863532e-03,2.736645142551921012e-03,5.051426046217842407e-03,6.266407777311007107e-03,7.366614344503614499e-03,3.160643410771048884e-04,1.052524213815868108e-04,6.811204165578723865e-03,5.523329894804086294e-03,3.711404789318459296e-03,4.379087940798108078e-03,2.839793426978127946e-03
1.643003551317689936e-02,3.696689427567075460e-03,3.658359504434442484e-03,1.571637604817642010e-03,4.638653974897949221e-04,5.094546103611443354e-04,1.884058098437163238e-03,1.229948406799598586e-03,9.937151791342951207e-04,3.419920073847252003e-03,1.052857034977868454e-04,3.167755558637274857e-04,4.750733762202592747e-03,3.210260601078003279e-04,9.828201224109671310e-04,1.873181524798454844e-02,2.434164577006935667e-03,3.095993852415382429e-04,8.889426157976600303e-04,4.556077259958886405e-04,9.676312234924025826e-05,3.807797073503650133e-03,1.823734066682273450e-03,9.147575658687977229e-03,2.535203549125055085e-03,6.384139734751589912e-04,8.424362591409148560e-03,1.803188904383860869e-02,1.150024937487940013e-04,1.622362751652137473e-03
2.041453930051223553e-01,6.021596285502629070e-03,7.925241106496746070e-04,1.134621225672191591e-03,3.531579759217880806e-03,1.075615726786645441e-03,6.499650873495989994e-03,3.037743527254341182e-03,6.537255077260533320e-04,3.445961828624090340e-03,5.382618126367815989e-04,4.874968553488671918e-03,2.912144618402088408e-03,8.129217347399800980e-03,1.469975724140351082e-03,2.277684311514263475e-03,2.951773475660177896e-03,1.119446778198553410e-03,7.493253653805787787e-04,1.137818749904873084e-03,7.585886382371564117e-04,6.274509074767699139e-03,7.223504981619030367e-03,1.434600865759681678e-04,8.002774895559815367e-04,1.475139948331948871e-03,5.728731931620850704e-03,8.934403043948076564e-03,5.818991685392127522e-03,2.811406489812522808e-03
3.271231554374115502e-02,3.782444899220545071e-03,2.614392841920138745e-03,2.630005578559106369e-03,3.399534038958771818e-04,2.293242269192334733e-04,4.162216083278931977e-04,4.821341183753159211e-03,3.271784678253985548e-04,1.422637085916409437e-03,1.624645895402250908e-04,4.154786099717043373e-03,2.772180135720048004e-03,3.767349478172658719e-03,5.160281583951702167e-03,1.821504753821134035e-03,2.479634130835307957e-03,7.985634528902194312e-04,2.526714564667067661e-04,1.327633581973765124e-03,4.721475792744540302e-03,4.067305593378317194e-03,7.468505605115995788e-03,5.488446725539690083e-03,1.166731971340350879e-03,4.700489528885135743e-04,1.270479557879831013e-03,8.144246092805246945e-03,5.778650983831580198e-03,1.552364221403756961e-03
4.373179641171060505e-01,3.831312956995070775e-03,7.918062236509345111e-04,4.301322711403155787e-03,6.830568488127609916e-05,1.928748367874803414e-04,2.127099835974390757e-03,4.851472098385372668e-03,5.396978294129964066e-04,4.220412723671617197e-03,8.330951215288300710e-03,7.414464114283321472e-05,4.744285939565868679e-03,2.531893749321383058e-04,4.642011063225780221e-03,2.313321313386070693e-03,2.447916870335093125e-03,1.126291050918016732e-03,2.690116717566354418e-04,2.794114846831236530e-03,4.221138708989144450e-03,1.493415475280948385e-03,4.602935243765888390e-03,2.329558702971343265e-03,8.233437874483308600e-04,2.807256560849165448e-04,6.912549515434903563e-04,7.468360629954159426e-03,2.654622153930178211e-05,3.122000091793739919e-03
8.387502715666775854e-01,3.987317096747061522e-03,2.587164361940561159e-03,8.035599900819577826e-03,5.056866674708199172e-04,1.533559570232624625e-02,1.924619759411226637e-03,4.655694576540488246e-03,1.415576987553538932e-03,1.943257004487527681e-02,3.383795663397721511e-04,3.409522169181351987e-04,4.782003144580135139e-03,3.587945807742862116e-03,5.736794576994204073e-03,1.883378514102465899e-03,1.854927065178504225e-03,3.351845760394206258e-04,7.775584867804625350e-04,1.947023545544723745e-03,4.031564112382233361e-03,6.264815750713768026e-03,1.796950230205137788e-03,1.877798346515872387e-03,1.253582591826483484e-03,6.390163291610023374e-03,4.057995459332056770e-03,1.400630959853948337e-02,4.630471078628370027e-03,1.684821979922215395e-03
6.204879458911394252e-01,2.439165570866830453e-04,1.236042693762591689e-02,5.769809011722100596e-03,9.077381256508286651e-05,1.046564936958972476e-03,2.232690831973474770e-03,2.134336949027768396e-03,9.993752183351104542e-04,4.031980793087049271e-03,8.532726641091059605e-03,1.665668181800943580e-04,5.029261450375145312e-03,2.929903945515374090e-03,9.375141076944713651e-04,1.830290193326216406e-03,1.790828707463297314e-03,6.727471984172624531e-04,3.749551397086850002e-04,1.861597940133748186e-03,5.019102661937962020e-03,4.950738710805843538e-04,1.828266205485523828e-03,2.788172627753724223e-05,9.522841610212195648e-03,3.486183763530937597e-03,4.817347708414644364e-04,1.817035223218914017e-02,4.050282826527926497e-03,2.808027414010492388e-03
6.192681401145373465e-01,3.996552876424986842e-03,2.922465973353986779e-03,6.145424905362238330e-03,3.178321633692290059e-03,1.413172362214948222e-03,5.099330333231996259e-04,1.228337210303729428e-03,5.038014281185434476e-04,3.426331312654732307e-03,4.861595501878260761e-04,4.776544518163303686e-03,4.746268059499209047e-03,1.776395537124672054e-04,1.193179829907634309e-03,9.208168396426675423e-04,1.977469267025755602e-03,1.705276102022125484e-03,2.504438902616765942e-04,5.460631053070164227e-04,4.124050457173566238e-04,4.694922695193358420e-03,1.793595273759849900e-03,6.474202597652776309e-03,1.832978820116154192e-02,3.090933487413965227e-03,5.905926592837720465e-03,1.763266333710926045e-02,4.634810726287208818e-03,3.132047168412493369e-03
2.047941079408103771e-01,6.021596285502629070e-03,7.925241106496746070e-04,1.134621225672191591e-03,3.536085979686005507e-03,1.200608548125980512e-04,6.499650873495989994e-03,3.037743527254341182e-03,6.537255077260533320e-04,3.445961828624090340e-03,5.382618126367815989e-04,4.874968553488671918e-03,2.912144618402088408e-03,8.129217347399800980e-03,1.469975724140351082e-03,2.305099487112482418e-03,2.951773475660177896e-03,1.119446778198553410e-03,7.420389991955173275e-04,2.790730206389527811e-03,4.229318733910893136e-03,6.283081782274049613e-03,7.223504981619030367e-03,1.434600865759681678e-04,7.996360597120766994e-04,4.782656460519695875e-03,5.728731931620850704e-03,8.934403043948076564e-03,5.799650021312683333e-03,2.814194859112337157e-03
2.403698839995483671e-01,8.920595291571873113e-04,5.001213616943191859e-03,5.861910094243176321e-03,5.378458555389089776e-03,7.620333008861719486e-04,3.375468433820328143e-04,1.990289467336703311e-03,3.976729932140873197e-04,1.776303079372733296e-02,8.637892662210957390e-03,1.961531189239459037e-04,4.951020738815241178e-03,4.460703608254679153e-03,5.952890656578690466e-03,2.342116713927314825e-03,2.450792584208394582e-03,6.674932982619221191e-04,1.151942947901365456e-03,1.872069702732562756e-03,5.038529020154837793e-03,3.636628229367947635e-03,1.736825357328125640e-03,1.530238455106338637e-03,1.629957955050349155e-03,2.165995791298616028e-03,1.208336056287591517e-05,1.799874156782405726e-02,5.017120138043456787e-03,1.104404036108108493e-04
6.196696117984602514e-01,4.006247938988655166e-03,2.925863066631976313e-03,5.948958767907002593e-03,1.043560566577438195e-04,7.565700103084897678e-04,5.099330333231996259e-04,1.228064946600613497e-03,5.038014281185434476e-04,3.849092162234032336e-03,1.327462681308148797e-04,4.917647136342320931e-03,4.579854527335782202e-03,5.050659753757040168e-03,8.791227578694670725e-03,3.265082210254666856e-04,1.977469267025755602e-03,1.105833049705014703e-03,2.445465066834369601e-04,4.470123975786469746e-04,3.342634285841685968e-04,3.620539183790157448e-03,1.841132281213837254e-03,1.301386190409226009e-03,5.890859694455635818e-04,3.090933487413965227e-03,5.725277462930703290e-03,1.760959149962015510e-02,4.986880761291513295e-03,3.132047168412493369e-03
1.866630003695272932e-01,3.784118979460159189e-03,1.954821237705284959e-03,2.629365275398000239e-03,1.655057620567621304e-04,2.320641580531114848e-04,1.570153305675558455e-04,4.821341183753159211e-03,1.210856995207861822e-03,1.357380503698527811e-03,1.605011183991094325e-04,4.285006820955704517e-03,2.316827289981398304e-03,4.621851363336875948e-03,2.053220816674230977e-03,1.821504753821134035e-03,2.970791927520739437e-03,1.123489081510766320e-03,2.526714564667067661e-04,2.727006263320651660e-04,5.062221051223373194e-03,4.067305593378317194e-03,1.849727372937310385e-03,2.853423092571269123e-03,1.528696082208794854e-03,4.700489528885135743e-04,5.863638621135911378e-04,8.166572426849835406e-03,5.457592907494625278e-03,2.802126448189936822e-03
4.240163257426359245e-01,4.374087856302269137e-05,3.166316317227699587e-03,2.652146441950495922e-03,1.709216422184694703e-04,2.901727508777343385e-04,5.771402418707442979e-03,2.356470037524315952e-03,9.558613902237533908e-04,3.300721069953274026e-03,9.119079091637009166e-03,4.833980937531926966e-03,5.106036806820893510e-03,3.582395432821626566e-03,1.597308486073171271e-03,1.821725988153801790e-03,2.949595347396692310e-03,1.117923284567742251e-03,6.993635724924862976e-04,1.310868147965717993e-03,4.871343501373456841e-03,1.055848868596778994e-03,7.404123740310959538e-03,3.621894621305128507e-04,9.593012464999100793e-04,6.429142963969634687e-04,5.654245244863503189e-04,8.081126430636466698e-03,4.207675427446408477e-04,2.793657312069841494e-03
4.139990185428102376e-02,9.606894265354146579e-04,8.538341047130202158e-03,1.479704245649294397e-03,3.393455611809760488e-04,5.202141496309594954e-04,2.292872055110345159e-03,9.704805474130429738e-04,1.324724225554460739e-03,3.530596331132657747e-03,1.929123270606146467e-04,4.132167551950209454e-03,4.830937383269677705e-03,3.770227389617041881e-05,1.577586194083812352e-03,8.315042682661226946e-04,2.963535731366363953e-03,1.120688351066210717e-02,1.771824297306539599e-04,2.697054472375108808e-04,4.176944628335834027e-03,4.006246096838623691e-03,3.799780676790474356e-03,2.837691668860925671e-03,1.523377285674418604e-03,3.952760823387543193e-04,3.256917196299871989e-03,8.406910969278527310e-03,2.129249611637724568e-04,3.112984595309167043e-03
2.032687351397151621e-01,4.092060941082896301e-03,3.858277319354481462e-03,7.639788154308529283e-03,3.019676456340467802e-03,9.924481295217110332e-05,2.148500019544512078e-03,4.682839055485259888e-03,3.937952090569173461e-04,2.941692019288621139e-03,6.068893045240225312e-04,4.291603529925850334e-03,4.748687070824500478e-03,1.082885805519996636e-03,1.932374352803424436e-05,2.277785251962300903e-03,2.365930989243722124e-03,4.077597004430309931e-04,2.102436586685963761e-03,1.296807619348452597e-03,5.013359485996017953e-03,1.203373617823732915e-03,1.795413640886991524e-03,7.326442870552183143e-04,1.200859687518102646e-03,6.623358972967088171e-03,7.642391514091108340e-04,2.645458849106170976e-02,1.150024937487940013e-04,2.801850319492696448e-03
1.477006311837204822e-02,7.856876721188352794e-04,1.071058878014389225e-02,5.876882844265581864e-03,3.279341133587126023e-03,5.008614247841584649e-05,1.677750186084529284e-03,4.764111972615748050e-03,2.713250569443654506e-04,4.936040793125040516e-03,8.175136404656937680e-03,4.750557920401630649e-03,5.501413213837558908e-03,2.327974332920388321e-04,1.455150757746951230e-03,1.294309553820630629e-03,2.456860086501399740e-03,1.090724687074927498e-03,1.547989319176386433e-04,1.305698751900881936e-03,6.129215541826086525e-04,6.247137201288629690e-03,7.722600641874766483e-03,6.382277358564178785e-03,1.248039685556474486e-03,1.072411127746131058e-04,1.303134568986644756e-03,2.856356347648775218e-03,6.100292283982423729e-04,2.118261123583011201e-03
4.270558582102831346e-01,4.173117924841320339e-03,1.106716708381597601e-02,1.600975570662274087e-03,2.749962380126380786e-03,2.771717221320313569e-04,4.664254192095005757e-04,9.869388243194873733e-03,3.135817446786283696e-03,4.956241232786816851e-03,5.119990955042598435e-04,3.854758792984371539e-04,2.300438784888982936e-03,3.115810904967125650e-04,4.815385787951161935e-03,1.021192506491584761e-03,1.026624931213453423e-03,1.019216484985377685e-03,2.910151936025786755e-04,3.527793769666209660e-03,4.295138893550851794e-03,6.035854302644711594e-03,7.376116026326891457e-03,2.894644999265182789e-05,1.998651314078029044e-04,4.183701351169982763e-02,1.320153811266743145e-03,1.984040928461744402e-04,5.088960582617033622e-03,3.100111036011850632e-03
4.323148196235760965e-01,1.293055116472859121e-03,5.200783895976052520e-03,1.866269366765855794e-03,5.413777520472653516e-03,4.739010564399077349e-05,2.183387941037071359e-03,1.968627978470643622e-03,9.558613902237533908e-04,4.173182701229309968e-03,9.119079091637009166e-03,4.833980937531926966e-03,4.866967809488235812e-03,1.860149502241447827e-04,1.597308486073171271e-03,2.350699143038457312e-03,2.952192473699290481e-03,1.117923284567742251e-03,1.075549279428830631e-04,3.510041237167723597e-03,5.040881363562023897e-03,1.056528000352453464e-03,1.761668015781644959e-03,3.621894621305128507e-04,9.834615409570865614e-04,2.162441438054300055e-03,5.495989211537488650e-04,8.081126430636466698e-03,5.069915211704020125e-03,2.794473439048395305e-03
8.285371708590317796e-01,3.798692053805403489e-03,1.047064188826914329e-02,3.726091557419084800e-03,1.777909066261972731e-03,1.734376924356479527e-03,2.445654894748568869e-04,1.149295123991770024e-03,5.330570189995482207e-04,3.262676679613086238e-03,1.728837557478061647e-04,4.062020791869695203e-04,5.068085973205110201e-03,4.617915250083429873e-03,4.792058874808648346e-03,2.277890665539874376e-03,2.441055911980740192e-03,9.705520656332498799e-04,1.965337815407924610e-04,1.285227561923320922e-03,2.538892093182205933e-03,3.798163422041490097e-03,8.459011020673992687e-04,5.567769632428580182e-03,1.474819253439302790e-03,9.277588640538031060e-04,5.505102217009769528e-04,8.268443264304639259e-03,5.477111646668204881e-03,3.799992970787160161e-03
1.918768232647374838e-01,7.891329961227544921e-04,3.245153673434175365e-03,5.727848017990057154e-03,4.150069220815128055e-04,4.638696861854927988e-05,5.863381654272165067e-03,1.865055636352187102e-03,9.527999451687559204e-04,3.463053761563089292e-03,9.726760282878606917e-03,4.834963457410169051e-03,5.341037631491430196e-03,3.588622915738111721e-03,9.166145695125050077e-03,1.591048510986055407e-03,2.452405698565957633e-03,9.968232078480566711e-04,6.992769586808056164e-04,1.793414071953885244e-03,4.117773640759922471e-03,6.247137201288629690e-03,1.627910640222215294e-03,3.618718133144525613e-04,1.461035699097524513e-03,8.596743007379392676e-04,5.506184761497758635e-04,2.438719867957062776e-03,6.057238454198233223e-03,1.504135111158895217e-03
8.288926064232635671e-01,9.922970320998571181e-04,3.606197425730801095e-03,4.213565031404191592e-03,6.277309272253118935e-04,7.823101999245582819e-04,1.893575690147170955e-03,2.176550590099538430e-03,1.380220026692019833e-03,3.262676679613086238e-03,1.727541636774875856e-04,5.443233144003828839e-04,5.047580820574078600e-03,4.619598558772471802e-03,4.691910263168525691e-03,1.317178348356862032e-03,2.439456668329273003e-03,1.126274135130007252e-03,1.125580642429872477e-03,1.076225888796971883e-03,4.018954930941320489e-03,3.812922786556454356e-03,8.616736255961487956e-03,5.568374512782810204e-03,7.219703158912321728e-05,3.948439326944882394e-04,5.515000342998608186e-04,8.169597124766440899e-03,1.769264745107158691e-04,2.390736392809472526e-03
8.334447392982815561e-01,3.798692053805403489e-03,1.050285725659183891e-02,4.213565031404191592e-03,6.350657250559884801e-05,2.192665596139450521e-04,1.893575690147170955e-03,3.022028346156781578e-03,5.255448921026799987e-04,3.262676679613086238e-03,8.597459831186149426e-03,5.443233144003828839e-04,5.108933363912205455e-03,2.395954690912523860e-05,5.156657070572690307e-03,2.260403062427371237e-03,2.987030628009731785e-03,1.126274135130007252e-03,2.266905836971463213e-04,1.218881287254086187e-03,4.155016038016378331e-03,3.808830393262556228e-03,2.706345765808388249e-03,6.538490821889876570e-03,1.453968815509827997e-03,4.372554982984428189e-04,5.496696981238406634e-04,8.169597124766440899e-03,5.535975389502993498e-03,3.493852610162576262e-03
6.220754123837103355e-01,1.248464121081209639e-03,2.925863066631976313e-03,1.881269906405081717e-03,1.043560566577438195e-04,7.837323397348371426e-04,5.099330333231996259e-04,1.954597497536759380e-03,5.083538443789837420e-04,3.850012133584500545e-03,1.327462681308148797e-04,4.917647136342320931e-03,4.873390825137997005e-03,5.050659753757040168e-03,1.434237166847206722e-03,2.469559539854740849e-03,1.977469267025755602e-03,1.105833049705014703e-03,1.080895603383608496e-04,4.470123975786469746e-04,3.342634285841685968e-04,1.055572552220179804e-03,1.841132281213837254e-03,1.321441870544828086e-03,5.890859694455635818e-04,3.090933487413965227e-03,5.725277462930703290e-03,1.760959149962015510e-02,4.986880761291513295e-03,2.793880998069155422e-03
4.324836449736057520e-01,3.797713905079218473e-03,9.238850163965943094e-04,1.209744077040891905e-03,1.768094302253182988e-03,1.046520174224260021e-03,4.498755466665728744e-04,3.078726226449980240e-03,7.038301364653013143e-04,4.968514178270247786e-03,1.171227904134992080e-02,4.777024088399233620e-03,5.020199436979205787e-03,6.818006864750098504e-04,5.791791756035931035e-03,2.337058818676558767e-03,2.441788840573525139e-03,1.112129758623903826e-03,1.163452762933590802e-03,1.302184214076101965e-03,4.027598040219267442e-03,3.714510823354854642e-03,7.223504981619030367e-03,2.535400102755581975e-04,8.505279147534533339e-04,3.202479131521992345e-03,5.912856442531730199e-03,8.256004223999337255e-05,5.493582458126041769e-03,3.242557016208981284e-03
5.937007223249701759e-02,3.802346973325334677e-03,7.993998246583901290e-03,1.534262211586095645e-03,4.903194830018932533e-03,1.462432044162612641e-04,5.942219010299425695e-03,1.228064946600613497e-03,5.037698380420280739e-04,3.844773461763406272e-03,1.823421735823409619e-04,4.917647136342320931e-03,2.975799479834815870e-03,5.067438649373114806e-03,1.045639928284224779e-03,9.208168396426675423e-04,1.977469267025755602e-03,1.772634740409749065e-03,2.550680858837093830e-04,1.304356533165196026e-03,4.129644066652154305e-04,4.694922695193358420e-03,1.836639595815893521e-03,2.354303604502464009e-03,1.888207829648768342e-03,3.090933487413965227e-03,5.597228974440651532e-04,1.709731626067979154e-02,4.634810726287208818e-03,3.481361208574498042e-03
4.459328643932724545e-01,3.621369165463789955e-03,6.750956459386727891e-04,2.603923546849273071e-03,5.094324522715771610e-05,1.036981937199255672e-03,2.095824885591761420e-03,4.014629874925340104e-03,5.223195333890569194e-04,2.404050533731959260e-03,6.199275606200775309e-04,1.870992189910766074e-04,2.816550399983869940e-03,2.531893749321383058e-04,1.431068724384843742e-03,1.831925442060982527e-03,2.967077642322947257e-03,1.056742636901752963e-03,1.272499504517389524e-03,2.818414699917182794e-03,4.096071557271260127e-03,1.527239256929496455e-03,2.832719273241420845e-03,2.331510043366295110e-03,1.539685757093092701e-03,2.259366786333629785e-04,8.521980603975416735e-03,7.613812163131858032e-03,3.463482609208602334e-04,2.804009400991294525e-03
8.285139639419054625e-01,2.021274249992257785e-05,2.631848894842845656e-03,2.709713495668479230e-03,7.761474235650839748e-05,1.517556628907713867e-02,5.771402418707442979e-03,4.594434458190327364e-03,9.702547241920577055e-04,3.300721069953274026e-03,8.985187867606311829e-03,4.833980937531926966e-03,2.142549318285201249e-03,3.582414186265273515e-03,5.890333109049660995e-03,1.810857799453209280e-03,2.949595347396692310e-03,1.085412341380319638e-03,6.993635724924862976e-04,1.310868147965717993e-03,4.871343501373456841e-03,1.055848868596778994e-03,7.404123740310959538e-03,2.062481378849865665e-03,1.246091722049890533e-03,6.181095571869618666e-03,5.202977523636128938e-04,8.081126430636466698e-03,4.207675427446408477e-04,2.793657312069841494e-03
4.079894428452313787e-02,2.686831356243223924e-03,8.537792586760567862e-03,1.539560877515576843e-03,3.393455611809760488e-04,5.201674611570311635e-04,2.194451266495402175e-03,4.620645578032748883e-03,5.189612951903076025e-04,3.530426389065185154e-03,1.929123270606146467e-04,4.294466260419198614e-03,4.830937383269677705e-03,3.770227389617041881e-05,1.577586194083812352e-03,8.292701412427081831e-04,2.963535731366363953e-03,1.120688351066210717e-02,1.771824297306539599e-04,2.697054472375108808e-04,4.469232673293175619e-03,6.302842140580180649e-03,3.948569910748821708e-03,2.837691668860925671e-03,1.523377285674418604e-03,3.461113252477696772e-03,3.798117878735156414e-04,8.403104727789689407e-03,2.129249611637724568e-04,3.112984595309167043e-03
2.113454864179818149e-01,4.105168783583301728e-03,1.020573794360241787e-02,6.613976555581132892e-03,5.516067775555133067e-04,5.797067187917796056e-05,1.929377529504050330e-03,4.682839055485259888e-03,6.455210424205029031e-04,3.419920073847252003e-03,1.211804924054412117e-04,3.167755558637274857e-04,4.803356756098972440e-03,2.358468074782055343e-04,9.323841014049611114e-04,8.829432975877547513e-04,2.019184731806329767e-03,1.103975264340592696e-03,1.137581227039086672e-03,3.229358829349964345e-04,2.785962231590215221e-04,6.481651490574879063e-03,1.795413640886991524e-03,2.122734582136447806e-04,1.089391628197766584e-04,1.235243586997117598e-03,3.633028878543956069e-04,8.344034969917264732e-03,1.150024937487940013e-04,2.491919374212395871e-03
6.402839064942771330e-01,9.153710268333808964e-04,1.095060453653597977e-02,1.153401952363199883e-03,3.860491805924102376e-04,8.328727606514447351e-04,5.799144984822908987e-03,1.056776482954322307e-03,6.502033905885378808e-04,3.871013445403711714e-03,1.718379653544804234e-04,4.913640121172193308e-03,4.597979251936807656e-03,5.015393362200118790e-03,9.000581596796397577e-03,1.574990864932090864e-03,2.964024154921584241e-03,1.048918636471134289e-03,1.296051997221899345e-03,1.298792072170971892e-03,2.805414391467408726e-04,1.195699354900415633e-03,7.453812333042313110e-03,9.358557642032556663e-04,1.429551702493129682e-04,6.623409715252388807e-03,2.322801134291996999e-04,1.848102396273195933e-02,6.601294310051072228e-05,2.990906603594353525e-03
1.942777790833052354e-01,3.833784201491310419e-03,6.227522492656786986e-04,1.223556612406489661e-03,5.519919656556773226e-04,2.849728010040859035e-04,6.239334316728344966e-03,2.754460115215409503e-03,2.541144733339044609e-04,4.330732298660827304e-03,1.085550531148217110e-04,3.191560620996384927e-04,2.924967214960432806e-03,2.314632232664928617e-04,2.635791405595885775e-05,1.300696607699848833e-03,2.361004759725162869e-03,8.089447671919114792e-04,1.305720873861121716e-03,1.296778770659292408e-03,4.860642705482328026e-03,1.245008016607343244e-03,1.741952442018629334e-03,5.478701192571579226e-03,8.712497917571308250e-04,6.557540923057447908e-03,1.339848565115987680e-03,5.210815673485262936e-03,3.640555431527854537e-04,3.671150834733313481e-03
1.862546073006343117e-01,3.784118979460159189e-03,1.221897229523940739e-02,5.807769109387070534e-03,3.458024650405783999e-04,1.051222500462443065e-03,2.191776789317676638e-04,4.821341183753159211e-03,9.935370157151766218e-04,2.926428549916667773e-03,1.605011183991094325e-04,4.285006820955704517e-03,2.134435648989325886e-03,3.525202620494984236e-03,9.659208099177999220e-04,1.830320085828900925e-03,2.440911704388262597e-03,6.778176163433992157e-04,2.460585627937552375e-04,2.727006263320651660e-04,2.603579694438950751e-03,4.067305593378317194e-03,3.800243690948563145e-03,2.853423092571269123e-03,1.531877142229901749e-03,4.700489528885135743e-04,3.339901920503572392e-03,8.144246092805246945e-03,5.457592907494625278e-03,2.802126448189936822e-03
8.469652087279860853e-01,1.846919378326906946e-04,2.615555013807992386e-03,2.635696108401441775e-03,3.904062221135693334e-03,1.155920853103850859e-05,2.248006757119964906e-04,3.035503069602783332e-03,5.414157206639598832e-04,2.957684232104688688e-03,2.212609370278511775e-04,5.211950270281062204e-04,1.076583316216612671e-02,4.595514228346637801e-03,4.536026092897089620e-03,1.056814011095389902e-03,2.972135150467478202e-03,1.152470482756164745e-03,1.320897650158332466e-03,5.878392330138120479e-03,4.865299787817417218e-03,6.910874354574058492e-03,1.705207018627748466e-03,5.694969355691004674e-03,1.587105643948906897e-03,9.481408756437125808e-04,5.218906104854484406e-04,1.630956283188584113e-02,5.474673249109380038e-03,3.382745626201216251e-03
6.463424844962654126e-01,3.623223114612233835e-03,3.618050388704081334e-03,2.966775863107642269e-03,3.279341133587126023e-03,7.527505590321350920e-05,2.228691375574390690e-04,3.255305341812368778e-03,2.708637094707300880e-04,5.937182193028214990e-03,4.753708620435256708e-04,4.748696431458179247e-03,4.474946413418909828e-03,3.646417442359851935e-02,1.475761167748115008e-03,1.657925230388346619e-03,1.883569218679655415e-03,3.152709638000741280e-04,1.188678485193600011e-03,1.099055769709575631e-03,4.460113920785728839e-03,6.280829314647721866e-03,4.549933481949944292e-03,1.968417081536477631e-04,1.224230590650287123e-03,1.206082897476636008e-04,5.695659682478431893e-04,8.016095670427741959e-03,6.259194712510606981e-03,3.165837183804497135e-03
2.381772884409039948e-01,4.243159454674968502e-03,3.792119197030923740e-03,7.746211551031584319e-03,3.279341133587126023e-03,4.638696861854927988e-05,1.930150609117135254e-03,3.171220529748676985e-03,2.708637094707300880e-04,3.403272186260675874e-03,4.753708620435256708e-04,4.748696431458179247e-03,4.474946413418909828e-03,1.960908304536692660e-04,1.008286779344865934e-03,2.356758690976797077e-03,1.030121614496820256e-02,3.169437971083862728e-04,1.179157624929924337e-03,1.894536130792883084e-03,4.460113920785728839e-03,6.280829314647721866e-03,1.869737496235161908e-03,1.058921418488145173e-03,1.842335288019507356e-02,1.206082897476636008e-04,5.695659682478431893e-04,2.796166949383227518e-03,6.259194712510606981e-03,1.630959858979136052e-03
2.029439771253466751e-01,4.092060941082896301e-03,3.571328060736967454e-03,7.509884799989269798e-03,3.146698888005255122e-03,9.924481295217110332e-05,1.975676485277431732e-04,4.305223130586855948e-03,1.689697734218101994e-04,2.950942926509358619e-03,6.075662458350009325e-04,4.291603529925850334e-03,4.666887880849263093e-03,1.082885805519996636e-03,1.932374352803424436e-05,2.210989159597560004e-03,2.363517048623775454e-03,9.640304420866455549e-04,2.102436586685963761e-03,3.314195264253285735e-04,2.241120287134805607e-03,6.349715752657117754e-03,1.795413640886991524e-03,9.710129719456257009e-05,1.200859687518102646e-03,6.669481378163422125e-03,7.452833276155007135e-04,2.650264581812909054e-02,9.059790349179641655e-03,2.448503999628078975e-03
4.201838447581257574e-01,1.215276309829075967e-04,2.583110100509374701e-03,1.866269366765855794e-03,3.343398376811948861e-03,4.736639844470516092e-05,2.161512388838515188e-03,4.690780972349785187e-03,9.558613902237533908e-04,4.173182701229309968e-03,2.783355445275205106e-04,4.833980937531926966e-03,4.608900800408786969e-03,3.284478049073591508e-03,1.575411119260889227e-03,9.611059952222126591e-04,2.949595347396692310e-03,1.119038736032188473e-03,2.607288388736940890e-04,2.804820902460424502e-03,4.172692332768682816e-03,5.859059034748845089e-03,3.858375868415648679e-03,3.426326208213999799e-04,9.834615409570865614e-04,9.065041638081094717e-04,9.615764247120107966e-04,8.081126430636466698e-03,5.319940068630392600e-03,2.237866177815116611e-03
8.444207922485290618e-01,3.802480459650613587e-03,2.617728760610394268e-03,8.035599900819577826e-03,4.570382091831496404e-04,4.335955277018977913e-03,1.923519957401468921e-03,4.657423935388816695e-03,1.415576987553538932e-03,3.284736386370054780e-03,2.260732758375641363e-04,3.464493376896635342e-04,4.884769571965114771e-03,3.578851896828011241e-03,5.056967113842729400e-03,1.324190104468730804e-03,1.875732368269085980e-03,1.802047082658541017e-03,2.535953678378270520e-04,2.292957867157929212e-03,9.108463905607320707e-04,1.072916304671879886e-03,1.777575992958681413e-03,5.271433404283138932e-03,9.451306312627354156e-03,4.372501512690481532e-04,1.017957304456073306e-03,8.362946237394405791e-03,5.336645901300749416e-03,1.684821979922215395e-03
2.059354431740145763e-01,3.887851513758237669e-03,6.227522492656786986e-04,1.223556612406489661e-03,4.526818358027118964e-04,1.248570187381006173e-05,6.239334316728344966e-03,2.754460115215409503e-03,3.687381534468209699e-04,4.360423456377911580e-03,1.085550531148217110e-04,3.191560620996384927e-04,2.910519092591096549e-03,5.212668914840272710e-04,2.470676454706432004e-04,2.396512110457973445e-03,2.452800646928796329e-03,8.039952398322336652e-04,2.710175701077731890e-04,1.299879323902147603e-03,4.139153690139088689e-03,2.639825417915229924e-03,7.418003787489230345e-03,5.478701192571579226e-03,8.439976200197941633e-04,4.903559218559336470e-03,2.218596813348430036e-03,5.210815673485262936e-03,5.461894096042630570e-03,3.671150834733313481e-03
6.450951549500343329e-01,1.275714170064276413e-04,1.099999670523828417e-02,4.750319680354450971e-04,1.429988311873776896e-04,2.141213347701641776e-04,5.777047638833375520e-03,8.244116593991743062e-04,5.255082381105687485e-04,6.019896432104852174e-03,7.873332343550303036e-03,4.138471429116608903e-03,4.590283988921060182e-03,6.786856222789857708e-05,4.775089093700788170e-03,8.873163523771495677e-04,2.962281695476377211e-03,1.118414204960937195e-03,7.473959675460942241e-04,1.302513820364070013e-03,3.626511664065569691e-03,2.642420923172235717e-02,2.603314293206951575e-03,2.432101776082514107e-03,1.129640173770404214e-03,9.245808238590128448e-04,5.453997158784712300e-03,1.849203040179160304e-02,6.385211145846997685e-04,3.121781957733814252e-03
4.292368947051515837e-01,6.021596285502629070e-03,9.628280001909797102e-04,2.651799042765720042e-03,3.706110286120422800e-03,1.046520174224260021e-03,6.502947512601933364e-03,3.078726226449980240e-03,6.989149666804482779e-04,4.964922498077178545e-03,1.135021913775387248e-02,4.777024088399233620e-03,2.903028209982358963e-03,6.818006864750098504e-04,5.791791756035931035e-03,2.344345481465425970e-03,2.462157092538894924e-03,1.148381331289982611e-03,1.150262369947586006e-03,2.810222218052121738e-03,5.107060758418069737e-03,6.283067249311951978e-03,1.845818946663587735e-03,2.535400102755581975e-04,8.672921421613402930e-04,3.202479131521992345e-03,5.728731931620850704e-03,1.003874236076983568e-04,6.072523507367750921e-03,3.242557016208981284e-03
2.538648477004851745e-01,4.106312842577316061e-03,1.434085436335559571e-03,6.613976555581132892e-03,1.936285922526665565e-05,7.255758232592598132e-04,1.929377529504050330e-03,4.685974833234466536e-03,5.199792826370952092e-04,3.764271593916904829e-03,3.737702320834103724e-04,3.192520183197115912e-04,4.874760069816611377e-03,2.358468074782055343e-04,9.958621641962693474e-04,2.280631771573845158e-03,2.019184731806329767e-03,1.114107573640463721e-03,7.500953430019912781e-04,4.360488486476869242e-04,7.676758887734643280e-04,6.481651490574879063e-03,1.837390737061204548e-03,2.122734582136447806e-04,1.423278095319155769e-04,4.875896520304832862e-04,7.642391514091108340e-04,8.218272343314391229e-03,1.427724401569553658e-04,1.615158093369773069e-03
8.268835322910992325e-01,5.415674923272802491e-05,2.631848894842845656e-03,2.709713495668479230e-03,7.761474235650839748e-05,1.498909469105908811e-02,5.771402418707442979e-03,4.596833687046100389e-03,9.702547241920577055e-04,3.300721069953274026e-03,8.985187867606311829e-03,4.787660551185332625e-04,2.142549318285201249e-03,3.582414186265273515e-03,1.037318067795469072e-03,1.810857799453209280e-03,2.949595347396692310e-03,1.117654565891419921e-03,6.993635724924862976e-04,1.310868147965717993e-03,4.871343501373456841e-03,8.406815561098914501e-04,7.472689936290958200e-03,2.725759627504199117e-04,1.189904204713646734e-04,6.181095571869618666e-03,7.614519695329773508e-04,8.359657885834908403e-03,4.168238845809481806e-04,2.793657312069841494e-03
8.310619810788201223e-01,2.442340069811321963e-03,2.869664782720773681e-03,1.294124685228939574e-03,1.962260943734861187e-05,2.981380317921545047e-04,6.539001734283268752e-03,1.149295123991770024e-03,2.825229624319438226e-04,4.422253052925609329e-03,1.087570603240885139e-04,3.201373418550902575e-04,3.372474927363540431e-04,3.584539935383372622e-02,4.643947348278130126e-03,1.798236279791626865e-03,2.427833962447850918e-03,2.171371739620817239e-04,1.325490043175566336e-03,1.281624632024786110e-03,4.696411528300912727e-04,3.800370490713796384e-03,6.952034588248584557e-03,5.567769632428580182e-03,8.488119085773217654e-04,5.107720522467846386e-04,3.987866149491169510e-04,8.767954356494895782e-03,4.405223714082071897e-04,2.799129463012193716e-03
4.394768920556323399e-01,4.205283273345674852e-03,3.595790188780631936e-03,7.838384055512273921e-03,3.279341133587126023e-03,4.638696861854927988e-05,2.085838422601941737e-03,3.171220529748676985e-03,2.708637094707300880e-04,5.937182193028214990e-03,4.753708620435256708e-04,4.748696431458179247e-03,4.619023228444506246e-03,1.960908304536692660e-04,1.434793817560037861e-03,9.655226391532024943e-04,1.883569218679655415e-03,3.152709638000741280e-04,1.179157624929924337e-03,1.894536130792883084e-03,4.460113920785728839e-03,1.643725559249227183e-03,1.876018344896497343e-03,1.046308696744619382e-03,1.842335288019507356e-02,4.698796169250432989e-03,5.658672113310774833e-04,2.796166949383227518e-03,1.033747977592001065e-04,2.824269945313857919e-03
8.285435992292008445e-01,2.442340069811321963e-03,2.895510077268069124e-03,4.310151393851989129e-03,1.063953554288542090e-04,2.981380317921545047e-04,1.339971256690775103e-03,1.149295123991770024e-03,5.388901315698265250e-04,1.455252750426852147e-03,1.628295189777422057e-04,4.679293596826986437e-03,4.630449841164405514e-03,6.769555614641320496e-06,4.793252246652777646e-03,1.788454868368405263e-03,2.427833962447850918e-03,2.135850224552387003e-04,1.965337815407924610e-04,1.106796170118876403e-03,8.700457279727197984e-03,4.646262349601834422e-03,8.459011020673992687e-04,5.567769632428580182e-03,1.112497198705781698e-03,4.421740158657753127e-04,3.987866149491169510e-04,8.913888526648809651e-03,5.479470035154989337e-03,2.802365296601187859e-03
7.528264659122713143e-02,3.830770992448304796e-03,7.645691498097640856e-04,1.220896968639130671e-03,4.526818358027118964e-04,2.849728010040859035e-04,3.096605467372507553e-05,2.759260705517256086e-03,2.790419992418143470e-04,4.347056168815643072e-03,1.085550531148217110e-04,3.191560620996384927e-04,2.998187746823878161e-03,2.550793935092408871e-04,2.079814046037210644e-04,2.380272943769034828e-03,2.475569730206315933e-03,1.259474715163573771e-04,3.651741970731839544e-05,1.754730607158646195e-03,4.912268405517233524e-03,9.064271845355530849e-04,1.516507781032327843e-03,5.925131344840506992e-03,8.439976200197941633e-04,1.081666818906516607e-03,8.446913929948502656e-04,8.269194879569983364e-03,3.634103739606322006e-04,3.412792554608204409e-03
4.182496028633515550e-01,5.245865310622865483e-04,3.739815015664230829e-03,2.868591624184890602e-03,3.427410575459778879e-03,3.399649417872755255e-05,1.937378750762840584e-03,6.838243246723055974e-03,3.079658174571587095e-05,6.129594075860047772e-03,8.310099148146194575e-03,2.247739086740858428e-05,5.238876949729730573e-03,4.632730078346386504e-03,5.712946303051382596e-03,8.792566385614254427e-04,2.021964621590391798e-03,1.084060330460888226e-03,7.499954977931191620e-04,4.594152962874796498e-04,6.223543096376551271e-04,1.360813032423396430e-03,7.028358706454306687e-03,1.862077495584547480e-04,4.266591070411010489e-04,1.247575458794736476e-03,1.700040415462894874e-04,8.177429409071752114e-03,1.566454264439363312e-04,2.137905033187417064e-03
6.267032144260443749e-01,3.800450022132264259e-03,1.909892369437636572e-03,2.634184395020835838e-03,3.234063620538630592e-04,2.616949749553374154e-04,3.840032556301691078e-04,4.814885873647421419e-03,5.587573793622626359e-04,3.757473812433855323e-03,3.860954374047607224e-04,3.038616060525059200e-04,4.802573458656457517e-03,4.536718453237507769e-03,2.944308167978427256e-04,8.393096995166367778e-04,2.460850160352820969e-03,1.129443159202611537e-03,2.527048094818453491e-04,5.476289108044610221e-04,2.633702218709383421e-03,5.902183290511052796e-03,1.777095593602931803e-03,3.447500932409288538e-02,1.453968815509827997e-03,4.382151289934946964e-04,3.225058700263688013e-03,8.340535273683084491e-03,5.461396887430109738e-03,2.798780378287008767e-03
6.335418297209305383e-01,3.783933247175399247e-03,2.338547815215148273e-03,2.634184395020835838e-03,1.130879346656306957e-03,2.616949749553374154e-04,4.082906949928747286e-04,5.047153475511364194e-03,1.218870898439120129e-03,3.762880961147337198e-03,3.743539114015707620e-04,3.881758865861709498e-04,4.802573458656457517e-03,4.536718453237507769e-03,2.944308167978427256e-04,8.393096995166367778e-04,2.015523000739006046e-03,1.129588782348833450e-03,2.550675732732946011e-04,2.758076018201533744e-04,4.180029906580076671e-03,5.892361550757955341e-03,3.865040250184177337e-03,3.436447139014410512e-02,1.453941585955718018e-03,4.384742161286943720e-04,5.184956051373978752e-04,8.341365478685013393e-03,5.822594475415065335e-03,2.823114279838491187e-03
2.196252508089033273e-01,3.784118979460159189e-03,1.950101467255143089e-03,1.158495225270072832e-03,3.394049021144826886e-04,4.593235772454359737e-05,1.569500386861954078e-04,4.811034851955334896e-03,1.234003127104128881e-03,1.357380503698527811e-03,6.081411461616918843e-04,4.209445141944220294e-03,2.316827289981398304e-03,3.767349478172658719e-03,2.017529060640429854e-03,1.821504753821134035e-03,2.479634130835307957e-03,1.123396075556736462e-03,2.526714564667067661e-04,2.727006263320651660e-04,2.603579694438950751e-03,4.067305593378317194e-03,3.800243690948563145e-03,2.853423092571269123e-03,1.528476321503053313e-03,6.899932056342692344e-04,3.416285616015186585e-03,8.161528996488722626e-03,2.628948464459706681e-04,2.801063250901938886e-03
8.369515197766083103e-01,3.790641734317229828e-03,6.384452184812165754e-02,2.709713495668479230e-03,7.811713778309981428e-05,1.495512857591677243e-02,5.723548576915417525e-03,4.594434458190327364e-03,2.956602202751857852e-04,4.402736397925167619e-03,8.985187867606311829e-03,2.564880840338302700e-04,2.123367667362101915e-03,3.582414186265273515e-03,1.141419144370537514e-04,2.447234398695751715e-03,2.474718102538536572e-03,1.085412341380319638e-03,5.390588737953495163e-03,1.305028212657281719e-03,4.871343501373456841e-03,1.055848868596778994e-03,7.404123740310959538e-03,5.512062791466517189e-03,1.251154032673258394e-03,6.181095571869618666e-03,5.202977523636128938e-04,8.096250206300947827e-03,4.207675427446408477e-04,2.793657312069841494e-03
2.057054340609444087e-01,4.120437879193022436e-03,1.021750981557251713e-02,6.613976555581132892e-03,5.438048031339299659e-04,3.593911982997560935e-05,1.929377529504050330e-03,4.682839055485259888e-03,6.426030414839553227e-04,3.853281344711187613e-03,1.211804924054412117e-04,3.167755558637274857e-04,4.786438477601890826e-03,5.139340852546862154e-03,9.323841014049611114e-04,8.829432975877547513e-04,2.018834106324259026e-03,1.741158369873898031e-03,1.137581227039086672e-03,4.512746356349879931e-04,2.785962231590215221e-04,6.481651490574879063e-03,1.834200275156916155e-03,2.122734582136447806e-04,1.132027994015260587e-04,3.110667869104981678e-03,3.661656119644992593e-04,8.334853687657576421e-03,1.150024937487940013e-04,2.491919374212395871e-03
2.382180611364836109e-01,4.245795572788904973e-03,3.595790188780631936e-03,7.715537566401733417e-03,3.215201759803608048e-03,4.638696861854927988e-05,3.712831755478527597e-04,5.030082084217611139e-03,2.708637094707300880e-04,5.937182193028214990e-03,4.753708620435256708e-04,4.984001904652445025e-03,4.810232560320308604e-03,1.960908304536692660e-04,1.475761167748115008e-03,2.356758690976797077e-03,1.883365604365851110e-03,3.152709638000741280e-04,2.536964285899449248e-04,1.894536130792883084e-03,4.149431859353871349e-03,6.280829314647721866e-03,1.876018344896497343e-03,1.046308696744619382e-03,1.441623282731643169e-03,1.206082897476636008e-04,5.700041588194105710e-04,2.796166949383227518e-03,5.835985544524135982e-03,3.245948813328239629e-03
8.336083288602997854e-01,3.798692053805403489e-03,1.019866230402789037e-02,4.340282154377509902e-03,1.866578868476166230e-05,1.734376924356479527e-03,2.593596373150505816e-04,4.850492944127823315e-03,5.333344383136595646e-04,3.262676679613086238e-03,1.603947943288431622e-04,3.470262345017555324e-04,5.148445964942380965e-03,4.641338347360073058e-03,4.615658846244196159e-03,2.280487272747429121e-03,2.437619112350030998e-03,1.136380800298796186e-03,1.965337815407924610e-04,1.285227561923320922e-03,2.538892093182205933e-03,4.064420745749764904e-03,8.459011020673992687e-04,5.567769632428580182e-03,1.530508676118417632e-03,4.417630553548140132e-04,5.493703453953676687e-04,8.267687603454854789e-03,5.456668461021407270e-03,1.935126916201611660e-03
2.241301494609576894e-01,3.513979175812657375e-03,1.803271206385723135e-03,4.349842297469139196e-03,2.187350509647413913e-05,1.046363032795331795e-03,2.105965864662494389e-03,6.859562449148112404e-03,9.335346948761071451e-04,1.596448024545359112e-03,8.745150942609565201e-03,6.037835171333175480e-05,2.838820657231469046e-03,3.624156943730476484e-03,1.461568141661203062e-03,1.243828810681971197e-03,2.098459277805946651e-03,1.658077193666226273e-03,1.270323075653396593e-03,3.440293187077586795e-04,2.755418962386548855e-03,1.226245015362609344e-03,6.975507423404730262e-03,3.012279056437100304e-04,1.219969059404070206e-03,4.388104621405767647e-04,9.488613554183374012e-04,8.030884975018413516e-03,2.255025612407252425e-03,1.532299836329264076e-03
4.390457039681658347e-01,2.484650796860843509e-04,5.772493889261726824e-04,1.159220985691316198e-03,1.051517818196493680e-04,4.629894760468021250e-05,2.095824885591761420e-03,3.754946573383382332e-03,5.400920635760895344e-04,2.404050533731959260e-03,6.144769979388257355e-04,4.969792254504295029e-03,4.614240093277100808e-03,4.245455411985329074e-03,1.394824390109871944e-03,1.019704204998404069e-03,1.930643290030780975e-03,1.059863545715610368e-03,1.148679053901930334e-03,1.835236863543221377e-03,4.176671156571550719e-03,1.588898942190199171e-03,1.824300630675522710e-03,2.329742372087661561e-03,1.592751126384356342e-02,4.462646061844838946e-03,9.118998919594163526e-04,7.407317798370356005e-03,3.508030986678019108e-04,2.828658765172274454e-03
8.401461240588052881e-01,2.442340069811321963e-03,1.091561453969800560e-02,2.554472441752057149e-03,1.962260943734861187e-05,2.359226377384095890e-04,5.841291421053759758e-03,1.145173162405440639e-03,3.105365940541282566e-03,4.339360940273774211e-03,1.708341631549216725e-04,3.899101200972161741e-04,2.978289276928244075e-03,3.571199724389192975e-02,4.736108952327826999e-03,2.349075160468313932e-03,2.475676652201282135e-03,2.106156248177825437e-04,3.880040539312947401e-05,1.304890503518854605e-03,5.631025364867660397e-04,3.800370490713796384e-03,4.114645006353486421e-03,5.928821622763353824e-03,1.142617438820764733e-03,1.075611729202700581e-03,4.026170603011599777e-04,8.182121619403903701e-03,2.970549055650562563e-03,2.799129463012193716e-03
1.432131138845896268e-03,4.171948834211815053e-03,3.572913461282040386e-03,3.190492039177098699e-03,6.791000752935463271e-04,1.071946175617920433e-03,1.660524766964582150e-04,6.513310970148802025e-03,1.604473458949463968e-04,2.574037227196470344e-03,4.765575901565129169e-04,4.654197219599837121e-03,2.972606778627118109e-03,4.476044758264649190e-03,5.704513725707190119e-03,8.801905812362848924e-04,1.854148843839288933e-03,1.026699091008433703e-03,1.179203585526610899e-03,1.114732802048174192e-03,4.441474637230769830e-03,1.302659306252924344e-03,4.516398890611145189e-03,1.285718773202014931e-03,1.540248378900253325e-02,6.245074264168088210e-04,1.351026039958461850e-04,8.437888392318595304e-03,8.489989814443365049e-05,3.122884738707009875e-03
1.394686227506625187e-02,8.492340586288592893e-04,6.683340335833284213e-04,4.264165230047981849e-03,9.963777786130006574e-05,7.509600757059317101e-04,3.644818162261868411e-04,9.870234934222840012e-03,6.748122764189686635e-04,2.563307201839707186e-03,7.661669976492491325e-03,3.645262536017142806e-04,4.754262864572760157e-03,4.425898226468690314e-03,5.952890656578690466e-03,2.379132896101707976e-03,2.991409348154180393e-03,1.109139042525906929e-03,1.193394704767300691e-03,1.369243599547823953e-03,5.060172802182349126e-03,3.609709420886567793e-03,1.683696527364647545e-03,1.279644894436554690e-03,1.469771197066664994e-03,1.966190531063946763e-03,9.094310717935763337e-04,7.382502924330148000e-03,2.928290511361240737e-04,2.878906504930800817e-03
8.261618789157745280e-01,9.396180312797470504e-05,1.023411098985956003e-02,5.997613039737306924e-03,9.355247957112415927e-03,1.037301733925230724e-03,2.065820724467052651e-03,6.791702142210454072e-04,5.630977196766038259e-04,1.750610139361382517e-02,4.746073379005787650e-04,1.326892448240170330e-04,5.499218655190144488e-03,3.388191222380420534e-03,4.642011063225780221e-03,2.357535914721724159e-03,3.010076409194943538e-03,5.632254192804724176e-04,2.027963070714318547e-04,2.476412049443674906e-02,4.245573476223233472e-03,6.110783306222338992e-03,7.305246731190622421e-03,2.329742372087661561e-03,4.526604986320677845e-04,4.810766740731556995e-03,7.796783599969363526e-04,2.772254362539334095e-03,8.936295143967395646e-05,2.109652282387486713e-03
1.002393975137015614e-02,4.218854846270967546e-03,1.023411098985956003e-02,4.338730384840348668e-03,6.540331803452145015e-04,1.037301733925230724e-03,2.092731052909671454e-03,1.648066524467814995e-03,5.608303619696595500e-04,2.408887720992096068e-03,4.272810541445992358e-04,3.778469429946513733e-04,5.091633041037867471e-03,3.384147633333083570e-03,4.642011063225780221e-03,2.337917284759936671e-03,3.010076409194943538e-03,5.632254192804724176e-04,2.009196317186626559e-04,1.376703168767478896e-03,4.477734059443440329e-03,6.199763577707437072e-03,7.289361158104236578e-03,2.329742372087661561e-03,5.301489320324435537e-04,4.624601970314842249e-03,7.851817024026009565e-04,2.699346053554813399e-03,8.936295143967395646e-05,3.122498657739146161e-03
3.295372717965346088e-02,4.105168783583301728e-03,1.020573794360241787e-02,6.613976555581132892e-03,5.516067775555133067e-04,5.797067187917796056e-05,1.948226940986528231e-03,4.682839055485259888e-03,6.455210424205029031e-04,3.458842094347712968e-03,1.421223908803115766e-04,3.167755558637274857e-04,4.803356756098972440e-03,2.358468074782055343e-04,9.323841014049611114e-04,8.829432975877547513e-04,2.005025583600435462e-03,1.103975264340592696e-03,1.137581227039086672e-03,3.229358829349964345e-04,3.817568584811731076e-04,6.481651490574879063e-03,1.795413640886991524e-03,1.289693796053925645e-03,9.994219503146873056e-05,1.232737572763855901e-03,5.382013398723376092e-04,8.344034969917264732e-03,1.150024937487940013e-04,2.501039928236778714e-03
1.104802717313668747e-03,4.240674047448149409e-03,2.333988804331137146e-02,7.714782532862915140e-03,3.311710788925903599e-03,4.580954910611004986e-05,1.952251434067390871e-03,3.162862972916561342e-03,2.575695027336553510e-04,3.404579074473044076e-03,4.781151049720798961e-04,4.748696431458179247e-03,4.475643502113192673e-03,1.049639643106378695e-05,1.008209208018004659e-03,2.356943527171656387e-03,2.060141689473484958e-03,1.145288193121370840e-03,7.486116468662714230e-05,1.700072887297543987e-03,4.461919814693607669e-03,5.892506208143742305e-03,1.870372098893514825e-03,1.058921418488145173e-03,1.842335288019507356e-02,1.194427947734407846e-04,5.085647083233489543e-04,8.035217777302466197e-03,5.795336551379949401e-03,1.630959858979136052e-03
2.281434846233088287e-01,4.240674047448149409e-03,9.885751365862048903e-03,4.553840507002846795e-03,1.470291740779093321e-04,1.798580610164678909e-05,2.484488884904950071e-04,4.720523785918344199e-03,5.320964447785477827e-04,3.403272186260675874e-03,4.753708620435256708e-04,4.750952482595093354e-03,5.173712652805580008e-03,2.950165515690269386e-04,1.008286779344865934e-03,2.356758690976797077e-03,2.057577857324150578e-03,1.145288193121370840e-03,1.187073151677866742e-03,5.456550900015858614e-04,4.460113920785728839e-03,5.892506208143742305e-03,1.870372098893514825e-03,1.058921418488145173e-03,1.842335288019507356e-02,4.557603187462332247e-04,5.196302001514171249e-04,8.035217777302466197e-03,5.795336551379949401e-03,1.630959858979136052e-03
2.061484824321618003e-01,4.120437879193022436e-03,1.021750981557251713e-02,6.613976555581132892e-03,5.438048031339299659e-04,3.593911982997560935e-05,2.159093545110743820e-04,3.021122917352406928e-03,5.357429495086884390e-04,3.853281344711187613e-03,7.893474768161691524e-03,3.167755558637274857e-04,4.785479769656082391e-03,5.139340852546862154e-03,9.323841014049611114e-04,8.829432975877547513e-04,2.826122401133156995e-03,1.131908001639464652e-03,1.137581227039086672e-03,8.250852240909737831e-04,2.785962231590215221e-04,6.481651490574879063e-03,1.834200275156916155e-03,2.122734582136447806e-04,1.062926590643033676e-04,3.110667869104981678e-03,3.661656119644992593e-04,8.334853687657576421e-03,1.150024937487940013e-04,2.491919374212395871e-03
4.302817604705865273e-01,5.643064350412878120e-05,1.023411098985956003e-02,4.462683460178340153e-03,1.130907533888076549e-03,1.037301733925230724e-03,3.862354694994225932e-05,5.025275608201755506e-03,1.099844946712402044e-05,2.390164516252826256e-03,1.239859877271486468e-04,1.334752824229666916e-04,4.786678453698374816e-03,4.580467250432360138e-03,3.886670082434854137e-04,2.266245465963504391e-03,2.018791416450355352e-03,1.042755420816758420e-03,1.545735147429766216e-04,4.605138749727963245e-04,4.245573476223233472e-03,6.476623319317160316e-03,2.149056420260623494e-03,2.372473208211825328e-03,3.791622641723989078e-04,4.480124566632884969e-03,7.810590107242582503e-04,5.909281697462182362e-03,2.007250829011760634e-04,2.460595962169591713e-03
4.234645768082013206e-01,5.643064350412878120e-05,4.183240574242783061e-04,7.876132087508152732e-03,1.130907533888076549e-03,1.030932678473836170e-03,3.259497334208407348e-04,5.030379876000067377e-03,5.093215539787852332e-04,2.397753721640557504e-03,1.743693902298308271e-04,1.334752824229666916e-04,4.800527119512809117e-03,3.770334602248542454e-03,3.997922261912168493e-04,2.357535914721724159e-03,2.015546191201519899e-03,3.856520995910395710e-04,1.859593305254318664e-04,4.605138749727963245e-04,4.258913821043417737e-03,5.955933673719180331e-03,2.770062137399913714e-03,2.329742372087661561e-03,4.477520703254067851e-04,6.449548250049358215e-03,8.475397248796385369e-04,8.106506415894828427e-03,2.007250829011760634e-04,2.772440196689426178e-03
6.298415303149177413e-01,3.784118979460159189e-03,6.911074730781242501e-04,2.638941249457880684e-03,1.449426571838650620e-04,2.288745609822591311e-04,5.193340974385937453e-04,5.020968552490359671e-03,1.216134710583670689e-03,1.362787656086091124e-03,1.487595926032794259e-04,4.285006820955704517e-03,2.316827289981398304e-03,3.780125218062344288e-03,2.017529060640429854e-03,1.804550510547813045e-03,2.034306971221492601e-03,1.124884972989652647e-03,3.392285420225513159e-02,2.365545588099973381e-04,4.144169316263124694e-03,4.073778123101109289e-03,3.841250642357435085e-03,2.845397233709722959e-03,1.528476321503053313e-03,4.700489528885135743e-04,6.394379688609345925e-04,8.145076297807177582e-03,4.516163517116538080e-03,1.296567079556961702e-03
8.305756463577984583e-01,3.926082952689794250e-03,3.786903666535085256e-03,5.859756011223959948e-03,4.987740935711845519e-04,1.043459702334398375e-03,2.090242597606470788e-03,6.766323509139747158e-03,2.334087265242333511e-04,2.806963427777509155e-03,3.485686330669037500e-04,4.654229660128750452e-03,5.093515904797637703e-03,8.019624952860268489e-05,9.272437712993106739e-04,1.827914462760839341e-03,2.981499693472064796e-03,3.295262279845488445e-04,1.178547471649312329e-03,8.483977563030502180e-04,5.125535989289443407e-03,6.206915629586272354e-03,4.785487427457560394e-03,1.297988780844349169e-03,5.419479944757282005e-04,2.117294513174668158e-03,4.334648778736332336e-03,1.923819144051592406e-02,2.171077454400271653e-02,3.122884738707009875e-03
8.274489660539778857e-01,3.664764904955119564e-05,2.604921996953100428e-03,7.844929963522345728e-03,4.585865713104750330e-03,2.900652278807563066e-04,5.823838893909185840e-03,7.031805924336172187e-05,1.380466637089892458e-03,3.300903546337478293e-03,1.640383038356530115e-04,3.355216630696652297e-04,5.128652442007048187e-03,3.603477467728138667e-03,4.878111441564674661e-03,1.004941028339546502e-03,2.479706634280720752e-03,8.038016356678207193e-04,1.266671708075606424e-03,2.994123254746072771e-03,4.884769276885560230e-03,1.050553751246441868e-03,7.418003787489230345e-03,2.147576264443544318e-03,1.271344401985073473e-03,9.344194207916577295e-04,8.867697157990489520e-03,1.904209275831570194e-02,3.878854698104641633e-04,2.768009338479852748e-03
2.267278206326245327e-01,4.089200141500643100e-03,6.251279953337685914e-04,7.715537566401733417e-03,3.285940064466432407e-03,7.692789323267851948e-04,2.101916280316104210e-03,8.902217314069320493e-05,8.989020516851509851e-04,2.462096979464849060e-03,4.719290038878057141e-04,3.670266008415270370e-05,4.727639188150770631e-03,6.479199174822098360e-04,4.719310520636919859e-03,2.356994010222082572e-03,2.487832549590384204e-03,3.468712015647892801e-04,4.438690191579193391e-05,2.877713967166844501e-03,2.575697388303038651e-03,6.278254697565055671e-03,1.834798925667043348e-03,1.085491673066735002e-03,1.794051571314124460e-02,5.448363511308969677e-04,5.695659682478431893e-04,1.853908519140782737e-02,6.259194712510606981e-03,3.245329713437305249e-03
6.473864444529217055e-01,3.784269410607032577e-03,1.221897229523940739e-02,4.015896906657379084e-03,3.282651276448363803e-04,1.051222500462443065e-03,2.191776789317676638e-04,4.821341183753159211e-03,9.741811022949442870e-04,2.926428549916667773e-03,1.605011183991094325e-04,4.350190784905688494e-03,2.134435648989325886e-03,4.565767796342268259e-03,4.970866986749903141e-03,1.830320085828900925e-03,2.440911704388262597e-03,6.778176163433992157e-04,2.460585627937552375e-04,1.060877964875980330e-04,4.168035963069379943e-03,4.074529822871730302e-03,3.858956779251016336e-03,2.879931056305197988e-03,1.450725294424932716e-03,4.700489528885135743e-04,5.269347883563799129e-04,8.144246092805246945e-03,5.457592907494625278e-03,2.802126448189936822e-03
1.955286578217973747e-01,3.800299590985390871e-03,1.047290339417939267e-02,5.959562300463218387e-03,4.821797031897645611e-05,7.641557130652100460e-04,2.026338900645741504e-04,3.230414361744984690e-03,5.444195925428697846e-04,5.818383647541229726e-03,2.060801692493879748e-04,6.481970263947285128e-04,2.974969798601342225e-03,3.577350074236144983e-03,5.955456809327080644e-04,2.275977725793740421e-03,1.895168100029299540e-03,3.563086348087137921e-04,1.177499877666271944e-03,6.139418157934771816e-03,2.576753598128584191e-03,3.789626061506299985e-03,1.778525415019523940e-03,2.351740380381711105e-03,1.535120663314796813e-03,4.846782400844836490e-04,3.336348114935137193e-03,8.230236992575263449e-03,6.277092689657455885e-03,3.828279549789284815e-03
8.305123168143764278e-01,2.424569351466548256e-03,3.802845459155740349e-03,4.227554012472766430e-03,1.962260943734861187e-05,4.838753471630204833e-06,5.841291421053759758e-03,4.811327677308930954e-03,3.105365940541282566e-03,4.347213292592945477e-03,3.457516527416917970e-04,2.495467233997752075e-04,1.766591389823841257e-03,5.604996588236297456e-03,9.917608927429695607e-04,1.355110762546088855e-03,2.487623662343408423e-03,2.146325030711917353e-02,3.812670905600222028e-05,1.310213101101081242e-03,4.157502739546833914e-03,3.817061297637213552e-03,4.785892252518060205e-03,5.564560976055576286e-03,1.245866671512212360e-03,1.069206533694030004e-03,8.582038036049895874e-03,2.278129704028126340e-02,2.676277805659805706e-03,3.119569188682548306e-03
8.470742527818413414e-01,3.917402786650685947e-03,5.772493889261726824e-04,1.114329025572441140e-03,1.051517818196493680e-04,9.952710424379531545e-05,2.095824885591761420e-03,3.740689523474334359e-03,1.423906270753781548e-03,2.322491005853252657e-03,6.141867307159739123e-04,1.262611877070910979e-04,4.648669077843095056e-03,4.715808996141603385e-03,5.003249781217553732e-03,1.019704204998404069e-03,2.963344089187800508e-03,1.059863545715610368e-03,1.136516304788648055e-03,2.854247349741085779e-03,9.807636858182927284e-04,1.588898942190199171e-03,2.448974493655778177e-03,5.505564248763708535e-03,9.048158844951706414e-03,4.415543777670134090e-03,1.021732013045762409e-03,1.843557090551733654e-02,4.086808670865299878e-04,3.782844807824630590e-03
6.482390677118865518e-02,3.832685291445267397e-03,7.179033350391455029e-04,1.220896968639130671e-03,4.548757160105443287e-02,2.851571390528894498e-04,1.631184051547689660e-04,2.762791220013436841e-03,1.233199530967264007e-03,4.347056168815643072e-03,1.085550531148217110e-04,3.191560620996384927e-04,2.998187746823878161e-03,2.550793935092408871e-04,3.109083969006493217e-04,1.829462376152626423e-03,2.479588443755437795e-03,1.259474715163573771e-04,3.651741970731839544e-05,2.744891592544764078e-04,4.925840983589862242e-03,9.064271845355530849e-04,3.786580927651063931e-03,2.854441279413224425e-03,8.439976200197941633e-04,1.081666818906516607e-03,8.446913929948502656e-04,8.269194879569983364e-03,3.634103739606322006e-04,3.412792554608204409e-03
3.951706328568665993e-02,9.355736032229690618e-04,2.595862633240156488e-03,8.035599900819577826e-03,2.011462297036019798e-04,4.145264090845157418e-04,2.251095231222952943e-04,4.668209708488221636e-03,1.478366533284804609e-03,3.290259571638067416e-03,5.418674732118940619e-04,3.879828615478434699e-04,2.896935556929158828e-03,3.582729164925932495e-03,1.922240842696655268e-04,8.920642909900446983e-04,2.989370872313589292e-03,7.917700323737814072e-04,1.111604520022450209e-03,1.277019249874907121e-03,9.372692581697626008e-04,5.925603655424129673e-03,1.778117560715553915e-03,5.349328343216216280e-03,1.147518530492884579e-03,1.259178342153085932e-03,5.219463313781657048e-04,2.008315185049270105e-02,2.674919346724690647e-05,1.663153022671207907e-03
4.270935287170440908e-02,3.926082952689794250e-03,3.529641730346446543e-03,3.983748419592084665e-03,4.987740935711845519e-04,3.647027844736209969e-05,4.285556782200323871e-05,6.766323509139747158e-03,2.292311902058130884e-03,2.758227282016204908e-03,5.208523097506985401e-04,4.647309887299993537e-03,5.093515904797637703e-03,4.367070208733240567e-03,9.272437712993106739e-04,1.870808582658436536e-03,1.854148843839288933e-03,3.295262279845488445e-04,1.179216644182751487e-03,8.483977563030502180e-04,4.126660829648573676e-03,4.724763891234867036e-03,2.529919915227380259e-03,1.297988780844349169e-03,5.307186350179390671e-04,6.245074264168088210e-04,5.393486793572495330e-04,1.923154625765813308e-02,1.194555270930674085e-04,3.122884738707009875e-03
8.373398352478176321e-01,2.679441789770154944e-04,1.055441737375425321e-02,2.641636034824384419e-03,1.350568193259050163e-04,2.581625925249245645e-04,1.973160789803857576e-03,5.027797799219087260e-03,1.536024418999825270e-03,3.292494343934446871e-03,3.726127131375989165e-04,2.221414193092166069e-05,2.151738707279501721e-03,4.319135000953666821e-03,5.736794576994204073e-03,8.542646100682751726e-04,2.027400291647113093e-03,8.145231269653615581e-04,2.447546044093227430e-06,4.056151761485820607e-04,6.176612181345432322e-04,9.586554058612787102e-04,7.313413315243617180e-03,5.291937988816542565e-05,1.268922794939158355e-03,6.390163291610023374e-03,2.543617221556144278e-04,1.640971337555289372e-02,1.083286978319889220e-03,2.094850197276506860e-03
4.242391228349341459e-01,4.103578214498641158e-03,6.903160254845203733e-04,2.618647327478565087e-03,3.345038918796674424e-03,7.550054650459038031e-06,2.190036619880561183e-03,4.981483732542224888e-03,5.351771836584356436e-04,3.397776736471158718e-03,3.897162883016742213e-04,3.167755558637274857e-04,4.909437298502404221e-03,1.186061787133950440e-04,1.532209611898975588e-03,2.318028896054590959e-03,2.356392182656803867e-03,1.154548988829681797e-03,1.137499341562981390e-03,4.650069124662181566e-04,5.103745646450510987e-03,1.089285617557381267e-03,1.838809996518599903e-03,5.372850679814493088e-03,3.610919597317810426e-06,6.032861788043378422e-04,7.609654651602814441e-04,1.921588346281013354e-02,1.154035784366653664e-04,3.236210083681806491e-03
1.942370980608624786e-01,3.784118979460159189e-03,2.878174848599960537e-03,2.630005578559106369e-03,8.082955573716378832e-05,2.265361325442984001e-04,1.491516803929361743e-04,5.041420642529211710e-03,1.216134710583670689e-03,1.354344105012101826e-03,1.479912983805641393e-04,4.285006820955704517e-03,2.326636402576586632e-03,5.025524403214128716e-03,2.235233769110785140e-04,1.323958997510687194e-03,2.034306971221492601e-03,4.558410753603046005e-04,1.041165524091405836e-03,2.727006263320651660e-04,4.299612712695534932e-03,4.067305593378317194e-03,3.800243690948563145e-03,2.853423092571269123e-03,5.680029565342481447e-04,4.700489528885135743e-04,6.333819460193901296e-04,1.766053627173799767e-02,7.450693159788419895e-03,3.152782762225780563e-03
2.157432216467355668e-01,3.709807504474047467e-03,6.818725062764492912e-04,6.944168803323757903e-04,1.075244085347029296e-04,7.964036293873878541e-06,2.096153230162847454e-03,2.443608002114140785e-03,5.645694451038255502e-04,2.399154894239124720e-03,3.893711700900682332e-05,4.684435190363407902e-04,2.838820657231469046e-03,4.689320058564119126e-03,1.581658547818577502e-03,1.044339955861206624e-03,2.056699567264831836e-03,1.143746967152985475e-03,2.751152583620296711e-04,8.463023091270971323e-04,5.119786158136551898e-03,1.229182497380262515e-03,2.247769655745166656e-03,5.326159928205283049e-03,5.031502738257194289e-04,4.388104621405767647e-04,5.245315978845970385e-04,1.903909475711790256e-02,3.152426886453103469e-04,1.541138797289131257e-03
6.482146596387458048e-01,3.079781263865219464e-05,1.024919141362110563e-02,2.640516553742565560e-03,1.519875190095456208e-04,1.082216514977326401e-04,2.046143379355424511e-03,4.697799511717806915e-03,2.790419992418143470e-04,3.245952693903594605e-03,5.497865308193137677e-04,3.355216630696652297e-04,5.128652442007048187e-03,3.603477467728138667e-03,7.671352948295209924e-04,1.004941028339546502e-03,2.474609017346199140e-03,1.100230302593714193e-03,1.292102588429678081e-03,1.310925549002637516e-03,4.859299185507523489e-03,1.024285946090100572e-03,7.418003787489230345e-03,3.273303062900417490e-04,1.455194909128575088e-03,1.176852771030338033e-03,3.331621639083622174e-04,1.640545775467538298e-02,3.868996727682165807e-04,1.556341802900389334e-03
4.162241766214362926e-01,3.949280787295948378e-03,1.081155319987504165e-02,1.583511650668556047e-03,3.610178732644418569e-03,1.276256811436540654e-04,2.200625513588716584e-03,3.060883779996315720e-03,6.676077998269721973e-04,3.445324618429380665e-03,2.436064304893728258e-04,5.115406897815812440e-04,4.752566645978196884e-03,4.557204891580077591e-03,1.580019843979951245e-03,8.854649136371290372e-04,1.993139276460395050e-03,3.297862393241698465e-04,2.746475723597676419e-04,8.831264001558313502e-04,5.062503864594592416e-03,6.852118017301112723e-03,7.980998502949854939e-03,3.715538586746662542e-03,7.930222306299931825e-04,1.618740067760149511e-03,1.153733144949635947e-03,1.763717896053038428e-02,2.481355472396325375e-04,1.676188322743785153e-03
4.436350413151540772e-01,7.856876721188352794e-04,4.186231853246019305e-03,1.332021139415859572e-03,3.277542805523073633e-03,7.774984764177337703e-04,2.074863952178787347e-03,4.764111972615748050e-03,2.713250569443654506e-04,4.926980191132407719e-03,7.667039745634138259e-02,4.750557920401630649e-03,4.676167941777534601e-03,2.327974332920388321e-04,1.455150757746951230e-03,2.376307306697128443e-03,2.456860086501399740e-03,1.090724687074927498e-03,1.266498258769835437e-03,4.206145714103434047e-03,6.129215541826086525e-04,3.963273499732498234e-03,2.849254591539708992e-03,6.557583819549575414e-03,1.243131258583186514e-03,2.039143195845104120e-04,1.283220082571655957e-03,2.856356347648775218e-03,6.065275704047114191e-03,2.815365233071303371e-03
4.100594111236528505e-01,8.504752404229652327e-05,5.772493889261726824e-04,1.159220985691316198e-03,8.325385820748292713e-05,3.638303211260630963e-05,2.103760078582992635e-03,2.987316632964433748e-03,5.399829229430673982e-04,3.379779981062924765e-03,9.473436623392006428e-03,5.598274459479141672e-05,4.913030208401465877e-03,4.107719200657214929e-03,4.674351265166049041e-03,1.911409573093376339e-03,2.955456878186173055e-03,1.059863545715610368e-03,1.148204600653646070e-03,2.818414699917182794e-03,4.176671156571550719e-03,1.556348057035580618e-03,2.457297259232915729e-03,4.414041201739360735e-04,1.051407337738660686e-03,4.462646061844838946e-03,9.217513322298966473e-04,7.985399017793428852e-03,1.676036251813835514e-04,3.208005658492041161e-03
6.263600325748730491e-01,3.664764904955119564e-05,8.335431368358748368e-04,2.640516553742565560e-03,1.521549598159768811e-04,2.900652278807563066e-04,5.823838893909185840e-03,4.697732050829806112e-03,2.790419992418143470e-04,3.292703354628996430e-03,2.263565847238706535e-04,4.183696434150560757e-04,3.032472961096569115e-03,2.405355550641685106e-04,4.878111441564674661e-03,9.524342936007413165e-04,2.479706634280720752e-03,1.090776290624625392e-03,1.292102588429678081e-03,5.730355941865508673e-03,4.859299185507523489e-03,3.734411085564426185e-03,7.186714672977622710e-03,5.658298437982441087e-03,1.269103106939836051e-03,9.344194207916577295e-04,3.231083076503931816e-04,8.640257569176001615e-03,2.442767034815541277e-04,3.831965632135616966e-03
6.324331340907651811e-01,9.355736032229690618e-04,2.595862633240156488e-03,1.479055273445719146e-03,1.216206874603471301e-04,4.287623077792825955e-04,2.251095231222952943e-04,4.668209708488221636e-03,1.408825106896069304e-03,3.290259571638067416e-03,2.260732758375641363e-04,5.179973256873512955e-03,4.884769571965114771e-03,3.582865657914376806e-03,9.493762613644609293e-06,8.248314915302781131e-04,2.440468996765072281e-03,7.917700323737814072e-04,1.104953989308720330e-03,5.625236881130058278e-03,9.108463905607320707e-04,5.925603655424129673e-03,8.779200262615568639e-04,5.349328343216216280e-03,1.750944493474759257e-03,1.262736102515385700e-03,5.219463313781657048e-04,8.386364348788302378e-03,2.497643309512352508e-04,1.728208000868389303e-03
8.311405848815527353e-01,2.735687804650205942e-04,3.793778899031677049e-03,7.905035385507198573e-03,4.849262949520873403e-03,1.023868255563360123e-06,1.828563292528897653e-03,3.138399188508823184e-07,1.420557253857546772e-03,2.481160238528534213e-03,1.846090788555619666e-04,4.325958951481020248e-03,4.920463032515772980e-03,3.767349478172658719e-03,1.416750248115486097e-03,1.072766991562560963e-03,2.490970734527715030e-03,3.942954852970887748e-04,4.698046912664021824e-06,3.012666756986221751e-03,4.461648416590478609e-03,2.342750513833005439e-04,2.748402599693302879e-03,2.331364234597251613e-03,1.550425113913819373e-03,6.407020934216764094e-03,8.530628075182938169e-03,7.534339811779189149e-03,4.597481586290363964e-04,2.772790231483171844e-03
6.196095535828081147e-01,4.006247938988655166e-03,5.959170726681365434e-04,5.949527255520758659e-03,1.040728229725767666e-04,7.565700103084897678e-04,5.099330333231996259e-04,8.190315365926279824e-04,4.975974352172344434e-04,1.751158929068703449e-02,1.324034355851030475e-04,2.071165974101810310e-04,4.579854527335782202e-03,5.050659753757040168e-03,5.888413263539480497e-03,3.600139129932046489e-04,3.004733634997431690e-03,1.103673416364328976e-03,2.445465066834369601e-04,4.456406978957247944e-04,3.342634285841685968e-04,3.620539183790157448e-03,1.841132281213837254e-03,8.444210199149238070e-04,1.474521793944751861e-03,7.647636988500655653e-03,5.725277462930703290e-03,1.760959149962015510e-02,4.986880761291513295e-03,3.132047168412493369e-03
2.253503616915566998e-02,2.708690858596091936e-03,5.750690977418988770e-04,1.453128802632786551e-03,1.353135768858327746e-05,7.817243352005544049e-04,2.207658097690166649e-03,4.700941524594330796e-03,5.398503184813195806e-04,3.267707088509461816e-03,1.324919952497963021e-04,2.002542028459256278e-04,4.745123196581151059e-03,2.359552016244818265e-04,5.154730464651871395e-03,2.382023303810501102e-03,3.055662987334557650e-03,1.126274135130007252e-03,1.209176920223669141e-03,2.858227393721013334e-03,2.376177458391229638e-04,1.486547043268839942e-02,1.775965418792761763e-03,2.922260886649456421e-04,1.113739169875639038e-03,1.169752346871750538e-03,9.948814907970757009e-04,8.251226928486737541e-03,1.188311086435935802e-04,1.002504739547770878e-03
6.815190979085643252e-02,3.802833021003136985e-03,3.095084581484239348e-04,2.634046989922767153e-03,3.472904377201435958e-04,2.617348545094041112e-04,2.033461823882574656e-04,4.183489367801781957e-04,9.834483714583534906e-04,1.639227120224040837e-03,1.500545494457999982e-04,3.863959272404523778e-04,3.022831497138840640e-03,4.373273156386345284e-04,3.028256930394019643e-04,1.819099627119596073e-03,2.427881945621840603e-03,2.070069295829461849e-04,2.586475578550157949e-04,2.981337418337528383e-03,5.946718253096159625e-04,1.010033732800355360e-03,4.834721677327327195e-03,5.420395890015326790e-03,1.746101014338774168e-02,4.681791327906445737e-04,9.300064304775362530e-04,3.038375835108769307e-03,5.959881397019958782e-03,3.262507481411853951e-03
6.391142137779767252e-01,9.221121290486169499e-04,1.216242838488249944e-03,2.850759500446478981e-03,5.714116328645097234e-03,7.482529206283538561e-04,1.379379756515160434e-04,9.663134418158698946e-03,1.389866735889127777e-02,4.855882678297513376e-03,8.519593928801600519e-05,5.647119641227837461e-04,2.907889112168899910e-03,4.324608907173239924e-03,5.803150197670046105e-03,1.607221635386350128e-03,2.461648339833380494e-03,1.189689356897847064e-03,1.500210009919999044e-04,2.812416715448752200e-03,5.135358093555353158e-03,3.668253137980282373e-03,1.844653529572702665e-03,2.436235178690479867e-04,8.601834066007834657e-04,3.205020325838393424e-03,1.810402667333459560e-04,7.571677397859256572e-05,4.932935702434055637e-03,2.848231242600455463e-03
6.291552827576230023e-01,2.968372217139935744e-03,4.619625853019080752e-04,3.134062046738295918e-03,2.150207214824261144e-04,1.324827330201339137e-07,1.298274895194576322e-04,4.714997126360498739e-03,9.602583603567362795e-04,3.260803196060090958e-03,7.233085014165788543e-03,8.814323237383786883e-04,4.859743107216031761e-03,1.354835562904759677e-04,2.078538256754619248e-04,8.800380679694698753e-04,1.994185580202442395e-03,1.166203925982304494e-03,3.651738561265969243e-05,1.740166045596971099e-03,1.881960128635828781e-04,6.458282391189696173e-03,1.747368267701527190e-03,5.559772068168735565e-03,6.427402937006205077e-04,9.445173767164104228e-04,7.922079203775355370e-04,4.295613376035050529e-03,1.143126690861750137e-04,2.966649084644226112e-03
2.212743024155856830e-01,4.120010466735190766e-03,9.849727395081300102e-03,6.563037222955996411e-03,8.669109990199256287e-05,1.445228915100752994e-05,2.207658097690166649e-03,4.683749505028463565e-03,9.945449305165281802e-04,3.327223238427774732e-03,2.531857162692959529e-05,5.168484874898532627e-04,2.899370009749894107e-03,5.637832763827517468e-03,9.321131993216165423e-04,2.280905448482249773e-03,3.055662987334557650e-03,1.126216935626041899e-03,2.984162826291756210e-04,2.852976488836005652e-03,2.376177458391229638e-04,7.981508752031001713e-03,1.776067243187695772e-03,2.896666423518601263e-04,1.114296714207412041e-03,1.175668187949935285e-03,3.549622096660509673e-04,8.274525427439564235e-03,1.188201245502014283e-04,2.460431335813802883e-03
1.691148581503079673e-02,3.875135809490446500e-03,1.021103306602705492e-02,1.452400653863635937e-03,3.520843480189349717e-04,7.819861568677134028e-04,4.726114304647174250e-05,4.700031075051126252e-03,5.396020377703410285e-04,1.964848532210602787e-03,3.499552070498527330e-05,3.941728704326280270e-04,4.769456706045089624e-03,1.751821513793290659e-04,5.163455507842112935e-03,8.681156202983230470e-04,2.018834106324259026e-03,1.143891730310200730e-03,1.309820135297517065e-03,4.824252516583116789e-04,5.105925229906223273e-03,1.162502565267143143e-03,2.245802579821699636e-03,2.122734582136447806e-04,1.166090257061138486e-03,8.660002130469589970e-05,1.029776154516403187e-03,1.904289305551605874e-02,2.343439710580292636e-03,1.699178196483946274e-03
6.261116674833224760e-01,3.872264940072030898e-03,3.572913461282040386e-03,7.893271796013524508e-03,6.514183033973813992e-04,4.315322138524302180e-05,5.978081609247891393e-05,6.907031288668125102e-03,9.259300185054096001e-05,4.192243122514568814e-03,2.308306104088105851e-04,1.185274102424490380e-03,1.490871192063524539e-03,4.388771408519434938e-03,5.207578444179194327e-03,9.965945450647745174e-04,3.709083979454822107e-04,1.089393907333054308e-03,1.149809674504318402e-03,8.310115738012057579e-04,4.143724696320470573e-03,4.701678141142064116e-03,2.619710296936557728e-03,9.354893238988255810e-04,1.399162748696332597e-03,6.245074264168088210e-04,9.043382845712534708e-04,7.700779679514558815e-03,4.252262395812745894e-05,1.612422156879650403e-03
8.349448392887913739e-01,3.382345068395999944e-04,2.615032832304781292e-03,2.641955140668180747e-03,1.109897607394189946e-03,2.807857196880701820e-04,6.243393733778654234e-04,1.262407301682308370e-03,1.535292740734372011e-03,3.767902593573820794e-03,1.724800014626212046e-04,1.342294444886746319e-04,2.152846861118249983e-03,5.047784015080450382e-03,1.499223732736561579e-04,9.484244726558481746e-04,2.027576981423647763e-03,1.741983745280988732e-03,9.879251351691689469e-06,3.331429174108619350e-04,4.127955796222210227e-04,3.808623921896148526e-03,1.841299845630188503e-03,2.953821866283270624e-04,5.890859694455635818e-04,4.611148554495496203e-04,5.603971287610472023e-04,8.474335414423812482e-03,4.634810726287208818e-03,2.121614147698807577e-03
6.207721205832674727e-01,3.732348046652995618e-03,1.055755459338646174e-02,2.622923056707692456e-03,1.329273127793976746e-04,1.390554870975047302e-03,1.855879297661909826e-03,4.993456704042066249e-03,5.547235474168821364e-04,3.292494343934446871e-03,3.726127131375989165e-04,4.865757500873852011e-03,8.247376302124324529e-04,4.317371982946204001e-03,5.725666956352079041e-03,8.562615498469882324e-04,1.977292577249220931e-03,8.145231269653615581e-04,2.499610132942677466e-04,5.984952378187748459e-03,6.178300451775376942e-04,9.493278938348616216e-04,7.248590320111874576e-03,5.620390575236510887e-05,1.268922794939158355e-03,6.390163291610023374e-03,2.543617221556144278e-04,1.640971337555289372e-02,1.083286978319889220e-03,3.773698719705988625e-03
4.448055053620702526e-01,3.290803659628649576e-03,3.591640262492650990e-03,1.385799532471211496e-03,5.203444435462711674e-04,1.726991485426916748e-03,4.122882793223536790e-04,7.186525561869621173e-04,7.166482984290756817e-04,2.806963427777509155e-03,5.206787206936697859e-04,5.198402883213273755e-03,1.652466685243937985e-03,3.591690110076541011e-03,1.087386626460422247e-03,1.827914462760839341e-03,2.424879215507553219e-03,3.458143389118511178e-04,1.192780073193193749e-03,8.483977563030502180e-04,4.464873657602275864e-03,1.615860667973902966e-03,4.799613600646299508e-03,1.284232191999356469e-03,1.035542949957025125e-04,1.424746552425212843e-04,4.563291232465194365e-04,1.891265340576861811e-02,1.245836773155897868e-04,3.115920610439000885e-03
8.248396132858059060e-01,3.829025218117744576e-03,2.412425161992634744e-03,4.118838400088297227e-03,4.661391623974231631e-06,1.062603987224720013e-03,1.630173777011132037e-03,1.026219230097735052e-02,1.741097260985233902e-03,3.277106466313318370e-03,2.263565847238706535e-04,4.648162638365653694e-03,2.981737420764980079e-03,8.633589014384436891e-05,1.908771036801244856e-05,8.234022356466071417e-04,1.896710495347560081e-03,1.740802490870077069e-03,7.222118970109167721e-04,5.841865830730395837e-03,3.759449683662602869e-03,1.007155664671170996e-03,8.844871130331370939e-04,2.200770364656544006e-03,1.301996302829651038e-03,5.426470766082085433e-04,4.423552278478588146e-03,1.827129617634118061e-02,2.169973192994354935e-04,3.804995915034597824e-03
4.510565311225724350e-01,3.872984803144293147e-03,1.020955487162890189e-02,1.442653844875247792e-03,2.154691801836525374e-04,1.417895251030836488e-05,2.087194046820169818e-03,4.663777847268281602e-03,9.565590523093508079e-04,3.243078904583976668e-03,2.554979435010043586e-05,5.187255779554060184e-04,4.925713435264239548e-03,3.924144359417304148e-04,2.098241967876698748e-04,2.356921657469557632e-03,2.417626933033146380e-03,1.719288052123648085e-03,1.057306435981402283e-04,1.735640467046054274e-03,4.185843005029649296e-03,6.484600803931660044e-03,1.744967031622681082e-03,2.896666423518601263e-04,6.393876428320980406e-04,9.222568165319690878e-04,1.018572748849517259e-03,8.273437741034578990e-03,1.135878262724556706e-04,2.970346662751630062e-03
6.320728716232346667e-01,2.968372217139935744e-03,5.523526624488664730e-04,3.134062046738295918e-03,8.624264123308261526e-05,7.807854027701564056e-04,9.702781621560158110e-05,4.718488354703614419e-03,5.435496265287174120e-04,3.260645755664612431e-03,7.233085014165788543e-03,8.827262406152837923e-04,2.912302368305201734e-03,1.417183061027141268e-04,2.078538256754619248e-04,8.040218704652530787e-04,1.994185580202442395e-03,1.166203925982304494e-03,1.269379405601121866e-03,2.857960960085270501e-03,1.881960128635828781e-04,8.115085198955629062e-03,3.959015979086039777e-02,5.559772068168735565e-03,1.118204002657551726e-03,1.197039253573464312e-03,7.922079203775355370e-04,4.295613376035050529e-03,1.143139412286635191e-04,1.650866977286720699e-03
2.154817941279758564e-01,4.100826355500431300e-03,1.229347229578390578e-03,2.652418265339988399e-03,3.520843480189349717e-04,2.787300543182367942e-04,4.726114304647174250e-05,4.682839055485259888e-03,9.942966498055043085e-04,2.017412103260437205e-03,2.151225639406204162e-05,4.183093456784520181e-04,2.824416422532674380e-03,5.547639335461171037e-03,1.024721395896824793e-03,8.681156202983230470e-04,2.018834106324259026e-03,1.143834530806235161e-03,2.744161926152625898e-04,4.824252516583116789e-04,5.107291145228357032e-03,1.250396224008636700e-03,2.215748352618712464e-03,5.669454845899434686e-03,1.166647801392911273e-03,8.161519092947887560e-05,3.229147913997368596e-04,1.912192506785000135e-02,2.217695172853745636e-03,3.902358056978607465e-03
3.754586407396393044e-02,8.861368131348618940e-04,6.683340335833284213e-04,9.348068973028900251e-04,9.963777786130006574e-05,7.495549812514101361e-04,2.061105581137922648e-03,6.688725409144483450e-03,1.094067137866095872e-04,3.495805963087553550e-03,1.721106227009593765e-04,1.961531189239459037e-04,4.750001582036634390e-03,4.534463902456217256e-03,5.819033135570417237e-03,2.265031240855028879e-03,1.845162397429852717e-03,1.079079934960729646e-03,1.203653996815244554e-03,4.456910300136896798e-04,1.511529031731880315e-04,3.609709420886567793e-03,1.697822708190369718e-03,8.017095919253585052e-05,8.955980816951836579e-04,6.697263763943904187e-04,6.082446968475241009e-04,7.778731064027081046e-03,1.199281650272473142e-04,2.878906504930800817e-03
4.443847911025178843e-01,3.873241483659516440e-03,3.573988037486004483e-03,5.968584983682201535e-03,4.987740935711845519e-04,1.066839660739327166e-03,3.279975124105799066e-04,6.609662423595530703e-03,7.166482984290756817e-04,2.806963427777509155e-03,5.206787206936697859e-04,4.654229660128750452e-03,1.652466685243937985e-03,5.281680176540083302e-05,1.061178698591550788e-03,1.827914462760839341e-03,1.885421221261966620e-03,1.061314109883302378e-03,1.181651548334413607e-03,4.425883686611273944e-04,5.051794455225387843e-03,1.628565489572491275e-03,4.799613600646299508e-03,1.284787805160736819e-03,1.365350955084629206e-04,2.957365350842182557e-03,5.656027071303858320e-04,7.191513935069006672e-03,1.175237023532168520e-04,3.122884738707009875e-03
4.144234711188438114e-01,4.116991016793934699e-03,2.587533574015998730e-03,4.527166792463730056e-03,1.526883402367612357e-04,8.110608067977316538e-04,5.824153331707622623e-03,4.700874063706329993e-03,5.397119314767134801e-04,3.292481973713454798e-03,2.244488732427431200e-04,4.939801370903488219e-04,4.838881649889903783e-03,1.390369478882257440e-04,4.979590844437170247e-03,2.286615934606698979e-03,2.027012008426315980e-03,1.151701844466434263e-03,1.332913793058421691e-03,1.140967931034556852e-03,1.922861139606326058e-04,1.536907016705300021e-03,1.987094288629409448e-03,5.727741216956213147e-03,1.267827736486347185e-03,9.400430418351173999e-04,6.753829877339472378e-04,8.174019893854798588e-03,3.959810568054767744e-04,6.785599177950501571e-04
6.364361710476713618e-01,4.227442912852015424e-04,3.746475644611624474e-03,4.545925376023204033e-03,1.077383925033915685e-03,7.887998185798878684e-04,1.815763576627558822e-04,4.698397544470274412e-03,5.398955346925474880e-04,3.753672417624126685e-03,2.244488732427431200e-04,5.443233144003828839e-04,4.838954385010969632e-03,1.390369478882257440e-04,2.496369233168354435e-04,2.286615934606698979e-03,2.234887075907703372e-03,8.352249716866526601e-04,1.382367853870421865e-03,5.772321861446987057e-03,3.277881931757445789e-04,6.349304181555735782e-03,1.984426887499727860e-03,5.727741216956213147e-03,1.267877013321088960e-03,9.323453431503425648e-04,6.798831358445559230e-04,8.129909001623672818e-03,8.926510796618820193e-05,1.671284437612494079e-03
6.209779598851076221e-01,3.927183984731353640e-03,1.246014279787618917e-02,6.921089528369550430e-03,3.276492840550038633e-03,1.575301453297403933e-04,2.144014724360658770e-03,3.562266176298678911e-03,5.409451861030663668e-04,3.133377517814206568e-03,1.159510041775865113e-02,4.119691073673713809e-03,6.441079573669961089e-03,2.352673260841546012e-04,1.368810951989514815e-03,1.817713518303969503e-03,2.031711128910585178e-03,1.146984632560420258e-03,1.193907334226858774e-03,9.020369627120112871e-04,1.087918325324396113e-03,3.783359935909262443e-03,4.358757271882809231e-03,4.704928380040089390e-05,1.031046115267012821e-03,1.128600178228326414e-03,5.992700196468100579e-04,8.062032198228730531e-03,5.376436118838434815e-03,2.308909747247552078e-03
4.507844784259457116e-01,8.943940176716024242e-04,3.051362873372796131e-03,1.159220985691316198e-03,9.961227803059074550e-05,7.613745347116334695e-04,2.049938751448307939e-03,3.052270556544651667e-03,5.442613682802128431e-04,2.406714567104846058e-03,6.272656683714203894e-04,3.164777827658073715e-04,4.915876025519111577e-03,4.690197542081153519e-03,8.635460104135064471e-03,2.330507926352494603e-03,2.963344089187800508e-03,1.059863545715610368e-03,1.148204600653646070e-03,2.818414699917182794e-03,4.176671156571550719e-03,1.635589743093381109e-03,2.480150685375315939e-03,2.329742372087661561e-03,1.036895702476568586e-03,4.610451855562788803e-03,9.081082259371618020e-04,7.455506902196060680e-03,3.532492226135205862e-04,2.828346765539177000e-03
6.307568887198234941e-01,3.800529820358901009e-03,1.366520043924741856e-03,2.623242162551489218e-03,1.107687030947249098e-03,1.413172362214948222e-03,5.070576460900142737e-04,1.228064946600613497e-03,2.857382853786410819e-04,3.764222795697171140e-03,1.724800014626212046e-04,4.917647136342320931e-03,2.152846861118249983e-03,5.046020997072986694e-03,1.080044479802202105e-02,2.350659955976902409e-03,2.476399947043842441e-03,1.685501053819441798e-03,7.558834233503835577e-04,5.902698787675650025e-03,2.914566349510695287e-04,3.799295538742732126e-03,1.776474911230500019e-03,2.986651704950885750e-04,5.911682439746501500e-04,4.611148554495496203e-04,5.712419891031699209e-04,8.474335414423812482e-03,5.052805152150849702e-03,1.505287711538091152e-03
2.054098813336878715e-01,4.290612613694833521e-04,2.587533574015998730e-03,4.545925376023204033e-03,1.093596617587639513e-05,5.196375464272122739e-05,5.708531939081513268e-03,4.700758780438980128e-03,5.408453950776114438e-04,3.292481973713454798e-03,6.886678596982893918e-03,5.443233144003828839e-04,2.908874653020082982e-03,3.911256108722688187e-04,4.979590844437170247e-03,2.290459905721627804e-03,2.435609422044350894e-03,4.805432044311308201e-05,1.333557822122103439e-03,5.896301953698688224e-03,3.499961483614010601e-04,1.536907016705300021e-03,1.987094288629409448e-03,5.727741216956213147e-03,1.263036087720080915e-03,4.471743962882574700e-05,6.000339117741104560e-04,8.174019893854798588e-03,8.926510796618820193e-05,3.182163222953407478e-03
2.455862457427818724e-01,4.021176081762259727e-03,5.770973024285450375e-04,1.096333801310879312e-03,1.248893999817018291e-05,9.506388439715495083e-04,2.080029826316383539e-03,9.916931063225296883e-03,6.502033905885378808e-04,3.454736478200720259e-03,3.827724128941026706e-04,5.754264905034479471e-04,4.837520553062797483e-03,3.871269289600510338e-05,4.610909445480464858e-03,2.344364010827548750e-03,2.963372149447774176e-03,1.057812644163732326e-03,1.285259846580327509e-03,1.889191019735262170e-03,3.730461124644586773e-03,1.494041617713602697e-03,2.495204680478798308e-03,2.337908745857442735e-03,4.310337081831466105e-04,1.224359502778215062e-03,6.920141369141266478e-04,1.826655291213090740e-02,3.823256690409834041e-06,1.617006774529936106e-03
3.062119854858796897e-02,1.217096962061244448e-04,3.729600392915877367e-03,5.865275304369811128e-03,2.551471406493080116e-04,3.399649417872755255e-05,2.660643036873086911e-05,6.868302017999432414e-03,2.366737303521410313e-05,4.320018430960562497e-03,5.434781153919218373e-04,4.093467596533183900e-03,4.761106728590520573e-03,2.424433618461226277e-04,2.201003134366743413e-03,8.945191216201927361e-04,2.022162573825906588e-03,1.144695438878781668e-04,1.326414373384755124e-03,1.687514339186905327e-03,3.978892477824017048e-04,1.382331229605705640e-03,2.015005795732340531e-03,3.552864374973189847e-04,1.758600549964030616e-04,1.247621671199066785e-03,8.267590764800680911e-04,2.942310922962592702e-03,5.521305592112393410e-05,3.467435600687347134e-03
6.306819934288219187e-01,3.975613232715395802e-03,1.351379065008383434e-03,1.332649005816684794e-03,2.712379909979512754e-03,3.131152573894333208e-05,1.956401881871522395e-03,4.656742215643021841e-03,2.954272648572330040e-04,5.014708329701451570e-03,5.769514136822747686e-05,4.675124485364149166e-03,4.849664512105654815e-03,1.386697441871739714e-04,1.464386746551249452e-03,2.286615934606698979e-03,2.026988507650355747e-03,1.117113676114874898e-03,7.749122331321386991e-04,4.226130131024328357e-03,6.174505181918138593e-04,3.972514943896793965e-03,1.769102351515599442e-02,6.838105801690869644e-03,1.401765097702970409e-03,1.515238959507521528e-05,6.890096803434375954e-04,8.176712119770144366e-03,1.155358823662287320e-04,1.563986937703400019e-03
4.121564140596770676e-01,7.244701122202046534e-04,3.086130354145085949e-03,6.014261842640794727e-03,1.147056523577975494e-05,1.058285169946991764e-03,4.707104063338386985e-04,5.045979728309602647e-03,5.350704928433677992e-04,3.388359014955996586e-03,8.621199189943178770e-03,6.270709728953358791e-05,5.490320564044432611e-03,4.084788669032573920e-03,9.152649255795385205e-04,1.890652498509523636e-03,2.037652568917387198e-03,4.145826912597917399e-04,1.205974260701144331e-03,5.205648635923545813e-04,3.046080158953395640e-04,1.657102019534076537e-03,4.552771875279478832e-03,9.435665344616171735e-04,4.180770468764534453e-04,4.995462574613302679e-04,9.486429635995798776e-04,8.037022241293829972e-03,2.925599035653584008e-04,1.675561050985106219e-03
4.285724887822407458e-01,4.116094408718861536e-03,2.707692212998729590e-03,2.552558392351037420e-03,2.952893411992097393e-04,7.588828892776157409e-04,2.143395149128976291e-03,4.556214501291849447e-03,5.217273183035628023e-04,2.481160238528534213e-03,6.438810806923515471e-05,4.325958951481020248e-03,2.969460567357539577e-03,3.083558160493159693e-04,1.402445457671465823e-03,2.369879488714035903e-03,2.361512909576703526e-03,3.428504023913460591e-04,1.156369085608776985e-03,3.032919507212118466e-03,2.563566941215713636e-03,6.499814351905545962e-03,1.816077009184123656e-03,1.152397220696811187e-04,1.590711409302136749e-04,5.310124554014951370e-04,8.561825203330255749e-03,1.920969901880603334e-02,6.956461543271086692e-04,2.835432885825254004e-03
6.323283659682867874e-01,4.006247938988655166e-03,2.925863066631976313e-03,5.948958767907002593e-03,1.214443965050434368e-04,4.404897396458956008e-04,5.099330333231996259e-04,1.228064946600613497e-03,5.038014281185434476e-04,3.292978372722695380e-03,1.327462681308148797e-04,4.917647136342320931e-03,4.589101366819112356e-03,3.567336290870948799e-03,8.791227578694670725e-03,3.265082210254666856e-04,1.985395769165694286e-03,1.119743280304494326e-03,1.162356169675182998e-03,4.470123975786469746e-04,3.342634285841685968e-04,3.569946020756923147e-03,1.831711430589368387e-03,1.301386190409226009e-03,5.890859694455635818e-04,1.249050932136396095e-03,5.725277462930703290e-03,8.397748508648002208e-03,5.346245170894829875e-03,3.132047168412493369e-03
2.268050351245582408e-01,4.240674047448149409e-03,2.815562636985304099e-03,4.553840507002846795e-03,1.470291740779093321e-04,4.616389471808791944e-05,4.481902671208392317e-04,1.407102203485352619e-03,5.320964447785477827e-04,3.403272186260675874e-03,4.753708620435256708e-04,4.750952482595093354e-03,5.173712652805580008e-03,2.950165515690269386e-04,5.689869827491280101e-04,2.356758690976797077e-03,2.483911015950561289e-03,1.145288193121370840e-03,1.191152575829653717e-03,5.456550900015858614e-04,4.460113920785728839e-03,6.284697938818493111e-03,6.933408782104453529e-03,1.148339077779891425e-03,1.842335288019507356e-02,4.557603187462332247e-04,5.710263209455971808e-03,8.035217777302466197e-03,1.122591536505018403e-03,1.630959858979136052e-03
2.117314588156014588e-01,5.476094331721566809e-04,1.984505307838444962e-03,7.870154088624630936e-03,1.164023801747692032e-05,1.152902142207833536e-05,1.415775840227598845e-04,4.711356726826348984e-03,2.942942172753312564e-04,3.225321280501242203e-03,1.345504214703989909e-04,4.424973313578149138e-03,4.836502538846288238e-03,4.297151319164239230e-03,2.404231561671278661e-04,2.317169553742616864e-03,1.902158935487279802e-03,1.116466489366661980e-03,3.189162890073637025e-04,8.665223332834070527e-04,2.537807430390858800e-03,1.117945258041403095e-03,1.755804205472575067e-03,5.373899778861551332e-03,1.157189532943308065e-03,4.677445925967669855e-04,6.336662983370988005e-04,2.001388921185889846e-02,9.733091794092268696e-06,3.513308315122115177e-03
4.496200791663597096e-01,3.290803659628649576e-03,1.955444479322453449e-03,1.117052458062543947e-03,5.203444435462711674e-04,1.705474192861766280e-03,1.394807309739757792e-04,7.186525561869621173e-04,3.091607737160469074e-04,2.806963427777509155e-03,1.338287508257433552e-04,4.422929224719359363e-03,1.652466685243937985e-03,3.591690110076541011e-03,1.113974206105992947e-03,2.309727026182593988e-03,2.426207442651817647e-03,3.458143389118511178e-04,2.893196491262406194e-04,8.660783823043040428e-04,4.505196641129783318e-03,1.615860667973902966e-03,1.539375163952660421e-03,1.307666090195996802e-03,1.107257614308742926e-04,4.675565371147325129e-04,4.563291232465194365e-04,2.000887137247033681e-02,1.245836773155897868e-04,2.843240379801732515e-03
2.190102803888349658e-01,3.965694546579669189e-03,5.889132169364759894e-04,4.568181218273367414e-03,1.044205148261537468e-04,9.915770651409074217e-04,2.080037726354107361e-03,3.909115525918532147e-03,6.499176502627772908e-04,2.344484002927209234e-03,3.827724128941026706e-04,5.754264905034479471e-04,4.837840728044476638e-03,6.374336963913156194e-05,3.345321576276446759e-04,2.328776633336194536e-03,2.972922206671301405e-03,1.057812644163732326e-03,1.284746411552848463e-03,2.874133590228034052e-03,3.857198528886906543e-03,1.579141997301238822e-03,1.789650980477234827e-03,2.326027022288575975e-03,1.845105844945900062e-02,1.260901318536359434e-03,6.920141369141266478e-04,7.752522893885652536e-03,3.823256690409834041e-06,1.617006774529936106e-03
6.398625123107921642e-01,2.903073085179512687e-04,1.055441737375425321e-02,2.641087137013949527e-03,1.032803268162494920e-03,2.581625925249245645e-04,1.973160789803857576e-03,5.034912108572432189e-03,1.536024418999825270e-03,3.292494343934446871e-03,3.744635785783169933e-04,2.474190976086924475e-05,2.023219943009165259e-03,4.319135000953666821e-03,5.736794576994204073e-03,8.542646100682751726e-04,1.985167304422441603e-03,8.045539372853174540e-04,1.525637557643204660e-06,3.813914869322166832e-04,6.176612181345432322e-04,5.308911871017025358e-04,1.795443353850683429e-03,3.582036122824754087e-02,1.271705055493574507e-03,2.929528586521198616e-04,5.473811380440781176e-04,3.029615075869331042e-03,1.083286978319889220e-03,2.094850197276506860e-03
2.480426424167769539e-01,4.115586568116596372e-03,1.403305679708856781e-03,1.247253108164975491e-03,3.518493483422903954e-04,7.052950246448449643e-04,1.031208572595630887e-04,4.699514317319414790e-03,1.718451706490363570e-04,1.994639655308696503e-03,1.005420670229753728e-04,3.930410170464908532e-04,4.752871495980838523e-03,2.358014656358841808e-04,1.041080326111693639e-03,2.273223913388438665e-03,2.481212680675488631e-03,7.034726848282116252e-05,7.585629498549574436e-04,4.549408000262534471e-04,2.845056523386671346e-04,7.859656524204085108e-04,1.832881258561190867e-03,9.589745132753560528e-04,1.477395503229058738e-04,8.726096048878350720e-05,8.920994502336083553e-04,8.269149658402126166e-03,1.269036336144055053e-04,1.697689660267800993e-03
8.328139331416966051e-01,2.357427343746546899e-03,3.722056107340965606e-03,1.055119053880681146e-03,2.412337850411221552e-03,1.801719793996030782e-05,5.780658312672711657e-05,4.604191070752480797e-03,5.185520661053412850e-04,3.328880574542934269e-03,5.790615014330362242e-04,4.745510755463297481e-03,1.743960389463643321e-03,1.884337019621662402e-04,2.235779568172830203e-03,8.927178282304806291e-04,2.929956324215949801e-02,1.144695438878781668e-04,7.733939064978885124e-04,1.675921853914632501e-03,9.062590279780569080e-09,6.121262516606506415e-03,2.015143964668889964e-03,1.075447908711677295e-03,1.206175232158119854e-04,9.859177895302712394e-04,5.128538870954229070e-04,8.175011995725839711e-03,5.614424845818886088e-03,1.701339113628891082e-03
6.248444876235881296e-01,4.155820793134049063e-03,5.526991057135579449e-04,7.893217112520200737e-03,2.162717100421198031e-04,4.315595413782093989e-05,2.088568433208726118e-03,6.865861026864488945e-03,5.113855118950051681e-04,3.747321304398934516e-03,2.164211681940826377e-04,3.099275860596051313e-04,2.900095771299557312e-03,2.787065283524773132e-04,2.427046487892227031e-04,9.132821464538757889e-04,1.877621544897313359e-03,1.089895170551217476e-03,1.151567396119373889e-03,2.882829315108000404e-03,3.783543905673565546e-03,4.701678141142064116e-03,1.835156664459157948e-03,2.395832670598150010e-03,9.485649555280980996e-04,6.245074264168088210e-04,2.257231158587006650e-04,8.044420772853172127e-03,4.301115972571739230e-05,1.620267279981322086e-03
6.212099732779001737e-01,4.155820793134049063e-03,3.572913461282040386e-03,7.893217112520200737e-03,9.035213991493818797e-05,4.328101168051144476e-05,1.590704033862237092e-04,6.865861026864488945e-03,8.017612394650185169e-05,4.144044637572290475e-03,2.193837425672234733e-04,4.647248063473036379e-03,2.960637406647825126e-03,4.390017030766955354e-03,1.925658062159264945e-04,9.132821464538757889e-04,1.991918908555893788e-03,1.165207996381568967e-03,1.149095194805417608e-03,2.824528533432029212e-03,1.569821269434327170e-04,4.701678141142064116e-03,2.540988314962900479e-03,1.517782311146850761e-03,1.147784006482445874e-03,5.853255693865641943e-04,8.404991510250179459e-03,8.044420772853172127e-03,4.301115972571739230e-05,1.630081305229774853e-03
4.430127385063481471e-02,9.075372831496395128e-05,3.596111672647330990e-03,1.182661703362437693e-02,4.849262949520873403e-03,2.949786119558902252e-05,1.840252236225615578e-03,3.138399188508823184e-07,1.024371107720171373e-04,2.482265219316956081e-03,1.624850401314167176e-04,4.094312370329994226e-03,4.918791358909724472e-03,3.767349478172658719e-03,2.189068123279536929e-03,1.806276431714161270e-03,2.490970734527715030e-03,3.640217058361185738e-04,1.286847494522048562e-03,3.012666756986221751e-03,4.461205011082344449e-03,1.381684386414757174e-03,2.055468051875351636e-03,4.108648998295953182e-04,1.552027435778889847e-03,6.542080188129030180e-03,8.525137552747011696e-03,1.862562449299541567e-02,4.597481586290363964e-04,2.787827849149964853e-03
2.107531930597714986e-01,7.216184792967089180e-04,5.928147843681475741e-04,4.251572134911904902e-03,1.164023801747692032e-05,7.431055920323857700e-04,1.415775840227598845e-04,4.779188838219398591e-03,2.999226134246171381e-04,3.225321280501242203e-03,1.333371324348072893e-04,4.424973313578149138e-03,4.848725675046392826e-03,4.297151319164239230e-03,1.572982617276879138e-04,9.763359095264789213e-05,1.892167316213323042e-03,1.116466489366661980e-03,2.844663141571312820e-04,8.610358948822417801e-04,2.570663141725885743e-03,7.717289127948583159e-04,1.755804205472575067e-03,2.049268554153599613e-04,1.157189532943308065e-03,4.677445925967669855e-04,6.429469833528593525e-04,7.434088915171056279e-03,3.140957619886209848e-05,2.802907123677775801e-03
8.352367014986487037e-01,8.861368131348618940e-04,6.829688168870085008e-04,8.895883850063553231e-04,9.963777786130006574e-05,7.967303391166676322e-04,2.139027705064900069e-03,4.921154723345947009e-03,1.597882155130209581e-04,3.495805963087553550e-03,1.743468665077888620e-04,1.903598019542954221e-04,4.750001582036634390e-03,1.983894226709596344e-04,5.819033135570417237e-03,2.265031240855028879e-03,1.845162397429852717e-03,1.079079934960729646e-03,1.203653996815244554e-03,4.456910300136896798e-04,4.225658247393083641e-03,3.632771536649501663e-03,1.768805018798125630e-03,2.471543515480002090e-04,8.955980816951836579e-04,6.728056531199664821e-04,6.082446968475241009e-04,7.778731064027081046e-03,1.199281650272473142e-04,2.878906504930800817e-03
2.248317890969633859e-01,3.831420693563144728e-03,4.064255812477046703e-04,9.966898767331559481e-04,3.687207256218968856e-03,2.858182076702629510e-04,1.678980910087092982e-03,2.764808883028568344e-03,2.722847265390123533e-04,5.315265188748899763e-03,7.085743208092232064e-03,3.345324003013010737e-04,2.901405845629476295e-03,3.994734080757472543e-04,2.072599770768929477e-04,1.195039968785358963e-03,2.467274970964738936e-03,1.733724793516222421e-03,6.886360374414223970e-05,2.870545928648417233e-03,3.396877156412359162e-03,8.158818433594096364e-03,7.428362167121917853e-03,2.618713027994676833e-04,1.892047004599209034e-03,4.684148405820236965e-05,3.895638015346069129e-04,9.613893337451079324e-04,5.242024188429997593e-04,3.253771260510541444e-03
2.569082707672873944e-01,4.107359371980121715e-03,1.378686502615461031e-03,6.610487160548609090e-03,3.875963127048286452e-04,6.666359453624134089e-04,1.929377529504050330e-03,9.204295376397204562e-04,5.239224077046775434e-04,3.267544521941046637e-03,3.761502195942947966e-04,2.404437638590288875e-04,4.732624643290194930e-03,2.399860302730789680e-04,9.553138277378510866e-04,2.280631771573845158e-03,2.951804013927693347e-03,1.121301596559874311e-03,7.503415153531703668e-04,1.292474967055792703e-03,2.845056523386671346e-04,6.481651490574879063e-03,1.837208556980491790e-03,9.589745132753560528e-04,1.423278095319155769e-04,4.900824497850639859e-04,2.343323559860641591e-04,8.218272343314391229e-03,1.487936313019935471e-04,1.618683983765304996e-03
8.329144463911843932e-01,4.109064079676158845e-03,1.229347229578390578e-03,2.652418265339988399e-03,3.520843480189349717e-04,1.319493651649347146e-04,2.035754677912602652e-03,4.682839055485259888e-03,9.942966498055043085e-04,2.017412103260437205e-03,2.151225639406204162e-05,4.183093456784520181e-04,2.912017029075863496e-03,3.771147816967406786e-03,1.024721395896824793e-03,1.830582714152441262e-03,2.490995021854416468e-03,1.123033654505908949e-03,2.744161926152625898e-04,4.824252516583116789e-04,5.106154325965514031e-03,1.250396224008636700e-03,2.215748352618712464e-03,5.512589833099408067e-03,1.174776995286219532e-03,8.804097051673181670e-05,3.229147913997368596e-04,5.756424824487640923e-03,2.217695172853745636e-03,3.902358056978607465e-03
2.304484991000512184e-01,3.851006498068613396e-03,9.885751365862048903e-03,4.486283279942365927e-03,3.216344080879201227e-05,1.798580610164678909e-05,2.484488884904950071e-04,6.732992740615803204e-03,5.283588431335802449e-04,4.336285339669126646e-03,4.753708620435256708e-04,4.750952482595093354e-03,5.176706855154910095e-03,2.948899346868324913e-04,2.161927836737975034e-03,8.947646880219129210e-04,2.059592118972384742e-03,1.145288193121370840e-03,1.187073151677866742e-03,5.456550900015858614e-04,4.460113920785728839e-03,1.415599324992134790e-03,1.870372098893514825e-03,2.300089778263673186e-04,1.334666043840675859e-04,1.265585061515585655e-03,8.263156636602786344e-04,8.035217777302466197e-03,2.036332845987325404e-05,3.519391473402727795e-03
8.451288864299461023e-01,6.045273723163708916e-03,6.362326608799070363e-04,1.171260906174290909e-03,1.177956310834200795e-04,1.017029082601021098e-03,6.297725240705450908e-03,1.093519292430313082e-03,9.993282372090528127e-04,2.609440729304305512e-03,6.517739378645429939e-04,6.774282453662634328e-04,2.403692484618921623e-03,4.804600559199777646e-03,5.034486696589198992e-03,2.427495514720735652e-03,2.977480135045204850e-03,2.409452559574173751e-04,2.534941745517807401e-04,3.601446117816068868e-04,3.727389683454992476e-03,6.237604028459855024e-03,1.676073425964176404e-03,2.069690195900813373e-04,1.500010521705225433e-03,2.158511231990622569e-03,9.269950388130900141e-04,8.426277187625581117e-03,5.832594568494825840e-03,3.709921301151661473e-03
4.285559297275037260e-01,3.834311987419545403e-03,1.083113423036628081e-02,4.468161752593286309e-03,3.860491805924102376e-04,1.411363701738061003e-03,3.784027359220983391e-04,9.637098482401843490e-04,9.971844918744443044e-04,3.489795381626862019e-03,1.725915135185059719e-04,4.894777582385217637e-03,4.753941308119742637e-03,5.060287035820378032e-03,4.728185810566324331e-03,9.196248864533703056e-04,2.963453431147032146e-03,1.890933170478031997e-04,1.148974042252422787e-03,1.091616675409282002e-03,2.708627346706227006e-03,6.363130396599460566e-03,2.163007363088365748e-02,9.400662379290352332e-04,6.045344978445764319e-04,1.266095564172169119e-03,2.277863217884644226e-04,8.483223947924688202e-03,4.629849877434647626e-04,2.831790193117740377e-03
2.530113283789586082e-03,2.665418683746290616e-03,3.461681683266406000e-03,4.311987510292812978e-03,5.233412109027079685e-03,8.287541199238014807e-05,2.054125578387574775e-05,6.844960416715603624e-03,9.824481106492088944e-04,1.323901176909230044e-03,1.665540764357469647e-04,9.477906150315159109e-03,4.836501641616833443e-03,4.588486558661602349e-03,9.896947108426010914e-05,1.231206909692979462e-03,2.021995640732703828e-03,1.289540302074521257e-04,2.248707430700519483e-04,1.672791210419719270e-03,4.529976757424505722e-03,1.375792248222122358e-03,8.584572510725067222e-04,6.053594274313095491e-03,1.265844529437016707e-03,4.320129447131118398e-04,8.270625242116992669e-04,8.402108544325133724e-03,1.228479648043880046e-04,3.413770171697249733e-03
2.757867298249672139e-03,3.801562448409432499e-03,2.631931664766542708e-03,1.289349144303449579e-03,8.473686633951320497e-04,1.123510963069986480e-03,4.595135178769404853e-05,6.804120309962762361e-03,4.227233490987147369e-05,4.203119441866061054e-03,8.671664208083049857e-03,6.028232295740000265e-05,4.734392860535226871e-03,2.079951704638729332e-04,1.601602052786122192e-03,9.019261189639228571e-04,2.042248197430893229e-03,5.401420802353562589e-03,7.729091327063056975e-04,1.310477423712472656e-03,2.481101880567416172e-03,5.951200212976471768e-03,4.611786748909454080e-03,9.398265162144051488e-04,5.276944446275539519e-04,1.072950460190924896e-03,6.254759738081420994e-04,7.544149892864587814e-03,5.419206292506896288e-05,1.348554320862432182e-03
1.891401844887116712e-01,7.592986635802287908e-04,3.722056107340965606e-03,4.287881709622945806e-03,3.427423157833891110e-03,4.107601843170941708e-06,2.868285507705097513e-05,1.562632574043214435e-03,5.247492632484499755e-04,4.320313160736064320e-03,9.439178880006615646e-05,4.093358222314272959e-03,1.523248133292742128e-03,4.130142679928988821e-03,2.201003134366743413e-03,1.336545198530463517e-03,2.953456308889758960e-03,1.144695438878781668e-04,1.097645704731865053e-03,1.670448087000267826e-03,3.984725509455699574e-04,1.360813032423396430e-03,1.997985723351959793e-03,1.894303975736094311e-04,2.041073667887289764e-02,1.247621671199066785e-03,8.267590764800680911e-04,8.175011995725839711e-03,1.552005549441912179e-04,3.678192365772848041e-03
2.347883682578997822e-01,2.119667574288146110e-04,4.992873973011287964e-04,1.549469956695843573e-03,3.888565739892380080e-04,7.807757833379478296e-04,1.833702382388989818e-03,6.681681241500768247e-03,2.645118689951512169e-04,5.307059426048640199e-03,1.495023656354581960e-04,5.285991262915057214e-04,1.655898262200717567e-03,3.043843954365407084e-04,1.819653246722894029e-04,2.277037721659595781e-03,2.423827993241026244e-03,1.128585355405148979e-03,1.167397499791373574e-03,2.939818387293560362e-03,3.020269014920092410e-04,1.656278008536452104e-03,2.553399849987846200e-03,3.752197678554083124e-04,8.956833350051809136e-04,2.223790861633883611e-04,2.385742397214215020e-04,8.268404529598245498e-03,1.172777747992314690e-04,3.254774794178561231e-03
4.445740925630812801e-01,3.873241483659516440e-03,3.573988037486004483e-03,5.968584983682201535e-03,4.987740935711845519e-04,1.066839660739327166e-03,3.557572592390349179e-04,6.609662423595530703e-03,7.166482984290756817e-04,2.806963427777509155e-03,5.206787206936697859e-04,4.654229660128750452e-03,2.970649228091706666e-03,5.281680176540083302e-05,1.061178698591550788e-03,1.827914462760839341e-03,1.885421221261966620e-03,1.061358338538109097e-03,1.181651548334413607e-03,4.425883686611273944e-04,5.051794455225387843e-03,1.093328414018620567e-03,4.799613600646299508e-03,1.284787805160736819e-03,1.365350955084629206e-04,2.957365350842182557e-03,5.656027071303858320e-04,7.191513935069006672e-03,2.831511784009657531e-04,3.122884738707009875e-03
4.208520428910085820e-01,1.053814909877290405e-03,1.317723416883479588e-03,1.092188039610025559e-03,1.051160260940886153e-04,3.611894423685582076e-05,2.095824885591761420e-03,3.294019453364169583e-03,5.428752984416216308e-04,3.432743481126764116e-03,6.141867307159739123e-04,1.262611877070910979e-04,4.648669077843095056e-03,8.198127965804793710e-04,4.633973005432988693e-03,1.019704204998404069e-03,2.963344089187800508e-03,1.059863545715610368e-03,1.148204600653646070e-03,1.869304779248313897e-03,2.321106849180062069e-04,1.507377231788188969e-03,2.479508961758540922e-03,6.461239458254149168e-04,1.048157187811112664e-03,4.462646061844838946e-03,5.188775088017789743e-04,1.890604194534371146e-02,3.508030986678019108e-04,2.840035640058663057e-03
8.390734553166119269e-01,6.844024300122321727e-05,6.654893494299940655e-04,1.159220985691316198e-03,1.326860459295224972e-05,6.180551212036336408e-05,2.095824885591761420e-03,9.594859165049800936e-03,6.072579429939320081e-04,2.404050533731959260e-03,6.141867307159739123e-04,4.582703302048012073e-04,4.913030208401465877e-03,4.586565212416569490e-03,4.983137852477670382e-03,2.936594669786597028e-02,4.646314691167635624e-02,1.059863545715610368e-03,1.148204600653646070e-03,2.818414699917182794e-03,4.196528057382794413e-03,1.588898942190199171e-03,2.457297259232915729e-03,2.329742372087661561e-03,1.051406190706155683e-03,4.462646061844838946e-03,9.231117592064402334e-04,7.407317798370356005e-03,3.532492226135205862e-04,3.770848833047307173e-03
4.381822900662235010e-01,4.850324636170308748e-04,1.957590440538287645e-03,1.189653596716003150e-03,1.089473552355643926e-04,7.456387809023815689e-04,1.313093421410258237e-04,4.633793565493767898e-03,5.485096042369106990e-04,3.230923868560530484e-03,1.268473343016313809e-04,4.424973313578149138e-03,4.837723994419435188e-03,4.297151319164239230e-03,4.681231627699839262e-03,2.317169553742616864e-03,1.902158935487279802e-03,1.116466489366661980e-03,2.859141835903109908e-04,2.828579731867297137e-03,8.750057394816524413e-04,1.117945258041403095e-03,1.755804205472575067e-03,1.558668866903848544e-04,1.157189532943308065e-03,4.677445925967669855e-04,6.094663618118276996e-04,2.017169205207599431e-02,1.025425910138809101e-05,2.814747439442433653e-03
2.083762155449621067e-01,8.504752404229652327e-05,5.772493889261726824e-04,7.839877217561543737e-03,7.947407440601714646e-06,3.522231334088525741e-05,2.108250377399319142e-03,3.129833717877232753e-03,2.858766766146671927e-04,2.398447945672670546e-03,6.231544372113427630e-04,4.582703302048012073e-04,4.913030208401465877e-03,4.690197542081153519e-03,1.375214111777422858e-04,1.037662461971683740e-03,2.963344089187800508e-03,1.059863545715610368e-03,1.148204600653646070e-03,8.565540997921507107e-04,4.176671156571550719e-03,1.588898942190199171e-03,2.457297259232915729e-03,2.329742372087661561e-03,1.051407337738660686e-03,4.462646061844838946e-03,9.247572377494651984e-04,7.249514987868336049e-03,3.542334774976846432e-04,2.828039665281339640e-03
8.394723983429606129e-01,4.308328755196574487e-04,2.630855852475607552e-03,4.228611746801597300e-03,8.473686633951320497e-04,7.891772647657339240e-04,2.160807073737077907e-04,1.293488616646769861e-03,5.423840283689573870e-04,4.162956197575630110e-03,8.589589399704927047e-03,5.926907995541467328e-04,4.830596189663958519e-03,4.088415596343170783e-03,1.601602052786122192e-03,2.289166081072796944e-03,2.009481175648918615e-03,5.401420802353562589e-03,1.336343102394774987e-03,1.310477423712472656e-03,2.481101880567416172e-03,5.983505608312416138e-03,4.662270645902217604e-03,9.398265162144051488e-04,1.347810595248704127e-03,1.072950460190924896e-03,6.254759738081420994e-04,7.544149892864587814e-03,1.541795615839344682e-04,1.612297429618775183e-03
4.134640373216558751e-01,4.156524477505705965e-03,6.359841785271174884e-04,4.303464339633345653e-03,2.475192372064407686e-04,1.022663910093828685e-03,2.655955942930990875e-04,4.776647231889341247e-03,9.993282372090528127e-04,4.159846173531962267e-03,1.718068873255005258e-04,3.208018315563913522e-04,2.964086342168124454e-03,4.888339340367894685e-04,1.629280212179727008e-04,9.378898600601549493e-04,2.471051483429810656e-03,2.893605015306028629e-04,2.547761008191990330e-04,3.901137154226083995e-04,2.585705684584614465e-03,4.728452560908344253e-03,7.188854616023433383e-03,1.301441576541915307e-03,1.503386857293690032e-03,4.677127275285006703e-04,8.361463935972439712e-03,8.229038939255325577e-03,5.865444658064686116e-03,2.802453360452597780e-03
8.417158585417640060e-01,2.968372217139935744e-03,4.859062570750161472e-04,3.134062046738295918e-03,2.150207214824261144e-04,2.649222227524046383e-04,1.184904089085569566e-04,5.057429848477137946e-03,9.451830907061507542e-04,3.259000359738527773e-03,7.321087410150329058e-03,2.568701000901619873e-04,4.862145646015309831e-03,1.354835562904759677e-04,2.078538256754619248e-04,8.800380679694698753e-04,1.994185580202442395e-03,1.166203925982304494e-03,3.651738561265969243e-05,1.746029970685122846e-03,1.881960128635828781e-04,6.458282391189696173e-03,1.718175553552418050e-03,5.557229719869147266e-03,6.427402937006205077e-04,9.445173767164104228e-04,7.922079203775355370e-04,4.295613376035050529e-03,1.143126690861750137e-04,1.865953653783642210e-02
6.513992654898350665e-01,3.341271955854666401e-04,2.914825952554628286e-03,5.849301608574643263e-03,4.615009339928484444e-06,3.131152573894333208e-05,1.930836401900723216e-03,4.682655639736950891e-03,2.954272648572330040e-04,1.409525124866027254e-03,5.469836938620458540e-04,5.478155468062674734e-04,4.849131082079403618e-03,1.393509737700902233e-04,1.464386746551249452e-03,2.286615934606698979e-03,2.034249820724357526e-03,4.602695892702094176e-04,1.333557822122103439e-03,4.243196382435252163e-03,6.168672150286457151e-04,3.994033130713496582e-03,8.325292511966737863e-03,6.977084178629284691e-03,1.456348599799942023e-03,4.371980257211803642e-04,6.890096803434375954e-04,8.303175394050284902e-03,1.155358823662287320e-04,1.616973286680645867e-03
1.394243991477504135e-02,8.492340586288592893e-04,6.683340335833284213e-04,4.264165230047981849e-03,3.531026085579376528e-04,7.961893260028966510e-04,3.163461447660638384e-04,9.900296441570326580e-03,9.607392749873440441e-05,2.563307201839707186e-03,7.661669976492491325e-03,4.140520365815553161e-03,4.755094520586432977e-03,4.425898226468690314e-03,2.176790126221043661e-03,1.822796590206500001e-03,2.506031212200390650e-03,3.643868818697720488e-04,2.147118702695804959e-02,1.369243599547823953e-03,5.060172802182349126e-03,3.665730499721681426e-03,1.683696527364647545e-03,1.290550963114354011e-03,1.469771197066664994e-03,1.966190531063946763e-03,9.094310717935763337e-04,7.382502924330148000e-03,2.928290511361240737e-04,2.878906504930800817e-03
1.857600278303904728e-01,6.318371874078628631e-03,2.768710298592443921e-03,4.311426677144259215e-03,3.309099916885581156e-03,1.027976739902699979e-03,2.110106129073282492e-03,1.191692930744997405e-03,9.993278501746463358e-04,2.513642512696557477e-03,2.253508830865118230e-04,5.655498714732440889e-04,2.358734267943030528e-03,3.665228704318327160e-04,1.818830200558272693e-03,1.812324572778161737e-04,1.395589845977968091e-02,2.440610738670331023e-04,1.147701862991145011e-03,3.605265969517436895e-04,2.618468430995575698e-03,4.051057871609176596e-03,7.682740906535114739e-03,2.791425432502909511e-03,1.500010521705225433e-03,3.997172222254161914e-04,5.695349252559576275e-03,8.435149426105962439e-03,5.865444658064686116e-03,2.811696743569078519e-03
1.766894161783466588e-03,3.744937573019834105e-03,3.722056107340965606e-03,1.159763006958784530e-03,3.427423157833891110e-03,3.419786652900782067e-05,2.063967174694739462e-03,6.838243246723055974e-03,1.038268573478045177e-06,4.360400844498638073e-03,5.409964176971392147e-05,5.363039950848544866e-04,4.918793064081716793e-03,2.417621322632042616e-04,2.201003134366743413e-03,1.047055121103956802e-03,2.021964621590391798e-03,1.035386307978915493e-03,1.169918004597305652e-03,2.832744330378879957e-03,3.363964952915578580e-04,1.359895982361108329e-03,2.015005795732340531e-03,1.894303975736094311e-04,1.047473963077029521e-03,1.247621671199066785e-03,8.250627504573566267e-04,8.175011995725839711e-03,5.521305592112393410e-05,3.395328994737599991e-03
2.328338182076954421e-01,3.949974837340710851e-03,2.635633483307496527e-03,1.050562294222010147e-03,4.526818358027118964e-04,2.917122019633177753e-04,3.096605467372507553e-05,2.759260705517256086e-03,2.841736752280223446e-04,2.552406803212085504e-03,1.085550531148217110e-04,3.381241796090759611e-04,2.998187746823878161e-03,2.156856862774204908e-04,2.079814046037210644e-04,2.403294569160819433e-03,8.764327304134481630e-04,2.687497316027458172e-04,2.267153057455779442e-04,1.754730607158646195e-03,4.912268405517233524e-03,9.064271845355530849e-04,1.702302934794080406e-03,5.925131344840506992e-03,1.754272207678691381e-03,4.640256778207023608e-04,8.330082991262680384e-03,2.323130251699233317e-02,3.524907363143250580e-04,1.166723760396826300e-02
1.749369553282416334e-02,2.240507590663023355e-03,7.818394439408119477e-04,4.272780608841396897e-03,2.665493265806180567e-04,7.422062717272313479e-04,5.792804177067310822e-03,3.558311116118873831e-03,2.940452653914975636e-03,3.292295918694213789e-03,5.678100331506695736e-04,4.133492938586800407e-04,1.729492255579459297e-03,4.748346605757323285e-03,1.126478099863636659e-03,1.319045969905466298e-03,2.460601495200475872e-03,6.232896443892365496e-03,1.329445594517794649e-03,1.304890503518854605e-03,1.907721402768050058e-04,9.926100620229626539e-03,1.881657359640706659e-03,5.439573954068308362e-03,1.245866671512212360e-03,1.045097432341925538e-03,5.593685906308647204e-04,8.513130133392159127e-03,2.949946897047191902e-03,2.961490795726746429e-03
6.302647362053124258e-01,3.847906953978037954e-03,2.181764505200104245e-02,4.265274977806123718e-03,3.888565739892380080e-04,1.400715612920701682e-03,2.028848068072279780e-04,9.315324676356755151e-04,6.444484956530573821e-04,1.404947762127462191e-03,7.878078638809600000e-05,4.793719141893337463e-03,1.417116412122105488e-03,4.129602411031092421e-04,1.165572364241291778e-04,1.680163104129414955e-02,2.443711879545938138e-03,1.144745912147467439e-04,1.171976046652684674e-03,2.877713967166844501e-03,2.196769180533124366e-05,3.782947239427468349e-03,1.804654249279992202e-03,4.298471347464515382e-04,1.250050129738807859e-04,1.254612360584686677e-03,2.705752246690077399e-04,8.008224099646740063e-03,4.679734444099157686e-05,3.236689510641464068e-03
1.900373097973069858e-01,4.373061155558530602e-03,7.362824944049015628e-04,7.429511987999055586e-03,2.669645189029798329e-03,1.679314935253964011e-06,1.885656644376794856e-04,3.854198420474858142e-03,5.457659610393567409e-04,4.153240590737163063e-03,2.318149445092055477e-04,4.709716716342728267e-03,4.906486995056360927e-03,7.366263134103347848e-04,4.545994898887977323e-03,1.259147567436552781e-03,2.460749423052958473e-03,1.149165693842136692e-03,1.240622745949164236e-03,8.843869165786062258e-04,5.152976572511028253e-03,1.458040637289543910e-03,1.856987343299715309e-03,5.250468900673776335e-03,1.503690155594285087e-02,3.712865020613591435e-04,3.941825281790085553e-03,1.533204213730543714e-03,1.179145982264481925e-04,3.488635217607941996e-03
6.237540596907914514e-01,7.017763926263527463e-05,2.939739381414123616e-03,1.434561625456316943e-03,1.043237331860442636e-04,7.565700103084897678e-04,2.114339454420270312e-03,1.241826498085513500e-03,5.038014281185434476e-04,3.849092162234032336e-03,1.327462681308148797e-04,4.671172935553372096e-03,4.579854527335782202e-03,5.050659753757040168e-03,8.791227578694670725e-03,3.732738691731402286e-04,2.993523883248856536e-03,1.105881790846616457e-03,2.445465066834369601e-04,2.843860430634659146e-03,3.342634285841685968e-04,3.552503378388353894e-03,1.802273883098377263e-03,2.349725812866824189e-03,5.890859694455635818e-04,3.179679094594723907e-03,5.725277462930703290e-03,1.760959149962015510e-02,4.986880761291513295e-03,2.831076898612260202e-03
4.317208646577185283e-01,4.061541434795111483e-03,5.633830306711932155e-04,5.673630794114262882e-03,1.051841052913489373e-04,3.638303211260630963e-05,4.914197492252801161e-04,3.038509005415962385e-03,5.400920635760895344e-04,2.404050533731959260e-03,6.141867307159739123e-04,7.056808472753199786e-04,4.913030208401465877e-03,4.690197542081153519e-03,4.638373561879527603e-03,9.908968222465137227e-04,1.947289472964699357e-03,1.059814804574008614e-03,1.148204600653646070e-03,4.216406510927257767e-04,4.176671156571550719e-03,1.656934747650298106e-03,2.457297259232915729e-03,1.281402749630200424e-03,1.051407337738660686e-03,4.373900454664080700e-03,9.231117592064402334e-04,7.407317798370356005e-03,3.532492226135205862e-04,6.689481776546146556e-03
2.526054169952198225e-01,4.107359371980121715e-03,1.378686502615461031e-03,6.610487160548609090e-03,4.028501589781438076e-04,6.666359453624134089e-04,1.929377529504050330e-03,8.752874581411289670e-04,3.012761709356438474e-04,3.267544521941046637e-03,3.761502195942947966e-04,2.404437638590288875e-04,4.914531011283761013e-03,2.399860302730789680e-04,1.445582218934841987e-04,1.049454336995502696e-03,2.951624866680343726e-03,1.121137401413890540e-03,7.514774209029676053e-04,1.302197081763371194e-03,4.371106480770931349e-03,1.669789575170752688e-03,1.837208556980491790e-03,2.353369562835219524e-03,1.423278095319155769e-04,4.900824497850639859e-04,2.343323559860641591e-04,8.218272343314391229e-03,1.487936313019935471e-04,2.835847580957290802e-03
2.345236757736132716e-01,3.783483971310290257e-03,6.554849975975828979e-04,7.613258048512580589e-03,7.987134177425973119e-03,1.334420550292991520e-04,1.840252236225615578e-03,4.772447786439678111e-05,6.711522503547459953e-05,2.481160238528534213e-03,1.624850401314167176e-04,4.329794588768379193e-03,4.920463032515772980e-03,4.046975637873255049e-04,1.937417762425094935e-04,2.444940878042587903e-03,2.490877587738058157e-03,3.640217058361185738e-04,1.478473815606326405e-06,3.219150912771365225e-02,4.453873777423752664e-03,2.342750513833005439e-04,2.513948056800794761e-03,2.145176626632631575e-03,1.536797655183493299e-03,6.190788861751549479e-03,8.519371311824851939e-03,9.098352301603676584e-03,4.640386169422224655e-04,2.772790231483171844e-03
4.358053125500496727e-01,5.299127591910533439e-05,5.772493889261726824e-04,6.683622423513326145e-04,9.620599235965684190e-05,7.684305214099426337e-05,2.074849689456341548e-03,2.761011556233915545e-03,5.686874802952187561e-04,4.111444326298064646e-03,5.977413552011889321e-04,4.582703302048012073e-04,2.330999454988665499e-03,7.167693184978343561e-04,3.096338361836159687e-03,1.045403150051081023e-03,2.963344089187800508e-03,1.059863545715610368e-03,1.148204600653646070e-03,2.818414699917182794e-03,4.176671156571550719e-03,1.588898942190199171e-03,2.472762390989354051e-03,2.329742372087661561e-03,6.641020023295087296e-04,4.462646061844838946e-03,9.231117592064402334e-04,1.893587950468981259e-03,3.532492226135205862e-04,3.402911221280103399e-03
2.186650944455678924e-01,3.784118979460159189e-03,2.943042753356765739e-03,2.616820585716714883e-03,1.048811676064875684e-04,2.265361325442984001e-04,1.485733327906474041e-04,3.871553548522422596e-03,1.211753281117577876e-03,1.354829215923288033e-03,1.479912983805641393e-04,5.140830982641125899e-04,2.326636402576586632e-03,5.025524403214128716e-03,2.290429912111255958e-04,2.314723626381276576e-03,2.034306971221492601e-03,4.558410753603046005e-04,1.041165524091405836e-03,2.856293962232039907e-03,4.299612712695534932e-03,1.512868542382943791e-03,3.800243690948563145e-03,2.865112946972383709e-03,5.680029565342481447e-04,4.700489528885135743e-04,6.333819460193901296e-04,1.757417896344357425e-02,4.087345712680706157e-04,3.152782762225780563e-03
8.402777397380883917e-01,8.633435741416003962e-05,5.772493889261726824e-04,6.821706044330442392e-03,5.499704229490100238e-02,3.522231334088525741e-05,2.649692513403985707e-04,3.129833717877232753e-03,2.858766766146671927e-04,2.392596930223553874e-03,6.233650811795156572e-04,4.638785768100089696e-04,4.913030208401465877e-03,4.690197542081153519e-03,1.375214111777422858e-04,1.014894269223874223e-03,2.509378826010340031e-03,1.043807621784098713e-03,1.148204600653646070e-03,8.560207078076639137e-04,4.848097778998430862e-03,9.614035133230302383e-04,2.457297259232915729e-03,2.329742372087661561e-03,1.051407337738660686e-03,4.462646061844838946e-03,1.155107761653392535e-03,7.677509747354256502e-03,3.542334774976846432e-04,2.842251879835932908e-03
2.350261222357908908e-01,8.461936039752662514e-05,4.992873973011287964e-04,1.549469956695843573e-03,3.888565739892380080e-04,7.807757833379478296e-04,2.124624257380387272e-03,6.765100973630501328e-03,2.873417627179853263e-04,5.323425054689150462e-03,1.665668180133134352e-04,5.285991262915057214e-04,4.949842598852709913e-03,3.043843954365407084e-04,1.819653246722894029e-04,2.277037721659595781e-03,2.397569602208271099e-03,1.128585355405148979e-03,1.167397499791373574e-03,2.939818387293560362e-03,3.020269014920092410e-04,1.656559446076772898e-03,2.553399849987846200e-03,3.637959515125522170e-04,8.997092011974036282e-04,2.223790861633883611e-04,9.339550947991780410e-04,8.268404529598245498e-03,1.172777747992314690e-04,3.254774794178561231e-03
2.081384615670709981e-01,2.123949211084967406e-04,5.772493889261726824e-04,7.839877217561543737e-03,7.947407440601714646e-06,3.522231334088525741e-05,1.817328502407921688e-03,3.046413985849120206e-03,2.630467828918330291e-04,2.382082317101900069e-03,6.060901649839484789e-04,4.582703302048012073e-04,1.619085906620397388e-03,4.690197542081153519e-03,1.375214111777422858e-04,1.037662461971683740e-03,2.989602480220555653e-03,1.059863545715610368e-03,1.148204600653646070e-03,8.565540997921507107e-04,4.176671156571550719e-03,1.588617504649878377e-03,2.457297259232915729e-03,2.341205983833750427e-03,1.047381471546437971e-03,4.462646061844838946e-03,2.293767022592065638e-04,7.249514987868336049e-03,3.542334774976846432e-04,2.828039665281339640e-03
3.571150166346370725e-02,3.830770992448304796e-03,7.645691498097640856e-04,1.220896968639130671e-03,4.526818358027118964e-04,3.195902819328291008e-05,3.096605467372507553e-05,2.759260705517256086e-03,2.654832490771180404e-04,4.351816164488189233e-03,1.123358084896626297e-04,2.417725227118551522e-04,2.961703494096265196e-03,2.550793935092408871e-04,2.079814046037210644e-04,2.380272943769034828e-03,1.553838272398203046e-04,1.259474715163573771e-04,2.559984776770531968e-04,1.077587967792204742e-03,5.400158525842231258e-03,9.044752727164648244e-04,1.797831990982927831e-03,5.753409228025675726e-03,8.459783098786030804e-04,1.081666818906516607e-03,7.334798060436074994e-04,8.269194879569983364e-03,3.634103739606322006e-04,1.688066425121385146e-03
4.475865672815600993e-01,4.667566836231550748e-05,5.714458579205388246e-04,1.159220985691316198e-03,4.087858009611901918e-05,1.240988445689507487e-05,2.190624789474683934e-03,6.351519017272662382e-05,5.494019565502127707e-04,2.480868517724462916e-03,6.141867307159739123e-04,4.548468834313630724e-04,4.913030208401465877e-03,4.427226513366709637e-03,4.638373561879527603e-03,1.808811203012836372e-03,2.942044491098027258e-03,1.059863545715610368e-03,1.142472504635812583e-03,1.745434370919116303e-03,8.898353724562432093e-03,1.588898942190199171e-03,2.457297259232915729e-03,2.329742372087661561e-03,1.510786685851895099e-03,9.139744176190909078e-04,9.231117592064402334e-04,7.408348257420977259e-03,3.809847075191213168e-04,2.790020791111921892e-03
8.340025389971472691e-01,3.885540391602387497e-03,6.630045204288501038e-04,7.905035385507198573e-03,4.836228592068618666e-03,1.416835155108961560e-04,1.846487644397104208e-03,3.096647522430669153e-03,9.367974229061449545e-05,2.402723175612461043e-03,1.624850401314167176e-04,4.329794588768379193e-03,4.920463032515772980e-03,3.729446937692724659e-03,1.416750248115486097e-03,2.335247884881016048e-03,2.380767984301496859e-03,3.640217058361185738e-04,4.698046912664021824e-06,3.015988921173115914e-03,4.461648416590478609e-03,2.342750513833005439e-04,2.535542206281852281e-03,1.911036560295479789e-03,1.081743497203576949e-03,6.220775571969913709e-03,8.519371311824851939e-03,1.920472562242099904e-02,4.571860446902912319e-04,3.387747022390143106e-03
4.194991732943441076e-01,3.962077778283060008e-03,5.415869940744214538e-04,4.549154640372470026e-03,6.867426657706696656e-05,1.424384070970557449e-03,5.269632850099300204e-04,6.944313400752808244e-03,5.303203990428953301e-04,3.846489838341538795e-03,9.893538182099317186e-05,5.794120712644639090e-04,4.747001120211762244e-03,1.787416400082990180e-04,1.403980448267548716e-03,9.484927597168539863e-04,1.825771803721654239e-03,6.636598817125695295e-04,1.227002136852801267e-03,1.132418922415166654e-03,1.989763693123619017e-05,1.162776292982102468e-03,1.604801559180257754e-03,4.818010160882939090e-04,9.901560903050829216e-04,1.198021640596008382e-03,6.105565094638201436e-04,7.376837462090277305e-03,5.342306242932474275e-04,2.871314621348253476e-03
4.511199793249578427e-01,3.480789100523811255e-03,5.386029231713566380e-04,1.347544305968296271e-03,6.865840902517538901e-05,5.959556131378729478e-05,1.780777362928370180e-03,2.908664228251179717e-03,5.227371731794633975e-04,1.973163815351306437e-03,2.333129716687148405e-04,4.532027301153627964e-04,2.851920113125573555e-03,1.767407360205551503e-05,4.591347284392059344e-03,2.278551169799337972e-03,2.943318084698619535e-03,1.085618485358401256e-03,1.191757332886740628e-03,4.052675649298440692e-04,2.196769180533124366e-05,6.615451600999137233e-03,2.556552142800265666e-03,4.035354249765742271e-04,1.360690269802656248e-05,1.265114150663357567e-03,1.184654810820302872e-03,8.174748942066843715e-03,4.384437162140551888e-05,3.254158489550431927e-03
1.509311346074293514e-03,4.377490598084109522e-03,6.997220177648821827e-04,9.791954229465878873e-04,6.405212594168645788e-05,1.308319282568102726e-05,1.613320530062585956e-04,7.001216132737241547e-03,1.128268157330233727e-04,5.533130245472668921e-03,7.690037403710319613e-05,4.789118825196199761e-03,4.957298115377557074e-03,4.527598803055281861e-03,6.327663314521780880e-05,2.380011726630361368e-03,2.460749423052958473e-03,1.150146954761491766e-03,1.167833622772935717e-03,1.820476003520021422e-03,5.108343664616632994e-03,7.795065629734483637e-04,1.857097831760253816e-03,5.250468900673776335e-03,1.078250384114346665e-03,3.700428101284277804e-04,9.301572220409644234e-04,1.521859211948708990e-03,1.230332857911336912e-04,3.487475151009796111e-03
7.595858148460156445e-02,3.830923605715433940e-03,3.095084581484239348e-04,2.634046989922767153e-03,3.472904377201435958e-04,2.849312179823483039e-04,2.033461823882574656e-04,4.183489367801781957e-04,2.551745124488086409e-04,1.773521892670019192e-03,1.500545494457999982e-04,3.863959272404523778e-04,3.022831497138840640e-03,4.373273156386345284e-04,2.067664746542911239e-04,1.819099627119596073e-03,2.476312686037105640e-03,2.070069295829461849e-04,2.586475578550157949e-04,1.741676711237363437e-03,5.946718253096159625e-04,1.010033732800355360e-03,4.834721677327327195e-03,5.420395890015326790e-03,7.410314447110835645e-04,4.681791327906445737e-04,9.300064304775362530e-04,3.038375835108769307e-03,5.959881397019958782e-03,3.262507481411853951e-03
6.590859910177145422e-06,4.424809221072181428e-04,2.341994485147461287e-03,2.649436422030388306e-03,1.361265268114478493e-05,7.101529743033211002e-06,3.331680886195007951e-05,6.834952758710453012e-03,2.770449893371707255e-05,3.270025283483971295e-03,4.632989201756387647e-04,4.093358222314272959e-03,4.761640158616771770e-03,1.344259083273698638e-04,2.185570783972063443e-03,8.945191216201927361e-04,2.034018773645308257e-03,3.226454479916093972e-04,7.692172378162038951e-04,1.723694848795222917e-03,4.591972665825149943e-03,1.353574406990624979e-03,2.208674416040843150e-03,1.729466620756274161e-04,1.404669205174971514e-03,1.265970812400376948e-03,8.382228650885804270e-04,8.171746892290197156e-03,6.047835178861840372e-05,3.414449251657561066e-03
1.105611911190518271e-02,8.683960674681144402e-04,3.768203326501266479e-03,4.486871861240297743e-03,6.389585534900008110e-04,4.522587827255101448e-06,5.698830360518860640e-04,1.228064946600613497e-03,5.397855977429899619e-04,3.697601287316948891e-03,1.718672182935774683e-04,2.420523388775189071e-04,2.062019353746252781e-03,5.010196347717473485e-03,8.522244472945099750e-05,2.251339913389257662e-03,2.188394480015000160e-04,1.741983745280988732e-03,1.126331262585535944e-03,1.310758326181142401e-03,3.557010651660439901e-04,1.609525775214276123e-03,1.777992866618536205e-03,2.986651704950885750e-04,2.328835185253196321e-04,1.192513924482555693e-03,3.905701977493222787e-03,7.398899089882551502e-03,4.307564860606778387e-03,2.890288211043658649e-03
8.281259207639144471e-01,4.254407773030994232e-03,6.572009894232162461e-04,7.905035385507198573e-03,2.685296140065829805e-04,1.400557526242339717e-04,1.831520332374686477e-03,4.641601420172108451e-03,1.029035189508476812e-04,2.512200979339198736e-03,1.562240909949565788e-04,4.329794588768379193e-03,4.911302292650842130e-03,3.938198738941351210e-03,1.425648341051885364e-03,1.827209389715508340e-03,2.490970734527715030e-03,3.640217058361185738e-04,6.194364154001714105e-06,3.012666756986221751e-03,4.461594439331832349e-03,5.695517806740647143e-03,2.535458817930210523e-03,2.126157690677944138e-03,1.253374944640560026e-03,6.079691625704945236e-03,8.519371311824851939e-03,7.846667911172314561e-03,4.597481586290363964e-04,2.772790231483171844e-03
4.256292968348009409e-01,6.045273723163708916e-03,7.771387284201279524e-04,1.188059255800597708e-03,4.442079602887262068e-04,5.778975580862774544e-05,3.127333354003208410e-05,4.821885128467014517e-03,3.061131686670518978e-04,2.549866001004049299e-03,1.791931097666792430e-04,4.837944267020785963e-03,2.379472531674732549e-03,4.914096932826007586e-04,7.404332845253706885e-05,1.812324572778161737e-04,7.488510323755957244e-05,2.405190709546186376e-04,1.192001096339940624e-03,3.891038574886269974e-04,2.618468430995575698e-03,6.303560328061365119e-03,1.807666442988948349e-03,8.321051095002275459e-04,1.502413918016888604e-03,3.997172222254161914e-04,9.218307039815480794e-04,7.438289893101817166e-03,5.865444658064686116e-03,2.824531245085345598e-03
2.975156981969595549e-03,4.411056462217180767e-04,3.714598940242190474e-03,2.708353418604710072e-03,3.049256496340322763e-04,2.433004170130788585e-04,1.292494349435192522e-04,6.743422992232159068e-03,1.005643168692517929e-03,3.212358294315612040e-03,5.469836938620458540e-04,9.782927453834584786e-03,4.839180848034855230e-03,1.223177004468735862e-04,1.443212327309792691e-03,1.087771623444609703e-03,2.021962431112988602e-03,1.015106553902264327e-03,1.036068416571775570e-03,2.443875108577318878e-03,4.174486192963946726e-03,1.566023863481421936e-03,2.207892174857398020e-03,5.899047048504506979e-03,1.023276776542115163e-03,4.321199535960206298e-04,2.634674808315012190e-05,8.403744483675154933e-03,3.224334315286977656e-05,4.659659645782855165e-03
6.001355946177537593e-02,3.744937573019834105e-03,2.349167633841808996e-03,4.617260878672980497e-04,3.174332539533795874e-03,2.239492068017192835e-05,2.063967174694739462e-03,4.949938126787684599e-03,1.038268573478045177e-06,4.430197263991828699e-03,5.409964176971392147e-05,5.363039950848544866e-04,4.918566601057832062e-03,2.393118891307084576e-04,2.192197477835006268e-03,1.047055121103956802e-03,2.034286155308872267e-03,1.873931273966037369e-04,1.169918004597305652e-03,6.030810302464570047e-03,4.480802865183756544e-04,1.359895982361108329e-03,2.015005795732340531e-03,1.894303975736094311e-04,1.471831696846071348e-03,1.247621671199066785e-03,8.250627504573566267e-04,8.175011995725839711e-03,5.628742927927080607e-03,3.395328994737599991e-03
8.489230665925442398e-01,4.346548906151562197e-03,2.578925951987479873e-03,4.759607981010091637e-03,2.656274400363802684e-04,7.923660992817831486e-06,2.489122140791716039e-04,4.712058158221878179e-03,2.972207728146570964e-03,2.996556659134896015e-03,2.263738912122268288e-04,3.200564690024052580e-04,4.908877786204788631e-03,3.846743694143782075e-05,1.167955094482358387e-03,2.265289811172993550e-03,2.050566823201934764e-03,8.016604328667338228e-04,2.982404273865587241e-04,9.361500369876699394e-04,4.859802332952092851e-03,9.932305130882992592e-03,1.856855346449742946e-03,5.518880589403557524e-03,1.574066721011888915e-03,4.574153049924970481e-04,1.146451482824404743e-03,1.947403161552932124e-02,1.073884246769864301e-04,3.022314124683869903e-03
6.284923820794400262e-01,4.106003697403141743e-03,3.716718816380009966e-03,2.538480766500266980e-03,2.103651722521052755e-04,5.772448536606541872e-05,3.587964659283514410e-04,1.537102089726911924e-03,5.242706776347706363e-04,3.764683797468900382e-03,3.093845045004743328e-04,8.771929030555972607e-04,4.925164297952068504e-03,4.715856678317618261e-03,2.845381944732806108e-04,3.328880881412185633e-03,2.842000825344828414e-03,1.139955507592846883e-03,2.729275001988049130e-04,1.299286291135645947e-03,9.764635610379889669e-04,6.481354367379551194e-03,7.323629122540345829e-03,1.346667961785494414e-04,1.451186554955411845e-03,6.471820821912829119e-03,2.754119573506898623e-04,1.652638293313638679e-02,5.209029952949416863e-04,1.615281435807770609e-03
1.120272410221723192e-03,5.998441887677076131e-03,6.355841516443678715e-04,1.360914651768514337e-03,6.869245276169740890e-05,5.982529467401159545e-05,1.780777362928370180e-03,6.910364428595365364e-03,9.857148260565837608e-04,2.298357436560253663e-03,7.943707693143612107e-05,4.532027301153627964e-04,2.868914049728607269e-03,2.657108584462998871e-05,5.768654860334411147e-05,2.277037721659595781e-03,2.943318084698619535e-03,1.131158620500165735e-03,1.169795181606589091e-03,1.791381447480903770e-03,3.604135920086838380e-03,4.161648876573928457e-03,2.556552142800265666e-03,4.035354249765742271e-04,1.398389047753798714e-02,1.265114150663357567e-03,9.250187283629983858e-04,8.175018361724056132e-03,4.679734444099157686e-05,3.769653045995070145e-03
2.247530739126880200e-02,2.240507590663023355e-03,7.818394439408119477e-04,4.272780608841396897e-03,2.686460697284483732e-04,7.814131275338289913e-04,5.789535738468618888e-03,3.558311116118873831e-03,2.986426379170259351e-03,3.268234056373012664e-03,5.710350208175394345e-04,4.133492938586800407e-04,1.759270116400274246e-03,4.755525753200656389e-03,5.178192130965601075e-03,2.321748532459240108e-03,3.056579652069975079e-03,1.045919330644014961e-03,1.329445594517794649e-03,1.304890503518854605e-03,2.394834448152424983e-04,9.926100620229626539e-03,1.880594627663781165e-03,5.439573954068308362e-03,1.245866671512212360e-03,1.045097432341925538e-03,5.581831592697578288e-04,8.513130133392159127e-03,2.949946897047191902e-03,3.043576424361284921e-03
1.755342431071103132e-02,2.708690858596091936e-03,5.750690977418988770e-04,1.453128802632786551e-03,1.206105542380500931e-05,7.425174793939567615e-04,2.210926538324316758e-03,4.700941524594330796e-03,4.939179869415737893e-04,3.291768950830662507e-03,1.292674257317899577e-04,2.002542028459256278e-04,4.715345339543756953e-03,2.361031574041952408e-04,1.103023115623652864e-03,1.379320741256774129e-03,2.459684830465058442e-03,6.313333914762654479e-03,1.209176920223669141e-03,2.858227393721013334e-03,1.889064413006854713e-04,1.486547043268839942e-02,1.777028150769687257e-03,2.922260886649456421e-04,1.113739169875639038e-03,1.169752346871750538e-03,9.960669221581986386e-04,8.251226928486737541e-03,1.188311086435935802e-04,9.204192037081963731e-04
8.241202411956713991e-01,1.015220681426319939e-03,1.405963377301820303e-03,1.092188039610025559e-03,1.322744656536845850e-05,6.154142424461261094e-05,2.095824885591761420e-03,9.525141696930240071e-03,6.045898352327529635e-04,5.292560883184797837e-03,6.141867307159739123e-04,5.457444878485031561e-04,4.648669077843095056e-03,7.161104947113359695e-04,4.978737296031131472e-03,1.019704204998404069e-03,2.963344089187800508e-03,1.059863545715610368e-03,1.167531032078925318e-03,1.869304779248313897e-03,3.015824629455084258e-04,1.507377231788188969e-03,2.479508961758540922e-03,6.461239458254149168e-04,1.048512274554654978e-03,8.079220827293979654e-05,5.188775088017789743e-04,8.715727800856139587e-03,3.508030986678019108e-04,3.800916322755041980e-03
4.345878446416800434e-01,8.504752404229652327e-05,6.029222743414917830e-04,1.159156286205399386e-03,4.087858009611901918e-05,3.130316989008924194e-05,2.200240183654359090e-03,3.070391036831731247e-03,2.952284164170532643e-04,2.363110826129659770e-03,6.154756113788210350e-04,4.548468834313630724e-04,4.866895049608001289e-03,4.389323972886775144e-03,2.670755314505258125e-04,2.316599321701046359e-03,2.948072150299812458e-03,1.059863545715610368e-03,2.715327613760093873e-04,1.079604054036872266e-03,4.180847319971524659e-03,1.588898942190199171e-03,1.873301297563711044e-04,5.716071940962622576e-03,1.475420594521325689e-03,9.434195052218645895e-04,9.231117592064402334e-04,7.408348257420977259e-03,3.814177892288133222e-04,3.404977582018893587e-03
8.370997679769891509e-01,6.045273723163708916e-03,6.352849662907098394e-04,1.171260906174290909e-03,1.177956310834200795e-04,4.718168587983543813e-06,6.283896411340847421e-03,4.899352765822850495e-03,1.028006200884291335e-03,2.609440729304305512e-03,6.517739378645429939e-04,6.774282453662634328e-04,2.403692484618921623e-03,4.421874412424920721e-03,5.027222542947630893e-03,2.393374128214877713e-03,2.977480135045204850e-03,2.142840208159122232e-04,2.852796062002028185e-04,4.254957983495618245e-04,3.727389683454992476e-03,4.141048411160195772e-03,2.444684394521246754e-03,8.398287949231473095e-04,1.510737007640572697e-03,2.158511231990622569e-03,9.233484403373820593e-04,8.229038939255325577e-03,5.330438644797797464e-03,3.776031633648343870e-03
6.286309058330485922e-01,2.944775215163497432e-03,5.043811141045343414e-04,3.168060372711422809e-03,2.167040609286150898e-04,1.324827330201339137e-07,1.298274895194576322e-04,4.714997126360498739e-03,9.710558992863793778e-04,3.260803196060090958e-03,1.973511196599978326e-03,4.273611551919841178e-04,4.919809347047801769e-03,3.037190300044004775e-04,2.078538256754619248e-04,8.800380679694698753e-04,2.508641463592091187e-03,1.166477551038341441e-03,5.418849308488254605e-06,1.627529044450556255e-03,1.881960128635828781e-04,1.193791804154464408e-03,1.673272383567209632e-03,5.562556424792176879e-03,1.155195532354446903e-03,6.312203509374112939e-03,8.711488784162186444e-03,3.611306712954011691e-03,1.167295415685041941e-04,3.946620301437848283e-03
2.280322579417531914e-02,3.839118387478685293e-03,3.693150347520727118e-03,4.649319255795895597e-03,8.026892998179500742e-04,3.786163481092012090e-05,2.868285507705097513e-05,6.838243246723055974e-03,2.185464918344771890e-05,4.320018430960562497e-03,5.189504275645865565e-05,4.040194623107976231e-03,4.779086372320582449e-03,2.417621322632042616e-04,2.201003134366743413e-03,8.945191216201927361e-04,2.057468860676934033e-03,1.144695438878781668e-04,7.687133515677561056e-04,1.670448087000267826e-03,3.946529258205155226e-04,1.360813032423396430e-03,2.012754423007311749e-03,1.888660672857596368e-04,1.208291878179101279e-04,1.247621671199066785e-03,7.347675166167932839e-04,8.175011995725839711e-03,5.521305592112393410e-05,3.414449251657561066e-03
6.304664852518691021e-01,4.134429055034740015e-03,3.572913461282040386e-03,7.893217112520200737e-03,9.035213991493818797e-05,4.328101168051144476e-05,1.693049613266956605e-04,6.910442452412146955e-03,1.562806556845050239e-04,2.296853523539092029e-03,7.641836005471009925e-05,4.676099808058225768e-03,2.868887482038339452e-03,5.528745559090549738e-05,1.925658062159264945e-04,9.132821464538757889e-04,2.924586965970993151e-03,1.165898858758107441e-03,1.149479945214733215e-03,2.788007121018941728e-03,1.569821269434327170e-04,4.701678141142064116e-03,2.556498929423495995e-03,3.449386648291940128e-04,1.147784006482445874e-03,5.853255693865641943e-04,8.417610095684599850e-03,8.176155230752029518e-03,4.301115972571739230e-05,1.630081305229774853e-03
5.893808980299952704e-03,3.502180838623119869e-03,5.386029231713566380e-04,1.354149459195014282e-03,6.869245276169740890e-05,5.982529467401159545e-05,1.770988597454681247e-03,6.865783003047706487e-03,8.655090311238746196e-05,4.132959565984060252e-03,2.213637829714376051e-04,4.257252070850175985e-04,2.960663974338092509e-03,4.417770504956037604e-03,5.768654860334411147e-05,2.277037721659595781e-03,2.010650027283520172e-03,7.014803774009949894e-04,1.167282119644880980e-03,1.827902859893991254e-03,2.196769180533124366e-05,1.149152343805426909e-03,2.541041528339670150e-03,1.576381485904395459e-03,1.084138986044783917e-03,1.265114150663357567e-03,9.133855437375914751e-04,8.043014484167988060e-03,4.679734444099157686e-05,3.254158489550431927e-03
6.519038460564332560e-01,4.228623116914720891e-04,2.881916646903160371e-03,2.726166193094201138e-03,1.521212981250592150e-05,2.313926264634029320e-04,1.017608024605962374e-04,4.682709677913477267e-03,2.954272648572330040e-04,1.345168430133584885e-03,5.469836938620458540e-04,6.505405371971539636e-04,4.838954385010969632e-03,1.389494593939921674e-04,9.105777311621157492e-04,2.286615934606698979e-03,2.034481751869500997e-03,4.614686309275661401e-04,1.036653741633388175e-03,5.694800787231090941e-03,3.298953765646387088e-04,1.582441563338603816e-03,1.985238233332201063e-03,3.839762307097948670e-04,1.447634510311156773e-03,4.376801133168754928e-04,6.890096803434375954e-04,8.174019893854798588e-03,1.155358823662287320e-04,1.616973286680645867e-03
2.241403501111602081e-01,3.831420693563144728e-03,4.064255812477046703e-04,5.901430057527525322e-03,3.687207256218968856e-03,1.064288128311743648e-03,1.648580470917545811e-03,6.762313121929808962e-03,1.389723668681080602e-03,3.274504916696422893e-03,4.254449329162469408e-04,3.345324003013010737e-04,2.901405845629476295e-03,3.994734080757472543e-04,2.072599770768929477e-04,1.195039968785358963e-03,2.949618123950630780e-03,1.733724793516222421e-03,6.914248095352939962e-05,2.817151727814594560e-03,1.539666167633974708e-04,9.551756371057623001e-04,7.428362167121917853e-03,1.269858713505644335e-03,2.361986930086144333e-05,3.527817796752810795e-05,4.197377956838846402e-03,8.223169569964194556e-03,5.242024188429997593e-04,3.238497420860677375e-03
6.650776740382718932e-02,3.731202257824434848e-03,7.399499727166548900e-04,6.565354468803201796e-03,4.020051634413194901e-05,2.524107883546333145e-04,6.398590608460721051e-05,2.759260705517256086e-03,5.980443620668058399e-05,4.348675247739321875e-03,1.085550531148217110e-04,3.225887261674026396e-04,4.867272902240451365e-03,5.607067908073807422e-04,2.062357998480741461e-04,7.087944283489186221e-04,2.962406053773053612e-03,1.059880450617816739e-03,2.740232719218501376e-04,1.135495746503140373e-03,4.886965856576183306e-03,8.791509295566326057e-04,2.723265922090723976e-04,5.940419087489543989e-03,8.330034098877642668e-04,1.042729451666954540e-03,8.653170485987660664e-04,8.217287105431630642e-03,3.541058121558727850e-04,2.835854637870650462e-03
6.200168331832195401e-01,6.045273723163708916e-03,6.352849662907098394e-04,4.550554325294429471e-03,1.177956310834200795e-04,2.541286537078964658e-04,6.283896411340847421e-03,4.901482636066034453e-03,1.028006200884291335e-03,2.609440729304305512e-03,6.550369656985082552e-04,8.297558080736285729e-04,4.478939373833315356e-03,2.803236446352413112e-04,5.038114288303618613e-03,2.375847468371040244e-03,2.977526726070360390e-03,1.917838047294272499e-04,2.852796062002028185e-04,4.254957983495618245e-04,3.727389683454992476e-03,1.537381222041743272e-03,1.843191428914388915e-03,4.876101116435297041e-03,1.510737007640572697e-03,4.516113071015016552e-04,9.352954254470610945e-04,2.858622200807119530e-03,5.330438644797797464e-03,1.863801014195005414e-03
6.323902540430437202e-01,2.968372217139935744e-03,3.541813848754092175e-03,3.102333961690594867e-03,2.499640269830040278e-04,1.324827330201339137e-07,1.814763762167601654e-03,5.794365725847721443e-05,1.139453177514754213e-04,3.260803196060090958e-03,2.416299960717820626e-04,8.814323237383786883e-04,4.859743107216031761e-03,1.354835562904759677e-04,2.078538256754619248e-04,8.800380679694698753e-04,1.922709308589323892e-03,1.154093211758405214e-03,3.621640674134226062e-05,1.659399647005043495e-03,1.881960128635828781e-04,6.458282391189696173e-03,1.747368267701527190e-03,5.453872095682299123e-03,1.598200980729366132e-03,9.445173767164104228e-04,8.661640743024816985e-03,1.808819823466893337e-02,1.143126690861750137e-04,2.787051315645004950e-03
4.450585909436539644e-01,4.243676412050023487e-03,3.532612550051513530e-03,7.493371800162513044e-03,2.917935389793054578e-05,5.748918021803566545e-04,1.998459955723845506e-04,2.638076319848603815e-03,5.892218289821672152e-04,4.187186677873294682e-03,6.221423902663988491e-04,4.709097311118593324e-03,2.311840284093276150e-03,6.297603844376042969e-04,3.085410663993197466e-03,1.263411458318099059e-03,2.481437723828273326e-03,1.108769208299708112e-03,1.143820072674948344e-03,2.154075272864010987e-03,1.909571278548044971e-03,1.318948166970310750e-03,1.849041450992182020e-03,6.464501849664747732e-04,4.529261330169656943e-04,4.714319431879483366e-04,8.743814561810760166e-04,1.896766914204118691e-03,4.733474329884333927e-03,3.410676304609780614e-03
6.420622076107391774e-01,2.968372217139935744e-03,3.336700693116911691e-03,3.134062046738295918e-03,8.624264123308261526e-05,7.807854027701564056e-04,1.866719568085301647e-03,4.718488354703614419e-03,5.435496265287174120e-04,2.433730028481970089e-03,3.273258492975869571e-04,8.827262406152837923e-04,2.796330738304314036e-03,1.417183061027141268e-04,2.146622673583661010e-03,1.816468931134559549e-03,1.994185580202442395e-03,1.166203925982304494e-03,1.269229238563322933e-03,2.857960960085270501e-03,1.062184895467017248e-06,7.876828875661327084e-03,3.340985691403113023e-03,5.559772068168735565e-03,1.108626501900701698e-03,1.197039253573464312e-03,7.922079203775355370e-04,4.295613376035050529e-03,9.733930135621019311e-05,2.794713607890470051e-03
8.373029824151130285e-01,6.078242058741812823e-03,1.083113423036628081e-02,4.594768409048987333e-03,8.440625325384373628e-05,1.314911772712866987e-06,6.302197607241872071e-03,9.998419600035022680e-04,6.502033905885378808e-04,3.489795381626862019e-03,1.724507485235241867e-04,1.760518647933934783e-03,4.753941308119742637e-03,5.045529290924936038e-03,4.777418911552772790e-03,9.639671180463502912e-04,2.963453431147032146e-03,1.895387530856661748e-04,1.307655991028870961e-03,1.088390717460054969e-03,1.224717711461890870e-04,3.781665335328479420e-03,1.799662166302237873e-03,9.400662379290352332e-04,1.506922792971792562e-03,2.170482532715322429e-03,2.277863217884644226e-04,8.483223947924688202e-03,4.228632309929720307e-04,1.852267461042125156e-03
6.238495097890814911e-01,3.814539863192917789e-03,6.352849662907098394e-04,1.044658795636980737e-03,4.194400665038240227e-04,1.511451742953694036e-03,2.300715056726093059e-03,4.863231305996926560e-03,1.028006200884291335e-03,2.609440729304305512e-03,6.517739378645429939e-04,6.830413526577442697e-04,2.403692484618921623e-03,4.421874412424920721e-03,5.027222542947630893e-03,2.393374128214877713e-03,2.977480135045204850e-03,2.142411308785937944e-04,2.736778776150544700e-04,4.287217565432937410e-04,3.720058931616505339e-03,4.141048411160195772e-03,2.444684394521246754e-03,8.398287949231473095e-04,5.878468552461130203e-04,1.254124263447483787e-03,9.233484403373820593e-04,8.229038939255325577e-03,5.330438644797797464e-03,3.776031633648343870e-03
6.373527004398307216e-01,9.772543664153458647e-04,1.217694891004681128e-03,8.193637357177523811e-03,2.936788273315894295e-04,1.930125797818731202e-05,1.885656644376794856e-04,3.033528222871214718e-03,5.523040323551030696e-04,2.969916513425665660e-03,2.318149445092055477e-04,4.776697354898400485e-03,4.847463197262102258e-04,4.527598803055281861e-03,4.493270697119030634e-03,2.381525174770103559e-03,2.924049783173538787e-03,1.148627695196220407e-03,1.197240469261100703e-03,8.667295126260532619e-04,5.077684115631859833e-03,1.299225557683252865e-03,1.856844139754206978e-03,1.767345111343739811e-04,1.570682561176896730e-03,3.732204449434757890e-04,6.138587127531516417e-04,6.572389434757065080e-04,5.657408484845112491e-05,2.846832435167324146e-03
4.369088707376123093e-01,5.299127591910533439e-05,7.176431336314475010e-04,6.383993328812091403e-04,3.024693098433763728e-05,7.684305214099426337e-05,2.074849689456341548e-03,2.761011556233915545e-03,1.385660766726407337e-03,4.111444326298064646e-03,1.241040738328092949e-04,4.582703302048012073e-04,2.230874554409081889e-03,1.067413341680609391e-04,3.122359505659205378e-03,2.026932366434363794e-02,2.468274764541618285e-03,1.145738348805216142e-03,1.148204600653646070e-03,2.819202286131490282e-03,4.176671156571550719e-03,1.588898942190199171e-03,2.472762390989354051e-03,2.329742372087661561e-03,8.007510440492544151e-05,3.289513278907163843e-04,6.065808777818247968e-03,2.041571677945584924e-03,3.532492226135205862e-04,3.402911221280103399e-03
6.273919764876025873e-01,4.106003697403141743e-03,3.786500649091360457e-03,2.969066632508055286e-03,2.698464323265596610e-04,5.772448536606541872e-05,1.863278068322198056e-03,1.537102089726911924e-03,5.121698010570044021e-04,3.776812349108456604e-03,3.093845045004743328e-04,9.575829570530461961e-04,4.925164297952068504e-03,4.715856678317618261e-03,2.845381944732806108e-04,3.328880881412185633e-03,2.842000825344828414e-03,1.139955507592846883e-03,1.343099551583904687e-05,1.299286291135645947e-03,4.470161454037607264e-03,6.481354367379551194e-03,7.156373607641073470e-03,8.991792276300398764e-05,1.451186554955411845e-03,6.091514104330134072e-03,2.754119573506898623e-04,7.766684434809292131e-03,5.209029952949416863e-04,1.479617945384997628e-03
4.169749993400631571e-01,8.380612989707732392e-04,7.605720177669469256e-04,4.272478826079004373e-03,5.113262659855935012e-03,4.564636867138827494e-05,2.245811476252734633e-03,6.875812402063087060e-03,9.991066531787216529e-04,3.324389012763364227e-03,4.700471942884792064e-04,6.774282453662634328e-04,4.764937167582527187e-03,1.354344100735162184e-04,1.548332172114057301e-03,8.702771034576601119e-04,2.034230602982732040e-03,1.638696322995771438e-04,1.127337505299475396e-03,1.711959710223927506e-03,2.618468430995575698e-03,1.287066526458208529e-03,7.223504981619030367e-03,2.038849214690056878e-04,1.500340328569645196e-03,1.514683732758414884e-03,5.633012957267085653e-03,8.229038939255325577e-03,1.312098078735308461e-04,3.413971993834993487e-03
6.355267383259746161e-01,4.131499676788719967e-03,3.591519035779460606e-03,4.541647453713826277e-03,3.290304634977164570e-03,2.518968923773225784e-04,5.771056565147064665e-03,3.154099429350537814e-03,5.386342728997586381e-04,5.857670847141515508e-03,9.005541763338898971e-05,4.751640140388730706e-03,4.576966717028430574e-03,2.954585219681486242e-04,1.005372975191465811e-03,1.225633601979381985e-03,2.035864803799173998e-03,1.726546907809363082e-03,1.187105405307001434e-03,5.582575900613109474e-04,4.426491027122530196e-03,1.541687251602842429e-03,1.870649891807196503e-03,5.250317712426729594e-03,1.842026792132116925e-02,4.482781519992029714e-04,5.194848391093301581e-04,2.796166949383227518e-03,5.784289575139968387e-03,1.713757158979781594e-03
4.278271878034010101e-01,3.783483971310290257e-03,2.069404541162413180e-02,4.417593536981605055e-03,4.840752766669340242e-03,1.461304349499908581e-04,2.362193744754699162e-04,8.774946458234267853e-05,1.223681206123499463e-04,4.170087790859227338e-03,5.977620757168602451e-04,4.347528553930547074e-03,2.386835430299762313e-03,6.653205745817763160e-04,3.109000563654444951e-03,1.947262597644933277e-03,2.454366376799515560e-03,1.053306036239519796e-03,1.120555860791061769e-03,3.012666756986221751e-03,4.455726098700944250e-03,2.583587402845844826e-04,2.470228465023775657e-03,2.142348323236157107e-03,1.535512372958157141e-03,6.190788861751549479e-03,8.519371311824851939e-03,2.227397457094822814e-03,4.597481586290363964e-04,3.238413072099169399e-03
4.150891284471975862e-01,5.064016863622581178e-04,3.617478228404590306e-03,1.348618984328007120e-03,3.427423157833891110e-03,3.399649417872755255e-05,2.868285507705097513e-05,6.838243246723055974e-03,2.896835950343828753e-05,4.361461710830318722e-03,5.136848472317452196e-05,4.093358222314272959e-03,4.754328258696279182e-04,2.417621322632042616e-04,1.170366041420110338e-03,2.374817594078002057e-03,2.930733657273343427e-03,1.140658389657314351e-03,7.545793056589593113e-04,1.670448087000267826e-03,4.244606929230693854e-04,1.360813032423396430e-03,1.852516458484382202e-03,1.894303975736094311e-04,1.208291878179101279e-04,1.247621671199066785e-03,8.267590764800680911e-04,1.909270496502881581e-02,5.521305592112393410e-05,3.414254840621247771e-03
3.315014219399115003e-03,3.696369741616889124e-03,8.043112365945777418e-04,7.894820111911109162e-03,1.671706521934130318e-04,1.930125797818731202e-05,1.885656644376794856e-04,3.033528222871214718e-03,5.480682553212845934e-04,2.928473233555909869e-03,2.345463804426199260e-04,4.783456637609689172e-03,4.644943635005184188e-03,4.527598803055281861e-03,2.121147967438970390e-03,9.012267034095809964e-04,2.020882413566571067e-03,1.226213532156347503e-04,1.210500023047950688e-03,8.667295126260532619e-04,5.053741908946682293e-03,1.194139130490583928e-03,2.019587169008212144e-03,5.379689001630544656e-03,1.570682561176896730e-03,3.732204449434757890e-04,6.138587127531516417e-04,8.556338647091283472e-03,5.657408484845112491e-05,3.487669562046109405e-03
8.321094235590535959e-01,3.436558993923832708e-04,1.071751200964324996e-02,3.030404577706338060e-03,2.554789524016989107e-04,2.279072126446608434e-04,1.838982249436622689e-03,8.915311039036264654e-04,6.294967971100526652e-04,3.447910250165632344e-03,7.755305443155123372e-05,3.852883839762901233e-04,5.017748751181329639e-03,5.836601883451108348e-04,7.653843574230807453e-04,2.211623300476032311e-03,2.440702178186260774e-03,4.563505090527800786e-04,2.828576732742532629e-04,8.954017539441947154e-04,1.258377041429095157e-04,2.342750513833005439e-04,1.798375534243938645e-03,2.145176626632631575e-03,1.527166088221111780e-03,4.604254981365892528e-04,8.254234908994930592e-03,1.900940263718590290e-02,1.495599741728654859e-05,2.796004493624712223e-03
6.425146240647345852e-01,3.955469006585700387e-03,3.765320018293412743e-03,1.151407685053375913e-03,1.045602245390906239e-05,1.416357153785190994e-03,5.269632850099300204e-04,6.920432421740512104e-03,5.303203990428953301e-04,3.846489838341538795e-03,9.893538182099317186e-05,5.802041594679624523e-04,4.747001120211762244e-03,1.787416400082990180e-04,1.308796678292469592e-04,9.526152872639672515e-04,1.427319400492279124e-04,6.636598817125695295e-04,1.227002136852801267e-03,1.132418922415166654e-03,1.987507288140186702e-05,1.131400638610325715e-03,1.608144490886959273e-03,3.099131230483500319e-04,9.901560903050829216e-04,1.198021640596008382e-03,6.105565094638201436e-04,7.369712641786024115e-03,5.348945974577723342e-04,2.872493282861541316e-03
2.105615022471099551e-01,4.107359371980121715e-03,1.378686502615461031e-03,6.610487160548609090e-03,3.875963127048286452e-04,6.666359453624134089e-04,1.929377529504050330e-03,9.204295376397204562e-04,6.461996693119168413e-04,3.267544521941046637e-03,3.761502195942947966e-04,4.380518664706562273e-03,4.732624643290194930e-03,5.442026539688712972e-03,9.553138277378510866e-04,2.280631771573845158e-03,2.949312762600234204e-03,1.068246581219960741e-03,8.032094798605599658e-04,1.270209564969066764e-03,2.845056523386671346e-04,3.737153734455064477e-04,1.837208556980491790e-03,9.589745132753560528e-04,1.423278095319155769e-04,1.968053541191155248e-04,8.767358131116150324e-03,8.650816787456779011e-03,4.586686824547223118e-04,1.618683983765304996e-03
8.318394837614340176e-01,3.831023813364851406e-03,2.406101198240812988e-03,1.458465470002054138e-03,1.423605690240365069e-05,1.742706221223971549e-03,1.650668809294340844e-03,1.066577649057369242e-03,1.741097260985233902e-03,3.277106466313318370e-03,4.483165854037081291e-04,4.070401765242851258e-03,4.661684037289694910e-03,3.598950889279821722e-03,1.770046701727494634e-05,8.207685647139440497e-04,2.439173221674160140e-03,1.740802490870077069e-03,7.333404218696955041e-04,5.841865830730395837e-03,3.759449683662602869e-03,9.972493382341036678e-04,8.844871130331370939e-04,2.200532075225928186e-03,2.177603771485979445e-04,2.163262329440379488e-04,8.587119948572875458e-04,1.829778470371885499e-02,2.560525054465267493e-04,3.798036608210052928e-03
4.203690720368423173e-01,3.842454825953561977e-03,3.763906791780582961e-03,1.220896968639130671e-03,5.031637038113577660e-04,1.364071817562768148e-04,9.451898733835906619e-05,4.781094791166826119e-03,2.955125675782345734e-04,2.361341939877204150e-03,1.181261902788096902e-04,8.663683214103419820e-04,2.998642003178373077e-03,2.745538227902554959e-04,2.078551833222221567e-04,7.301840702545322678e-04,2.491687551963166821e-03,1.261522751815701113e-04,3.651741970731839544e-05,1.751160054647903476e-03,1.943424692694472114e-04,8.995356767793941631e-04,1.516507781032327843e-03,2.325789761574344802e-03,8.439976200197941633e-04,1.084083243051549598e-03,7.936315216584198485e-04,7.418767009867804213e-03,3.585118346240494486e-04,1.508857680288177520e-03
2.151230244325909591e-01,4.109974579052930350e-03,1.211775917244799867e-03,1.524315175376650096e-03,3.873640540189176619e-04,7.564411402284661580e-04,4.726114304647174250e-05,6.821645706558860343e-03,9.942966498055043085e-04,2.139178396336652126e-03,2.151225639406204162e-05,5.230141742594766711e-04,2.824416422532674380e-03,1.744564799079080346e-04,1.810591875326743555e-04,8.306109352039507026e-04,2.018834106324259026e-03,1.128959994070798459e-03,2.948252993060389076e-04,2.917088377847347133e-03,5.107291145228357032e-03,1.250396224008636700e-03,2.215748352618712464e-03,5.669454845899434686e-03,1.166647801392911273e-03,8.161519092947887560e-05,3.457644939319269670e-04,1.876412791015379805e-02,2.217695172853745636e-03,3.902358056978607465e-03
2.353848919311757881e-01,9.879645802308382324e-05,5.168587097485906594e-04,2.677573046659217221e-03,3.535768679892553178e-04,3.030646982606666510e-04,2.124624257380387272e-03,4.626294322556902608e-03,2.873417627179853263e-04,5.201658763547272780e-03,1.665668180133134352e-04,4.238942977104810141e-04,4.949842598852709913e-03,5.713241839372971281e-03,1.025633382664911230e-03,2.314542410897586951e-03,2.397569602208271099e-03,1.143459892140585681e-03,1.146988826457743648e-03,5.051826530355343556e-04,3.020269014920092410e-04,1.656559446076772898e-03,2.553399849987846200e-03,3.637959515125522170e-04,8.997092011974036282e-04,2.223790861633883611e-04,9.111053940469116897e-04,8.626201687730072551e-03,1.172777747992314690e-04,3.254774794178561231e-03
4.183844632890449389e-01,8.485441056120415857e-05,5.482997117176918647e-04,4.378417241097006841e-03,6.663819230866090647e-05,1.384074488319086017e-03,5.152220186731322352e-04,4.246214805318229528e-03,5.404432654177784021e-04,2.428246141930075555e-03,1.644804043316769966e-04,5.276453541486075555e-04,4.746574660310380958e-03,1.787416400082990180e-04,4.585628047799232901e-04,2.251163617087497022e-03,1.719311528157972495e-03,1.115747139707962262e-03,1.227434142000319393e-03,8.514254240015502878e-05,3.633220997231903873e-04,1.530332840794688997e-03,1.624031911372901364e-03,2.298947424742333722e-04,9.913384215660397004e-04,1.199136186663778787e-03,9.405950020606784669e-04,7.408825576031861926e-03,5.342306242932474275e-04,2.845369384542251710e-03
2.440171721252460957e-01,3.839550958270759786e-03,3.722056107340965606e-03,1.055119053880681146e-03,2.412337850411221552e-03,1.843300376403825291e-05,2.610686149670591975e-05,4.604191070752480797e-03,5.185520661053412850e-04,4.325073625021388403e-03,5.315515911195865003e-05,4.793217090296256373e-03,4.768532508193520925e-03,5.100012096285768542e-03,2.207087889178970842e-03,8.945191216201927361e-04,3.073068779133350699e-03,1.144695438878781668e-04,7.677687843947835541e-04,1.670448087000267826e-03,3.991161494477777532e-04,5.922407363291473485e-03,1.816436631630977388e-03,9.335504729492906297e-04,1.208291878179101279e-04,9.859177895302712394e-04,5.128538870954229070e-04,8.470827442513583286e-03,7.086684396090912885e-06,1.701628347254225760e-03
4.138795474506117289e-01,3.889735361860841706e-03,6.606687312052991062e-04,7.982340972182592337e-03,1.586969582772266673e-04,2.263759217663862690e-04,2.868285507705097513e-05,6.838243246723055974e-03,2.939447076766012147e-05,4.322004006048603408e-03,5.409964176971392147e-05,4.110514874127940178e-03,2.737497261643081527e-04,1.831379076203500707e-05,2.201003134366743413e-03,8.945191216201927361e-04,2.946994543030442316e-03,1.097829796614541945e-03,7.715789652703841086e-04,1.670448087000267826e-03,3.295079112063095585e-04,1.197108405430516746e-03,1.985204730037968407e-03,5.451307907138998321e-03,1.153038909127947730e-03,1.218042501506046886e-03,6.086620218824277759e-04,8.175011995725839711e-03,5.521305592112393410e-05,1.635742333313656548e-03
3.833296210418390970e-03,3.144052867418965259e-04,3.761139618717515738e-03,1.261239655943685589e-03,7.923869823815981196e-05,1.930125797818731202e-05,1.885656644376794856e-04,3.033528222871214718e-03,5.523040323551030696e-04,2.969916513425665660e-03,2.318149445092055477e-04,4.783456637609689172e-03,4.852755014326000718e-03,4.527598803055281861e-03,4.534011102102755188e-03,2.381525174770103559e-03,2.004621527809472177e-03,1.663148347949090148e-04,1.197310544312125795e-03,8.667295126260532619e-04,5.077684115631859833e-03,1.357843757483463394e-03,1.857097831760253816e-03,3.248558663558665828e-04,1.570682561176896730e-03,4.027996374598210574e-04,8.319557673507919568e-04,1.947403161552932124e-02,5.657408484845112491e-05,3.486102517244745770e-03
1.971159264248230625e-01,5.125573369210711938e-05,3.863644105935012778e-03,1.573662841684066171e-04,3.345038918796674424e-03,2.775167358014219115e-04,2.038172790066192577e-03,4.682836783344586362e-03,5.465604154410357105e-04,2.919715701518148937e-03,4.954425509433799113e-04,4.762920841693491295e-04,2.434195617859407842e-03,1.186061787133950440e-04,7.724700076117208599e-04,2.298673128582803468e-03,2.024535025100899707e-03,5.790374446279007064e-05,1.124381518710406043e-03,8.521224183285277132e-04,1.468092933293980128e-04,1.577593765617553261e-03,1.795413640886991524e-03,1.232810042999822435e-03,1.439998704605810823e-03,9.192726698670321273e-04,7.707728711230737127e-04,7.847603691793705524e-03,1.174773588108389511e-04,3.106568266008460141e-03
4.219458139234019689e-01,8.504752404229652327e-05,6.029222743414917830e-04,1.138885557545729491e-03,4.087858009611901918e-05,3.130316989008924194e-05,2.094671426687491535e-03,3.114563820313227815e-03,2.952284164170532643e-04,2.363110826129659770e-03,6.154756113788210350e-04,4.548468834313630724e-04,4.866895049608001289e-03,4.389323972886775144e-03,3.175024408939861389e-04,2.316599321701046359e-03,2.947353508278072621e-03,1.059863545715610368e-03,1.134285881210935886e-03,1.079604054036872266e-03,4.180984684528267839e-03,1.588898942190199171e-03,1.873301297563711044e-04,5.716071940962622576e-03,1.519441562907631596e-03,9.434195052218645895e-04,9.231117592064402334e-04,7.408348257420977259e-03,3.816905188941059190e-04,3.404977582018893587e-03
8.168033925547282803e-03,9.585595265714321779e-05,5.192081085976514403e-04,1.346585999342372929e-03,3.245955807189406482e-03,2.128380196424834109e-04,8.496167112099313121e-06,6.831881470082854305e-03,2.769454146824130948e-04,4.322004006048603408e-03,5.714536250558745369e-05,4.110514874127940178e-03,4.761640158616771770e-03,1.831379076203500707e-05,2.153557450356861133e-04,8.341178201561880775e-04,2.382741135505532428e-03,1.153553379664876502e-04,7.715789652703841086e-04,1.670448087000267826e-03,3.033459338641388546e-04,1.360813032423396430e-03,2.553152890409214181e-03,5.696146079363968327e-04,1.152139931044080749e-03,1.322465009746147998e-03,9.342507494489956689e-04,8.261430881826100150e-03,1.192206595373136388e-04,1.634369699536832640e-03
2.246672134206819937e-01,3.844815345026238174e-03,3.702266401068922928e-03,1.551502941681477980e-03,3.909744848238391572e-05,7.943137959480396247e-04,9.736810047776885135e-03,6.747266441187872721e-03,3.982880630170422195e-05,5.326100507620503202e-03,1.635210981803450069e-04,5.285991262915057214e-04,4.949842598852709913e-03,3.043843954365407084e-04,2.168334374967275172e-03,2.337439028206001954e-03,2.036793088293130469e-03,1.128585355405148979e-03,1.179371301030006716e-03,5.689151897275040656e-03,3.281888788341799450e-04,1.656559446076772898e-03,1.985451689616600426e-03,3.914582050474481691e-04,9.006081792812707177e-04,3.769982275697830298e-04,8.264634218302503547e-04,8.181985643497985058e-03,5.327017118534383723e-05,3.239391033853390896e-03
8.493378836021633349e-01,3.800529820358901009e-03,2.573476787058814712e-03,1.011592449642306204e-03,5.048715598319668610e-04,2.326427173418815601e-05,1.923824076010868149e-03,4.966612873451221530e-03,1.557451335317141085e-06,4.350437435342267845e-03,1.712671664791233592e-04,5.443998429953830157e-04,2.962351842163663679e-03,5.758782872040243885e-04,4.980205404042463684e-05,2.287134581711006316e-03,2.083282830336276835e-03,1.047187596519655057e-03,2.556331494579719421e-04,2.807863351168024199e-03,2.318226667186984425e-05,1.555611308643043561e-03,2.011990449412369691e-03,3.007054213181645078e-04,5.885149407833078616e-04,1.277042185288784684e-03,3.867206003795099854e-03,8.457839882734394243e-03,5.691619276744336027e-05,1.704743455611797522e-03
6.227435904806820632e-01,4.290612613694833521e-04,3.759331354317971101e-03,1.611255978738855392e-03,2.198897505627871282e-05,7.887998185798878684e-04,5.740485430576539733e-03,2.936591895464960543e-04,5.397119314767134801e-04,3.292481973713454798e-03,2.256617082262409382e-04,5.363346516850870434e-04,4.838954385010969632e-03,1.390369478882257440e-04,4.979590844437170247e-03,2.359329943612860879e-03,1.503876535404282452e-04,8.149778025021681659e-04,1.333557822122103439e-03,5.896301953698688224e-03,3.283293456657145103e-04,1.112495421186978327e-03,1.987036491833675967e-03,5.727741216956213147e-03,1.245566906243609486e-03,9.182380697677798099e-04,6.789558240876328440e-04,8.174019893854798588e-03,8.749297536939176182e-05,1.671284437612494079e-03
2.078587929899363695e-01,8.683960674681144402e-04,3.760414228361643948e-03,4.486871861240297743e-03,5.271836409728725137e-05,4.522587827255101448e-06,2.093127720225645744e-04,1.200829592750136780e-03,1.372891387282746452e-03,3.697601287316948891e-03,1.718672182935774683e-04,2.420523388775189071e-04,2.062019353746252781e-03,3.064895350948339606e-04,7.219111604910390719e-05,1.273491765930062723e-03,2.188394480015000160e-04,1.741226606114697293e-03,1.240686156316341774e-03,2.129777711928188509e-03,3.557010651660439901e-04,1.609869355977670185e-03,1.777950906320637826e-03,6.284050856884166062e-04,9.753136666077258377e-04,1.192513924482555693e-03,3.903972123973182759e-03,7.375984879777307789e-03,4.307564860606778387e-03,3.434896892755390663e-03
8.429691496895497238e-01,8.668975625617338955e-05,5.772493889261726824e-04,4.531290234610270765e-03,9.006493471484471980e-05,7.764868740693708969e-05,2.074849689456341548e-03,2.761011556233915545e-03,6.500765011793047370e-04,2.422516773967400144e-03,1.624643622821389890e-04,4.582703302048012073e-04,1.342615573454069948e-03,3.818832947375364224e-03,1.693815228032953622e-04,1.044504541387623235e-03,2.965059959437007196e-03,1.717570929018581109e-04,4.632490946928204210e-05,2.878414490161343518e-03,4.127371313167420286e-03,3.763359079700488372e-03,2.538076132247430675e-03,2.332570675484136463e-03,6.641020023295087296e-04,4.469033195810055530e-03,9.231117592064402334e-04,8.489487448443654161e-03,3.532492226135205862e-04,3.398798405591641619e-03
2.619717215130196175e-02,4.326740380252217227e-04,3.783298945816840255e-03,4.541458334769668537e-03,8.990528626733594077e-06,1.806934228003944124e-05,5.708531939081513268e-03,1.034780958079638746e-03,5.397858448853887388e-04,3.292481973713454798e-03,2.244488732427431200e-04,5.443233144003828839e-04,4.838954385010969632e-03,1.390369478882257440e-04,4.806844535032172433e-03,2.289201948556627599e-03,2.287721641453320087e-04,8.149778025021681659e-04,1.347586023093869925e-03,5.906701167078100799e-03,3.277881931757445789e-04,1.609590240192489748e-03,1.983182133417747770e-03,6.366507581111765894e-04,9.224465720151821257e-04,4.012611234161661544e-05,6.789558240876328440e-04,7.370972914347008638e-03,8.926510796618820193e-05,2.974884768066950874e-03
8.452294066692700447e-01,8.647832908130602013e-04,2.572437954700425387e-03,4.491338902493834107e-03,6.489783039268373979e-04,7.843609067833668238e-04,5.698830360518860640e-04,4.894168603447407451e-03,5.397116843343147032e-04,3.697601287316948891e-03,1.718672182935774683e-04,2.420523388775189071e-04,2.062019353746252781e-03,5.010196347717473485e-03,2.880133609105303520e-04,2.248753899439328609e-03,2.017304405326997372e-03,1.741983745280988732e-03,1.112303061613769241e-03,1.300364059479267899e-03,3.557010651660439901e-04,1.536842551727086396e-03,1.781905021830198100e-03,5.396267846443286720e-03,2.385200904224433907e-04,1.194090354304119111e-03,3.905701977493222787e-03,8.201946069390340585e-03,4.307564860606778387e-03,1.586687880589653966e-03
6.291089733179058285e-01,4.106003697403141743e-03,3.786500649091360457e-03,3.043143071311326959e-03,2.730792163901052893e-04,5.772448536606541872e-05,1.863278068322198056e-03,1.545285236269987057e-03,5.121698010570044021e-04,3.782728092789979651e-03,3.093845045004743328e-04,9.575829570530461961e-04,4.925164297952068504e-03,4.715856678317618261e-03,1.826249858915113245e-04,9.887534528461258167e-04,1.848156225882838146e-03,1.139955507592846883e-03,3.057248525175678810e-04,1.292448592453186197e-03,3.701556211582328858e-03,6.481354367379551194e-03,7.156373607641073470e-03,8.190525737989044590e-04,1.451186554955411845e-03,6.091514104330134072e-03,2.754119573506898623e-04,7.766684434809292131e-03,5.209029952949416863e-04,1.479617945384997628e-03
8.324380355658993480e-01,5.956804203391981647e-03,6.346031637995271871e-04,3.721788490537584256e-04,1.145628470407560902e-04,7.327766485127553027e-04,6.297725240705450908e-03,4.768464116833603592e-03,1.601050133323172510e-04,2.591766088412663163e-03,6.517739378645429939e-04,4.644871634987694439e-03,2.374745409709924562e-03,4.430457774775458692e-03,2.849941114389042225e-04,3.338511118247486625e-03,1.581220584905928747e-03,2.409452559574173751e-04,1.230336715825341987e-05,8.427882524771842555e-04,4.497429071948238870e-03,4.054220460632417498e-03,1.676073425964176404e-03,1.299878937586528352e-04,1.500010521705225433e-03,6.535545867104472452e-04,1.083232910365139554e-03,8.229038939255325577e-03,2.390151828210798635e-05,3.157225873942540346e-03
7.656438428766208781e-02,3.842454825953561977e-03,7.645691498097640856e-04,1.220896968639130671e-03,5.031637038113577660e-04,2.849728010040859035e-04,9.488396696644896191e-05,4.699294748129355902e-03,2.790419992418143470e-04,4.490480540571541342e-03,1.085550531148217110e-04,8.693751907173916712e-04,2.998642003178373077e-03,2.548514899140130610e-04,2.175257664302278652e-04,7.861120054734664587e-04,2.491628654303152963e-03,1.230162792145133698e-04,7.920109174672950629e-05,1.754730607158646195e-03,2.845304544851453882e-04,9.064271845355530849e-04,1.851900579537104578e-03,1.130111757628158176e-03,8.439976200197941633e-04,1.084083243051549598e-03,7.925979960487194434e-04,8.269194879569983364e-03,3.634103739606322006e-04,1.598969529197430666e-03
8.279035063764801361e-01,5.804540438649653453e-03,9.630811769045632270e-04,1.446767398072182700e-03,1.618690891601239773e-04,1.395127320132827820e-04,2.362193744754699162e-04,2.340088306571862231e-04,1.599262681147001599e-04,1.991789613789410242e-03,6.560353205722990830e-04,3.423382613442628279e-04,4.759670812299734120e-03,3.937593352991985117e-03,1.468043227708785243e-03,1.847811119025894377e-03,1.321278688106149526e-02,3.656468213004077984e-04,6.211150446216355883e-07,3.015934174538320491e-03,4.461648416590478609e-03,2.583587402845844826e-04,2.535542206281852281e-03,2.145176626632631575e-03,1.477606938597362824e-03,6.047950748908811555e-03,8.519371311824851939e-03,8.203406874190844605e-03,1.242678809007459646e-04,3.145140727133291340e-03
2.431870629045755905e-01,4.346548906151562197e-03,3.544764423595210285e-03,6.625559823768052692e-02,1.326046472314946698e-04,7.302525580975517076e-04,1.444494656790754864e-04,6.876927210454592682e-03,1.451013506491549948e-04,1.403741033469083207e-03,2.238363628398984157e-04,3.186554975488100315e-04,4.767973442556988455e-03,5.253966732405641014e-03,2.196401576913455111e-03,2.350549149261915282e-03,1.879804789323281976e-03,8.080658942424428538e-04,7.722188838260818453e-04,5.478266730251027047e-03,4.000525889887402917e-03,9.742016734023259319e-04,1.866034641104261614e-03,2.641292084364736930e-04,1.574437747391854714e-03,4.646374157063137226e-04,2.400809304911405428e-03,7.863413425531526335e-03,1.160942357009614510e-04,1.703668735474501809e-03
2.292625743635120228e-01,8.048130129115985826e-05,5.021666518205383702e-04,1.549469956695843573e-03,3.161313986549948735e-03,7.807757833379478296e-04,2.130737887998101002e-03,6.727074831953316555e-03,2.953100174699801778e-04,2.367851208068137182e-03,1.665668180133134352e-04,5.285991262915057214e-04,4.949842598852709913e-03,3.043843954365407084e-04,1.821834900044956790e-04,2.277037721659595781e-03,2.397569602208271099e-03,1.128585355405148979e-03,1.179371301030006716e-03,5.689151897275040656e-03,2.151294205465187175e-04,1.656559446076772898e-03,1.591013693255005548e-04,5.720054120528696856e-04,8.997092011974036282e-04,9.429166344357650144e-04,9.339550947991780410e-04,8.254780118936277250e-03,1.172777747992314690e-04,3.239391033853390896e-03
6.412902872638971408e-01,4.879972814004330086e-04,1.563934127551179151e-02,4.488162931818357251e-03,1.112696243261669313e-04,2.775884748007371918e-04,5.195932701383301593e-04,3.178295738459169933e-03,2.758296385841556655e-04,3.686874459079967324e-03,1.015312508430386428e-04,3.177464684758620969e-04,4.583829227398705970e-03,5.003817551692667058e-03,8.284574788638629506e-05,1.225633601979381985e-03,2.896212738525005478e-03,1.726546907809363082e-03,1.167651773972362347e-03,2.821108453547396377e-03,5.108186019077566586e-03,1.541319376116296290e-03,1.844003059813504285e-03,5.045034878263984432e-03,1.833400540394612352e-02,1.595145756647430111e-04,6.457324719356897363e-04,2.796166949383227518e-03,6.045932968908313346e-03,1.729000325665029734e-03
8.276398026102527172e-01,5.923306482772289737e-03,6.355826853400446848e-04,6.610487160548609090e-03,3.920262793262886247e-04,6.666359453624134089e-04,1.929377529504050330e-03,9.204295376397204562e-04,5.239224077046775434e-04,2.611625347382338404e-03,3.761502195942947966e-04,2.404437638590288875e-04,4.732624643290194930e-03,2.399860302730789680e-04,9.553138277378510866e-04,9.640547148149415007e-04,2.951804013927693347e-03,1.149565842020174684e-03,7.503415153531703668e-04,1.292474967055792703e-03,5.472967516955350945e-04,4.120517300300180312e-03,1.679774039975611127e-03,9.589745132753560528e-04,1.509129536717784045e-03,4.910172625510604875e-04,2.343323559860641591e-04,8.218272343314391229e-03,1.487936313019935471e-04,3.132191192150091293e-03
2.126790693170296509e-01,8.504752404229652327e-05,1.876773002498048626e-04,6.752736120572097080e-04,1.645289701589962642e-05,3.522231334088525741e-05,3.215674488341890326e-04,1.611246155089566395e-04,5.085229133837176939e-04,2.372016371690350602e-03,6.327901436351869059e-04,4.582703302048012073e-04,4.744283180293989120e-03,4.690197542081153519e-03,1.500725606667058882e-03,2.280153088231219247e-03,2.479828960342546698e-03,1.372646786554161582e-04,1.147068695103848832e-03,8.468319850845721112e-04,1.235424603345373386e-04,3.873895715243973886e-04,2.535676527650175451e-03,9.353473230697247282e-04,1.051407337738660686e-03,4.462646061844838946e-03,1.219373652185640287e-03,7.249514987868336049e-03,3.542334774976846432e-04,1.646783647759999039e-03
4.277578479039875203e-01,3.782539839939449283e-03,2.069404541162413180e-02,9.709115100354070039e-04,4.840752766669340242e-03,1.461304349499908581e-04,2.280343358388265892e-04,3.031868515066552840e-03,1.126695482438495307e-04,5.191770931327957528e-03,5.977620757168602451e-04,2.980436903104944496e-03,2.386835430299762313e-03,4.541460272056199385e-03,3.109000563654444951e-03,7.511894460317815846e-04,2.454181644443192544e-03,1.053306036239519796e-03,1.120555860791061769e-03,3.012666756986221751e-03,4.462210947341323751e-03,7.221578290123641455e-04,2.421593183097679475e-03,2.263374173203755099e-02,1.535512372958157141e-03,6.190788861751549479e-03,8.519371311824851939e-03,2.224544659866917358e-03,4.597481586290363964e-04,3.490620714913604278e-03
1.886009087705307341e-01,4.177137272273752193e-03,6.577120694603428262e-04,7.493371800162513044e-03,2.916049158967054647e-05,5.748918021803566545e-04,1.936466490704052881e-04,1.148341265441933483e-02,4.923032704869725884e-04,4.080319109060366427e-03,6.330438556118736862e-04,4.709097311118593324e-03,2.135681913496171452e-03,5.002018763140323289e-04,1.554516245770732469e-03,1.319035565995282195e-03,2.465000429775853971e-03,1.121272866152380919e-03,7.607693721237793888e-04,1.123042595866676624e-03,1.909571278548044971e-03,1.653276006646324080e-03,1.849041450992182020e-03,8.690197108134832234e-04,5.917538110472176510e-04,9.079051769113534887e-04,3.030430318105223342e-04,7.410708793247017777e-03,4.920185956370720995e-03,1.436188940087717008e-03
2.065305090480627492e-01,4.243676412050023487e-03,7.224861091017699844e-04,7.897221557268045353e-03,1.088936212663843550e-04,5.748918021803566545e-04,1.998459955723845506e-04,1.152636571950881733e-02,4.944460130704307534e-04,4.191368168226410236e-03,5.916570959343259032e-04,4.777457799586830485e-04,3.700152295159207143e-04,2.042789515977975340e-04,1.631036233492079175e-03,1.263411458318099059e-03,2.950109225439542272e-03,1.146530092779558330e-03,1.241058157923719636e-03,2.154075272864010987e-03,1.909571278548044971e-03,1.189496267747144724e-03,1.848588562995748946e-03,6.464501849664747732e-04,1.202882933950797512e-03,4.646548259186081362e-04,1.001465227205341991e-03,7.250319426208414776e-03,4.810880717918219682e-03,3.492360357142070167e-03
8.348099319991042488e-01,3.747168766611493410e-03,2.100319868613610350e-02,4.825725351847996486e-04,4.840752766669340242e-03,1.484787870088806287e-04,2.087918989333325138e-03,1.713057951779070956e-04,7.822248036933786503e-06,1.995678112195106799e-03,5.208492521037373950e-05,5.371924767742046729e-04,4.744260497360344025e-03,2.319082978257929611e-04,2.192867993720262580e-03,1.945851116930589738e-03,2.490970734527715030e-03,3.656893736499085279e-04,6.211150446216355883e-07,3.012666756986221751e-03,4.461648416590478609e-03,2.583587402845844826e-04,2.550334909125353145e-03,2.145176626632631575e-03,1.477606938597362824e-03,6.047950748908811555e-03,8.519371311824851939e-03,8.203508244898814750e-03,5.629602132127488681e-03,3.234300256410707619e-03
5.393084324297031662e-02,3.781252777718631386e-03,2.349167633841808996e-03,1.231194037595713343e-03,3.174332539533795874e-03,3.968562380766778482e-04,2.127019337930574541e-04,4.896883208063496432e-03,1.650098915144131064e-04,4.430197263991828699e-03,1.022333281330941234e-04,3.414497796549127500e-04,4.918566601057832062e-03,3.778411046929788797e-03,1.467372711823529147e-03,1.047055121103956802e-03,2.034286155308872267e-03,1.873931273966037369e-04,1.169918004597305652e-03,6.030810302464570047e-03,4.480802865183756544e-04,1.359895982361108329e-03,2.000213092888839233e-03,1.894303975736094311e-04,1.471831696846071348e-03,1.247621671199066785e-03,8.250627504573566267e-04,8.174910625017871302e-03,1.520888518595905556e-04,3.395328994737599991e-03
8.292053784510650116e-01,5.953121188027888852e-03,5.067726451580583302e-04,7.831710567726577962e-03,2.090483539321285949e-04,1.400557526242339717e-04,4.826928517890540643e-04,4.640854972177515386e-03,1.609184170774309889e-04,2.596176348937310422e-03,6.225288626667046859e-04,4.208158208605013509e-03,4.911302292650842130e-03,4.934090622848389535e-04,1.425648341051885364e-03,2.282192023049564589e-03,2.506176917500119432e-03,3.893695213685610407e-04,2.841422673822231650e-04,3.046701401691344867e-03,9.679009886986015589e-04,5.695517806740647143e-03,2.702714346551803471e-03,2.126157690677944138e-03,1.051997377303850534e-03,4.302542396692225421e-04,8.519371311824851939e-03,7.074545509547317326e-03,3.687846800083968528e-04,1.584888541724118263e-03
2.229419597735302072e-01,3.964787993084349128e-03,6.886583930538390207e-04,1.332515760556516899e-03,7.083712805589574796e-05,2.793324973922583772e-04,1.885656644376794856e-04,3.033528222871214718e-03,5.523040323551030696e-04,2.021313742094122540e-03,2.318149445092055477e-04,4.783456637609689172e-03,2.864773977935512229e-03,4.461752864732816855e-03,1.132047159241309116e-03,2.365894289732448433e-03,2.018684925849007893e-03,1.143804318795310247e-03,1.197310544312125795e-03,4.846639097242195983e-04,1.041786336431192207e-04,1.194139130490583928e-03,1.857097831760253816e-03,4.847694654281885229e-04,1.166333449156448446e-03,3.792418987469899127e-04,8.292043838474998443e-04,1.947338670390642151e-02,1.293888866758514770e-05,3.421775927697221723e-03
6.240527242366745719e-01,3.237725464311333630e-05,5.726770653996814987e-04,4.465125291376394710e-03,6.649182801744634016e-05,6.007328633518560241e-05,1.929340430287480434e-03,1.047766228108186308e-03,6.493982251463356354e-04,3.497728354609592420e-03,1.777117108298675624e-04,3.222657233667831043e-04,4.875937897907378984e-03,4.414692275600679006e-03,2.670983547529586812e-04,1.044332102855594297e-03,2.964149390465460436e-03,8.631725967391836157e-05,1.296051997221899345e-03,1.295564580013065055e-03,6.743401930556347360e-05,1.928739380059555503e-03,1.838192782283395391e-03,1.012105105109581318e-03,1.481175090419596663e-03,9.457185036883962361e-04,2.339714904119452382e-04,8.483223947924688202e-03,1.480094266207995584e-04,1.606775757787510216e-03
8.405470021848013840e-01,8.504752404229652327e-05,6.307799309303041297e-04,7.839877217561543737e-03,7.947407440601714646e-06,3.508457170649654762e-05,2.108250377399319142e-03,3.129833717877232753e-03,2.858766766146671927e-04,2.398447945672670546e-03,6.226466549820295791e-04,4.582703302048012073e-04,2.393835925438929889e-03,4.700047309665181250e-03,1.375214111777422858e-04,9.975064290973472813e-04,1.859392894946960799e-03,1.059863545715610368e-03,3.091166742390334329e-04,8.565540997921507107e-04,4.176671156571550719e-03,1.588898942190199171e-03,2.477689533264535761e-03,2.329742372087661561e-03,1.495425949476989966e-03,4.462646061844838946e-03,1.083442933735984798e-03,7.249514987868336049e-03,3.618674153204291810e-04,2.828039665281339640e-03
6.355210026680455648e-01,3.839792810405304353e-03,3.591519035779460606e-03,4.548859701206185713e-03,3.290304634977164570e-03,2.518968923773225784e-04,5.771056565147064665e-03,3.154099429350537814e-03,5.386342728997586381e-04,4.358106830617214378e-03,1.727588202905801056e-04,7.143275539043297991e-04,4.617591751220933433e-03,2.954585219681486242e-04,1.005372975191465811e-03,1.225633601979381985e-03,2.561604219535873819e-02,1.726546907809363082e-03,2.892849237176738607e-04,5.582575900613109474e-04,4.426491027122530196e-03,1.541687251602842429e-03,1.870649891807196503e-03,1.286819056022189302e-04,1.842026792132116925e-02,4.482781519992029714e-04,5.194848391093301581e-04,2.796166949383227518e-03,6.205021775849495561e-05,1.713757158979781594e-03
8.263049141780262064e-01,3.798254896634328890e-03,6.833479077174129009e-04,7.497739179009326252e-03,5.015548735384764466e-04,5.748918021803566545e-04,2.144265385347327631e-03,1.109965193856819049e-02,1.471090017513855368e-03,2.625636173866833026e-03,1.243703139259692348e-04,4.901356841195835153e-04,2.322470006922627925e-03,5.728554304423093355e-04,1.554516245770732469e-03,1.263411458318099059e-03,2.465000429775853971e-03,1.108769208299708112e-03,1.242538780036723644e-03,2.154075272864010987e-03,6.607548073829484173e-05,1.580486758459395853e-03,1.849041450992182020e-03,2.271687936158425618e-03,1.161589732504846907e-03,9.079051769113534887e-04,4.050885639590735138e-03,7.410708793247017777e-03,4.733474329884333927e-03,3.416838491583788166e-03
2.071804547776407990e-01,4.245951335774595173e-03,2.573476787058814712e-03,1.007496891466695254e-03,4.438757509368139670e-05,2.326427173418815601e-05,1.923824076010868149e-03,4.847005548409059200e-03,9.848605992842079243e-07,4.350437435342267845e-03,1.710045310048224877e-04,4.764312514716351719e-03,2.951722119334311469e-03,5.083213158900037713e-04,4.980205404042463684e-05,2.287134581711006316e-03,2.083282830336276835e-03,1.047187596519655057e-03,2.556331494579719421e-04,2.807863351168024199e-03,1.882117031845848432e-03,1.555503172797557260e-03,2.011990449412369691e-03,3.007054213181645078e-04,5.885149407833078616e-04,1.277042185288784684e-03,3.867206003795099854e-03,8.457839882734394243e-03,5.691619276744336027e-05,1.704743455611797522e-03
5.016236515847802280e-03,3.480789100523811255e-03,5.386029231713566380e-04,1.354149459195014282e-03,6.869245276169740890e-05,5.591336423056980642e-04,2.138475885956589700e-03,6.910364428595365364e-03,5.303481551972705470e-04,2.285768451950756855e-03,7.839839978434522670e-05,5.088563707080001261e-04,2.870613617031807317e-03,2.577536338007301031e-05,3.130506263489219940e-05,1.266183335411862716e-03,2.933297620147279523e-03,1.086599746277756330e-03,1.167917665117998525e-03,1.787746204824795576e-03,2.196769180533124366e-05,1.149152343805426909e-03,2.547555949545223224e-03,3.934494925248792048e-04,1.084138986044783917e-03,1.268426823299307650e-03,9.250187283629983858e-04,7.409583538603155967e-03,4.679734444099157686e-05,3.258371425229263617e-03
6.328644012611860381e-01,2.968372217139935744e-03,2.621457000466270899e-03,3.134062046738295918e-03,8.624264123308261526e-05,7.828021318212879118e-04,9.673801734954586657e-05,4.718488354703614419e-03,5.551502693486882328e-04,3.297376664920852185e-03,1.147766599506163179e-04,8.827262406152837923e-04,2.912302368305201734e-03,4.373171884608019998e-03,2.078538256754619248e-04,8.218227816788062573e-04,2.056037624635581249e-03,1.166203925982304494e-03,1.266940753183221123e-03,2.857960960085270501e-03,4.663783545170798600e-03,1.661653668832194404e-03,3.997216327055191920e-02,1.041336829097934749e-03,1.118204002657551726e-03,7.494607316348320071e-04,7.955348811607190198e-04,4.293077711400654708e-03,1.143139412286635191e-04,1.650866977286720699e-03
4.097086949776039821e-01,3.548636049944751654e-04,6.036040575905797555e-04,1.142191813069536044e-03,6.907190863994295334e-05,2.278409630228732928e-04,1.885656644376794856e-04,3.113366225804529378e-03,5.488618825279260524e-04,2.969916513425665660e-03,2.318149445092055477e-04,4.783456637609689172e-03,4.569422732299710521e-03,4.527598803055281861e-03,6.505039864978831403e-04,2.314504212445016654e-03,2.045786161753830341e-03,1.137503591341926159e-03,1.197310544312125795e-03,8.667295126260532619e-04,2.011049982608356657e-04,1.194139130490583928e-03,1.815342921564042696e-03,6.429980004424486889e-04,1.159112320994862971e-03,3.850808415720427861e-04,8.320215201335917502e-04,1.947403161552932124e-02,5.523313610239923932e-05,3.432267228818998601e-03
8.426201150284252650e-01,8.668975625617338955e-05,5.772493889261726824e-04,1.041639842036071531e-03,9.006493471484471980e-05,7.661336145776219257e-05,2.074849689456341548e-03,2.761011556233915545e-03,1.142414898087345935e-04,2.421713811622442248e-03,1.624643622821389890e-04,4.582703302048012073e-04,1.489696981409234901e-03,3.820865407145471529e-03,1.693815228032953622e-04,1.044504541387623235e-03,2.965059959437007196e-03,1.717088705353291965e-04,4.632490946928204210e-05,2.878414490161343518e-03,4.127371313167420286e-03,3.763359079700488372e-03,2.538076132247430675e-03,2.332570675484136463e-03,1.474497649779909310e-03,4.469033195810055530e-03,9.231117592064402334e-04,8.515757242997830725e-03,3.532492226135205862e-04,3.405427736448557018e-03
4.108369607583976513e-01,8.504752404229652327e-05,6.029222743414917830e-04,1.138885557545729491e-03,4.087858009611901918e-05,3.130316989008924194e-05,2.094671426687491535e-03,6.880202744523018082e-03,2.952284164170532643e-04,1.462024071090290908e-03,6.300130214541240815e-04,4.548468834313630724e-04,4.866576693865224019e-03,4.673667482482093613e-05,3.655089466781316220e-04,2.316599321701046359e-03,2.947353508278072621e-03,1.056814842819635150e-03,5.671255940696414907e-04,1.079604054036872266e-03,4.180984684528267839e-03,1.588898942190199171e-03,3.543637848667414861e-04,6.070255206396412209e-03,1.519441562907631596e-03,9.528744691147924065e-04,9.231117592064402334e-04,7.408348257420977259e-03,1.164493333401138084e-04,3.404977582018893587e-03
8.270624011287877053e-01,3.831023813364851406e-03,3.875342795567229652e-04,1.458465470002054138e-03,1.423605690240365069e-05,2.710254730704526448e-05,1.650668809294340844e-03,3.127577269669465018e-03,1.752156801592018830e-03,3.277106466313318370e-03,4.523972811945439938e-04,5.169194143074878553e-04,4.661684037289694910e-03,3.594461406605626956e-03,1.770046701727494634e-05,8.207685647139440497e-04,2.424441259630686143e-03,1.084654955157878138e-03,7.334339406274795756e-04,7.617171995896766801e-04,3.759449683662602869e-03,9.972493382341036678e-04,8.836817320975768816e-04,2.200532075225928186e-03,1.747510089234130147e-04,2.163262329440379488e-04,8.592466549874993838e-04,1.829778470371885499e-02,2.560525054465267493e-04,3.822634163325121757e-03
2.294283003040489544e-01,8.505078937411218482e-05,4.992873973011287964e-04,7.829194408622388787e-03,1.261917299321302539e-04,7.807757833379478296e-04,2.108185207510588407e-03,3.304302882491874128e-03,2.859072701085636206e-04,2.400349600258542496e-03,1.665668180133134352e-04,5.285991262915057214e-04,4.911307753632191547e-03,3.043843954365407084e-04,1.804189304639269961e-04,2.277037721659595781e-03,2.411767722656092943e-03,1.128585355405148979e-03,1.179371301030006716e-03,6.281976949108897257e-04,4.044181341709880001e-03,1.656559446076772898e-03,2.553399849987846200e-03,5.720054120528696856e-04,8.961860035958277250e-04,4.518414664470044202e-04,9.339550947991780410e-04,8.268404529598245498e-03,1.163609158867241864e-04,3.226041296719764015e-03
6.183771246368866548e-01,3.787332456837818901e-03,3.735204776882250586e-03,7.434186786125550686e-04,5.035983479216808983e-04,3.470513819401439218e-05,1.955777541666313055e-03,9.390019889031604944e-04,1.266976098429558077e-05,3.301608365075358979e-03,1.568246341851390431e-04,5.314017403659224625e-04,2.992862759025889663e-03,5.654753962008117040e-04,4.980205404042463684e-05,2.282089972243644699e-03,2.978747404741806382e-03,1.123763851557144523e-03,6.244822948926596505e-04,2.889871320215997401e-03,2.971049296391807060e-04,1.131199713124721650e-03,2.006711680126822481e-03,3.007054213181645078e-04,5.662048336923279027e-04,4.693778359550952826e-04,1.856919389514463063e-04,8.457839882734394243e-03,5.331161502118732367e-05,1.616752448731252840e-03
4.399736163950994094e-01,8.504752404229652327e-05,2.542202930009888028e-03,1.138885557545729491e-03,4.087858009611901918e-05,3.130316989008924194e-05,2.018665180177714544e-03,4.594237528884510986e-03,2.952284164170532643e-04,1.462024071090290908e-03,6.230899553982334645e-04,4.548468834313630724e-04,4.866136239147612376e-03,4.899687229852634765e-04,1.415675735778909507e-03,2.316599321701046359e-03,2.532384874202972536e-03,1.056814842819635150e-03,5.706153550551858926e-04,1.079604054036872266e-03,4.084260754652012902e-03,5.573237215671527495e-03,3.543637848667414861e-04,2.197774243050647745e-03,1.522050130257511860e-03,9.528744691147924065e-04,8.386269044027045913e-03,7.408348257420977259e-03,1.164493333401138084e-04,3.404977582018893587e-03
4.196989389755101385e-01,3.784171983093801914e-03,7.645691498097640856e-04,1.220896968639130671e-03,4.743922354636616323e-03,2.788632608406095992e-04,9.488396696644896191e-05,4.793490735480155154e-03,2.790419992418143470e-04,4.490480540571541342e-03,9.239166193486688088e-05,3.821201207976801344e-04,2.433907848361178961e-03,2.548514899140130610e-04,2.175257664302278652e-04,7.861120054734664587e-04,2.491628654303152963e-03,1.054073977228436616e-03,7.920109174672950629e-05,3.036893144350506085e-03,1.186099361979533508e-04,9.064271845355530849e-04,1.851900579537104578e-03,1.111196665468041408e-03,8.439976200197941633e-04,1.084083243051549598e-03,7.612489590027872975e-04,8.251640983096277318e-03,3.634103739606322006e-04,1.693450331635684399e-03
2.008813480010867014e-01,3.879962825358834050e-04,2.643855659345876151e-03,2.618647327478565087e-03,1.410048904052895596e-05,9.099733510190211516e-07,5.717730729423707060e-04,4.734685093955490719e-03,1.022141573715170055e-03,1.423862278236269442e-03,1.737866861230195849e-04,4.192853545824722517e-04,4.837011651208020235e-03,2.887623448370999803e-04,4.477238009234538185e-03,2.222375826034093949e-03,2.036370390127967278e-03,4.762584890967563878e-04,3.176916430075367361e-03,1.049696082924168753e-04,2.627503411157656316e-03,1.254372028292635721e-03,1.979600495828100562e-03,2.954011273431615008e-04,1.634607549863437495e-03,6.522586087408962369e-03,5.693461725613548768e-03,8.398756673549771790e-03,9.251672949989074503e-05,1.612433804683002878e-03
1.858531043972802554e-02,3.830259417440320512e-03,3.609440841343303404e-03,4.595973505371153504e-03,6.468384701771739444e-04,4.876208567943031186e-05,1.848437864168712150e-03,1.057048746657438020e-03,9.286891034845326954e-05,3.291859620061293821e-03,4.639564012583205846e-04,2.405646123975792305e-04,4.920850732793861232e-03,6.311819010402757845e-04,1.574158338583912190e-03,8.925873487395147212e-04,2.951766728168485777e-03,1.121240820356723001e-03,1.273937926413860932e-03,1.352803355283307626e-03,3.712595090231806793e-04,1.372168007216567837e-03,1.772764093012357389e-03,3.930065408615973687e-04,1.119716587658892886e-03,9.741725061575973177e-04,4.086599223462307473e-03,1.837036180769938479e-02,4.720562708217465337e-04,1.669903950068452221e-03
4.462753487410211356e-02,9.075372831496395128e-05,2.623302310406525235e-03,1.182661703362437693e-02,4.849262949520873403e-03,2.056207409796478923e-04,2.198132475581086875e-03,3.138399188508823184e-07,1.418856302874973389e-03,2.482265219316956081e-03,1.624850401314167176e-04,4.094312370329994226e-03,2.804968554717841671e-03,3.777134079575054579e-03,2.189068123279536929e-03,1.806276431714161270e-03,2.490970734527715030e-03,3.640217058361185738e-04,3.163262193490838929e-04,3.012666756986221751e-03,4.461205011082344449e-03,9.634481204869678374e-04,2.056992553809546941e-03,6.548924926422301958e-04,1.552027435778889847e-03,6.815197239983942709e-03,8.507003898887616211e-03,8.582226284633402008e-03,4.597481586290363964e-04,2.787827849149964853e-03
6.494471049218898395e-01,3.842325653816520623e-03,1.251323195216536444e-03,1.458465470002054138e-03,5.128831379916860052e-04,1.777332108640473961e-03,1.672909361876922726e-03,1.209223466913651127e-03,1.741097260985233902e-03,4.443648029720300568e-03,2.281242703527553871e-04,1.118296262433812055e-03,2.999031522153512361e-03,8.612134433582487644e-04,3.006589672055140104e-05,8.234022356466071417e-04,3.306779263567357491e-02,1.714889975214036084e-03,7.603821168932720651e-05,1.772004897935536890e-03,3.522794770023840363e-04,3.590660286015753908e-03,9.215119604456460493e-04,1.146515355050368740e-03,1.269103106939836051e-03,2.163262329440379488e-04,7.621046169630658071e-04,1.829778470371885499e-02,1.244816008725363465e-03,1.509903686111359507e-03
3.923978552568028081e-08,3.846891106472274426e-03,3.722056107340965606e-03,6.003462339050130627e-04,1.357964123364829769e-04,5.460562485879773015e-04,2.429832655532493944e-05,6.838380982808652843e-03,2.939447076766012147e-05,4.322004006048603408e-03,2.271448208262705660e-04,3.788008681862608303e-04,4.761640158616771770e-03,1.876025970342335789e-05,1.466427347942524800e-03,8.960417489732712968e-04,2.033002087559781807e-03,1.085143154164911090e-03,7.708574965679775015e-04,1.670448087000267826e-03,3.295079112063095585e-04,1.360813032423396430e-03,1.872602419507450166e-03,2.541507098818921720e-04,1.598791403269587659e-03,1.246892405897226516e-03,9.171967664531014038e-04,8.175011995725839711e-03,5.489794525787987004e-05,3.196850654303075474e-03
3.016450879690501380e-02,3.784920037887393521e-03,2.546500979854537938e-03,1.147589671996642868e-03,4.526818358027118964e-04,2.491750673773992586e-04,2.202765281460964536e-05,2.759260705517256086e-03,2.654832490771180404e-04,4.351816164488189233e-03,1.123358084896626297e-04,2.417725227118551522e-04,4.949460148409741238e-03,7.733713476043149043e-03,2.079814046037210644e-04,1.206320677587442193e-03,1.785697376567185355e-04,1.259474715163573771e-04,2.841843359837975210e-04,1.077587967792204742e-03,5.400158525842231258e-03,1.598328168647201661e-03,1.797831990982927831e-03,8.558201135279008137e-05,7.942612960792259057e-04,7.707223629843825124e-04,7.334798060436074994e-04,8.269194879569983364e-03,3.634103739606322006e-04,1.688066425121385146e-03
6.221242527932250299e-01,3.798636020778072605e-03,7.898444104636505314e-04,4.492927410209206739e-03,1.632570641110678939e-04,1.420320779563176146e-04,3.170701875742394779e-04,8.909606930065674089e-05,1.167185019983713414e-04,4.170087790859227338e-03,4.137715025074677720e-04,3.827416011908568901e-04,2.386835430299762313e-03,6.653205745817763160e-04,3.109000563654444951e-03,2.308309513552459814e-03,2.454838469487072468e-03,1.159739743920410642e-03,1.121046728152874910e-03,3.012666756986221751e-03,2.155474540462801354e-04,7.482215424286663488e-03,2.470228465023775657e-03,2.142348323236157107e-03,1.535512372958157141e-03,6.184667088194931855e-03,8.519371311824851939e-03,7.220326026423067728e-03,3.536788182783730770e-04,1.580542001421967680e-03
8.252603327665742894e-01,3.836857194259478236e-03,2.406099346723597834e-03,7.902174314573257724e-03,1.423605690240365069e-05,1.011472141480341570e-05,1.667282896583899320e-03,1.066577649057369242e-03,1.046362136887563250e-04,3.251179130539082890e-03,2.199062293135961793e-04,5.194057981014819046e-03,2.981737420764980079e-03,3.598950889279821722e-03,2.848172113268264882e-05,8.221354724943852939e-04,2.439173221674160140e-03,1.176511143130736089e-03,1.169076115874009185e-03,5.841865830730395837e-03,3.759449683662602869e-03,9.944508430725818200e-04,8.844871130331370939e-04,2.162212076482192703e-03,1.139769589313817692e-03,2.163262329440379488e-04,4.313236326547384425e-03,8.145343369987626675e-03,2.512996838720292850e-04,3.798031786766588834e-03
8.341550324007185324e-01,5.956804203391981647e-03,6.346031637995271871e-04,4.324606251173677713e-04,4.665184186395353316e-05,5.483724227973155911e-05,6.297725240705450908e-03,4.776611017160491829e-03,1.610319567154674383e-04,2.392880131729010519e-03,6.517739378645429939e-04,2.995430883211383684e-04,2.374745409709924562e-03,3.941696288167581552e-03,1.830809028571349362e-04,9.983836022378002502e-04,2.475583373787659629e-03,2.409452559574173751e-04,3.037484836464649516e-04,1.083247138163210763e-03,3.845521714620508784e-03,5.526790011598227761e-03,1.676073425964176404e-03,8.590227801787366944e-04,1.475691756693350235e-03,6.535545867104472452e-04,1.083232910365139554e-03,8.157892159399455362e-03,2.236592732463124795e-05,3.157225873942540346e-03
5.241010159816639202e-02,4.330198597272506139e-03,3.596111672647330990e-03,4.583582133555866994e-03,2.125811869162137248e-04,2.949786119558902252e-05,1.840252236225615578e-03,3.138399188508823184e-07,1.024371107720171373e-04,6.090131343769863634e-04,1.546497869350486757e-04,4.094312370329994226e-03,4.918791358909724472e-03,3.767349478172658719e-03,2.189068123279536929e-03,1.806276431714161270e-03,2.490970734527715030e-03,1.173240688569905654e-02,1.286847494522048562e-03,2.272187715091170124e-02,4.461205011082344449e-03,5.910325980125311768e-03,2.055468051875351636e-03,4.108648998295953182e-04,1.374995287679521214e-03,8.235244799911609244e-04,5.056522580719055235e-04,1.862562449299541567e-02,5.790204210680306718e-03,2.752669898368714178e-03
4.301160031740715040e-01,4.206169653221378951e-03,6.029222743414917830e-04,7.285232240718614305e-03,2.924331800176747410e-05,3.130316989008924194e-05,2.179188623812149377e-03,3.070391036831731247e-03,4.972780125776856157e-04,4.059080834272529165e-03,6.153750576217690465e-04,4.548468834313630724e-04,2.126662036966009764e-03,3.544742845015122143e-04,2.670755314505258125e-04,2.314536259254578159e-03,2.948072150299812458e-03,1.121200771251289544e-03,2.715327613760093873e-04,1.079604054036872266e-03,4.180847319971524659e-03,1.587937723691807421e-03,1.873301297563711044e-04,5.716071940962622576e-03,1.475420594521325689e-03,9.432970133216786717e-04,9.231117592064402334e-04,7.408348257420977259e-03,4.856630405499506170e-03,3.404977582018893587e-03
1.930727502475298452e-01,8.611617541273621640e-05,6.577120694603428262e-04,1.367396674580977772e-03,4.079575368402208477e-05,5.748918021803566545e-04,2.152762999881778841e-04,1.148341265441933483e-02,1.491298587865752881e-04,2.384349100917514813e-03,6.331444093689257832e-04,4.709097311118593324e-03,4.875914926248003933e-03,4.538427454356190084e-03,1.554516245770732469e-03,1.321098628441769261e-03,2.465000429775853971e-03,1.059935640616701744e-03,7.607693721237793888e-04,1.123042595866676624e-03,1.909571278548044971e-03,1.654237225144715830e-03,1.849041450992182020e-03,8.690197108134832234e-04,5.917538110472176510e-04,9.080276688115394065e-04,3.030430318105223342e-04,7.410708793247017777e-03,4.470031690018035075e-04,1.436188940087717008e-03
6.497963739903199754e-01,4.177137272273752193e-03,6.577120694603428262e-04,7.493371800162513044e-03,1.571003319795374171e-05,5.748918021803566545e-04,9.681765018409524827e-05,1.148341265441933483e-02,4.923032704869725884e-04,4.080319109060366427e-03,6.330438556118736862e-04,4.709097311118593324e-03,2.248324442275066726e-03,5.002018763140323289e-04,1.561605173792113060e-03,1.309740040596047133e-03,2.465000429775853971e-03,1.121272866152380919e-03,7.696692911939341519e-04,1.123042595866676624e-03,1.982869644510263252e-03,1.580488941872345426e-03,1.849041450992182020e-03,8.863091024335843478e-04,5.946654467293198496e-04,4.366015827251605542e-04,3.030430318105223342e-04,7.410708793247017777e-03,1.381207854072421040e-04,1.436188940087717008e-03
1.907084010172394317e-01,4.228623116914720891e-04,2.881916646903160371e-03,2.726166193094201138e-03,6.101463725933966019e-06,2.313926264634029320e-04,1.985898013473423704e-04,4.682709677913477267e-03,2.954272648572330040e-04,1.345168430133584885e-03,5.469836938620458540e-04,6.505405371971539636e-04,4.726311856298993919e-03,1.389494593939921674e-04,9.034888031407449158e-04,3.525684308510356607e-02,2.034481751869500997e-03,4.614686309275661401e-04,1.027753822563233412e-03,5.694800787231090941e-03,2.567570311691594115e-04,1.655228628112582687e-03,1.985238233332201063e-03,3.666868391921491131e-04,1.444722874751051388e-03,9.089837075048106318e-04,6.890096803434375954e-04,8.174019893854798588e-03,4.921107722398827475e-03,1.616973286680645867e-03
5.250009185647441790e-02,3.781252777718631386e-03,5.575049684620842980e-04,1.231194037595713343e-03,3.174332539533795874e-03,1.381047844518482537e-03,2.127019337930574541e-04,4.896883208063496432e-03,1.480416353874410538e-04,4.430197263991828699e-03,1.022333281330941234e-04,3.414497796549127500e-04,4.918566601057832062e-03,3.706587485347965279e-03,1.467957948400638608e-03,1.047055121103956802e-03,2.034286155308872267e-03,1.873931273966037369e-04,1.167217091740495316e-03,6.030810302464570047e-03,3.203605936291396080e-05,1.158750830219042443e-03,1.971059810396700532e-03,1.894303975736094311e-04,1.471831696846071348e-03,1.197218148512768816e-03,8.250627504573566267e-04,8.174910625017871302e-03,1.520888518595905556e-04,2.859787539170551875e-03
4.532072938215757074e-01,4.215870050475327728e-04,5.770741638305590480e-04,1.203272858958821193e-03,1.427679146812868994e-05,1.414418817601134550e-05,1.621787769939321035e-04,3.087972316227872473e-03,2.924340672573551205e-04,2.392503693031706926e-03,5.473466021477924439e-04,4.615949703219438460e-04,4.913030208401465877e-03,4.389323972886775144e-03,8.665402262281092245e-04,2.355427478338666634e-03,2.937515549033758479e-03,1.044249340838986941e-03,1.143194865733908328e-03,5.545420275274305644e-03,2.799074465814604257e-04,1.588898942190199171e-03,2.457297259232915729e-03,3.714558432784344135e-04,1.057017810097314690e-03,9.748927000865082858e-04,9.231117592064402334e-04,3.090751069428343371e-03,3.784225935803761523e-04,3.431839834654952688e-03
1.841496633080529355e-01,4.243676412050023487e-03,7.206399030359030228e-04,7.613815284904136213e-03,3.311616137037239928e-03,5.748918021803566545e-04,2.144265385347327631e-03,3.239394038962797873e-03,1.370277784046812540e-03,2.625636173866833026e-03,1.241076784516683903e-04,3.058966352062738106e-04,2.283615720393822410e-03,5.052984591282887183e-04,1.566815672061933279e-03,1.263411458318099059e-03,2.465000429775853971e-03,1.155497184406969633e-03,1.242538780036723644e-03,6.536031521679579182e-05,1.901942038496562707e-03,1.598059517198937738e-03,1.796308546395702053e-03,2.726462068508655155e-04,1.161589732504846907e-03,6.749981921175469621e-03,4.050885639590735138e-03,1.628943526632348725e-03,4.600400372219674502e-03,3.416838491583788166e-03
1.921107378323894110e-01,8.422753716562776617e-05,3.557723941117908045e-03,1.918219134375835633e-03,5.161581081077710673e-05,2.313926264634029320e-04,1.435096429790326446e-04,4.682708133592704443e-03,1.375748806747496052e-04,1.346533251453102716e-03,1.471634714438921582e-05,4.183274668507913369e-04,4.838954385010969632e-03,1.423715876683106845e-05,9.105777311621157492e-04,2.209949529824465665e-03,2.044825355529885161e-03,4.614686309275661401e-04,2.872987348223960324e-04,3.050348060180852090e-04,3.298953765646387088e-04,1.250930081643665060e-03,2.053533128564687289e-03,3.839762307097948670e-04,1.149044724365382887e-03,4.376801133168754928e-04,3.168540089085353532e-04,1.900412911247313652e-02,5.065445093994230819e-05,1.613919919164030596e-03
1.891157145961520902e-02,3.830259417440320512e-03,2.636631479102497649e-03,4.310233402952315732e-03,2.397906243385102866e-04,2.248776347497640979e-04,2.202461121436581452e-03,1.057048746657438020e-03,1.407962474843687389e-03,4.159544381463013349e-03,4.863196484435988688e-04,3.209778827169101597e-04,2.807027928601938099e-03,6.404358648125362159e-04,1.480470502035411947e-04,8.925873487395147212e-04,2.951766728168485777e-03,1.121240820356723001e-03,3.034161795174735148e-04,1.352803355283307626e-03,3.712595090231806793e-04,9.539317412887785008e-04,1.774288594946552694e-03,6.387043042125643486e-04,1.119716587658892886e-03,4.455220602654878120e-04,4.068465569585240360e-03,8.227520319898137813e-03,4.720562708217465337e-04,1.669903950068452221e-03
4.679183956836222014e-02,3.627918729269901895e-04,3.596111672647330990e-03,1.182661703362437693e-02,4.849262949520873403e-03,2.949786119558902252e-05,1.840252236225615578e-03,3.138399188508823184e-07,1.024371107720171373e-04,2.482265219316956081e-03,1.624850401314167176e-04,4.224678818062781518e-03,4.918791358909724472e-03,3.767349478172658719e-03,2.189068123279536929e-03,1.806276431714161270e-03,2.049419016574254796e-03,3.640217058361185738e-04,1.289489194809321886e-03,8.097885015296666256e-04,3.836597055863366634e-03,1.381684386414757174e-03,2.055468051875351636e-03,4.108648998295953182e-04,2.191131048126425396e-03,6.631129073669453713e-03,8.525137552747011696e-03,1.946698740299106917e-02,4.597481586290363964e-04,2.768521934544977345e-03
4.215893331618204565e-01,8.504752404229652327e-05,2.320972960565693532e-03,1.103016632350168821e-03,1.368530436776064864e-05,3.130316989008924194e-05,2.094671426687491535e-03,6.545630727684215167e-03,2.952284164170532643e-04,2.363110826129659770e-03,6.187463974108626695e-04,4.548468834313630724e-04,4.866070490483227068e-03,4.442084526492853444e-03,3.175024408939861389e-04,2.298718347675533270e-03,2.956844054916327701e-03,1.067058677995697414e-03,1.148135658957923164e-03,1.718457131446559641e-03,4.180984684528267839e-03,1.588898942190199171e-03,1.873301297563711044e-04,5.716071940962622576e-03,1.519441562907631596e-03,9.500549036044695500e-04,9.231117592064402334e-04,7.408348257420977259e-03,3.816905188941059190e-04,3.404873802278105162e-03
7.194943479632842642e-03,4.424809221072181428e-04,6.239441162802521115e-04,2.685305347559240746e-03,4.080592856588520728e-05,7.101529743033211002e-06,3.331680886195007951e-05,3.403885851379405934e-03,2.770449893371707255e-05,3.270025283483971295e-03,4.600281341435970761e-04,4.093358222314272959e-03,4.762464717741545991e-03,1.106004426223803488e-04,2.185570783972063443e-03,9.124000962611754145e-04,2.024528227007053177e-03,3.154503487146673277e-04,7.553674600692165085e-04,1.084841771385535759e-03,4.591972665825149943e-03,1.353574406990624979e-03,2.208674416040843150e-03,1.729466620756274161e-04,1.404669205174971514e-03,1.259335414017771770e-03,8.382228650885804270e-04,1.357085937583416349e-02,6.047835178861840372e-05,3.414553031398349058e-03
3.393587355284086171e-02,4.106072835001007247e-03,1.371816444767286897e-03,4.511716130778110380e-03,5.515912549378982829e-03,6.733423176206643126e-04,1.184707883945976216e-04,5.204949708245238879e-04,5.421787189422643764e-04,3.251820474149181607e-03,3.741504361790144164e-04,4.672459640877225755e-03,4.732624643290194930e-03,2.399860302730789680e-04,4.304773805132508860e-03,2.280631771573845158e-03,2.951804013927693347e-03,1.076569748420967872e-03,1.160682995756318232e-03,1.343824905439186708e-03,2.845056523386671346e-04,6.481651490574879063e-03,1.827966453805476800e-03,9.575442127811789128e-04,7.876015578012566512e-04,4.900824497850639859e-04,2.343323559860641591e-04,8.218272343314391229e-03,1.521691494235763626e-04,1.618683983765304996e-03
