4.829108689511500407e-01,5.656801599859959812e-03,1.481256380487765232e-03,1.002963520573742912e-03,9.173526293153721339e-04,1.328795991015236906e-03,5.469070650163522333e-04,1.446415345878705391e-03,1.108054066170410324e-03,4.048475624668240042e-03,6.398412538320909140e-04,1.694292790286181785e-03,4.109813350973791184e-03,1.144369240701743591e-03,1.098570671055727147e-03,3.227280086801793957e-03,9.165168014828159113e-04,5.608820791219149265e-04,4.165836124232721351e-03,5.978069242066586745e-04,1.541926853263889986e-04,4.467697651327840803e-04,1.070755142063272445e-04,2.014982654410187892e-04,1.958105169555825024e-03,7.397516685155288221e-04,3.840664381663834578e-04,1.715695693561676560e-03,5.404056329287580673e-03,3.282592208914596535e-04
6.426419333309194570e-01,3.320398602728093576e-03,1.409333104999544676e-03,1.155608570867127033e-03,2.426497222553989893e-05,1.225824992114956519e-03,6.132226401867241260e-04,6.865452026613844128e-04,9.638166363952537039e-05,5.248705009939661284e-04,7.121364117972822302e-03,1.869082134122134397e-03,4.288130652446028000e-04,1.936958940740102480e-03,2.849270388636809467e-03,4.278863802604110714e-03,3.143228284729217715e-03,5.043852717314064628e-04,1.261243554525270320e-03,2.477917109829040339e-04,1.268060137316062708e-05,1.584596717816925222e-03,1.506644838568048893e-04,3.050295822821813438e-05,5.927563193085572980e-04,3.327769552965628101e-03,3.507235702384158904e-04,7.653850458807993137e-04,4.040692511927297670e-03,3.231802479195323811e-03
8.501126246506622852e-01,8.642616894730635602e-05,4.141996263098346280e-03,1.156466325425847602e-03,2.222560117272479648e-04,1.364955993575152435e-03,6.187677241760418259e-04,6.867924786683053846e-04,1.956129777781924831e-03,3.970063875686394295e-03,4.902114122145043162e-03,1.704078024303706980e-03,4.633395451511250918e-04,1.930130957007633900e-03,2.972493655614845930e-03,4.278143879105345687e-03,4.006873470861778593e-03,1.827806196127228190e-04,2.507075751761515120e-03,9.663740624307092441e-05,3.261585690299110846e-06,1.558066051517124429e-03,1.658466824996669003e-05,2.093217945081830909e-05,7.405432998042445550e-04,4.292863773720923329e-03,2.223883406629421390e-03,1.701606059069960767e-03,4.040869526663334356e-03,3.214290676255838943e-03
1.931037865496976202e-01,3.762896788783152459e-04,8.616942817038938073e-04,1.155517148502066983e-03,6.930660831216622171e-04,1.228727074653841473e-03,7.666237787446294593e-04,5.544058184834541915e-04,1.451440655220380361e-04,1.636457855566782367e-03,2.238107250070559343e-03,1.844370361271308566e-03,2.294720579295747749e-03,1.484085122479050344e-03,8.958283431236278068e-04,4.621282527949360439e-03,2.723538540083425205e-03,5.047714693898101108e-04,4.270139299688143278e-03,1.025579127181911908e-03,1.040351847144951533e-04,2.958667627926987211e-03,1.199289784338572040e-03,2.092581287763608123e-04,6.485520680359038899e-04,1.135895307522635875e-03,3.429989098933717596e-04,9.599483414131128062e-04,2.253981808884047804e-03,2.993852929718500075e-03
8.508225059230065668e-01,5.723371612552726959e-03,1.256577462067430366e-04,1.147580236857511510e-03,3.007248546729401569e-04,1.393269705389127248e-03,1.155190382962247801e-03,2.010979273230138580e-04,1.108464696593154013e-03,4.395206451964993669e-03,3.661814689436551033e-03,7.643699586089950119e-04,4.793307522842713692e-04,1.359107402093385087e-03,1.669891128564944234e-03,2.426250437285528121e-03,7.872952389750360793e-04,5.146736074664507278e-04,4.868403065895960877e-03,9.821473433323865828e-05,3.812988104729412219e-05,1.906092926802443891e-03,4.714972973382903360e-03,2.491297941945070130e-05,4.883793444958938823e-04,2.417506243115997207e-03,4.654509679289063617e-04,1.285229113958420103e-03,3.781591704342077229e-03,3.137073765265006951e-03
7.819752021433514777e-01,1.709246623669203290e-03,1.266939139561731008e-04,1.381792801227852471e-03,6.857368142476428846e-04,5.171055313389408097e-03,7.169557069367825733e-04,1.849926777926233848e-04,3.422873493141808093e-04,1.246347570290563117e-03,3.717409908825775999e-03,1.781922306235114110e-03,2.619576097309682210e-03,6.952974435558295380e-04,8.383314129177569466e-04,4.980988541837701872e-03,7.534323243380100683e-05,2.290629218069850561e-04,2.109344397384485103e-03,1.036786768642869450e-03,6.206691506633293769e-04,4.602674394442647123e-04,4.570085316404969705e-03,5.560304195753000279e-05,9.961853338283533244e-04,3.276091393442215078e-03,4.855481725365851510e-04,9.189568289719858519e-04,1.006548662460570896e-03,1.569493487654839182e-04
4.815140605533119733e-01,2.679110786664548778e-04,3.713461871161782835e-06,9.911478804119292895e-04,3.984367093582075409e-05,1.488368200033811459e-03,8.348140190259939085e-04,3.072311799861831704e-04,1.190093595146995194e-03,4.029648246041103547e-03,3.610310889871142740e-03,1.683242325884259840e-03,4.188230275170318206e-03,1.388235968914311230e-03,1.768092537436091911e-03,2.783744899710317855e-03,3.503656479841093033e-03,4.301167186186466039e-04,2.340571652553007781e-03,6.205750068352792505e-04,1.045534595842320533e-04,2.619321795689644357e-03,1.194772751298605121e-04,5.067984769692581793e-05,1.016551490616949063e-03,5.310346680474262952e-04,1.475191940246706060e-03,1.701897387064359472e-03,5.327032500586763655e-03,2.931974360664386763e-03
7.168215873404757410e-01,3.365455642124974122e-04,4.403604424500563372e-03,1.388182862998503346e-03,2.675438432449766353e-05,1.455419720786710596e-03,6.230809105940896377e-04,6.905239363006504712e-03,3.088950130755685171e-04,4.185049151290861497e-03,6.071852956846296619e-04,7.676205659362654067e-04,4.176803808867822314e-03,1.953213078038217032e-03,2.188725134167201526e-03,2.391449433249001263e-03,2.162417671297571162e-04,8.741996164811148784e-06,1.360165851315627786e-03,3.204727325834551385e-04,1.434260981245380820e-04,5.843858667460546854e-04,8.227634547522598386e-04,6.560605894161070442e-04,4.863907956099160126e-04,4.513296646448304583e-03,4.578171209719332740e-04,7.619388164860133299e-04,7.942399332776630197e-06,1.413346187884169814e-03
6.608678671308217956e-01,5.629539020825828285e-03,5.690690514445912720e-05,1.322225808122846425e-03,2.671633556277134246e-04,1.487769299262471472e-03,7.486199721809751097e-04,9.596209261453460954e-03,4.567721287051894471e-06,1.246139604399917108e-03,1.862245528499192112e-03,5.816730193701600974e-04,2.603612855515651317e-03,3.928227534029321913e-04,5.976348872944930134e-03,4.879776862960850947e-03,1.836654706521256494e-03,4.727411024445207950e-04,2.276050704469310959e-03,9.800567945451854873e-04,1.812596950554124973e-04,3.017783487239606745e-03,1.004088954837281927e-03,2.739804509153106809e-04,2.740283285670259625e-04,6.189365904853001395e-04,4.828055907022648220e-04,6.118867647748307739e-04,7.497860985639375093e-04,1.586182297328708746e-04
2.574306296293485397e-01,5.795496476937103333e-03,6.292185973690797313e-04,1.390644259615539261e-03,9.754248293140445379e-04,1.329347326986710749e-03,6.213994409126255471e-04,3.887196578576782610e-04,2.015778106623462417e-03,4.931777023515238403e-03,6.117070103842701207e-04,1.694159935719139311e-03,3.990709134084066169e-03,1.143888977244150208e-03,8.559356696182945663e-04,2.804708780958014777e-03,3.096625597812342583e-03,5.185782378055550949e-04,1.325186201618469648e-03,9.622526327781185881e-05,3.346499220523148582e-05,1.584596717816925222e-03,6.934049154674252861e-04,2.564988369552102386e-04,3.945725755244778362e-04,1.321221315512879739e-03,1.503432323779806644e-03,1.726141849604503550e-03,2.096539601031056216e-03,9.780798470143882428e-03
9.370202887798291247e-01,1.341853761329509474e-04,5.180668657835856353e-05,1.451371619953154045e-03,3.807269771822274014e-05,1.456752383367184746e-03,1.655129574989743294e-03,5.235231867152766172e-04,3.824695238186122653e-05,4.138117583109184386e-03,2.276523048483145364e-03,1.623563808056938812e-03,1.172872903362161268e-03,1.428761764421590443e-03,1.149745988742356412e-03,2.726406317435754127e-03,9.089475381482527497e-04,2.266035418636078071e-03,3.044592248559610873e-03,3.308464586675735229e-04,3.966724032036697789e-05,1.891890657788611362e-03,1.021109058661029238e-03,2.034541743265221242e-04,3.887188792026223549e-04,5.918635717055403117e-04,4.858487272596479444e-04,1.799762519361204106e-03,5.426472016971477502e-04,6.395368379949049019e-03
4.838874047286025881e-01,3.156297791564711963e-03,1.647132629088859392e-04,9.762938472784803146e-03,4.881377733182811884e-05,1.394075662214322485e-03,8.348140190259939085e-04,3.072311799861831704e-04,6.367856956824267684e-05,5.660752792661599350e-03,2.337359646850548610e-03,8.534134292418027153e-04,4.176103741297845610e-03,1.388809996076011783e-03,1.790329196928898761e-03,2.785136415120318450e-03,3.683915967683725964e-03,4.436787806000067015e-04,8.957685271479771992e-04,6.205750068352792505e-04,2.485233304429991952e-04,9.071620655340306618e-04,6.293103890204788118e-05,2.030531667254853825e-04,1.011553699138900957e-03,5.310346680474262952e-04,1.466984863388416053e-03,3.333492225856846212e-04,1.769635685640203772e-03,1.361508970298385898e-03
4.040629035497939614e-01,1.971834887261342088e-03,1.731169447372017862e-04,1.339815087386592163e-03,6.855800715587806893e-04,4.964031690870253193e-03,7.225726334485222530e-04,3.525057760937172057e-04,3.425797471858609542e-04,1.324844393255461550e-03,3.717409908825775999e-03,1.656097447855719995e-03,1.097936376688433795e-03,6.952974435558295380e-04,7.844871815921162887e-04,2.557216228797138530e-03,7.534323243380100683e-05,2.353165636813713360e-04,1.290378655630870569e-03,1.036786768642869450e-03,3.576605890093460371e-03,2.974442554577897378e-03,4.401019269144670031e-03,5.555489396523200386e-05,9.975190124571603999e-04,3.330634863103187730e-03,6.363755229686228389e-04,9.612360551809202413e-04,1.006548662460570896e-03,1.883797056601737609e-05
2.842471692535113448e-01,1.977510855542838428e-03,1.266939139561731008e-04,1.132560568230425941e-03,2.645485279588370513e-04,1.520418388299645419e-03,1.383339196952099951e-03,9.772411713980422472e-04,3.219172446950105794e-04,1.246347570290563117e-03,6.882398815406529265e-03,1.788776631089018885e-03,2.870826566328651443e-03,6.952974435558295380e-04,1.150663424359629587e-03,2.558418265138930579e-03,1.313936953214726476e-04,1.220170396612063472e-04,4.734197303877715410e-03,1.025639544358426022e-03,2.931499831733469161e-04,2.984129001462970231e-03,4.337960215471793970e-05,5.869833933774170264e-05,7.441900577801263206e-04,3.301053672113357131e-03,4.855481725365851510e-04,9.189568289719858519e-04,9.879363795769588626e-04,1.883797056601737609e-05
2.651660754760948313e-01,1.549473455364143958e-03,1.227100616753695056e-04,1.380396777085545097e-03,5.270080933185631428e-05,1.442421608031077031e-03,4.990123778457482458e-04,3.035016621582346222e-04,7.587349792802418075e-05,4.124202004988813171e-04,1.604438642369022255e-04,8.301300481407818295e-04,1.141425074088249590e-03,1.348086398018464400e-03,1.134969227450297524e-03,3.262586017961114412e-03,2.176323101558145113e-03,4.762531359060124593e-05,2.342054425145289297e-03,2.595660433681035704e-04,6.306954775283624658e-04,1.569159864543611272e-03,1.126426717488720596e-03,4.528382364888338361e-04,1.017640100092817709e-03,7.897223521215396887e-04,4.985995604121255202e-04,1.661848832724936156e-03,3.837697905106911452e-04,6.023203655004531927e-04
4.857174411383735624e-01,6.285270704695013200e-03,1.672007056104628524e-04,9.953656879844393918e-04,2.959525235477018161e-05,1.404481347317974903e-03,5.109921853291244861e-05,2.277679675595267782e-04,4.234466688301427020e-04,3.078107648470022103e-03,7.793156333403936271e-03,1.664213149434677630e-03,4.171229143175999958e-03,1.465356428421473551e-03,1.804788033144420897e-03,2.682923406920951180e-03,3.684565676018920419e-03,1.607139873453912113e-03,8.955787960108631913e-04,1.059078402705367181e-04,1.307780694674619618e-05,9.058359826297640322e-04,5.586042490788864024e-04,2.034840719487448460e-04,1.014437990575737950e-03,5.313234846262528599e-04,6.071408080567572939e-04,1.687494021336621375e-03,1.692171490257329000e-03,2.884244863584310616e-03
6.875414004350650643e-01,1.447265700298934823e-03,3.394657568711816173e-04,1.138203784566774353e-03,3.005585204655039514e-04,1.330257199615673220e-03,1.548008154920631685e-04,5.979982105945397209e-04,1.830023370580817618e-03,5.843599731035758506e-03,9.435379448443663095e-04,8.090228085761267968e-04,5.483634143377479411e-03,1.363329925949734352e-03,9.757115846763370591e-04,3.090849435834146230e-03,2.757281311836033439e-03,1.754600668336566685e-04,1.630890557219235454e-05,3.499904964246909611e-04,1.790486809719620172e-05,5.069491573655479644e-03,1.115192652508965789e-03,2.255812286717317854e-05,6.259564730772291868e-04,1.323202053075652265e-03,1.237631725480006686e-03,6.873368205788732768e-04,1.341831039685574632e-03,1.382791428148576456e-04
8.040654020360774590e-01,4.046140100614463962e-03,6.578322631712063898e-03,1.149118625963795742e-03,2.983782132890162994e-04,1.394643018579310931e-03,6.497011588606976329e-04,3.017939395295360003e-04,1.006673108518491748e-04,3.345426851498719493e-03,1.716458010630559500e-04,1.702082903556219372e-03,1.131374269931256695e-03,1.148283967608651999e-03,8.829691213155662580e-04,4.676896842281563771e-03,1.977087733420182861e-03,4.873150935357879396e-04,3.843660041036992860e-04,1.024822640353626510e-04,5.598142877168415122e-05,4.717069077160868790e-04,1.410899124075202008e-04,2.453772024694537653e-05,5.602064643535017725e-04,7.834494742665204514e-04,4.445437541477392004e-04,1.686202364291484708e-03,7.416866835795455888e-04,1.121995622239465662e-03
7.838743942839765388e-01,1.648141594129469249e-05,1.227100616753695056e-04,1.380396777085545097e-03,5.270080933185631428e-05,1.442421608031077031e-03,5.042729075465824263e-04,2.851988699894128293e-04,7.587349792802418075e-05,4.124202004988813171e-04,1.651888024563601814e-04,8.301300481407818295e-04,4.617123227414491530e-04,1.929074199891170479e-03,1.134564086224746976e-03,3.262586017961114412e-03,2.176323101558145113e-03,4.762531359060124593e-05,2.342054425145289297e-03,1.006404525838391380e-04,6.306954775283624658e-04,1.569159864543611272e-03,1.246313273708227719e-05,4.528382364888338361e-04,7.444557761029661682e-04,7.897223521215396887e-04,4.795859827079364387e-04,1.659896399285947519e-03,3.837697905106911452e-04,2.661736081901800929e-03
5.609061322499726554e-01,3.156297791564711963e-03,1.979508811865580888e-04,1.052365816798093989e-03,7.054039732167610407e-04,1.660327967604001117e-03,7.667476365718446304e-04,3.072311799861831704e-04,5.634615535972260352e-05,1.493773835250685779e-03,2.337359646850548610e-03,1.825172906421652485e-03,2.252788575615605020e-03,1.488919930772716936e-03,8.778273677906664896e-04,2.798361447519507640e-03,3.513021118774640149e-03,4.359211841478417533e-04,8.957685271479771992e-04,6.183896747704837422e-04,2.485233304429991952e-04,2.960750686823112980e-03,6.293103890204788118e-05,2.336592891719441959e-04,5.973861152363114761e-04,5.981496394443937790e-04,3.456572720774271851e-04,3.333492225856846212e-04,4.208238631476509534e-03,1.361508970298385898e-03
2.775501349350946168e-01,5.695999223583610160e-03,3.357775208724744862e-04,8.327361387764121731e-04,7.106251545755254417e-04,1.484341703779474718e-03,6.230809105940896377e-04,7.483902445531560822e-04,3.449816697031506379e-04,4.933457163712119849e-03,7.870113285742254489e-04,1.529744720590617106e-04,4.167320401721447305e-03,4.318504838940344197e-03,1.808202900801691776e-03,2.710042849304606857e-03,3.586258433273533958e-03,5.358612193814304460e-04,1.277699624008607785e-03,1.143552011415339151e-04,2.457711253623673939e-04,1.584596717816925222e-03,1.388105415571082475e-04,1.923128692176404486e-04,6.015752504052399724e-06,1.000653739468906466e-03,5.752685617555528636e-04,7.599587166604336108e-04,7.914542302177244703e-04,2.957017227872833602e-03
2.014006799630165268e-01,5.646022808780040009e-03,7.601443161871156390e-05,1.158672392108280437e-03,6.930660831216622171e-04,1.228727074653841473e-03,7.669876993057211934e-04,2.753853957200006115e-04,1.451440655220380361e-04,1.757242050515717049e-03,2.238107250070559343e-03,1.667951450552018853e-03,2.253916522299321754e-03,1.484085122479050344e-03,4.288708785412988569e-03,2.802212356629834276e-03,2.290537576880375976e-03,2.355852353065519280e-04,4.270139299688143278e-03,2.321501725664065091e-04,3.333111554039967263e-03,2.975150251587635897e-03,1.297638402085911054e-03,3.019534339116954882e-05,6.407022467415470542e-04,7.406635772115051754e-04,3.109762037427966398e-04,9.599483414131128062e-04,1.903324233694372088e-03,3.591860162963805315e-05
7.393800079806858161e-01,3.470500987711539354e-03,1.961499695212320232e-04,1.388779945294557833e-03,7.488270264579181910e-04,1.260654547731875422e-03,1.350959969408300695e-03,1.497680192133601983e-04,8.921897460326024942e-05,4.876821679755998819e-03,2.937664817667121932e-03,7.953851363834579281e-04,6.002137755748782402e-04,1.998829390193732503e-03,1.766569285232052339e-03,4.929266642343164626e-03,1.259072440735473693e-03,7.937553954788333218e-04,2.664680802246430311e-03,2.262596099818954553e-04,6.734439222510602658e-04,5.297838941351509356e-04,3.089029935762304638e-04,1.956847031738511832e-04,4.247715013216746597e-04,2.673542233355368121e-03,5.291272420155366304e-04,9.029525558247992155e-04,7.423045862130156838e-04,2.637849772456923349e-03
7.041640928721302206e-01,3.571972497081503644e-03,3.621422541304645322e-04,1.138206416568697836e-03,1.444544089673169577e-04,1.471521459688181557e-03,1.887912453300233612e-04,1.500398966329728485e-03,1.143680289743852392e-03,5.727155651537647017e-03,9.388153917050915016e-04,6.252263144195463820e-04,2.631583086857659792e-03,4.288074953892485192e-03,1.746804486583759851e-03,2.869956675056615104e-03,5.315311689617833839e-04,1.829766594376170113e-04,1.429996776746939990e-03,1.984470792069578660e-03,7.044181756860968049e-06,1.650234185328169900e-03,3.244474145324689578e-04,1.944861370839930635e-06,3.078755717319115858e-04,1.272673551750405771e-03,4.709668473782060863e-04,7.820512482671388051e-04,1.910556029307433103e-03,3.216742757826662399e-03
6.069886775131210221e-01,3.133296113216633809e-03,6.597522286107946124e-03,1.149118625963795742e-03,2.433860636867892988e-04,1.394031134441241779e-03,1.747703202249824284e-03,3.117617319074541030e-04,2.787406446198078137e-05,5.591188129628206147e-03,1.600327181161368155e-04,1.371692899302624866e-03,5.482490514594907504e-04,7.004510443845158576e-04,1.813388122872110469e-03,2.856181705473367395e-03,1.138369403352891638e-03,2.387883696477060040e-04,2.994035177226853344e-03,1.016737560091049013e-04,5.456637825009815965e-05,1.056617844768608728e-03,2.208961728541705867e-04,1.413043272536968799e-04,3.721458924698447124e-04,1.077560144036000117e-03,4.445437541477392004e-04,2.256566419649731411e-03,1.371229322014920655e-03,1.014908935465728013e-03
3.870264854039763835e-01,5.387474989336491805e-04,4.242417242735968866e-05,1.354323478728718718e-03,3.705711427819872832e-05,1.480446987482742557e-03,6.399372294151820916e-04,1.438567031778988699e-05,1.183309536519874545e-03,5.662518343070055719e-04,4.530445704644141995e-04,1.782574096508093495e-03,7.014396812612458659e-04,1.222108354661209217e-03,1.700036519724022754e-03,3.126202584067318616e-03,1.205324453097386238e-03,5.128592608468033080e-04,1.972244997091697136e-03,1.014215172994188804e-04,5.377015140978239841e-05,1.561936618024386755e-03,1.191902619947726510e-03,8.032995394392142394e-07,2.001472551237524393e-04,9.428814970236865448e-04,5.109541674226580812e-04,2.384128988331917290e-03,7.485664137535726244e-04,3.087944631253334237e-04
9.599519619028861195e-01,5.425562869455370640e-03,3.875024349533733037e-04,1.151100307426496973e-03,2.450289547479969155e-04,1.489910539164678721e-03,1.016978598027670115e-03,3.142323931498962200e-04,1.179137946413613518e-03,1.261007225884083326e-03,5.662310080865919906e-04,7.731778893578851886e-04,8.660970677467623273e-04,2.288418840355446217e-03,8.829691213155662580e-04,3.334598315479289643e-04,6.340921230045348453e-03,4.947913386715991875e-04,3.008225842820114702e-03,4.773379853605117862e-05,1.720393954393453962e-06,4.629818436706709811e-04,1.032686888141673811e-03,2.545982605574496370e-05,1.002272840217478291e-03,3.369053547712293380e-03,4.426290166584096169e-04,2.326957274275219013e-03,7.378248431952568777e-04,4.608529224200884301e-04
9.761429086836832525e-01,1.884117853536718123e-03,2.419093408294813955e-05,1.354069441739454540e-03,4.153923411802567590e-05,1.489976006944113314e-03,6.413382641856347176e-04,5.470276348264440768e-04,1.164282730895748645e-03,1.288521007549214663e-03,5.732215152761642452e-04,6.859359638185164639e-04,5.414557557705388562e-04,1.148279624904351018e-03,1.694678994594382357e-03,2.770257661522754471e-03,3.167363641715502214e-03,4.995306132371578681e-04,2.482386136797529088e-03,1.140464965561288011e-04,1.432783624236849684e-05,4.508952399110327568e-04,9.587374021679692616e-04,2.666578167672832271e-05,9.823344163513373761e-04,7.374206182354147094e-04,4.987074599652107027e-04,2.465707942789860645e-03,7.379293772908730384e-04,4.789432877471836228e-04
8.175372735609521824e-01,2.125648803355588597e-03,6.768468666889342067e-04,1.437578459560832867e-03,2.331106101048558462e-05,1.331810569775073805e-03,1.089453064745363143e-03,1.498541443869185700e-03,6.795511238037411569e-04,4.922235346348451286e-03,5.567593775407894165e-04,7.652574965956296165e-04,3.521251838327948275e-03,1.912866973184354979e-03,1.756612517248927995e-03,4.157507721356768979e-03,2.566398713901654489e-03,4.923810728608198767e-04,2.089830812690448344e-03,7.229245067692731440e-05,1.187959338034603823e-06,2.009535352526414104e-03,9.645316959273290275e-05,6.345724526752394377e-04,7.441426105179046145e-04,5.115364993288600958e-04,3.712358005567822482e-04,1.786556971358982957e-03,1.407903156458927907e-04,2.743700695673433748e-03
6.444127322303485617e-01,3.345137112423758434e-03,1.322232178847850166e-03,1.379890542801681143e-03,3.403795961334311947e-05,1.366653618289609190e-03,1.141381784361096351e-04,5.606029551896295378e-04,6.440776738785686760e-05,4.896205406637514721e-04,4.901608614790919569e-03,7.948292055919270981e-04,4.601639009538009630e-04,1.930163569911610240e-03,1.709437778766827567e-03,4.291755210546116528e-03,1.005684681386009860e-03,1.712336786061525182e-04,2.483078191112770682e-03,2.572352575624590717e-04,6.199246382220041044e-04,1.553715533606147333e-03,9.177431623308873916e-04,2.060295713339896828e-04,5.940530366550884553e-04,3.284126905897281727e-03,4.984238463783091351e-04,1.842273816870271686e-03,4.076260176044537191e-04,4.787987243649987614e-04
6.432783449555261601e-01,3.359360839261204407e-03,1.317087801179036947e-03,1.379890542801681143e-03,3.403242515033510530e-05,1.370226580291281603e-03,1.682716214327880158e-04,5.606452185113751418e-04,5.891722339388865895e-05,4.896205406637514721e-04,3.709586388943931709e-03,1.671793235569317068e-03,4.609982923581760323e-04,1.904656383565219747e-03,1.785880152771673239e-03,4.668361496202569697e-03,3.142513449278549684e-03,1.712336786061525182e-04,2.428861228754774712e-03,2.572352575624590717e-04,6.199246382220041044e-04,1.603503847890903368e-03,8.970623350972582212e-05,2.038968938917527058e-04,6.051284901827144302e-04,3.313612188848159834e-03,4.987429904512912307e-04,1.842273816870271686e-03,4.076260176044537191e-04,3.023392251208322987e-03
8.862299567074758411e-01,1.797900951054328452e-04,1.310821632374122459e-03,1.378763323930177901e-03,4.007032378003562044e-05,6.048819122960423511e-04,5.781224670744578107e-04,2.302193364353322699e-04,8.148776689362775567e-04,3.871093450833254339e-03,9.376805529564963271e-04,7.948292055919270981e-04,4.510118585497149054e-04,6.010726713524534685e-04,2.083085702120655597e-03,4.966840443553350443e-03,3.993554422753963634e-03,4.720821723287858688e-04,1.265933400153647966e-03,9.671344013762920395e-05,1.100310093677087748e-04,1.588349666832339748e-03,3.459661141880626656e-04,1.990627707860760643e-04,7.284708246909721383e-04,4.074959307798642870e-03,3.509621059528393486e-04,6.359860014539123543e-04,2.360087830250940343e-03,2.974827843454431499e-05
4.015980794699714473e-01,3.541688810545199836e-03,1.305035630439855664e-03,1.339000452092930712e-03,4.007032378003562044e-05,6.048819122960423511e-04,5.903226837909107249e-04,2.310487116674169198e-04,7.117994349327820569e-05,3.042551475221136857e-04,4.852182099902790924e-03,7.948292055919270981e-04,1.145187019175997580e-03,6.010726713524534685e-04,1.655161097644035698e-03,5.025717599289293396e-03,2.797771526550839501e-03,5.043852717314064628e-04,1.261243554525270320e-03,2.538708341206752069e-04,1.100310093677087748e-04,1.584596717816925222e-03,3.459661141880626656e-04,1.990627707860760643e-04,2.391766507722032308e-04,1.217519284203400984e-02,3.509621059528393486e-04,6.392929076132686846e-04,1.011677353248276873e-03,1.884499617037500464e-05
1.721351471229182195e-01,3.554592187654129296e-04,2.213950527423988717e-03,1.213076794046705773e-03,1.087204388653332642e-04,1.456015317545482487e-03,1.349980655199963485e-03,1.712490479287541618e-03,3.489897396831691690e-04,3.283101034662692062e-03,2.270480079519091900e-03,8.411484179491210628e-04,2.540838006624196975e-03,7.496762773548434206e-04,1.475376966864180763e-03,3.265395830181472107e-03,2.109834798453990743e-04,2.309529269182834278e-05,7.935012452786306897e-04,2.089695361540424797e-04,1.780114038069657845e-04,1.547171711335022966e-03,1.192553530987185703e-03,2.063139266477357183e-04,6.226821466884995080e-04,3.119079910415093002e-03,5.772822569128017219e-04,7.671928568097324125e-04,7.372215162871894678e-04,2.192594848122125881e-04
8.545328705963119997e-01,1.298583001744131171e-03,1.221241827680633095e-04,1.154275560259565266e-03,6.860725974167033742e-04,1.441363868009239331e-03,1.793648981588240603e-04,5.560714242658502037e-04,1.250454725965686564e-04,8.095982719305110098e-04,2.268454539416463796e-03,1.682305157876401447e-03,5.758821246442272310e-04,1.954574086536357662e-03,5.525361436148376430e-03,4.662785428867601174e-03,6.348947575865633575e-05,2.811164006415392959e-06,2.508544956997333514e-03,4.337878845380172259e-05,8.326398677501209260e-04,2.506721011578474240e-03,3.130993415317876653e-04,4.953453731514439432e-05,1.003626542766352780e-03,3.004798968056499042e-04,4.871692872314437321e-04,1.978021675754470122e-03,1.263689751161755541e-03,1.740821462573045441e-04
6.458675831359305120e-01,5.535244841409736952e-03,7.064488412549892096e-04,1.176191768922316486e-03,1.602386051724572240e-05,1.485311134585579019e-03,1.508147537018166527e-04,1.972132834265231472e-04,4.667083972321637523e-06,1.322319382124106414e-03,2.209390389705028542e-03,2.913018705104546656e-03,6.198612025230124459e-04,1.157357221294128772e-03,1.083525211032916515e-03,4.959822225770548106e-03,1.122087736127459897e-03,4.728480243313370720e-04,2.647123866775149409e-04,2.470694742043066700e-04,6.435397967237844324e-04,2.565302307832183996e-03,2.290841051226180799e-04,4.784532891246879444e-05,2.759619366982295294e-04,6.603571326314849844e-04,4.094699054766566862e-04,1.767244815079582884e-03,7.208726316264549207e-04,2.540702484273311707e-03
3.286684830552264458e-01,3.298889011386655235e-03,1.325786415668198017e-03,1.384611664896812089e-03,7.241941955337587253e-04,1.669599311047696407e-03,1.722021542068872656e-03,2.643881121320503392e-04,6.758539495025608001e-04,1.465631544626110928e-03,2.345298041195826265e-03,9.640525830448954227e-04,1.142364652278352521e-03,1.307482446778135323e-03,8.689646906918704070e-04,3.315418176333794886e-03,3.767400034118907528e-04,1.561452591616639343e-05,1.422529697421383516e-03,8.165661096947055095e-05,6.146305201399119515e-05,2.585070314362511142e-04,7.901873186336625613e-04,3.618176801267303884e-04,6.145010265947047816e-04,4.305092291092717585e-03,6.591492433454478918e-04,7.232138070224087547e-04,2.168266315734031658e-03,1.433664494184746152e-03
8.034558946986239958e-01,5.651884983598871870e-03,7.669939646892556633e-05,1.130536979523305259e-03,3.609532505783795637e-04,1.352168396671583764e-03,1.332520021252892040e-03,2.749765600578441948e-04,1.105775526871549241e-03,5.744843963509271845e-03,2.931863100636414830e-03,7.950488841989162550e-04,4.935465166319158306e-04,1.977997263358540272e-03,1.867503818450109076e-03,2.423545516817464732e-03,1.145925828976113127e-03,2.977225626450366201e-06,9.703133477605959192e-03,2.376972406090071762e-04,8.139355732124256646e-05,6.784326346626721061e-04,2.454332584895203492e-04,4.608888730509853025e-04,4.956007164634768829e-04,7.397916227376202108e-04,4.637471617648268791e-04,1.751596398049998574e-03,1.901312604584947698e-03,3.165840351574734229e-03
9.411843552387698653e-01,1.446722101694052813e-03,1.270155630836099204e-04,1.138203784566774353e-03,2.422831197464440272e-04,1.459368333473932012e-03,1.691172106975355775e-04,6.513861552940308905e-04,3.529657084628044870e-04,3.281208869289954557e-03,2.289720569716689486e-03,8.171614540051747684e-04,2.495354456615545263e-03,1.364415341857455003e-03,9.757115846763370591e-04,3.090849435834146230e-03,8.861441149327304928e-04,2.299708940451499742e-05,1.839030630069809439e-05,3.499904964246909611e-04,1.790486809719620172e-05,5.082325411717689839e-03,1.194959423526975638e-04,2.255812286717317854e-05,6.259564730772291868e-04,1.425114895243941807e-03,5.690249404238132639e-04,1.237893528333496853e-03,1.339687096980374248e-03,1.805842038150867333e-04
8.145931035168419987e-01,1.806634076697980536e-03,6.578322631712063898e-03,1.165931618636058655e-03,2.433860636867892988e-04,1.394118675570680957e-03,1.151925835072645514e-04,3.077592272234090935e-04,3.190587759869941103e-04,3.350605091736626531e-03,1.714351177680700636e-04,1.698518759380869591e-03,6.225327655633221225e-04,1.157762281496877571e-03,8.829691213155662580e-04,2.767066968718152886e-03,1.953251727223315019e-03,4.955615012182170440e-04,3.008225842820114702e-03,1.051985215395361180e-04,5.456637825009815965e-05,2.519906821794655472e-03,1.410899124075202008e-04,2.573500374892036030e-05,3.699466810383102849e-04,5.647590396184621209e-04,4.445437541477392004e-04,2.323449266352469594e-03,7.419414702569959719e-04,1.073777929118430348e-03
5.982795112330510090e-01,1.447265700298934823e-03,3.394657568711816173e-04,1.138203784566774353e-03,3.005585204655039514e-04,1.329454016999438194e-03,1.548008154920631685e-04,5.979982105945397209e-04,1.830023370580817618e-03,5.846007192414188168e-03,9.435379448443663095e-04,7.771956913643015847e-04,5.483634143377479411e-03,6.890974311439437405e-04,9.677470820012102140e-04,3.090849435834146230e-03,1.141684209556758246e-03,1.754600668336566685e-04,1.630890557219235454e-05,3.499904964246909611e-04,2.142444200691022280e-05,5.069491573655479644e-03,1.115192652508965789e-03,2.255812286717317854e-05,2.953021927593390888e-04,1.070783901100695211e-03,1.248688244553435196e-03,6.734144364296151038e-04,1.341686119805310775e-03,7.097390994612289960e-05
7.144772269431810541e-01,5.505798650749819598e-03,2.868999521299072167e-05,1.360390070674527378e-03,3.024554538765266169e-05,1.482474154432661655e-03,1.318185153741486485e-03,5.785442612167963038e-04,5.949099380306755065e-05,3.428217851924626226e-03,2.922260379076177875e-03,7.605502744740629721e-04,4.257112933398985236e-03,1.953785550542801435e-03,1.765124608022812297e-03,3.269170550244831098e-03,1.251399413365431555e-03,4.154534952122396858e-04,1.359840322563438814e-03,3.329228930108914524e-04,1.459914028292418520e-04,7.839683675788106099e-04,8.227634547522598386e-04,4.548468803734025036e-04,4.213547729925526484e-04,4.418828278260939976e-03,4.562824353454349603e-04,1.600456948485042344e-03,7.549300824865579594e-04,1.438568155650086448e-03
9.030883315830663394e-01,1.567278120692096799e-04,1.037283123636607634e-03,1.151624916897056074e-03,1.124325142219026452e-04,1.456261370108179491e-03,7.274744860283762719e-04,4.394992614324632306e-04,1.172538398295473521e-03,1.265290184327222183e-03,7.864698605789728104e-04,7.971483554826881181e-04,5.594760359108053027e-05,1.953213078038217032e-03,8.671921630254532994e-04,1.624221752733003878e-03,4.678001289492739884e-04,1.616229028523759152e-05,2.226696242514092372e-03,5.084293808104789827e-05,1.441585954760057149e-04,2.506227496298380625e-04,1.191811209294709253e-03,6.349571305563413582e-04,5.176122138522397127e-04,1.061217304900303506e-03,4.443383682530613592e-04,7.620367297921539071e-04,7.942399332776630197e-06,9.134720786286177480e-05
9.659737780348215397e-01,3.663996315580093834e-03,2.399005289820706991e-03,1.203309032443620119e-03,1.087204388653332642e-04,1.456015317545482487e-03,1.335673512107363355e-03,1.712490479287541618e-03,3.428280562497623262e-04,3.283101034662692062e-03,2.270496346950407092e-03,8.412437700369216871e-04,2.520537929010939135e-03,7.115754616135922840e-04,1.751637072410290553e-03,3.269455796906649281e-03,7.532395306269084364e-05,2.309529269182834278e-05,7.926270895992737053e-04,2.089695361540424797e-04,1.780988145540040690e-04,1.547276826562716048e-03,2.228091581346699102e-04,5.521322785720677760e-05,9.958160394740967966e-04,5.918525847830805996e-04,5.700210026729256654e-04,7.620250165822916883e-04,7.345688223155575573e-04,2.227594128662540966e-04
6.821944841477549648e-01,3.341623105788465824e-03,7.453265870845907255e-05,4.639112402594226109e-04,4.007032378003562044e-05,6.146921002916150897e-04,5.926590002400365523e-04,2.189845683908068900e-04,5.912001012329121943e-05,2.413043562146854806e-04,4.852182099902790924e-03,7.948292055919270981e-04,3.535211899942634212e-03,1.920015623979850171e-03,1.655161097644035698e-03,5.025717599289293396e-03,2.797771526550839501e-03,4.316033058408771678e-04,1.343841241564689391e-03,2.559495157327059431e-04,1.100310093677087748e-04,1.584596717816925222e-03,1.032209801587014074e-03,1.990627707860760643e-04,2.391766507722032308e-04,9.830013835703515362e-04,3.509621059528393486e-04,6.372392520892832066e-04,1.181466682521893109e-03,1.419414495088184344e-05
9.753479689131904218e-01,4.539540743108913274e-05,1.583907867209312890e-03,1.349892183680488243e-03,1.571073466732384003e-05,1.489974651995058233e-03,6.413382641856347176e-04,5.441107535870477914e-04,1.164282730895748645e-03,1.288521007549214663e-03,5.732215152761642452e-04,6.859359638185164639e-04,5.622894352370201403e-04,1.148279624904351018e-03,8.834994888552198059e-04,2.770257661522754471e-03,3.167363641715502214e-03,4.995306132371578681e-04,2.479590389109991889e-03,1.140464965561288011e-04,1.393524864630805418e-04,4.508952399110327568e-04,9.612550880692774004e-04,2.666578167672832271e-05,9.823344163513373761e-04,7.374206182354147094e-04,4.987074599652107027e-04,2.465707942789860645e-03,7.379293772908730384e-04,9.000330242011768769e-05
5.963873905901411199e-01,3.637173530158660083e-03,9.087926299487827085e-06,1.203771483278879770e-03,1.448327997222537361e-04,1.656953507853581743e-03,5.917806595748139036e-04,2.731521862531499775e-04,5.912529840493531760e-05,5.532995493322760000e-03,2.337359646850548610e-03,7.825610637392033456e-04,1.929869740636296505e-03,1.153816088219411159e-03,1.429584316535751189e-03,2.881297153083841722e-03,2.821263123238485892e-04,4.478581302754794033e-04,8.947648937186777722e-04,6.183896747704837422e-04,2.570008985821331938e-04,1.601284395783350665e-03,3.269860889863920156e-04,2.468639244347568300e-05,7.574525201563001237e-04,1.129405130192450996e-03,4.423928564550493525e-04,2.040788624311258917e-03,4.208238631476509534e-03,1.361508970298385898e-03
7.276968963282197667e-01,3.839727395146528589e-03,1.791373208190013590e-05,1.375934830560493743e-03,2.610957575252507995e-05,1.206603302330517494e-03,6.230994346974001513e-04,7.460834247920550798e-04,1.190865802833955935e-03,4.897896731181355587e-03,1.111614750239503036e-03,6.092164857920077383e-04,7.816170659976718130e-04,4.018830618287509010e-03,2.187093539376107343e-03,2.374848314143227640e-03,2.130970890391638284e-04,4.327768503288746465e-04,1.386475559330366605e-03,3.142504795095833747e-04,2.464352471646042483e-04,6.119489677186506181e-04,1.354306066584036569e-04,1.935586340495392234e-04,3.586403567730017889e-06,7.271732439396725103e-04,5.727775568764579325e-04,7.616787575585231901e-04,7.930232082168040550e-04,3.018143948204947760e-03
8.066587499441107978e-02,3.830408015894917750e-03,4.286491838313361349e-04,1.151088473556085602e-03,3.050920694965389207e-04,1.388180888780938095e-03,2.040428704478390066e-05,2.371864106930957582e-04,3.799163858937346094e-05,1.379212364102600169e-03,4.456456374066660700e-04,7.626571615089304968e-04,6.955326055099275793e-04,1.934772059753123640e-03,9.123481046295981714e-04,2.914049852073822677e-03,4.832046588325602209e-04,3.343686736864671070e-05,1.107564125579068529e-03,3.194681889251155130e-04,1.621868627953045841e-04,1.587638715635936084e-03,1.191491095730079497e-03,6.223587542969523118e-04,1.785219645129671687e-04,9.393889991142123554e-04,5.173163570608178483e-04,2.322115977472922078e-03,2.247578431851339487e-03,3.029866293887095415e-04
1.114309694503307635e-01,5.573328945272234408e-03,3.902902913924827938e-04,1.150914620857297708e-03,3.705711427819872832e-05,1.480446987482742557e-03,5.293879852129004977e-04,5.487140293434607718e-04,3.021985341429575417e-05,1.574759010226161292e-04,4.523907670895687284e-04,7.754181431858616540e-04,6.959707443658203581e-04,1.152602529916168421e-03,9.067608739935623628e-04,1.685816158134257345e-03,3.000117707764688064e-03,3.403908419580671616e-05,2.231261169542590912e-03,3.748695292376228068e-04,3.745547329939841186e-05,1.571665662447743880e-03,1.035127754595807550e-03,2.707360000165227442e-04,1.992765208561037113e-04,6.533626519632665733e-04,1.541380572877413657e-03,2.397531104449039750e-03,7.379293772908730384e-04,4.275970394656759994e-04
9.847266944384402976e-01,5.600020557350531003e-03,3.902902913924827938e-04,1.150544148360682119e-03,3.705711427819872832e-05,1.480286898807550017e-03,5.293879852129004977e-04,3.563551091379530550e-04,3.056731346298658617e-05,1.435422553629884341e-04,4.502383833612625969e-04,1.665074272999252872e-03,7.034758859703641939e-04,1.110517093578587472e-03,9.067608739935623628e-04,3.341966736938566628e-03,1.356928978346531693e-04,1.480350939526269128e-05,2.226700856263534763e-03,7.310338347183426423e-05,6.148055495327922702e-04,1.573046704165401155e-03,1.033165142095949108e-03,1.836199079224826842e-04,1.991587289449460235e-04,9.222377585856845160e-04,5.088814202197746491e-04,2.397531104449039750e-03,7.997723204310289592e-05,4.296268683769859965e-04
7.912111445064122783e-01,3.582066034486770280e-03,3.672646103108290682e-04,1.350019132804911211e-03,3.654154478806800503e-06,1.450083083085238790e-03,7.216975948961006819e-04,5.472277381173081164e-04,6.630076931165113053e-04,1.303113348686178079e-03,7.098808453355302805e-05,7.522275312349610294e-04,4.254168229809854318e-03,1.994238513471774821e-03,8.404563457473705713e-04,1.687628314756741766e-03,3.310875878519047022e-03,3.285341999053777558e-05,2.231256555793148522e-03,3.828298325823733823e-04,4.675500287918305268e-05,2.506341317479876410e-04,2.126186542845603716e-04,6.461313158236422875e-04,6.726393897819670604e-04,4.056460872749556232e-03,6.424100563771097377e-04,7.587916917716917755e-04,7.418764402992651837e-04,9.673252382176686804e-05
4.391209941246737025e-01,1.915802387229291037e-03,1.642946108199026833e-04,1.197131997920364331e-03,7.272658661839565344e-04,1.669599311047696407e-03,2.005610797997743524e-04,6.849472006461598296e-04,1.433134844558005912e-04,5.668249230598746032e-03,7.156001342693554465e-03,8.473765496541673953e-04,1.210635060490160893e-03,1.159178005355787936e-03,3.082442916854895298e-03,2.289570976542343837e-03,2.012699455555885396e-04,2.133859091500454804e-05,8.127297417680356571e-04,8.267873509049034661e-05,2.453370619863202507e-04,3.117278585151601888e-03,7.902554081137291332e-04,2.020003409844245380e-04,6.137376402362563132e-04,4.469585599149325517e-03,1.561606487733089915e-03,7.939164526105605552e-04,2.584484264614699683e-05,1.407691069987572138e-03
7.459680516099792547e-01,1.438465748471265751e-03,1.217811022790079136e-04,1.147679932279015895e-03,7.107199133121872275e-04,1.331994369606161622e-03,5.246306124408027126e-04,3.142276298232669299e-04,1.018103997749393759e-03,6.969320455214476559e-05,4.088254447804701673e-03,9.489765102739534377e-04,2.648291933384411094e-03,1.238980741355840418e-03,9.411975841287180053e-04,2.564652219575994704e-03,1.110633566767265691e-04,4.551032740228791451e-05,7.749190601284727288e-05,9.994903124343425174e-04,6.068395205733623525e-05,1.640023242949364621e-03,1.194568529465935090e-03,9.880855748189032884e-07,2.169734450785199898e-04,5.434103891197371132e-04,4.460908427705573406e-04,2.282006857616553346e-03,2.158281933017373606e-03,1.235980655928234275e-04
8.977875122703566912e-01,3.373901799055582448e-04,1.449772927941252263e-03,1.149314644352983101e-03,2.435709990580838750e-04,1.490599702356044855e-03,7.198311351613387050e-04,3.141267057645802082e-04,4.466032824415411631e-05,1.187745356195045931e-03,7.864698605789728104e-04,8.631433131699302276e-04,4.874410200974323149e-04,1.205583176962299503e-03,9.452210468046443569e-04,1.353476048118855413e-03,4.545413328783904717e-04,4.666913649137472038e-04,2.270212803166342646e-03,1.016333028493165416e-03,5.540587246021474625e-05,2.506227496298380625e-04,1.136101811169068585e-03,2.611858582111410828e-05,3.581670963711964520e-04,4.466573645289744106e-03,4.446191189432995928e-04,7.619343841139932438e-04,9.111598021543433103e-05,8.399373846019390737e-05
8.814555445914659115e-01,3.865202459137707762e-03,1.518363952436610270e-03,1.134167366193888742e-03,6.988334281821822515e-05,1.328719499315811044e-03,1.100823296114385088e-03,1.486127661447608989e-03,1.182043082636071623e-03,3.127897364524475851e-04,9.332607017171462961e-04,2.838056958055431038e-04,8.432535878123812063e-04,1.416058444230392692e-03,2.075601674616488809e-03,5.092219795023927159e-03,1.196048209204933228e-03,2.203309900044897636e-05,3.016453205742588867e-03,1.770831490774055998e-03,2.434670911024281945e-03,3.544677361200807095e-04,3.038950442083281772e-04,5.842569581214707370e-05,5.930039367033220453e-04,3.320877969012090911e-03,5.233040885667342851e-04,7.236590416501725463e-04,1.174258084944371922e-03,1.254278520070964322e-03
7.283427206998450698e-01,1.937569819249714172e-03,2.608947325528096581e-05,1.354069441739454540e-03,3.689979870940852800e-05,1.483254033258193981e-03,6.465192062641631062e-04,7.138971011857231158e-04,3.631106987591412451e-04,1.408867821790153567e-04,4.530445704644141995e-04,8.279496969327726930e-04,5.286318224185164276e-04,3.948119932151436702e-03,1.472340538192365607e-03,3.260726797960880781e-03,4.571381306262911962e-06,2.011074225322345265e-05,2.421355266938685167e-03,2.194240627593661635e-04,4.709968204787286878e-05,1.562151172132606684e-03,4.887375250228016485e-05,5.610627736225383205e-05,1.604357204059977731e-04,7.271318760195627723e-04,5.731163061677759527e-04,2.456468474863363321e-03,7.930418338937811470e-04,3.017918234968866055e-03
8.399823032474655893e-01,1.495490956859854949e-03,1.142926409459553774e-04,1.160327861285723357e-03,2.902732989190801634e-03,1.328719499315811044e-03,7.160962476649505555e-04,3.866128547860016827e-04,6.792840536525425292e-05,5.911753462082325371e-04,9.332607017171462961e-04,1.798051459914394492e-03,2.687934596431976620e-03,1.893155798676909212e-03,9.390024209602704187e-04,4.965253219922907343e-03,8.806432810302671638e-04,1.302460596673017928e-05,2.417930867260833019e-03,1.011145878528136926e-03,2.163972973843146920e-04,1.656681707938206013e-03,1.183546896413673272e-03,5.842569581214707370e-05,6.322071451180578429e-04,5.373407601171354417e-04,5.233040885667342851e-04,2.296568402588029453e-03,1.187863399919411762e-03,1.258365224833865505e-03
6.388176200154911388e-01,1.008663794858509662e-04,1.583907867209312890e-03,1.349892183680488243e-03,3.376257496964526572e-05,1.484629431813473113e-03,6.413382641856347176e-04,5.441107535870477914e-04,1.166826438672700309e-03,1.288442540942115640e-03,5.732215152761642452e-04,1.506377443880784796e-02,4.598808157112875463e-04,1.166254083721712321e-03,8.834994888552198059e-04,2.772178439453235228e-03,3.167363641715502214e-03,4.995306132371578681e-04,2.481195871167871624e-03,1.019309819916261982e-03,1.024609737971475380e-04,1.525068708507544817e-03,9.436134586905356881e-04,2.801444456920480666e-05,9.823344163513373761e-04,6.058092144577852025e-04,4.987074599652107027e-04,9.256304174205799663e-04,4.265233462592698957e-04,7.872037249040354442e-05
4.694102432426596749e-01,3.470500987711539354e-03,1.243958383630989855e-04,1.379139629540274657e-03,7.488270264579181910e-04,1.492229932768264619e-03,1.351854310725046377e-03,4.237105445962228208e-04,1.252175195027884803e-03,5.058976022336399841e-03,8.052974457426582359e-04,7.967284976674091470e-04,6.002137755748782402e-04,1.953637964578526249e-03,9.433866933454249613e-04,1.612993801339537544e-03,1.244749392100016373e-03,2.088672506937413239e-05,2.354778046139192373e-03,9.449106517752417196e-05,6.734439222510602658e-04,2.496711902696730932e-04,1.657243503723265440e-05,4.548327101234654135e-04,4.253391201566502559e-04,7.799406810324595015e-04,4.671724337858994183e-04,1.669638408118864423e-03,7.423045862130156838e-04,2.662622819783010044e-03
5.018450196828700971e-01,3.235507803223220021e-03,1.295949325535918767e-03,1.201052056894154514e-03,1.164908527712371069e-04,1.116161440000971485e-04,5.951116745894996594e-04,1.684603772220934995e-03,4.241503777652842603e-05,3.283457696928516675e-03,8.768761087480292024e-05,8.178428167036809688e-04,1.140388352022633908e-03,1.342944674157935852e-03,1.683589012946721478e-03,3.267577773899640360e-03,7.361154205329836211e-05,2.722627365053651959e-05,2.498016541222725529e-03,4.857216930092078471e-05,1.447313892199409356e-05,6.149888317898197622e-04,2.367682442922631157e-04,4.572903168926417737e-05,6.291942652156069836e-04,1.280262706522544572e-03,4.633273263676846452e-04,7.479653544415345657e-04,4.890091790946081689e-04,7.522462719449901072e-06
6.614192544079319225e-01,6.302987468375514934e-05,1.271249939458392059e-04,1.385546426513525973e-03,5.220902331994723165e-05,1.495725566573256025e-03,6.211548148425192605e-04,8.950588972650578342e-04,3.398496285530918227e-04,1.190196852960303652e-03,2.300422154735793940e-03,7.617482764200074604e-04,8.311402449168369885e-04,1.110358655897685648e-03,2.136901940498991698e-03,3.299769882038094612e-03,6.382365704743214394e-03,4.327743631090718635e-04,2.504673207112930768e-03,8.957873820750065011e-05,2.034796141824775351e-04,1.231531541358299887e-03,2.036753619879881996e-04,1.013316715071936234e-04,2.837607780988475950e-04,1.049388226909958761e-03,4.465975480783037363e-04,7.588076921516221643e-04,1.133029307298490931e-03,4.239220627811110097e-04
5.755245559891818408e-01,3.970166613123257910e-04,6.979657948560097011e-03,1.203011681738465517e-03,4.842861593219399230e-05,1.645690784401570824e-03,6.461704044974500225e-04,3.117617319074541030e-04,5.924696475496190782e-05,1.277877762630439448e-03,1.777745944165688187e-04,1.688346444601596932e-03,5.243823546311520215e-04,1.189131798106118042e-03,9.033535211925914406e-04,8.859593132182014491e-04,4.544356549451919339e-04,4.949541374355849715e-04,3.008225842820114702e-03,1.000948917725279544e-04,1.452418407235096364e-04,4.717069077160868790e-04,1.410555274932706995e-04,2.570388163699954500e-05,7.621789760619277539e-04,7.415739060264315424e-05,4.445437541477392004e-04,2.287114292974588847e-03,6.885387902741985523e-04,1.073777929118430348e-03
5.900995019336745528e-01,1.888651294701771972e-03,1.305035630439855664e-03,1.378789861408910838e-03,4.962475179328037085e-05,6.034882621600329462e-04,8.317248575518711422e-04,1.489638204631145739e-03,5.902042518037843420e-05,4.578734038302519245e-04,1.075429187162977532e-03,7.665324910388639744e-04,2.644904334582283325e-03,6.250854595840366762e-04,1.657291145016652088e-03,3.246355935404282057e-03,2.800003307442473950e-03,2.512163220759944162e-04,1.261243554525270320e-03,2.552305681555368396e-04,2.853688814073273693e-05,1.934694059739502448e-03,6.048542670735278909e-05,2.052903810759424026e-04,2.391766507722032308e-04,4.136380152284207102e-04,3.509621059528393486e-04,6.584395115670268334e-04,2.484572926410605776e-03,2.514856263666207566e-04
7.781212041811987890e-01,3.339502990801890454e-03,1.305035630439855664e-03,1.375498468346436675e-03,2.929075532445417243e-04,1.475318148944072989e-03,7.061311989025348835e-04,2.302193364353322699e-04,6.079274796158236956e-05,1.302337961769975926e-03,1.797381236089265130e-05,8.613653101768636898e-04,4.502319591186224393e-03,6.010726713524534685e-04,1.581621277297221712e-03,5.024477128998002667e-03,2.804063380132160426e-03,4.720821723287858688e-04,1.261243554525270320e-03,9.541890500235227402e-05,1.100310093677087748e-04,1.584596717816925222e-03,3.438566320036978252e-04,1.849335155867627906e-04,2.967552608232902666e-04,4.300334021654745112e-03,3.588814926804493027e-04,6.394367473293533031e-04,2.360087830250940343e-03,1.578052877535881127e-04
3.103720189622696801e-01,3.214785246139515839e-03,1.510598691025107077e-04,1.360390070674527378e-03,3.146659220509828714e-05,1.490589904948164861e-03,6.138983786413214046e-04,2.466805918838345770e-05,1.134804031255374481e-03,3.428217851924626226e-03,6.093948910622790571e-04,7.605502744740629721e-04,4.236901711493699409e-03,1.953785550542801435e-03,1.764986807788503477e-03,3.269170550244831098e-03,3.802596233376965423e-04,4.105647604436891192e-04,1.359840322563438814e-03,3.262082192152490666e-04,2.451570112687745124e-04,1.643349956473953320e-03,8.227634547522598386e-04,2.367287893579412487e-04,4.213572388771313166e-04,4.418828278260939976e-03,4.641000588589450125e-04,2.426015193560728325e-03,2.112036273353957386e-03,1.438560344674459299e-03
5.016450768002158611e-01,3.419159575110209195e-04,1.674388335931364935e-03,1.151100307426496973e-03,1.123914261848900066e-04,2.006158928590788971e-04,5.951405380507955112e-04,1.639444621792903074e-03,1.179861943861369418e-03,3.085302659071088340e-03,4.460540632748419450e-04,1.853148525975003777e-03,8.660970677467623273e-04,1.178687456200197504e-03,8.868586814766901000e-04,2.530358520702806740e-03,7.388897748712521299e-05,4.910618066306472523e-04,2.997256760886614357e-03,9.646706246890365474e-04,1.417955842303605078e-05,2.478165674765385549e-03,1.191424365993451430e-03,7.586341480716059013e-06,2.227302982851943184e-04,9.382953268834260492e-04,4.441820128998699171e-04,2.281407020113595738e-03,7.484618796579564637e-04,1.266213404002028095e-04
3.785751611302412001e-01,3.263478301316610763e-03,1.295949325535918767e-03,1.201052056894154514e-03,2.521890985824538803e-04,1.391028026268472523e-03,5.251117819190051104e-04,3.593968762300270119e-04,4.241503777652842603e-05,2.678479446174587830e-04,8.768761087480292024e-05,7.450281337994268428e-04,1.140388352022633908e-03,1.342944674157935852e-03,1.683589012946721478e-03,3.304207597772269595e-03,1.024188794442726488e-04,3.151083712799106033e-05,2.509965656552719596e-03,4.857216930092078471e-05,5.485996792366414976e-05,6.149888317898197622e-04,2.367682442922631157e-04,4.572903168926417737e-05,6.291942652156069836e-04,1.280262706522544572e-03,4.633273263676846452e-04,7.479653544415345657e-04,4.890091790946081689e-04,7.522462719449901072e-06
9.326961169193488388e-01,3.878242290424535610e-04,6.971071135091002312e-03,1.149118625963795742e-03,2.433860636867892988e-04,1.397978481244294005e-03,6.495320408365370338e-04,3.106833897115817648e-04,8.531239302066032700e-05,1.264918814481420318e-03,1.662863934642584891e-04,1.698518759380869591e-03,5.580148015755458622e-04,1.945548073028839989e-03,9.458825312170140564e-04,8.828132965338759920e-04,4.678450763515217751e-04,4.689784381401800560e-04,3.008225842820114702e-03,1.065506961727932290e-04,1.452418407235096364e-04,4.717069077160868790e-04,1.410555274932706995e-04,2.573500374892036030e-05,5.271402811314634300e-04,7.290444693974348564e-04,4.445437541477392004e-04,2.287114292974588847e-03,7.416866835795455888e-04,1.073777929118430348e-03
2.198167864990729359e-01,1.265275237353931381e-03,1.778613737637658922e-04,1.194448354651375839e-03,7.203806259573744325e-04,1.390956475591874743e-03,5.926743794948852347e-04,3.016384632046481009e-04,1.072584729997686610e-04,4.854632993825808325e-03,3.727148792425014935e-03,1.713908440172654066e-03,1.118256887302321876e-03,6.793818733452371183e-04,7.632698040384123606e-04,2.570221581459153533e-03,4.882954849986687485e-04,8.445138828489754269e-05,1.261243554525270320e-03,1.042623863710644139e-03,2.427366925698468375e-04,1.584596717816925222e-03,1.512552307846417102e-05,5.657310219864371476e-05,9.784505809243748600e-04,4.558698360527849679e-03,1.485910302643851611e-03,1.744298821004493585e-03,9.742101184607869545e-04,1.951008947575943092e-05
7.177054163766370953e-01,3.839727395146528589e-03,1.165661989030431465e-04,1.396191936308796089e-03,4.215155844792726168e-05,1.332457835454273903e-03,6.211548148425192605e-04,8.797019019139724200e-04,1.184090937271274537e-03,1.166799851282897520e-03,1.081864054546985074e-03,7.707400155292621312e-04,8.311402449168369885e-04,1.953420519611765056e-03,2.177030563493426770e-03,2.562088083184434293e-03,2.126362253031063734e-04,4.365640827162693433e-04,1.388647520802344841e-03,9.754662731631154196e-04,1.454749067318517216e-04,5.972859539013783761e-04,1.020173848091463463e-03,1.384553386703708561e-06,2.581192496381700665e-04,7.273923964911809155e-04,4.466455679660086059e-04,7.619388164860133299e-04,1.184736861596800018e-03,2.496556933180131294e-04
7.837672513425828491e-01,3.608757646565066875e-03,1.356006488920817122e-04,1.146239802436874828e-03,3.654154478806800503e-06,1.460876544085769118e-03,7.223672816811563908e-04,3.548688179118003995e-04,6.684362275271123937e-04,1.288992991769753651e-03,6.817415249358704105e-05,2.878580804599165013e-04,4.254168229809854318e-03,1.930182062578300085e-03,8.806499744105542558e-04,3.343778893559560487e-03,9.345718976280827919e-04,1.615340238255559915e-05,2.226696242514092372e-03,8.106185438341677318e-05,6.206893054326481467e-04,2.506341317479876410e-04,3.967917934359845196e-04,1.848431958742945591e-04,6.619530217634229420e-04,4.769171453612665659e-03,6.392883776219418631e-04,7.587916917716917755e-04,7.933353786710399926e-05,1.792137445303999311e-04
9.449330965293285534e-01,1.360597471413794350e-03,1.230546622726582003e-04,1.367324102967062017e-03,2.204281734024300535e-04,1.346677485409060807e-02,5.958840696292570880e-04,5.952282014176530104e-04,5.904918857125170909e-05,6.799860078209258099e-05,4.904708720403164017e-03,8.171997025361449341e-04,7.486582029787938481e-04,1.361238146597769372e-03,9.880070918455463071e-04,5.035761092504386673e-03,9.043710927693646238e-04,3.606056539619214608e-04,1.046077783003806832e-04,3.504137518028765659e-04,1.410983727942521839e-04,1.417781533047795259e-03,3.303470219956193424e-04,2.358993651827123158e-05,2.731024137545246216e-04,7.411144192193918050e-04,4.447140984757360542e-04,7.640602575969346680e-04,1.339687096980374248e-03,1.601520098504721030e-05
8.922632058877820738e-01,5.573328945272234408e-03,1.192651769095141173e-03,1.154555519391468454e-03,3.622944158868223466e-05,1.332359744650768538e-03,2.746516089835127029e-04,6.321700983142014389e-04,1.387607074691853733e-05,3.266662581801743973e-03,4.530445704644141995e-04,8.152580538246271755e-04,7.765658003955144091e-05,3.098776890100097062e-04,8.820977151842290939e-04,1.779343752897424597e-03,3.167363641715502214e-03,5.099563193861110857e-04,2.484367564125228214e-03,1.187887945313233717e-04,2.287952023198019783e-05,7.956575453483523755e-04,1.100401242824922696e-03,1.250400484328808431e-06,6.080235842307759155e-04,1.051761689338005746e-03,4.449618797491929935e-04,2.771212743663491792e-03,2.356139945200851765e-04,4.296268683769859965e-04
4.595173441955170412e-01,1.567278120692096799e-04,1.041965062021235969e-03,1.356789857531206372e-03,1.132601880361495679e-04,1.456261370108179491e-03,6.182749565319902623e-04,4.436934144060713028e-04,1.186129588622185892e-03,1.265290184327222183e-03,7.864698605789728104e-04,7.971483554826881181e-04,6.820222603038639773e-04,1.953213078038217032e-03,1.683663002596934993e-03,1.623734747299979218e-03,4.678001289492739884e-04,1.616229028523759152e-05,2.226696242514092372e-03,5.137444343134573289e-05,1.441585954760057149e-04,2.506227496298380625e-04,1.191811209294709253e-03,6.749538020472173241e-04,5.178211827945902431e-04,2.697022810171405206e-04,5.088973977405348605e-04,7.620367297921539071e-04,7.942399332776630197e-06,9.134720786286177480e-05
7.926897146728176802e-01,3.878242290424535610e-04,4.668951293740298755e-05,1.149118625963795742e-03,2.433860636867892988e-04,1.396994421125361289e-03,6.495320408365370338e-04,3.142348085918445638e-04,8.531239302066032700e-05,1.244016072859170652e-03,6.140447724744179867e-05,9.302443633608147369e-04,5.475166481617079611e-04,9.722213336151891427e-03,8.837871962505978313e-04,2.507217847123179716e-03,4.544356549451919339e-04,4.047807363233830546e-05,3.409311292079549721e-03,1.060996574724175888e-04,1.476312038602347200e-04,4.717069077160868790e-04,1.231610505803655206e-03,2.573500374892036030e-05,3.699466810383102849e-04,4.461695690726449892e-03,4.461028688836266476e-04,2.286960701530592072e-03,7.211685804259943813e-04,1.064749183472383154e-03
8.689918091410804291e-01,3.341623105788465824e-03,1.305035630439855664e-03,1.381265201039437061e-03,4.007032378003562044e-05,6.048819122960423511e-04,5.926590002400365523e-04,2.297894122694772289e-04,5.668018171485713659e-05,3.042551475221136857e-04,4.969061879453538950e-03,7.894679411911565553e-04,3.558191084973967144e-03,6.315819364610273040e-04,5.190928332701818821e-04,9.019835633626216084e-04,5.691775921335439411e-04,4.702676707846046352e-04,1.326980789186955976e-03,2.538708341206752069e-04,2.426313002606904096e-03,1.584598110941968065e-03,1.348290062142719283e-04,1.058983368382184994e-05,2.242668421985515503e-04,1.377232491695072614e-04,5.123330342290973284e-04,2.362218733559658893e-03,7.166232128289563895e-04,5.074449631100327136e-04
2.930906279112241997e-01,1.860130835425930895e-03,1.353754324807719331e-03,1.363138870507103750e-03,4.007032378003562044e-05,5.574026120099978294e-04,6.407187021146762678e-04,2.958666625799216904e-04,1.472880382657169602e-05,3.278562384110925848e-04,4.694199182405142667e-03,7.948292055919270981e-04,4.430658836594303786e-04,5.853833774816798955e-04,1.655161097644035698e-03,5.025717599289293396e-03,2.797771526550839501e-03,4.995865437404438348e-04,1.261243554525270320e-03,9.983631246277255885e-05,1.100310093677087748e-04,4.086532567604807481e-04,3.395961511406018303e-04,2.078748809201951702e-04,2.152565106555997968e-04,1.335342477653806044e-03,4.939800753519095911e-04,6.126696708951625972e-04,7.410789346995597712e-04,1.419414495088184344e-05
3.140205675189967627e-01,3.361034626811239788e-03,1.640768151680935955e-04,1.202225306278587253e-03,7.293995949637820586e-04,1.626435202930930600e-03,6.461704044974500225e-04,3.119181965241140980e-04,1.005764984371598910e-03,1.277877762630439448e-03,1.777745944165688187e-04,9.470627538827868517e-04,5.243823546311520215e-04,1.322054511679287940e-03,9.079062516958599999e-04,8.859593132182014491e-04,4.536775155573945055e-04,4.936579922019895079e-04,3.008225842820114702e-03,1.000948917725279544e-04,1.458349314110163070e-04,4.726092544454806098e-04,6.575156820194595804e-05,1.877784359970544493e-06,7.621789760619277539e-04,9.422598036800278881e-05,5.907490137312416262e-04,7.294838451921695699e-04,2.161341973846349265e-03,1.073777929118430348e-03
2.848932882860210070e-01,3.222084211713973235e-03,1.270155630836099204e-04,1.170372371219311619e-03,3.005313147980636875e-04,1.705891634870837937e-03,5.717551786166511635e-04,5.978862204468441029e-04,5.918739860348184686e-05,3.307975686197575649e-03,1.780708365810958552e-04,3.027206477803865217e-03,3.394610949966864882e-03,5.897366665525376585e-04,2.216368283576816353e-03,2.435117464373354537e-03,1.829064384906254042e-03,5.195597299986633557e-04,5.053085542704952721e-05,1.164288010134661858e-04,1.120557190990987997e-04,3.475934371019464252e-04,3.512973429437692835e-04,1.984489370352226839e-04,6.259564730772291868e-04,7.606268673852262848e-04,5.160245433622598268e-04,6.372722916451990186e-04,2.474221266961779478e-03,1.071981961064602529e-06
9.934325880822331145e-01,1.531167564313584088e-03,1.217811022790079136e-04,1.147679932279015895e-03,7.288180526074446598e-04,1.331994369606161622e-03,5.246306124408027126e-04,2.755809651873190533e-04,4.464019010472035625e-05,6.969320455214476559e-05,4.580760464407091035e-04,7.744730945502312745e-04,2.648291933384411094e-03,1.151714818087027454e-03,9.069620181806697327e-04,1.707193695814166129e-03,1.508881599204276586e-04,4.591184571180497700e-05,7.749190601284727288e-05,5.651944768214013561e-04,6.068395205733623525e-05,1.571645413691889108e-03,1.200225851101230585e-03,4.321863987497823103e-05,2.169734450785199898e-04,5.434103891197371132e-04,5.118833989283994067e-04,2.282006857616553346e-03,2.158281933017373606e-03,1.239487135869179080e-04
4.383326462242481680e-01,3.777743675810151837e-03,1.237276366787909768e-04,1.197135480305120975e-03,7.272658661839565344e-04,1.669599311047696407e-03,1.157300342260731470e-03,3.435733519241262243e-03,1.433134844558005912e-04,5.668249230598746032e-03,7.156001342693554465e-03,8.473765496541673953e-04,1.207119722815808279e-03,1.159178005355787936e-03,3.082442916854895298e-03,2.361952858659862459e-03,2.012699455555885396e-04,2.133859091500454804e-05,8.127297417680356571e-04,8.267873509049034661e-05,2.453370619863202507e-04,1.569269329883377214e-03,7.902554081137291332e-04,2.020003409844245380e-04,6.137376402362563132e-04,4.465078915209266808e-03,1.561606487733089915e-03,7.939164526105605552e-04,7.384186407376002554e-04,1.408054799968173247e-03
5.502287808982982975e-01,1.959118994621079218e-03,1.573035898246407781e-03,1.195953688263480530e-03,7.417757317562643799e-04,1.483584309989474225e-03,1.228905966756731281e-04,6.927397861648135289e-04,3.628925129385392125e-04,4.279230808672748743e-04,2.345797974274369674e-03,1.806319721237230769e-03,8.282945597192176244e-04,1.788569052207293446e-04,1.456927725055579817e-03,4.926808562211408039e-03,2.048460906438798364e-05,9.713762400742184037e-05,8.127297417680356571e-04,2.096181044892538492e-04,3.549712183424291929e-05,3.108223614308327533e-03,3.006709187902592670e-04,2.016475684238478426e-04,1.490974766496716629e-04,3.307605431590633811e-03,1.561606487733089915e-03,2.526554396595190148e-03,2.070175063684774087e-05,1.412007457179482702e-03
1.169053200690473582e-01,7.475008400016701186e-05,3.180137287886778633e-05,1.375934830560493743e-03,3.692725279026540561e-05,1.206603302330517494e-03,3.258012209815893843e-04,7.460834247920550798e-04,1.194010692020380793e-03,3.331068039294736698e-03,1.111614750239503036e-03,5.811014152935437948e-04,5.465321452442995160e-04,4.018830618287509010e-03,2.187093539376107343e-03,2.374848314143227640e-03,1.916552215383565282e-04,4.333023110665837796e-04,1.393894697295091798e-03,3.841379409496108698e-04,1.422449653711350026e-04,1.413139201095395649e-04,1.354306066584036569e-04,1.936880473573141350e-04,5.690456212115472742e-04,2.649020896080322767e-04,5.727775568764579325e-04,7.589340278716335576e-04,7.758198211230992770e-04,3.014354414942637447e-03
7.514864541355081862e-01,3.769320494295449672e-03,3.275733046174764823e-04,1.115475340219833312e-03,2.603579129944475824e-04,1.095710012542926723e-03,5.930914485303412495e-04,3.117617319074541030e-04,1.404799364206090178e-04,4.917433783623245853e-03,5.438384585720488704e-04,1.698518759380869591e-03,7.833339722128630474e-04,1.166869605046498429e-03,1.808844362153621751e-03,2.856181705473367395e-03,5.758579329548334366e-04,4.932215807669654024e-04,1.450847000334641070e-03,9.796245377917175826e-05,2.464968820811401376e-04,6.043738373130535906e-04,1.847750877486596080e-04,1.382374506063064029e-04,3.413606205410283636e-05,1.283481741223010215e-03,4.445437541477392004e-04,2.384054467908676249e-03,7.915241348791983520e-04,9.953371990907293639e-04
8.976841163547413238e-01,1.418218541533636679e-03,1.270155630836099204e-04,1.136447185758869723e-03,3.005313147980636875e-04,1.705891634870837937e-03,5.666309838522630470e-04,5.979982105945397209e-04,6.126947481766066594e-05,3.235073392159833021e-03,1.669667342973175038e-04,8.584411621056669325e-04,2.500102735546864009e-03,1.295217586376289955e-03,2.216368283576816353e-03,2.494185464426610342e-03,8.849602832331556358e-04,2.010258251702870471e-05,5.053085542704952721e-05,3.597432591521466157e-04,1.803425952601342229e-05,1.715925931294632863e-03,3.489057832693607695e-04,3.551506015701961225e-05,6.259564730772291868e-04,1.423932212879936484e-03,5.160245433622598268e-04,6.394325930990688803e-04,2.423842741186633606e-03,1.071981961064602529e-06
5.358847930093086909e-01,3.502637610327618591e-03,3.903629730113091119e-04,1.203011681738465517e-03,4.842861593219399230e-05,1.343111181094620334e-03,6.446048252326586937e-04,5.437250749310695982e-04,5.821007981918805655e-05,1.152213765715977842e-04,4.533551660999224570e-04,1.685508960887827264e-03,7.166639922036299997e-04,1.189131798106118042e-03,9.033535211925914406e-04,8.859593132182014491e-04,3.945436993333364863e-04,5.076825177003108655e-04,1.419915203769621728e-04,1.000948917725279544e-04,1.452418407235096364e-04,4.717069077160868790e-04,1.681814745210752056e-04,2.572031325142393315e-05,7.621789760619277539e-04,4.610030637588663494e-03,4.445626913699361987e-04,7.331494051499396359e-04,7.387620189604191846e-04,1.135186880495586649e-03
5.339504122730620583e-01,3.344876943837839581e-03,1.583907867209312890e-03,1.349892183680488243e-03,1.617533028130262963e-05,6.550536680132971893e-04,6.448361217313789686e-04,5.220125528522490902e-04,6.123884996529901578e-05,1.288521007549214663e-03,5.807140575855326663e-04,6.859359638185164639e-04,2.341123214041381483e-03,1.148119637197720982e-03,8.841325678998499058e-04,2.820270435787809206e-03,3.068302689382841793e-03,4.995306132371578681e-04,3.729834474780321842e-04,1.153455648919965567e-04,1.451881699305944233e-04,4.711834850364079747e-04,9.558720628577901252e-04,2.666578167672832271e-05,9.823344163513373761e-04,7.374206182354147094e-04,4.439359715423535227e-04,2.465707942789860645e-03,7.379293772908730384e-04,1.172556853027368522e-03
9.756187439701502484e-01,1.895900637339646179e-04,4.448456241681866298e-03,1.203011681738465517e-03,4.796402059292004586e-05,1.480899853575079039e-03,6.411069676869144427e-04,2.354403759078078202e-04,1.162908515669001247e-03,1.277877762630439448e-03,1.702820753743609482e-04,1.688346444601596932e-03,5.462929400366650255e-04,1.189291785812747861e-03,9.027204421479613407e-04,8.359466437349728340e-04,5.535659908160383766e-04,4.948474160132399977e-04,2.471778380193114834e-03,9.879582343666021239e-05,1.394061572559957820e-04,4.514186625907116611e-04,1.735700542294511231e-04,2.572031325142393315e-05,7.621789760619277539e-04,4.610030637588663494e-03,4.993341797927933244e-04,7.331494051499396359e-04,6.885387902741985523e-04,5.597228216337019578e-05
9.931593330305226175e-01,3.120333029454509018e-03,1.603964915214165995e-04,1.173028965815810145e-03,3.705157981519071415e-05,1.483254033258193981e-03,5.683498323982421338e-04,6.860959485836377013e-04,3.631106987591412451e-04,1.085757937629027066e-04,4.530445704644141995e-04,8.279496969327726930e-04,5.312351090378953766e-04,7.567917137663030458e-04,1.472340538192365607e-03,3.283401816913215487e-03,9.493915778199584973e-05,2.010246615131723496e-05,2.341982213463448138e-03,2.105946475674122737e-04,4.354700155296163194e-05,1.562151172132606684e-03,4.887375250228016485e-05,5.393173465263563022e-05,1.604357204059977731e-04,7.172852753452370767e-04,4.802261410726742599e-04,2.474037608230302606e-03,7.371986848821649764e-04,4.856173738634070661e-06
3.673325466895293601e-01,5.387474989336491805e-04,4.242417242735968866e-05,1.338223509951672399e-03,3.705711427819872832e-05,1.472120155501117997e-03,6.106666431646857324e-04,1.438567031778988699e-05,1.183309536519874545e-03,5.662518343070055719e-04,2.435053055079013356e-03,1.782574096508093495e-03,7.014396812612458659e-04,1.223186664552564909e-03,7.618698484063428800e-04,5.024400955989626050e-03,1.205324453097386238e-03,5.128592608468033080e-04,1.414925660481995955e-03,1.012428915109919459e-04,5.391609180704328081e-05,1.591312347309349357e-03,8.102927338139080757e-04,8.032995394392142394e-07,6.157025662219240379e-04,5.955557810078879188e-04,5.109541674226580812e-04,2.384128988331917290e-03,7.457039408800793722e-04,3.087944631253334237e-04
4.021435733729056272e-01,1.973184261543373119e-03,3.407246146307304656e-04,1.154478105782550485e-03,6.841158369397151284e-04,1.419258751403564434e-03,6.825059437958339373e-04,9.619563557807591595e-04,1.173384783676280742e-03,5.737551250562765437e-03,8.527512811859049718e-04,2.208219008012433579e-03,2.630746370811410436e-03,1.465356428421473551e-03,1.448671135853180818e-03,4.927161128967627590e-03,1.668559194908190296e-04,2.356952539943887393e-04,8.955787960108631913e-04,1.628894215396715418e-04,3.599536518099641716e-03,2.823164604393798433e-03,5.523862768011902381e-04,2.126720927557868154e-04,1.045009563861931928e-03,3.317969550244962047e-03,6.055401503777802213e-04,9.352984640950990367e-04,4.614198221906550988e-04,6.531083104158331022e-05
3.639119049712953857e-01,3.693244972484383644e-04,1.311477909719378733e-03,1.151100307426496973e-03,2.480896719909269363e-04,1.438105012707464273e-03,5.251406453803009623e-04,3.108084104588484248e-04,1.179861943861369418e-03,4.877252281940193412e-05,4.621204424027428037e-04,7.535483405732685235e-04,8.660970677467623273e-04,1.178687456200197504e-03,8.931127637854456396e-04,2.566988344575436409e-03,6.072509244632328957e-04,4.949173047463453377e-04,1.228103782498792462e-03,9.560668547373304916e-04,1.578453745703794781e-04,1.584615859169388567e-03,1.191424365993451430e-03,7.586341480716059013e-06,2.227302982851943184e-04,1.621675269059237937e-04,4.441820128998699171e-04,2.362399007160542828e-03,7.484618796579564637e-04,1.266213404002028095e-04
4.047416305122727431e-01,1.879835802530263871e-03,1.478624732860649767e-04,1.354834416690074445e-03,3.705157981519071415e-05,4.791079885360739754e-03,7.228399686850722284e-04,1.703463550193499163e-03,3.625650341355698275e-04,1.329227410075916466e-03,3.267054615202346236e-04,8.279496969327726930e-04,5.216930823350217697e-04,6.957118169818262733e-04,8.032698907029981296e-04,1.806618348055235093e-03,4.571381306262911962e-06,2.011074225322345265e-05,2.434523459040048229e-03,2.105946475674122737e-04,3.745547329939841186e-05,1.598497633633792943e-03,3.975073095522223786e-03,5.393173465263563022e-05,1.604357204059977731e-04,3.298066179430286272e-03,4.785749278691280506e-04,2.474037608230302606e-03,7.371986848821649764e-04,4.573743867072276297e-04
7.940157631852212683e-01,3.878242290424535610e-04,6.877865061429674215e-03,1.171197455200996811e-03,2.365359986414105979e-04,1.396994421125361289e-03,6.592075075229551729e-04,3.826725444379427792e-04,8.586544234584947595e-05,1.057329190167762912e-04,6.151144530988513458e-04,1.858722303008092944e-03,5.475166481617079611e-04,4.697845112947183696e-04,8.837871962505978313e-04,8.867702368691790515e-04,4.544356549451919339e-04,4.956960756431773828e-04,2.413672153316371270e-03,1.688240775103370787e-04,2.138793061034929659e-04,3.244766082983577857e-04,3.109003455312622072e-04,2.679418110211297588e-05,2.618505294556919033e-04,3.320876558666019211e-03,4.453522060971889986e-04,2.438349290831168421e-03,7.418557864743992010e-04,1.073777929118430348e-03
9.192917318775638558e-01,3.851391886048475491e-03,1.430313949231560005e-03,1.160940098743982020e-03,1.603942099751338069e-05,1.330230639465885146e-03,5.446198106657225771e-04,4.241422660853482189e-04,1.172833290859561775e-03,1.299642569060649455e-03,4.317034788820799020e-04,7.942154096128921327e-04,9.015532088263653043e-04,1.953213078038217032e-03,9.308398227894611665e-04,1.353476048118855413e-03,4.058692871561763327e-04,3.144299446040187238e-05,2.270212803166342646e-03,9.129922674147670364e-05,1.424933078543789717e-04,2.506227496298380625e-04,1.018434647806242162e-03,9.563019604096658624e-05,1.725232606996392052e-04,6.618986383132998514e-04,4.456131181946502789e-04,2.424866807256345885e-03,8.140015176376672826e-05,5.495523863844047497e-05
5.658458065303009210e-01,5.573328945272234408e-03,3.630253518590726954e-04,1.359610100591945175e-03,3.668669859647801646e-05,1.491712751009847265e-03,7.047552180014593839e-04,5.487140293434607718e-04,3.040663421149743289e-05,7.147093036340568771e-03,8.078109521614211660e-04,8.201718362345883752e-04,7.034758859703641939e-04,1.166590222901955692e-03,9.456417530879626448e-04,1.780744719330078695e-03,3.351038530195010919e-03,4.947746736199607181e-04,2.231261169542590912e-03,3.748695292376228068e-04,2.376079700609073919e-05,1.573046704165401155e-03,1.098160292885721687e-03,6.216400312079094301e-04,5.163274465817502224e-04,7.122944702114849093e-04,5.102292281751716384e-04,7.346032658618681247e-04,7.371889453769483319e-04,4.296268683769859965e-04
8.619125924482526901e-01,3.341623105788465824e-03,1.222189675645066632e-03,1.381265201039437061e-03,4.007032378003562044e-05,6.048819122960423511e-04,5.934343301886615659e-04,2.259885356896393133e-04,5.739431542269889173e-05,3.385347940438622190e-04,4.723680300048892916e-03,9.469905382420035775e-04,3.435644510777177349e-03,3.959000858247039255e-03,5.363720428499662175e-04,5.056019451241586769e-03,3.614257933010904707e-04,5.046072839531329408e-04,2.956617979230844774e-03,1.019927201141196833e-04,2.407071179055025358e-03,4.150443500976557735e-04,6.607151197250433344e-05,2.837231056138354336e-04,2.391766507722032308e-04,9.180705286215231525e-05,5.115170446980699679e-04,6.214960590842967276e-04,2.161433813654933291e-03,1.077295069691065667e-03
9.980131249399069038e-01,1.492080908542266606e-04,1.037283123636607634e-03,1.358554327030401772e-03,1.124325142219026452e-04,1.456888323500989818e-03,7.274744860283762719e-04,4.394992614324632306e-04,1.172538398295473521e-03,1.228586520856877855e-03,4.492234865749711835e-04,7.973108851778780122e-04,5.073883057280388067e-05,7.207242297820706019e-04,1.490444733754482144e-03,1.624221752733003878e-03,4.678001289492739884e-04,1.613281270121254445e-05,2.434944148362912317e-03,2.112681811343859978e-04,1.441585954760057149e-04,2.506227496298380625e-04,1.147555357491794169e-04,5.988077791445529409e-05,5.176122138522397127e-04,1.061217304900303506e-03,4.795300016616221048e-04,7.620367297921539071e-04,7.111246154761944683e-04,4.644390015379943172e-04
8.807872794629221236e-01,4.393320087306867069e-04,2.248659255131438620e-03,1.148938528387728709e-03,4.420087554890367277e-05,1.316704557800598904e-02,5.944925056322097803e-04,3.117617319074541030e-04,5.820662065054336775e-05,1.264907915601447101e-03,2.704063342205530879e-04,8.252110903813659765e-04,3.367623228630844869e-03,6.895768980144662951e-04,8.817366460272221037e-04,3.227703071066479260e-03,4.820440519610820788e-05,4.955402949799165126e-04,3.008376289445453822e-03,9.972238381210692538e-05,1.462877789799756751e-04,4.564414743901963178e-04,2.241061330856643544e-04,2.593818611659471214e-05,7.638905543522630202e-04,5.828594085571109102e-04,5.145575818434528804e-04,1.227469036890862239e-03,7.416866835795455888e-04,1.135843792974988069e-03
9.667644727253220660e-01,5.756557597173580371e-04,1.687224754951005545e-03,1.151100307426496973e-03,2.480896719909269363e-04,1.479390487058612541e-03,6.097958796482113664e-04,3.142322269677930396e-04,1.174964448180356455e-03,3.206966287563447343e-03,2.174954824345686974e-04,1.780333842636032393e-03,8.660970677467623273e-04,1.178687456200197504e-03,8.919265472411782875e-04,2.566988344575436409e-03,1.026963148780994997e-04,4.947913386715991875e-04,3.009205876216608424e-03,9.646706246890365474e-04,5.456637825009815965e-05,1.574023298750614006e-03,1.148276732149845032e-03,5.446679950409292451e-05,9.845891963829725077e-04,5.885977947538771323e-04,4.441820128998699171e-04,2.281407020113595738e-03,7.484618796579564637e-04,2.189556565908360429e-04
2.780929931911381159e-01,3.878242290424535610e-04,7.177275144423927999e-03,1.115475340219833312e-03,2.447850770652603369e-04,1.095710012542926723e-03,5.936311658303891972e-04,3.117617319074541030e-04,1.435267626490587542e-04,5.000283540580352515e-03,2.376617941830068068e-03,1.698372423895473052e-03,5.652801120148777695e-04,1.214109216710182459e-03,1.806817315083341854e-03,2.862374404030169125e-03,5.544160611704760863e-04,4.919894760713810697e-04,1.448897102302263004e-03,1.016737560091049013e-04,2.415628064300801730e-04,3.438343887748836528e-04,1.969939096308847106e-05,5.796074147002641685e-05,4.154936261562275227e-04,1.283481741223010215e-03,4.366981257688661456e-04,2.384054467908676249e-03,7.453566975931555198e-04,9.953371990907293639e-04
7.512505600964118901e-01,3.878242290424535610e-04,6.877865061429674215e-03,1.171197455200996811e-03,2.365359986414105979e-04,1.396994421125361289e-03,6.617087869088827826e-04,3.826725444379427792e-04,8.586544234584947595e-05,1.057329190167762912e-04,6.578138218186631823e-04,1.858722303008092944e-03,5.475166481617079611e-04,1.896204365254799788e-03,8.837871962505978313e-04,2.705574622047392415e-03,4.532331509416945162e-04,4.956578930475621578e-04,2.413672153316371270e-03,1.688240775103370787e-04,3.553328240401025170e-05,3.244766082983577857e-04,3.256095824427287372e-04,2.679418110211297588e-05,2.618505294556919033e-04,3.269889648912921443e-03,4.445253064513850780e-04,2.384069095159517364e-03,7.418557864743992010e-04,1.073777929118430348e-03
2.730187887057443641e-01,1.442706645636292889e-03,7.062453887688840623e-03,1.138679465592640043e-03,7.203806259573744325e-04,1.355338610421813559e-03,1.616315902881321198e-04,3.024552814284843343e-04,1.066734415803522400e-04,4.931777023515238403e-03,2.336897766781323438e-03,1.713337215702548811e-03,1.116894336102119013e-03,1.872325023391275883e-03,7.585620395024816410e-04,2.570221581459153533e-03,4.655346189256835774e-04,1.877394348545707002e-05,1.346829539684150142e-03,1.003629397608391465e-04,2.427366925698468375e-04,3.438562846526775369e-04,2.053478373149758766e-05,5.660092179537988836e-05,4.214380935536587427e-04,1.159401549341933495e-03,1.527469573039594774e-03,1.745871567495224392e-03,2.087274315545207225e-03,9.680490641624355246e-05
4.082633187358466476e-01,1.252187171143722549e-03,1.775272815895717518e-04,1.194448354651375839e-03,7.215288358885094859e-04,1.355156355407163924e-03,5.926743794948852347e-04,3.591511286753253226e-04,1.072584729997686610e-04,4.934048918883024264e-03,2.320873549603856556e-03,1.658226484108982343e-03,1.118829942126462569e-03,6.940019451122370325e-04,7.842651250664488694e-04,1.099606049140573055e-03,6.864536759996381658e-04,7.885729854710378062e-05,1.290236542581086124e-03,1.015031168652695114e-03,2.427366925698468375e-04,1.584596717816925222e-03,2.089583241876612815e-05,5.660092179537988836e-05,4.206664214225398096e-04,4.556197239956480578e-03,1.557240631281556209e-03,1.749364515266853271e-03,2.101676113978051194e-03,9.508613255413978773e-05
7.340310799224711857e-01,3.786995014776928410e-03,3.905612338006599201e-04,1.376196560959474288e-03,3.692725279026540561e-05,1.206603302330517494e-03,6.254730344232303047e-04,7.460834247920550798e-04,1.190865802833955935e-03,8.148524246952065439e-05,4.250568512439941750e-04,7.743065976774313056e-04,7.017675038051623612e-04,1.154099909870174006e-03,8.691078757251899942e-04,2.371740573210649305e-03,2.130970890391638284e-04,4.219990455646491093e-04,1.393894697295091798e-03,3.804265537429632731e-04,2.464352471646042483e-04,1.578687374080797647e-03,1.354306066584036569e-04,1.906211707099236580e-04,3.586403567730017889e-06,2.557845011983004213e-04,5.727775568764579325e-04,7.482056489922009595e-04,7.930232082168040550e-04,3.069643700269806489e-03
1.343431088748415769e-01,3.900861232683734735e-04,3.275733046174764823e-04,1.115107903364003341e-03,2.604357554062794629e-04,1.095710012542926723e-03,7.267252423628246935e-04,3.117617319074541030e-04,1.435267626490587542e-04,3.435004590376590679e-03,5.488322826196939978e-04,6.735682015228146432e-04,5.482490514594907504e-04,1.212335951934987366e-03,1.808844362153621751e-03,2.856181705473367395e-03,5.544160611704760863e-04,4.731151155918016191e-04,5.819643789496823164e-04,9.701154344395906026e-05,1.423066002876696181e-04,3.437876785348140769e-04,2.491907932961349905e-04,1.413043272536968799e-04,5.933440612756752785e-04,1.283481741223010215e-03,4.443356208207399432e-04,2.327762496573446138e-03,7.443557092814521861e-04,9.953371990907293639e-04
8.553297909362678197e-01,3.298889011386655235e-03,1.631658190579960040e-03,1.154603685956873691e-03,2.365126234582480016e-04,1.470213359854467567e-03,6.315966419685718368e-04,8.577950257430836181e-04,8.584342285871153153e-05,4.512447097304655378e-04,6.338669353840777759e-04,1.738408551488342287e-03,5.469648106784803353e-04,7.459138820718810977e-04,5.977933630757005816e-04,3.308746079027746149e-03,3.717832633091787561e-04,5.034920469501481116e-04,1.463726063660510286e-03,8.665105247400576628e-05,1.529839901190306909e-04,1.654127100092077449e-03,6.181218972327730092e-05,1.408330126275937253e-04,1.644057182375816689e-04,2.762568359276625779e-03,1.560814942833540619e-03,2.356882479377967257e-03,7.766380626670825287e-04,1.468513960738240115e-03
2.939350132649029002e-01,3.361034626811239788e-03,1.847998963136632949e-04,1.365258558110929703e-03,7.293995949637820586e-04,1.617685391029812913e-03,6.461704044974500225e-04,2.957852705352536108e-04,1.081560824754944534e-03,3.018345888449739311e-04,1.777745944165688187e-04,9.470627538827868517e-04,5.269111275962174703e-04,1.322054511679287940e-03,9.079062516958599999e-04,8.859593132182014491e-04,4.536775155573945055e-04,4.996445556606550096e-04,3.008225842820114702e-03,9.983623944659582230e-05,1.458349314110163070e-04,4.082189962944791136e-04,6.575156820194595804e-05,1.877784359970544493e-06,7.621789760619277539e-04,9.422598036800278881e-05,4.935383492275321636e-04,6.181479566904811646e-04,2.153957704380250488e-03,1.124240126626398911e-05
3.131761821653180622e-01,1.860130835425930895e-03,1.333113421622504190e-03,1.200105618674761083e-03,4.007032378003562044e-05,5.661524277369436257e-04,6.407187021146762678e-04,3.119995885687822318e-04,1.594758033874764044e-06,1.303900412148088642e-03,4.694199182405142667e-03,7.948292055919270981e-04,4.405371106943649839e-04,5.853833774816798955e-04,1.655161097644035698e-03,5.025717599289293396e-03,2.797771526550839501e-03,4.935999802817783331e-04,1.261243554525270320e-03,1.000949647887047045e-04,1.100310093677087748e-04,4.730435149114821901e-04,3.395961511406018303e-04,2.078748809201951702e-04,2.152565106555997968e-04,1.335342477653806044e-03,5.911907398556190537e-04,7.240055593968510025e-04,7.484632092393739755e-04,1.094716918743962987e-03
1.610735709570827179e-01,1.425687044307466034e-03,8.454231616830738707e-05,1.316266460977541259e-03,5.208253809077493406e-05,1.440807981373846448e-03,5.243270664422597848e-04,3.128262941113006245e-04,1.192278755081406212e-03,1.064606673553458510e-03,3.610310889871142740e-03,1.681020131415400347e-03,2.610865571632527311e-03,1.052301499530991719e-03,7.902129007525867657e-04,8.476250775480132209e-04,4.283937720962520618e-04,4.827569870480302077e-05,2.631367563771917079e-03,1.129159228786362761e-04,7.193455918944369784e-05,1.633068411632992989e-03,1.048012565045222493e-03,4.925653629101921298e-05,5.361669688073247581e-04,1.500550605060543352e-03,4.847189398708707229e-04,2.280712697294362285e-03,7.497860985639375093e-04,1.092190602251632290e-03
3.487206572745709665e-01,3.641803422514475110e-03,1.457235362033919637e-04,1.374857140322180253e-03,2.731528726804474672e-04,1.818257293026244101e-04,7.214571170673692545e-04,2.970829027527251121e-04,6.643180623151390563e-04,1.219624012596479080e-03,1.493590806272066299e-04,2.849310723229032407e-04,4.235784712575240384e-03,3.396907143076561240e-04,8.946468450023095783e-04,2.497123996207066023e-03,2.636361127307128207e-03,5.224041254348285070e-04,4.354201587970387907e-03,1.876886357130752353e-04,4.138027180759827964e-05,1.536366847531339544e-03,3.963613889917565257e-04,3.629341183108550958e-05,6.365282813486801677e-04,1.479391446587956542e-03,1.226295436452330516e-03,2.354040601055596305e-03,2.515695930054354362e-03,1.783762339814938492e-06
9.852836190757403578e-01,1.495287094150829586e-03,1.424940127517175395e-03,1.157898428372608306e-03,7.395916831474681199e-05,5.082091532630198145e-04,1.475646027289200359e-05,5.605396776701608531e-04,1.093213294120007209e-04,1.383221849486617567e-03,3.959866495167863563e-04,8.767186724319067778e-04,9.952954381325746988e-04,1.957465859910015402e-03,8.955475697668050352e-04,1.358570979592530490e-03,3.612267468797281111e-03,6.594891799846573600e-06,4.292455769079620877e-03,2.403626849551324758e-04,1.611927595397017745e-05,2.611634251831975893e-04,1.230534550921439036e-03,5.816982497338539981e-04,1.093047898313848207e-03,5.960290992137808356e-04,1.408903327063642857e-03,8.096386999734849930e-04,7.699535901135312610e-04,3.550208582328965874e-04
9.931050725148855562e-01,5.573328945272234408e-03,3.902902913924827938e-04,1.387384169973949165e-03,3.251245867010153388e-04,1.637638243570728328e-03,5.293879852129004977e-04,5.487140293434607718e-04,3.056731346298658617e-05,5.111591942323829608e-05,4.530445704644141995e-04,7.170755062930812048e-04,7.034758859703641939e-04,1.279039686951261761e-03,5.079105445169301153e-04,1.685816158134257345e-03,3.309095673966181653e-03,3.149463909997207494e-05,2.204862708817041227e-03,2.519710873246331240e-04,3.745547329939841186e-05,1.573046704165401155e-03,1.017060943761849997e-04,3.557528106939630559e-04,1.991587289449460235e-04,6.633821616923820438e-04,3.535912647893608984e-04,2.319129962365241385e-03,7.379293772908730384e-04,4.313477313676776308e-04
7.707716323437505679e-01,3.674030142993006329e-03,8.997302825414174067e-04,1.148756078740900211e-03,2.320362574416703026e-04,1.396994421125361289e-03,6.191134976421836661e-04,3.117617319074541030e-04,8.586544234584947595e-05,6.208926696036098144e-04,6.578138218186631823e-04,1.697517191613125490e-03,5.475166481617079611e-04,1.037847549932192394e-03,7.871393591846094235e-04,8.867702368691790515e-04,4.466986915168200817e-04,4.999981876229204342e-04,3.000175667016835752e-03,9.250942495752951123e-05,1.452822512007880852e-04,4.722687472814125027e-04,1.410555274932706995e-04,2.502455002861206905e-05,2.599546228233773565e-04,1.456855064265524932e-03,4.558451852757925077e-04,2.359464325744731021e-03,7.346219285864676735e-04,1.073777929118430348e-03
4.876797910982813566e-01,6.257692750516797610e-03,5.184147771439447105e-05,1.154751871918009666e-03,3.550353235281721259e-05,1.404481347317974903e-03,7.509306537132767832e-04,9.619563557807591595e-04,3.274095738623003125e-04,5.737551250562765437e-03,7.939478347194097287e-04,1.664363628479118657e-03,2.630746370811410436e-03,1.465356428421473551e-03,1.804788033144420897e-03,1.310843024111169562e-03,1.465299677551911480e-04,1.695489683883809936e-03,8.955787960108631913e-04,1.059078402705367181e-04,2.941100003922645506e-05,4.052601601657340887e-04,5.547395173870549138e-04,2.234167611486994514e-04,3.324942062925232843e-04,3.495968247863389007e-03,6.071408080567572939e-04,1.687494021336621375e-03,4.665451232984176586e-04,6.531083104158331022e-05
4.245545974241508591e-01,6.582307507506509822e-04,7.677173397898714871e-04,1.161486426483777533e-03,2.643993607016955228e-04,1.852818119534053933e-04,7.042669551138580619e-04,3.941410567123064881e-05,4.644233553099878477e-05,8.099493917451561914e-04,9.332607017171462961e-04,7.524319083464642548e-04,4.216564443061633291e-04,2.394303703567817257e-03,2.195456103806103180e-03,2.484223150920806047e-03,3.013942519339203618e-04,5.098880007544954324e-04,1.468990576577072641e-03,1.225927761589523570e-04,3.706511307001615759e-05,5.168933310448960497e-03,3.275497181906138634e-04,1.958960973305046681e-04,6.259989621333224546e-04,6.347696875687871502e-04,1.153534050254948103e-03,8.757590240890013441e-04,7.179186071634844268e-04,1.535387835625535383e-04
4.545402462829435386e-01,1.616699682187076556e-04,1.041965062021235969e-03,1.356789857531206372e-03,2.646650440460354155e-05,1.455581359237325713e-03,6.182749565319902623e-04,3.653396651641606287e-04,1.186104416747414464e-03,1.207410234319309522e-03,9.238720275826278663e-04,1.876936978947595352e-03,6.773361806913026943e-04,1.909777947938053446e-03,1.437135227902817036e-03,1.623734747299979218e-03,4.678001289492739884e-04,3.638132928109603145e-05,2.404186456593815704e-03,1.637354854647789216e-04,1.441585954760057149e-04,2.302453467000215720e-04,3.247178346711956324e-04,6.640482935431595967e-04,4.147243557184495917e-04,3.367946974674655355e-03,5.089479137988956467e-04,7.620367297921539071e-04,2.338602404475563024e-05,1.072123203273104154e-04
9.582304940733412657e-01,3.847435658229838001e-03,7.905043985989047839e-04,1.166343317927035200e-03,1.946559379377868146e-03,2.938927010450673779e-03,1.327508674764568252e-04,4.270156481363682416e-04,2.427302989456923401e-04,3.296595006024492791e-03,1.947364946017191597e-04,7.894865787992530427e-05,3.389456489370337548e-03,4.235484719855549599e-03,8.869489342131808059e-04,1.367530400027737979e-03,1.542520867907461526e-04,1.596842822997722539e-05,4.312559311875310830e-03,1.992212987678923389e-04,7.921870059157645923e-04,1.523732866335874431e-03,3.366240030305175089e-04,3.253861574050820153e-05,2.729618316299551716e-05,2.191057003434835476e-03,4.406461671495897378e-04,7.010601342870424095e-04,2.476117304737587062e-03,3.352985554385094638e-04
6.264872005152144485e-01,3.094033964563727875e-03,1.742170294261932012e-04,1.137176755438567763e-03,3.024287461098834422e-04,1.094222102528701838e-03,1.322015378047069513e-03,2.749765600578441948e-04,1.164649155328998818e-03,5.744843963509271845e-03,1.657104606115555271e-04,1.668599311286511535e-03,5.478366048234551040e-04,8.784791365657788030e-04,1.808854647263602022e-03,2.461943785915648823e-03,1.147210083542646395e-03,2.343498873864487348e-04,7.887589184527660918e-03,2.374728986219692278e-04,8.284503367635754386e-05,6.821446109362273684e-04,1.200980340765275302e-04,2.402878283336455970e-05,4.989464618431627835e-04,7.679757467761108439e-04,2.788385217480557321e-04,2.428994431202664579e-03,8.214406587055195956e-04,9.475561092540305246e-04
3.780229271802361124e-01,5.304236519543611842e-04,1.033922430345189658e-03,1.354323478728718718e-03,3.705711427819872832e-05,1.480446987482742557e-03,6.407914887507234168e-04,1.438567031778988699e-05,1.183309536519874545e-03,5.662518343070055719e-04,4.530445704644141995e-04,1.782574096508093495e-03,7.044188886267742193e-04,7.602580148101569912e-04,1.478225829954921090e-03,2.411630578103715616e-03,1.807490876662029350e-03,9.113256309248051509e-05,1.972244997091697136e-03,1.024770085343770234e-04,5.939817106394420848e-05,1.561823290013821279e-03,5.648391120814253352e-04,5.913458675238830091e-05,2.001472551237524393e-04,6.499321932726494959e-04,5.106166470361595466e-04,2.384128988331917290e-03,7.098929344629480468e-04,3.087944631253334237e-04
9.312544929792747617e-01,3.744226383928092681e-03,6.971071135091002312e-03,1.149118625963795742e-03,2.322129077308835473e-04,1.397978481244294005e-03,6.495320408365370338e-04,3.106833897115817648e-04,8.531239302066032700e-05,1.310717618185088060e-03,1.643825366128105281e-04,1.698520430403772322e-03,5.578703002359748859e-04,9.584088087743654078e-04,9.458825312170140564e-04,8.865684451845218554e-04,4.469145910496200784e-04,4.997721699294470311e-04,3.008225842820114702e-03,9.294796264389259426e-05,1.452418407235096364e-04,4.722543029770370358e-04,1.410555274932706995e-04,2.573500374892036030e-05,5.271402811314634300e-04,7.346745630021666359e-04,4.445437541477392004e-04,2.288289953127369773e-03,7.416866835795455888e-04,1.073777929118430348e-03
1.092021821788444680e-09,3.512701006373604787e-03,1.518363952436610270e-03,4.578307818719287454e-04,2.426313125789524017e-05,1.325937573759452615e-03,1.055306692968161365e-03,2.917632295405314441e-04,1.174466268582395785e-04,1.122054088613411735e-04,9.332607017171462961e-04,1.854485762256325018e-03,6.045568880224342495e-04,1.909026391430627360e-03,1.439330349987491195e-03,9.673913958330453318e-04,1.195473358457058806e-03,7.803737047914185900e-04,2.418002333034334310e-03,1.658332533387783911e-04,2.464262693557005062e-04,3.250832809757372424e-04,3.038950442083281772e-04,5.842569581214707370e-05,5.930039367033220453e-04,1.343358104776888129e-03,5.233040885667342851e-04,2.478290703833383249e-03,7.401302141834025438e-04,4.387641216782597149e-04
9.155644936923926780e-01,1.936862348663458263e-03,1.308681750426422515e-03,1.164642134784528394e-03,7.549324253748324054e-04,1.428034995255417477e-03,1.510162668349447027e-04,5.457352570193284465e-04,1.459407191163402621e-05,5.101748750953711241e-04,2.295155762197287168e-03,7.654354898841229243e-04,6.692058664684906802e-04,2.004463095915490992e-03,1.737164615384911241e-03,4.999090560289555507e-03,1.813928321768133647e-03,8.019707902969472899e-04,1.505756446148308423e-03,2.547715562408621719e-04,6.479490860662930757e-04,1.460764630633706092e-03,5.008975428531358548e-05,6.437133226909680980e-06,6.271585984623708615e-04,2.515145234939912024e-04,5.094596915049238268e-04,1.994408490346251048e-03,2.902854067605977416e-04,2.569752211405410339e-03
7.522410082537908105e-01,3.786995014776928410e-03,1.073689712148503863e-03,1.376196560959474288e-03,1.195553692860819143e-04,1.204553709901913430e-03,6.254730344232303047e-04,7.460834247920550798e-04,1.172106807840677832e-03,1.209975111294190079e-03,4.250620014215519262e-04,7.733396113236562508e-04,2.719450413000187427e-05,1.154099909870174006e-03,8.691078757251899942e-04,2.371740573210649305e-03,2.017959063037108732e-04,4.219990455646491093e-04,1.393894697295091798e-03,2.164247713745984735e-04,2.464352471646042483e-04,2.721425082108104142e-04,1.137659414076794783e-04,1.866058850497706741e-04,3.586403567730017889e-06,2.580483105733207840e-04,5.746510675604637585e-04,7.482056489922009595e-04,7.951536793821555081e-04,2.927692029515468163e-03
9.773661650955444147e-01,1.492080908542266606e-04,3.541546544057598577e-04,1.358554327030401772e-03,2.980444546823721646e-05,1.458937915929593883e-03,7.274744860283762719e-04,4.394992614324632306e-04,1.191297393288751625e-03,1.009205460733817198e-04,4.492183363974134322e-04,7.982778715316530670e-04,7.287806415582421312e-04,7.207242297820706019e-04,1.490444733754482144e-03,1.624221752733003878e-03,4.791013117235493231e-04,1.613281270121254445e-05,2.434944148362912317e-03,3.752699635027580615e-04,1.441585954760057149e-04,1.557185995193196507e-03,1.364202009999035956e-04,6.389606528924601423e-05,5.176122138522397127e-04,1.058953807850715207e-03,4.776564909776162787e-04,7.620367297921539071e-04,7.089941443108430151e-04,6.064364328693771893e-04
3.541139276102983624e-01,1.389810388245823081e-03,6.487704842786350806e-05,1.386180553012864979e-03,4.134524938727792320e-05,5.567816671502877129e-04,6.417100258774852475e-04,6.036662611768601854e-04,1.462641087178037018e-05,3.396097162110606454e-03,7.746302011693803093e-04,3.088387334535746057e-03,4.432142937471961522e-04,1.260510867445154394e-03,4.948413579071919352e-04,5.001095603143794130e-03,3.959630548673101751e-04,1.967903409595222715e-04,3.050467028253111071e-03,2.545590638203266412e-04,2.068288300142971398e-04,4.027769668280652875e-04,3.822188799802104771e-05,2.081289690961720404e-04,2.153037038351129624e-04,9.200606338794091910e-05,5.129831266589086804e-04,2.320014141049008428e-03,9.022242806780804685e-04,2.402731591730651855e-04
5.342165817532136263e-01,7.060271956251275554e-04,1.595295670052562526e-03,1.163321108014028641e-03,2.632097810899326220e-04,2.029819061900842614e-04,6.462499905268013134e-04,5.235531743893687834e-04,6.123884996529901578e-05,1.288521007549214663e-03,9.337682546344797021e-04,6.857644069366147788e-04,2.389891522291857223e-03,1.148119637197720982e-03,8.841325678998499058e-04,2.481457970648063508e-03,3.068302689382841793e-03,5.098322432315945812e-04,3.657164620734928377e-04,1.153455648919965567e-04,1.371536795456967516e-04,4.711834850364079747e-04,3.236044246085516209e-04,2.666578167672832271e-05,9.823344163513373761e-04,7.455028262807251484e-04,4.852047005874485534e-04,2.383518556567949982e-03,7.379293772908730384e-04,1.172556853027368522e-03
4.242884279439993467e-01,3.297087616022595976e-03,7.563295369523419936e-04,1.348057502150237135e-03,1.759247408364430728e-05,6.373535994630011650e-04,7.028530863184358256e-04,3.817927681431178993e-05,4.644233553099878477e-05,8.099493917451561914e-04,4.705677870393866480e-04,7.526034652283659400e-04,3.729415184028129788e-04,2.394303703567817257e-03,2.195456103806103180e-03,2.823035616060551745e-03,3.013942519339203618e-04,4.995863707600587192e-04,1.476257960589253890e-03,1.225927761589523570e-04,4.509962241619116109e-05,5.168933310448960497e-03,9.598173601493705746e-04,1.958960973305046681e-04,6.259989621333224546e-04,6.266874795234768196e-04,1.112265321506475607e-03,9.579484131689982793e-04,7.179186071634844268e-04,1.535387835625535383e-04
9.165143765048053837e-01,3.798814565242739950e-04,1.853414827587551716e-04,1.170624259278789294e-03,7.421311913718276051e-04,1.331144878722610551e-03,6.453469398258886462e-04,5.973784422838514414e-04,1.313661566051406958e-05,3.235224843199205856e-03,1.780416251459751185e-04,1.135474993960879347e-04,3.436582007820807895e-03,1.930253630716055819e-03,1.728703476007476328e-03,9.116843076019295585e-04,1.176574325566405324e-03,2.010258251702870471e-05,2.471765884490439991e-03,1.107228476891117908e-04,4.343078155343188561e-05,1.633481548268832240e-03,3.853042304528876715e-05,8.638812324291688933e-06,6.299239032965369680e-04,1.457584712771102173e-03,5.161453814521469678e-04,6.374859626147541015e-04,2.184004471739631539e-03,5.034250199824146475e-05
1.196350127345630066e-01,1.265275237353931381e-03,2.099454044619921203e-04,1.147961531233733295e-03,2.323875876719798823e-05,1.355821640585877638e-03,5.934206693584697951e-04,3.054958924280481015e-04,1.158528757232663107e-03,2.089237987676689974e-05,4.881001976876374110e-04,9.422770768949192965e-04,3.366923573947726116e-03,3.948618711447353380e-03,7.607480463053955004e-04,2.314292104393907493e-04,4.568097999607464315e-04,3.409465280425087101e-05,2.406564614211364854e-03,2.818323813930330218e-04,2.374791122328513433e-03,3.471104966031152671e-04,1.855381141358472422e-04,1.399445075968234879e-04,5.992295856053891099e-04,7.192686544924041872e-05,5.326476846790400514e-04,1.727695241517222466e-03,2.094548151226304812e-03,4.328062246636252036e-04
8.702465521301689932e-01,3.341623105788465824e-03,1.270529800552675642e-03,1.238813927144431391e-03,3.820449716706783832e-05,6.048819122960423511e-04,5.927009264047645738e-04,2.226552104947058012e-04,5.739431542269889173e-05,3.525611502250041362e-04,4.723680300048892916e-03,1.858562579863999500e-03,1.168584235591022457e-03,1.829110159331184858e-03,5.363720428499662175e-04,2.518857698543854919e-03,3.602966031425551270e-04,4.903389789619891576e-04,2.956654306019624971e-03,1.149290606728929219e-04,1.796170823616957766e-04,4.136366958772520839e-04,6.653388999375528285e-05,2.837231056138354336e-04,2.391766507722032308e-04,3.384728323363909910e-03,1.443602655890172028e-03,6.214960590842967276e-04,2.163079671732668664e-03,1.077295069691065667e-03
8.676136448318122474e-01,3.402190958527317663e-03,2.578304257347232079e-04,1.381265201039437061e-03,4.013105105734261129e-05,5.707350891891076541e-04,5.926590002400365523e-04,2.333545147822090634e-04,5.668018171485713659e-05,3.042551475221136857e-04,4.953423752248626438e-03,7.906482181558287118e-04,3.558191084973967144e-03,6.585433599866483871e-04,5.190928332701818821e-04,8.044418610432845559e-04,6.645571913375385598e-04,4.621474603109206655e-04,1.326980789186955976e-03,2.538708341206752069e-04,2.426313002606904096e-03,1.427102193365874716e-03,1.348290062142719283e-04,1.058983368382184994e-05,2.242668421985515503e-04,1.377232491695072614e-04,1.664290841874870074e-04,2.362218733559658893e-03,7.933887650540081150e-04,5.074449631100327136e-04
5.750990456600150180e-01,3.986300999809055771e-04,7.161660841064086680e-03,1.200693499496103623e-03,4.842861593219399230e-05,1.107699181146890640e-03,6.461704044974500225e-04,3.119176558670661579e-04,1.031255553401843033e-03,1.200295524258219830e-03,1.777745944165688187e-04,9.470627538827868517e-04,5.246760103537619719e-04,1.189447666143013740e-03,9.118221021373487754e-04,2.853723680905970346e-03,4.544356549451919339e-04,4.936120776380296211e-04,3.033951868629060182e-03,1.001011915064538928e-04,1.458349314110163070e-04,4.717069077160868790e-04,1.848294005185129019e-04,4.355709323720699370e-06,7.608277992100448764e-04,9.204085318115175132e-05,4.445437541477392004e-04,2.287152973859424288e-03,6.903246644310605988e-04,9.936122031487901619e-04
6.475729978488085070e-01,2.099870517861282277e-03,2.403106198015153225e-03,1.203309032443620119e-03,9.513793370902163355e-05,1.444513081224520950e-03,1.354675391671284227e-03,1.712490479287541618e-03,1.170959456648994288e-03,3.509342200151988663e-03,1.718529897885964688e-04,8.362837437236871844e-04,2.534153932842548793e-03,1.205456176604084804e-03,1.660271619597314266e-03,3.351865603399632222e-03,5.519730834659163435e-04,4.352675963675456568e-04,7.978700754694225978e-04,2.032764659866813806e-04,3.144594865463223778e-03,3.965096060775601767e-04,1.512955466602810824e-04,2.171350212505555421e-04,3.550238624003980480e-04,3.114288352504075187e-03,4.461626878759987849e-04,7.619571335185102226e-04,7.398924357362219760e-04,2.271767507355510309e-04
9.382890017149342343e-01,1.492080908542266606e-04,1.030418615396098839e-03,1.362496748812800978e-03,3.031550984968553052e-04,1.386212232459847543e-03,2.040986283117774943e-05,2.293525710282035045e-04,1.297275500771507672e-05,1.228586520856877855e-03,4.491877783372999738e-04,7.973108851778780122e-04,5.073883057280388067e-05,7.207242297820706019e-04,1.490444733754482144e-03,7.251449488855012983e-03,4.678001289492739884e-04,1.613281270121254445e-05,2.434944148362912317e-03,3.186938580197205871e-04,1.441585954760057149e-04,2.506227496298380625e-04,1.158175544548059642e-03,5.925630769663476271e-05,1.695321347650855003e-04,1.061217304900303506e-03,5.171686794656555394e-04,4.366174354578812719e-04,2.228063377228472162e-03,4.644390015379943172e-04
6.531364047823906560e-02,1.918256543743870803e-03,2.984521697547972904e-04,1.151088473556085602e-03,3.050920694965389207e-04,1.388180888780938095e-03,2.040428704478390066e-05,2.349648729183253463e-04,7.034880435918128283e-06,9.640899465390706524e-05,4.460458971435196326e-04,7.626571615089304968e-04,6.955326055099275793e-04,1.157172274900475362e-03,9.123481046295981714e-04,2.874661503792537345e-03,1.097145791946370352e-04,5.632242016963216183e-04,1.202993207948080054e-03,3.194681889251155130e-04,1.665841551285865744e-04,1.587638715635936084e-03,1.191491095730079497e-03,2.757222996465237943e-04,1.798075924092923112e-04,9.382887689175417384e-04,1.580489648845015502e-03,2.322115977472922078e-03,7.441415531485627913e-04,1.225028496686146823e-04
9.451276372573750306e-01,3.851391886048475491e-03,1.369524056802499988e-04,1.160940098743982020e-03,1.163960105722580229e-05,1.490599702356044855e-03,7.213624997842485150e-04,5.900335912739783535e-04,1.140122848880632377e-03,3.624993676466308715e-04,7.864698605789728104e-04,8.179595056836335776e-04,8.990120896396586831e-04,1.953213078038217032e-03,9.452210468046443569e-04,4.953731612873572485e-03,4.474841852851590149e-04,2.643323068819065946e-05,2.270212803166342646e-03,9.263300202211845386e-05,1.425799251482177640e-04,2.506227496298380625e-04,1.016420109426481849e-03,9.563019604096658624e-05,5.255686765908718907e-04,7.411109399869794320e-04,4.445905371349250499e-04,7.618175810537450776e-04,8.140015176376672826e-05,5.495523863844047497e-05
8.626840312033775549e-01,3.298889011386655235e-03,1.613991892014796559e-04,1.149382316778458507e-03,3.001160004037382520e-04,2.139034405949345480e-04,5.690750505677300659e-04,8.577950257430836181e-04,8.584342285871153153e-05,4.512447097304655378e-04,6.338669353840777759e-04,1.752700735519312387e-03,1.255807599498979165e-03,1.322531630347882018e-03,5.910899654865495872e-04,5.037516947816114352e-03,1.800239813286725644e-03,5.034920469501481116e-04,1.448038106526555171e-03,6.836589046302911875e-05,4.700213392845551405e-04,3.468040078827210959e-04,7.904349254279009925e-04,1.397360550551289722e-04,4.871387904352235919e-05,6.822491774521966066e-04,5.262933545807812379e-04,2.358737374443536147e-03,7.774802838776245220e-04,1.468513960738240115e-03
9.133145711244273768e-01,3.851391886048475491e-03,1.520005538941995903e-03,1.160940098743982020e-03,2.867418950233100589e-03,1.490599702356044855e-03,7.162117831672419046e-04,4.241422660853482189e-04,1.172833290859561775e-03,5.812186060882337368e-04,9.281809367354890020e-04,7.971483554826881181e-04,1.842474180182575002e-04,1.948228089597642656e-03,9.452210468046443569e-04,1.353476048118855413e-03,4.474841852851590149e-04,1.616229028523759152e-05,2.270212803166342646e-03,9.129922674147670364e-05,1.424933078543789717e-04,2.506227496298380625e-04,1.018434647806242162e-03,9.563019604096658624e-05,5.265187743811185987e-04,7.108109468324026086e-04,4.435888179509248964e-04,7.619389091684643451e-04,6.844448596668786799e-05,5.495523863844047497e-05
4.486951830707318623e-01,5.573328945272234408e-03,5.875819130036352570e-05,5.740243274071942566e-04,2.347921118880950595e-04,1.654542284325607711e-03,6.203202046201235220e-04,2.930985592749292025e-04,8.568980417268521515e-05,1.660099804093703897e-04,6.333621415005438651e-04,8.152580538246271755e-04,7.034758859703641939e-04,1.166882603420740620e-03,1.688349627114382138e-03,4.930801154288792527e-04,3.257809284389713567e-03,5.099563193861110857e-04,1.447203383123946401e-03,9.887054661442243363e-05,1.341600365878304246e-04,3.425546718716264362e-04,1.106416523110308149e-03,6.711049709929407326e-06,3.079603462660494969e-05,1.350804191073753111e-03,3.865121878455047644e-04,2.756450482984839755e-03,2.937933721329621245e-04,4.296268683769859965e-04
6.875423831095803795e-01,1.404221458105823659e-03,1.902083313853129409e-04,1.134041630812642268e-03,1.911727534194043168e-04,1.404335451237344627e-03,5.694260273855873342e-04,7.379852969813387479e-04,1.581685555963982959e-05,5.759630114085598348e-04,6.759474027129345986e-04,8.830658838020943781e-04,5.484200733846711535e-04,1.845269266391225127e-03,7.618516826130185401e-04,9.156475362264447681e-04,3.964636001048181622e-04,1.943113509291402021e-04,1.607923880401364476e-03,1.039945606925336694e-04,1.403937009748530826e-04,5.044510338346623601e-03,5.968113364057684919e-05,2.055716360030993483e-04,5.938676142780259992e-04,1.190572105623759506e-03,1.470217328201139017e-03,6.983291707415255475e-04,1.305946806436618975e-03,1.382791428148576456e-04
7.722132505389152080e-01,3.194243764933547315e-04,9.221787370295370708e-04,1.148756078740900211e-03,2.432094133975760812e-04,6.000695465742318961e-04,2.182015333551407671e-04,3.117617319074541030e-04,8.586544234584947595e-05,5.379540539533859142e-04,9.492917598900426019e-04,1.697515520590222541e-03,4.001855006737171710e-04,2.024986814197048211e-03,7.871393591846094235e-04,8.834805798007765816e-04,4.676291768187218327e-04,4.692044558336534591e-04,2.998797968599029203e-03,1.061189300181295138e-04,1.452822512007880852e-04,4.977824658124103442e-04,1.410555274932706995e-04,2.752400117201100449e-05,2.658698299265295842e-04,1.451224970661589607e-03,4.558451852757925077e-04,2.358288665591950096e-03,7.346219285864676735e-04,1.073777929118430348e-03
8.928325383591926290e-01,7.541231647272615517e-04,1.041669427558158207e-03,1.378562514754427511e-03,3.697375217183210250e-05,5.690931434722024422e-04,6.405614779104798484e-04,2.871774299531057028e-05,7.853822113591966882e-04,1.315378142806079755e-03,5.112541618959251868e-03,7.945854462181395827e-04,1.112297414627784519e-03,6.000024404990834774e-04,1.601062051790561741e-03,5.025717599289293396e-03,2.713398307831875987e-03,4.789938571769341278e-04,1.261243554525270320e-03,9.529195021628572104e-05,5.879516325882079130e-05,4.294054484137619591e-04,3.439322473544791569e-04,1.990627707860760643e-04,2.761930102450560411e-04,1.053887232448457280e-03,5.102847328794866532e-04,6.392929076132686846e-04,7.566214200125368676e-04,4.239944539908321441e-05
3.123888704142964712e-01,1.878272456763934676e-03,9.333672963527175903e-05,1.386180553012864979e-03,4.000356822863091301e-05,5.667472851522990579e-04,6.417523293791271540e-04,6.036662611768601854e-04,1.456448713555199579e-05,3.406144824873684820e-03,7.746302011693803093e-04,3.088387334535746057e-03,4.430570576955386781e-04,1.260510867445154394e-03,1.657457692033434448e-03,5.001095603143794130e-03,3.822785292319700982e-04,2.087627432431641487e-04,3.152865740480758662e-03,2.545590638203266412e-04,2.068288300142971398e-04,4.011829207452352998e-04,3.399221645007093756e-04,2.081201187630026938e-04,2.152571085020979068e-04,1.313546375614732965e-03,5.921571302084331764e-04,2.320014141049008428e-03,9.022242806780804685e-04,2.402731591730651855e-04
7.422020410539666990e-01,4.491015069741028168e-05,1.603073241180651837e-03,1.354323478728718718e-03,2.293277863164429830e-05,1.484581468957924585e-03,6.385550730344975723e-04,5.849739392948540527e-04,1.007532414904567519e-03,1.447138700388209175e-04,4.016791249924381996e-03,9.499215589095838172e-04,4.648734992801113741e-04,1.239868453184981385e-03,9.409964399416106354e-04,2.790012856678824801e-03,3.169031192610510979e-03,5.063370866199995175e-04,2.216846626372635798e-03,1.343521385110094286e-04,3.745547329939841186e-05,1.638748625732226651e-03,9.406462751069705761e-04,6.242722261982115717e-04,1.991587289449460235e-04,6.633821616923820438e-04,4.454781278336719446e-04,9.619965315186641613e-04,4.237809159595737167e-04,4.292762348558997300e-04
8.515758793284178285e-01,3.378393399209160888e-03,1.613991892014796559e-04,1.149382316778458507e-03,1.575001340359225856e-04,1.644786316065954736e-03,6.226294828141084410e-04,8.673208261471847171e-04,1.377059543243525715e-04,3.054059508125514348e-03,6.338669353840777759e-04,1.738408551488342287e-03,5.469648106784803353e-04,1.167556585632256597e-03,1.697077956843654617e-03,9.006950542973981427e-04,4.130607869996605688e-04,5.037646184183854807e-04,1.455554459080869202e-03,8.756248047951663315e-05,2.303127409964202154e-05,3.641766119106138312e-04,1.100348583942599911e-03,7.065497814071351789e-06,3.775094003219582476e-05,3.100530717282610690e-03,1.567358903248433112e-03,2.358737374443536147e-03,7.860742942781472021e-04,1.468513960738240115e-03
1.220999873459522322e-01,1.487989673483808490e-04,1.037283123636607634e-03,1.317066183765386572e-03,4.782682067005969282e-05,1.456888323500989818e-03,7.274744860283762719e-04,3.064562815155118919e-04,1.172538398295473521e-03,1.230010725980279062e-03,4.492234865749711835e-04,7.973108851778780122e-04,2.128574665807722805e-05,7.207242297820706019e-04,1.490444733754482144e-03,1.606416905261198302e-03,5.544521846194617369e-04,1.636832898869357701e-05,2.470846619547471118e-03,2.112681811343859978e-04,1.440142586168750741e-04,2.506227496298380625e-04,1.147555357491794169e-04,5.988077791445529409e-05,5.176122138522397127e-04,1.061217304900303506e-03,4.803481006931422628e-04,6.340528334341012130e-04,7.111246154761944683e-04,4.644390015379943172e-04
3.785264989780532385e-01,1.465680783779612847e-03,5.875819130036352570e-05,5.385171937655598793e-04,7.334388765217336877e-05,1.312729759371749402e-03,6.183267297559019628e-04,2.980252344203168646e-04,1.385739442545540125e-04,3.266662581801743973e-03,4.067051475170747172e-04,8.152580538246271755e-04,7.034758859703641939e-04,1.166882603420740620e-03,1.698568554755207610e-03,1.778856747464399937e-03,3.257809284389713567e-03,9.397875724508227262e-06,2.513296274481905020e-03,9.887037455115146737e-05,2.285535842371191447e-05,7.111602630414568492e-04,1.100401242824922696e-03,2.075494189643923009e-04,6.292807086932675556e-04,1.350936520663753929e-03,4.432231064835603267e-04,8.143600274611587564e-04,2.943165529933114942e-04,1.490876526738662373e-04
4.154557780100250897e-01,1.288484641777501048e-03,2.099454044619921203e-04,1.148322399398104014e-03,3.071567324323287067e-05,2.383466990869655740e-04,7.022888030799425210e-04,4.443814074138181629e-05,3.569810970132725539e-05,7.949430438225412940e-04,9.414523252567335047e-04,9.333209393996903759e-04,3.366923573947726116e-03,3.948618711447353380e-03,7.070121896864574318e-04,2.369823251495699768e-04,3.009520300293660935e-04,9.095251244124632995e-06,1.470783260384824192e-03,2.798760689163577297e-04,2.374791122328513433e-03,7.044820999217759130e-05,1.915068545088505930e-04,1.399445075968234879e-04,5.996362992186539398e-04,6.331215326800391282e-04,5.326476846790400514e-04,1.716572726137253601e-03,6.798520746519226597e-04,4.369403334344195886e-04
9.017263905862693552e-01,1.537876873965339096e-04,1.271249939458392059e-04,1.385546426513525973e-03,5.308255218946641773e-05,1.498507423902505162e-03,6.276158715069514449e-04,8.868983913883639976e-04,3.398496285530918227e-04,1.187983842785977819e-03,8.318271371363560257e-04,4.776411488875862907e-04,8.311402449168369885e-04,1.110358655897685648e-03,2.123669847457307358e-03,3.296264793032774136e-03,3.695874431817124627e-04,1.336165798955529392e-05,2.504673207112930768e-03,8.957873820750065011e-05,2.096816620674269512e-04,1.231531541358299887e-03,1.268987113912071682e-03,6.322166671207220603e-04,5.167779714272415469e-04,1.049083622676264850e-03,4.465975480783037363e-04,7.620304617080834618e-04,1.112985769120776545e-03,9.012629408842843886e-05
4.584464439408419967e-01,3.297087616022595976e-03,1.217633387204797388e-03,1.348545439847773477e-03,1.589703283000617009e-05,6.373535994630011650e-04,7.028530863184358256e-04,3.674293977030634157e-05,5.752516710491566160e-05,8.099493917451561914e-04,4.216323433875977800e-04,7.608931065007269734e-04,3.484603942544242054e-03,2.394303703567817257e-03,5.317250239178778056e-04,2.823035616060551745e-03,3.013942519339203618e-04,4.995863707600587192e-04,1.476257960589253890e-03,1.225927761589523570e-04,4.509962241619116109e-05,5.240398126106224699e-03,9.598173601493705746e-04,1.958960973305046681e-04,2.316759618500033790e-04,6.346107896719809871e-04,1.089546999935462604e-03,9.579484131689982793e-04,7.420827955402340857e-04,1.535387835625535383e-04
7.681430227647750852e-01,3.194243764933547315e-04,1.522658699369916664e-03,1.148756078740900211e-03,2.432094133975760812e-04,1.395619693184701983e-03,2.182015333551407671e-04,2.918429861366265152e-04,8.586544234584947595e-05,5.750938659440181424e-04,9.106726616665789063e-04,1.375920237663441105e-04,6.042847507105463152e-04,2.024986814197048211e-03,7.871393591846094235e-04,8.831661570164638575e-04,1.217099946351362424e-03,4.692044558336534591e-04,3.000175667016835752e-03,1.061121584864301460e-04,2.474814332073242045e-04,4.717213520204623458e-04,3.099937962452347295e-04,2.502455002861206905e-05,5.823209930184482805e-04,1.346344708958478048e-03,4.558451852757925077e-04,2.475027290691008894e-03,7.402199752746032322e-04,4.381768548276372514e-04
7.426494414940365552e-03,3.512701006373604787e-03,8.954355356081153492e-04,4.578307818719287454e-04,2.426313125789524017e-05,1.327312301700111922e-03,1.055306692968161365e-03,3.116819753113589777e-04,1.174466268582395785e-04,1.122054088613411735e-04,6.823058730600973284e-04,1.854485762256325018e-03,5.479332868131669802e-04,1.909026391430627360e-03,1.439330349987491195e-03,9.672403270351146625e-04,4.460025904516550475e-04,7.803737047914185900e-04,2.418002333034334310e-03,1.658332533387783911e-04,1.442270873491655525e-04,3.250832809757372424e-04,1.349567754678615420e-04,5.842569581214707370e-05,2.706375665180827750e-04,1.448238366479999688e-03,5.233040885667342851e-04,2.361552078734324017e-03,7.345321674952670936e-04,1.074365196068358466e-03
3.722845938270298305e-01,1.389810388245823081e-03,6.487704842786350806e-05,1.386180553012864979e-03,3.930811897863922084e-05,5.202545183826683302e-04,1.341784607608488642e-03,6.036662611768601854e-04,1.462641087178037018e-05,3.396097162110606454e-03,1.838581467465905334e-04,3.139415360869516995e-03,4.432142937471961522e-04,1.260510867445154394e-03,5.140878120260585762e-04,5.901394472451861398e-04,3.842239154687881217e-04,1.967903409595222715e-04,3.050467028253111071e-03,2.608733608218984632e-04,2.068288300142971398e-04,4.027769668280652875e-04,3.822188799802104771e-05,2.172314477725548144e-04,2.165958077678181107e-04,9.200606338794091910e-05,5.129831266589086804e-04,2.320014141049008428e-03,9.022242806780804685e-04,2.270576642873582934e-04
4.670890276941909169e-01,3.304626356492192281e-03,1.607419894582725467e-02,1.145896045486577376e-03,1.124325142219026452e-04,1.462731340488000091e-03,7.267358686239384566e-04,4.262344507340516979e-04,6.657190225512637539e-05,1.275140426505483836e-03,8.029701972093977562e-04,1.746394333849097960e-03,3.748713887426450989e-04,8.354765989338139298e-04,8.230513244402775860e-04,2.832466965037253731e-03,4.678001289492739884e-04,3.155599215260346041e-05,2.223498691796857614e-03,1.248603220103279283e-04,4.562959115106648609e-05,2.616580676506078881e-04,1.191811209294709253e-03,1.833089613169655119e-04,6.435469104746011429e-05,1.113619824816659571e-03,1.104190523760848180e-03,1.030760508523023960e-03,3.543360271550849471e-05,9.134720786286177480e-05
8.209301675205932236e-02,1.918256543743870803e-03,3.247741530179597443e-04,1.151088473556085602e-03,3.050920694965389207e-04,1.105708454769797726e-03,2.040428704478390066e-05,2.349648729183253463e-04,7.034880435918128283e-06,8.103600417087028843e-05,4.460458971435196326e-04,1.701568028805875961e-03,6.957722893209697347e-04,1.157172274900475362e-03,9.123481046295981714e-04,2.874661503792537345e-03,1.097145791946370352e-04,5.632242016963216183e-04,5.808968709717834272e-04,9.827175190093346451e-05,2.446021342661610829e-04,1.587638715635936084e-03,1.126080469944817225e-03,2.757222996465237943e-04,1.798075924092923112e-04,9.382887689175417384e-04,1.623889626129566268e-03,2.320606369406692533e-03,7.441415531485627913e-04,9.726856880337654207e-04
2.451143954916104040e-01,3.899672340153085247e-03,7.177275144423927999e-03,1.119710822963542688e-03,1.427205428541411037e-05,1.095710012542926723e-03,5.936311658303891972e-04,4.204947784355424147e-04,1.362858660069674044e-04,5.000283540580352515e-03,7.508527965708123360e-04,1.698372423895473052e-03,9.088188113264492052e-04,1.207728602650044811e-03,1.806817315083341854e-03,2.862374404030169125e-03,5.629469307733114391e-04,2.910477749747258382e-05,1.448897102302263004e-03,1.016737560091049013e-04,2.447820138160531483e-04,3.527596569015878825e-04,1.969939096308847106e-05,9.748595125710854414e-05,5.214726621105900259e-04,1.265958545607021122e-03,4.366981257688661456e-04,2.392464420358929485e-03,7.453566975931555198e-04,1.398767279703870287e-05
9.497179198679404077e-01,3.410882382561229720e-04,1.403048617869461813e-03,1.156704616000272644e-03,2.464970165382049773e-04,1.490599702356044855e-03,7.213624997842485150e-04,3.154092195572599073e-04,1.180194153402796837e-03,1.266766273911958335e-03,2.412235048326291306e-03,7.971483554826881181e-04,5.580145095147945192e-04,1.959593692098355548e-03,9.452210468046443569e-04,1.353476048118855413e-03,4.389533156823235537e-04,4.804914231635714489e-04,2.270212803166342646e-03,9.129922674147670364e-05,1.392741004684096013e-04,2.416974815031338870e-04,8.765341848107942660e-04,5.610498625388544828e-05,4.195896406365094418e-04,7.283341424484184815e-04,4.445931505300858635e-04,7.535289830483164145e-04,8.140015176376672826e-05,4.492715097074834706e-04
6.697877943922151411e-01,1.404221458105823659e-03,2.449203423813401640e-04,1.134041630812642268e-03,1.911727534194043168e-04,1.467077491537242991e-03,5.717142635774652686e-04,7.443772315371937742e-04,1.581685555963982959e-05,5.388231994179276067e-04,9.491624216566878951e-04,8.830658838020943781e-04,4.026895152239648576e-04,1.845269266391225127e-03,7.618516826130185401e-04,9.161130278086881615e-04,3.967807945671702574e-04,2.036885104166405317e-05,3.148092425764002517e-03,1.040013322242330237e-04,1.440691113484395350e-04,5.133303244205756830e-03,5.979101714962984444e-05,2.080578324830935182e-04,5.997828213678012320e-04,1.190572105623759506e-03,1.477073607244016543e-03,6.983291707415255475e-04,1.319201553061032399e-03,1.364094051326654130e-04
9.994045720680209133e-01,1.492080908542266606e-04,1.005018719213030161e-03,1.358554327030401772e-03,1.124325142219026452e-04,5.972214087798236775e-04,7.251862498364983374e-04,4.331073268766126496e-04,1.172538398295473521e-03,1.228586520856877855e-03,4.655823945154190062e-04,7.973108851778780122e-04,4.902312219686092809e-05,7.207242297820706019e-04,1.490444733754482144e-03,1.624221752733003878e-03,4.674829344869218931e-04,1.901371115985460501e-04,2.434944148362912317e-03,2.112681811343859978e-04,1.404831851024192625e-04,2.036367042352518059e-04,1.146456522401464117e-04,5.988077791445529409e-05,5.176122138522397127e-04,1.061217304900303506e-03,4.726737359629007082e-04,7.620367297921539071e-04,6.978698688519964759e-04,4.663087544095085180e-04
7.556304558900037716e-01,3.769320494295449672e-03,6.656001886345548320e-04,1.117793522462195424e-03,2.605056128463820002e-04,1.614446034326966466e-03,5.930914485303412495e-04,3.117622725645020432e-04,1.641803891694019351e-04,4.995018443445766593e-03,5.485940546372327937e-04,1.684430300932170674e-03,7.830403164902529885e-04,1.161727322083975795e-03,1.801101931499595821e-03,8.884173707806070248e-04,5.758579329548334366e-04,4.932674953309251807e-04,1.425120974540128489e-03,1.390081246892993939e-04,2.507596989035257946e-04,6.105293663873046731e-04,6.569725567230117911e-05,1.310812802171539113e-04,3.685193438665996775e-05,1.076911276015438644e-03,4.447843948242684829e-04,2.384054467908676249e-03,8.947891400602346786e-04,1.075502925060369550e-03
1.641039224506766203e-01,1.895900637339646179e-04,4.448456241681866298e-03,1.316410130026316599e-03,4.792674102477672529e-05,1.480140097015913547e-03,6.420128849528112993e-04,3.105569544961674609e-04,1.162908515669001247e-03,1.266728361125295417e-03,2.637129168134922860e-03,1.680678974845885125e-03,6.510991692113097130e-04,1.189291785812747861e-03,7.896258324106964323e-04,8.359466437349728340e-04,5.535659908160383766e-04,4.793654124672931650e-05,2.471667053222428075e-03,9.879582343666021239e-05,1.394061572559957820e-04,4.514186625907116611e-04,1.735700542294511231e-04,2.572031325142393315e-05,7.621789760619277539e-04,4.610030637588663494e-03,4.992786988627866780e-04,6.322357396392991151e-04,7.479343040096719407e-04,5.597228216337019578e-05
9.171124614918195750e-01,3.769320494295449672e-03,3.275733046174764823e-04,1.117793522462195424e-03,2.603579129944475824e-04,1.614446034326966466e-03,1.656406894616973624e-04,3.100088604716088594e-04,1.641803891694019351e-04,4.995018443445766593e-03,5.438384585720488704e-04,1.782917273282294112e-03,7.830403164902529885e-04,1.166624684142948459e-03,1.800375781209910021e-03,8.884173707806070248e-04,5.630616179357810034e-04,4.931425868229587315e-04,1.425120974540128489e-03,9.795615404524581993e-05,2.464968820811401376e-04,6.043738373130535906e-04,6.569725567230117911e-05,1.368069109499844491e-04,3.685193438665996775e-05,1.207477992930775564e-03,4.441592019055107168e-04,2.384054467908676249e-03,7.897382607223363054e-04,1.084217408915658445e-03
9.131950889697495466e-01,3.777005664605495149e-03,1.403048617869461813e-03,1.349960662678066810e-03,1.566900531434168783e-05,1.485048075330307410e-03,6.432900635537403163e-04,5.517849851587372902e-04,1.172833290859561775e-03,9.031272330928858880e-03,3.878421141362471160e-04,1.378487289607457228e-03,3.169495054541875828e-04,1.925692641220630311e-03,8.835677555484986899e-04,1.355737065088648535e-03,5.247794526004772361e-04,2.511913341616173233e-05,2.270212803166342646e-03,5.346162746537748943e-06,1.424933078543789717e-04,2.506227496298380625e-04,9.433974612859046633e-04,9.563019604096658624e-05,5.255686765908718907e-04,7.108109468324026086e-04,5.031905850967385678e-04,7.619389091684643451e-04,8.140015176376672826e-05,5.495523863844047497e-05
8.798387787383846748e-01,4.010594802057331930e-04,4.524772501393417926e-03,1.158605627032763437e-03,2.739807547797589869e-04,1.301794468582308933e-02,5.907664927842068339e-04,3.117617319074541030e-04,3.658166195590685814e-04,8.160273467156594230e-04,3.281627082618557463e-04,7.531020706528348879e-04,5.329757190424662871e-04,1.244463057559713846e-04,1.479729846516285828e-03,2.447293842595674781e-03,4.544356549451919339e-04,3.678615729732199026e-04,1.435154050062516316e-03,2.103953780005978576e-04,3.761266117120101846e-05,4.886062689918283138e-04,4.902604350826173256e-05,2.005169485300007217e-04,7.638905543522630202e-04,1.008566478598384468e-03,5.132289463776094299e-04,1.227469036890862239e-03,7.371823206751800580e-04,4.664236307606641754e-04
5.846298185478709941e-01,1.268717617832106157e-03,1.956456774332817131e-04,1.154581197705494781e-03,3.110984842170976200e-05,2.383466990869655740e-04,7.022888030799425210e-04,4.443814074138181629e-05,3.569810970132725539e-05,7.941440272683711462e-04,9.414523252567335047e-04,7.640623539478380837e-04,2.648408809175386951e-03,3.948618711447353380e-03,1.720831702236298982e-03,2.369823251495699768e-04,3.222209965890452440e-04,2.474520725311406548e-04,1.470783260384824192e-03,2.553390154867501093e-04,2.374791122328513433e-03,7.044820999217759130e-05,1.915068545088505930e-04,1.399445075968234879e-04,5.996362992186539398e-04,6.331215326800391282e-04,5.229987833446814345e-04,1.724329328011728595e-03,6.798520746519226597e-04,2.521828502267214845e-04
7.057391872930842691e-01,2.435392410767107593e-04,4.829745053403985966e-05,1.360324731645511532e-03,2.460852167682788904e-04,1.396128282730575232e-03,6.187880148284044535e-04,6.041084900203691271e-04,1.178025008514795935e-03,3.707237540043506821e-03,2.072673705537097523e-04,3.102033222787718529e-03,4.251857441434621875e-03,1.965078532844507109e-03,6.699765713338820842e-04,5.945963350940696498e-04,9.887540616079415674e-05,4.148673461174870718e-04,1.359840322563438814e-03,2.593035900430255142e-04,2.073593935256697919e-04,4.756838219869163236e-04,8.472494133652741987e-04,2.064654950736108732e-04,4.300485907968823224e-04,8.965969528447975765e-04,4.553522770881249736e-04,2.430076182424253418e-03,9.004060109430630501e-04,2.216944586028928661e-04
8.366879278255737740e-01,3.851391886048475491e-03,1.369524056802499988e-04,1.160940098743982020e-03,7.597029121985546599e-04,1.494153656149629656e-03,7.214558176415593544e-04,5.900335912739783535e-04,1.148309364781892328e-03,5.926588202042322538e-04,7.864698605789728104e-04,1.796998525608964293e-03,8.990120896396586831e-04,1.953213078038217032e-03,9.505420547175646474e-04,4.953731612873572485e-03,4.474841852851590149e-04,2.643323068819065946e-05,2.270212803166342646e-03,1.329429524500493737e-04,1.074589673209416497e-04,2.506227496298380625e-04,1.005686731897492041e-03,9.563019604096658624e-05,5.255686765908718907e-04,7.411109399869794320e-04,4.445905371349250499e-04,7.618175810537450776e-04,8.140015176376672826e-05,5.495523863844047497e-05
6.088738801638227116e-01,1.882607283832973301e-03,6.615901646498009410e-04,1.147316233444271513e-03,6.219973887906754095e-05,1.564694223508492250e-03,6.284135880744296226e-04,1.497392424743311111e-05,3.200497284265690478e-04,5.657541126415937052e-03,1.590539137630694248e-04,1.373091821007802436e-03,2.536679133513169287e-03,1.154366481134354349e-03,1.830077910636578780e-03,2.838017659229387629e-03,1.158284693282208644e-03,7.891903494097512930e-06,4.439649602582390608e-03,1.798704460293783051e-03,6.353703253642590913e-04,4.381385806471934925e-04,4.879077920871667333e-05,2.752391711917855587e-04,3.716334862148117503e-04,1.078579587292169840e-03,5.167837068600710610e-04,8.719585101602631439e-04,3.651080327760988613e-03,1.482004791973635092e-04
1.303604690649959874e-01,3.974553063494148117e-04,3.275733046174764823e-04,1.115107903364003341e-03,2.604357554062794629e-04,5.463390201126264775e-04,7.267252423628246935e-04,3.117617319074541030e-04,1.435267626490587542e-04,1.052975875896085527e-03,5.930156111299948220e-04,6.611830971208291488e-04,5.634916721920307184e-04,1.214364223352942373e-03,9.005273506897107025e-04,2.856181705473367395e-03,2.862101336182941869e-03,4.732117097783099312e-04,1.362121216308896350e-03,9.701154344395906026e-05,1.158692933150681683e-05,3.437876785348140769e-04,2.552445924979052420e-04,1.413043272536968799e-04,1.095247208762421126e-03,2.632425057802320525e-03,4.422973294637079673e-04,2.280626645791305421e-03,7.441240734643759461e-04,9.953371990907293639e-04
6.250119504737405851e-01,3.213106937052408619e-03,1.294701427429973458e-03,1.134067350840940605e-03,3.461176332609230765e-05,1.484264728520965889e-03,6.172541006501958832e-05,5.606452185113751418e-04,5.574000938087685835e-05,5.700174599652382129e-03,5.596043173602830226e-05,1.427006930151058367e-03,3.401029303164415304e-03,1.149045350451049921e-03,1.747304931397500229e-03,4.291755210546116528e-03,4.637842145933752588e-04,4.678034988093240660e-04,4.393370641508056486e-03,8.824977075613121575e-05,1.371817741634660261e-04,1.497857344889635305e-03,1.614035673481623869e-05,5.542086598384760032e-05,6.003208312143256667e-04,4.300640177123768448e-03,1.205648244554135325e-04,6.863169538246680860e-04,6.937206670263238156e-04,4.238628478201141372e-04
5.470137000421292361e-01,3.821199063299347918e-03,3.567761258604808380e-04,1.117793522462195424e-03,2.519664484559672461e-04,1.494464847907495553e-03,6.079018344445270318e-04,1.144463633996441795e-04,1.619185315721433354e-04,3.854145395119500279e-04,5.438384585720488704e-04,1.807640909999644113e-03,7.830403164902529885e-04,1.882503083160920639e-03,1.800375781209910021e-03,5.012962188127091309e-03,5.758579329548334366e-04,4.690548867413125381e-04,1.419754996114002766e-03,9.795615404524581993e-05,4.938734951958693152e-05,6.043738373130535906e-04,6.569725567230117911e-05,1.356990097938672447e-04,3.685193438665996775e-05,1.221204754917711716e-03,1.581879411671003937e-03,2.525058625207501385e-03,7.897382607223363054e-04,1.075502925060369550e-03
6.294023316320757067e-01,2.099870517861282277e-03,2.057628577001996677e-04,1.203309032443620119e-03,1.017622717133058051e-04,1.481040234196023776e-03,6.546008099436082493e-04,1.712490479287541618e-03,1.189799423587674767e-03,3.476606189537018166e-03,7.626255728458016751e-04,7.852566989317417111e-04,2.534153932842548793e-03,1.205456176604084804e-03,1.641025198664988706e-03,3.385415461000382525e-03,5.601161306275271754e-04,9.089476628673366599e-05,7.978700754694225978e-04,1.997243039196856969e-04,3.144594865463223778e-03,3.965096060775601767e-04,1.512955466602810824e-04,5.510877721703194565e-05,3.537317584676931436e-04,2.796270619240840902e-03,4.461626878759987849e-04,1.653945106815856271e-03,7.398924357362219760e-04,2.403922456212579230e-04
2.272864696618949742e-01,1.265275237353931381e-03,2.381877078454649153e-04,1.194491378546280909e-03,7.203806259573744325e-04,1.355338610421813559e-03,6.449836970509648148e-04,3.024552814284843343e-04,1.072584729997686610e-04,4.931777023515238403e-03,2.313564772578685647e-03,1.713908440172654066e-03,1.118829942126462569e-03,1.880962575280614724e-03,7.575562735374367831e-04,8.679140317210568912e-04,6.749626536213693562e-04,8.445138828489754269e-05,1.261243554525270320e-03,1.036432868139384951e-04,1.451597083169166324e-04,1.584596717816925222e-03,6.567780249277454477e-05,5.660092179537988836e-05,4.184151884930475572e-04,4.556197239956480578e-03,5.310694980372180274e-04,2.288912004664330705e-03,6.595484807173611352e-04,1.085324524264091699e-03
6.629533522344006613e-01,3.986300999809055771e-04,7.133143379840113998e-03,1.202968657843560447e-03,4.842861593219399230e-05,1.626435202930930600e-03,5.938610869413704424e-04,3.119181965241140980e-04,1.054918797123833912e-03,1.277877762630439448e-03,1.861020136498720869e-04,9.470627538827868517e-04,5.243823546311520215e-04,1.174452715035455633e-03,9.090670516935671266e-04,2.588266875037350395e-03,4.544356549451919339e-04,4.936579922019895079e-04,3.008225842820114702e-03,2.898777570220160537e-04,2.434119156639469729e-04,4.717069077160868790e-04,2.096959865446304701e-05,1.877784359970544493e-06,7.652018811225732003e-04,2.236982941650089598e-05,1.440943866147296549e-03,1.747649624594908120e-03,2.130666463485920026e-03,8.565938191122896093e-05
3.398583610004835553e-01,4.756561996147935269e-04,1.286269028445659931e-04,1.157718736111206783e-03,2.461988644709509760e-04,1.172290507894146322e-03,1.400352303849330515e-04,6.100602663973732874e-04,7.764023517368800033e-06,4.866341569338588692e-05,1.565275744586172319e-04,9.190234093013865523e-04,4.637242400831866691e-04,1.159340086509580339e-03,4.215416213527810709e-05,1.802689347963180953e-03,3.223136582276044364e-04,4.946451493908978099e-04,2.281510815016601565e-03,2.549359542598755163e-04,3.838992330991540926e-05,1.952897719867549781e-03,9.811948544331762414e-05,6.648521383615177286e-06,2.223161041473614339e-04,6.357433097259349236e-04,5.200337903155285556e-04,2.403531470692170553e-03,6.625904631745878869e-04,4.349285941179551981e-04
7.231486108513405231e-01,3.786995014776928410e-03,3.849573349072953716e-04,1.376196560959474288e-03,3.692725279026540561e-05,1.206603302330517494e-03,6.254730344232303047e-04,7.364174866673520951e-04,1.190865802833955935e-03,8.148524246952065439e-05,4.250568512439941750e-04,7.743065976774313056e-04,7.017675038051623612e-04,1.155737362945798629e-03,8.691078757251899942e-04,2.371740573210649305e-03,3.225489767430110457e-04,4.219990455646491093e-04,1.359989692080957897e-03,3.804265537429632731e-04,2.548869782552606639e-05,1.578687374080797647e-03,1.585429790572166070e-04,7.965560257141689887e-05,3.586403567730017889e-06,6.430459975106344976e-04,5.727775568764579325e-04,7.151717944300719793e-04,7.930232082168040550e-04,3.359785904684959440e-03
3.314928182745869867e-01,3.134439682977334558e-03,7.287323679680158682e-05,1.385154876562317726e-03,3.202546247646025882e-04,1.166001670523461467e-03,1.400352303849330515e-04,6.197262045220762721e-04,7.764023517368800033e-06,1.358032436267633900e-04,1.614541300380221284e-04,9.190234093013865523e-04,4.301970354857023770e-04,1.272785680807420440e-03,2.485248901051959514e-04,1.802689347963180953e-03,2.128617705237572191e-04,4.925017415895312179e-04,2.282335240253429483e-03,2.549359542598755163e-04,2.594219531000958303e-04,1.946957924636491533e-03,1.348801729735544619e-04,1.945057373262668097e-04,2.341936943852742682e-04,2.512468980331285999e-04,5.200337903155285556e-04,2.436565422701198174e-03,6.625904631745878869e-04,1.562534563128363356e-04
2.615423772115975654e-01,3.581276709064083047e-03,1.988606949967756281e-04,1.373341511949803008e-03,3.071870712322292469e-05,1.321469358240668713e-03,7.022888030799425210e-04,4.443814074138181629e-05,3.569810970132725539e-05,7.949430438225412940e-04,9.410421177388506855e-04,9.368064264034089896e-04,3.383860040108191327e-03,3.941016921663904361e-03,8.906587675032841354e-04,2.377035942293765150e-03,3.009520300293660935e-04,9.095251244124632995e-06,4.192809864167549617e-03,2.798760689163577297e-04,2.374791122328513433e-03,7.044820999217759130e-05,1.915068545088505930e-04,1.388810841144323118e-04,6.748612339928328294e-04,5.622344667114325192e-04,5.326476846790400514e-04,2.336286669953671884e-03,6.798520746519226597e-04,4.369403334344195886e-04
4.137308582120443612e-01,1.312054309491046504e-03,3.594668759108429518e-04,1.145900072955757364e-03,2.850327067179114776e-05,2.838336700639559722e-04,1.313021813032130489e-03,3.549454205538040861e-04,1.822539836305015881e-03,4.536310612255469409e-03,1.098934113696605494e-03,1.537756521754271230e-03,3.366808385351501790e-03,4.417841087390268241e-03,7.149255855351064476e-04,2.710767916356657432e-04,1.282347689570121794e-04,5.062312725471494529e-04,1.479944971062627625e-03,1.911710622960619888e-04,3.004241105466072233e-05,1.536558986692812458e-03,2.321810946894640386e-04,3.745637735482401230e-05,5.994296482757048832e-04,4.416106117094736189e-03,4.798046967300246559e-04,1.723910870108290045e-03,3.726438364112447110e-04,4.654720775959230459e-04
7.847134024776774019e-01,3.881587205023160052e-04,2.466968670359758094e-04,1.145113314228458261e-03,3.654154478806800503e-06,1.460876544085769118e-03,7.223672816811563908e-04,3.566679736020837385e-04,6.684362275271123937e-04,1.242416414744268102e-03,6.817415249358704105e-05,2.878580804599165013e-04,4.213512109535577643e-03,1.930182062578300085e-03,8.806499744105542558e-04,3.343778893559560487e-03,4.184070496159336835e-04,2.133710261617693797e-05,2.226696242514092372e-03,8.106185438341677318e-05,6.206893054326481467e-04,2.506341317479876410e-04,4.035834503077476891e-04,1.848431958742945591e-04,6.619530217634229420e-04,1.085045776322514713e-03,5.137161784396095500e-04,7.587916917716917755e-04,7.933353786710399926e-05,4.756298078390503023e-04
3.688128626864355941e-01,1.288484641777501048e-03,2.104680999408323888e-04,1.148322399398104014e-03,3.071567324323287067e-05,5.148381450867160715e-04,1.388381107992214944e-03,4.443814074138181629e-05,3.708617402716969950e-05,7.949430438225412940e-04,9.096588040390699535e-04,3.242275043158877705e-03,3.366923573947726116e-03,3.948618711447353380e-03,7.070121896864574318e-04,2.369823251495699768e-04,3.009520300293660935e-04,9.095251244124632995e-06,1.369592666079321678e-03,2.616801323330033625e-04,1.884239034863276988e-04,6.985350863383360228e-05,1.915068545088505930e-04,1.399445075968234879e-04,5.996362992186539398e-04,5.343001955818423108e-04,5.131397011018801321e-04,2.312881217550752291e-03,6.979159867441782437e-04,4.357101555455899318e-04
4.189275091506193260e-01,1.389810388245823081e-03,6.435435638239641351e-05,1.386180553012864979e-03,3.930811897863922084e-05,2.437630723859431634e-04,6.556923027036617611e-04,6.036662611768601854e-04,1.323834663042692315e-05,3.396097162110606454e-03,2.156537029424287696e-04,6.083677194417083135e-04,4.432142937471961522e-04,1.260510867445154394e-03,5.140878120260585762e-04,3.611141474964109713e-04,3.842239154687881217e-04,1.967903409595222715e-04,3.151657622690140752e-03,2.790692974052527762e-04,2.394467435561013421e-03,4.033744125466344043e-04,3.502066837130711182e-05,2.172314477725548144e-04,2.165958077678181107e-04,9.549162088596054900e-05,5.324911102360685997e-04,1.723705649635509738e-03,8.841603685858249930e-04,2.282878421762652810e-04
1.347813822141092355e-01,4.418290643035686829e-04,2.984521697547972904e-04,1.150397585150480639e-03,3.082495663871502567e-04,1.388180888780938095e-03,1.378058900659346513e-05,2.349648729183253463e-04,1.398589676753098652e-04,9.640899465390706524e-05,5.492159638748324128e-04,6.421486930804486560e-04,6.955326055099275793e-04,1.157172274900475362e-03,9.203419239270558237e-04,2.874661503792537345e-03,1.097145791946370352e-04,4.735229235163604822e-04,1.202993207948080054e-03,3.201929169215834330e-04,1.419820743410797842e-04,1.587638715635936084e-03,1.191491095730079497e-03,2.829244472101896603e-04,1.467511552352973321e-04,9.304914614223006291e-04,1.580489648845015502e-03,2.327681618819484217e-03,7.441415531485627913e-04,9.762400527045828492e-04
6.487536713924679788e-02,1.866516538740959751e-03,3.275733046174764823e-04,1.115798791769608087e-03,2.572782585156681268e-04,1.095710012542926723e-03,7.409408850322846997e-04,3.117617319074541030e-04,1.090479774528340870e-05,3.435004590376590679e-03,4.456622158883812176e-04,6.735682015228146432e-04,2.265536785292377852e-04,1.212335951934987366e-03,1.800850542856947652e-03,2.856181705473367395e-03,5.544160611704760863e-04,5.628163937717626467e-04,5.819643789496823164e-04,9.628682202124857494e-05,1.669086810751763811e-04,3.437876785348140769e-04,2.491907932961349905e-04,1.341021796913664257e-04,5.933440612756752785e-04,1.291279048718251216e-03,4.443356208207399432e-04,2.322196855226883565e-03,7.443557092814521861e-04,1.416551261837076595e-04
8.231343289847179445e-01,5.573328945272234408e-03,4.386280874535911783e-03,1.355104495621900062e-03,3.705711427819872832e-05,1.340083225124082079e-03,5.280125288829335545e-04,5.417629789122399998e-04,3.040663421149743289e-05,1.084777991344732743e-04,2.661048381261376912e-04,8.172388903647923898e-04,3.940322262481118012e-03,1.166590222901955692e-03,9.312605290727794544e-04,5.070011787777793655e-03,4.522672921148569031e-03,3.675766704920397027e-04,2.232209865861490335e-03,3.748695292376228068e-04,3.745547329939841186e-05,6.544014402390602517e-04,1.272249537481736996e-04,6.216400312079094301e-04,1.700039167935075437e-04,6.633821616923820438e-04,5.112491958397361079e-04,2.397531104449039750e-03,7.371824491039036600e-04,4.609559923631844454e-04
1.370399102787489276e-01,3.900861232683734735e-04,2.917770226779914378e-04,1.115107903364003341e-03,2.575146977403800419e-04,1.095710012542926723e-03,7.267252423628246935e-04,2.908947976321040125e-04,1.435267626490587542e-04,3.298560680870681744e-03,5.488322826196939978e-04,6.735682015228146432e-04,6.050098020532683040e-04,1.907854901431840257e-03,1.426907298584220761e-03,2.856181705473367395e-03,5.682180102917876044e-04,4.754732785708128671e-04,5.819643789496823164e-04,9.738055187870497281e-05,1.423066002876696181e-04,3.484448971335263215e-04,2.500750176596199621e-04,1.420146377260384125e-04,5.933440612756752785e-04,1.346724933489192944e-03,5.203773464611336896e-04,2.327493807435212364e-03,7.443557092814521861e-04,9.939310472112440099e-04
3.897883331974010268e-01,5.304236519543611842e-04,6.019138516550134746e-05,1.318095336167927076e-03,3.705711427819872832e-05,1.480435529438835218e-03,6.422405832741277581e-04,3.079571703768209205e-04,1.183179531419929677e-03,5.662518343070055719e-04,4.530445704644141995e-04,1.782574096508093495e-03,6.534029540521360969e-04,4.641690008696360871e-03,8.039866021942647465e-04,2.463053556376973777e-03,1.766355583422004119e-03,8.910639254842788294e-05,2.488572108262890499e-03,1.026370322301887599e-04,5.939817106394420848e-05,1.518618803719713403e-03,5.655985637163267118e-04,2.569573344754902324e-05,2.001472551237524393e-04,6.540827570766271411e-04,5.109541674226580812e-04,2.374398875149385038e-03,7.479242350477807895e-04,3.087944631253334237e-04
9.177171503665648711e-01,3.851391886048475491e-03,1.414442422800582869e-03,1.160175735611730869e-03,1.566900531434168783e-05,6.005143774384354496e-04,7.213624997842485150e-04,4.242438399724436887e-04,6.373053067927271931e-04,1.267284388245702763e-03,7.864698605789728104e-04,7.971483554826881181e-04,9.157061439308774881e-04,7.267871377524692681e-04,1.518779981635209365e-03,1.353476048118855413e-03,4.674532775394557712e-04,1.616229028523759152e-05,2.270212803166342646e-03,9.192883746443386486e-05,1.424933078543789717e-04,2.506227496298380625e-04,1.018434647806242162e-03,5.867698142833567315e-05,5.255686765908718907e-04,1.057418734318937327e-03,4.445931505300858635e-04,7.619389091684643451e-04,6.293469569286372703e-05,5.495523863844047497e-05
7.942516572243174533e-01,2.810159853879304510e-04,3.225179529279243156e-04,4.513170828789366939e-04,2.464023716910878508e-04,1.097025179987547606e-03,5.905901691444136398e-04,3.117617319074541030e-04,1.205970124589172097e-04,4.917433783623245853e-03,4.124435547605163552e-04,1.688262139074108402e-03,7.833500436557614462e-04,1.166869605046498429e-03,1.819896408710094948e-03,1.047614400390360070e-03,4.446234332239247262e-04,4.943489430884899288e-04,1.514911378125949684e-03,9.797225341557582628e-05,2.464968820811401376e-04,6.160320690163200840e-04,1.700658508372920657e-04,1.406956960016794201e-04,3.413606205410283636e-05,1.334468651820461217e-03,4.445829163626938488e-04,2.438334663580327306e-03,7.915241348791983520e-04,9.953371990907293639e-04
3.799984060924977425e-01,3.693244972484383644e-04,7.724316053143258625e-04,1.162073992039808603e-03,3.608136485365139642e-05,1.490311661316351529e-03,6.928449223274901758e-04,4.223730782119796204e-04,6.824746174578918620e-05,1.110052793737939270e-04,9.290791407533760494e-04,1.780333842636032393e-03,4.084288066566007960e-04,1.159884867740655721e-03,9.296080198426598037e-04,2.566988344575436409e-03,1.108117886369413212e-04,4.951847857351349093e-04,1.250507336387721158e-03,1.189234889169503819e-04,3.719512639936126591e-05,5.241208756355752139e-03,3.540035784409083773e-04,7.586341480716059013e-06,6.185147385337376588e-04,6.321309831718366487e-04,5.039908409451919046e-04,3.423583456626238131e-04,5.402616875200546643e-04,1.590935648755449020e-04
1.196381031456396626e-01,1.265275237353931381e-03,2.099454044619921203e-04,1.170875854177927866e-03,2.323875876719798823e-05,1.355821640585877638e-03,5.934206693584697951e-04,1.458408734520339530e-04,5.969140409103586894e-05,2.089237987676689974e-05,4.881001976876374110e-04,9.422770768949192965e-04,4.138296145342132068e-03,3.948618711447353380e-03,7.607480463053955004e-04,2.094832971439159180e-04,3.789361760745541419e-03,3.409465280425087101e-05,2.406564614211364854e-03,2.818323813930330218e-04,1.869747274620158807e-04,3.471104966031152671e-04,1.855381141358472422e-04,2.079550336442102852e-04,5.851190066504245073e-04,9.079659689164654504e-05,5.326476846790400514e-04,1.724138752314132491e-03,7.280974889152528251e-04,4.328062246636252036e-04
7.632459066382527579e-01,3.693244972484383644e-04,1.654048651586003445e-03,1.162073992039808603e-03,2.475058082686057686e-04,1.490311661316351529e-03,5.925782295696191372e-04,4.218504217583904001e-04,8.738784738455723962e-05,4.877252281940193412e-05,3.922991770616379541e-04,1.695732295583418127e-03,8.691971737523483850e-04,1.160129788644205908e-03,8.868586814766901000e-04,2.566988344575436409e-03,9.559542821609810109e-05,4.949162471795656368e-04,1.440471070462024045e-03,9.646706246890365474e-04,5.685584989272264242e-05,1.574023298750614006e-03,3.355897155124273716e-04,7.586341480716059013e-06,2.227302982851943184e-04,9.470107130218128992e-04,4.447753643762805686e-04,7.911074839012926119e-04,7.915107263359867336e-04,2.659889498170094421e-05
6.119665156735332179e-01,2.172465745659047688e-03,4.448456241681866298e-03,1.316410130026316599e-03,4.745688353550937735e-05,1.444321112792261788e-03,6.177164067838744133e-04,3.105569544961674609e-04,1.162908515669001247e-03,1.267191567136811449e-03,2.667152034275186746e-03,1.677706431982000247e-03,6.648508054325160711e-04,1.190621900924375030e-03,7.896258324106964323e-04,3.368856791599376694e-03,5.520078922916555773e-04,4.793654124672931650e-05,2.469680541972234591e-03,2.010635338646961259e-04,1.394061572559957820e-04,4.514186625907116611e-04,1.735700542294511231e-04,2.572031325142393315e-05,7.621789760619277539e-04,4.619441958148249282e-03,4.463861104038958287e-04,6.322357396392991151e-04,7.476819185527615623e-04,2.350931383700851317e-04
1.997104969766866078e-01,1.213274718414546465e-04,2.403106198015153225e-03,1.203309032443620119e-03,9.560779119837884831e-05,1.480332065448172925e-03,1.378971869865680240e-03,1.712490479287541618e-03,1.170959456648994288e-03,3.508878997541849468e-03,1.461531638060160551e-04,8.392562865886639628e-04,2.520402651675513611e-03,1.204126061492457852e-03,1.660271619597314266e-03,8.189565849557798021e-04,5.535311819902991428e-04,1.400430667056036874e-02,7.998566022770554245e-04,1.010087555588928549e-04,2.106010965976146034e-03,3.965096060775601767e-04,1.512955466602810824e-04,2.171350212505555421e-04,3.232818179023475447e-05,3.104877031944489399e-03,4.990552763348896342e-04,7.619571335185102226e-04,7.401448211931323544e-04,4.805657299966143358e-05
8.971580346046458265e-01,1.937908231391564234e-03,1.172848724048602530e-03,1.170623948430348123e-03,7.549660492787992842e-04,1.440348053591671614e-03,8.490499031057828060e-04,5.462626617693040103e-04,1.459407191163402621e-05,5.046351378299349447e-03,4.995163757126608317e-04,1.688953762232906549e-03,7.860096790883565679e-04,1.974079329554234707e-03,1.466741072613341910e-03,1.056202036057906236e-03,1.806201678403192897e-03,5.114912667156848967e-04,1.451509265149615504e-03,1.016593920745097369e-04,6.565912378839412668e-04,6.508178105732388870e-04,4.547144014548226156e-05,8.769397750833319424e-06,6.271585984623708615e-04,2.786629230398805822e-04,4.453435825625910033e-04,1.994408490346251048e-03,2.902854067605977416e-04,9.798461767150498571e-04
5.183891266463535041e-01,2.099870517861282277e-03,2.320040229750710854e-03,1.203586607763891493e-03,9.513793370902163355e-05,1.444513081224520950e-03,1.354675391671284227e-03,1.714240806082663630e-03,1.199880172845485277e-03,3.509342200151988663e-03,4.221836313608950085e-04,8.172435134432899954e-04,2.483063098036025242e-03,1.205456176604084804e-03,5.241022200206925602e-04,3.385598349581984100e-03,5.519730834659163435e-04,4.352675963675456568e-04,7.978700754694225978e-04,2.032764659866813806e-04,3.144594865463223778e-03,3.965096060775601767e-04,1.664882743390262232e-04,9.740212401032499897e-05,3.550238624003980480e-04,3.108655635201048976e-03,4.130708108522522862e-04,7.617671825017544853e-04,7.398924357362219760e-04,3.852953151586382442e-04
8.761381652289226274e-01,3.619510211453622235e-03,3.683013910455845003e-05,1.393401233058618686e-03,4.134524938727792320e-05,5.567816671502877129e-04,5.958659494445747197e-04,6.036662611768601854e-04,1.462641087178037018e-05,1.240196482970797520e-03,7.746302011693803093e-04,3.012166638925953960e-03,4.432142937471961522e-04,1.260510867445154394e-03,4.615482831466811162e-04,5.001095603143794130e-03,3.959630548673101751e-04,1.956801705562726608e-04,3.050571528984057697e-03,2.545590638203266412e-04,2.091174333447313929e-04,4.031486935366443837e-04,3.822188799802104771e-05,2.081289690961720404e-04,7.669620149669458074e-04,9.200606338794091910e-05,5.129831266589086804e-04,2.320014141049008428e-03,7.386486725697789021e-04,2.402731591730651855e-04
8.406809926847509384e-01,2.155733493843591626e-04,1.518363952436610270e-03,1.342236624597062345e-03,7.789966765853502525e-04,1.340728130645997941e-03,7.160962476649505555e-04,3.916722679134006929e-04,7.907097293872998882e-05,5.911753462082325371e-04,9.332607017171462961e-04,1.805240265757320503e-03,1.071962936000449328e-03,1.867753714632663584e-03,7.413961622285434932e-04,5.085216385510381472e-03,8.806432810302671638e-04,7.646653780732691821e-04,2.469614764446994171e-03,9.626671426409853989e-05,1.086149527539466333e-04,3.575563958069486077e-04,2.220040116024965895e-04,2.034262462085113560e-04,6.471922266146723328e-04,4.764189330492987415e-03,4.973429387047188918e-04,7.233435718810781812e-04,4.213475641938266704e-04,1.338651607251354833e-03
6.656008021504714600e-01,3.904670106958955424e-03,1.369524056802499988e-04,1.161293387526777035e-03,1.163960105722580229e-05,1.347592427285510030e-03,7.213624997842485150e-04,5.900335912739783535e-04,1.849970013251332583e-05,3.307406982827332796e-04,7.864698605789728104e-04,1.565909524479936138e-03,3.418424722335083009e-03,1.844862465899385325e-03,7.578850408731145974e-04,4.985709811431223923e-03,4.474841852851590149e-04,2.377252972643852449e-05,3.196742439056356189e-03,1.826336124103448727e-04,1.425799251482177640e-04,1.539276020666501942e-03,4.968939322210988050e-05,3.619889476326480424e-05,5.255686765908718907e-04,7.822411231014662295e-04,4.445905371349250499e-04,6.981960529719624230e-04,7.789212523224287575e-05,5.080197329081406331e-05
8.424288188723473292e-01,2.099870517861282277e-03,2.403106198015153225e-03,1.203309032443620119e-03,9.513793370902163355e-05,1.444513081224520950e-03,6.775236509795842278e-04,3.972640179029882654e-04,1.170959456648994288e-03,3.509342200151988663e-03,1.718529897885964688e-04,8.738208588414599510e-04,2.534153932842548793e-03,1.210474161335527848e-03,1.659999431973691953e-03,3.323981547197280267e-03,5.519730834659163435e-04,4.237180734709102481e-04,7.978700754694225978e-04,2.001891236169928124e-04,6.025748984735709683e-05,6.814582975967940163e-05,1.512955466602810824e-04,2.034388259969852053e-04,6.504737314442179561e-04,3.114288352504075187e-03,4.461626878759987849e-04,7.619571335185102226e-04,7.398924357362219760e-04,2.182923610744398005e-04
9.974772843802633959e-01,1.492080908542266606e-04,4.496094382667912941e-03,1.358720552609036548e-03,1.124325142219026452e-04,1.481210303352311752e-03,7.274744860283762719e-04,4.374489068749298640e-04,1.172538398295473521e-03,1.228586520856877855e-03,4.492234865749711835e-04,7.973108851778780122e-04,5.073883057280388067e-05,1.196219061164062198e-03,1.490444733754482144e-03,7.557970011050075794e-04,4.678001289492739884e-04,2.724156899296491913e-05,2.435619050930448639e-03,9.771255630424742098e-05,1.394216514322984364e-04,4.538479707127993741e-04,1.147555357491794169e-04,5.988077791445529409e-05,5.176122138522397127e-04,1.061217304900303506e-03,4.795300016616221048e-04,7.318665128876861679e-04,7.111246154761944683e-04,5.543441906784009289e-05
1.742639361941317744e-01,1.895900637339646179e-04,3.604781175562355930e-04,1.112166907644167877e-03,3.873172985065604583e-05,1.613246873119462185e-03,5.964880208885202416e-04,3.117531143997896714e-04,1.162908515669001247e-03,1.218644457348830529e-03,5.449490974000070894e-04,1.698919588029127034e-03,6.513636986749643098e-04,1.166318080034037079e-03,7.908955610803870221e-04,8.831066225254570034e-04,5.535659908160383766e-04,4.793654124672931650e-05,1.429035526995783324e-03,9.750832494071486761e-05,1.394061572559957820e-04,4.514186625907116611e-04,3.886877937841627228e-04,1.363093176498125260e-04,7.621789760619277539e-04,4.610030637588663494e-03,5.102880795727386069e-04,6.322357396392991151e-04,7.361227442217912597e-05,1.066370116150895837e-03
6.607752859444253613e-01,3.863373327282138264e-03,2.381469538261559576e-02,1.208656591889442416e-03,3.880009781945854168e-05,1.486773728262613453e-03,7.708825295921436539e-04,2.864748325818195634e-04,3.321163167226430426e-04,3.084063751838779987e-04,9.473323146355636451e-04,1.863589467311368552e-03,4.241107335242778019e-03,1.275634016565354656e-03,1.091940443819712546e-03,9.093026093709504713e-04,4.452206295888448944e-05,7.492069614320920161e-04,2.417999420618690155e-03,7.362633659637363333e-05,2.541739145905989004e-04,4.114927460928345508e-04,3.189172170626887828e-04,8.208234085132831356e-05,2.740283285670259625e-04,1.359433307561636484e-03,5.198561677641211354e-04,2.499096192932465273e-03,1.245452704726364695e-03,4.450130541816275714e-04
9.977454175847508822e-01,1.492080908542266606e-04,1.006092716219460356e-03,1.355221091686286804e-03,2.483147652150058567e-04,5.972214087798236775e-04,7.302446298153535261e-04,4.331073268766126496e-04,1.129239625552614680e-03,1.228586520856877855e-03,4.662477754730707776e-04,7.550107445592941797e-04,8.601213355607893740e-04,1.154943824872030561e-03,8.838563524236329495e-04,1.624221752733003878e-03,4.693358143798626774e-04,1.901371115985460501e-04,2.434944148362912317e-03,1.920931773330922265e-04,1.404831851024192625e-04,2.359595226455858761e-04,3.317107401647740694e-04,7.605031629422353808e-06,5.178270163716206399e-04,1.061217304900303506e-03,4.726737359629007082e-04,7.619846478540984397e-04,6.978698688519964759e-04,4.884313219399176497e-04
7.607945544351369938e-01,3.693244972484383644e-04,1.652974654579574335e-03,1.165407227383923570e-03,1.116235572784403520e-04,1.490311661316351529e-03,5.875198495907640569e-04,4.218504217583904001e-04,1.312086176024255353e-04,4.877252281940193412e-05,3.916337961039861827e-04,1.738032436272422083e-03,5.901074805002081780e-05,7.259101935542461650e-04,1.493447062807542764e-03,2.566988344575436409e-03,9.374362564727915597e-05,4.949162471795656368e-04,1.440471070462024045e-03,9.838494610834610903e-04,5.685584989272264242e-05,1.541766388975778857e-03,1.185246284047149071e-04,5.986504602413373331e-05,2.225154957808339281e-04,9.470107130218128992e-04,4.447753643762805686e-04,7.911595658393479709e-04,7.915107263359867336e-04,1.007604782129155330e-05
3.606841169188222951e-01,1.304119176260182299e-03,2.142606990006599781e-04,1.359795683649396439e-03,3.073583280167281395e-05,1.206603302330517494e-03,6.254730344232303047e-04,7.953414370777917930e-04,1.190865802833955935e-03,7.898463599047687205e-04,4.250568512439941750e-04,3.139998534899051015e-03,6.095980095529136226e-04,1.059937938190111048e-03,8.691078757251899942e-04,2.354714585900865090e-03,2.115228141036156959e-04,4.213511755363419028e-04,1.393961408480729261e-03,2.693986506998957242e-04,1.886279002530952102e-04,1.615736857315350217e-03,1.354306066584036569e-04,1.918612343671099595e-04,2.408148515322912960e-05,2.556162268554534899e-04,5.727775568764579325e-04,7.482056489922009595e-04,6.445923631403736040e-04,3.021260849179648478e-03
8.286842310971633818e-01,3.416377035053492616e-03,7.683481702629416273e-04,1.149876527506195388e-03,3.095158683253378552e-04,2.022972165025049883e-04,5.952318586224654385e-04,9.463498631661370654e-04,6.216862323005331765e-05,2.996149447455274256e-03,6.375582748014654204e-04,3.018613071649226334e-03,5.294858301711413608e-04,9.307249824529087012e-05,2.214439476018953759e-03,9.028735857294135393e-04,4.134908825686601087e-04,1.166900082652296423e-04,1.456831377468329825e-03,2.107791312145413710e-04,2.296240659173619237e-05,1.558253941202488238e-03,4.359979199472410315e-05,3.489529807114524388e-05,5.927554633120095656e-04,3.134948402354278182e-03,5.094596915049238268e-04,8.568849120137321442e-04,7.831249772515883056e-04,2.393393598536512189e-03
6.188869010457351827e-01,2.810159853879304510e-04,3.225179529279243156e-04,4.513170828789366939e-04,9.894909784071124505e-05,1.097025179987547606e-03,6.559115383788067209e-04,3.117617319074541030e-04,1.540178060624196104e-04,4.917433783623245853e-03,4.040302465053235243e-04,8.264834881903629533e-04,7.371340794272055559e-04,1.166869605046498429e-03,1.814525716061606920e-03,1.047614400390360070e-03,4.446234332239247262e-04,4.689243582193916072e-04,1.531061159108872572e-03,9.641645163545714797e-05,3.188226811183198471e-03,6.160320690163200840e-04,1.700658508372920657e-04,1.406956960016794201e-04,3.413606205410283636e-05,2.787282161775714220e-03,4.445829163626938488e-04,2.438334663580327306e-03,7.915241348791983520e-04,9.864183486275981180e-04
4.950507877207815932e-01,2.646232582998503846e-04,3.009686243926184288e-05,1.345146146027669746e-03,2.491996441511839144e-04,4.723043943655417382e-04,7.225726334485222530e-04,3.123525524503090308e-04,3.250941478530699580e-04,1.324844393255461550e-03,8.130917584238239043e-04,1.676068843911590091e-03,4.157552410074484475e-04,6.952974435558295380e-04,1.825429920838761953e-03,5.197527740964908750e-03,7.534323243380100683e-05,1.668019101840940814e-03,1.290378655630870569e-03,1.016877046513147597e-04,4.753024202109159060e-05,3.506038183891482286e-04,1.888917476540325478e-05,5.344911088654612311e-05,4.378806271520128599e-04,1.346317508010944596e-03,4.426098333653983403e-04,8.181207369953924285e-04,7.483564002606423815e-04,4.467916802984226148e-05
9.823418691857871421e-02,3.519607529895842600e-03,7.751240912069628543e-04,1.170905239108617751e-03,3.095158683253378552e-04,2.231536852709060156e-04,5.945845655846316441e-04,2.773074439412864757e-04,6.216862323005331765e-05,1.178275959602166287e-03,9.306453376527010646e-04,1.862491599619629529e-03,5.294858301711413608e-04,1.081163780920924716e-04,2.214439476018953759e-03,5.022729270103535107e-03,4.444946881351038341e-04,9.917830364547156443e-05,1.435214484370308380e-03,2.105875425975939526e-04,1.474299451176374460e-04,1.558253941202488238e-03,3.120402095258853307e-04,3.514015117474814055e-05,5.934543908934978955e-04,6.457427097425205448e-04,5.094537801155948334e-04,8.470269347581873762e-04,7.161336278381858281e-04,2.399804097600695494e-03
6.159330036379787598e-01,1.891331383834426484e-03,6.404400968619535037e-04,1.384576199863263735e-03,2.706600145431069943e-04,5.202545183826683302e-04,1.361343121160507076e-03,6.020705741790152200e-04,1.210253606544719183e-04,4.901677109447070448e-03,1.838581467465905334e-04,3.148778647128391318e-03,4.432142937471961522e-04,1.260510867445154394e-03,5.587161400097519562e-04,1.049492080372009572e-03,1.127447822797471386e-03,1.967903409595222715e-04,1.559622637930998699e-03,1.557355816021408716e-03,2.068288300142971398e-04,4.029699961287533058e-04,3.822188799802104771e-05,1.448259499239917987e-04,4.270845070113592939e-05,9.200606338794091910e-05,4.442538487231457219e-04,2.320014141049008428e-03,9.040088799711677465e-04,1.480930244387254776e-04
7.595049390119554822e-01,3.719961813595314311e-04,1.654048651586003445e-03,1.162073992039808603e-03,2.473796147191664567e-04,1.490311661316351529e-03,7.227913799895102067e-04,4.216683492170005204e-04,8.415563843061521455e-05,1.371595167728469327e-05,4.079575075886393305e-04,1.695732295583418127e-03,8.691971737523483850e-04,1.160129788644205908e-03,8.868586814766901000e-04,2.566988344575436409e-03,9.559542821609810109e-05,1.721801296074457503e-03,1.291673181897491987e-03,9.646706246890365474e-04,5.685584989272264242e-05,5.224338278230593324e-03,3.388353524762569534e-04,5.319954812525811664e-05,1.002854116648224355e-03,9.470107130218128992e-04,4.447753643762805686e-04,7.274996613154555711e-04,7.915107263359867336e-04,2.126722962953021899e-05
5.247532057222303870e-01,2.604248400606047230e-04,3.009686243926184288e-05,1.345146146027669746e-03,1.898856647314236211e-04,4.723043943655417382e-04,5.923594830286312918e-04,3.630391750608409369e-04,3.283264255215294033e-04,1.391072811475128120e-03,3.745798946616530657e-03,1.224162872458490862e-03,4.157552410074484475e-04,6.952974435558295380e-04,7.538726252917873644e-04,5.071474667773109672e-03,7.534323243380100683e-05,4.509629446647639038e-04,1.439176544195402627e-03,9.820157341177311865e-05,4.753024202109159060e-05,1.635269436487840188e-03,3.656892064459876801e-04,7.707288853876485975e-06,2.173963155875439620e-04,1.883239150628645935e-03,6.385989674364282633e-04,7.896387842421147751e-04,4.232736086193998300e-04,2.668101018015701459e-05
8.757282940173264363e-01,3.619510211453622235e-03,3.471466857733807086e-05,1.393401233058618686e-03,4.134524938727792320e-05,5.567112154607901497e-04,1.361390809610000044e-02,4.155751901130236899e-05,1.467488637587133698e-05,8.110505268211707893e-04,7.746302011693803093e-04,3.012166638925953960e-03,4.432142937471961522e-04,2.419155355264687116e-03,4.615482831466811162e-04,1.555252523000899122e-03,3.959630548673101751e-04,1.956801705562726608e-04,3.050571528984057697e-03,2.534839621722761917e-04,1.458712878939520858e-04,5.167727132792706082e-03,9.667604534631061425e-04,2.081289690961720404e-04,7.669620149669458074e-04,9.200606338794091910e-05,4.791713055868876327e-04,2.205918965811689593e-03,7.182001173978922988e-04,2.402731591730651855e-04
1.740289506062272507e-01,3.285304332404384575e-03,1.782524015667526153e-04,1.349903785231209002e-03,2.575146977403800419e-04,6.342714985099946225e-04,7.267252423628246935e-04,2.908947976321040125e-04,1.435267626490587542e-04,7.879431454704119084e-04,5.476357028448442660e-04,6.730433864101676572e-04,6.050098020532683040e-04,1.907854901431840257e-03,1.433709672857787741e-03,2.856181705473367395e-03,5.682180102917876044e-04,4.851456711167038537e-04,5.701802699374876110e-04,9.738055187870497281e-05,1.423002809793136173e-04,5.234763502702129839e-03,2.500750176596199621e-04,1.494238765496163474e-04,5.936916882875533947e-04,1.346724933489192944e-03,5.203773464611336896e-04,2.327493807435212364e-03,7.443557092814521861e-04,9.939310472112440099e-04
6.158713864621998546e-01,3.904670106958955424e-03,6.308886214961300807e-04,1.161293387526777035e-03,2.572599056493289388e-04,1.347592427285510030e-03,7.213624997842485150e-04,5.900335912739783535e-04,1.536904427765501327e-05,3.084236145877218040e-04,8.044271516497089863e-04,3.108928636359403058e-03,3.418424722335083009e-03,1.867643538803528697e-03,7.552223274866272807e-04,4.985709811431223923e-03,4.474841852851590149e-04,2.312421069307021328e-05,3.196742439056356189e-03,1.826336124103448727e-04,1.425799251482177640e-04,3.761277638960264843e-04,4.946398550518186609e-05,2.618261129554991717e-04,2.252455727294937432e-04,8.132877140501796557e-05,4.445905371349250499e-04,6.981960529719624230e-04,7.789212523224287575e-05,1.468291353383581281e-04
9.764357286522380441e-01,1.360744967495736840e-04,1.902083313853129409e-04,1.134041630812642268e-03,1.911727534194043168e-04,1.401584613875447860e-03,6.418791884995393672e-04,7.379852969813387479e-04,1.581685555963982959e-05,1.261931296362936786e-03,6.759474027129345986e-04,1.095862340393311592e-03,5.484200733846711535e-04,1.131503552513406837e-03,7.601985199623781820e-04,9.156475362264447681e-04,3.964636001048181622e-04,1.943113509291402021e-04,2.494864227911345895e-03,9.879909466697795188e-05,1.403937009748530826e-04,6.641716736485356841e-04,1.706482118642170304e-04,2.055716360030993483e-04,4.520414113764126100e-03,3.958683429346732379e-04,1.470217328201139017e-03,6.983291707415255475e-04,1.290205499304574246e-03,5.541115135879799458e-05
6.615455663518331475e-01,1.404221458105823659e-03,1.631665749593032202e-03,1.134041630812642268e-03,3.690509335263098418e-05,1.493786782560208026e-03,5.694260273855873342e-04,7.692889792999170083e-04,7.825362461801499588e-06,5.388231994179276067e-04,9.834830199909961115e-04,1.537471402740218668e-03,3.293035803958998912e-03,1.845269266391225127e-03,7.692830796851130547e-04,2.351152879404261667e-03,3.994001556284672034e-04,1.935310682945503950e-04,3.158114115805909627e-03,1.921259055545160516e-04,1.356891483919706487e-04,1.539422138584315173e-03,2.329195217137828764e-05,3.751598443521194628e-05,5.997828213678012320e-04,4.308015111786499436e-03,5.049880479257467560e-04,7.167152730450625101e-04,5.426115308111458240e-04,1.382791428148576456e-04
1.416736960701067694e-01,3.455568176702721039e-04,2.917770226779914378e-04,1.115107903364003341e-03,2.575146977403800419e-04,1.095710012542926723e-03,7.267252423628246935e-04,2.826834086284178227e-04,1.434772286613836463e-04,3.937118294867290175e-04,7.939516835904842284e-04,6.875516458307427302e-04,6.050098020532683040e-04,1.907854901431840257e-03,1.426907298584220761e-03,4.924731275184128856e-03,5.682180102917876044e-04,2.349990501209704209e-05,5.819643789496823164e-04,9.738055187870497281e-05,1.423002327234857084e-04,1.532978456802923557e-03,2.431496559998585051e-04,1.420146377260384125e-04,5.933440612756752785e-04,1.346724933489192944e-03,5.212355193118792989e-04,7.117893362265037766e-04,7.443557092814521861e-04,9.939310472112440099e-04
6.609679737824634138e-01,3.950742824078800133e-03,1.369524056802499988e-04,1.161293387526777035e-03,1.163960105722580229e-05,1.347592427285510030e-03,7.213624997842485150e-04,5.982449802803916370e-04,1.855566999368435345e-05,3.236086026452669913e-03,5.413504596081826882e-04,1.551926080213742246e-03,3.418424722335083009e-03,1.844862465899385325e-03,7.578850408731145974e-04,2.917160241720493687e-03,4.474841852851590149e-04,4.765106619525155641e-04,3.196742439056356189e-03,1.826336124103448727e-04,1.425862927124016736e-04,3.547433422887589973e-04,5.661522620536422643e-05,3.619889476326480424e-05,5.255686765908718907e-04,7.822411231014662295e-04,4.437323642841793864e-04,2.313900567343575142e-03,7.789212523224287575e-05,5.080197329081406331e-05
5.674222165334983359e-01,5.573328945272234408e-03,3.902902913924827938e-04,1.359610100591945175e-03,3.705711427819872832e-05,1.331343688119687556e-03,2.288556178030130969e-05,5.487140293434607718e-04,4.314010348214179780e-05,1.113892422924156234e-04,4.460579736748447729e-04,2.111580828536700240e-04,6.349683119600123705e-04,1.166499005657812421e-03,9.312605290727794544e-04,1.780744719330078695e-03,1.342508245249596308e-04,5.084996942756729067e-04,2.231261169542590912e-03,3.748695292376228068e-04,1.763823606270352798e-04,1.574818107251154536e-03,8.753539713131554961e-04,6.216400312079094301e-04,1.632820250475987332e-04,9.445814967450436462e-04,4.687320102527377024e-04,2.401576708555145864e-03,7.371889453769483319e-04,4.289886221588771987e-04
2.207904493040090399e-01,1.494610440811522650e-03,1.778613737637658922e-04,1.157070427535734957e-03,5.056463326774939546e-05,5.700885904815689758e-04,5.932016806341383662e-04,3.024552814284843343e-04,7.898752536725855370e-04,4.931777023515238403e-03,2.267362360292547296e-03,7.846452647966959022e-04,1.118871132213776400e-03,6.203808972123586816e-04,1.592092990411749821e-03,2.563623174647358324e-03,6.556537239160308179e-04,2.126823993780332293e-06,1.261243554525270320e-03,9.381774769682428149e-05,1.983841097018290180e-04,1.683851149093738755e-03,1.136229860266368442e-03,5.679739248803886023e-05,2.747488591253045408e-04,4.556197239956480578e-03,1.627968667696044107e-03,7.904806955060825029e-04,2.101676113978051194e-03,2.399979735544822425e-04
7.243469625914384924e-01,3.786995014776928410e-03,3.849573349072953716e-04,1.345021122646235245e-03,1.884961220994373239e-04,1.206603302330517494e-03,6.254730344232303047e-04,7.423754581500605120e-04,1.190865802833955935e-03,8.148524246952065439e-05,4.250568512439941750e-04,7.743065976774313056e-04,7.023653576542828597e-04,6.968340626878775836e-04,8.691078757251899942e-04,2.372861383811878094e-03,7.274643244614190899e-05,4.219990455646491093e-04,1.359989692080957897e-03,3.804265537429632731e-04,2.563018548356598298e-05,1.568196511067959436e-03,3.670858984014717190e-04,7.965560257141689887e-05,3.586403567730017889e-06,6.430459975106344976e-04,5.723398664421758698e-04,7.151717944300719793e-04,4.200818195287554509e-04,3.359785904684959440e-03
4.938524359806599207e-01,2.630965241716977897e-04,1.944744592141239023e-05,1.376321584340908788e-03,3.819105611487003495e-05,4.723043943655417382e-04,7.225726334485222530e-04,3.568991310386286642e-04,3.250941478530699580e-04,1.324844393255461550e-03,3.760966410493493499e-03,1.224162872458490862e-03,4.151573871583294126e-04,1.154200743813751668e-03,7.538726252917873644e-04,5.070353857189971447e-03,3.251460639131373764e-04,1.677847648106845641e-03,1.290378655630870569e-03,9.820157341177311865e-05,4.738875436305476399e-05,5.296075305527957883e-03,1.603919240757566860e-04,5.331917443372384904e-05,9.975190124571603999e-04,3.330634863103187730e-03,6.390366578707103260e-04,7.260309616562778427e-04,7.962149973075637391e-04,2.134934482798628937e-05
4.748591438435869061e-01,2.433637970854717579e-03,3.009686243926184288e-05,1.319418002347382641e-03,1.839671620538208788e-04,4.723043943655417382e-04,7.225726334485222530e-04,3.628571025194510572e-04,3.272101779897388122e-04,1.324844393255461550e-03,2.179350447051242416e-03,1.220453501989671435e-03,4.157552410074484475e-04,6.952974435558295380e-04,3.148463441931371272e-04,5.075597319241273442e-03,2.856457882520783628e-05,1.677847648106845641e-03,1.290378655630870569e-03,5.343315910955200553e-05,4.862431737233197462e-05,5.285584309036060052e-03,3.689348434098172619e-04,5.336024266030969012e-05,9.975190124571603999e-04,3.330634863103187730e-03,4.190181101789619339e-04,7.296474515263880450e-04,4.232736086193998300e-04,2.134934482798628937e-05
4.933671136827741388e-01,3.022517758249718828e-04,6.764622296638889967e-04,1.345149802857214432e-03,2.891546545350014109e-05,1.507339751121379839e-03,9.280491878463852746e-05,5.449250717753494760e-04,2.571060936683966080e-04,1.372560363613569041e-03,3.743719421800063580e-03,9.538683454192986013e-04,2.579159396117674391e-03,6.951566530936963617e-04,7.498472601939874414e-04,2.719519453500475990e-03,3.784850586775237100e-03,4.689339245105418434e-06,1.242043775945304504e-04,1.976297521282290894e-03,2.275845635719403307e-05,3.022831177755064269e-03,4.259076638944860223e-03,5.855564665033305692e-05,7.666402192201414618e-04,7.103718157206132412e-04,6.438473018465486414e-04,6.205207533988962767e-04,2.210484927722331655e-03,4.249185417854473837e-04
8.314055164879508020e-01,1.345641725808145641e-03,1.902083313853129409e-04,1.353031505891834265e-03,3.996424687370939458e-05,4.521402120117028623e-04,5.277591912180704982e-04,7.379852969813387479e-04,1.581685555963982959e-05,5.633804563998667282e-04,2.643611128389695714e-04,8.830658838020943781e-04,7.475496474279379969e-04,1.124400226296454891e-03,7.606087189362695320e-04,8.542004437358794756e-04,4.853724048598719032e-03,1.943113509291402021e-04,1.623332922009754035e-03,1.039945606925336694e-04,4.148622522392767881e-05,6.437982370972902650e-04,5.968113364057684919e-05,1.942855360554165685e-04,5.938676142780259992e-04,6.869006423376801699e-04,5.091651611323349137e-04,6.983291707415255475e-04,1.305946806436618975e-03,1.528156069923000573e-04
9.898412473099782449e-01,2.829183279910172169e-04,3.256088740819558665e-04,1.370630808127459768e-03,7.395916831474681199e-05,5.223951327830551015e-04,7.675438809121596035e-05,5.782742923744034827e-04,1.393964744943569103e-04,1.182269331208660222e-03,3.607239223738467788e-03,1.698818261051241330e-03,7.827181625477037680e-04,2.957255655806696922e-04,9.018203590718742394e-04,1.002673482519078878e-03,4.756131318838140924e-04,4.929715946065254010e-04,1.398962373938302970e-03,3.785322355949530520e-04,7.594456216398137120e-06,2.176959997866087081e-05,3.374505005710743809e-04,2.828564153589927823e-05,1.079768985307852282e-05,2.737855108366331076e-04,4.447721146901742039e-04,6.053442761381351003e-04,7.892136382465061908e-04,8.912542534292387103e-05
7.241049104977568263e-01,3.835493812501926131e-03,3.905612338006599201e-04,1.163464181204622826e-03,2.888309410854614554e-05,1.206603302330517494e-03,6.254730344232303047e-04,7.376219566926267481e-04,1.190865802833955935e-03,6.952038225233384255e-05,4.787251356771981495e-04,7.678924516476773191e-04,6.998089949202248791e-04,1.368140383275321965e-03,8.708361302728858441e-04,2.404806880608382439e-03,2.104880917546650041e-04,4.219990455646491093e-04,1.449738529577496550e-03,2.436687936623010801e-04,2.464352471646042483e-04,1.578687374080797647e-03,1.354306066584036569e-04,1.980140349565706701e-04,1.113870958774618170e-03,1.311393493033061533e-03,5.727775568764579325e-04,7.482056489922009595e-04,7.930232082168040550e-04,3.037074854651837866e-03
7.620026417719198975e-01,3.802009409176185413e-03,1.414442422800582869e-03,1.160191496053734851e-03,1.401881667697496146e-05,5.472259060276524591e-04,5.897025250934482144e-04,4.217816922793146900e-04,6.373053067927271931e-04,1.292371901234419399e-03,3.895538522064090131e-04,1.680614050290559673e-03,9.157061439308774881e-04,1.167961810295748814e-03,1.518779981635209365e-03,1.351901922689181974e-03,4.674532775394557712e-04,9.836084791668253235e-06,2.326744250858552628e-03,9.192883746443386486e-05,1.424933078543789717e-04,2.563431065636709956e-04,3.491070141324668745e-04,5.955414986552911812e-05,2.210896498684380854e-05,1.057418734318937327e-03,4.445932342462739794e-04,7.619228494962686313e-04,6.293469569286372703e-05,5.495523863844047497e-05
9.679632489003161533e-01,2.604248400606047230e-04,1.320869227967590999e-04,1.163366958754432278e-03,1.733095086057838624e-04,4.954511651820782446e-04,7.135566530017935444e-04,3.699779217119376885e-04,3.283264255215294033e-04,1.391072811475128120e-03,6.310115856474865677e-04,1.224162872458490862e-03,4.157552410074484475e-04,6.952974435558295380e-04,7.441158604736410704e-04,4.955300782216592870e-03,1.727056661960909081e-06,4.509629446647639038e-04,1.439176544195402627e-03,9.820157341177311865e-05,4.144165741168778289e-05,2.096866753080241794e-04,3.656892064459876801e-04,5.917808237679967167e-06,2.215229152176765583e-04,1.883239150628645935e-03,4.474047240039087333e-04,7.896387842421147751e-04,4.232736086193998300e-04,2.668101018015701459e-05
5.054289162059223406e-01,2.604248400606047230e-04,3.009686243926184288e-05,1.345146146027669746e-03,1.898856647314236211e-04,1.947095088025878665e-04,5.923594830286312918e-04,3.630391750608409369e-04,3.283264255215294033e-04,1.390570245841488486e-03,3.634510754048852956e-03,1.224162872458490862e-03,4.157552410074484475e-04,6.918248809181057769e-04,7.538726252917873644e-04,7.789929070390424516e-04,4.604314464058264448e-04,4.509629446647639038e-04,1.875367778187004382e-03,9.820688161099568796e-05,4.753024202109159060e-05,1.643253316084529111e-03,3.656892064459876801e-04,3.652787802509230026e-05,7.747244226386942965e-04,4.842470560829519087e-04,4.475600157583209220e-04,7.896387842421147751e-04,4.232736086193998300e-04,2.668101018015701459e-05
8.038062422278676733e-01,2.166671852379437220e-03,4.448456241681866298e-03,1.316410130026316599e-03,2.609338522834301136e-04,1.482022573081548519e-03,6.177164067838744133e-04,3.105569544961674609e-04,9.930811487355016044e-04,1.267191567136811449e-03,2.667152034275186746e-03,1.677706431982000247e-03,6.648508054325160711e-04,1.190621900924375030e-03,7.896258324106964323e-04,3.385422850845759644e-03,5.520078922916555773e-04,4.952971161186346980e-05,2.539518585689664893e-03,2.012863929987635339e-04,1.394061572559957820e-04,4.523000684164162392e-04,1.735700542294511231e-04,2.572031325142393315e-05,7.296516246966752457e-04,4.602488058897897041e-03,4.463932430218853914e-04,1.645041426218549034e-03,7.476819185527615623e-04,2.355520786609369328e-04
2.598174574136167259e-01,3.604846372695983108e-03,3.949169301560313382e-04,1.370455231118551404e-03,2.837872105280399055e-05,1.366948768984638327e-03,1.266830823401666551e-03,3.549454205538040861e-04,1.822539836305015881e-03,4.651454101139123297e-03,4.561283744649923064e-04,1.794599805298951892e-03,3.383744851511966568e-03,4.410239297606819223e-03,8.985721633519331512e-04,2.411267498052060022e-03,1.278855181368210455e-04,5.061810751368718466e-04,2.283784390266978097e-03,1.911710622960619888e-04,5.664145439707943410e-05,1.536558986692812458e-03,2.406666969941707694e-04,3.587402151496518624e-05,6.746545830498837729e-04,4.344890476289147568e-03,4.798046967300246559e-04,3.736550067107350217e-04,3.726438364112447110e-04,4.648631509745042040e-04
5.987969988269318256e-01,3.412431880115378421e-04,8.728722835906312441e-05,8.490893755575788793e-03,4.842861593219399230e-05,1.611857234867085809e-03,6.480914385256076986e-04,3.122019716602804080e-04,1.136270840302435262e-04,1.079563074552236527e-03,3.715391124128686676e-04,7.865921946372389636e-04,1.091300066394071139e-03,6.956934587183534989e-04,7.539266765380290810e-04,8.344613214351852097e-04,4.455747530209364722e-04,5.206816304191382765e-04,2.639017000201023238e-03,9.824747457204103076e-05,5.026781013608868476e-05,1.635363299358895666e-03,6.575156820194595804e-05,3.488848926723898264e-06,7.621789760619277539e-04,2.236982941650089598e-05,4.426230880381913819e-04,2.287152973859424288e-03,7.505131546209825371e-04,3.135106296489652625e-05
6.296947180572159963e-01,3.296606837818826571e-03,1.670927401778426341e-04,1.198414208502234001e-03,3.231771227589152421e-04,1.469782628634281989e-03,7.442944456659478843e-04,1.736748752866499159e-03,6.657190225512637539e-05,1.378483162476306506e-03,1.771405032392508365e-04,8.253406796735029537e-04,4.001055090454671203e-04,1.953213078038217032e-03,8.586563347942784141e-04,1.772315318449596989e-03,1.800647018402479899e-04,1.721903921453412538e-05,8.376772820347446217e-04,5.084293808104789827e-05,3.144333457600322675e-03,3.969960817617183184e-04,1.232730048523997561e-04,2.774629013994661577e-05,4.981710410518940869e-05,6.280270679073848708e-04,1.533949669162660342e-03,2.280466338647033249e-03,2.252905293847519159e-05,9.134720786286177480e-05
7.595906384835562353e-01,3.295336647321670497e-03,1.670927401778426341e-04,1.149315768076287396e-03,3.231771227589152421e-04,1.478812704382636125e-03,5.955335768641574403e-04,4.226434989126386858e-04,1.673968153788003073e-04,1.378483162476306506e-03,1.771405032392508365e-04,1.795855882341567929e-03,4.001055090454671203e-04,1.180937003796329963e-03,1.809199772459559258e-03,1.817061412201075813e-03,1.800647018402479899e-04,1.616229028523759152e-05,2.201249770919033212e-03,5.090383789338649321e-05,2.453253178951354677e-04,2.271184534052001066e-04,1.232730048523997561e-04,6.349571305563413582e-04,3.718466512239895869e-05,6.280270679073848708e-04,1.589048947547603771e-03,2.378278877582285216e-03,2.252905293847519159e-05,9.134720786286177480e-05
3.075482411374264036e-02,1.045626624641248902e-04,1.462690975631515677e-03,4.578307818719287454e-04,2.426313125789524017e-05,1.340211805050483098e-03,5.909349810406788056e-04,2.915053414753570596e-04,9.278611602621020769e-05,1.122054088613411735e-04,3.836952412750302605e-04,1.779816649515685197e-03,7.825321110119694279e-04,1.141070759006878070e-03,1.844693340527992637e-03,9.673866518243166195e-04,1.195473358457058806e-03,7.803737047914185900e-04,2.453129777784757680e-03,1.086765487073683206e-04,2.464969559146515995e-04,6.181995408200858123e-04,3.038950442083281772e-04,5.842569581214707370e-05,5.930039367033220453e-04,1.343358104776888129e-03,5.252576346135636332e-04,2.478979883738085394e-03,7.410048569930032230e-04,4.387641216782597149e-04
7.438292553783144578e-01,2.966033242367094140e-04,3.894679873830860493e-04,1.363772603908147956e-03,2.309927350501269532e-05,1.481252835382611786e-03,5.293879852129004977e-04,5.873606939832569157e-04,9.996647613934462728e-04,1.507697297684354931e-04,4.083627033797859740e-03,9.497051506124939545e-04,7.034758859703641939e-04,1.239868453184981385e-03,9.421174362724394182e-04,2.543274681896086353e-03,3.278965312806476906e-03,3.230014742464383504e-05,1.475221583492109315e-03,1.292702434620938696e-04,3.745547329939841186e-05,1.610456735521261862e-03,1.019841563825712527e-03,3.848332076972131241e-03,1.991587289449460235e-04,6.633821616923820438e-04,4.454781278336719446e-04,2.397531104449039750e-03,7.879757763753435749e-04,2.999028725835550563e-05
9.714796568147090472e-01,1.492080908542266606e-04,9.654403740548636072e-04,1.160033529991188290e-03,1.124325142219026452e-04,5.885428036315436392e-04,7.251862498364983374e-04,4.331073268766126496e-04,1.153742243754268858e-03,1.314251678619160653e-03,4.655823945154190062e-04,7.871031955001060558e-04,4.902312219686092809e-05,7.207242297820706019e-04,1.490444733754482144e-03,1.624221752733003878e-03,1.778786912758596273e-04,1.901371115985460501e-04,2.434944148362912317e-03,2.118313986267611015e-04,1.439968596598231666e-04,2.036367042352518059e-04,1.403406855316796013e-04,7.315898562730998613e-05,5.176122138522397127e-04,5.916172208169876443e-04,4.726737359629007082e-04,7.620367297921539071e-04,4.696529684802276368e-04,4.663087544095085180e-04
3.931034722040630536e-01,5.370300081629030518e-04,2.083805190999868525e-05,1.354323478728718718e-03,3.727541164902177973e-05,6.595803483188154110e-04,7.588310744771442455e-04,6.246824210656879523e-04,5.349064133895232737e-05,5.573045803853429779e-04,4.530445704644141995e-04,1.782574096508093495e-03,7.044188886267742193e-04,4.684816296257613560e-03,2.232427704993957245e-03,2.463053556376973777e-03,1.807490876662029350e-03,8.910639254842788294e-05,1.866607356510852469e-03,1.039653348885643603e-04,5.939817106394420848e-05,4.600938238278018356e-04,2.683862598560254930e-05,2.353734171551522024e-05,5.987307479008711257e-04,6.268114856742068109e-04,4.450147435523910773e-04,2.384128988331917290e-03,7.486262703846167802e-04,1.111978621130011585e-03
5.762414371708441951e-01,5.454212438399032737e-04,1.820679037675251768e-04,1.200632536476219656e-03,4.776909236278394826e-05,6.374240511524988367e-04,7.605862023389387341e-04,5.819655426152938859e-04,4.639386045385722126e-05,1.239095347894783247e-03,3.702037057561300163e-04,8.273100033824982123e-04,5.402827342820687982e-05,1.235705534472219657e-03,9.106396165341291765e-04,8.237339466647475641e-04,3.115414642625587670e-04,4.934128364429393645e-04,1.476257960589253890e-03,4.618103543297588643e-05,2.068747736459057866e-04,4.035645996315449118e-04,6.605987355177373528e-05,6.475443124694392179e-04,6.085850365651113191e-04,6.266874795234768196e-04,3.530393288559631644e-04,2.321749418625586141e-03,7.388736308009427557e-04,1.458753437998825059e-04
9.885365499564267022e-01,4.258735767080656411e-05,2.937032151154195941e-04,1.206015967309395512e-03,2.603579129944475824e-04,1.485296039774186214e-03,5.930914485303412495e-04,3.117622725645020432e-04,1.536480008621467696e-04,1.278345990541364385e-03,1.548857239955684988e-04,1.688257241008879602e-03,5.490664252537776849e-04,1.167717070677636677e-03,9.268313868385144854e-04,8.361385907277495361e-04,5.530560659798114701e-04,4.932674953309251807e-04,1.411074893968823673e-03,9.795615404524581993e-05,2.464968820811401376e-04,6.043738373130535906e-04,6.569725567230117911e-05,2.455605167091358735e-05,3.685193438665996775e-05,1.221204754917711716e-03,4.445362108708528844e-04,2.386567421340496809e-03,7.897382607223363054e-04,1.075502925060369550e-03
7.399222060290858716e-01,4.005094743253801229e-03,4.486602660294977674e-03,1.114789236891265646e-03,4.796402059292004586e-05,1.610049848127859291e-03,6.411069676869144427e-04,2.354403759078078202e-04,1.173506239859625376e-03,4.994550962638789372e-03,5.592348665699181784e-04,1.698607962973586920e-03,7.802668312731403290e-04,1.188444320181609613e-03,1.776264836520250693e-03,8.882254237878303227e-04,5.763678577910604514e-04,4.948474160132399977e-04,2.485824460764451960e-03,9.879582343666021239e-05,1.394061572559957820e-04,4.514186625907116611e-04,1.735700542294511231e-04,1.379721286952719547e-04,7.621789760619277539e-04,4.610030637588663494e-03,4.993417230696795862e-04,7.306364873336097755e-04,6.885387902741985523e-04,5.597228216337019578e-05
4.857830947804323563e-01,5.573328945272234408e-03,5.875819130036352570e-05,1.172454084130825861e-03,2.543545339960099922e-04,1.654542284325607711e-03,6.203202046201235220e-04,2.930985592749292025e-04,1.482525775917787995e-02,2.128690954564305994e-04,6.319358887273119306e-04,8.152580538246271755e-04,2.440337222438029689e-03,1.466755722127495963e-03,1.688349627114382138e-03,4.930801154288792527e-04,3.257809284389713567e-03,5.099563193861110857e-04,1.425092920309370577e-03,1.058942525427320196e-04,1.341600365878304246e-04,3.425546718716264362e-04,1.106416523110308149e-03,7.387827836777873794e-05,3.278182205692728186e-04,1.368191708474281350e-03,6.055507150832834407e-04,2.756450482984839755e-03,2.937933721329621245e-04,4.423516545493746152e-04
6.843594972013699040e-01,2.481405635197295699e-04,3.420458640083480712e-04,1.360324731645511532e-03,2.460852167682788904e-04,1.396128282730575232e-03,6.187880148284044535e-04,6.041084900203691271e-04,1.178025008514795935e-03,4.532088265287672127e-03,2.072673705537097523e-04,3.102033222787718529e-03,4.251857441434621875e-03,1.965078532844507109e-03,6.699765713338820842e-04,5.945963350940696498e-04,9.887540616079415674e-05,5.068946451045588854e-04,1.359840322563438814e-03,2.593035900430255142e-04,2.139452459205899888e-04,1.537195436986811201e-03,8.707947920930245644e-04,1.941803732993093660e-04,4.300485907968823224e-04,9.077124303137622426e-04,4.553522770881249736e-04,2.342093732432018634e-03,3.764237574407507158e-04,2.216944586028928661e-04
8.878543696804308549e-01,2.104608592494913808e-03,1.340650030076909801e-03,1.379362526066914502e-03,1.044354970677374467e-04,5.690931434722024422e-04,6.575442253154350700e-04,5.377795519270842789e-04,7.814688890564016385e-04,1.318236166786568471e-03,9.578354217585781285e-04,7.949222262305542450e-04,1.056571298280316318e-03,6.010726713524534685e-04,1.601062051790561741e-03,5.109629360979325505e-03,4.306639997711307578e-04,9.908166891655671650e-05,1.261243554525270320e-03,1.941200043982752466e-04,7.904152148187630796e-05,3.955056936899435291e-04,4.051949276663983934e-05,2.081130085844778868e-04,2.782800762908083591e-04,4.595753029423201019e-03,3.732320354319849085e-04,6.392929076132686846e-04,7.565824575147388773e-04,2.419674136893713834e-04
6.552763584599781144e-01,4.010113358682563731e-03,9.886954482609447946e-04,1.162428975722742041e-03,1.124325142219026452e-04,5.972214087798236775e-04,7.252969618526571493e-04,4.580560233993944894e-04,1.146601021887675396e-03,1.228586520856877855e-03,4.655823945154190062e-04,7.973108851778780122e-04,7.121776582054905810e-05,7.207242297820706019e-04,1.490444733754482144e-03,1.624221752733003878e-03,4.668953766600719420e-04,1.770956619006809911e-05,2.434944148362912317e-03,1.829136636242108022e-04,1.404831851024192625e-04,1.510952114370212387e-03,1.146456522401464117e-04,6.037139352250256349e-05,5.254907507035194063e-04,2.204097318298934433e-02,4.446398526615149443e-04,6.985429043069765450e-04,7.059603935046564280e-04,5.390233077560451142e-05
9.077004647965770667e-01,3.302242855133718114e-03,1.670927401778426341e-04,1.150557191740193353e-03,3.231771227589152421e-04,1.469782628634281989e-03,6.247934858941801492e-04,4.226434989126386858e-04,6.657190225512637539e-05,1.395325463475361816e-03,1.771405032392508365e-04,1.825132889711281788e-03,4.001055090454671203e-04,1.904474772255104016e-03,4.336859499916344632e-04,1.817061412201075813e-03,1.800647018402479899e-04,1.201471675369374754e-05,1.440024313438797304e-03,5.084293808104789827e-05,1.419275204080785806e-04,2.271184534052001066e-04,1.356338570039414661e-04,6.336789631248379530e-04,4.519025245302524008e-06,2.487508458415259457e-04,1.572054326953574704e-03,2.280466338647033249e-03,7.990783897050123420e-04,1.272032105073407204e-04
7.537966617234086453e-01,3.764087806174399101e-03,1.907950116482185279e-04,1.117793522462195424e-03,1.939071355686038947e-04,1.619476025938386757e-03,5.930914485303412495e-04,3.117622725645020432e-04,1.641803891694019351e-04,4.995018443445766593e-03,5.440084484634087831e-04,8.578530758686286548e-04,5.399795038658120310e-04,1.850419765005367929e-03,7.920974567950841419e-04,8.881098942851261939e-04,5.758579329548334366e-04,4.932674953309251807e-04,1.426502910175103753e-03,1.040219282945775719e-04,2.464968820811401376e-04,4.038622412587023099e-04,2.679643321132861838e-06,1.368069109499844491e-04,3.685193438665996775e-05,1.221204754917711716e-03,4.445437541477392004e-04,2.384054467908676249e-03,7.965441095681548376e-04,1.087057284834192688e-03
5.204553000944094343e-01,2.604248400606047230e-04,3.009686243926184288e-05,1.345146146027669746e-03,1.848371375292609075e-04,4.723043943655417382e-04,5.923594830286312918e-04,3.630391750608409369e-04,3.348141919448429510e-04,1.492503126495978031e-04,3.728942556919579310e-03,1.224162872458490862e-03,3.881903935834450647e-03,7.002542559564923098e-04,7.538726252917873644e-04,5.071462135833197660e-03,3.481575755388973369e-04,3.651226133624228690e-04,2.236442961393454373e-03,9.820157341177311865e-05,4.745060315994423960e-05,1.653614728035639886e-03,3.896775846745514525e-04,7.707288853876485975e-06,2.173963155875439620e-04,1.855884082240408847e-03,6.385989674364282633e-04,7.896387842421147751e-04,4.232736086193998300e-04,2.668101018015701459e-05
6.458251716554157529e-01,1.495490956859854949e-03,1.518363952436610270e-03,1.133985186049046292e-03,7.755994829131385940e-04,1.342975089000512413e-03,1.393247988359978297e-03,1.707123855295485538e-03,6.955229231046564206e-05,6.477487101584829829e-04,9.332607017171462961e-04,1.760014242242557893e-03,1.057188363348984935e-03,1.862735729901220539e-03,7.628846336579927449e-04,2.739505956867586620e-03,8.806432810302671638e-04,1.997832007692361780e-04,2.456849196939726344e-03,1.906954093324969102e-04,3.262969958833478006e-03,3.583672863690186196e-04,2.380444832913888691e-05,2.171224414620816928e-04,6.123442777887244410e-04,4.773017252244701747e-03,4.973429387047188918e-04,6.776385394953273649e-04,1.173398372418662291e-03,1.347554029461303779e-03
8.849506122263985919e-01,1.937908231391564234e-03,1.172848724048602530e-03,1.170623948430348123e-03,7.532909974081180042e-04,1.440348053591671614e-03,8.490499031057828060e-04,5.551847343143797176e-04,5.351274322424139952e-05,5.046351378299349447e-03,4.995163757126608317e-04,1.682089127973598192e-03,3.359612095635150508e-03,1.974079329554234707e-03,6.971930187384589497e-04,1.056202036057906236e-03,1.094291512481225049e-04,5.114912667156848967e-04,1.451871898766157612e-03,1.016593920745097369e-04,6.565912378839412668e-04,1.565585394007608421e-03,2.302935788619727179e-04,3.609061604594282323e-05,6.271585984623708615e-04,2.786629230398805822e-04,4.806641011754181998e-04,1.994408490346251048e-03,2.902854067605977416e-04,4.555592826620444530e-04
4.508596791866110176e-01,5.573328945272234408e-03,5.875819130036352570e-05,1.101908867497759358e-03,2.347921118880950595e-04,1.654542284325607711e-03,6.078077869381644021e-04,3.862574364133842565e-04,1.613570844312985618e-04,1.660099804093703897e-04,6.335379381561465073e-04,7.924598904020189582e-04,7.774839863985630187e-04,1.181849255980420895e-03,1.686442327517063836e-03,4.930801154288792527e-04,3.257809284389713567e-03,5.099563193861110857e-04,1.447203383123946401e-03,9.887054661442243363e-05,4.952236161909538372e-05,3.324269914441977682e-04,1.106416523110308149e-03,1.306815153193913301e-04,3.079603462660494969e-05,1.350804191073753111e-03,3.901043622891051327e-04,2.756450482984839755e-03,2.987336310624384445e-04,4.296268683769859965e-04
7.473597566232315081e-01,3.687507755748061378e-04,4.095188828043366228e-04,1.362110593656440773e-03,2.284610791550123314e-05,1.481252835382611786e-03,5.293879852129004977e-04,5.904826582391842172e-04,8.040187156645189513e-05,1.507697297684354931e-04,4.083627033797859740e-03,9.497051506124939545e-04,4.136122376232158598e-04,1.237437750338409980e-03,9.418655855750488002e-04,2.543243203727785662e-03,3.268118254218608382e-03,3.230014742464383504e-05,1.475221583492109315e-03,1.292702434620938696e-04,3.719851831329765537e-05,1.598127075133946341e-03,1.019841563825712527e-03,3.848332076972131241e-03,1.991587289449460235e-04,6.633821616923820438e-04,4.454781278336719446e-04,2.509146311323146375e-03,5.355343860777819938e-04,1.592792398157050725e-04
3.764679047630552500e-01,2.971770459103416405e-04,7.523807098933833109e-04,1.163736002291516003e-03,3.633453044316286537e-05,1.490311661316351529e-03,6.928449223274901758e-04,4.192511139560524272e-04,9.881307617431724869e-04,1.110052793737939270e-04,9.290791407533760494e-04,1.780333842636032393e-03,6.982924550037517865e-04,1.162315570587226909e-03,9.298598705400503133e-04,2.567019822743737533e-03,1.312798536992573241e-04,4.951847857351349093e-04,1.250507336387721158e-03,1.189234889169503819e-04,3.745208138546201563e-05,5.253538508500202320e-03,3.540035784409083773e-04,7.586341480716059013e-06,6.185147385337376588e-04,6.321309831718366487e-04,5.039908409451919046e-04,2.317954824918280927e-04,7.927030778176161370e-04,2.980518604182597758e-05
6.832253228394506994e-01,2.099870517861282277e-03,2.393662834459769906e-03,1.203309032443620119e-03,3.829885500574183011e-05,1.445751793269025448e-03,6.775236509795842278e-04,4.222355456687251285e-04,1.170959456648994288e-03,4.573817943765768647e-05,1.718529897885964688e-04,8.738208588414599510e-04,2.534153932842548793e-03,1.210474161335527848e-03,1.659999431973691953e-03,3.323981547197280267e-03,5.519730834659163435e-04,4.255416195605752445e-04,7.978700754694225978e-04,2.001891236169928124e-04,6.025748984735709683e-05,1.574734460270201886e-03,1.512955466602810824e-04,2.042504988156575120e-04,2.585268467918103077e-04,3.114288352504075187e-03,4.433066708236007973e-04,7.619571335185102226e-04,5.437983188587069755e-04,2.182923610744398005e-04
9.248724091952287285e-01,3.703981982097097943e-04,1.687224754951005545e-03,1.151100307426496973e-03,4.475659302442764947e-05,1.479390487058612541e-03,6.097958796482113664e-04,4.226079365645525566e-04,1.174964448180356455e-03,3.206966287563447343e-03,2.174954824345686974e-04,1.780333842636032393e-03,8.660970677467623273e-04,1.160023118795244952e-03,8.919265472411782875e-04,2.566988344575436409e-03,1.026963148780994997e-04,4.947913386715991875e-04,2.298384698742323221e-03,9.646706246890365474e-04,5.686649317934287134e-05,1.573044886220120731e-03,1.148276732149845032e-03,7.634329356501847629e-06,9.628399912291906891e-04,5.865729817327881021e-04,5.049041008011140134e-04,3.008204098789218559e-04,7.484618796579564637e-04,2.189556565908360429e-04
5.071009406253965679e-01,2.604248400606047230e-04,2.609602657756190372e-05,1.342477661929636443e-03,6.990808291023494739e-05,1.960527012935977100e-04,1.645600590399201796e-04,3.630391750608409369e-04,3.283264255215294033e-04,1.390570245841488486e-03,1.044699426215449714e-03,1.224162872458490862e-03,4.157552410074484475e-04,7.019875394839061693e-04,7.538726252917873644e-04,7.944207169533067277e-04,1.018833157052162150e-04,4.509629446647639038e-04,1.877928595935826356e-03,9.964941312439551337e-05,4.753024202109159060e-05,1.643253316084529111e-03,3.180665035186536790e-04,3.804630046369361998e-05,7.747244226386942965e-04,6.393083110197404512e-04,4.475600157583209220e-04,7.896387842421147751e-04,4.232736086193998300e-04,2.406228186522519870e-05
5.553683249425658275e-01,1.418474069622241863e-03,3.063063598403705721e-05,1.131973563746768545e-03,3.255305266021089330e-05,1.947095088025878665e-04,5.923594830286312918e-04,3.647228543952524054e-04,3.283264255215294033e-04,1.390570245841488486e-03,3.634510754048852956e-03,1.539701186337348853e-03,4.157552410074484475e-04,6.918248809181057769e-04,7.538726252917873644e-04,2.337442713806076218e-03,4.604314464058264448e-04,4.509629446647639038e-04,1.875367778187004382e-03,1.982392464810643835e-04,4.753024202109159060e-05,1.643253316084529111e-03,3.656892064459876801e-04,3.952225872233921231e-05,6.093470270680595912e-04,4.244249855966299861e-04,4.475600157583209220e-04,7.896387842421147751e-04,4.125529814079285061e-04,2.668101018015701459e-05
8.959378976972873776e-01,1.937908231391564234e-03,7.558643478026744363e-05,1.163674330855363898e-03,7.554076201876259045e-04,1.465620449758446792e-03,5.974181545200319202e-04,5.462626617693040103e-04,1.130739613151537318e-03,5.046351378299349447e-03,4.995163757126608317e-04,7.912248576001015962e-04,1.284936816908232790e-02,1.974079329554234707e-03,1.474240084961240442e-03,1.056202036057906236e-03,1.806201678403192897e-03,5.114912667156848967e-04,1.444148159877150497e-03,9.273754627648036672e-05,7.355873385926131516e-04,1.836251347280730764e-05,4.118834991742419127e-06,3.533692086446062826e-06,6.271585984623708615e-04,2.869256393998808555e-04,4.453435825625910033e-04,7.841920520273073375e-04,2.902854067605977416e-04,9.798461767150498571e-04
5.552125168208513761e-01,2.142152926070871929e-03,3.112695544565935706e-05,1.203309032443620119e-03,2.493103586677851793e-04,1.481040234196023776e-03,4.626281098838423440e-05,9.591745878090773749e-05,8.718060080352664162e-05,3.476606189537018166e-03,7.790212917223210713e-04,1.656980504195843234e-03,7.865887439433674787e-04,1.167863462415951337e-03,1.645405683314752395e-03,3.452725655780679564e-03,5.803792634701567237e-04,4.123066873148748608e-05,7.817202944872526883e-04,2.000415046254659841e-04,2.063542582358762149e-04,3.969412136346177475e-04,6.592760234473951024e-05,5.510877721703194565e-05,3.218527864061633548e-05,1.218856242155561594e-03,4.441313418332900340e-04,2.773020971556754491e-03,7.418268407380747623e-04,2.493113773291425936e-04
7.730909383377015942e-01,3.786995014776928410e-03,3.905612338006599201e-04,1.372451241749448160e-03,6.377225838361311508e-05,1.206603302330517494e-03,6.254730344232303047e-04,7.460834247920550798e-04,1.190865802833955935e-03,8.148524246952065439e-05,4.250568512439941750e-04,9.143628904939940256e-04,7.017675038051623612e-04,1.154099909870174006e-03,8.704939220143878683e-04,2.553750000722496312e-03,2.130970890391638284e-04,4.219990455646491093e-04,1.393894697295091798e-03,3.756933977912411049e-04,2.464352471646042483e-04,1.578687374080797647e-03,1.354306066584036569e-04,1.906211707099236580e-04,3.586403567730017889e-06,6.348524445564782039e-04,5.727775568764579325e-04,7.482056489922009595e-04,7.930232082168040550e-04,1.416014664410790002e-04
6.960781667943879425e-01,1.492080908542266606e-04,1.006092716219460356e-03,1.355221091686286804e-03,2.482893908512944794e-04,6.302576470251536767e-04,7.302446298153535261e-04,4.331073268766126496e-04,1.129656985960410471e-03,1.219559314864923898e-03,4.662477754730707776e-04,7.550107445592941797e-04,8.601213355607893740e-04,1.154943824872030561e-03,8.831515712830094933e-04,1.629590752902976281e-03,4.693358143798626774e-04,1.901371115985460501e-04,2.434944148362912317e-03,1.945648977823054369e-04,1.404831851024192625e-04,2.385955472734070139e-04,3.290254013778489144e-04,7.605031629422353808e-06,5.178270163716206399e-04,8.968756978479290685e-04,4.726737359629007082e-04,7.619846478540984397e-04,9.058289565697346789e-04,4.884313219399176497e-04
2.404983269695556980e-01,1.924837115562333780e-03,2.423499139025825540e-03,1.151669106038624409e-03,1.891943563286993806e-04,1.901410190143926074e-04,6.543885641151322074e-04,1.798747515034089441e-03,6.890025076840343259e-05,3.509342200151988663e-03,7.626255728458016751e-04,7.781146541993830311e-04,7.037726628824687207e-04,1.982928673621814700e-03,7.224100731904697882e-04,2.865110688799892696e-03,5.637122228644383427e-04,4.352675963675456568e-04,7.978700754694225978e-04,1.969621689851095586e-04,3.144594865463223778e-03,3.916981723670962933e-04,4.981499989578264836e-05,1.988772004803379245e-04,1.833827371256372221e-04,3.101487996936254030e-03,4.461626878759987849e-04,6.824520431230764574e-04,7.398274101052830422e-04,3.386274078194926110e-03
7.169082078988460172e-01,3.412431880115378421e-04,8.728722835906312441e-05,8.490893755575788793e-03,4.842861593219399230e-05,1.426221035377977760e-03,6.480914385256076986e-04,3.122019716602804080e-04,1.136270840302435262e-04,1.079563074552236527e-03,2.286254819225352203e-03,7.865921946372389636e-04,1.103220848110618652e-03,6.956934587183534989e-04,7.732377346537502383e-04,8.344613214351852097e-04,4.455747530209364722e-04,6.322913928522567420e-05,1.403259033091965599e-03,9.824747457204103076e-05,5.147587371761808231e-05,1.635363299358895666e-03,5.606295190883811000e-05,3.494230125189158815e-06,7.621789760619277539e-04,2.236982941650089598e-05,4.491900985150589854e-04,7.440975852941050534e-04,7.505131546209825371e-04,1.486606584953115585e-03
5.226738580361309783e-01,3.037928428800400638e-04,1.902083313853129409e-04,1.353031505891834265e-03,3.996424687370939458e-05,4.521402120117028623e-04,5.277591912180704982e-04,7.379852969813387479e-04,3.480908348022971775e-04,1.378095053944229046e-03,2.533093220854307649e-04,1.218365619858082947e-03,7.475496474279379969e-04,1.124400226296454891e-03,7.603646419445948389e-04,7.164519569217019275e-04,4.853724048598719032e-03,1.943113509291402021e-04,1.441055749304098917e-03,1.039945606925336694e-04,4.735937681992955341e-05,6.437982370972902650e-04,5.968113364057684919e-05,1.945663352499885437e-04,2.152102462976365500e-04,6.869006423376801699e-04,6.389386384562573996e-04,7.038025474008390752e-04,5.929295247762037674e-03,1.528156069923000573e-04
8.653044185741783911e-01,3.838845218633644193e-03,1.820679037675251768e-04,1.109927935273206457e-03,2.673379037179982542e-04,1.123800361729679082e-03,3.526125043130821034e-04,5.720481744074350228e-04,1.437838533975785448e-04,3.314498109366245584e-03,4.540674504089775858e-04,8.273100033824982123e-04,5.402827342820687982e-05,1.227886213212065923e-03,2.231061116578602135e-03,2.868145154678405397e-03,2.988992618991183716e-04,4.751850734585464134e-04,1.476257960589253890e-03,4.965122032603073814e-05,1.425143929241191019e-04,4.033632680931569479e-04,3.463053132813628593e-05,6.475443124694392179e-04,6.116921390398676701e-04,6.266874795234768196e-04,4.345396467172401526e-04,2.327677367039767721e-03,7.383671623353709216e-04,1.535387835625535383e-04
9.488215181664795272e-01,3.693244972484383644e-04,1.616653900837109782e-03,1.156912149254172998e-03,3.608136485365139642e-05,1.490612814496631699e-03,5.280084460427148657e-04,3.138623578732519588e-04,1.179861943861369418e-03,1.040661893869523989e-04,4.502682193793385132e-04,1.808199315777964458e-03,8.700739076315061561e-04,1.159884867740655721e-03,9.316741377040032137e-04,2.566988344575436409e-03,1.026963148780994997e-04,4.950977629512297610e-04,2.281151573231430564e-03,7.635561893006584605e-05,5.685584989272264242e-05,1.573044479311368161e-03,8.698130608977393133e-04,7.586341480716059013e-06,2.235262783559628869e-04,9.332839510348767478e-04,5.048796442410487077e-04,3.423583456626238131e-04,5.435179818954733290e-04,4.286409802474959018e-04
9.265617108890454867e-01,3.693244972484383644e-04,3.720108499766965407e-04,1.162073263323136962e-03,3.608136485365139642e-05,1.495866643592740942e-03,5.280084460427148657e-04,4.223730782119796204e-04,1.470502803721820918e-04,6.747941370720429970e-05,3.936965457542254687e-04,1.698385787951453389e-03,8.660970677467623273e-04,1.363032035788293251e-03,9.316741377040032137e-04,1.009209607039608094e-03,1.026963148780994997e-04,4.929568367047675514e-04,2.281151573231430564e-03,9.646706246890365474e-04,5.565574392853423456e-05,1.573044479311368161e-03,1.179869163003991004e-03,7.586341480716059013e-06,2.221221286290065333e-04,9.332839510348767478e-04,4.411272393106595389e-04,3.371525915793566414e-04,5.435179818954733290e-04,4.279363931326291156e-04
5.806074111842580709e-01,5.454869184388296292e-04,1.820679037675251768e-04,1.351089498512217596e-03,4.807710511794660829e-05,6.374240511524988367e-04,7.605862023389387341e-04,5.819655426152938859e-04,4.639386045385722126e-05,1.233675184053989113e-03,3.702037057561300163e-04,8.273100033824982123e-04,7.036788406071896578e-04,1.235705534472219657e-03,9.106396165341291765e-04,8.237339466647475641e-04,3.115414642625587670e-04,5.015145748528997615e-04,1.476257960589253890e-03,4.711124333225486177e-05,2.068747736459057866e-04,4.035645996315449118e-04,6.356826382856729492e-05,6.381351841622329504e-04,6.084789662348614060e-04,6.266874795234768196e-04,3.530393288559631644e-04,2.321749418625586141e-03,7.485666128244056845e-04,1.543179371757968802e-04
7.178860406623919221e-01,5.454212438399032737e-04,1.826140721570324076e-04,1.200745132561753699e-03,4.776909236278394826e-05,6.374240511524988367e-04,8.418660356539018480e-04,5.819655426152938859e-04,4.310067335483952169e-05,1.239095347894783247e-03,2.363784052721429069e-03,8.273100033824982123e-04,1.273547327414546303e-03,1.235705534472219657e-03,9.106396165341291765e-04,5.852575655958715782e-03,3.115414642625587670e-04,4.934128364429393645e-04,1.476257960589253890e-03,4.576423660699585464e-05,2.068747736459057866e-04,4.035645996315449118e-04,9.259543565827676450e-05,6.475443124694392179e-04,6.085850365651113191e-04,6.266874795234768196e-04,3.530393288559631644e-04,7.042731721672911092e-04,7.388736308009427557e-04,1.479411667977757446e-04
8.241874516788111338e-01,1.345641725808145641e-03,1.902083313853129409e-04,1.353031505891834265e-03,5.033196998819656522e-05,1.608962434214063816e-03,5.277591912180704982e-04,7.320944852143263740e-04,1.581685555963982959e-05,5.633804563998667282e-04,2.643611128389695714e-04,9.479146939139933281e-04,7.475496474279379969e-04,1.125772394007267278e-03,7.606087189362695320e-04,8.542004437358794756e-04,4.067444439182373549e-04,1.943113509291402021e-04,1.623332922009754035e-03,8.869785647157636709e-05,4.148622522392767881e-05,6.437982370972902650e-04,5.953341035951120378e-05,1.942855360554165685e-04,5.938676142780259992e-04,6.869006423376801699e-04,5.091651611323349137e-04,6.983291707415255475e-04,1.305946806436618975e-03,1.059606460868956325e-03
3.212384739596764738e-01,3.361034626811239788e-03,1.640768151680935955e-04,1.202225306278587253e-03,7.198487538403530251e-04,4.696130647941406657e-04,6.461704044974500225e-04,3.178090083204976714e-04,1.005764984371598910e-03,1.277877762630439448e-03,1.777745944165688187e-04,8.822139437708880101e-04,5.243823546311520215e-04,1.320682343968475553e-03,9.079062516958599999e-04,8.859593132182014491e-04,4.902910849282723915e-03,4.936579922019895079e-04,3.008225842820114702e-03,1.000948917725279544e-04,1.458349314110163070e-04,4.726092544454806098e-04,6.589929148301161023e-05,1.877784359970544493e-06,7.621789760619277539e-04,9.422598036800278881e-05,5.907490137312416262e-04,7.294838451921695699e-04,2.161341973846349265e-03,1.670129576022025774e-04
5.683381576254289413e-01,5.319333668155497817e-04,1.820679037675251768e-04,1.346415249392277341e-03,4.776909236278394826e-05,6.374240511524988367e-04,7.605862023389387341e-04,5.819655426152938859e-04,3.141235055543093948e-05,1.239095347894783247e-03,3.702037057561300163e-04,8.273100033824982123e-04,5.402827342820687982e-05,1.235660010921354069e-03,9.106396165341291765e-04,7.028919960651571971e-04,3.115414642625587670e-04,4.934128364429393645e-04,1.476257960589253890e-03,4.618103543297588643e-05,2.068747736459057866e-04,4.035645996315449118e-04,3.472182703421531724e-05,6.475443124694392179e-04,6.085850365651113191e-04,6.266874795234768196e-04,3.998873652990766071e-04,2.321749418625586141e-03,1.007898544945091132e-04,1.458753437998825059e-04
8.047670878104546954e-01,2.099870517861282277e-03,1.781602391331635902e-04,1.203309032443620119e-03,2.492155456239247358e-04,1.477274001699771825e-03,4.536855461255277257e-05,1.712490479287541618e-03,8.815118567437742018e-05,1.181926173527436154e-03,4.629751106104521311e-04,8.521691432401187196e-04,7.868035074708997021e-04,1.167863462415951337e-03,1.650545968861309764e-03,3.450349982153468054e-03,3.015730470091570591e-04,4.070312200969616249e-05,7.817202944872526883e-04,2.018453643086403596e-04,2.068823031932525433e-04,4.031984091991081486e-04,1.512955466602810824e-04,6.198941283983461659e-04,2.722461646480385522e-05,1.307410113096900070e-03,4.441313418332900340e-04,2.773020971556754491e-03,7.418268407380747623e-04,2.482794503858267365e-04
2.334927337787675306e-01,1.494610440811522650e-03,1.778613737637658922e-04,1.158748563097623460e-03,5.055329374692176761e-05,5.700885904815689758e-04,6.183303985318418022e-04,3.024552814284843343e-04,7.898752536725855370e-04,4.931777023515238403e-03,2.664004944821475162e-03,7.846452647966959022e-04,1.118871132213776400e-03,1.197206649018121068e-03,1.592092990411749821e-03,2.572181393089884634e-03,6.556537239160308179e-04,4.802960791430323077e-05,1.261243554525270320e-03,9.381774769682428149e-05,1.983841097018290180e-04,1.678024839632542495e-03,1.136229860266368442e-03,5.808025648034609588e-05,7.990374249456563003e-04,4.556197239956480578e-03,1.627968667696044107e-03,7.904806955060825029e-04,2.101676113978051194e-03,2.399979735544822425e-04
9.812513442897750071e-01,3.286437306446550119e-04,3.256088740819558665e-04,1.349100878478930871e-03,6.807784631557586656e-05,5.223951327830551015e-04,7.675438809121596035e-05,5.673768748208212224e-04,1.393964744943569103e-04,1.168668737675053731e-03,3.660629358779482131e-03,1.698818261051241330e-03,7.807596536627662859e-04,1.364216791340930194e-03,9.035486136195700893e-04,1.681147156077988231e-03,4.730041345902995849e-04,1.777977975178864122e-04,1.454806206220707505e-03,1.938228027941290676e-04,7.594456216398137120e-06,2.176959997866087081e-05,3.319753974689902080e-04,3.661604096314498177e-05,5.335969062010766399e-04,1.329391051966096002e-03,4.447721146901742039e-04,6.053442761381351003e-04,7.915721984373519891e-04,2.658992086748170058e-05
6.753938610040038926e-01,1.404221458105823659e-03,2.075125247674678439e-04,1.157367723481495057e-03,2.048814467687042995e-05,1.491444843276370580e-03,5.694260273855873342e-04,7.373399445182339659e-04,5.335685416091903287e-05,1.291281839820020193e-03,9.676624869385581527e-04,1.537471402740218668e-03,3.328010093276967049e-03,1.135680195459774257e-03,7.618516826130185401e-04,2.352082467770735472e-03,3.964636001048181622e-04,1.943113509291402021e-04,2.310231686984589704e-03,1.899154090906699497e-04,1.392935749102635159e-04,1.515185972283235316e-03,2.329195217137828764e-05,3.808397821050411619e-05,5.997828213678012320e-04,6.746048004054952269e-04,4.464947746861907098e-04,6.983291707415255475e-04,4.178842023039735804e-04,1.360280506521355411e-04
2.035557465742999783e-01,3.614528638247438939e-03,1.016123200732910615e-05,1.386478523107212077e-03,2.292351633495634186e-06,1.324462125101866358e-03,6.365130891995568214e-04,2.180556580334479201e-04,1.182964952793179531e-03,1.272722999289931404e-03,4.480328626588357048e-04,7.214127749238756623e-04,2.590426961830325728e-03,1.187794079612589787e-03,1.124411459762825758e-03,3.364049426619787706e-03,9.687976564232169720e-05,5.677673628759529736e-04,1.204536668228841593e-03,3.249166995703758215e-04,1.267616665947275244e-04,4.408830301897197429e-04,3.761052069744154217e-04,1.845451609486480342e-04,3.501552577968301046e-04,1.431482804491093080e-04,4.454164723771462074e-04,7.711316897381734637e-04,3.839776330975634092e-03,3.463930201655642319e-03
4.720916045312845144e-01,2.638098026695701818e-04,3.393371169755206264e-05,1.344174130474858628e-03,1.900743594325560214e-04,1.514556125107556061e-03,5.923594830286312918e-04,3.630391750608409369e-04,3.283264255215294033e-04,1.391841745645158680e-03,3.745798946616530657e-03,1.224162872458490862e-03,4.157552410074484475e-04,6.952974435558295380e-04,7.538726252917873644e-04,2.779200886854166393e-03,2.224827523198294552e-04,3.208418445555834405e-06,5.619937940562996607e-04,1.870803762661908979e-03,4.753024202109159060e-05,1.635269436487840188e-03,4.264278083971503180e-03,7.707288853876485975e-06,2.173963155875439620e-04,1.876402104914383492e-03,6.385989674364282633e-04,6.259590955702215923e-04,2.212522417853111240e-03,4.294213944645263988e-04
8.215273890748725494e-01,5.573328945272234408e-03,2.849870719086578484e-04,1.346361897249561020e-03,3.712093669988131240e-05,1.337170030627137700e-03,5.280125288829335545e-04,5.055019093974750730e-04,3.040663421149743289e-05,1.084777991344732743e-04,7.610557409357640883e-04,8.190447157418752734e-04,3.940322262481118012e-03,7.870239180480567351e-03,9.312605290727794544e-04,3.317153238871051613e-03,4.522672921148569031e-03,8.836238353101771403e-05,2.235406133790415924e-03,3.748695292376228068e-04,3.745547329939841186e-05,6.544014402390602517e-04,1.272249537481736996e-04,3.300867173376681582e-05,3.553155920854626716e-04,6.633821616923820438e-04,5.112491958397361079e-04,2.397531104449039750e-03,7.371824491039036600e-04,4.637700618184459377e-04
