9.877333745117919950e-01,9.980029987371824562e-01,9.858882443944000373e-01,2.055658941496190661e-01,5.827262542347942942e-01,4.944728071813137005e-01,1.050895363207678401e-01,5.131471790118918852e-01,3.151450213398882538e-01
9.052902387983136068e-01,9.923371837996100009e-01,9.992904924401901923e-01,8.868161510788472590e-01,4.002961330499386627e-01,2.017479575050374341e-01,1.512157867275409906e-02,4.066577491388684296e-01,7.963826035171033269e-01
9.782234653717105655e-01,9.929614000154373121e-01,9.998985692896497079e-01,5.448482956352529438e-03,4.255782665978415924e-01,9.167195661239859739e-01,5.139841725583309540e-01,8.981846369021164733e-01,8.870468321335605033e-01
9.999695642289047059e-01,9.846454619774694939e-01,4.362178705880896956e-01,9.996827947511238710e-01,3.833031552797786512e-01,2.433163203555632759e-03,3.966973825929315245e-01,7.881756301818894084e-01,9.051193436744180421e-01
9.999989669022582017e-01,9.718672959681109447e-01,9.973415626276216361e-01,2.310939962805735881e-04,7.773460676680137293e-01,2.899686042142135545e-03,4.157943644449281773e-01,8.930376254981486905e-01,3.229886341930476856e-01
9.999994602532318311e-01,8.592245629356038972e-01,9.996448769465303696e-01,6.897367568967360807e-04,3.992222620088016205e-01,8.183192354307199379e-01,4.147438498783043714e-01,9.076637143617279913e-01,3.144049853316343013e-01
9.818793823252061070e-01,9.387601857763908653e-01,9.996448769465303696e-01,6.845459240267467299e-03,3.968820605287999848e-01,1.744917850176094243e-01,4.089111403545255818e-01,8.952197280211773300e-01,3.144049853316343013e-01
9.945409752219104282e-01,9.999036229047373325e-01,1.080502355935702985e-02,1.488893162777255030e-02,1.574043310256199868e-01,9.954591161649637421e-01,4.187673466642120590e-01,3.886954183057346190e-01,3.957962804421124581e-01
9.999994602532318311e-01,8.592245629356038972e-01,9.927335800263208387e-01,3.581947682112157161e-05,3.999078238090830739e-01,8.171977451433087847e-01,4.147438498783043714e-01,9.076637143617279913e-01,3.032875472867604394e-01
9.999973092929272944e-01,8.592245629356038972e-01,9.927335800263208387e-01,3.581947682112157161e-05,3.999078238090830739e-01,9.975783180307848941e-01,4.147438498783043714e-01,9.076637143617279913e-01,3.032875472867604394e-01
9.786804762407601554e-01,9.999873003027639484e-01,2.181872509632522966e-02,6.158118940634241256e-03,3.990686941210310201e-01,6.010823990895998170e-01,1.915825768870655088e-01,3.827977152245825021e-01,9.906750048162906719e-01
9.976828638364824142e-01,9.999976927906166768e-01,9.998121843575245027e-01,3.609675116910190384e-01,1.197303829657569152e-01,4.008303532709697747e-01,6.253376696466892426e-01,3.669474625839086457e-01,2.978296004844226963e-01
9.613000168715726268e-01,9.995313970827314209e-01,7.467068987827207849e-01,3.743968908260312811e-01,2.078988611133135156e-01,4.030280898110601973e-01,6.052906423233400668e-01,7.815424158256571996e-01,2.917173359887291761e-01
9.735426842970826833e-01,6.919470015414479480e-01,9.996591217923519457e-01,4.006251668108527508e-01,4.042532352756016412e-01,8.276771582925535053e-01,9.676891934922488003e-02,8.982262240532543629e-01,1.912092245432769344e-01
9.979332444788000522e-01,9.955989222444382447e-01,4.516279737483709922e-01,5.518762276969339797e-05,1.812073520382817549e-01,9.065955361493547304e-01,5.017870092307891161e-01,4.225258806260218103e-01,4.810107790030708208e-01
9.999990897719641669e-01,4.261034107242846571e-08,9.997284838879861857e-01,8.472398047083308514e-04,2.177291112359549807e-01,8.061080051991353912e-03,4.933945083237641915e-01,3.913930856869236585e-01,8.896513279338692515e-01
9.999288915499510155e-01,9.999481157807158516e-01,2.758885403484379051e-02,3.022070524476366815e-02,1.854958266206594431e-01,9.997838473027083062e-01,4.933387457328831660e-01,4.689939590162699456e-01,3.298081463057864759e-01
9.999968689895896157e-01,9.269196940848630772e-01,9.999609177588654196e-01,5.447226025462659216e-03,1.971868280221170389e-01,4.204988470890309027e-01,5.767948237889934937e-01,7.783903188182453858e-01,4.665179590754232608e-01
9.951609597824274678e-01,9.999988724544649488e-01,6.750594112543835124e-01,9.991527665489264853e-01,1.861414551241470372e-01,9.886568801749844315e-01,5.449764681881682504e-01,8.715692403647692377e-01,4.984158630577242288e-01
9.775710117798851462e-01,9.978946130433437034e-01,9.999440619671173813e-01,1.515583360254106615e-01,9.885455571597223656e-02,5.144468332511733522e-01,4.905394305585620285e-01,3.355739067912362761e-01,2.997398616840413754e-01
9.999999974989025597e-01,9.991787836265817457e-01,1.446523189893090811e-01,5.592764998383057407e-01,9.375911094226405118e-02,5.166019672653812123e-01,5.947539909510151102e-01,3.126778312057589271e-01,3.218705429911029592e-01
9.999823418182542945e-01,6.396821620304040338e-11,9.961094789900755142e-01,3.708082744331977153e-04,1.500038262652839682e-01,9.451948180962087553e-01,4.406128044898269258e-01,3.021891080380614825e-01,3.599661016081772691e-01
9.999999661981909815e-01,9.981817250963473942e-01,1.055467190901326902e-03,9.872022938891995558e-01,1.029953398685738153e-01,1.601213398784431530e-01,5.998836563858870319e-01,5.780492517553869058e-01,3.766810602860546364e-01
9.558071036152800959e-01,3.847743266135822956e-10,1.627707144350273210e-05,1.673681971660345713e-08,1.490962637480943154e-01,1.134959335437324413e-01,5.525021991921980069e-01,4.071038830743790582e-01,4.595311829659181613e-01
9.999999974988332818e-01,9.998510772810662584e-01,7.271427092066914399e-01,6.031797586112941367e-04,7.367358533081831695e-02,5.141278952959424942e-01,5.987557708433715042e-01,2.819646760885403114e-01,4.720626252861874761e-01
9.990493423336326284e-01,1.024650912954900589e-10,9.546536917282151258e-01,2.612243978501823660e-01,1.048473383321269492e-01,4.944791905263504761e-01,4.907629255377405908e-01,8.940967970668267650e-01,2.999008481833194129e-01
9.469836767184035553e-01,9.924594103773871634e-01,9.998452046947788885e-01,4.570152049611714284e-02,7.738589313689939186e-02,5.969284848937488341e-01,5.055521290979819726e-01,2.957734111224358808e-01,3.238737910523077357e-01
9.999980046829660685e-01,9.998510772810662584e-01,9.963544354645577084e-01,9.999306103328349238e-01,1.169405852199584539e-01,5.487018892275126181e-01,5.945258118234294509e-01,3.024524627968715462e-01,4.812032037103459170e-01
9.994958901834276599e-01,9.970029907553952242e-01,9.821647739316136105e-01,5.606685071437439438e-05,1.496700806459668187e-01,5.966196424624525818e-01,5.533272412528751349e-01,4.028450983017463627e-01,3.444857851966367512e-01
9.999999863618568297e-01,9.993364983663842738e-01,6.661896219617015058e-01,3.439810960893179004e-03,8.250744361938427973e-03,1.253535582983610897e-01,6.006552254068160401e-01,9.350177547267667366e-01,5.111698288287946923e-01
9.999826790158833356e-01,9.998884293118996958e-01,1.582303710957636278e-01,4.941076406369120794e-02,1.117505334284314839e-01,6.035981067451640092e-01,5.944709705269970446e-01,3.250281884191308368e-01,3.274711814462243908e-01
9.996441328211701505e-01,9.970029907553952242e-01,9.993653262836076356e-01,8.400586420813649369e-04,9.553300680656759414e-02,6.003800359398615560e-01,5.135679390815681700e-01,4.183264006457841910e-01,3.445106513467751652e-01
9.999999977567086695e-01,9.979471535771927693e-01,1.059351246739878571e-04,4.348209907232436500e-02,1.056829101784573233e-01,5.558090263802011322e-01,5.949806139308752018e-01,2.201573920105295845e-01,4.671115885022499858e-01
9.852726709309490571e-01,9.969405538941688016e-01,9.999993860416520608e-01,3.037310387726645591e-04,1.478606996940400597e-01,9.990503403840533814e-01,5.172025280458060204e-01,3.756188966237232751e-01,7.120303621692963825e-01
9.999999994051835817e-01,9.712487740345099319e-01,1.115471022493652598e-04,5.193014617276739409e-03,1.460032147828747850e-01,9.585701214075417753e-02,6.027039612924407486e-01,2.788233363358645911e-01,3.257242176501354836e-01
9.220990242431688078e-01,9.717331684868300012e-01,9.999993860416520608e-01,7.311529845704161854e-04,3.607797871598834027e-01,5.136171017010023876e-01,5.172025280458060204e-01,3.755026336587578006e-01,7.120303621692963825e-01
9.995305252008794827e-01,9.970029907553952242e-01,9.993635504737361508e-01,5.606685071437439438e-05,1.496700806459668187e-01,6.005490785856948399e-01,4.428375968734890034e-01,3.751504226069344305e-01,3.258985797085071634e-01
9.999999999179819410e-01,9.998618376411757547e-01,9.999993860416520608e-01,2.538149616776042006e-02,3.607797871598834027e-01,5.136171017010023876e-01,5.746032650366895700e-01,3.771620973320528036e-01,7.120303621692963825e-01
9.999890370088811986e-01,9.999966339543381322e-01,9.313005272916223820e-01,9.995166343814568810e-01,3.607797871598834027e-01,7.280892449454038351e-01,5.996709493742254926e-01,3.240487460790639207e-01,7.879372816330225682e-01
9.999999994051835817e-01,5.877808000531665848e-03,1.115471022493652598e-04,1.186756216740521286e-02,3.631492245326412016e-01,4.803355306759871102e-01,5.950476958194301780e-01,2.758230196854064009e-01,3.183931273158813191e-01
9.999999999484501245e-01,8.231679463624463899e-04,9.999993860416520608e-01,1.358404777729899093e-02,1.462856765258523373e-01,5.205082717613194188e-01,5.970824829542498158e-01,3.739906336186248903e-01,7.119595189163027138e-01
9.999999999179819410e-01,9.969405538941688016e-01,9.999999989724002170e-01,2.101888911673160942e-02,3.607797871598834027e-01,5.136171017010023876e-01,5.097413441021785285e-01,3.877684839447875786e-01,7.120303621692963825e-01
9.999999999484501245e-01,8.231679463624463899e-04,9.988403068701621201e-01,1.397045450865509394e-03,1.463748666987858549e-01,5.205082717613194188e-01,5.987099830218142182e-01,1.645113410893483674e-01,7.119595189163027138e-01
9.999999999179819410e-01,9.980312562469498827e-01,9.999996001998047168e-01,1.358404777729899093e-02,3.039549408068896175e-01,6.146181330219787631e-01,5.172025280458060204e-01,3.756133424089002082e-01,7.120303621692963825e-01
9.691377084795650410e-01,9.999577071146866780e-01,9.999996001998047168e-01,9.991305517692459226e-01,3.039549408068896175e-01,9.496121002555339974e-01,6.409373548918304575e-01,3.756133424089002082e-01,7.120303621692963825e-01
9.999899537954679563e-01,9.999801190319139721e-01,9.999775439990441495e-01,2.142466110863546630e-04,3.607797871598834027e-01,5.207443364208511616e-01,5.746032650366895700e-01,3.056990223269892004e-01,7.120303621692963825e-01
9.999999994051835817e-01,2.784135522212016767e-03,1.115471022493652598e-04,1.633791585830982607e-01,1.011076860501052832e-01,9.611155163418771963e-02,5.950476958194301780e-01,2.764479001843792583e-01,3.246672451381349411e-01
9.999999999264961303e-01,9.998618376411757547e-01,9.999993860416520608e-01,9.882447049259652783e-01,3.607797871598834027e-01,5.136171017010023876e-01,5.744855735042468936e-01,3.771620973320528036e-01,7.016363388902919773e-01
9.999999807139418051e-01,4.370117977961912592e-04,9.647039841819291528e-01,2.426556642380486503e-02,1.054289264946227656e-01,9.961129905638502757e-01,5.907361828398733916e-01,3.318410805531896157e-01,4.343219440960579547e-01
9.627152343745578600e-01,9.993770824434839994e-01,9.999996459713516028e-01,9.428211913184074700e-01,1.023375417838942592e-01,9.235831922277529804e-01,4.420664459516762679e-01,9.063361612764611053e-01,3.246818434976354584e-01
9.943958072202546683e-01,9.998952608534035225e-01,2.882212323849692726e-01,1.090554304116980733e-02,3.039549408068896175e-01,6.170856413839662657e-01,4.189628393059776634e-01,3.756133424089002082e-01,7.120303621692963825e-01
9.999976121235979454e-01,9.980102929731632377e-01,9.999996001998047168e-01,1.358404777729899093e-02,3.007057315696861632e-01,6.146181330219787631e-01,5.171061833386105810e-01,3.756133424089002082e-01,7.120303621692963825e-01
8.537616267721124252e-01,9.998510772810662584e-01,8.787463335047321911e-01,3.143199077476586945e-04,1.037053600253436403e-01,5.787817959061242190e-01,4.777045667424056896e-01,3.063414840992328969e-01,4.921023779757675021e-01
9.999980690616072643e-01,9.999907708750113144e-01,3.927388680650180097e-01,9.137080213237006726e-04,3.640001422854671209e-01,6.943020743781896931e-01,4.176815272362164322e-01,3.210925502862481129e-01,2.895823955828617513e-01
9.999999276194312392e-01,9.999237282306666641e-01,9.999968923041983038e-01,9.655496075013703106e-03,1.413807094426517419e-01,6.171773785396096335e-01,5.180742610993278596e-01,3.299306023662116338e-01,4.051340423761534693e-01
9.999619724067940751e-01,9.922799954222495389e-01,9.995856604684880686e-01,2.427249797645568141e-01,1.125827546306626264e-01,5.603688731336298190e-01,5.926422514099147776e-01,5.000099934662008971e-01,4.999581040015592115e-01
9.999999999179819410e-01,9.980312562469498827e-01,9.999997945319863968e-01,3.293780397246420799e-02,3.039549408068896175e-01,1.969306671906681794e-01,5.518848703464018790e-01,3.043484018813607528e-01,7.120303621692963825e-01
9.999974728686861214e-01,3.847743266135822956e-10,9.978344335482304261e-01,1.390741809449669471e-02,5.731767201080445462e-02,1.600380454959353105e-01,5.507622781531028577e-01,3.503290254323283559e-01,3.857671742964255412e-01
9.996255442031511951e-01,9.980312562469498827e-01,9.484172521022286029e-01,1.760768614036097371e-04,3.039549408068896175e-01,6.202252951035855943e-01,5.293940233154810215e-01,3.756133424089002082e-01,7.120303621692963825e-01
9.887897615850207433e-01,9.999996387651621799e-01,7.987698291099302184e-01,1.010537503280252714e-01,1.908080316060390969e-01,4.832628681497958545e-01,5.944630984185724776e-01,2.998122076049123952e-01,4.198041343814786219e-01
9.638899262072924135e-01,5.658160781337175926e-01,9.941554362479529949e-01,9.059993507467773988e-01,1.066553321954308298e-01,5.882590267387169947e-01,7.030568070805827130e-01,2.814946930549205861e-01,4.121471989501724331e-01
9.887897615850207433e-01,9.999996387651621799e-01,9.986526882515405212e-01,1.028265460847654356e-01,1.908080316060390969e-01,4.832628681497958545e-01,4.217354886916715451e-01,2.982162208773529999e-01,4.198083520032911409e-01
9.988590666635397408e-01,2.047442764167801427e-10,9.999969734912375063e-01,9.381129761574934500e-01,1.081912353498332008e-01,4.986255769214911204e-01,7.069067315322725698e-01,3.625885059484579287e-03,4.111035184246505381e-01
9.999536060251011937e-01,9.998077454009982601e-01,9.905707875026221743e-01,6.393167577567621107e-02,1.914035679785577870e-01,5.007868021958739035e-01,6.772387467599940702e-01,7.054063842624065384e-01,4.204535061002298013e-01
9.999999717505114738e-01,9.971090282702920193e-01,7.573161707676645538e-01,5.977985416336654284e-03,1.134671195376338315e-01,1.075976427542930935e-01,5.992025896640849059e-01,2.897530328004043199e-01,5.252472709444648835e-01
9.999933768215527596e-01,9.999077516462396842e-01,7.454741258771010459e-01,4.159092353511473217e-03,8.970272089412564820e-02,9.146372441243344475e-01,5.954244923523812627e-01,2.727122505199787161e-01,4.957239346653090628e-01
9.942899522496401188e-01,9.999165457658613088e-01,9.981466732397594743e-01,1.002656744898664659e-03,1.110435802854918691e-01,5.418534628939678521e-01,5.939678214333430351e-01,2.892782931148578096e-01,4.710805576129363792e-01
9.685877254334078756e-01,1.822471393487984124e-11,2.705618600525544670e-06,9.441819165828557736e-01,1.087050436824939237e-01,7.087928111998205161e-01,5.690926096974181503e-01,9.058664551200867887e-01,4.158620242607177775e-01
9.999998622343061472e-01,2.450547573659506702e-10,9.949452040872746039e-01,9.518449897590361974e-01,5.482818127043363049e-02,1.699295099874413295e-01,5.981191973618694702e-01,3.503290254323283559e-01,4.273213067834716328e-01
9.982451890584886911e-01,9.204696166543782088e-01,1.163712633693581022e-06,2.754480955378058038e-03,8.989147007343717410e-02,9.270150204442637598e-01,5.254386712124646808e-01,8.606249371888888833e-01,4.168266639915692573e-01
9.999993372021173110e-01,2.450547573659506702e-10,8.819192952008680919e-01,9.982222687097045410e-01,5.482818127043363049e-02,1.684741333078729753e-01,4.627424613951332533e-01,3.597660797348580242e-01,2.048818146083321023e-01
9.974162671389640300e-01,9.536016697744575943e-01,1.627707144350273210e-05,8.361053860753142608e-05,5.731767201080445462e-02,9.261720832285796901e-01,5.552563579173794839e-01,4.068245093793166900e-01,3.775267552151250205e-01
9.999999997167871024e-01,6.735879005169117528e-01,2.805587430709799435e-07,9.976004309382885404e-01,1.038002643243477185e-01,6.875279047176645619e-01,6.917356685040803033e-01,2.171280640055420763e-01,4.711005163873186463e-01
9.994785753398642836e-01,9.999988653012067408e-01,8.183881182804059184e-01,9.999725531358040209e-01,3.965416353643715919e-01,5.385915825746261376e-01,6.210215613449379113e-01,3.376093032751746881e-01,4.919551323098990125e-01
8.926587669391691238e-01,5.384308850350036924e-01,9.420549328394907107e-01,8.768486317647601336e-01,1.015062028718695525e-01,3.896858405799243363e-01,6.990153554129245883e-01,3.009303507089894358e-01,4.137964749663599062e-01
9.999992018415273520e-01,2.297488668983539074e-11,8.663641901322850503e-01,4.238758150095173205e-02,1.478173176648056864e-01,5.648247940214640161e-01,6.739431927361905217e-01,3.492670237189324789e-01,4.822426452187504875e-01
9.999999999950330842e-01,1.055251705086829306e-02,3.883455594135387656e-03,5.016133691113505710e-02,5.358898919696424012e-02,6.955235478368547719e-01,5.997894129391508899e-01,3.973843881790483645e-01,4.938798106081095374e-01
9.999836891739725120e-01,2.450236906912315095e-10,9.169420915557499052e-01,9.994862056569076003e-01,1.071115260470620195e-01,8.969020675315559910e-01,5.924110709263945562e-01,6.543175076861362793e-03,4.144796947307238799e-01
9.999997397960546097e-01,2.297488668983539074e-11,9.370522383098042196e-01,9.451911248996319737e-01,1.792944077691631388e-02,5.648247940214640161e-01,5.903796226737110242e-01,3.492670237189324789e-01,4.294370545526384753e-01
9.579985145659681844e-01,2.444391948215537921e-10,9.987563697901155058e-01,9.771532906687865339e-01,1.071115260470620195e-01,9.011248320937412792e-01,5.924110709263945562e-01,2.375131406066655071e-03,4.146050303492682110e-01
8.994301660168779744e-01,2.444391948215537921e-10,9.169420915557499052e-01,7.707211797331181558e-01,1.071115260470620195e-01,9.009090447691405767e-01,5.924110709263945562e-01,4.128929231670241951e-03,4.993834674938953944e-01
9.999984302729362229e-01,2.087261225091546472e-11,3.181985147289142501e-01,9.926719928906422297e-01,1.712869728505696798e-01,6.592841340939525896e-01,3.897048025814965344e-01,3.203296781574306862e-01,4.181516559989626458e-01
9.997426853232455057e-01,9.999243506392621050e-01,7.344204634630153716e-01,9.999978048111669571e-01,1.020645368011378618e-01,7.094341014836822445e-01,7.340543522760352158e-01,2.786762825573045332e-01,5.433088087967461455e-01
9.999999999999859002e-01,8.596344812209985031e-01,9.361048111952002815e-01,1.859639430534511945e-02,1.027051623116382317e-01,6.792129082686237940e-01,3.942531725504405671e-01,3.022455687635186017e-01,5.104934698366973000e-01
9.999999999999859002e-01,1.848755751326536245e-03,9.625770807726297118e-01,7.592599020774665197e-04,1.025898301975603499e-01,6.792129082686237940e-01,5.191881335808784526e-01,3.022455687635186017e-01,3.709629961953330168e-01
9.998839669912177319e-01,9.998881794237490794e-01,3.403080756986646138e-01,7.599803088605860957e-03,1.007260168628541612e-02,5.006377206618952691e-01,5.972446719463732068e-01,2.560705924188401705e-01,2.966594081510933734e-01
8.525226542429897858e-01,2.230194423558549836e-11,9.999969734912375063e-01,7.640676627909958052e-01,1.071115260470620195e-01,5.090214177363976411e-01,6.075947028928261329e-01,3.311224454076541757e-01,4.127786366198953893e-01
9.999999999999859002e-01,9.330069948441465089e-01,9.370499113563642846e-01,1.635697516433656101e-02,5.059058075487985473e-01,6.792129082686237940e-01,3.942531725504405671e-01,3.154173265238590651e-01,3.881637372346425363e-01
9.994609144745341123e-01,9.999924060342644250e-01,7.630641026578978137e-01,9.622649379395129543e-01,9.851019301718033638e-02,6.933806858962827668e-01,6.961213105238820420e-01,3.014973945849176440e-01,4.956162894631928051e-01
9.998839669912177319e-01,9.998992300300717506e-01,1.484362476553480192e-03,9.772280908483209627e-01,9.845911032260110107e-03,5.006377206618952691e-01,6.389491885696062523e-01,1.049090593331314381e-01,4.171451653462274756e-01
9.998879240961894288e-01,9.395994654613578634e-01,9.999206000218133772e-01,4.339001827941436212e-05,4.911245753531932601e-01,5.154018367311650195e-01,5.531560590943621625e-01,4.054536873202563285e-01,4.743761125086945474e-01
9.807980591153327987e-01,9.999999868173778950e-01,7.592799476660747615e-01,8.568730402610913455e-03,9.851019301718033638e-02,6.012386023560358783e-01,6.986664414789427457e-01,3.014973945849176440e-01,3.197018228381757199e-01
9.999999981342153621e-01,1.968315267845202610e-04,1.397672295514124086e-02,9.999771926985460135e-01,4.651847223492374533e-02,8.132709513093656639e-01,7.117021159980260192e-01,2.897527579414547194e-01,3.721083130192037181e-01
9.999858282163310852e-01,1.567383322441599222e-11,9.342621834936550851e-01,1.846929808708766899e-02,1.027066807270109738e-01,5.234204981718830751e-01,5.599280331207637795e-01,3.116158276728214216e-01,3.776724269239646881e-01
9.934449347432172672e-01,9.999986101829331231e-01,9.931859200126733622e-01,9.109831320860147796e-01,9.843673881328643405e-02,6.979229128760293666e-01,7.114449363698179818e-01,3.014973945849176440e-01,4.176309274368876223e-01
9.999976114042927744e-01,9.999384980968658576e-01,9.811187498563999076e-01,1.157622396570945345e-02,2.287390682953799326e-02,3.952789185504456126e-01,4.955591345905504541e-01,2.796700765440183756e-01,3.987821389881134326e-01
9.999999839926650980e-01,9.998267084842541452e-01,7.924309476483260006e-02,2.136575103545530763e-02,3.296775133407786607e-01,6.005061173697820998e-01,5.255495124594457002e-01,2.858437426946267568e-01,5.131584851715119688e-01
9.999957691076553079e-01,8.546564063992500015e-01,9.361048111952002815e-01,9.680205061492550556e-01,1.027183752384256687e-01,5.995824833702637635e-01,3.942531725504405671e-01,3.022455687635186017e-01,5.101341588254797443e-01
9.947825709210498246e-01,9.261325604085490770e-01,1.612781263823638263e-05,9.997108842237192317e-01,2.879846868432014984e-02,7.015719035352201427e-01,5.999147063626415477e-01,3.939886186962401893e-01,4.124153528233540644e-01
9.999998818323336813e-01,9.947539544326934324e-01,7.486852322477595134e-01,3.821261831577242238e-06,8.292389401585714692e-02,8.474695696968854719e-01,7.364759222919472492e-01,2.718421101439530418e-01,2.567375030236055400e-01
9.999997989458923042e-01,9.999924385643653713e-01,9.735635459926728075e-01,1.157622396570945345e-02,1.195956067258772404e-01,3.952789185504456126e-01,7.146793923660699210e-01,1.952326219037083810e-01,3.972736107075355294e-01
9.999016186398371753e-01,9.685328945627751374e-01,3.205066368826023360e-01,5.526077918182486538e-06,5.097207196762585379e-01,5.960709436914420900e-01,6.586619458101214963e-01,3.094178428972319539e-01,3.882256906659905527e-01
9.953330603264304299e-01,1.567383322441599222e-11,1.192232749764178361e-05,1.130188932113056297e-03,5.812532560074732402e-01,9.040847292919693690e-01,7.112938444756908840e-01,2.299065227311962167e-01,4.163268250798340397e-01
9.768218448854373293e-01,9.999999729315384167e-01,7.695388970590241184e-01,9.612686872620062051e-01,9.851019301718033638e-02,6.966515876898912163e-01,6.986664414789427457e-01,3.014973945849176440e-01,4.898948341246087690e-01
9.991874417890797000e-01,9.935220306791445743e-01,3.655795377160186987e-01,9.967583174126306567e-01,5.037651837627721285e-01,5.678448204165293944e-01,6.988313294292045619e-01,4.980486582092104042e-01,2.991300734984226883e-01
9.851861815313119886e-01,9.999920010723830632e-01,9.935203121614843980e-01,9.998141193549935357e-01,6.327955538267253377e-03,4.819537661315783650e-01,6.438190126246647882e-01,4.267842473049894281e-01,3.947018491639006643e-01
9.999999823670044918e-01,9.952356080350586165e-01,9.541949980103835438e-01,9.999806131780109020e-01,4.605832094948344446e-01,8.484156897987368273e-01,4.843819831448952229e-01,2.869128745073315501e-01,3.366144081216135286e-01
9.999999999999908962e-01,1.891647896123727079e-03,9.361048111952002815e-01,1.859639430534511945e-02,1.027051623116382317e-01,8.316631074289567715e-01,3.942518316673948031e-01,2.961062612228478885e-01,4.200161604935999660e-01
9.974016495752641154e-01,9.999401379130918865e-01,2.430333085283231664e-03,3.377704691381916424e-02,3.473925839294335072e-01,6.005061173697820998e-01,6.021519348613998401e-01,2.860514331385516362e-01,3.238616505353097974e-01
9.999998818323336813e-01,9.945263443336233022e-01,7.988327995988669938e-01,6.575373383394282276e-06,7.735304917325080964e-02,5.412180006962900025e-01,7.387637111900630105e-01,2.106322553996266000e-01,2.596899941220777719e-01
9.999999324875454842e-01,9.536329344448295497e-01,9.989789298361045899e-01,6.575373383394282276e-06,8.292389401585714692e-02,8.692779236809916599e-01,7.367434822430426467e-01,2.721179698222387366e-01,2.320326096076923139e-01
9.999972613285769141e-01,9.999948689936566382e-01,6.852065561108178215e-04,3.515338259193418260e-04,1.791549356247326696e-01,5.463423282263373260e-01,7.907281931697867083e-01,3.095037002418671301e-01,3.870378771632850268e-01
9.999993943169052102e-01,9.999948689936566382e-01,7.248658935509022516e-01,8.213463897292078153e-08,3.538125977426580526e-01,5.464677337582772854e-01,7.388958191193089053e-01,3.095037002418671301e-01,2.334456292235342900e-01
9.998928764218633081e-01,9.470970363189684660e-01,8.073264399940118796e-01,6.575373383394282276e-06,8.292389401585714692e-02,7.999516235130793573e-01,7.367434822430426467e-01,2.153775288554293232e-01,3.888442816316950990e-01
9.689886522347759268e-01,8.508458314856572891e-01,9.542868093442540278e-01,1.274005170629216588e-02,9.937363940265178663e-02,6.933806858962827668e-01,6.946931700707723589e-01,3.014973945849176440e-01,5.015187486103380721e-01
9.999973843204055246e-01,9.947539544326934324e-01,7.220518159726488916e-01,3.821261831577242238e-06,8.292389401585714692e-02,4.934242938649432419e-01,6.463829736172881368e-01,2.718431370184400953e-01,2.516978538072905391e-01
9.999999225313320750e-01,9.821146061068890543e-01,7.666337450623119665e-01,6.575373383394282276e-06,8.255965721088869003e-02,4.803132075701163073e-01,7.380611299532838787e-01,2.721180462495601526e-01,4.506814235995652562e-01
9.999999997110444738e-01,9.998494635997057234e-01,9.361048111952002815e-01,4.895612358441937297e-03,1.027051623116382317e-01,6.792129082686237940e-01,3.982755326510837302e-01,2.718462252270083535e-01,5.104934698366973000e-01
9.999999823670044918e-01,9.916131133822356780e-01,9.998736396236470592e-01,9.999806131780109020e-01,4.853621787535824517e-01,4.736516378187523024e-01,4.843819831448952229e-01,2.765341633630690743e-01,3.356658162862174444e-01
9.883062697428871557e-01,9.999999729315384167e-01,9.432242628944146334e-01,9.612686872620062051e-01,9.851019301718033638e-02,6.933806858962827668e-01,3.921836049519357714e-01,3.014973945849176440e-01,4.957566920743091132e-01
9.999999994567476680e-01,9.408364401736992733e-01,7.401650133938221243e-01,9.999848580510619644e-01,5.468392157192060454e-02,8.468796932289577306e-01,5.924926271345805073e-01,4.216707437901319744e-01,5.164053385638054383e-01
9.999999291143720770e-01,9.970343214349283167e-01,3.820791032568284472e-05,9.999374144020624078e-01,1.333731751179230152e-01,8.898738682504353514e-01,5.552054145583917855e-01,2.307452092608667238e-01,4.190135227614362190e-01
9.890634357067227267e-01,1.483738729164284373e-11,7.594214886356075445e-01,9.099814461508147767e-01,9.484337371827405994e-02,7.011206410770849384e-01,5.931146453928000106e-01,9.876550467779294795e-01,4.120059298222703559e-01
9.999998247383549144e-01,9.999620992725271051e-01,9.578495014123052931e-01,9.999995233351437474e-01,6.327955538267253377e-03,6.546847343461273949e-01,6.438190126246647882e-01,4.327518131251285038e-01,3.346806641250298364e-01
9.834871661625015360e-01,9.986615005327188488e-01,9.999969734912375063e-01,2.931208278194041839e-04,1.048112025694241112e-01,8.306071024023176097e-01,3.702688167919854778e-01,1.528087008393030910e-02,4.501113284753022192e-01
9.999999992644956759e-01,4.995549736064792690e-01,7.559622328744686204e-03,9.988132564745181297e-01,4.189591419687110907e-01,6.548609491133099425e-01,7.069103915464567400e-01,3.959711927867485270e-01,2.931121748950817341e-01
9.999999998961818237e-01,9.901431953875260428e-01,9.797089629201797267e-01,1.584225860479793191e-04,5.735370104565202798e-01,8.052619148872686150e-01,6.384337935898211080e-01,4.979728523526431028e-01,3.010816382172741834e-01
9.999864143899389601e-01,9.999196172080155876e-01,3.611635393654207826e-01,1.119469856589952938e-03,5.773914286211281333e-01,5.678448204165293944e-01,6.925797189054697656e-01,4.999621265023288519e-01,3.012744229993044587e-01
9.999944304381108706e-01,9.999995765578902907e-01,8.911809872181188918e-01,3.405066547056910531e-02,3.635748466946487900e-01,9.139454225577849922e-01,6.835374461343858288e-01,6.169335176818847577e-01,5.098417587599637368e-01
9.999910483214147217e-01,9.991724402785008285e-01,9.784603626950515443e-01,3.090341699291121458e-05,8.269184937398825486e-02,8.856516782778343089e-01,7.502674341865371854e-01,2.711121162780401050e-01,2.355902980082800746e-01
9.999962760618610336e-01,9.994876120266933395e-01,9.992573572756066058e-01,3.545344342751092451e-04,2.173944855640380647e-02,5.121414945791208373e-01,8.168839059615896625e-01,3.242088903821067070e-01,3.114194234768518643e-01
9.999999989867843775e-01,9.408364401736992733e-01,7.401650133938221243e-01,9.999848580510619644e-01,1.640950845032255190e-01,5.370508540698739619e-01,5.924926271345805073e-01,4.087335407290578204e-01,5.164053385638054383e-01
9.999991812075563757e-01,9.999515476610647546e-01,7.335462463424099466e-01,3.515338259193418260e-04,1.719884894022954969e-02,8.677930671931146644e-01,7.388958191193089053e-01,3.247085529997495446e-01,2.932397543463217127e-01
9.999999989728367566e-01,5.548141494365887993e-06,9.729165563233597158e-01,9.999802488331221983e-01,4.189591419687110907e-01,5.342584186086133391e-01,7.069103915464567400e-01,9.796397263790709298e-01,5.199693922425844272e-01
9.999999134324456529e-01,9.985517337932748871e-01,9.813030607290785801e-01,9.999950361611931182e-01,2.865439502222624779e-02,4.610454483383298330e-01,5.996118168983067820e-01,4.448267688549019661e-01,3.218597060225573125e-01
9.999999050741428253e-01,9.982271738357622048e-01,9.585917119392906027e-01,9.999950361611931182e-01,2.865439502222624779e-02,4.786206529175526803e-01,7.384903073529679451e-01,5.014706142236300401e-01,4.521499391492412312e-01
9.999999120387469409e-01,9.981792940933398306e-01,9.358126400153908842e-01,9.999950361611931182e-01,2.865439502222624779e-02,4.759390299169472538e-01,7.206054654638319734e-01,3.292198268982046150e-01,3.384019729093805662e-01
9.999999994567476680e-01,9.531804659726353934e-01,8.273839949928587512e-01,9.999848580510619644e-01,3.598895324999921153e-01,6.806983176602477981e-01,7.408877833392321088e-01,3.153517035281263592e-01,5.189849313260104235e-01
9.999999998986855987e-01,9.978313656152308919e-01,1.934111320579134929e-03,9.668514542387295352e-01,9.859102280947053265e-02,6.877837088459525239e-01,4.258619797267074181e-01,2.922454608138249643e-01,4.044523257637043789e-01
9.999839206236574851e-01,1.297394483319489762e-11,3.138013696935178232e-05,9.966146052091344743e-01,4.673680222430102171e-01,4.060992514850009782e-01,3.860273306643196012e-01,5.297484666667626740e-01,5.294650603119231969e-01
9.999841776861447817e-01,9.920332973228060958e-01,9.464954725716834272e-01,9.999942147982027185e-01,1.178804770976091820e-01,8.755736735218948574e-01,4.871100953039346759e-01,4.762302396665131221e-01,4.230160340792351037e-01
9.946615528164926001e-01,3.391626479447669519e-12,9.998494958525383502e-01,2.931208278194041839e-04,1.149323798749381231e-01,4.129054478050452892e-01,3.706599602913812630e-01,1.528087008393030910e-02,4.131022254510325897e-01
9.999999966821361275e-01,3.250950966522322960e-05,3.332055513112534145e-02,2.148839605333816710e-02,1.687321674729123644e-01,5.364835529044444939e-01,4.973868454712718767e-01,2.762158378560023997e-01,4.058022422114426209e-01
9.999999998947787239e-01,9.898567243584401876e-01,1.597035540101543472e-04,9.955532204605230806e-01,5.198099134229146323e-02,8.598074292134973984e-01,6.276664029039967785e-01,3.918399819864220035e-01,3.238978170433541304e-01
9.999999984224871019e-01,8.371144319688469393e-01,8.574216334814956930e-01,5.243587328655874291e-03,1.015720891828790357e-01,6.951044966822288451e-01,3.993587839555340357e-01,2.888630045926787737e-01,5.104934698366973000e-01
9.999991812075563757e-01,9.885865483340201543e-01,5.478752677788856218e-03,3.515338259193418260e-04,9.461489874451481374e-02,6.989043258959652949e-01,6.341064809240418709e-01,3.123425737870986207e-01,3.904342439495685491e-01
9.999999966821361275e-01,4.632917386524641518e-07,9.852063688381144102e-01,9.469683502632630923e-01,1.068246982672445555e-01,6.765580193927078767e-01,4.691394727892296279e-01,1.765574483327291277e-01,4.075850975834600098e-01
9.999999964396639740e-01,9.993565568482980499e-01,3.770200999078099358e-04,4.464340905123254100e-02,2.547662872298595005e-02,6.871866957569774392e-01,6.376448621154857666e-01,5.121841819200552148e-01,2.618170329430557497e-01
9.999999998947787239e-01,9.976086184628758513e-01,1.192903573162540365e-04,9.049360910609371977e-01,5.279396719904172475e-01,5.934576786515108893e-01,7.223693379348880006e-01,3.918399819864220035e-01,3.238978170433541304e-01
9.999999919901880752e-01,9.988760780457044408e-01,3.219206961585568960e-02,9.998141193549935357e-01,8.420812037795405436e-03,8.544084889392615789e-01,6.978409529723865745e-01,3.023059332706311553e-01,4.973831819752888572e-01
9.999999983771475920e-01,1.048755831484587953e-02,6.639355610028416124e-05,9.992377683074633588e-01,8.142020755888157435e-03,6.322917754710190019e-01,4.498673043013460271e-01,2.238371342293382082e-01,3.302851788505953290e-01
9.999999919901880752e-01,5.248700844964885315e-01,9.759618280671400470e-04,9.998141193549935357e-01,6.327955538267253377e-03,8.898403891831043744e-01,5.997626815125637334e-01,3.916849233371247907e-01,3.160727990338468296e-01
9.999999329879654120e-01,9.012208327600621516e-01,2.654420356130338110e-03,5.837643606460300380e-06,7.780518665150559787e-02,9.070147554815299884e-01,7.332805538553593960e-01,3.850093642846200703e-01,2.311582726531547782e-01
9.694975196129034245e-01,9.496932770552123371e-01,7.592799476660747615e-01,9.032797062326514137e-03,9.851019301718033638e-02,6.933806858962827668e-01,6.986664414789427457e-01,3.014973945849176440e-01,4.985238910057389061e-01
9.537245803778483522e-01,1.567383322441599222e-11,1.606793580423294656e-05,1.130188932113056297e-03,5.829617831863898036e-01,7.006029112214695598e-01,6.170213019103392149e-01,2.212370385481758350e-01,3.802525956387011186e-01
9.999999998947787239e-01,9.654054640674082366e-01,3.865689090949420703e-01,4.095094870286286604e-02,8.820921195485205424e-02,7.002999335548036886e-01,5.997510667981545973e-01,3.834493102409156084e-01,2.919960099467549530e-01
9.999974439429927253e-01,9.999946730236397574e-01,9.578495014123052931e-01,9.981880769358192351e-01,9.538876127940698613e-02,6.875452388527960590e-01,6.147604947037318412e-01,3.017300618461478123e-01,4.196157452544545530e-01
9.993916651269640905e-01,9.935134906115664633e-01,7.624407641845699635e-01,9.999953478450323008e-01,1.630756929478535677e-02,8.297307991899134372e-01,7.025770976984688776e-01,3.106541652938373255e-01,5.199693922425844272e-01
9.775044365160069360e-01,9.981817690090388773e-01,1.612781263823638263e-05,1.308403607545600283e-04,9.269637428731564155e-02,8.481940638032798851e-01,6.248520323354249673e-01,3.245907666267290326e-01,3.038783179160283732e-01
9.999999998951976110e-01,9.428570158267650658e-01,9.648691122442629720e-01,9.999898893255051435e-01,4.140002700730771590e-01,8.440872556058189868e-01,6.251434903770931584e-01,4.421342654501676517e-01,5.259521487247977856e-01
9.999991812075563757e-01,9.999515476610647546e-01,1.526693068608803161e-02,4.412737655308356099e-04,1.719884894022954969e-02,8.671032254598577405e-01,8.181653016015451030e-01,3.247085529997495446e-01,2.927741637282563203e-01
9.999999999999859002e-01,8.596344812209985031e-01,1.184342584212388916e-02,8.596974991781289877e-01,1.027051623116382317e-01,6.999859042059760617e-01,3.942531725504405671e-01,1.842405215455248102e-01,5.104934698366973000e-01
9.706839185610401932e-01,9.930529868061752641e-01,1.184342584212388916e-02,4.307470674615565542e-03,9.679221563997734978e-02,6.999859042059760617e-01,3.942531725504405671e-01,1.849574893688269717e-01,5.104934698366973000e-01
9.998063691531640096e-01,1.567383322441599222e-11,1.606793580423294656e-05,9.834762286408058607e-01,6.002457919176125145e-01,8.918649024508797929e-01,6.083576244019013313e-01,8.711244610523358745e-01,2.812630694564615119e-01
9.999999946167584808e-01,9.928637311698315093e-01,1.172302158651986349e-05,9.998982701490830571e-01,6.347768705337744101e-03,8.226815778727739614e-01,6.382535139358216369e-01,3.672260316010635961e-01,4.461007583359261064e-01
9.999999976519111655e-01,1.677349093313534878e-02,1.176827528143141850e-05,9.999003011839820987e-01,1.059885050814817070e-01,8.557614716413189937e-01,6.150677896932558175e-01,3.672260316010635961e-01,4.461051464959910340e-01
9.999992670762892777e-01,9.999515476610647546e-01,7.389589748700609029e-01,2.880888471069200209e-04,1.980366061739141648e-02,8.322345689598423801e-01,7.462838874321809923e-01,2.778120266775129243e-01,2.941140913008591928e-01
9.651910175391096303e-01,9.986939463164404840e-01,1.612781263823638263e-05,9.464122195347887123e-01,9.428280446867542963e-02,6.998538832833650636e-01,5.939227584695417894e-01,2.103170265407611761e-01,3.331275941678267238e-01
9.999999999391567806e-01,1.277873675515711627e-02,9.998998718682513553e-01,9.731080632412941744e-01,5.129973378841065634e-02,8.097678732950880365e-01,6.977718346610505273e-01,1.823033090860493866e-01,3.231978598186854290e-01
9.999999951594473746e-01,9.999961100399311631e-01,9.873954319121275303e-01,4.006449843695775170e-02,2.437589306550212720e-03,6.006407866611098711e-01,5.901357377869275167e-01,3.682621972586468395e-01,4.111506422660748394e-01
1.801804708532176393e-11,9.999999729315384167e-01,7.605513251817446196e-01,9.612686872620062051e-01,9.702227391836906745e-02,6.034813515596525457e-01,6.986664414789427457e-01,3.014973945849176440e-01,5.009365014522149107e-01
9.997191588561002984e-01,8.588499269171422368e-01,4.458607690117563638e-05,8.596974991781289877e-01,1.016645699879655113e-01,6.999859042059760617e-01,6.264043124843037269e-01,1.744822675788143262e-01,4.994212805508263520e-01
5.616522833351377829e-12,9.999999729315384167e-01,7.588630329091810012e-01,9.612686872620062051e-01,9.702227391836906745e-02,6.034813515596525457e-01,6.986664414789427457e-01,3.014973945849176440e-01,5.009365014522149107e-01
9.999999949567488500e-01,9.999924707159127957e-01,6.107918177110377433e-02,9.914975266005329191e-01,6.737717095370606216e-03,8.739490001487660864e-01,6.383299054931570460e-01,4.006425611413871879e-01,3.793778710672861543e-01
9.999999990671013528e-01,8.611020989565367767e-01,9.920825020045286324e-01,8.596974991781289877e-01,1.027051623116382317e-01,6.002788540495891390e-01,3.942531725504405671e-01,1.807572289880454153e-01,2.968571603659772018e-01
9.999999999999859002e-01,9.966526534215813804e-01,3.470844950737128620e-03,9.390712136505291463e-02,1.020096003281092539e-01,6.999859042059760617e-01,3.942531725504405671e-01,1.827056069071945066e-01,5.104934698366973000e-01
9.999999919901880752e-01,9.999920211174820883e-01,6.676533128152639662e-05,9.765066740019410219e-01,6.327955538267253377e-03,7.009428122513300385e-01,5.948148308393342854e-01,3.672260316010635961e-01,4.462192693015816225e-01
9.999999919901880752e-01,9.999925611429774097e-01,6.676533128152639662e-05,9.998284385888801529e-01,6.479471467390744699e-03,7.809535129298287304e-01,6.434189189553020105e-01,4.067127870481479501e-01,4.462192693015816225e-01
9.999999999999955591e-01,9.937564313736544364e-01,1.390866983907658727e-01,7.804419775092946363e-04,5.840344535678516635e-01,4.979757186754605325e-01,3.958710474576391247e-01,2.886481065457277007e-01,5.142930730166301867e-01
9.999412740011289769e-01,9.999993865053082853e-01,2.598400551132565850e-01,8.583847704665810152e-01,8.880613325367929523e-03,6.022987730472386669e-01,6.957262165845329305e-01,1.183689870847831616e-02,4.361490778062193097e-01
9.999999919901880752e-01,3.595775817431495769e-02,9.890897549318835580e-01,9.998284385888801529e-01,6.957454528926555470e-01,7.016417761679667464e-01,6.964698394918229507e-01,8.737956464993592576e-01,4.027978105159716882e-01
9.997684283041171627e-01,9.999980656046524308e-01,6.880646512787678450e-05,9.999791491606329075e-01,3.018210072463057420e-02,8.333595478869300077e-01,5.079077853824827127e-01,2.097836624095230085e-01,4.853508745506786570e-01
9.879961974486061171e-01,1.481648355544803398e-12,3.335572960175775536e-02,1.129459156280984223e-03,1.108136843241044334e-01,7.797212961663174680e-01,6.984434901325240475e-01,6.943874529445448474e-03,3.273853945586265857e-01
9.999999999999955591e-01,9.999910441141712791e-01,9.966968823607483818e-01,7.804419775092946363e-04,5.840344535678516635e-01,4.979757186754605325e-01,6.317133713646286841e-01,2.886481065457277007e-01,5.142930730166301867e-01
9.999973566895965504e-01,9.999384867790657161e-01,6.676533128152639662e-05,9.898690847733768727e-01,6.502621828339345128e-03,7.778445363612322971e-01,5.238199894437184367e-01,4.067127870481479501e-01,4.294940451702141671e-01
9.999999999999955591e-01,9.976104868603952180e-01,9.877130925535519967e-01,3.574248136824983990e-04,5.840344535678516635e-01,4.979757186754605325e-01,7.155205811222393741e-01,2.889803588230062115e-01,5.142930730166301867e-01
9.999999999524252781e-01,9.937564313736544364e-01,8.670468799893567002e-01,7.533892326470738397e-04,5.840344535678516635e-01,4.979757186754605325e-01,3.939062562878275497e-01,2.886481065457277007e-01,5.142930730166301867e-01
9.998692800069108877e-01,9.999983427312998385e-01,6.880646512787678450e-05,9.999791491606329075e-01,3.009922282830140849e-02,8.485029583750610671e-01,8.154648232001959762e-01,2.097836624095230085e-01,5.155465280215623114e-01
9.999412740011289769e-01,9.999999917499461377e-01,1.946431089957818550e-01,8.535686538516642496e-01,8.880613325367929523e-03,6.022987730472386669e-01,6.957018012404129204e-01,1.183689870847831616e-02,4.361490778062193097e-01
9.999999999965833997e-01,4.179514223505985393e-02,9.999941798929626868e-01,4.699610878137379377e-02,1.189509313173670313e-01,8.489326032482329421e-01,6.964208436496563959e-01,3.137683310702565342e-01,3.212058385012002693e-01
9.998692800069108877e-01,9.999980656046524308e-01,9.605890309231869262e-01,9.999994653832766645e-01,3.009922282830140849e-02,8.485029583750610671e-01,8.167033941439427736e-01,2.097836624095230085e-01,4.419432529970374057e-01
9.999999919901880752e-01,9.828754092568134926e-01,6.676533128152639662e-05,9.998284385888801529e-01,6.479471467390744699e-03,7.809535129298287304e-01,6.419377072650981342e-01,4.067127870481479501e-01,4.462192693015816225e-01
9.999999951594473746e-01,9.247588704072869925e-01,9.849041789916402889e-01,4.388074278371956183e-05,2.437589306550212720e-03,6.006407866611098711e-01,5.944318915953977767e-01,3.100668729624599940e-01,4.115486996337872627e-01
9.846359218744741293e-01,9.955032720633067989e-01,8.968254151099708043e-06,1.127586468908762900e-02,5.829617831863898036e-01,7.108247498111884832e-01,3.654758826663220828e-01,1.737621250839403442e-01,3.925954353443765754e-01
9.999999926799280070e-01,9.979124580981222348e-01,6.676533128152639662e-05,9.998284385888801529e-01,6.479471467390744699e-03,7.749871656654578889e-01,6.434189189553020105e-01,4.067127870481479501e-01,4.527273612270846237e-01
9.999999999999955591e-01,7.530489426739228609e-03,1.390866983907658727e-01,1.784285174211197372e-03,5.840344535678516635e-01,4.979757186754605325e-01,3.939360731424165207e-01,2.947726427313381858e-01,4.150125178821711946e-01
9.954864563973883085e-01,1.222028644725188608e-12,9.999663293742548920e-01,8.978511892854750265e-01,9.786798807443955472e-02,8.259505560748567898e-01,6.361787096027252675e-01,1.533996428104981644e-02,3.802890752253434981e-01
9.981472667999583548e-01,9.999941360889540443e-01,7.738645943859872034e-01,4.290010610442235306e-05,4.940304522546012933e-04,6.996655389142526493e-01,7.356452789686762639e-01,4.905334458473901704e-01,4.868551980759461828e-01
9.999999999999955591e-01,9.999999328532592768e-01,1.324593603750097992e-01,9.976295860928001691e-01,4.150999427440238421e-04,5.868827692709865929e-01,6.993654781677242083e-01,2.886481065457277007e-01,4.431313207371344043e-01
9.999158890124155707e-01,9.999999817012097392e-01,7.455779909935740246e-01,6.368303917624826282e-02,1.008683681501164331e-03,6.110864110644373959e-01,6.123275231966535115e-01,4.905334458473901704e-01,6.343030189045391065e-01
9.996271884466016999e-01,7.578055144432171112e-13,9.829118398385584543e-01,5.342490203867726606e-04,7.248842256245030535e-03,7.778882069264893007e-01,6.984886971747000795e-01,1.289293684128073325e-01,4.266368624914632646e-01
9.969178486123589922e-01,9.999921105178867231e-01,9.914428939838576538e-01,9.998284385888801529e-01,6.022505284974184470e-01,8.731624389771491801e-01,6.383815537293962006e-01,3.773649145446731357e-01,2.913550234034219533e-01
9.998594419615038920e-01,9.999502320003766931e-01,8.968254151099708043e-06,1.127586468908762900e-02,5.829617831863898036e-01,7.108247498111884832e-01,3.654758826663220828e-01,1.737621250839403442e-01,3.925954353443765754e-01
9.979498128265400503e-01,9.999931764262045553e-01,8.166938264469412179e-01,1.964528770599452412e-04,6.529176243945389313e-04,6.172421063548201303e-01,3.674927119371940165e-01,4.905334458473901704e-01,4.836755455065498976e-01
9.999999999999955591e-01,7.530489426739228609e-03,9.740887123304512452e-01,1.784285174211197372e-03,5.899258156186787394e-01,4.979757186754605325e-01,3.945879410161075018e-01,2.958424525925590354e-01,2.464653001610833671e-01
9.995152160786491269e-01,9.999537228011547985e-01,6.727077999933756267e-06,8.377820109327641790e-03,6.421162757766114837e-03,8.567048809085556771e-01,3.950137580027184292e-01,3.061667992437607788e-01,3.270189978255924057e-01
9.999283496229735002e-01,9.996843393747277817e-01,3.577317907095040050e-01,9.934414320944578991e-01,7.077750587505111657e-01,7.014121133348706350e-01,6.056850705237981636e-01,3.953452284118731397e-01,4.464076698414647937e-01
9.999999926799280070e-01,9.942600715480935936e-01,1.549217275788633173e-05,8.712865970202691157e-01,9.141621064570161492e-02,7.696987818190105246e-01,5.611219172258409271e-01,4.067127870481479501e-01,4.123546021165094277e-01
9.999999945681069535e-01,9.989275589012003298e-01,9.914816030818717207e-01,3.033957727417024852e-02,5.790733636137478380e-01,4.979757186754605325e-01,4.047663504795154799e-01,2.947726427313381858e-01,4.829392956832116446e-01
9.999988709255970276e-01,9.999999729315384167e-01,7.201194939135016071e-01,5.985286402998141186e-04,1.379636579663179319e-01,6.989229900759845737e-01,7.002486877334397342e-01,3.125631953434875876e-01,3.319837513646106686e-01
9.999999999625440728e-01,9.999566111107548450e-01,4.045516196657852337e-01,4.486401847312961044e-02,2.546263805818488324e-03,7.017162087888343391e-01,6.088180833806728920e-01,3.919159299132031760e-01,3.811999497893040489e-01
9.845345403064242884e-01,9.999910441141712791e-01,9.998255187089467588e-01,7.804419775092946363e-04,5.840344535678516635e-01,4.979757186754605325e-01,6.317133713646286841e-01,2.886481065457277007e-01,5.134220321769680240e-01
9.995152160786491269e-01,9.999537228011547985e-01,6.727077999933756267e-06,1.427308514981060362e-03,6.421162757766114837e-03,8.360604148040737815e-01,2.790670105069366080e-01,3.059159118544043654e-01,3.524571268173072869e-01
8.904415609304718870e-01,9.064985275706941570e-01,7.683180846814533504e-01,9.612686872620062051e-01,9.702227391836906745e-02,6.053160496008919145e-01,6.966330474592585809e-01,3.055136512781764235e-01,5.009365014522149107e-01
9.999999962587359237e-01,9.937489634618998924e-01,6.266337966668970860e-06,7.885156794306461686e-03,7.222099996370721087e-01,7.042089605813739439e-01,6.132308707021091321e-01,3.355762292766506505e-01,4.978716467317980676e-01
9.999999926799280070e-01,4.490485650131790241e-01,6.676533128152639662e-05,9.999773890414364041e-01,6.479471467390744699e-03,7.749871656654578889e-01,6.030653500430759317e-01,4.067127870481479501e-01,4.878928419328023014e-01
9.999982416084501891e-01,9.999999328532592768e-01,1.716737023985059896e-02,9.976295860928001691e-01,4.150999427440238421e-04,8.723950922237512229e-01,6.264494936019368021e-01,3.666537098588560917e-01,2.354946624103816111e-01
9.999999998951976110e-01,4.995549736064792690e-01,2.582498507861019643e-03,9.958462819889120077e-01,4.189591419687110907e-01,8.400002367536175685e-01,5.997825053659872063e-01,2.198751690733032893e-01,5.199693922425844272e-01
9.999999999625440728e-01,9.999692691298482927e-01,3.556817301744962245e-01,1.560793900928073019e-03,1.177089230198313519e-01,6.930069542392313098e-01,6.293751399527707235e-01,4.868763103597030240e-01,4.642791806154831225e-01
9.999999926799280070e-01,9.957161197703341404e-01,6.676533128152639662e-05,2.536817510917466212e-02,9.814802498902375216e-03,7.685515329288129527e-01,6.030653500430759317e-01,5.923597558658941775e-01,4.878928419328023014e-01
9.999999997285626829e-01,1.308686041967410674e-02,9.264785036308681443e-01,9.889077190618400515e-01,5.838902706624080619e-01,4.990477983393803996e-01,5.955645782316597581e-01,2.978230080098687171e-01,5.136941525444604917e-01
9.917474813776266940e-01,9.999885886478621089e-01,2.473619078931765802e-02,7.953261420060782072e-01,9.682292815988417789e-02,7.161108723771716367e-01,7.005888602035499346e-01,2.985787333230600638e-01,4.138730951587377693e-01
9.999999999743961476e-01,9.910014236652533448e-01,9.824951459845666646e-01,9.996454153457715597e-01,9.366524492780846367e-02,6.086622933188814422e-01,6.863521579272990891e-01,3.834403552507280044e-01,4.167164230926672652e-01
9.999999998951976110e-01,9.984723304719168580e-01,2.582498507861019643e-03,9.958497879593982693e-01,4.218223103015406594e-01,8.400002367536175685e-01,6.055928103173492394e-01,2.198751690733032893e-01,5.199693922425844272e-01
9.999999191794149977e-01,9.978970064100565196e-01,6.266337966668970860e-06,9.339455133437323670e-04,1.067488584089320430e-01,8.330448829575534120e-01,6.174948557145468753e-01,3.316310080658273485e-01,3.514142422418400913e-01
9.981500435573821273e-01,9.999941360889540443e-01,8.715684781767732980e-01,4.290010610442235306e-05,4.940304522546012933e-04,6.996655389142526493e-01,7.356452789686762639e-01,3.371574376882982560e-01,4.868551980759461828e-01
9.980360106082223348e-01,9.999996405541342614e-01,9.901701143862947641e-01,2.667285050294071133e-04,3.605149025352205605e-02,6.947942565507393420e-01,7.356053215894398090e-01,2.798600600699486796e-01,2.625428910500638424e-01
9.999998340196435409e-01,9.936253264861845125e-01,9.926481946107044152e-01,5.149450091071483548e-05,1.367598208504762769e-01,6.758345407514561032e-01,6.341686103098979066e-01,3.300525299715117433e-01,4.203055369841655065e-01
9.999997645791395273e-01,9.984723304719168580e-01,2.582498507861019643e-03,9.979946962995948079e-01,4.218223103015406594e-01,5.798199086383261092e-01,6.055928103173492394e-01,2.198751690733032893e-01,5.192598109678253637e-01
9.999990557497712151e-01,9.999958693825402589e-01,3.577317907095040050e-01,9.913891094336730880e-01,9.888379903105926072e-02,7.014121133348706350e-01,6.056850705237981636e-01,3.953452284118731397e-01,3.361885733480044491e-01
9.999999146169556985e-01,9.711935041945071179e-01,9.503779718732303650e-01,9.999874534655309732e-01,4.189591419687110907e-01,5.911680764860678394e-01,6.473032396988839254e-01,4.361054182011188662e-01,3.825267156817193093e-01
9.950861343577105389e-01,9.999999729315384167e-01,7.876820385812850489e-01,1.055453582286993430e-01,8.950709038827237007e-02,6.761079024994929298e-01,6.977936801136828127e-01,3.047540957882637902e-01,4.191922055101804379e-01
9.505020593599062817e-01,9.999941360889540443e-01,7.662710179108890296e-01,4.290010610442235306e-05,4.940304522546012933e-04,7.002261655509860461e-01,3.638524558165450729e-01,4.905334458473901704e-01,4.868551980759461828e-01
9.999999168432892604e-01,9.097136348372315551e-01,9.503779718732303650e-01,9.999874534655309732e-01,4.189591419687110907e-01,8.127715887736314260e-01,6.340177256492846025e-01,1.478790771656826597e-02,4.548058679014123085e-01
9.999999999625440728e-01,9.999692691298482927e-01,9.990854509442936848e-01,1.560793900928073019e-03,1.114617421182136636e-01,6.930069542392313098e-01,6.379012943627243581e-01,3.602917511236075065e-01,2.506481330959062226e-01
9.999999999952945418e-01,9.999995439372375561e-01,1.440736453085311730e-01,4.290071807449508112e-02,7.051394873461307444e-01,4.925489146213806735e-01,6.239579972515219008e-01,1.693386099603789996e-01,4.812287838819083730e-01
9.999999919901880752e-01,9.143061322035862526e-01,9.995271624542064748e-01,9.998284385888801529e-01,9.735919846777069120e-02,8.807019977132207744e-01,6.770981073002483308e-01,3.671131071009628988e-01,1.756303307124314483e-01
9.999264930643234628e-01,9.996843393747277817e-01,3.501364599003664035e-01,9.934414320944578991e-01,7.077750587505111657e-01,7.013878950614860219e-01,6.056850705237981636e-01,3.953452284118731397e-01,4.440742983160821389e-01
9.999999999577402487e-01,9.999950256158751660e-01,7.243719834664348323e-01,2.025117286464184208e-02,5.743461426773344147e-01,4.990324523143414570e-01,6.972770170495399267e-01,2.950147376560606771e-01,3.319837513646106686e-01
8.413151140655790172e-01,1.171794751659423378e-12,9.985652382045948627e-01,9.993322879813293369e-01,9.048856158659261684e-02,7.875689514100964184e-01,6.981629497178970523e-01,4.984075614715551827e-01,4.215713981532839272e-01
9.999999952462133024e-01,9.978977677815087377e-01,6.681700138886131001e-05,9.998284385888801529e-01,6.479471467390744699e-03,7.733099626848216612e-01,6.434189189553020105e-01,4.067127870481479501e-01,4.527273612270846237e-01
9.999999191794149977e-01,9.979318882172236727e-01,6.266337966668970860e-06,9.339455133437323670e-04,1.067488584089320430e-01,8.330448829575534120e-01,6.174948557145468753e-01,3.316310080658273485e-01,3.514081227907627225e-01
9.999999999955404562e-01,7.836832675457081621e-01,6.266337966668970860e-06,9.339455133437323670e-04,6.053885912165880567e-01,8.355017668976669754e-01,4.004589471417712709e-01,4.953322014701486142e-01,3.233241407250063149e-01
9.591182984926612809e-01,1.535557390425717549e-11,1.606793580423294656e-05,1.456324954318805563e-04,5.829617831863898036e-01,7.086416937851661713e-01,3.654758826663220828e-01,1.735977305462382270e-01,3.789997890479519516e-01
9.999999980973850455e-01,9.935904446265476642e-01,5.841185688841392387e-06,4.832389305698070459e-03,5.073188930476021929e-03,6.189586835359401906e-01,6.174913476093529807e-01,3.742178632865853505e-01,4.779344447822667097e-01
9.999999998204963658e-01,6.598044156019000628e-03,9.999621113907224412e-01,8.968537747138344285e-01,5.853926964975091352e-01,8.726698847322306163e-01,5.085263139863673842e-01,3.631872621003874313e-01,4.187803066625312431e-01
9.999999999999955591e-01,7.530489426739228609e-03,9.832410173930369313e-01,9.046757782377068402e-01,5.840344535678516635e-01,4.979757186754605325e-01,4.060347498386429610e-01,2.928972881531244354e-01,4.150125178821711946e-01
9.999999177745166890e-01,9.979318882172236727e-01,6.266337966668970860e-06,1.164226935405909824e-03,1.067913419744521974e-01,8.330448829575534120e-01,6.174948557145468753e-01,3.316310080658273485e-01,3.514081227907627225e-01
9.750499791660705018e-01,9.999999732332981450e-01,9.982331021116285230e-01,3.295111215514740649e-02,1.354718288940887083e-02,6.765077945335978837e-01,6.977936801136828127e-01,2.880208855447568550e-01,3.813898404149347332e-01
9.999999999519529892e-01,9.986388823254338520e-01,9.998190423859454334e-01,8.881422208113374985e-04,9.287615109648798828e-02,8.839356483626872318e-01,6.921641412944812277e-01,3.421053709000491660e-01,3.212058385012002693e-01
9.999999998204963658e-01,6.598044156019000628e-03,9.998973145576838251e-01,8.968537747138344285e-01,5.853926964975091352e-01,8.674316468943010783e-01,5.085263139863673842e-01,3.631872621003874313e-01,5.004620302829709821e-01
9.998449913135174505e-01,9.625844211567362585e-01,9.892530420834919624e-01,1.234193992213833413e-02,6.059320907011345181e-01,4.979757186754605325e-01,4.060347498386429610e-01,2.947726427313381858e-01,4.150125178821711946e-01
9.999999999999955591e-01,1.591880083524192281e-04,1.390866983907658727e-01,9.011413021316196925e-01,5.840344535678516635e-01,4.979757186754605325e-01,4.060347498386429610e-01,8.679753112026433737e-01,4.150125178821711946e-01
9.999999990600321187e-01,9.935904446265476642e-01,5.841185688841392387e-06,4.140892029407346187e-02,1.076238550329939453e-02,8.363067135413810860e-01,6.174913476093529807e-01,3.662007563447177705e-01,5.611827225965299037e-01
9.999999999999955591e-01,9.843415587231836295e-01,1.838435266869402340e-02,6.489268935297476393e-02,5.840344535678516635e-01,4.979757186754605325e-01,3.777358503348009489e-01,2.947726427313381858e-01,4.150125178821711946e-01
9.988107535784774837e-01,1.171794751659423378e-12,9.985652382045948627e-01,9.998028239385423621e-01,9.048856158659261684e-02,7.535741077967097468e-01,6.988891333402652561e-01,4.984075614715551827e-01,4.215713981532839272e-01
9.881247101300252300e-01,9.999899836992008906e-01,1.742283056519322582e-02,7.917409289187855581e-01,9.679633577595425642e-02,7.883976675311895610e-01,6.989700297176907329e-01,3.014973945849176440e-01,4.213391192978808153e-01
9.999999191794149977e-01,9.889948106320880505e-01,1.620251922008793317e-05,9.339455133437323670e-04,1.079004022937191387e-01,8.341425715842353261e-01,6.174948557145468753e-01,1.729309633172047556e-01,1.926724030461417492e-01
9.999999162814472431e-01,9.936253264861845125e-01,6.266337966668970860e-06,1.369547786584924404e-03,4.211135987883266041e-01,6.758345407514561032e-01,6.141411448089649783e-01,4.378558121504060319e-01,4.203055369841655065e-01
9.999999994999421160e-01,7.288738144751414350e-01,4.581839266886689188e-02,9.959936984500061818e-01,9.539587096038662506e-02,7.787514033336777608e-01,4.982231212348606775e-01,2.850365975588282641e-01,4.821381979020089581e-01
9.978086191537384186e-01,9.991563841536454937e-01,6.266337966668970860e-06,9.339455133437323670e-04,1.066144451211427785e-01,8.330448829575534120e-01,6.164011177176758061e-01,3.022377343492300139e-01,3.514081227907627225e-01
9.999999990600321187e-01,9.932761547747965825e-01,5.841185688841392387e-06,4.140892029407346187e-02,1.059311276401412594e-01,8.363067135413810860e-01,6.174914273641015638e-01,3.662007563447177705e-01,5.564905257336931754e-01
9.999999999519529892e-01,8.258520380285426787e-01,9.999917607330645053e-01,9.256103391398452177e-04,9.388240679702580804e-02,8.437050592787201930e-01,6.921641412944812277e-01,1.878074296993442471e-01,3.212058385012002693e-01
8.715807962419194199e-01,9.999999729315384167e-01,2.473619078931765802e-02,9.989780653993216575e-01,9.679633577595425642e-02,7.883976675311895610e-01,7.208171349304386410e-01,3.014973945849176440e-01,2.888495140850594334e-01
9.983713129144590193e-01,9.999999729315384167e-01,6.938118389026914912e-03,7.934970448595237702e-01,8.804038340213349301e-02,7.883976675311895610e-01,6.986664414789427457e-01,3.014973945849176440e-01,5.193590201616403723e-01
9.804872212835171741e-01,9.816080629951732250e-01,4.464279844400582259e-04,9.876755976256259562e-01,4.231610079748537867e-01,6.968063901159474716e-01,6.984434901325240475e-01,1.980723939318209670e-01,5.150167418008964049e-01
9.999999999625440728e-01,9.999969350232830179e-01,8.939119847196363988e-04,1.560793900928073019e-03,1.464588022168338832e-01,6.930069542392313098e-01,6.293751399527707235e-01,4.868763103597030240e-01,4.636498704059911491e-01
9.999999162593281588e-01,5.245767878834279863e-01,9.488979058430784264e-01,9.999874534655309732e-01,4.189591419687110907e-01,8.129185975399927377e-01,6.995509836705370299e-01,4.778427272679719451e-01,4.129584641379092091e-01
9.953645281952723245e-01,9.824112590822099422e-01,9.999978141509103802e-01,1.856375873141154816e-03,2.424009878051486266e-02,7.120341954957066788e-01,6.141497520361826057e-01,7.062584746992143711e-03,4.131037598140758771e-01
9.999990659705593199e-01,9.999732367378365572e-01,6.266337966668970860e-06,9.450755130489026934e-01,1.322744031909712792e-01,8.519103163887262742e-01,6.073949570648226048e-01,2.799066877143759347e-01,3.513041210070715348e-01
9.641693318004940227e-01,9.999943488977763861e-01,9.832912288827853065e-01,1.250411789095705328e-04,1.371803587997890705e-01,6.947942565507393420e-01,6.993722574557577065e-01,2.889590575737102096e-01,2.641277900152867453e-01
9.776521366665947843e-01,9.999943488977763861e-01,9.832912288827853065e-01,8.554353815460376959e-05,1.371064981125993953e-01,6.940166540312993071e-01,7.394155722536713826e-01,1.659396551944589682e-01,3.046455597504471036e-01
9.999999994999421160e-01,9.814342013436140322e-01,6.973102582579707720e-01,1.155356283474475165e-01,9.531020627241026943e-02,7.978757184881191122e-01,5.202419978738292983e-01,3.009090320065165303e-01,3.078250030569295026e-01
9.997701457039464001e-01,9.999999729315384167e-01,7.628801302403085405e-01,4.285812864857263538e-02,9.025731488009036685e-02,4.867617794423964028e-01,6.978650728517981072e-01,2.935712207252131889e-01,4.695763051030081847e-01
9.983061943942586058e-01,9.999998156854451592e-01,7.592799476660747615e-01,9.893830207504318297e-01,6.000970628223696313e-01,4.866915852714586710e-01,7.048216316941742221e-01,4.851535530676077679e-01,4.797721473233754752e-01
9.999999999999955591e-01,7.530489426739228609e-03,1.390866983907658727e-01,7.613672807649067842e-01,5.840344535678516635e-01,4.979757186754605325e-01,4.060347498386429610e-01,3.215129768981073166e-01,4.150125178821711946e-01
9.999723392224219021e-01,9.999732367378365572e-01,6.266337966668970860e-06,9.450567031596915912e-01,1.322744031909712792e-01,8.896013281236229142e-01,7.063638779113773358e-01,2.799066877143759347e-01,2.811708026613395917e-01
9.617940617607820819e-01,1.182534871811416848e-12,9.995034264459103923e-01,9.017790067383187891e-01,9.087402718652511091e-02,7.120341954957066788e-01,6.984434901325240475e-01,7.062584746992143711e-03,4.128692647092120360e-01
9.691889001287028460e-01,1.530836198567568865e-11,9.998668409008685254e-01,1.856375873141154816e-03,1.592579512965041910e-01,7.094682837769721306e-01,6.984434901325240475e-01,9.794326331022229493e-03,4.131037598140758771e-01
9.999516660612403074e-01,7.339985711068470304e-12,1.235884125216569901e-01,9.224503452621701793e-01,6.035723962590715530e-01,8.712322194202852810e-01,3.580517970378961357e-01,5.979533803325860486e-01,4.114168775226315633e-01
9.999999999519529892e-01,8.491932575217586709e-01,9.998190423859454334e-01,9.256103391398452177e-04,9.287615109648798828e-02,8.831088819612703533e-01,6.921609833619454255e-01,3.421053709000491660e-01,3.148866986671701174e-01
9.999516660612403074e-01,1.051795126804118109e-12,9.996828738254466273e-01,8.881227109915159623e-01,6.035723962590715530e-01,8.712322194202852810e-01,3.580517970378961357e-01,5.979533803325860486e-01,4.114134127039537070e-01
9.097279872487838981e-01,8.436587799955821421e-01,9.470689540976181542e-01,9.999874534655309732e-01,4.064401127609451603e-01,7.815373040823252460e-01,5.360973982496118895e-01,5.032884343066400534e-01,4.118795059496967448e-01
9.105829608034277101e-01,8.601267856338751239e-01,9.470689540976181542e-01,9.999874534655309732e-01,4.043384028488977711e-01,7.815373040823252460e-01,5.360973982496118895e-01,5.032884343066400534e-01,4.118795059496967448e-01
9.999996247481049982e-01,7.064057864328288083e-04,1.390866983907658727e-01,7.613672807649067842e-01,5.840344535678516635e-01,7.047830015955487415e-01,4.060347498386429610e-01,3.198812574938767472e-01,3.986956784366917361e-01
9.999999999612865231e-01,9.879503866451648797e-01,2.460021164986725406e-03,8.246635039062863992e-01,1.365242189594300659e-01,4.882904738316994897e-01,4.089859901910287143e-01,2.849738874465203575e-01,3.086723144102939131e-01
9.999947032135426683e-01,7.717461539441023528e-12,9.574837326301386398e-01,3.254971339004919528e-02,1.433669662129539724e-01,7.395357286548414066e-01,5.871119527102812707e-01,3.849351430412176200e-01,4.185550186907970871e-01
9.966914681825711497e-01,9.609261869808871648e-01,2.504594642721347242e-03,9.846570188392506084e-01,6.000970628223696313e-01,8.742732453139185900e-01,7.048216316941742221e-01,2.953209805982529579e-01,4.797721473233754752e-01
9.895772497425808778e-01,9.996801618476974793e-01,1.606907830995334152e-05,4.691824867386405751e-02,9.898126602995789558e-02,7.015852021392025017e-01,4.045930411284394679e-01,3.977422999638501877e-01,3.750841956389013299e-01
9.999990557497712151e-01,9.999995900274438743e-01,3.238362813207557034e-01,9.084906444125817604e-02,9.888379903105926072e-02,7.014121133348706350e-01,6.056850705237981636e-01,3.953452284118731397e-01,3.370428350132689821e-01
9.999713170989976696e-01,1.331729037227671656e-12,8.220244870422911687e-02,7.930301577808048646e-03,1.070393451866755163e-01,7.144877888644660668e-01,3.590754289574686897e-01,1.345729611397979419e-01,4.185463623518414500e-01
9.997120579374709770e-01,9.999999729315384167e-01,9.532202583647501060e-01,1.273111877277051732e-03,1.064339350033123577e-01,4.895890232605666359e-01,6.977936801136828127e-01,2.910550953745882352e-01,4.253084500307832139e-01
9.999516660612403074e-01,7.339985711068470304e-12,8.981948429859706318e-01,9.224503452621701793e-01,6.035723962590715530e-01,5.902968162507999939e-01,4.092897988261767206e-01,3.189917414166706378e-01,4.733982233531766615e-01
9.985250729734542752e-01,9.999915379692213557e-01,6.266337966668970860e-06,4.085992141660246824e-02,1.350592600946876054e-01,8.736607443953476881e-01,8.358271683492464188e-01,2.369685644050088247e-01,4.196323811665569337e-01
9.776521366665947843e-01,9.999998656931151642e-01,9.905230849615156430e-01,2.667285050294071133e-04,6.118351584999616177e-01,4.865232803417774421e-01,5.806354868489961296e-01,3.339286382419750510e-01,2.641277900152867453e-01
9.902571288370951574e-01,9.859679267421459503e-01,2.246522125611422407e-02,9.998943572953747916e-01,4.139691172495020277e-01,6.968063901159474716e-01,3.977364584312077511e-01,3.264559781406563554e-01,4.721258297362761480e-01
9.752975718190707299e-01,9.999999729315384167e-01,7.046407049162078939e-01,9.893830207504318297e-01,8.228628456587705475e-02,4.866473270903777237e-01,7.048216316941742221e-01,3.029376939178451411e-01,4.797721473233754752e-01
9.999516660612403074e-01,2.922630340689897461e-12,8.981948429859706318e-01,9.224503452621701793e-01,6.035723962590715530e-01,5.921674906644421865e-01,6.734076146962685305e-01,5.872756367188493032e-01,4.732862157699284644e-01
9.999354356622222051e-01,7.339985711068470304e-12,1.235884125216569901e-01,7.566377914059285725e-03,5.979757273248269556e-01,8.712322194202852810e-01,3.580517970378961357e-01,5.977349685616426544e-01,4.114168775226315633e-01
9.985250729734542752e-01,9.995950544082107259e-01,6.266337966668970860e-06,4.085992141660246824e-02,1.062557444320526984e-01,4.932274263984789409e-01,6.984299591596110357e-01,2.398187081314397950e-01,3.333800756450083225e-01
9.999713170989976696e-01,1.331729037227671656e-12,7.491702095843578990e-02,9.170600678216605378e-03,1.070393451866755163e-01,7.144877888644660668e-01,3.607928428984480962e-01,1.360171013210182411e-01,4.185463623518414500e-01
9.985250729734542752e-01,9.999963231775095274e-01,6.266337966668970860e-06,4.085992141660246824e-02,1.350592600946876054e-01,8.296565362678555156e-01,8.358271683492464188e-01,2.374655329761776457e-01,4.186940137665450812e-01
9.992907676942285322e-01,1.482124587729178762e-11,9.890951431568228980e-01,9.730554644479194604e-03,1.074380642809036196e-01,5.105403685441117778e-01,5.150575951290006227e-01,1.853422561211881814e-01,4.760500833298955681e-01
9.997514737782674521e-01,9.999999729315384167e-01,2.858095228505336260e-01,1.379274134496616400e-01,9.666087782387397520e-02,7.883976675311895610e-01,7.058194388902920835e-01,1.778618073148347800e-01,4.518495697481363371e-01
9.999999999625440728e-01,9.999965067326527235e-01,2.460021164986725406e-03,8.270079221651353008e-01,1.374577556553321089e-01,8.557002120169245885e-01,6.299703880362861330e-01,6.901040960840943983e-01,3.184381053293217634e-01
9.837929680396200194e-01,9.999999994540965664e-01,9.708143742040171720e-01,9.893830207504318297e-01,8.345684717148005305e-02,7.013284501755017164e-01,7.038636211471240856e-01,3.029376939178451411e-01,4.808264644536927035e-01
9.998402236483407979e-01,7.530489426739228609e-03,1.390866983907658727e-01,9.879774323140776415e-01,5.823492584475555844e-01,4.979757186754605325e-01,4.118610884088997892e-01,2.947726427313381858e-01,4.106291802080951348e-01
9.999999999999806821e-01,9.999342472313281771e-01,8.793256067221588701e-04,8.829475559202908386e-01,8.731230382441820814e-02,5.800434487517359683e-01,6.299703880362861330e-01,7.201809010288302559e-01,5.151648249816827008e-01
9.930490952171803221e-01,9.868713860047190201e-01,9.999978232417909840e-01,4.546998237758503869e-02,9.390713493783202359e-02,7.898685224283790163e-01,6.802770188121018968e-01,2.986958231106713324e-01,4.834524621113430176e-01
9.967396162994590636e-01,9.999995900274438743e-01,3.238362813207557034e-01,9.019325270024092234e-02,9.090578356978264163e-02,7.014121133348706350e-01,7.009155183972581860e-01,3.760329132213885428e-01,4.103992912108281321e-01
9.999223121005396120e-01,9.993309677071390285e-01,9.977603936136958396e-01,1.059532855964902542e-01,4.274892328463733016e-01,5.103418263499531760e-01,6.104119991687746438e-01,1.908567446326358552e-01,4.152960169330632834e-01
9.838518457453220289e-01,9.999688040545614554e-01,7.054069771754368778e-01,9.405906057592949843e-04,8.229426644648911437e-02,4.866473270903777237e-01,7.048216316941742221e-01,2.987117623934810728e-01,4.895565852573594556e-01
9.999999999999955591e-01,1.696069785588002338e-02,1.356719795283842234e-01,4.684210939441774135e-02,6.068471644796107345e-01,4.979757186754605325e-01,4.017714622539796387e-01,2.945702932991313139e-01,4.081959393586357399e-01
9.999999999999955591e-01,2.876940962597529863e-02,4.655871768203319327e-02,3.765796688075584431e-03,6.022930604445391189e-01,4.979757186754605325e-01,4.080550019451073540e-01,2.947726427313381858e-01,4.096135395738070284e-01
9.999728651178408922e-01,1.482124587729178762e-11,9.939360061345703379e-01,8.722026892660014186e-01,1.344441117075179659e-01,4.922806734398144091e-01,5.126988111440318185e-01,1.017492264229738486e-02,3.793007596807427273e-01
9.999999597487578828e-01,9.999995133719317142e-01,2.460021164986725406e-03,1.028940793750006133e-01,5.013195449460743774e-02,6.961758767282431037e-01,6.299703880362861330e-01,6.939909217422679522e-01,3.403050525578057983e-01
9.999999999625440728e-01,9.999888272095940334e-01,1.252779633861410280e-03,9.712035628577233570e-01,1.139236573464730284e-01,7.841674017231621274e-01,6.249928960357394869e-01,6.926508531283052106e-01,3.235038570207228181e-01
9.999230363668896171e-01,9.991072902902863317e-01,9.996105906042345168e-01,1.059532855964902542e-01,3.998757573756090422e-01,5.079715759361665972e-01,6.104119991687746438e-01,1.908567446326358552e-01,3.384088385513414621e-01
9.990602767592099420e-01,9.999999729315384167e-01,6.482679246146183516e-01,9.946998761273481149e-01,9.946061117412664798e-02,4.866473270903777237e-01,7.082120177200910138e-01,3.125337978113808535e-01,4.797721473233754752e-01
9.999475508751560771e-01,9.756764517520851721e-01,9.999913757914187240e-01,9.999973741629116786e-01,1.655489927209136125e-01,7.068202110651990999e-01,2.256306155375905620e-01,1.632474893759086332e-01,1.080374003330565047e-01
9.999976336851817971e-01,9.999963231775095274e-01,6.266337966668970860e-06,9.083877206053978526e-01,1.380440030630572523e-01,8.711263898439746134e-01,6.823380310688648143e-01,2.374655329761776457e-01,2.802016543399037385e-01
9.999927497557009604e-01,9.999963231775095274e-01,6.266337966668970860e-06,9.083877206053978526e-01,1.375086304605304677e-01,4.881964707550821569e-01,6.840400379623338134e-01,4.612969984292338843e-01,2.787945228199818493e-01
9.999728651178408922e-01,1.482124587729178762e-11,9.988624820496982970e-01,9.934084205122029054e-02,1.350636813641037937e-01,4.922806734398144091e-01,6.123319786994747549e-01,1.030820228657472470e-02,3.793007596807427273e-01
9.999223121005396120e-01,9.999984478297381241e-01,9.630717931304950685e-01,1.054611617256575040e-01,4.274892328463733016e-01,4.998268021124916416e-01,6.026773074103641825e-01,2.949103040024497191e-01,4.148612316427601199e-01
9.996609656566121105e-01,1.482124587729178762e-11,9.541833967529645966e-01,2.417756637816147539e-02,1.074380642809036196e-01,5.098611732000387642e-01,6.239627530693847568e-01,1.787355959141066208e-01,3.807488119547747241e-01
9.999999999999645839e-01,9.999903287826774623e-01,2.460021164986725406e-03,9.783295791015884646e-01,9.265116680895151002e-02,8.691961661507296988e-01,6.984324214337570558e-01,5.685482377106234608e-01,3.250466230849339833e-01
9.999999999999955591e-01,8.940844151687508123e-01,9.216487346397512770e-01,4.636667460201338020e-02,6.068471644796107345e-01,5.979782683702739021e-01,4.018403182908583116e-01,3.262157701969364831e-01,4.081959393586357399e-01
9.999999999986619592e-01,1.272536983047125800e-04,9.807429716283039278e-01,1.587814090435901715e-03,1.673678216384030248e-01,7.026316949422839464e-01,2.794317308990271198e-01,1.719001270555526040e-01,2.829539124472246758e-01
9.999728651178408922e-01,1.482124587729178762e-11,9.880089062296253388e-01,9.598567598933235856e-02,1.350636813641037937e-01,4.922806734398144091e-01,6.042434404730220310e-01,3.123238194151638503e-01,3.783693141359582013e-01
9.999999999999973355e-01,1.696069785588002338e-02,3.223333214403227565e-02,5.566025950700992375e-03,1.085667969833439828e-01,4.979757186754605325e-01,4.016917297389604458e-01,2.945702932991313139e-01,5.149282282794473975e-01
7.747119261208144092e-01,9.999885344893950645e-01,7.930020009129306047e-01,9.893673671985340201e-01,9.132631168588591086e-02,7.904942579488046794e-01,7.046179048052264582e-01,3.014973945849176440e-01,4.810137371135321249e-01
9.999976336851817971e-01,9.999963231775095274e-01,3.958798493398307805e-03,9.083877206053978526e-01,8.846132983231540237e-02,8.372937081694061812e-01,6.823380310688648143e-01,2.374655329761776457e-01,2.802016543399037385e-01
9.998891348202246787e-01,9.868032427319517463e-01,9.999987910979546424e-01,4.728301245514893170e-02,9.390626970541630925e-02,5.171555756932172399e-01,6.038161387361780097e-01,3.202057188286680511e-01,4.810846234713460068e-01
9.999999999999645839e-01,9.992112573895195471e-01,2.460021164986725406e-03,4.021924863873926892e-02,9.265116680895151002e-02,8.670819514118021099e-01,6.997118126525199155e-01,5.685482377106234608e-01,3.123590998751538117e-01
9.999747207594706921e-01,9.999999998420897596e-01,5.232546660360143376e-02,9.893629617461879855e-01,5.831974841488413858e-02,8.422796136499313135e-01,6.066703026384402397e-01,3.916147565861225477e-01,4.861745613808143296e-01
9.998564889704066871e-01,9.894565283192769956e-01,9.999957102703475043e-01,1.132868584921231658e-03,9.423498707403149544e-02,5.171555756932172399e-01,5.707288368480357699e-01,5.569446954507304426e-01,3.396607472647746873e-01
9.959019424366670759e-01,1.482124587729178762e-11,9.996278328541619018e-01,9.063176591316940423e-02,9.412981757287006146e-02,5.069972810106354588e-01,6.783568151116377010e-01,2.901328187972525285e-02,4.833711914347892380e-01
9.999801594118439274e-01,1.696069785588002338e-02,3.223333214403227565e-02,5.566025950700992375e-03,1.085084120330183366e-01,4.979757186754605325e-01,4.016917297389604458e-01,2.945702932991313139e-01,5.149282282794473975e-01
9.999999999999973355e-01,6.659851283047215492e-03,9.983397799973150466e-01,3.247887370382784855e-02,1.087072868227257627e-01,4.979757186754605325e-01,4.000045832315016203e-01,2.944555391591194837e-01,5.156561514749838926e-01
9.999728651178408922e-01,1.482124587729178762e-11,1.148156095998564274e-01,1.075408131462209094e-02,3.280992085602135733e-01,4.921903330143371225e-01,6.123319786994747549e-01,3.088279586123579001e-01,4.919535908950987690e-01
9.999999999986619592e-01,1.653697611161797365e-03,9.996116161999528682e-01,5.311564729752976666e-02,1.021550125247012997e-01,8.678270780922359151e-01,6.976582207887453979e-01,3.208461737869272579e-01,3.470759032308171621e-01
9.994216763943711834e-01,9.958219098591010177e-01,6.808237527694310787e-01,3.611649243371872764e-04,8.296517181811408070e-02,4.875955658257532521e-01,4.047118310614452596e-01,4.966498730107600790e-01,4.230759152119886179e-01
9.999999966330046508e-01,2.131491565092119567e-02,3.351508481805723361e-02,8.829475559202908386e-01,1.025504100526997975e-01,7.033653317502399638e-01,6.149984361796915211e-01,7.835836376860280117e-01,4.861192504190354757e-01
9.999974523821408834e-01,9.999963231775095274e-01,6.266337966668970860e-06,8.919392247880345570e-01,1.380440030630572523e-01,8.711263898439746134e-01,6.823380310688648143e-01,2.374655329761776457e-01,2.803783992396109426e-01
9.994830689212413910e-01,9.679088536295826772e-01,6.266337966668970860e-06,8.227039078278092221e-02,1.372343344594932069e-01,8.755568572995459098e-01,5.025716506337328804e-01,2.882115324299569514e-01,4.973931529585041700e-01
9.958865538288661501e-01,9.984077552495712604e-01,9.983746861377128523e-01,3.247887370382784855e-02,1.087072868227257627e-01,4.979757186754605325e-01,4.408747848342556286e-01,2.944555391591194837e-01,5.156561514749838926e-01
9.999747207594706921e-01,9.999999469213243231e-01,6.054618187129212625e-02,9.997325811387650640e-01,1.583263299197857354e-01,8.724765696515082158e-01,6.066703026384402397e-01,2.873536285098508003e-01,1.897421248535863247e-01
9.966799282071855393e-01,9.999999438375656302e-01,7.522706672335650602e-01,9.996899591641466021e-01,4.836218957469572838e-02,6.051819836850562684e-01,6.784984360837672535e-01,3.257557764426332048e-01,2.050046934565266654e-01
9.994830689212413910e-01,9.999963231775095274e-01,6.266337966668970860e-06,1.005113172787598375e-01,1.372401676754885225e-01,8.750976793738642900e-01,6.735711446204961650e-01,2.367131106183859024e-01,2.616804108253862893e-01
9.999999999995549116e-01,9.863873358998807017e-01,9.215328922564436365e-01,4.598390518511774605e-02,1.929133449405842082e-01,7.048897111711301955e-01,5.016594586525877641e-01,2.873157489167523782e-01,5.867162760850745951e-01
9.999999999986619592e-01,9.999999795796270519e-01,1.928556466568773220e-01,9.672981550007493379e-01,1.351268956098107266e-01,9.086836163255788135e-01,7.061422336022892265e-01,3.326620403801132109e-01,2.777913762135003073e-01
9.999999999554030072e-01,9.999888258993319123e-01,9.729439223603817410e-01,2.978662873823895163e-04,2.564073020929051316e-01,4.880994117299417567e-01,3.970914225882662407e-01,2.403799899583064781e-01,4.249062223657579240e-01
9.971796120809764963e-01,9.994114336735558934e-01,9.998311873788776616e-01,8.501482212043900977e-04,1.081205009519736193e-01,8.544680635655292900e-01,3.974689495612071521e-01,6.925243840516009941e-01,2.809302509821121063e-01
9.993717448890999666e-01,1.525008903671577214e-12,9.999333640315619665e-01,5.038780005658466399e-02,1.604830532923839925e-01,8.693382403572186279e-01,2.582567727486888565e-01,1.343897645117358985e-02,4.148817666824381467e-01
9.999929739912939430e-01,9.999963199600863106e-01,1.082100156807885849e-02,7.782710235725009973e-02,1.381807958667671810e-01,4.887090768016718600e-01,8.265727040814333515e-01,6.994731049978367698e-01,4.752627476398803563e-01
9.999728651178408922e-01,1.442751862747155298e-12,1.148156095998564274e-01,1.075408131462209094e-02,1.260813458870327641e-01,7.555909916898606582e-01,6.054225583345483885e-01,3.900766116426973573e-01,4.218738220201779798e-01
9.999996670071440441e-01,4.463231247852084138e-03,9.698016081127568411e-01,3.765796688075584431e-03,6.022930604445391189e-01,4.979757186754605325e-01,4.080550019451073540e-01,2.882846575634859243e-01,4.096135395738070284e-01
9.999728651178408922e-01,9.985253064097675546e-01,1.148156095998564274e-01,1.075408131462209094e-02,9.791527116895307192e-02,4.921903330143371225e-01,6.014412714614393307e-01,3.139843644724845673e-01,4.919535908950987690e-01
9.994445409383998502e-01,9.999963231775095274e-01,6.266337966668970860e-06,9.998727978797636862e-01,1.379334819911594012e-01,7.912531916318698011e-01,6.784710863736079789e-01,2.374655329761776457e-01,4.973931529585041700e-01
9.999999999986619592e-01,9.999999795796270519e-01,6.816250516863711084e-01,5.376912606475980905e-02,1.351268956098107266e-01,9.086836163255788135e-01,6.180758741999197170e-01,2.774982815421248028e-01,2.777913762135003073e-01
9.999999999986619592e-01,9.999973986533103876e-01,9.908971407390051445e-01,8.058139246410817025e-02,4.717044920875245601e-02,8.928425682970326793e-01,6.059923834560400069e-01,3.262618508634290704e-01,1.850270387517300441e-01
9.999999999986239896e-01,4.479606947924263949e-03,9.999577552694365323e-01,1.437461354334014507e-03,1.601479512369133884e-01,7.194029248980953195e-01,7.419160576734897816e-01,2.025044852597501777e-02,5.444592795318774492e-01
9.999929739912939430e-01,9.999996457179336495e-01,7.046407049162078939e-01,1.068735468656951265e-02,8.228628456587705475e-02,4.887090768016718600e-01,8.265727040814333515e-01,6.808958993398436244e-01,4.752403216863388402e-01
9.067036376427861644e-01,9.999989472464971829e-01,7.947426818159988304e-01,9.986083584862404106e-01,8.588493460694068826e-02,5.052554827564408324e-01,5.090078992578509487e-01,1.089207785404004702e-01,4.081665637054980866e-01
1.000000000000000000e+00,9.862877142726627078e-01,9.943252872638841389e-01,3.566283010942583598e-03,1.819059219152681095e-01,6.780737468150502822e-01,6.472192048967928546e-01,5.720072246955323347e-01,3.035546727159784686e-01
9.999999999999996669e-01,9.998279168906298864e-01,9.490114189256213528e-01,1.103114662585717720e-03,4.968169847387294419e-02,7.894933918093385294e-01,7.400031076005989528e-01,2.314457814315377671e-01,3.074732249899523873e-01
9.999999999622274371e-01,9.994270017436878151e-01,9.215328922564436365e-01,1.874265864444046858e-02,1.929133449405842082e-01,9.784457256290132188e-01,5.107604042562683411e-01,2.873157489167523782e-01,5.867162760850745951e-01
9.784739002206317426e-01,1.013616136360489709e-14,2.270231414710785142e-02,8.950115356001483446e-01,3.316036150769176016e-01,5.873225694344035297e-01,6.695412832240781320e-01,4.882593503706094684e-01,4.987141124106839185e-01
9.999968897242984545e-01,9.999998590403174070e-01,2.059618349781922042e-02,9.083877206053978526e-01,9.329266184311688082e-02,5.953278337788421304e-01,6.740870806351931810e-01,2.375322317935550931e-01,4.938185157952343363e-01
9.999999999095686709e-01,9.999987595600711154e-01,9.686513662401806668e-01,7.397290536936301786e-02,1.412940516151963699e-01,4.940914234206109645e-01,7.069483090623629451e-01,1.652284030416842353e-01,2.777913762135003073e-01
9.999999999999996669e-01,9.999999524523154326e-01,9.937825547426207828e-01,1.645747921631630223e-02,1.319503535006360806e-01,7.298251650547576963e-01,7.070742757647054955e-01,3.273617832952278595e-01,5.668706915283141523e-01
9.972167157714275643e-01,9.996039791691997412e-01,9.980279252209187657e-01,6.527437130524638143e-02,9.680796027396502967e-02,9.046601623926610047e-01,7.206425436184334954e-01,1.908056232414913345e-01,1.741156222406829990e-01
9.966231249337815790e-01,9.999999995603856551e-01,7.537721935103577353e-01,1.059583257329958089e-02,2.336626037623880658e-01,7.896139006870834809e-01,6.983815432825650760e-01,2.403255598551494732e-01,4.918650871943678338e-01
9.999999995627444349e-01,9.967241612344328594e-01,9.999575065493534476e-01,2.789211849690498290e-03,1.597293074594912932e-01,7.194029248980953195e-01,6.515475377219535069e-01,1.547916207378673137e-02,4.755421893902933572e-01
9.994827522999970570e-01,9.999913408369327517e-01,6.266337966668970860e-06,1.005113172787598375e-01,1.372401676754885225e-01,8.750976793738642900e-01,4.422378183252440587e-01,2.836573368398179196e-01,2.616804108253862893e-01
9.999999906965854057e-01,9.999912351503150720e-01,3.238362813207557034e-01,1.105362014719616925e-01,9.888379903105926072e-02,8.750985705835191419e-01,6.074762198124019630e-01,3.939417698134274337e-01,3.145914339206625221e-01
9.999999275863812320e-01,1.482124587729178762e-11,1.148156095998564274e-01,1.075408131462209094e-02,3.280992085602135733e-01,4.921903330143371225e-01,6.123319786994747549e-01,3.088279586123579001e-01,4.919535908950987690e-01
9.999999999999996669e-01,9.999999937736862021e-01,9.224538356697560282e-01,1.093188428703437132e-01,3.223642137150448672e-01,8.549114070313226232e-01,7.103028081964218865e-01,3.285538629938723476e-01,5.742346317927384813e-01
9.763848288122906061e-01,9.999999791329299281e-01,7.288956798509024226e-01,9.984135893006186313e-01,1.180186245972807552e-01,7.847705509423620329e-01,4.047227136737552300e-01,5.082119071300541524e-01,3.186201538212961037e-01
9.987423460435030931e-01,8.089289131582185172e-13,1.606907830995334152e-05,1.839080355538518230e-01,1.376264457861214319e-01,8.701491542946718782e-01,4.084031867609561606e-01,2.687420998455239407e-02,3.038885023081537851e-01
9.999999999999996669e-01,4.479606947924263949e-03,9.999575065493534476e-01,2.789211849690498290e-03,1.180792726453032682e-01,7.184686574717658036e-01,6.065730359981323927e-01,2.025044852597501777e-02,5.444592795318774492e-01
9.999999999994849675e-01,9.862877142726627078e-01,9.999723271828476756e-01,5.266127862235792101e-03,1.684389956661890286e-01,6.780737468150502822e-01,6.427460602690874270e-01,5.083609174463679103e-01,3.028423780847926960e-01
9.999999999999996669e-01,9.999997882043699660e-01,8.641778870672411905e-01,9.966164387471736497e-01,1.006623108753939011e-01,7.060283972926456597e-01,7.169497232024885092e-01,2.421002496262444903e-01,3.159081854247243748e-01
9.994877766024656829e-01,9.999913408369327517e-01,6.266337966668970860e-06,9.999716282333599437e-01,1.372401676754885225e-01,8.750976793738642900e-01,8.145535660867071481e-01,2.836573368398179196e-01,2.616804108253862893e-01
9.999999999999996669e-01,9.998279168906298864e-01,9.863512185578958702e-01,8.688982879478945875e-04,4.968169847387294419e-02,7.025383489950539628e-01,8.279266768266377863e-01,2.271569017228348975e-01,3.670334235439792203e-01
9.998190317757091883e-01,1.013616136360489709e-14,2.270231414710785142e-02,8.939838607753051170e-01,3.413345591415716807e-01,7.341687946006444365e-01,7.025260480099025928e-01,4.882593503706094684e-01,4.987141124106839185e-01
9.999999999999996669e-01,2.368864290876349088e-03,1.230848872013440287e-02,8.801042836425568838e-01,9.778114308408608624e-02,7.030837002243949252e-01,7.069411704670067742e-01,2.421002496262444903e-01,5.605839457659242964e-01
9.999651523825382471e-01,9.862877142726627078e-01,9.943252872638841389e-01,5.776871607646796858e-04,1.684389956661890286e-01,6.780737468150502822e-01,4.047758460847532547e-01,5.083609174463679103e-01,3.035546727159784686e-01
9.993208852712333057e-01,9.994099221842193126e-01,1.527023431162111144e-02,2.673497841970282822e-04,1.401830343556289271e-01,8.777736993603985072e-01,6.148676432888784404e-01,3.029625203157945146e-01,3.039874465064911768e-01
9.924328986093448046e-01,9.999999879156429294e-01,2.337902264604689861e-01,5.321543382660054444e-03,9.966643339879448227e-02,9.135481002853804711e-01,6.261724318973205250e-01,2.403590768862887972e-01,3.993116884863454064e-01
9.646847352039268353e-01,3.535313393238124591e-13,9.950337101456475652e-01,2.393034118028702223e-02,1.284491780367681690e-01,8.838638592584431297e-01,6.943617116908431530e-01,2.127756213231110638e-01,2.813576443314070863e-01
9.999999999998541167e-01,9.999997795118346078e-01,1.928556466568773220e-01,6.855832098072978109e-02,1.887062679770921680e-01,9.084433191905441074e-01,7.033542053458757826e-01,2.073457355856846152e-01,2.777913762135003073e-01
9.994699317942272732e-01,9.999913408369327517e-01,6.266337966668970860e-06,4.244822522546959354e-03,1.372401676754885225e-01,8.750976793738642900e-01,4.422378183252440587e-01,2.836573368398179196e-01,3.391157248072010355e-01
1.000000000000000000e+00,9.857951706697354322e-01,3.593197600671133030e-02,2.179450813202928050e-02,1.172716378118822955e-01,6.780737468150502822e-01,4.043452855203246710e-01,4.909801604528357677e-01,3.035546727159784686e-01
9.999999999994849675e-01,9.862877142726627078e-01,9.999721666137389997e-01,5.266127862235792101e-03,1.684389956661890286e-01,6.780737468150502822e-01,6.427460602690874270e-01,5.083609174463679103e-01,2.984829592463575376e-01
9.999999999986619592e-01,9.983025011032010676e-01,1.130951756181845791e-02,4.311861830338537677e-03,2.051778043414974051e-01,9.648618999977575106e-01,6.352314735437618598e-01,2.403590768862887972e-01,3.993116884863454064e-01
9.999999999999996669e-01,9.219845235538521866e-01,1.128567063723939778e-03,5.014407718941116948e-03,1.377718591345055144e-01,7.792895551836284129e-01,3.234648290861777964e-01,5.816966642410775767e-01,3.188668197696969964e-01
9.989251856961985920e-01,9.999999061957989266e-01,9.999706400394637873e-01,1.121375442457936966e-01,1.379786746746688997e-01,9.730007090653712831e-01,6.929354064214690023e-01,5.082119071300541524e-01,2.786428865908974206e-01
9.999999999999996669e-01,9.999999525133194123e-01,9.996927742989600851e-01,1.093188428703437132e-01,1.177400553682320661e-01,7.111929060939414793e-01,4.012274859904721991e-01,3.273617832952278595e-01,5.742346317927384813e-01
9.999999999986981525e-01,9.999999799185135263e-01,9.520630979925036597e-01,9.999385541131724509e-01,1.251340044776861060e-01,8.162546425422579910e-01,7.037216450473097185e-01,3.256495316432678200e-01,2.453354971859584011e-01
9.999999999999431566e-01,9.999999521134290692e-01,1.760401704651645693e-01,4.333455623267701284e-05,1.421663973132880621e-01,7.278769161836958768e-01,7.068265130011469610e-01,1.699245199297103881e-01,5.860069173383835039e-01
9.909908269464756669e-01,9.999136952348548490e-01,9.999995991880598067e-01,2.202314863558180180e-02,9.106561009100268278e-02,8.578076359868288536e-01,6.205141547771357846e-01,2.091833304853091269e-02,4.032397281749698914e-01
9.999999999998763212e-01,9.999999795796270519e-01,1.928556466568773220e-01,6.808997469678726433e-02,1.287066394960951210e-01,8.846739415083630931e-01,7.069483090623629451e-01,2.128805601534844716e-01,2.777792826493048484e-01
9.646847352039268353e-01,3.535313393238124591e-13,9.950337101456475652e-01,7.756624619382555819e-03,1.410365901558693902e-01,9.078735340756587391e-01,6.943617116908431530e-01,2.402541380559154172e-01,2.813697378956026007e-01
9.924328986093448046e-01,9.999999879156429294e-01,2.264996591024967532e-01,2.040045259973861935e-02,9.258660431634273269e-02,9.059079266510449147e-01,6.261724318973205250e-01,5.090754139566018299e-01,3.988792928916911618e-01
9.999999999999996669e-01,9.999999024038432882e-01,2.817081648675698879e-01,9.767078554549997182e-01,1.169300893253544804e-01,9.110251582051915875e-01,4.128391187319496725e-01,2.131024448992725751e-01,2.780203181070982632e-01
9.999999999986619592e-01,9.999999929814064048e-01,8.536308611761392884e-01,5.556072127650579784e-03,1.042009194963965657e-01,7.182079551078105473e-01,6.261724318973205250e-01,2.403590768862887972e-01,3.993116884863454064e-01
9.258619227258046980e-01,8.089289131582185172e-13,1.606907830995334152e-05,3.106369254454455220e-02,1.602616588420612553e-01,7.797101407296307407e-01,1.834144674563952249e-01,3.473260385482851431e-02,2.946506740937158142e-01
9.953834282470601647e-01,3.125641097151441827e-13,9.999998112138823725e-01,1.236269484286269503e-02,9.087402718652511091e-02,8.593944992914792635e-01,6.983216251007249298e-01,2.091833304853091269e-02,4.075991470134051053e-01
9.999999999625440728e-01,9.999283803893947997e-01,9.999706400394637873e-01,9.984135893006186313e-01,1.153490894370440695e-01,6.832351418854414327e-01,3.978689289320795908e-01,5.082119071300541524e-01,3.001351988301554363e-01
9.999999999996871392e-01,9.999999799185135263e-01,9.563820620414363871e-01,9.883775928998002058e-01,1.786645227247800061e-01,8.162546425422579910e-01,2.116227776018002882e-01,3.055424864553032416e-01,3.144873225933328964e-01
9.904227376219471024e-01,8.089289131582185172e-13,1.606907830995334152e-05,2.945713233662261565e-01,1.227636695531521271e-01,7.797101407296307407e-01,7.242461649395919299e-01,5.168600671773930788e-01,3.233374707025921668e-01
9.994776694533215045e-01,9.996331356638941124e-01,5.661679250898218191e-04,8.921646531493461207e-01,3.289286640430690856e-01,6.953662508713047696e-01,6.075260400216657697e-01,3.221909817739559423e-01,3.183558847476516407e-01
1.000000000000000000e+00,9.862877142726627078e-01,9.997546852597228861e-01,2.246153947706530651e-02,8.559548835173294568e-02,6.832296508041215688e-01,4.028093675531589923e-01,5.115122136271181841e-01,3.000566385620033749e-01
9.999999999999996669e-01,9.999999524523154326e-01,9.520630979925036597e-01,9.895046912757485824e-01,1.346063577567500336e-01,6.961062936400638224e-01,7.035998489860937344e-01,3.849324166508854006e-01,5.569873181994293709e-01
9.999999999625440728e-01,9.999999795796270519e-01,9.999706400394637873e-01,9.984135893006186313e-01,1.180706520695399692e-01,9.959461986624535967e-01,3.978689289320795908e-01,5.082119071300541524e-01,3.186201538212961037e-01
9.999999999986978194e-01,9.982673616180613996e-01,9.520630979925036597e-01,9.999385541131724509e-01,1.251340044776861060e-01,8.162546425422579910e-01,7.044873777747928667e-01,3.261836219636413126e-01,2.694925916488037365e-01
9.999999999986622923e-01,9.999903589431928808e-01,1.130951756181845791e-02,6.029274439098182559e-04,2.051778043414974051e-01,9.648618999977575106e-01,6.344657408162788226e-01,2.398249865659153046e-01,3.936724230703096405e-01
9.999999999621612679e-01,9.528096377213562951e-01,9.999992149296772492e-01,9.968900600859355032e-01,9.068423565245771478e-02,8.570269211517682617e-01,6.419143477531806807e-01,5.711670215867641343e-01,3.253007113884207047e-01
9.999999999625440728e-01,9.927191113664406430e-01,9.999706400394637873e-01,1.342937293862922488e-02,1.181820105960867812e-01,9.995170722359537629e-01,3.978689289320795908e-01,5.083650215300659081e-01,3.274281662484985755e-01
9.999996185240682678e-01,1.588843487783425656e-02,2.795231716025607660e-02,9.749527911458427676e-01,1.170453812082103418e-01,5.015739261575287156e-01,4.006228799087088732e-01,2.201648520796673225e-01,5.126243494912166021e-01
9.993906868433510837e-01,9.999999579240691494e-01,1.872978807790786071e-01,9.909641166280043212e-01,9.791787407565810675e-02,7.310972263172469399e-01,7.008836533672615499e-01,5.013328975785833475e-01,4.782659566038784948e-01
9.999997156347570915e-01,9.280816769841304659e-01,9.981960434996540732e-01,2.673497841970282822e-04,1.174888955304188992e-01,9.002024824907498557e-01,4.898912410891642644e-01,5.072352314390230488e-01,3.247123529538505915e-01
9.999999999625440728e-01,9.525509386557815539e-01,9.999992149296772492e-01,9.756424343949079425e-01,9.068423565245771478e-02,8.570269211517682617e-01,6.098903742784783644e-01,5.718582143792185768e-01,5.698169589868536944e-01
9.999999895943080253e-01,9.999999929814064048e-01,8.536308611761392884e-01,5.556072127650579784e-03,1.048260509006997687e-01,7.182079551078105473e-01,6.261724318973205250e-01,2.320228847596399469e-01,3.985945665808929284e-01
9.971144429657613495e-01,9.999970628845491483e-01,9.998311873788776616e-01,3.399578291186439172e-02,9.246659612420163321e-02,8.579681259951229544e-01,3.989755137707093890e-01,5.061341898627885749e-01,3.112480912173326564e-01
9.999999999625440728e-01,9.999999795796270519e-01,9.982155288773744140e-01,1.283285676269094733e-01,1.022878105466733384e-01,9.730007090653712831e-01,7.207524244434898586e-01,5.082119071300541524e-01,3.186201538212961037e-01
9.999999999978121945e-01,9.999999024038432882e-01,2.817081648675698879e-01,9.985023496713706370e-01,1.173635097065111599e-01,9.190064940761573098e-01,4.128391187319496725e-01,2.131024448992725751e-01,3.196082016192196007e-01
9.999999999991644462e-01,9.999980492369152651e-01,5.528666771224266530e-03,1.042449136104223323e-01,1.588672517438234344e-01,8.162588525480924950e-01,6.735715329554473607e-01,3.652655318152733810e-02,3.830191979504595778e-01
9.999999999999996669e-01,9.999898640729764088e-01,2.636447583051887422e-02,3.577178449829188089e-03,1.346063577567500336e-01,7.951106969518960677e-01,3.977800762329208872e-01,3.253995173105678207e-01,5.535510382519781558e-01
9.461969852797833536e-01,9.999959765289184732e-01,1.606907830995334152e-05,1.737509036514655811e-04,1.547367281622690494e-01,9.135439021755130673e-01,7.123134356627576214e-01,8.524979908494317860e-02,5.453915299854907861e-01
9.999999999999996669e-01,4.479606947924263949e-03,9.929523136749549561e-01,5.555902271580646576e-03,1.180792726453032682e-01,7.184686574717658036e-01,6.065730359981323927e-01,2.958076655122522380e-01,5.443547847872765022e-01
9.999999999999996669e-01,2.368864290876349088e-03,7.731058793250034089e-02,8.734951833216224593e-01,9.778114308408608624e-02,7.030837002243949252e-01,7.048561030681839146e-01,2.421002496262444903e-01,4.073162677650644659e-01
9.999999999999996669e-01,9.758441723402506707e-01,9.999575065493534476e-01,2.789211849690498290e-03,1.180907559314982591e-01,7.184686574717658036e-01,6.065730359981323927e-01,1.690822760266452729e-02,5.444592795318774492e-01
9.999999999999996669e-01,9.999999436225085470e-01,1.157825305460977172e-02,8.784983328270711267e-01,1.166235269698752131e-01,9.682387904872382656e-01,7.015479331206748714e-01,2.131024448992725751e-01,3.162326849948264851e-01
9.999999282636030662e-01,9.999999995087821558e-01,9.999715519192347024e-01,1.113561042788895408e-02,1.215896099108297046e-01,9.612818754966648838e-01,6.643979276950110480e-01,5.806621292390143907e-01,3.407189301710094598e-01
9.066369428143891129e-01,9.999791139777859383e-01,7.947426818159988304e-01,2.903315375655624031e-02,5.962601879639363167e-01,9.063603091875657158e-01,5.090078992578509487e-01,1.094470468841075711e-01,4.150657666268494639e-01
9.999999999621612679e-01,9.984053684008232787e-01,9.999992149296772492e-01,9.840016115922369799e-01,9.068423565245771478e-02,8.570269211517682617e-01,6.382495766271302218e-01,5.711670215867641343e-01,3.253007113884207047e-01
9.999999999639184178e-01,9.999999879156429294e-01,1.745573799284340366e-02,2.519855110302837709e-04,1.615931135704958554e-01,9.135481002853804711e-01,6.922853963023511970e-01,5.556192242591596608e-01,2.948459990015463994e-01
9.999999999625440728e-01,9.911134226600875063e-01,9.999997579230093248e-01,8.885866261064432337e-01,1.167159585621291018e-01,9.110417963136970831e-01,4.219201643528658896e-01,2.136994538418970357e-01,2.896181595543950160e-01
9.999999999733908407e-01,1.190136188994668498e-02,1.122228397455482529e-02,1.613770187996521610e-03,1.337042331625763469e-01,5.167057657177884789e-01,6.973370099574021097e-01,5.580631416260077859e-01,2.900973464629013066e-01
9.969017302175809947e-01,9.999999952148727056e-01,2.077261723111246683e-01,2.167380326218804054e-02,1.373534874456816546e-01,7.961731576647034236e-01,6.317122151645070405e-01,4.787251544993563757e-01,4.965983893149305550e-01
9.717296812869860023e-01,9.999999799185135263e-01,9.520630979925036597e-01,9.999385541131724509e-01,1.251340044776861060e-01,8.162546425422579910e-01,7.037216450473097185e-01,3.224308690463871807e-01,2.453354971859584011e-01
9.999996754455184877e-01,9.999999976739227803e-01,9.496149924396787290e-01,4.654300525356219742e-02,5.960292915435191352e-01,8.874802023730332667e-01,6.439033120616923789e-01,2.321960449260238868e-01,3.048252404628923329e-01
9.999999840047550936e-01,9.999999524523154326e-01,9.766200916341095661e-01,7.247454887796378475e-03,1.008123215051699578e-01,7.317185770230901776e-01,6.924803172394138340e-01,1.722643040950860849e-01,5.594025669579454352e-01
9.999956507026224184e-01,9.999844607897211413e-01,9.999992149296772492e-01,9.305792338855412016e-01,9.215761743290604158e-02,7.110013630068570123e-01,7.026707349939744773e-01,5.809848213454286148e-01,5.636498880066904693e-01
9.999999872698942527e-01,9.999933320687651728e-01,3.541547063804495465e-04,7.815744033783250666e-01,8.529972111335973328e-02,8.530016684876063904e-01,7.093285971277818458e-01,3.990759023130709404e-01,2.825527220361909730e-01
9.999999999625440728e-01,2.878306273984190811e-02,9.999986291686532303e-01,2.915075462787741767e-03,1.277943288359074669e-01,7.965142215268175008e-01,7.094424731918664850e-01,5.990496056056028307e-01,3.392285246154247424e-01
9.999999999999996669e-01,9.999995279806698223e-01,9.982355838217896737e-01,7.387910582601605602e-01,1.337112608965679572e-01,7.031689915228990229e-01,7.060113272482421154e-01,2.071001685547620152e-01,3.245255447334579046e-01
9.999999302717185179e-01,9.999231894097365680e-01,9.999986291686532303e-01,1.407577368710832832e-03,2.753287318067855205e-01,8.563496760500637350e-01,6.281441683327014802e-01,4.045357794857388778e-01,4.139396059530118799e-01
9.999999999986619592e-01,9.999999934211569741e-01,2.337902264604689861e-01,2.519855110302837709e-04,3.017112450646767807e-01,7.497276676762907321e-01,6.922853963023511970e-01,1.708173420339642035e-01,3.991108981909587405e-01
9.999999999625440728e-01,3.976569816731119478e-02,9.999997588064812870e-01,6.224603491418900791e-03,1.234297567279220020e-01,8.343964780212602683e-01,5.526406344779388746e-01,5.184500921562432696e-01,4.018511851641241583e-01
9.999999999625440728e-01,3.008095934718646447e-02,9.999986291686532303e-01,9.931687723425184355e-01,2.808162014522153083e-01,8.332417143987909114e-01,6.051177027773628758e-01,5.720552399938567678e-01,3.253007113884207047e-01
9.999999999625440728e-01,9.954566915923438453e-01,9.999986291686532303e-01,1.407577368710832832e-03,2.791500551142184761e-01,8.335059281000257725e-01,6.280300829696733311e-01,4.733990878904992816e-01,3.260576240058686293e-01
9.999999999984731103e-01,9.999664996261350414e-01,9.999242446567052633e-01,3.768946931231809128e-03,1.733207455011115949e-01,9.729173965881956487e-01,6.449728448805162051e-01,5.072047273747526397e-01,3.185415935531439868e-01
9.995491536818293943e-01,9.996757492834915659e-01,2.202456272748480326e-01,1.035305300561228936e-02,9.524903510107586568e-02,6.889328630894410166e-01,7.079956419963031600e-01,3.292665055706748833e-01,4.766575071230368943e-01
9.258199315704989107e-01,9.999996480061108528e-01,9.873135958520731226e-01,7.387910582601605602e-01,1.044780517591040042e-01,9.110160557796193048e-01,7.060113272482421154e-01,2.098635271693920779e-01,3.245255447334579046e-01
9.999999282636030662e-01,9.999999578664291455e-01,9.980720442851536145e-01,1.623097416589436987e-03,1.236501439979309225e-01,9.899454155297611191e-01,6.451717041283356879e-01,5.074382852970769076e-01,3.180425571755914338e-01
9.999999999991644462e-01,9.999983730256374326e-01,8.151734122729237253e-03,1.042449136104223323e-01,1.588672517438234344e-01,8.152803719490347989e-01,6.735715329554473607e-01,3.652655318152733810e-02,3.830191979504595778e-01
9.999999999986619592e-01,9.999999934211569741e-01,2.438987500216131532e-01,9.671581090314409490e-01,3.017112450646767807e-01,7.497276676762907321e-01,2.079650537604161298e-01,1.708173420339642035e-01,3.991108981909587405e-01
9.999999999625440728e-01,5.954015252067137998e-04,9.999997588064812870e-01,8.508967969635887751e-01,1.234297567279220020e-01,7.691768704302849313e-01,5.526406344779388746e-01,5.184500921562432696e-01,4.018511851641241583e-01
9.940872442786136132e-01,9.998801055014739925e-01,9.999974282255148506e-01,9.979397606056152892e-01,1.008584309562524373e-01,6.773652976410077242e-01,6.408801702911915976e-01,5.897191124225755754e-01,3.181583418171446409e-01
9.973710239411239797e-01,9.780784251817754571e-01,9.999997905930338993e-01,9.714334240216671024e-01,7.618637170139205828e-02,8.594809613312933694e-01,6.985294429375737968e-01,5.627518209878767941e-01,4.062438263720880016e-01
9.999999999990553112e-01,9.999999024038432882e-01,9.882646356615036876e-01,9.740446724828215608e-01,1.169300893253544804e-01,9.148189157055234277e-01,4.128391187319496725e-01,2.131024448992725751e-01,2.776069132228177194e-01
9.990742398272333125e-01,1.423452619902526555e-11,9.932141583444121791e-01,9.873068949811181216e-01,3.020433903925696661e-01,6.878715018348688925e-01,5.491156165466291039e-01,2.814762261922588715e-01,1.890296344346650559e-01
9.914521562202229799e-01,9.999999910932749758e-01,9.999893660639905812e-01,9.866064678666779802e-03,1.192780085130346474e-01,9.764968811331846688e-01,6.922835023796013454e-01,2.418560811913951225e-01,4.186645001151829693e-01
9.978045002847508727e-01,9.999994331448773810e-01,9.999987912867487339e-01,1.623097416589436987e-03,1.237887709247549317e-01,8.599208588229495520e-01,6.451717041283356879e-01,2.300611991832030023e-01,3.615499930899847558e-01
9.956923729506552689e-01,9.999994727954995000e-01,9.999986291686532303e-01,9.738104265770686219e-01,1.224756551841341690e-01,6.895902106773565965e-01,6.265712335421376178e-01,5.595055786858462721e-01,3.173437213060011919e-01
9.999999999625440728e-01,9.907939685287731058e-01,9.999986291686532303e-01,8.157319787751995399e-01,2.760260340537968871e-01,7.886780560912353133e-01,7.120089807903088319e-01,5.913301567144034765e-01,3.096176892520930424e-01
9.999999999643335302e-01,9.954566915923438453e-01,2.350509553244323202e-02,1.407577368710832832e-03,2.791500551142184761e-01,9.713341915374453794e-01,7.080747470925510267e-01,4.733990878904992816e-01,3.150374540685199620e-01
9.999958343628809754e-01,9.999999912009803760e-01,9.999418297762757701e-01,5.321543382660054444e-03,9.966643339879448227e-02,9.809575304097400972e-01,5.758705751817693175e-01,5.243433616138714060e-01,5.157247558535404952e-01
9.999997173586372412e-01,9.999999952148727056e-01,7.140597804182087505e-03,7.593984102171201789e-01,1.383445967819458833e-01,7.297684960271271226e-01,7.015131635084216333e-01,2.432356240170251427e-01,4.771432520109522013e-01
9.999999999991542321e-01,9.999999934211569741e-01,4.288523988493049277e-01,4.457999508664725608e-04,2.170253561737051085e-01,7.483402962665129943e-01,6.925083024551157429e-01,1.821818938738921090e-01,3.991108981909587405e-01
9.999999999625440728e-01,9.999988585681536257e-01,9.999997454958226006e-01,9.739845162619938934e-01,1.603781900028080631e-01,8.555628443051624954e-01,5.861782516364786311e-01,5.197873765032516857e-01,3.991330095823369950e-01
9.999999654125736326e-01,9.999632502261880385e-01,9.999994055217449329e-01,9.582491393530233603e-01,3.034056961751487314e-01,8.335059281000257725e-01,7.159486961520712400e-01,4.733990878904992816e-01,4.716227887327328339e-01
9.999999999625440728e-01,9.999988718532811793e-01,9.999986291686532303e-01,3.249707965952530753e-03,1.603781900028080631e-01,8.559773408528933425e-01,6.687263931581441945e-01,2.501174020953115251e-01,3.253007113884207047e-01
9.999999999931292738e-01,9.999989531804559517e-01,9.999986291686532303e-01,9.771511967223081019e-01,1.224802498145480256e-01,8.559896758967699970e-01,6.415909753211617161e-01,1.970561427574482327e-01,3.179873272180757660e-01
9.998985858029917351e-01,9.999994331448773810e-01,9.999928612990643950e-01,5.685190817442002664e-02,1.235601012183763503e-01,8.599208588229495520e-01,6.451717041283356879e-01,2.300611991832030023e-01,3.841287030191697371e-01
9.974566690475181741e-01,9.999632502261880385e-01,9.999994055217449329e-01,6.158674783598544478e-02,4.031444507088444151e-01,8.600646996288129342e-01,7.171421060647915624e-01,4.908535465814395371e-01,3.281654518654607000e-01
9.999999999991644462e-01,9.999999754469560687e-01,9.643556693926513823e-01,1.042449136104223323e-01,1.588672517438234344e-01,8.162588525480924950e-01,6.685426797681010003e-01,3.026851036344799240e-01,3.830191979504595778e-01
9.999999999625440728e-01,9.997036633868245925e-01,9.999986291686532303e-01,7.850406117366066638e-01,2.791500551142184761e-01,6.747730026021814265e-01,6.280300829696733311e-01,4.733990878904992816e-01,3.263798317492196954e-01
9.975357647100794312e-01,9.999999999663150563e-01,9.999345274749475987e-01,6.727828864267378084e-04,1.237887709247549317e-01,8.600976096547449101e-01,6.445612206118103149e-01,2.991207522196738799e-01,3.012705311549623288e-01
9.978045002847508727e-01,9.999996218299814776e-01,9.999987912867487339e-01,6.910421278697276293e-02,1.237841762943410751e-01,8.597843312496046275e-01,6.453748590101933136e-01,5.965602861850504146e-01,3.838697521017906955e-01
9.954199596036985564e-01,9.953005469463810373e-01,9.999986291686532303e-01,9.990128352162377379e-01,2.940349224020625263e-01,7.007123609233136818e-01,7.081852807622647239e-01,5.895543070608750824e-01,3.137350737333128858e-01
9.962251302572150413e-01,9.999863810587293900e-01,9.999987912867487339e-01,8.982249177744150437e-03,1.237841762943410751e-01,8.893957794813937001e-01,6.450689516526695311e-01,5.965602861850504146e-01,3.442992249018847484e-01
9.637283095817900103e-01,9.999997521521424293e-01,9.999987807012948871e-01,2.499769133679008437e-02,1.262620307516873486e-01,7.886780560912353133e-01,6.143458387216992334e-01,5.966998809901492562e-01,3.430930478263772843e-01
9.999999999999998890e-01,9.956134014592641357e-01,9.999986291686532303e-01,9.430095220391666588e-01,2.822571570763600102e-01,7.178577901089687741e-01,7.063133431535403295e-01,5.757784542124108063e-01,3.137350737333128858e-01
9.999999999999996669e-01,9.954959267375692589e-01,9.999777256028614669e-01,1.581423458640257573e-02,1.328022145904669271e-01,7.009861997734717631e-01,6.263619855058831787e-01,2.071001685547620152e-01,3.245255447334579046e-01
9.998441212876241213e-01,9.999999912379889944e-01,9.999778457844417101e-01,2.167453920461137606e-03,1.169591319468356039e-01,9.507428936904267491e-01,6.207724962172971317e-01,2.345980953068790564e-01,4.897611741056833168e-01
9.999955838385247153e-01,9.999999754469560687e-01,1.142123648093018029e-01,1.042449136104223323e-01,1.588672517438234344e-01,8.179150350304605910e-01,7.012754135564428504e-01,3.026851036344799240e-01,3.830191979504595778e-01
9.914521562202229799e-01,9.999999910932749758e-01,9.999893660639905812e-01,1.941564623948144330e-02,9.981360786541292052e-02,9.764968811331846688e-01,6.922835023796013454e-01,2.428168536320675641e-01,4.145630464523722969e-01
9.999999999625440728e-01,9.954566915923438453e-01,9.999997201906173361e-01,1.407577368710832832e-03,1.194544261217845016e-01,8.334865491902778700e-01,6.280300829696733311e-01,4.733990878904992816e-01,3.260576240058686293e-01
9.975357647100794312e-01,9.999999999663150563e-01,9.992889391153271239e-01,6.727828864267378084e-04,1.171069629404350165e-01,8.614786547389601257e-01,6.445612206118103149e-01,2.991207522196738799e-01,3.089146460952105766e-01
9.999955930595949560e-01,9.999999952148727056e-01,6.254198363128875282e-02,9.909641166280043212e-01,1.373534874456816546e-01,6.975720831374937481e-01,6.924945464795606576e-01,2.442882990787081654e-01,4.952990723473135737e-01
9.978045002847508727e-01,9.999863810587293900e-01,9.999987912867487339e-01,8.948179508678036007e-03,1.237841762943410751e-01,8.250845911333796190e-01,6.453748590101933136e-01,5.972829874256140315e-01,2.456860172145863275e-01
9.999955930595949560e-01,9.999999952148727056e-01,9.711002485856976008e-02,9.909474004684400983e-01,9.145785575281886737e-02,9.286658282169804046e-01,7.014697812490042761e-01,2.442882990787081654e-01,4.056232912821696734e-01
9.425483674115902044e-01,9.768966009312924914e-01,1.674603547042324836e-06,9.990845082840889013e-01,1.746180907784667669e-01,6.894078453011551755e-01,6.258551349393879359e-01,1.772692511936641568e-01,4.948331690121497983e-01
9.713010356772712184e-01,9.852017297098654147e-01,9.868862417561734546e-01,4.770438421251255168e-02,1.070003534778891929e-01,7.794762277028475239e-01,6.103701518052047081e-01,5.989802614421476656e-01,3.028966405554384678e-01
9.999978396435192929e-01,8.065089377153080719e-01,9.999522080611622510e-01,9.999243687737801034e-01,7.470022397630909916e-02,8.218819066848690458e-01,5.591364716940840918e-01,3.293663305601476354e-01,3.051758507456535652e-01
9.704194994870766200e-01,1.482124587729178762e-11,9.512357703102196638e-01,9.005068770348217955e-02,1.054045666427300687e-01,7.843056983207583599e-01,6.082261368815521374e-01,5.046626642280627184e-01,3.104943050942414184e-01
9.999955930595949560e-01,9.999999952148727056e-01,5.394715092680524293e-03,9.909474004684400983e-01,8.604947480707550445e-02,9.286658282169804046e-01,7.014697812490042761e-01,2.442882990787081654e-01,4.056232912821696734e-01
9.978478094256074682e-01,9.999863810587293900e-01,7.452142467109530016e-06,4.436602128324898531e-02,1.240853443503177334e-01,8.608841144509056242e-01,6.856156065917670128e-01,6.798152832540476087e-01,3.438195544954602556e-01
9.999999999999996669e-01,9.999995279806698223e-01,4.731016668480636511e-03,7.387910582601605602e-01,1.337112608965679572e-01,6.668122665464555343e-01,4.588212768485430693e-01,2.268420303202899335e-01,3.245255447334579046e-01
9.992857522762921274e-01,9.808556006167876706e-01,2.837879354273004084e-01,9.994572777406395270e-01,1.037390535748840686e-01,9.077958669281995796e-01,7.111043347813618132e-01,6.011487111743263334e-01,3.969804545890633363e-01
1.000000000000000000e+00,9.999767789401092788e-01,9.956376261621334711e-01,4.131874161333937145e-02,1.229940306230761365e-01,8.190169084412787237e-01,6.000073820317302076e-01,4.953691274891515728e-01,3.185415935531439868e-01
9.974833366746109764e-01,9.999999999663150563e-01,9.999345274749475987e-01,6.727828864267378084e-04,1.236480282470860947e-01,8.600976096547449101e-01,6.440354241181964756e-01,2.991207522196738799e-01,3.004648707797889506e-01
9.975357647100794312e-01,9.999999999663150563e-01,9.999345274749475987e-01,2.941426683852152446e-03,1.237887709247549317e-01,8.607854292046626110e-01,6.445612206118103149e-01,2.988133004204285292e-01,3.012705311549623288e-01
9.981107864478806491e-01,5.348156897375176920e-12,1.674603547042324836e-06,9.995029596532938321e-01,1.746180907784667669e-01,6.888692522954175113e-01,6.258551349393879359e-01,1.772692511936641568e-01,3.242982289399089502e-01
9.708615154195323615e-01,7.105653649654324339e-13,9.527542927594302435e-01,9.493199213016354499e-01,1.561891928705882171e-01,7.812255222322609383e-01,6.083941723908076193e-01,5.046626642280627184e-01,3.112059345699894619e-01
9.978245237769776121e-01,9.803234442190275066e-01,9.999987912867487339e-01,3.752511122095070206e-03,2.836112413102198637e-01,8.599208588229495520e-01,6.451717041283356879e-01,4.017449716338887256e-01,3.998109833235028998e-01
9.987657316884651637e-01,9.999999999663150563e-01,3.125414976119023081e-02,8.718400984579265378e-01,1.237887709247549317e-01,9.110746990239558807e-01,5.853228757818660366e-01,5.181097910486265334e-01,3.189203871316457217e-01
1.000000000000000000e+00,4.019928284610008173e-02,9.956376261621334711e-01,1.113755430995627682e-01,1.229940306230761365e-01,7.769810094131780476e-01,6.313918326413006099e-01,1.786909301738616174e-01,3.185415935531439868e-01
9.915359356096233867e-01,9.999999910932749758e-01,9.986590168347465601e-01,4.802737094115992755e-02,2.783104610769993603e-01,7.962948869746940828e-01,6.217841755782400615e-01,2.090446899964549798e-01,4.138788974991045033e-01
9.999999366578128379e-01,9.999999952148727056e-01,9.425577994200359244e-01,1.176803757723614008e-01,1.583242391217946354e-01,8.165719956090965459e-01,6.687370474606625370e-01,3.040039412148073938e-01,4.041000626666060858e-01
9.921751982710229623e-01,5.348156897375176920e-12,1.674603547042324836e-06,9.995029596532938321e-01,1.039569034044997009e-01,6.894078453011551755e-01,6.258551349393879359e-01,1.772692511936641568e-01,4.948331690121497983e-01
9.983120194161545502e-01,9.969238960211910250e-01,1.342352904000865266e-03,7.815654411976619143e-02,1.248217801872738425e-01,9.258536484102966035e-01,7.102244906271546476e-01,5.081584808053813962e-01,3.097603519766624069e-01
9.676916171846481340e-01,9.999999999616340229e-01,1.154446584470795317e-02,9.893968324127203617e-01,1.045632726880754149e-01,9.105762369943506407e-01,5.044068132622265832e-01,4.973968652367674048e-01,4.016604317209925279e-01
9.981737260194160077e-01,9.999989531804559517e-01,9.999986291686532303e-01,7.667529155734206237e-01,1.224802498145480256e-01,8.559896758967699970e-01,6.415909753211617161e-01,2.032323167091349414e-01,3.097695523200514889e-01
9.999999999931292738e-01,9.999989531804559517e-01,9.999485952363015295e-01,9.998994449971628784e-01,1.224802498145480256e-01,8.240153046448555063e-01,6.415909753211617161e-01,1.969022971145026613e-01,4.229220467174410469e-01
9.998431657603433775e-01,9.999999998194826212e-01,9.404534315740207262e-01,9.890945617540243262e-01,1.670349017162646721e-01,8.622181117842510067e-01,4.128391187319496725e-01,2.020286230356315715e-01,2.773414600806756170e-01
9.999999999991644462e-01,9.999999754250844530e-01,9.636550045803241593e-01,2.991138562738454576e-02,1.388876094039746822e-01,7.291279007738747930e-01,6.320232084361434577e-01,5.021784910910818134e-01,4.753867291796031735e-01
9.998685462984144845e-01,9.999999999663150563e-01,8.033794327852160633e-01,6.727828864267378084e-04,8.055397069610251148e-02,8.600976096547449101e-01,6.521513602677504462e-01,4.984460315686216614e-01,3.013411501276546112e-01
9.999970994707040317e-01,9.999999999663150563e-01,3.125414976119023081e-02,9.433710550377092385e-01,1.236530495795175877e-01,9.110746990239558807e-01,5.883245228394994308e-01,5.181097910486265334e-01,3.189203871316457217e-01
9.977693742470864491e-01,9.999999961330586773e-01,9.999345274749475987e-01,9.966726783049922878e-02,1.048284099805607827e-01,8.600976096547449101e-01,7.185998138089984000e-01,1.286351616169315037e-03,3.102140006181779985e-01
9.999997838317917775e-01,8.785939250373903109e-01,9.796623754797396666e-01,9.999243687737801034e-01,7.465615600640627958e-02,8.218819066848690458e-01,4.923247214466096588e-01,3.848633057282930814e-01,3.968574782450078331e-01
9.999798074438479567e-01,9.999999346212151696e-01,7.787623759022068715e-01,7.468729472199187036e-01,1.052540192146317194e-01,8.877005489818711181e-01,6.721376335616270348e-01,5.946284282985404568e-01,3.824269644123696743e-01
9.999999999991644462e-01,9.999999999974809040e-01,9.636550045803241593e-01,9.432479156800694930e-01,1.393421261690994672e-01,7.291279007738747930e-01,6.685426797681010003e-01,5.000795219709213146e-01,4.754091730994465803e-01
9.224055093808967154e-01,5.348156897375176920e-12,1.275778623750778440e-07,9.995029596532938321e-01,2.835970185315459524e-01,6.939979254761783345e-01,5.762755486852262354e-01,4.953692742896174672e-01,5.672625306275866919e-01
9.732416742559204526e-01,9.999999078177029821e-01,4.507834902854696013e-03,8.070657893266136584e-04,1.235288913825001583e-01,8.078348334838941769e-01,6.413997504042567854e-01,5.043431853593892678e-01,2.860330263384530114e-01
9.998685462984144845e-01,9.999998708439571393e-01,3.634478130255414108e-03,6.727828864267378084e-04,8.055397069610251148e-02,8.600976096547449101e-01,6.521513602677504462e-01,2.159628147727292169e-01,3.318496551420041518e-01
9.681569177689615113e-01,9.999999961330586773e-01,9.999990998196036651e-01,1.038000338718156890e-01,1.048284099805607827e-01,8.601058947045799874e-01,7.072563194514505103e-01,3.548712895782225873e-02,3.407189301710094598e-01
9.997234757666655369e-01,9.989920527841524844e-01,1.674603547042324836e-06,9.995029596532938321e-01,1.054559723703243634e-01,8.596668296220124628e-01,6.461025398408446474e-01,1.760128432316532265e-01,5.991465858258827604e-01
9.750750930840761388e-01,9.897499600120294172e-01,1.513000001357673110e-04,8.535032472399977088e-01,1.070859091275213615e-01,8.865319110851032081e-01,6.983828300808511136e-01,4.973968652367674048e-01,4.008837455762676583e-01
9.708692680424770849e-01,9.999994284528740396e-01,9.999987912867487339e-01,3.789690319160349263e-03,2.791848172899424330e-01,8.600776355521195793e-01,6.468281595641102166e-01,2.086096942694015688e-03,3.642279510574569779e-01
9.989627105376670535e-01,9.999998753376144744e-01,9.885042111284301214e-01,9.858951982421593208e-04,1.411415058256894062e-01,8.599208588229495520e-01,6.098891065351753626e-01,2.217458471337712400e-01,3.825397410845287616e-01
9.999947273331408759e-01,9.999999099287331106e-01,1.081734708435199387e-03,9.747488831978938784e-01,1.242721371129483637e-01,9.848999407010090579e-01,4.959000894867057196e-01,3.857777386728670765e-01,3.320507805167057791e-01
9.999979743421730793e-01,9.999994284528740396e-01,9.999988935139298984e-01,2.084303136648452126e-03,2.791848172899424330e-01,8.600776355521195793e-01,6.468281595641102166e-01,3.223192785435038954e-01,3.642279510574569779e-01
9.998431657603433775e-01,9.999999117752069733e-01,1.384214278971190870e-02,9.891962302019382536e-01,7.035673829646432731e-02,7.785724771182302995e-01,7.122347714955673537e-01,2.020286230356315715e-01,2.772977029051639786e-01
9.998523818753078940e-01,9.999999961330586773e-01,9.999345274749475987e-01,9.753358436609359527e-01,1.047239217856576615e-01,7.170814304722163968e-01,7.185998138089984000e-01,1.286351616169315037e-03,3.407189301710094598e-01
9.999999999991644462e-01,9.999999999974809040e-01,9.532401364229127205e-01,9.432479156800694930e-01,1.230420482232404827e-01,7.291279007738747930e-01,6.685426797681010003e-01,5.000795219709213146e-01,3.752058147369120578e-01
9.999184806269665327e-01,9.999999995884419901e-01,5.774031092492526440e-05,1.095934868465778811e-01,1.050781454842543428e-01,8.701663136119777153e-01,7.072563194514505103e-01,3.439984912582679799e-01,2.801910822075018848e-01
9.733531218031482579e-01,9.999999999663150563e-01,9.505647307579883076e-01,6.727828864267378084e-04,1.045870889662759567e-01,9.116372811141378874e-01,6.995868104554909817e-01,5.090570717862945571e-01,3.876654521603423165e-01
9.999467671970598825e-01,9.392857134967054211e-01,1.674603547042324836e-06,9.853994612000340769e-01,2.006899868020634581e-01,8.185181446607818767e-01,6.258507096940928438e-01,3.986692137403310410e-01,3.824665109809085028e-01
9.999999999999966693e-01,9.999999999974809040e-01,9.532401364229127205e-01,1.319023266857666243e-02,1.184945355093561942e-01,7.272413916656872424e-01,6.689259356119772182e-01,5.001079551820017954e-01,3.725452784833200859e-01
9.981110282397469557e-01,9.999999999901730829e-01,1.154446584470795317e-02,8.774642557259397790e-01,7.517340740063142845e-02,9.105762369943506407e-01,6.941618250335214180e-01,4.974264051865351366e-01,3.594829715051857111e-01
9.998431657603433775e-01,9.999999117752069733e-01,2.284669860234554983e-01,9.999985921266044686e-01,9.846979853865170385e-02,8.841522491571437437e-01,6.041112752496853311e-01,2.020286230356315715e-01,2.777606586927462984e-01
9.999993975908151311e-01,9.994009193138689850e-01,4.762269649285721940e-03,1.096125165692536929e-01,9.580081188600911291e-02,9.097650325798829485e-01,4.529053784624824663e-01,6.800502396723973053e-03,3.855598190587847252e-01
9.999966725480560203e-01,9.980303201932496648e-01,9.999994057581989004e-01,3.752511122095070206e-03,4.241105920023330866e-01,7.980960221214489225e-01,7.562446792339532209e-01,3.261609327710250361e-01,3.615499930899847558e-01
9.981829891701248236e-01,9.997332795031694808e-01,7.950027468857423507e-03,2.576622475333190110e-03,1.389000645570494241e-01,8.176279301388205134e-01,7.070463971482509047e-01,5.964449473432358317e-01,3.194788637801607156e-01
9.987067981555918239e-01,9.999767789401092788e-01,9.965803586091718236e-01,9.998609618041652825e-01,1.301654186403588265e-01,6.847398153860030368e-01,7.036892837480877017e-01,3.928660463032973005e-01,3.107305022129980276e-01
9.999999999945009543e-01,9.999989531804559517e-01,9.999928734839287348e-01,1.758770390371372505e-02,1.228562651848785631e-01,8.559896758967699970e-01,6.415909753211617161e-01,2.080457327469136253e-01,3.595714806019022491e-01
8.791447464699531089e-01,9.999999999901730829e-01,2.037048312843903197e-02,9.848654134346092048e-01,1.045266896672897156e-01,9.125610311802616614e-01,6.983917759461181207e-01,4.974264051865351366e-01,4.016604317209925279e-01
9.999184806269665327e-01,9.999977460029058074e-01,5.774031092492526440e-05,1.095934868465778811e-01,1.218906427403861764e-01,8.701663136119777153e-01,7.080052268778687097e-01,5.185600459317454280e-01,3.881328413256148191e-01
9.999994011533621663e-01,9.999998793461816193e-01,7.356821165954696706e-01,1.124760676521021352e-01,9.688279461619050958e-02,9.097650325798829485e-01,4.529053784624824663e-01,1.697228804402844959e-03,3.895764388174863813e-01
9.999999999995317079e-01,5.032968660077130618e-03,9.999587941786949319e-01,9.787134254591416394e-01,5.037982817432220400e-02,8.334671708980356808e-01,6.051561059751854321e-01,2.917993889451991896e-03,3.142117878230650807e-01
9.999999999995317079e-01,9.983268465752651588e-01,9.999786144113158581e-01,4.221840765961275277e-02,5.481734206511414131e-02,8.310994831092852753e-01,6.460953075016399039e-01,3.530235772599576993e-01,4.512997774906735704e-01
9.999999999995317079e-01,9.870814699690009242e-01,9.881482021066503307e-01,9.999991977072915095e-01,5.037982817432220400e-02,7.545324897721896740e-01,6.458890193511137578e-01,2.917993889451991896e-03,3.086808452044706996e-01
9.999467671970598825e-01,9.606754039781474352e-01,1.674603547042324836e-06,9.853994612000340769e-01,1.969196065685962227e-01,8.614960159596306566e-01,6.270982014077768341e-01,3.986692137403310410e-01,3.824665109809085028e-01
9.899364139994354383e-01,8.665059888061370508e-01,7.673956185888205009e-07,2.808959201660993221e-04,1.421916031227981325e-01,8.049716518676715005e-01,7.159083453253782814e-01,1.999057808151824822e-01,2.506461759336794937e-01
9.832090441027296901e-01,9.993026843600620879e-01,9.999992079481405671e-01,3.177333279420499826e-03,1.506466832566409342e-01,8.600776355521195793e-01,6.449978524553072745e-01,2.086096942694015688e-03,3.642279510574569779e-01
9.490379998350861879e-01,8.665059888061370508e-01,7.673956185888205009e-07,6.864157168880169468e-05,1.421916031227981325e-01,8.049716518676715005e-01,7.159083453253782814e-01,2.000396286135350532e-01,2.463905609873617841e-01
9.999467671970598825e-01,9.354387829978046964e-01,1.674603547042324836e-06,9.997794385201053124e-01,2.006899868020634581e-01,8.185711633853979263e-01,5.585201173799114738e-01,3.986692137403310410e-01,3.824665109809085028e-01
9.999999991208751160e-01,8.069503913436747444e-01,6.852483648261350503e-05,9.999964221426806965e-01,1.676860571536501476e-01,7.738385830590255310e-01,6.054993476259726837e-01,4.260761024643594519e-02,4.933502727869339965e-01
9.999999999928517180e-01,9.999989526951260643e-01,5.115475398964643844e-03,9.770990486976024458e-01,1.164670879392103314e-01,7.614070423619774264e-01,7.133558220205553635e-01,5.763173223181745630e-01,3.179873272180757660e-01
9.999999999931292738e-01,9.820261705497365101e-01,9.999986291686532303e-01,9.764826460921725015e-01,1.224802498145480256e-01,8.225040613593664895e-01,6.421373815999674717e-01,1.970561427574482327e-01,3.093079518556640650e-01
9.998476428285296702e-01,9.999999961330586773e-01,9.999635270327325021e-01,9.713471954818831966e-01,1.047239217856576615e-01,7.164135152593478217e-01,6.606118473897601984e-01,1.286351616169315037e-03,3.407189301710094598e-01
9.999999999928517180e-01,9.999989526951260643e-01,2.255883618329473927e-02,9.763371697853611142e-01,1.212840434215751162e-01,7.307535526472610510e-01,7.052261883058857928e-01,2.238989648724552528e-01,3.182682233729816623e-01
9.968162502853032958e-01,9.999881206097331887e-01,9.999968829114671554e-01,1.092323213396696399e-02,1.066898529690698816e-01,9.146031911886880472e-01,7.641550779105623636e-01,2.005167661391840939e-01,2.774871772176709106e-01
9.534747205841848094e-01,9.988219686188135604e-01,4.387570416881925173e-07,1.839449997340408816e-02,1.558598954398046355e-01,6.821308516831243729e-01,6.376453539915171165e-01,5.035049677172276361e-01,4.948331690121497983e-01
9.919922768977680327e-01,9.992109825881170249e-01,1.043778936965301940e-01,9.999994335678848989e-01,1.304156517679412319e-01,8.804913445292269492e-01,6.257914910185456980e-01,4.835279893837094445e-01,3.100062687151513563e-01
9.674781208218254935e-01,5.061637898127814440e-13,9.999999466410298687e-01,1.959580631300650300e-02,9.930146616576307483e-02,8.613048774228089233e-01,6.033363093253806264e-01,9.723454263845215939e-03,4.452987735084758536e-01
9.726899981343536394e-01,9.993281261759304757e-01,9.999999087219283433e-01,8.160719990066682694e-01,9.852231265425590023e-02,8.568496124743247844e-01,6.444776203815800741e-01,3.409757410950986500e-02,4.520073385903285446e-01
1.000000000000000000e+00,9.999767789401092788e-01,5.496575006251680495e-02,9.998256004039830502e-01,1.410108232130873329e-01,8.190169084412787237e-01,7.069171011036644581e-01,3.928660463032973005e-01,3.107305022129980276e-01
9.999994857694974870e-01,9.999999999974809040e-01,9.957088586772139260e-01,9.992144342596169793e-01,1.235161108219629961e-01,8.412438678570913764e-01,6.998806640179716654e-01,4.782220187926677912e-02,4.926530039963603613e-01
9.999999999999616973e-01,9.999993126687569678e-01,6.565425545282781439e-01,9.860032859562875007e-01,1.106036463461653740e-01,8.190169084412787237e-01,7.036892837480877017e-01,3.928660463032973005e-01,3.107305022129980276e-01
9.999214358168582173e-01,5.348156897375176920e-12,4.387570416881925173e-07,9.811694306746853167e-01,3.899183151947775705e-02,8.186838649216703345e-01,6.456880764990684529e-01,4.686034920979575968e-02,4.949124747714157002e-01
9.999994857694974870e-01,9.999999999974809040e-01,3.265605517821142390e-01,9.420150323908801360e-01,1.319701861281860622e-01,8.603099040000437014e-01,6.635058008602559010e-01,7.400579802180703992e-02,4.926530039963603613e-01
9.505862883876408098e-01,8.509422629741550947e-01,9.999612439578461354e-01,9.999947862847089475e-01,9.884717224317134121e-02,6.719954296851583520e-01,7.026341431833116324e-01,3.357057004378990461e-01,5.059262979797188864e-01
1.000000000000000000e+00,9.999767789401092788e-01,9.956376261621334711e-01,1.068919827816255941e-02,1.287821419970478498e-01,9.127659125435302334e-01,7.041504455519446148e-01,3.860043503109679697e-01,3.107305022129980276e-01
9.621084150031937732e-01,5.348156897375176920e-12,9.582804277972279960e-01,9.997491308595342074e-01,1.769691986630000935e-01,6.821308516831243729e-01,6.052634591298678979e-01,5.004172088936339469e-01,4.948331690121497983e-01
1.000000000000000000e+00,9.414662473171817592e-01,9.956376261621334711e-01,1.068919827816255941e-02,1.280034684654656474e-01,9.070599768953548914e-01,7.040404834862619143e-01,3.860043503109679697e-01,3.187823693896976174e-01
9.831157105498429249e-01,9.851874688360862109e-01,9.999999466410298687e-01,5.216631721329301197e-03,9.930146616576307483e-02,8.608570890684463794e-01,7.060480851994747065e-01,1.794768753891234914e-02,3.094835847827860920e-01
9.999214358168582173e-01,5.348156897375176920e-12,9.700742036902921805e-01,9.997195716635466356e-01,5.334446698512156082e-02,8.186838649216703345e-01,6.417373655543961997e-01,4.686034920979575968e-02,4.949124747714157002e-01
9.993382957005083611e-01,5.348156897375176920e-12,4.387570416881925173e-07,9.812818195324769510e-01,3.071973779301222229e-02,8.186838649216703345e-01,6.593776399527093712e-01,2.355773724585091822e-02,4.949124747714157002e-01
9.999999999999519273e-01,9.999999999974809040e-01,9.933830461037429505e-01,9.853539939042229578e-01,9.912365470813294666e-02,9.650882220018844881e-01,6.684647956410135761e-01,3.433582922681032157e-01,3.764245581714408262e-01
9.999999999991644462e-01,9.999999999974809040e-01,6.599128297446003044e-01,9.432479156800694930e-01,9.911600907394048365e-02,9.557771663190781641e-01,6.684647956410135761e-01,3.387978326255257633e-01,4.118145439072766756e-01
9.999999999991644462e-01,9.596245422568914218e-01,1.355002673684102543e-03,9.986909217939697880e-01,1.307365312057161000e-01,6.912211802184383691e-01,6.274563633262728590e-01,3.445227379333456463e-01,2.771027693760877431e-01
9.999214358168582173e-01,5.348156897375176920e-12,4.387570416881925173e-07,7.934866092358423550e-01,3.899183151947775705e-02,8.186838649216703345e-01,6.456880764990684529e-01,4.686034920979575968e-02,3.078651194570636296e-01
9.991066906405110526e-01,9.999999999974809040e-01,9.914189467867265959e-01,8.874288864820100153e-01,1.230420482232404827e-01,8.420408332396770446e-01,6.695290187747497956e-01,6.181217898384303577e-01,4.922446757635799419e-01
9.999999999991644462e-01,9.999999991342337635e-01,9.592384129647220092e-01,8.706404741041553486e-01,1.582782376970522653e-01,8.161030518053128402e-01,6.246475132572807398e-01,3.997130602660560750e-01,3.830191979504595778e-01
9.999214358168582173e-01,5.348156897375176920e-12,4.387570416881925173e-07,7.015629333830822878e-01,3.899183151947775705e-02,8.186791326881317499e-01,6.456880764990684529e-01,4.686034920979575968e-02,3.107331591118709380e-01
9.999999999886364233e-01,9.993377559787560704e-01,9.918231260739729382e-01,9.999627852588854893e-01,1.287821419970478498e-01,7.605749832487362916e-01,6.997624239163753312e-01,5.319333989401606178e-02,3.243697723656472354e-01
9.781849379308521497e-01,9.953093856078774060e-01,9.999998930844600231e-01,9.997148124256359791e-01,1.753460923301150554e-01,6.826655690676848298e-01,6.040411748599886499e-01,4.494237586912341875e-02,3.310206373723646456e-01
9.869119742181794441e-01,3.166659600586517432e-13,5.942893549358438604e-06,9.828467881063975842e-01,1.412545725484715686e-01,8.250243818973689303e-01,7.133468217042716608e-01,3.260256494586221132e-01,4.941754130750151131e-01
9.998498718397086371e-01,9.999852533480976247e-01,9.989887085703350600e-01,9.999537233658495339e-01,8.876867564766113827e-02,9.917703866464876450e-01,6.334609549247618432e-01,5.319333989401606178e-02,3.252878472027761481e-01
9.999129820969576699e-01,9.999999999974809040e-01,7.155243713281330686e-01,9.422191275475698680e-01,1.230420482232404827e-01,7.241076607749958871e-01,6.685426797681010003e-01,4.962706502217544280e-01,4.178608494967028797e-01
9.999988147230142177e-01,9.999999999974809040e-01,9.746035718041030638e-01,9.422191275475698680e-01,1.229960710630344095e-01,8.410139792979076656e-01,6.669652214659147482e-01,6.181217898384303577e-01,4.926530039963603613e-01
9.800111034029772572e-01,8.144803993777922635e-01,6.852483648261350503e-05,9.999964221426806965e-01,1.415060198097004007e-01,6.851104857340758469e-01,6.022623774468822688e-01,5.753739545678648870e-01,4.933502727869339965e-01
9.567916595124804635e-01,9.999999999901730829e-01,9.949627777922710470e-01,9.907669088762867116e-01,7.753358572479193689e-02,9.133019332295170267e-01,3.888847343724212147e-01,5.585826045453621269e-01,4.528443672263930964e-01
1.000000000000000000e+00,9.999767789401092788e-01,6.692144959191748121e-01,9.998099394878652291e-01,9.636807720148779510e-02,8.173574340000209215e-01,7.036892837480877017e-01,3.928660463032973005e-01,3.107305022129980276e-01
9.999999999995492495e-01,9.996922184739199801e-01,9.999551763153651240e-01,5.059732966377192276e-02,1.058719165785915600e-01,7.564907317583736690e-01,6.455273240010791502e-01,3.894495826013835149e-01,4.513632065108170721e-01
9.996299340902510266e-01,9.794498913387922334e-01,9.708463635260575764e-01,9.999961878990222264e-01,1.268699603867598502e-01,7.983512073280951693e-01,7.036892974380521970e-01,5.265129455651876289e-02,3.139247157151346390e-01
9.869119742181794441e-01,3.166659600586517432e-13,9.896582006263646702e-01,4.346497840915891642e-02,1.045446222731897523e-01,8.250243818973689303e-01,4.090612538871326587e-01,3.260256494586221132e-01,4.938750193390450405e-01
9.999999999995317079e-01,9.995384909610776081e-01,9.999616535036185416e-01,4.841684540471957732e-04,5.481734206511414131e-02,8.298385972532450472e-01,6.370230810018739920e-01,5.050611206122754826e-01,4.537846534882243321e-01
9.999128001087387307e-01,9.999999999974809040e-01,3.337397049227492363e-01,9.704206401163475437e-01,2.866228138806146131e-01,8.185701881521365575e-01,6.961625112011641248e-01,6.181217898384303577e-01,4.742802562683595680e-01
9.999129820969576699e-01,9.999999999974809040e-01,1.516988514612765959e-02,9.422191275475698680e-01,1.744975503659748628e-01,6.780863618122678904e-01,6.685426797681010003e-01,4.962706502217544280e-01,4.182917924502684848e-01
9.999999999999442668e-01,9.999925997665566335e-01,9.999616425463483393e-01,4.841684540471957732e-04,5.120270666943085164e-02,7.361586202849573768e-01,6.709284113458348076e-01,2.668454428802760625e-02,4.521324499194173119e-01
9.999977719474579807e-01,9.999633737036273118e-01,4.387570416881925173e-07,9.526164247510624516e-01,3.912750157794558231e-02,8.195687133039678551e-01,6.920583096897319209e-01,2.828234052077407967e-02,4.799411439455615325e-01
9.999966501645225492e-01,5.348156897375176920e-12,4.332434079388331437e-06,9.738107049657748204e-01,1.091573686473926719e-01,7.282979636367543641e-01,6.457542051702886976e-01,5.841255525401345405e-02,4.254970400518622853e-01
9.923938532725280481e-01,5.061637898127814440e-13,9.999999466410298687e-01,9.600277464479116674e-01,1.762513204001025791e-01,6.826413657694818671e-01,6.035450998823795876e-01,4.601740611546366599e-01,3.191806071073315376e-01
9.888295202906416392e-01,5.061637898127814440e-13,9.999999466410298687e-01,9.999054864040984869e-01,2.051579593088349307e-01,8.213127009085180452e-01,5.595448925412800367e-01,5.111010816699874670e-01,3.094835847827860920e-01
9.999966501645225492e-01,3.276702778029559847e-12,1.963419079948736101e-03,9.740581285935452360e-01,1.091573686473926719e-01,7.241882090789579784e-01,6.685853523101145113e-01,5.841255525401345405e-02,4.254970400518622853e-01
9.999975887313031775e-01,5.348156897375176920e-12,4.387570416881925173e-07,9.281945279749252986e-01,3.878736655756928609e-02,8.195687133039678551e-01,5.392356625067664666e-01,3.277227188740376995e-01,4.254970400518622853e-01
9.999219831209184006e-01,5.348156897375176920e-12,4.387570416881925173e-07,9.738107049657748204e-01,3.833118784772900772e-02,8.036360621507583346e-01,6.259784925146514301e-01,5.841255525401345405e-02,4.254970400518622853e-01
9.999231975805380479e-01,5.348156897375176920e-12,4.387570416881925173e-07,9.949654856553993287e-01,3.909967528334317571e-02,8.185892242234517058e-01,6.357618791749642950e-01,6.230791164041460384e-02,4.719133768681527119e-01
9.999980817489469986e-01,9.270031414407879922e-01,4.387570416881925173e-07,7.131616421279667051e-02,5.508269395045490430e-02,9.991424247465624520e-01,7.028579678999746783e-01,2.159729927969811225e-02,4.254970400518622853e-01
9.999996444163922193e-01,9.981556193495355611e-01,4.387570416881925173e-07,9.738449000693063518e-01,4.118642436199320550e-02,8.190093668947127092e-01,7.041522950579440776e-01,3.982619159779779427e-01,4.254970400518622853e-01
9.999996378242994588e-01,9.992603299095829117e-01,4.387570416881925173e-07,9.738107049657748204e-01,4.133085166124678134e-02,8.406346598393216185e-01,6.342804615056543138e-01,6.266880666151741774e-02,3.960296627105971967e-01
9.999996997783660024e-01,9.708736175842289651e-01,4.387570416881925173e-07,1.092120825243725335e-02,4.133085166124678134e-02,8.406346598393216185e-01,6.041955228005427836e-01,2.302147973596377004e-02,3.960296627105971967e-01
9.999999999995317079e-01,9.765947805994631414e-01,9.999616425463483393e-01,5.566103094407741370e-05,5.464055008339028380e-02,8.473581541529293659e-01,6.261255456842905742e-01,2.171906431524486814e-02,4.979852100684862837e-01
9.984173718471310854e-01,9.999994068002352465e-01,9.999954812764250134e-01,9.999627852588854893e-01,1.768257102068331865e-01,6.872623088634755018e-01,6.198981671077197220e-01,1.879506758299620550e-03,4.432111152799934062e-01
9.590796154417191577e-01,5.061637898127814440e-13,8.474164694040082768e-01,9.997401284114338926e-01,2.027124133883390911e-01,9.161829674159029935e-01,6.035450998823795876e-01,5.128851424218610067e-01,4.752815882648360191e-01
9.999625455109086847e-01,9.996469429549118546e-01,9.999616425463483393e-01,5.293532316881337241e-05,5.464055008339028380e-02,8.473581541529293659e-01,6.399319895794224333e-01,1.647067106899746669e-02,4.521324499194173119e-01
9.999986363066772910e-01,9.999988096810018545e-01,9.918231260739729382e-01,9.999627852588854893e-01,1.287821419970478498e-01,7.350242000416050692e-01,6.334609549247618432e-01,3.216718280289827536e-01,3.243697723656472354e-01
9.999999999993874900e-01,9.999993081086566704e-01,9.662681307265833519e-01,9.999627852588854893e-01,5.512962669347390432e-02,8.225576647658945362e-01,6.198981671077197220e-01,2.917543764985396776e-02,4.763555660847166862e-01
9.999999999995317079e-01,9.995384909610776081e-01,9.999616535036185416e-01,1.549058699411676177e-02,1.777876507211602342e-01,8.294597800097479601e-01,6.370230810018739920e-01,5.050611206122754826e-01,4.524982911689443554e-01
9.945870730669348347e-01,5.348156897375176920e-12,2.634316064072106389e-07,9.998963378406973135e-01,1.766616255156500115e-01,6.745826108311981928e-01,6.334682485507417971e-01,5.481162933164493434e-02,3.298430226643909724e-01
9.567916595124804635e-01,9.999999999901730829e-01,8.199646034897575264e-01,9.966194207438546782e-01,1.072241120866205544e-01,9.187548992930619773e-01,3.818039929654529763e-01,5.937993580562795914e-01,4.742396143270509179e-01
9.999999991800185839e-01,9.999767606153147081e-01,9.930384338491370366e-01,9.999417156168840526e-01,1.045570145678073742e-01,9.829640658111329365e-01,6.270082887033351371e-01,4.990304539416675622e-01,3.243697723656472354e-01
9.999305215803456770e-01,9.827612713257199983e-01,4.387570416881925173e-07,1.351979722615730961e-01,5.508269395045490430e-02,9.925563211465303626e-01,7.834428681054782517e-01,7.243214500763595076e-02,4.946981422987647425e-01
9.999986306050999696e-01,5.348156897375176920e-12,1.713503237935599666e-01,9.281945279749252986e-01,3.878736655756928609e-02,8.195687133039678551e-01,5.404598917424963123e-01,3.277174530638258254e-01,4.254970400518622853e-01
9.999999999995317079e-01,9.738699956573897420e-01,9.999989156863597906e-01,5.566103094407741370e-05,4.990609083534515433e-02,6.745683646219583496e-01,6.414121878816519962e-01,2.171906431524486814e-02,4.521324499194173119e-01
9.999999999886781676e-01,9.998463740357335094e-01,2.213111146013974073e-02,2.980766473114959680e-03,5.504228418648057786e-02,8.192748449360743868e-01,7.030448483476130495e-01,5.870855216197623516e-03,3.776558643011352356e-01
9.996810604761769969e-01,9.999921523132022649e-01,9.594685206433121172e-01,9.997693171638750709e-01,1.001216211777682108e-01,7.142129851027603227e-01,6.800252289054435906e-01,3.267878702646706546e-02,4.969608105292320221e-01
8.131534914520852642e-01,9.999923178588124850e-01,9.598246381632250523e-01,9.790487511395655762e-01,1.000857665276124603e-01,7.868320811153545202e-01,7.055772080009128366e-01,2.062191839258557258e-01,4.971072401894608417e-01
9.989280383825195342e-01,5.061637898127814440e-13,6.233410647777382074e-04,9.997401284114338926e-01,2.069399933673804481e-01,6.884614490376477214e-01,6.035450998823795876e-01,5.138987065281636069e-01,5.148836786919714914e-01
9.999999964596059110e-01,9.999995255869731370e-01,9.936762965006695758e-01,9.999627852588854893e-01,5.542433742882707515e-02,8.418127009218936418e-01,5.007618022028730298e-01,3.733813948614902456e-01,4.432111152799934062e-01
9.999998832932552872e-01,8.039589127128861090e-01,1.197943409004671722e-02,9.999243687737801034e-01,1.402135832122895220e-01,9.993208779010044340e-01,7.131937651405678702e-01,4.016133664929739666e-01,4.016669728897062641e-01
9.453566291166166646e-01,9.999999999901730829e-01,2.016860864390915969e-02,7.571402656130210573e-03,1.033552068757786213e-01,8.944074507478384506e-01,6.377457088058454682e-01,4.479394091541925027e-01,4.016604317209925279e-01
1.000000000000000000e+00,9.999767789401092788e-01,4.754187208236504425e-03,3.318571370018053024e-02,1.292986522286336259e-01,8.607666378373621807e-01,7.054072056528456480e-01,3.275142409908796126e-01,4.460657131455587066e-01
9.999999999995413669e-01,9.999680886170444483e-01,4.651275507968893885e-02,5.566103094407741370e-05,1.061492560917999539e-01,8.473581541529293659e-01,6.153071422847364857e-01,2.171906431524486814e-02,4.021633881453632875e-01
9.991648505926948864e-01,9.996720291863485652e-01,9.999954812764250134e-01,1.144901223045160510e-01,1.862239519252616438e-01,9.639500262612997750e-01,6.198981671077197220e-01,1.879506758299620550e-03,4.020105494590049400e-01
9.999999999885579305e-01,9.723317718670544396e-01,9.918231260739729382e-01,9.999365846049292905e-01,2.032823896816861597e-01,9.133489958750693472e-01,6.037559894102715319e-01,6.469825783372787353e-02,4.752938893070945969e-01
9.991648505926948864e-01,9.999994068002352465e-01,9.999954812764250134e-01,1.316172714014073042e-01,1.862239519252616438e-01,9.357846519313295364e-01,6.197574594414925198e-01,1.691624606392810610e-03,4.152597135754581004e-01
9.999999988597232381e-01,9.785537268261792487e-01,1.261436272477190444e-03,3.539719907777577612e-02,1.443983084891673208e-01,7.012727393867507208e-01,7.110311304063817728e-01,8.025122489711506574e-03,4.194792178237044533e-01
9.784062925922997200e-01,9.999999999974809040e-01,7.155243713281330686e-01,9.559271519498194758e-01,1.230420482232404827e-01,6.825264374740371842e-01,6.685426797681010003e-01,3.927197257008452347e-01,4.178608494967028797e-01
9.999999999998391287e-01,9.982958989016217366e-01,9.944434319545365497e-01,5.566103094407741370e-05,5.359200050178691138e-02,9.578475068752880794e-01,6.113712477141319823e-01,1.522221293521766605e-02,4.521324499194173119e-01
9.999998526347710914e-01,9.983390548029495992e-01,9.966199967418771788e-01,9.999994212764926615e-01,1.276663337369821627e-01,8.190559974107620711e-01,5.591364716940840918e-01,3.938015609259202243e-01,3.056426476090212674e-01
9.925654281017610714e-01,9.999998793461816193e-01,7.356821165954696706e-01,7.073982243861742791e-05,9.688279461619050958e-02,9.099084888645749825e-01,4.529053784624824663e-01,3.229305044229485722e-01,3.895764388174863813e-01
9.999999999997185585e-01,8.619967177375815748e-01,9.925080996662628552e-01,9.999627852588854893e-01,1.311860369145270155e-01,7.614049362569771384e-01,6.227955543076650891e-01,4.102602262320079185e-02,4.432111152799934062e-01
9.453566291166166646e-01,9.999999999901730829e-01,6.201928906732708802e-01,7.571402656130210573e-03,1.033552068757786213e-01,9.094918099376279041e-01,4.620307450149946371e-01,3.611515078051019678e-03,4.016604317209925279e-01
9.999999999993791633e-01,8.212488509818172133e-01,9.836046284586672517e-01,9.999581035480503699e-01,5.216129895467157274e-02,8.037381413766399030e-01,6.203256321285829378e-01,3.205738564617213182e-01,1.960229694810830536e-01
9.999999999995317079e-01,9.982530332476462487e-01,9.999616425463483393e-01,5.566103094407741370e-05,5.458004193375889240e-02,7.635477358039987061e-01,6.399319895794224333e-01,2.171906431524486814e-02,4.521324499194173119e-01
9.999999999989497290e-01,9.999993081086566704e-01,9.918392734178475001e-01,9.999627852588854893e-01,5.821380553496904170e-02,7.605749832487362916e-01,6.195346437211368684e-01,6.917964037777943331e-02,3.243814782832716848e-01
9.999988760506126617e-01,9.789352840256481114e-01,9.277913362465333158e-01,9.999775800279055993e-01,2.878176928685528546e-01,7.985743114874560566e-01,6.803094399445910323e-01,3.710692138209666369e-01,3.864094266567952851e-01
9.991648505926948864e-01,9.999994068002352465e-01,7.177163284428681456e-01,1.273129458645684831e-01,1.862239519252616438e-01,8.151229100495566149e-01,6.197574594414925198e-01,8.879790020354244584e-03,4.152597135754581004e-01
9.999999999995575761e-01,9.999740451119762952e-01,9.999358256744877993e-01,4.099610709637447822e-03,5.458004193375889240e-02,7.659909304002509023e-01,7.043061430771729858e-01,2.171906431524486814e-02,2.998294204792033568e-01
9.999999999993874900e-01,9.999999906905675529e-01,1.326861147835214916e-01,9.999627852588854893e-01,5.494334687398166883e-02,8.751929279737560297e-01,6.208656625792917660e-01,6.034513374563741372e-01,6.835766999263260812e-01
9.623327753642499927e-01,9.999999976808444657e-01,2.016860864390915969e-02,4.346766390748008080e-02,1.020607399175624819e-01,8.944074507478384506e-01,6.376948466826153350e-01,4.619238585706215705e-01,4.016604317209925279e-01
9.989556257737565170e-01,9.999859345607303718e-01,3.941892492163029393e-02,1.701845697165173255e-03,1.413174933043879755e-01,8.203115754287418904e-01,5.922666194017830454e-01,3.966369227298502942e-01,4.887333113478769531e-01
9.999999999995796696e-01,9.999996160206606755e-01,9.924380758356108334e-01,9.999639010642787929e-01,5.785719076133048755e-02,7.605563061121604074e-01,6.307252697999691238e-01,5.351226642595627303e-02,4.432111152799934062e-01
9.999999999995796696e-01,9.999995102318022244e-01,8.683186887062044335e-03,9.999639010642787929e-01,5.415635380860361198e-02,8.091270789022405596e-01,7.568511011126851651e-01,4.846126217654372903e-01,4.432111152799934062e-01
9.972350400436372775e-01,5.348156897375176920e-12,4.387570416881925173e-07,3.887935175739265503e-04,1.557094958344275581e-01,7.590748642141152969e-01,6.283551502542271683e-01,9.875654595919408640e-03,4.948331690121497983e-01
9.999219853817745696e-01,9.999792908846928396e-01,9.868545667906025720e-01,1.384503821430238535e-04,3.182361314631486082e-01,8.205594809025051894e-01,6.399319895794224333e-01,1.087861808749555070e-01,5.774773671889885662e-01
9.999999999998444578e-01,9.999993081086566704e-01,6.695533196366937334e-02,9.999639010642787929e-01,5.512962669347390432e-02,7.565322359347762537e-01,6.306204115179486758e-01,6.319170083210619016e-01,3.826562942485239871e-01
9.999999999995905497e-01,9.999993081086566704e-01,9.925080996662628552e-01,9.999639010642787929e-01,5.512962669347390432e-02,8.076585047929281114e-01,7.552053885277825174e-01,5.915917811798071524e-02,4.432111152799934062e-01
9.999999999995317079e-01,9.985942154702153184e-01,8.959877484455810448e-01,3.961750944587831558e-05,1.369618132743928851e-01,6.890919453477800660e-01,6.315973356094468638e-01,6.385551211304710262e-02,4.510402350604746924e-01
9.999999999993791633e-01,8.212488509818172133e-01,9.796670596541392495e-01,9.999581035480503699e-01,5.216129895467157274e-02,6.887183286362192902e-01,6.259935529697790990e-01,5.078026664078451047e-01,1.960229694810830536e-01
9.999999999995317079e-01,9.999922655659194692e-01,1.620282722726816282e-01,2.897511186333268096e-02,1.063138219505796456e-01,8.475339752121617831e-01,5.958002115200011772e-01,5.015552374433268623e-01,4.507261912203102683e-01
1.000000000000000000e+00,1.704813706568447662e-02,9.956376261621334711e-01,9.194649739671089117e-01,1.289357926141893318e-01,8.190169084412787237e-01,7.056524310446814496e-01,3.928660463032973005e-01,4.466142835673266864e-01
9.999135241306095212e-01,9.999999999974809040e-01,9.743611542212579080e-01,9.422191275475698680e-01,1.230420482232404827e-01,7.240589802022664445e-01,6.685865397100155816e-01,4.934266474272341330e-01,4.177702491241397365e-01
9.999997630389575454e-01,9.998498826522344007e-01,6.191514558508659505e-01,8.950157232286842790e-05,1.529881525790011132e-01,7.234436324675348473e-01,6.369864382108215706e-01,4.141746226056269853e-02,3.021249118979436599e-01
9.990839898641989958e-01,9.999999999989090949e-01,1.746487807687380489e-01,1.092506344832041842e-01,1.060666283097192880e-01,8.404145557310696013e-01,5.448022789969186874e-01,5.921612569405605431e-01,3.237551979661987822e-01
9.999999999995328182e-01,9.999966704961833486e-01,9.767536364892672740e-01,5.566103094407741370e-05,1.427962639192349725e-01,8.460271775243506376e-01,5.822251442544382760e-01,6.385551211304710262e-02,4.510402350604746924e-01
9.999999999995317079e-01,9.999999774389735085e-01,1.787289488699988493e-01,5.566103094407741370e-05,1.422880155726099494e-01,8.941531607718303798e-01,6.411446872176856937e-01,4.548751940093866963e-01,4.008661168873048353e-01
9.999457281809347453e-01,9.998456077884234627e-01,6.516557307422587986e-01,2.826977069378754093e-03,2.307826086186335335e-01,7.024018818640985762e-01,5.927892543108079781e-01,5.010538959669332826e-01,4.892255560125510216e-01
9.959621989649511953e-01,9.949976210858353376e-01,4.387570416881925173e-07,1.389140993306166583e-01,9.893758963437346288e-02,8.607591847375687388e-01,6.396623373635953458e-01,5.302544102820676564e-01,4.535337868162439556e-01
9.885944473151374590e-01,9.993051326798039202e-01,4.387570416881925173e-07,1.093171758143124117e-01,9.893758963437346288e-02,8.607591847375687388e-01,6.396623373635953458e-01,6.167330606967038609e-01,4.489804088630808820e-01
9.999999999997185585e-01,9.975486234757305892e-01,9.925080996662628552e-01,9.999798984317149753e-01,1.529948181038145727e-01,7.614049362569771384e-01,6.225005750419860817e-01,4.102602262320079185e-02,4.432111152799934062e-01
9.999979784635860680e-01,9.999999999974809040e-01,9.883390078977578597e-01,1.092506344832041842e-01,9.057952301515954929e-02,8.422356400070091231e-01,5.492382862609098693e-01,5.255596215833873153e-01,4.736284951399784560e-01
9.999457281809347453e-01,9.998456077884234627e-01,6.401499417289320260e-01,9.095220984977836487e-03,2.307826086186335335e-01,7.039230075931773856e-01,5.927892543108079781e-01,5.025048350712656431e-01,3.091916838944269164e-01
9.996459922658194053e-01,5.348156897375176920e-12,1.365266902227646462e-02,9.730861773161441075e-01,1.766616255156500115e-01,8.192937629610144157e-01,6.258551349393879359e-01,5.036255758564940344e-01,3.935940964117991547e-01
9.999998797506856052e-01,9.998498826522344007e-01,6.191514558508659505e-01,8.950157232286842790e-05,1.522785044458760673e-01,7.234436324675348473e-01,6.369864382108215706e-01,4.584310656562404218e-02,3.020913360553336702e-01
9.990839898641989958e-01,9.999999999989090949e-01,3.359906208073668576e-01,9.517327490139677604e-01,1.060666283097192880e-01,8.437530973683347035e-01,5.448022789969186874e-01,5.921612569405605431e-01,4.527722710783350646e-01
9.999999999993862687e-01,9.558278097762018533e-01,2.451485492255553456e-02,9.999627852588854893e-01,9.639434757367426609e-02,6.674458697757661430e-01,6.394842179457104203e-01,5.304297572707522557e-02,4.145333334972380879e-01
9.999999999999872324e-01,9.907832556259752455e-01,5.406374866022800596e-02,2.136183636497780963e-04,4.591699364182590809e-02,6.793181068622377028e-01,6.902250192502229487e-01,3.336419450729004033e-01,4.513684370880328145e-01
9.990780651745214680e-01,9.999995069236254919e-01,7.342307486032584318e-01,8.586621309711848227e-01,9.903473402544023252e-02,6.865100174305464042e-01,7.750922322956708133e-01,5.053375503581611916e-01,3.873674662852250039e-01
9.999999999997185585e-01,8.619967177375815748e-01,9.972699489192854427e-01,9.999627852588854893e-01,1.452572988130406695e-01,7.614049362569771384e-01,5.575880670098747327e-01,9.322672378767223045e-03,5.471149976455771391e-01
9.999966133774722543e-01,8.709960298839244386e-01,9.999419780253187007e-01,9.999883626489726174e-01,5.275465019005000367e-02,7.650205846655699915e-01,6.306477217043656713e-01,2.187708128527107374e-02,4.516818518625070333e-01
9.999999999997185585e-01,8.751201375331286725e-01,9.993056317222956952e-01,9.999039867181735985e-01,1.765654096948426344e-01,7.614049362569771384e-01,6.223551093123930178e-01,4.102602262320079185e-02,4.432111152799934062e-01
9.996079636425534432e-01,9.999999999901088010e-01,1.885035940986751202e-02,1.092506344832041842e-01,1.242419884162454663e-01,8.406158043207609953e-01,5.492382862609098693e-01,6.176910015927346009e-01,4.758828127419177378e-01
9.999999999995317079e-01,9.979986646965696151e-01,1.259977370848069933e-03,5.566103094407741370e-05,1.474687269756919106e-01,6.739618552241344318e-01,7.009176037748722221e-01,4.134761657980104421e-02,3.936043250646931724e-01
9.996459922658194053e-01,5.348156897375176920e-12,1.359952285401443833e-02,9.632361329190000099e-01,1.064216614138743244e-01,8.084389622651940721e-01,6.375538483284715063e-01,5.036255758564940344e-01,3.935940964117991547e-01
9.999999999995796696e-01,3.491762146470656081e-02,7.836899209768538599e-02,9.999616826221574550e-01,3.851781552554547905e-02,8.191692178644960354e-01,6.304154174925375997e-01,3.955132312156438568e-01,4.846538144970169437e-01
9.999974828557977036e-01,9.999999999991037170e-01,9.940857278017167786e-01,2.488398035770784944e-03,1.287683950278139811e-01,8.411734432270820960e-01,7.134955491433759844e-01,6.176910015927346009e-01,4.736284951399784560e-01
9.999999999995317079e-01,9.999441949237123373e-01,1.259977370848069933e-03,5.566103094407741370e-05,1.459074256018888238e-01,9.170802216651418037e-01,6.395661673888082266e-01,4.124052466773446557e-02,3.874568858740016775e-01
9.999999999999688027e-01,9.999863544470706245e-01,9.972777237405204831e-01,3.281526854866934073e-02,1.287821419970478498e-01,8.190169084412787237e-01,7.054072056528456480e-01,4.011035950292317631e-01,3.044437361422549504e-01
9.999999934971887106e-01,9.999795013578901548e-01,9.738544341583069697e-01,5.566103094407741370e-05,1.469668306546534353e-01,7.009932893672097265e-01,7.484659540668107125e-01,5.705104953501509424e-02,4.436617133369036847e-01
9.999999999993862687e-01,9.266931279449336367e-01,9.975038911063502933e-01,9.999971143025382370e-01,1.798212894032482495e-02,6.674458697757661430e-01,5.936508080423495981e-01,6.098341762263179144e-02,5.390877481727841536e-01
9.999999999995796696e-01,9.730278857193840336e-01,9.999419780253187007e-01,9.999616826221574550e-01,5.512962669347390432e-02,7.253004540386652765e-01,6.306204115179486758e-01,5.706898461308851367e-02,4.436661547215111079e-01
9.999457281809347453e-01,9.998456077884234627e-01,6.516557307422587986e-01,1.721985805840042794e-03,2.312707118204739287e-01,7.037984759893390896e-01,5.927892543108079781e-01,5.010538959669332826e-01,4.873549214807660346e-01
9.990839898641989958e-01,9.999999999974809040e-01,6.754003319063315303e-01,2.488398035770784944e-03,1.242419884162454663e-01,8.192986125304658751e-01,6.299196066437929842e-01,6.176910015927346009e-01,4.698897110653857401e-01
9.999999999998659961e-01,2.734508259842494127e-02,1.934819737364552872e-02,9.992372900955105441e-01,9.615461229370431129e-02,9.011948587469933436e-01,8.595694708274813634e-01,3.820882560481573265e-01,4.436798132203081946e-01
9.999988562092149147e-01,9.999999516989155346e-01,9.869900464271954554e-01,5.566103094407741370e-05,1.455391193495564617e-01,7.288660191205479366e-01,6.399319895794224333e-01,2.185914618899986728e-02,4.111822552870169623e-01
9.733490509553330838e-01,9.999795013578901548e-01,9.547593080956571221e-01,5.566103094407741370e-05,1.613080655668454044e-01,9.115715829118448132e-01,6.381610547258348420e-01,5.018752383957296725e-01,4.111822552870169623e-01
9.999998418330944272e-01,9.998938546592754939e-01,2.414000537353851866e-04,3.723427211464586106e-02,8.517847607435982682e-02,9.661145207134873569e-01,6.374586837909851367e-01,6.753437097868641992e-02,4.489901401016299642e-01
9.999998841069714928e-01,9.999995061989632728e-01,9.900949704050112654e-01,5.566103094407741370e-05,4.591663998459903639e-02,7.274975519314395012e-01,6.407882547777633553e-01,5.229877251854091191e-02,4.149910516071004252e-01
9.999999999998659961e-01,9.892454942183408484e-01,2.001273185954904887e-02,9.997544751443033784e-01,1.248077954841232268e-01,9.103823457680423337e-01,8.580096875684622981e-01,2.440605180001464980e-02,5.376351986361200819e-01
9.997072412406157182e-01,9.999999516989155346e-01,9.984974975722660240e-01,5.566103094407741370e-05,1.455391193495564617e-01,7.288660191205479366e-01,6.399319895794224333e-01,2.185914618899986728e-02,4.112119964454606369e-01
9.999673955326767727e-01,3.215085400162863659e-12,4.387570416881925173e-07,8.025671007733659046e-03,2.963731127753932437e-01,7.595810072571552718e-01,6.062208171618572727e-01,4.343993942764944882e-01,2.818751776462129488e-01
9.982261608689387833e-01,1.120871708812430877e-12,4.387570416881925173e-07,3.661058164340212639e-02,2.963731127753932437e-01,6.814436250195820000e-01,6.062208171618572727e-01,4.450157154209548604e-01,2.448508091261137609e-01
1.000000000000000000e+00,9.999613433053898826e-01,4.509973472140238471e-02,9.895491860700883491e-01,1.287821419970478498e-01,6.722176168574369726e-01,7.054072056528456480e-01,3.963653609359798491e-01,3.044437361422549504e-01
9.911863748920554107e-01,9.998640048615370368e-01,9.999843897534514969e-01,2.229594048582450583e-02,1.284964468786906622e-01,6.761751067468172449e-01,7.086640044122773929e-01,3.933843137599305484e-01,3.061228776804099105e-01
9.997072412406157182e-01,9.999999516989155346e-01,2.515905406608209827e-02,5.566103094407741370e-05,1.455391193495564617e-01,7.288660191205479366e-01,6.411717532904065431e-01,5.600783275594267696e-03,3.781572543262935460e-01
1.000000000000000000e+00,9.999767789401092788e-01,6.223557391718494980e-01,9.655545734615078590e-03,1.293758468370860559e-01,8.218097136091955246e-01,7.060049001221613274e-01,4.709053287553546796e-01,3.044437361422549504e-01
9.999980784699549208e-01,9.999993775004348828e-01,1.960357596787323797e-03,9.994924780984490997e-01,1.585830742964473017e-01,9.006057939283139691e-01,7.614294710131216393e-01,3.536642467266283285e-01,3.989370172965949202e-01
9.999999999995798916e-01,4.435263649041253087e-03,3.357835901217781638e-02,9.999628302045362460e-01,2.739795380585766105e-02,6.766124777452012795e-01,6.228152604178902596e-01,3.443972975484639321e-01,4.436856828677003817e-01
9.999999999996993516e-01,5.097954254267900165e-03,4.641652284771297099e-02,9.999628302045362460e-01,5.512962669347390432e-02,8.583109163249191820e-01,6.223844871938319923e-01,1.106519286013950415e-01,4.336352997586218061e-01
9.999999995870826330e-01,2.924292899584311767e-03,4.641652284771297099e-02,9.999628302045362460e-01,5.154197284841773724e-02,6.713938327986310739e-01,6.228152604178902596e-01,5.566746481310570760e-02,4.771221176818372101e-01
9.999999999997654099e-01,1.595473596802410299e-02,9.739528917015678466e-01,9.999628302045362460e-01,5.512962669347390432e-02,8.395710920057977145e-01,6.227840550085174121e-01,3.725467941667882921e-02,4.436856828677003817e-01
9.999999999995771160e-01,9.783699082184611484e-01,9.997621593095847858e-01,9.999639559734767591e-01,5.029912481112180228e-02,8.134146960224022394e-01,6.228066417659129383e-01,5.566746481310570760e-02,4.431305855106753011e-01
1.000000000000000000e+00,9.999767789401092788e-01,9.822170979315951733e-01,9.840570978978964156e-01,9.675266033080440198e-02,6.937956120205303057e-01,7.054072056528456480e-01,3.928660463032973005e-01,3.016243343785895425e-01
9.999999302842467186e-01,9.999969034690491254e-01,3.022319439445531053e-03,3.036497950126212930e-04,2.250986001285111837e-01,7.082127980568172498e-01,7.471734929528481839e-01,3.466589352040724825e-01,3.985520901045884190e-01
9.980511331916950279e-01,5.348156897375176920e-12,9.789594691671639204e-01,4.274263724510564758e-03,9.657410697825551116e-02,7.886123227262539226e-01,6.234128667776765997e-01,9.875654595919408640e-03,5.058909220159363285e-01
9.998876127757758692e-01,9.999082189770756024e-01,4.072882519753795449e-03,2.002686339376226476e-02,1.043971841281878948e-01,7.271612789318208092e-01,6.408122482844117451e-01,7.021286112734552720e-01,4.912484979221095061e-01
9.743027536186281701e-01,5.061637898127814440e-13,9.999999466410298687e-01,9.999966945895273351e-01,1.766191577058869033e-01,6.669551302485200450e-01,6.027268417514851651e-01,4.634251860645252630e-02,3.050320116043477858e-01
9.982261608689387833e-01,1.120871708812430877e-12,4.387570416881925173e-07,2.489398074584557585e-02,2.896251584751999841e-01,6.673725736491249450e-01,6.378304403547008228e-01,4.995397912915249261e-01,2.400286447146857405e-01
9.999999999566584474e-01,1.592025956360137995e-02,9.739528917015678466e-01,9.999628302045362460e-01,1.449066259537656332e-01,8.399211300039743922e-01,6.227840550085174121e-01,3.804866394472031232e-02,4.436847706366531807e-01
9.982261608689387833e-01,1.120871708812430877e-12,9.781496077635445582e-04,2.489398074584557585e-02,2.896251584751999841e-01,8.342743830018686246e-01,7.035039304650816394e-01,6.277617319523489670e-01,4.650760185953598524e-01
1.000000000000000000e+00,9.999767789401092788e-01,9.248805023950927851e-01,9.997163308255493375e-01,1.261198845513154532e-01,6.926353757840116865e-01,7.054072056528456480e-01,3.928660463032973005e-01,3.022191246357882610e-01
9.999999999998500089e-01,1.616070050083084908e-02,6.237650284065798800e-02,9.999656551413138583e-01,1.236075044351047370e-01,8.489400291954852795e-01,8.341436674598452505e-01,2.188207826960898716e-02,4.852984625067734981e-01
9.455316257929534673e-01,3.399005760331408332e-02,4.387570416881925173e-07,1.128492696866473799e-01,9.567140164883496112e-02,9.011376648130563494e-01,7.102786732334548381e-01,4.997000646668052215e-01,3.979181641290552851e-01
9.999999999999883427e-01,6.905494403917971091e-01,2.069160505115649196e-01,9.999627852588854893e-01,1.235989238645566340e-01,6.936223197346325087e-01,7.059513086854705133e-01,4.105984707758978391e-01,5.043400286045123249e-01
9.999999999999872324e-01,9.946717452216866651e-01,4.762648635748767401e-03,1.321066509082147178e-03,1.561983538621101453e-01,6.792349609142576128e-01,6.320826277167650442e-01,3.536909361526273110e-01,4.344490876524577661e-01
9.999999999999872324e-01,9.999846344840582768e-01,5.788283025752614108e-01,1.413520873178031323e-04,2.685117895193223081e-02,6.593325986207599909e-01,6.665758880887202587e-01,3.551435428360273927e-01,4.665943180652874500e-01
9.999999998930286793e-01,9.998848633294687982e-01,9.764890580509774098e-01,9.999628304711887239e-01,4.443203148733716051e-02,8.499421544798165806e-01,6.220328991984468425e-01,6.212089809280818553e-02,5.039534903238553909e-01
1.000000000000000000e+00,9.999999850777644417e-01,9.956376261621334711e-01,9.522269396814074804e-01,1.261198845513154532e-01,7.084832048192815090e-01,7.048336150390168697e-01,3.928660463032973005e-01,3.026049443973740094e-01
9.996841383453688445e-01,9.998610332244080023e-01,9.999964690983822457e-01,9.888956209020653976e-01,1.115877322465415183e-01,6.946446395591117096e-01,7.049476351918755324e-01,3.749698548045918844e-01,3.027076873772600041e-01
1.000000000000000000e+00,9.999996145078646759e-01,9.956376261621334711e-01,9.840570978978964156e-01,1.287703905932675585e-01,7.057971549837616099e-01,7.054072056528456480e-01,3.928660463032973005e-01,3.038811257441129676e-01
9.983066892071684739e-01,9.864378486940691415e-01,9.998265347606530851e-01,6.614752371455701052e-03,1.282831829583660488e-01,6.997437827293451207e-01,6.033602414004626269e-01,3.972646825198415943e-01,6.177536310230259398e-01
9.999999995702008038e-01,9.999840392899307373e-01,9.911451365204911879e-01,1.402551929638421076e-04,2.465939371367471822e-02,6.769831544601114803e-01,6.385358760083214014e-01,4.025124915868362463e-02,5.074587982207953152e-01
9.999999999999822364e-01,9.999668295337635904e-01,4.833316250016406190e-01,9.815403067934644343e-03,1.269797718558121624e-01,6.934139279378194187e-01,7.075885982219541903e-01,3.994104994026737021e-01,4.900208675810981962e-01
9.999999998930286793e-01,9.993224329070987677e-01,5.661788738652511199e-01,9.999628304711887239e-01,4.443203148733716051e-02,7.993298345035384500e-01,6.220328991984468425e-01,1.759013194753230591e-01,5.039534903238553909e-01
9.999999997618954639e-01,9.944405691804441005e-01,5.468468581828447306e-01,3.059978907204996545e-07,2.704001932143448514e-02,8.297281330894198392e-01,6.567677443618787914e-01,7.628162074727240852e-03,3.137179898241734266e-01
9.999999999997654099e-01,1.595473596802410299e-02,9.656822748438088633e-01,9.999628302045362460e-01,5.681443317482141181e-02,8.395710920057977145e-01,6.222022811406984211e-01,1.149798977216941361e-02,4.614571713962259958e-01
9.999999972974984441e-01,9.999119188930015723e-01,1.426256254315874106e-01,3.036497950126212930e-04,4.626792765536668489e-02,7.015960740073374780e-01,6.184279129783935014e-01,2.321462396707159315e-02,3.082660035065103443e-01
9.999999999997654099e-01,1.971656103297791951e-02,8.553545319335457142e-01,9.999628302045362460e-01,1.053586245910586028e-01,6.700652149576994399e-01,6.037323391680557982e-01,2.303839045911171279e-02,4.411342441736960662e-01
9.940108737082768986e-01,9.966729883373139920e-01,4.387570416881925173e-07,9.999172890115799461e-01,2.621361573369214437e-02,9.077251764481838459e-01,6.375133125407699275e-01,4.997000646668052215e-01,3.979181641290552851e-01
9.843533201883427619e-01,9.511301675877384953e-01,4.387570416881925173e-07,9.999172890115799461e-01,2.243690298615972079e-01,9.119628037728214620e-01,6.381547108325156259e-01,4.997000646668052215e-01,3.979181641290552851e-01
9.999999997618954639e-01,9.944405691804441005e-01,5.357863483947205019e-01,3.059978907204996545e-07,2.704001932143448514e-02,8.297281330894198392e-01,6.567677443618787914e-01,7.628162074727240852e-03,3.137179898241734266e-01
9.999999999873933065e-01,9.999110907312901420e-01,2.776863926674308369e-02,6.463716806288027439e-06,4.626792765536668489e-02,7.794517283360560267e-01,6.347307627809394281e-01,3.700836521409631152e-02,3.082660035065103443e-01
9.904797380885819180e-01,6.973907600972066856e-01,9.608621525919125439e-01,9.999861356775545662e-01,1.159886047831758769e-02,6.808837502848259504e-01,9.102069292359031838e-01,1.092602471265400332e-01,5.893981702030678393e-01
9.999999999997001288e-01,7.610144996116565697e-01,9.656122780014451124e-01,9.999634971864231892e-01,4.135089271020753188e-02,5.784080196726097967e-01,6.394842179457104203e-01,4.191031055164163854e-01,2.278451849451544609e-01
9.932315500829805854e-01,9.944405691804441005e-01,9.917583407703077780e-01,3.059978907204996545e-07,2.704001932143448514e-02,8.326150595799612919e-01,6.567677443618787914e-01,7.628162074727240852e-03,3.156449037704914806e-01
9.999999999873933065e-01,9.946717452216866651e-01,1.481742527929832964e-01,3.036497950126212930e-04,9.698970999164412132e-02,7.015960740073374780e-01,6.382759910659009384e-01,9.011183220888618894e-03,5.070189856319380350e-01
9.988564759568707707e-01,9.752849322290304546e-01,9.998707458632983824e-01,3.393681089603980440e-05,1.099912826598710841e-01,7.184319158171551534e-01,7.492123487990524078e-01,4.025124915868362463e-02,6.199985568069649178e-01
9.997178248437874615e-01,9.951570916456369265e-01,2.887139974926233865e-02,2.196977030366649430e-05,9.850204528105621637e-02,5.216598148772466637e-01,6.145558015469770874e-01,5.015632964561089757e-01,4.420798275691789625e-01
9.176355148907204828e-01,9.999773253448224208e-01,9.956376261621334711e-01,1.600834858654698323e-02,1.261198845513154532e-01,6.937956120205303057e-01,7.054072056528456480e-01,2.236203217719875957e-02,3.026049443973740094e-01
9.999758998171551783e-01,9.999906618170945061e-01,8.577483613007619301e-01,7.838494867909873848e-05,1.303310656563668735e-01,9.999316348304587709e-01,4.812059261943451016e-01,2.910760328959099974e-01,4.745323241056117469e-01
9.999999994784963819e-01,9.911635815956736373e-01,9.068869673258254105e-01,5.566103094407741370e-05,3.106123091382989587e-02,9.076758792015527932e-01,7.253998943141771738e-01,3.118065617165508008e-02,4.898767907203545602e-01
8.975264652868013560e-01,9.999993081086566704e-01,9.920287074999669663e-01,9.998762973382572250e-01,1.267263319188687842e-01,6.954999161883922421e-01,4.969092782569805578e-01,2.547502959163278069e-02,4.154835365597174812e-01
9.999999995914976569e-01,9.999993081086566704e-01,9.999772951982396352e-01,9.990321016388227227e-01,1.013483842033246485e-01,5.500982441633355258e-01,7.990292307790454185e-01,5.168577514002056228e-01,3.996199930489643393e-01
9.564441020632138413e-01,9.206519883172793461e-01,1.484522827713907756e-02,9.999364172685767382e-01,9.054119176161917748e-02,8.895468740879612923e-01,6.017430171410175221e-01,5.196391339462083092e-01,4.039011602352600150e-01
9.999999999997049027e-01,9.949667838469121728e-01,3.004566007745178291e-02,2.079257917590127624e-05,4.399785201446174132e-02,6.913211081886301290e-01,6.138579106608761382e-01,4.678445633650955837e-02,4.680991168771340138e-01
9.999999997680798502e-01,9.995070917093349383e-01,9.999999605710084838e-01,9.813032832458883359e-01,1.553792210341607416e-01,7.221692449773120526e-01,6.662191192956240515e-01,5.135293996177937581e-01,4.422752188701973286e-01
9.999999999997001288e-01,5.262951623645373278e-03,9.353482168560689480e-03,9.093624339696917969e-03,2.267691820902716093e-01,6.681885059048970898e-01,6.393785056537208966e-01,5.715971106726384227e-02,4.423664140678322809e-01
9.999999995979398371e-01,9.999993081086566704e-01,9.484011794977154075e-03,1.244265735165967814e-02,1.505851309484937117e-01,6.813711839413320037e-01,5.636828374076005010e-01,3.826714639702193110e-02,3.127603788377741889e-01
9.999997648982752452e-01,9.995835007361653091e-01,9.929184389912066866e-01,2.216077171149910541e-04,5.417531063825239968e-03,6.625916524914221561e-01,6.396690903239351522e-01,6.098307148926704335e-02,4.317225697424577069e-01
9.999999999906076242e-01,9.992960733861284695e-01,5.806436119628274328e-01,2.230839734855786930e-04,2.248642418599530735e-02,7.256587677051737906e-01,6.671123647355695629e-01,5.015846943914369360e-01,5.091450116582945107e-01
9.650526306008275768e-01,3.215085400162863659e-12,4.387570416881925173e-07,9.824861930984642999e-01,2.243690298615972079e-01,9.119628037728214620e-01,6.381547108325156259e-01,4.845235919127813817e-01,3.980407349210098866e-01
9.999999995914976569e-01,9.999993081086566704e-01,7.089753217486505221e-03,9.990321016388227227e-01,1.260893996464300948e-01,5.500982441633355258e-01,7.990292307790454185e-01,5.601839785951339135e-01,3.996199930489643393e-01
9.999999999996987965e-01,1.348420430618607613e-02,7.981332417842268434e-03,1.912897509810676522e-03,1.575400492279033227e-01,6.665313007442260629e-01,6.394739363642459873e-01,1.358676080313314105e-01,3.055753356466865411e-01
9.999999999935724748e-01,9.992395184195942415e-01,9.999980780680656212e-01,9.992683709159400074e-01,1.506048093757851869e-01,6.745772444533449930e-01,7.056587601509516361e-01,3.671353461644921712e-02,2.997583030602540277e-01
9.999999999997001288e-01,8.036897421051665269e-01,3.509327207213384925e-04,1.745601171465674395e-04,2.361956358170195225e-01,9.022352538399219801e-01,6.393785056537208966e-01,5.715971106726384227e-02,4.937722420893977393e-01
9.999999995914976569e-01,9.656020223145305170e-01,9.999999605710084838e-01,9.883021773233620078e-01,1.551734909621932113e-01,7.209876620219938248e-01,6.666851348680048472e-01,5.101828655222240272e-01,4.438521177519799688e-01
9.999999999999997780e-01,6.964155420456497048e-01,5.806436119628274328e-01,1.413520873178031323e-04,9.609640537415480022e-02,7.246985436655567492e-01,6.665758880887202587e-01,4.997349259213335615e-01,3.853525374987378238e-01
9.999997648982752452e-01,9.996022595907979591e-01,9.929184389912066866e-01,3.091238175501093317e-04,5.417531063825239968e-03,6.625916524914221561e-01,5.800118977348754923e-01,6.098307148926704335e-02,4.318779270521028169e-01
9.999999995914976569e-01,9.541389603370046268e-01,9.999999605710084838e-01,9.776680893220141000e-01,1.551734909621932113e-01,7.209876620219938248e-01,6.966037191031999587e-01,5.101828655222240272e-01,4.407339114244614442e-01
9.999999986217786851e-01,9.974464511950208445e-01,5.416940043665413596e-01,3.059978907204996545e-07,2.786919207624692640e-02,8.196549296244024507e-01,6.567677443618787914e-01,1.238214842615729672e-01,4.062505678380460283e-01
9.999998768299568352e-01,9.656020223145305170e-01,9.999999847032574607e-01,9.883021773233620078e-01,9.277392601522230220e-02,6.962697055065796281e-01,6.676407449051025011e-01,5.101828655222240272e-01,4.438796253516534840e-01
1.000000000000000000e+00,2.104590499285308169e-02,3.062254805133696189e-02,1.309277786899487594e-03,4.676141939848357798e-02,9.242565737123265013e-01,7.054072056528456480e-01,3.930656279109496776e-01,3.026049443973740094e-01
9.999999999942997819e-01,9.995010667574298902e-01,9.783321677390863780e-01,9.999498923866882993e-01,8.096259298738812948e-03,6.674500289582705470e-01,5.890372860001840127e-01,1.375876149078536781e-01,4.340620652733186424e-01
9.999999996709617589e-01,7.825967502672246390e-01,9.999999605710084838e-01,9.883021773233620078e-01,1.551734909621932113e-01,7.209876620219938248e-01,6.666851348680048472e-01,5.101828655222240272e-01,3.024389569356781271e-01
9.999999999975081044e-01,9.992960733861284695e-01,5.956913434199230251e-01,2.230839734855786930e-04,2.248642418599530735e-02,7.256587677051737906e-01,6.671123647355695629e-01,5.015846943914369360e-01,5.237823823046821037e-01
9.541491013746794536e-01,9.999430547524237323e-01,4.387570416881925173e-07,1.162678182851688558e-01,1.309699604076740020e-01,9.611278634196549486e-01,7.025844348040610754e-01,3.461688016963060388e-01,4.011371184095322007e-01
9.999999999999997780e-01,9.860531811726115370e-01,5.806436119628274328e-01,1.251443662282397673e-02,9.617266379250276331e-02,7.246985436655567492e-01,6.657021223554465683e-01,5.066631578160668559e-01,3.858202542917056888e-01
9.985356328005978721e-01,9.978430235150058669e-01,9.999883368589133070e-01,5.189342929761697754e-04,4.101144659252585478e-02,7.084137896857010119e-01,5.882829114894823075e-01,6.302297102541351559e-02,4.261588291770427861e-01
9.999999999996934674e-01,9.873102080990570073e-04,9.956376261621334711e-01,9.900204217947397023e-01,1.350505215847124241e-01,6.937956120205303057e-01,7.054072056528456480e-01,3.898851739178474940e-01,3.026049443973740094e-01
9.999999997111783667e-01,9.422917141824442844e-01,6.311816691945582036e-03,2.216077171149910541e-04,4.129379643285680662e-02,6.964239004534242827e-01,6.396496640488423813e-01,3.211554037446419374e-03,4.329406835478390447e-01
9.999999997201763913e-01,9.783984230425770701e-01,9.899819519385106847e-01,9.999449015242817262e-01,1.108530764344214659e-01,9.041135592953036815e-01,6.394842179457104203e-01,9.290711714395494258e-03,4.339893377781612882e-01
9.571321085939789031e-01,9.980085765414979937e-01,9.126964541813034071e-01,9.999401147448873095e-01,7.290227257481615708e-03,6.917206183309030365e-01,7.164673362644229382e-01,2.920225775335062446e-01,3.841584510779264550e-01
9.874448375914653964e-01,9.998244731487446746e-01,9.996147124137036988e-01,1.907528477533371181e-02,1.998740459894396138e-01,6.069548490099452298e-01,5.890372860001840127e-01,1.295341462610254124e-03,4.360473378265913302e-01
1.000000000000000000e+00,9.999767789401092788e-01,9.979044267207153318e-01,1.988805783862052090e-02,1.261198845513154532e-01,6.644482626495019639e-01,7.112397877783779299e-01,3.904773563539307157e-01,3.026049443973740094e-01
9.999999999942997819e-01,9.995010667574298902e-01,1.611281704199107878e-03,9.999495422646320630e-01,5.546070310856528185e-02,6.116412690371664240e-01,5.890372860001840127e-01,6.220740451938503585e-02,4.824157507450129723e-01
9.987903758508588359e-01,9.999999658632514610e-01,9.777733024288921548e-01,9.998105992505755824e-01,9.163740406922431248e-02,6.195056041818934878e-01,6.401303241663690580e-01,1.068964199773736051e-01,4.406357960322003220e-01
9.999973993711921416e-01,9.999945999719720424e-01,1.676990385727439303e-03,9.751256669543340028e-01,7.879212414879179643e-03,6.790877198282907479e-01,6.400614263890851419e-01,4.500266792379550851e-01,3.834275765388057700e-01
9.994697750298880967e-01,9.999999658632514610e-01,8.949667216847300155e-01,3.400621428954354181e-04,9.246429847358653142e-02,6.410341173939425596e-01,6.401303241663690580e-01,1.014906296869561020e-02,4.241727409509915558e-01
9.999999999999997780e-01,7.218768285025516374e-01,9.358333613063972711e-01,1.413520873178031323e-04,9.609640537415480022e-02,7.246985436655567492e-01,6.665758880887202587e-01,4.997349259213335615e-01,3.838968082964019923e-01
9.564057786939259564e-01,9.544177204426889105e-01,5.806436119628274328e-01,5.982351855664258533e-07,1.849870376228764657e-01,6.963014552561284098e-01,6.659872507049084955e-01,5.150689295940241719e-01,5.091450116582945107e-01
9.551238040038139143e-01,9.997899905165340551e-01,9.869594561521689569e-01,4.361814713070739924e-05,6.451681292099097076e-02,6.734879280623509157e-01,6.225606740256360849e-01,6.257913527953999633e-02,4.009702473952355684e-01
9.820662405195811351e-01,9.982548425170737483e-01,9.999995823379610460e-01,2.547094099043134986e-04,5.593137851736044303e-02,8.488162158287738679e-01,6.721834764419034602e-01,4.933426271659352436e-01,4.609397392426247686e-01
1.000000000000000000e+00,3.685064244358537966e-02,3.155105321168322208e-02,9.554421655993187157e-01,1.261198845513154532e-01,6.100559490332593260e-01,7.054072056528456480e-01,3.928660463032973005e-01,3.026049443973740094e-01
9.999728636154009420e-01,9.977922971979809041e-01,9.235295390006947880e-03,6.714910112139782505e-02,2.138815422413209155e-01,5.996542967516547140e-01,7.939767478715998861e-01,1.074178471773695048e-03,4.016604317209925279e-01
9.566772435228870775e-01,9.544177204426889105e-01,9.856240435218017737e-01,5.982351855664258533e-07,1.849870376228764657e-01,6.937775657963255460e-01,6.659872507049084955e-01,3.933502400144116562e-01,5.091450116582945107e-01
9.999999999942997819e-01,9.995010667574298902e-01,5.057556774110603115e-01,9.999935472783195722e-01,3.274159692224450080e-03,6.673934590650230092e-01,5.890372860001840127e-01,6.220399190195928518e-02,4.332594007500110700e-01
9.999611719313457048e-01,9.999999767260985273e-01,9.644337806214907660e-01,8.890638350177917232e-04,9.527322203548962976e-02,6.404309955900473472e-01,7.251656518869267209e-01,3.760632414774636167e-01,4.103307745242199545e-01
9.554003649325625291e-01,9.999999767321159361e-01,6.911025047658053699e-01,2.189999180446580707e-01,1.846290274775662932e-01,6.962967376088435856e-01,7.056729834951890323e-01,3.921336716202279971e-01,5.151278720892252805e-01
9.948180813655277399e-01,9.697243262799291053e-01,8.014362690439404135e-03,9.839329272734907983e-01,2.018567376706280614e-01,7.044493936614161234e-01,8.130844457174011275e-01,2.036159448792519699e-03,4.017658196390022085e-01
9.998228290895073700e-01,9.544177204426889105e-01,5.806436119628274328e-01,5.982351855664258533e-07,1.730081366255679931e-01,6.553382288270479528e-01,6.658610752638202124e-01,5.150689295940241719e-01,5.122088426305103637e-01
9.993258477773120374e-01,4.080156609418783553e-02,9.786919083503989869e-01,9.968903544449475573e-01,2.008317744082646628e-01,6.136549628212629726e-01,7.938641389748438693e-01,4.022183427070240569e-01,3.961543008120959608e-01
9.999999999942997819e-01,9.995010667574298902e-01,5.892367536154519136e-03,9.999935472783195722e-01,2.925143560358573619e-03,6.665971328575273080e-01,5.910430000715030108e-01,6.220399190195928518e-02,4.301323030518315882e-01
9.999690869109795210e-01,9.999994135083211111e-01,6.138891829163450886e-01,9.999668720960687152e-01,3.490328199029884421e-02,6.593256813343915113e-01,6.733183183200891486e-01,6.231515964828459458e-02,4.022294970186443552e-01
9.998636029626581934e-01,9.999999944762834048e-01,5.816857982360966739e-01,1.139935757227029389e-01,2.463390714734480999e-03,6.674581509370670629e-01,6.401340476639514332e-01,3.802577922287745382e-01,4.097817315289881135e-01
9.989583591606161495e-01,9.999999944762834048e-01,5.816817952931766511e-01,7.545119849818246460e-04,1.713291027958055435e-02,6.001713656729433799e-01,7.252125925269919948e-01,3.930291873874164899e-01,5.123474559044152166e-01
9.829964869740480671e-01,9.999999962329906289e-01,2.377156641189492881e-02,3.517387492714685315e-04,1.255408066096966660e-02,5.466975543937907522e-01,7.248522385064690710e-01,3.892702820842676159e-01,4.108179719013470010e-01
9.823743953263551765e-01,9.999999198489681884e-01,9.874002154592572689e-01,5.818406800115138999e-03,6.805201545475583758e-02,6.971581318047593845e-01,7.143747052024777000e-01,1.806277469187571594e-01,4.124091918013225166e-01
9.999849797291735509e-01,7.799988392454262343e-01,2.038627384711577673e-02,9.968903544449475573e-01,1.021220715254340522e-01,6.828291934874751723e-01,7.968173894968908488e-01,4.812466260996568490e-01,5.057512625582900601e-01
9.563210435105811147e-01,9.544177204426889105e-01,1.950283769398036826e-02,5.982351855664258533e-07,1.849870376228764657e-01,6.963014552561284098e-01,6.659872507049084955e-01,5.150689295940241719e-01,5.091450116582945107e-01
9.999999999942997819e-01,9.995010667574298902e-01,5.117255797380766413e-01,9.999935472783195722e-01,3.274159692224450080e-03,6.673934590650230092e-01,5.890372860001840127e-01,6.170101680837806329e-02,4.332594007500110700e-01
9.576244674810795443e-01,9.544177204426889105e-01,5.806436119628274328e-01,8.472440564508517663e-07,1.849870376228764657e-01,6.963014552561284098e-01,6.659872507049084955e-01,5.150689295940241719e-01,5.091450116582945107e-01
9.998474509990292747e-01,9.919083074463880267e-01,9.999971512059437906e-01,9.964427280671865894e-01,1.844224597093758744e-01,6.815214916277041457e-01,6.090933799419993022e-01,5.270073239235791851e-01,5.191046923673203750e-01
9.999990734715921148e-01,9.999947239083549766e-01,9.936874314160987209e-01,9.999668720960687152e-01,2.406067299510485005e-03,6.602937574232146112e-01,6.696725834002572597e-01,1.804004925759020717e-01,3.807043741678239890e-01
9.715229377694558632e-01,9.999989807523494978e-01,2.234175536307836385e-03,1.057678432675457358e-05,3.574914472870811821e-02,6.654449523857294269e-01,6.680494556220921698e-01,2.392062496272308325e-02,4.277316074992422723e-01
9.554003649325625291e-01,9.997752754122141150e-01,6.911025047658053699e-01,2.311925372570697301e-01,1.846290274775662932e-01,6.963549638371923090e-01,7.056729834951890323e-01,3.921575404811931675e-01,5.151278720892252805e-01
1.000000000000000000e+00,1.314121524456679513e-01,9.956095306610789342e-01,9.840570978978964156e-01,2.002215973879246658e-01,6.750195865955994634e-01,6.352244863706326683e-01,3.928660463032973005e-01,5.293086285527984769e-01
9.989229875136524939e-01,9.999947239083549766e-01,9.936874314160987209e-01,9.999684725256164919e-01,2.406067299510485005e-03,6.602937574232146112e-01,6.738594420112568040e-01,1.804004925759020717e-01,3.810795850441738297e-01
9.971731407769283129e-01,9.999999981528477910e-01,5.598223412271366994e-01,1.062439147317670307e-03,1.327400899862178629e-02,6.638158906526545611e-01,6.681799559770696950e-01,5.150896225070612511e-01,3.952128379144795312e-01
9.829964869740480671e-01,9.999988838630595733e-01,2.419868514897187753e-02,1.405538202285819618e-04,1.255408066096966660e-02,5.470353813174975155e-01,7.245779632124405012e-01,3.892702820842676159e-01,4.108179719013470010e-01
9.690857487825033090e-01,9.912891215559709313e-01,9.956376261621334711e-01,5.408505069162794499e-03,1.261198845513154532e-01,6.063816664264007894e-01,7.045248153718323136e-01,3.928660463032973005e-01,3.988306969735160301e-01
9.998304910020665570e-01,9.544177204426889105e-01,8.329489374494986054e-02,2.375567715103670539e-08,1.729935040811322600e-01,6.647220381275162904e-01,6.962537758936915289e-01,5.150689295940241719e-01,4.355639584961035204e-01
9.986193761106044731e-01,9.960722942118001022e-01,9.938351390159958498e-01,2.450304242722096265e-05,4.041760184093193264e-02,5.829303407400623360e-01,6.068024823642189647e-01,7.328856377599640703e-03,4.193556612814156592e-01
1.000000000000000000e+00,9.992618889452559161e-01,9.790232720833261792e-01,9.819013373807345957e-01,1.024511686821779483e-01,6.937956120205303057e-01,7.054072056528456480e-01,3.928660463032973005e-01,3.026049443973740094e-01
9.485873858765540012e-01,9.999990576295041400e-01,8.573558326692320986e-03,9.998842524580379143e-01,3.614754188113247779e-02,6.634608150282943484e-01,6.111651960674500117e-01,2.377212198469498550e-02,4.206605295191475635e-01
9.998215564152247437e-01,9.999999944762834048e-01,9.949067295705967817e-01,9.170329124037333857e-03,1.819777651675948300e-03,6.033360542529422332e-01,6.401340476639514332e-01,5.064402067588376077e-01,5.122519026927626618e-01
9.925441101157812529e-01,9.999999944762834048e-01,9.791121439524105297e-01,1.222669892386869100e-01,2.881531698415080219e-03,6.033360542529422332e-01,7.234704238414377819e-01,3.802577922287745382e-01,5.083951849207970497e-01
9.998204406470975192e-01,9.999999944762834048e-01,5.876219376121274429e-01,7.545119849818246460e-04,1.172124067766263517e-02,6.636096966303797196e-01,7.248522385064690710e-01,3.930291873874164899e-01,4.095308162204479574e-01
9.817184997919885525e-01,9.175128118568700586e-01,9.732022903068684450e-01,9.981062487275520478e-01,1.999743474217735573e-01,5.953235576958824105e-01,7.005623663031184112e-01,4.945831075712487368e-01,5.173500170635842998e-01
9.556566475191092813e-01,9.753081809264066981e-01,3.271268214491918069e-03,9.987270631642856111e-01,1.245661222891193826e-01,6.937956120205303057e-01,7.057077475804005573e-01,3.928660463032973005e-01,3.026049443973740094e-01
9.996095170203598279e-01,9.999555748227952900e-01,9.924598183640191973e-01,9.999851309975502645e-01,6.071924412715604125e-02,7.085924167478077074e-01,5.886331180892366843e-01,9.119255231631959169e-02,4.402487150053475129e-01
9.998204406470975192e-01,9.999999944762834048e-01,9.912824730830903652e-01,9.490936831148113484e-01,1.141196255488806377e-02,6.636096966303797196e-01,7.255129493430662047e-01,3.930312446775835467e-01,4.095308162204479574e-01
1.000000000000000000e+00,9.999767789401092788e-01,5.882676262268342615e-01,1.898283209719482945e-01,8.599759438037471448e-02,6.937956120205303057e-01,7.047464948162484033e-01,3.928639890131302437e-01,3.026049443973740094e-01
9.991954214279686886e-01,9.999999636021305038e-01,9.999971512059437906e-01,2.852492327527609509e-03,4.368652564223458878e-02,6.633732246499881580e-01,6.104268992393019344e-01,4.142319989033556027e-01,4.204748377055683162e-01
9.356359778447311815e-01,9.993463002007211271e-01,9.479052368940050766e-01,8.659533049948270095e-06,2.045165273636987968e-01,6.691393628110617886e-01,6.955262296649592502e-01,5.518289291713949218e-01,5.111549359984615126e-01
9.997478013886861303e-01,8.078319378353947533e-01,5.826730221617572036e-01,9.985386937605048585e-01,1.992299191093126892e-03,6.831204778653336973e-01,7.115804365694464728e-01,3.921861366231865209e-01,4.105871746618284801e-01
9.999880668430335406e-01,7.929950969795351856e-01,9.856229514020958815e-01,9.999830739382693512e-01,1.032533129029142155e-01,6.828291934874751723e-01,6.196217154553192996e-01,4.812466260996568490e-01,5.080765859459845935e-01
9.830149374565332332e-01,9.999999944762834048e-01,1.579509121452216114e-03,2.094019186082779482e-02,1.172124067766263517e-02,5.954556843168576918e-01,7.248522385064690710e-01,3.939782230890955805e-01,4.105592243648387152e-01
1.000000000000000000e+00,9.771080202822552963e-01,1.610419053731038108e-02,9.840570978978964156e-01,1.261198845513154532e-01,6.923895586285641057e-01,7.061610545991252597e-01,3.928660463032973005e-01,5.053456975468613166e-01
9.997623324307929327e-01,9.999999944762834048e-01,5.876219376121274429e-01,7.240004778012384956e-04,7.225837953843182448e-02,6.636453110782403186e-01,6.971605538979029904e-01,3.930291873874164899e-01,4.095308162204479574e-01
9.986193761106044731e-01,9.960722942118001022e-01,5.703680756965824328e-01,2.450304242722096265e-05,1.273833710682260034e-01,5.829303407400623360e-01,6.068022717234382579e-01,1.655399583692015661e-02,4.193556612814156592e-01
8.496179226733175938e-01,2.348761894785289517e-02,9.883512574959861519e-03,1.775250245670267901e-04,1.995223978963330258e-01,7.083485418061040706e-01,8.095661854736424523e-01,4.946232538934204337e-01,4.015507559791017811e-01
9.986121049502486580e-01,9.999999767321159361e-01,5.793081213528351592e-01,9.768100840660957074e-01,1.846290274775662932e-01,6.964771748759415182e-01,7.056729834951890323e-01,3.921336716202279971e-01,5.151278720892252805e-01
8.754381075865934614e-01,9.951233287589801302e-01,5.969566232779391912e-01,2.433592992370087194e-06,1.866728579918311426e-01,6.823277208276637973e-01,6.780717024860756226e-01,3.914571327878932916e-01,5.164557648472707374e-01
9.792129845933663645e-01,9.884571235155918956e-01,6.911025047658053699e-01,2.189999180446580707e-01,2.013668610553169536e-01,6.962967376088435856e-01,7.056729834951890323e-01,3.921336716202279971e-01,5.151278720892252805e-01
9.999995275998441180e-01,9.961593796562764336e-01,9.999387593475469460e-01,9.999851309975502645e-01,5.962113234969110276e-02,6.633118203792955914e-01,5.893736445057741191e-01,4.286056271733187928e-02,4.383518918732968173e-01
9.994458355399474803e-01,9.927630471308758198e-01,3.479502980476278928e-04,7.416177451170400878e-06,2.687500998091911508e-02,6.849517782528258270e-01,6.070035299649044758e-01,5.857672006334234682e-01,4.300746111533217397e-01
9.892830074186124145e-01,9.999999865092614737e-01,9.766798987333598081e-01,9.995205048005160187e-01,7.278359550522629784e-02,5.295076478533161657e-01,6.401867820298080547e-01,4.292602856987691728e-01,3.037516129590795422e-01
1.000000000000000000e+00,9.999767789401092788e-01,2.069760793140584809e-03,9.840570978978964156e-01,1.261198845513154532e-01,7.103246619807015438e-01,7.057058088662760964e-01,1.081591243815314407e-01,4.329063678231230283e-01
9.999994110013294968e-01,4.500395053377875820e-02,1.036483209567218289e-02,1.905571786333722529e-04,4.491360432347921150e-03,7.092421576381005011e-01,8.083856325432582368e-01,4.837289315255892674e-01,4.018967213673604877e-01
9.998153629959706246e-01,9.945982327309530469e-01,9.948298025088022634e-01,7.342863506416108521e-03,1.535041870084241922e-01,6.929868780272221418e-01,7.039512092869819604e-01,4.889683188837676830e-01,3.024717902279256965e-01
9.733219249395583805e-01,9.999999502445380273e-01,9.958554179266236872e-01,9.998851284545620111e-01,1.184489864460393227e-01,6.079392137002948004e-01,6.984807007196699447e-01,3.168619560753342668e-02,4.121962190193961817e-01
9.999995275998441180e-01,9.999333964206147396e-01,9.938162738668998575e-01,9.999851309975502645e-01,5.146494311614661227e-02,6.629216050777642089e-01,6.632386613826107835e-01,4.137283535090245379e-01,4.398744352779563882e-01
9.999978305513574917e-01,8.717441268005263755e-01,9.999303319204925211e-01,7.843862488058572779e-03,1.993605615377794238e-01,6.853962106989897052e-01,5.222970809046731944e-01,5.402394699098325009e-02,4.008241756050079374e-01
9.999995275998441180e-01,9.993180050627262778e-01,9.938162738668998575e-01,9.999851309975502645e-01,5.146494311614661227e-02,6.629216050777642089e-01,6.667124923598776176e-01,4.166319951986119929e-01,4.398744352779563882e-01
9.980829196227298805e-01,9.999370130421412206e-01,5.733935018257536598e-01,2.475678042457132288e-06,1.863177169527315824e-01,5.675860616056456198e-01,6.715528865025989225e-01,8.621749061063388453e-03,5.106704293363920621e-01
8.754381075865934614e-01,9.951233287589801302e-01,6.770629245322902223e-01,2.433592992370087194e-06,2.191576301790261194e-01,6.862973160746445034e-01,6.780717024860756226e-01,3.937855742078399945e-01,5.131448652789285525e-01
9.473605278602251767e-01,9.999988339974943408e-01,9.235295390006947880e-03,5.799884693494566923e-02,2.027968159017690120e-01,6.042582095154042099e-01,7.940230882595049611e-01,4.901494933928189912e-01,4.018593046868269569e-01
9.999995275998441180e-01,9.997263914574350263e-01,9.823405863585125131e-01,9.999891154511267866e-01,5.962113234969110276e-02,6.958276807558348986e-01,7.736794394454259427e-01,4.584147440602223678e-02,4.383518918732968173e-01
0.000000000000000000e+00,9.326690277791092054e-01,1.162727412978553643e-02,1.766019437046906226e-03,1.995926846173441405e-01,6.095752170122878955e-01,6.998869504647371453e-01,4.945831075712487368e-01,5.029756217333769541e-01
8.655933462201086392e-01,9.999988339974943408e-01,9.539584507865803698e-01,2.963550911941631449e-02,2.027968159017690120e-01,6.796227556319288654e-01,7.917836481161744100e-01,4.902100788643260487e-01,4.018593046868269569e-01
9.733198621124733441e-01,9.999999767321159361e-01,7.097025653414374968e-01,2.168072438698222526e-01,1.846290274775662932e-01,6.937535502109314356e-01,7.054078148964076922e-01,3.921399289546333988e-01,5.151278720892252805e-01
9.999995275998441180e-01,9.997263914574350263e-01,9.820616004531269594e-01,9.999891154511267866e-01,5.962113234969110276e-02,6.957703357601938698e-01,7.736794394454259427e-01,4.736893140029288518e-02,4.372085232688164846e-01
9.540213315194949750e-01,9.602522138965311482e-01,3.150685167658877307e-04,1.044552214657726297e-05,2.693564019456761577e-02,6.065995611403676158e-01,7.645733484113397260e-01,3.988076042677754507e-01,4.020795773289003172e-01
9.998392499497079644e-01,9.999999502445380273e-01,8.407689586915524371e-01,9.998851284545620111e-01,1.564833906828352883e-02,6.639691887819145766e-01,7.766404022594537437e-01,3.206548499834493970e-02,3.823453442502395827e-01
1.000000000000000000e+00,9.999995449092677902e-01,9.956376261621334711e-01,9.862992357654010167e-01,1.267327024700047600e-01,6.937956120205303057e-01,7.054072056528456480e-01,3.928660463032973005e-01,3.026049443973740094e-01
9.770020076714441837e-01,9.730787003056523554e-01,6.770629245322902223e-01,2.433592992370087194e-06,2.202326307695303964e-01,6.866853474440457461e-01,6.780717024860756226e-01,3.937855742078399945e-01,2.904210025860637368e-01
9.769236449167443270e-01,9.764485771534371361e-01,6.985545194841848993e-01,2.433592992370087194e-06,1.825717914034256095e-01,6.866853474440457461e-01,6.803049705328469976e-01,3.863695427963751983e-01,2.904210025860637368e-01
9.970496472609979843e-01,9.933938608489291111e-01,9.981315848591927331e-01,8.981706730743763134e-03,4.946960443383954797e-03,7.147676441593501240e-01,7.180751065702531966e-01,5.177077628751598493e-01,5.270698192886724698e-01
9.999851432885359381e-01,9.999909739008934206e-01,6.236077374068416113e-01,9.999891154511267866e-01,5.962113234969110276e-02,6.939712252124677905e-01,7.058303917496437929e-01,5.257479272077741905e-02,4.382240898604319868e-01
9.332159763601866054e-01,9.999370130421412206e-01,1.756969693779919517e-03,2.475678042457132288e-06,1.865157128681729504e-01,5.675860616056456198e-01,6.721715647536644633e-01,8.621749061063388453e-03,5.063579257160818470e-01
9.515616294194934044e-01,9.999999944762834048e-01,1.762375482726286080e-03,7.545119849818246460e-04,2.675379730494146374e-02,5.983769360715648356e-01,7.241704988553774314e-01,3.930291873874164899e-01,4.115014889684096011e-01
9.830149374565332332e-01,9.999999944762834048e-01,5.816857982360966739e-01,9.090914947522162892e-01,1.172124067766263517e-02,6.001713656729433799e-01,6.075871115851321225e-01,4.833692119876616400e-01,4.097010635392698830e-01
9.332159763601866054e-01,9.698799993947890830e-01,9.835442398394498298e-01,2.475678042457132288e-06,1.855573640343090580e-01,7.158892141941756160e-01,6.721715647536644633e-01,8.621749061063388453e-03,5.119879494300993983e-01
9.960920452772519251e-01,9.822490031203483518e-01,9.933454691260534819e-01,3.965859748511339246e-05,1.864551445298315568e-01,5.665397831425816877e-01,8.160852479980058582e-01,4.376429814947124797e-03,2.813523451727378832e-01
9.993624635662987643e-01,9.578312344665673717e-01,9.999526780276408733e-01,1.946717789410190580e-03,1.861669737077096820e-01,6.777842259924053980e-01,5.893277109277083037e-01,1.238022915866165974e-03,4.325567037855197472e-01
9.962546609028536393e-01,9.998943465099872085e-01,9.607217434607220330e-01,4.725463719687625526e-05,1.866446730080906502e-01,5.621451668075344577e-01,6.597086968173310195e-01,3.807271783293655898e-02,4.127014226280191211e-01
9.931631479919804661e-01,9.333325042082980527e-01,4.444392339135634640e-05,7.842895326513280030e-02,2.716566345997266652e-01,6.095752170122878955e-01,6.998869504647371453e-01,4.946359820870404600e-01,5.029756217333769541e-01
9.988619316503105638e-01,9.324605656840501133e-01,1.162727412978553643e-02,9.848189672106848480e-01,1.261873845938345506e-01,6.095752170122878955e-01,6.998869504647371453e-01,4.945831075712487368e-01,2.994933264239206805e-01
9.999998516641535051e-01,8.729976128615580810e-01,9.809606396586348920e-01,9.999852582562375192e-01,1.164974817462235135e-01,6.146458674337202943e-01,6.100248611535865617e-01,3.798798578056561404e-02,4.845483165829770900e-01
8.705223543834960109e-01,9.897764598140903480e-01,5.969557669665488397e-01,1.922751007670781784e-06,1.855573640343090580e-01,6.823356996053643320e-01,7.031422342354326505e-01,5.117159184263030403e-01,5.118619913116074782e-01
9.990587224617141215e-01,9.999370130421412206e-01,1.756969693779919517e-03,2.475678042457132288e-06,5.904616962478217990e-02,5.675860616056456198e-01,6.721715647536644633e-01,8.218913548066721780e-03,5.072040723705004694e-01
9.994856451714844159e-01,9.974267184123231100e-01,9.995663341339223740e-01,9.999891154511267866e-01,5.999517736799226536e-02,6.958887820168836447e-01,7.701851097020425696e-01,3.978157128542347820e-02,4.318036087431791348e-01
9.999995275998441180e-01,9.997263914574350263e-01,9.558824255131241898e-01,9.999891154511267866e-01,5.962113234969110276e-02,7.004280898840811176e-01,7.747924112143557140e-01,4.581131012844819744e-02,4.383506308849876021e-01
9.953662221247561170e-01,9.997263914574350263e-01,9.999354418810426637e-01,9.999891154511267866e-01,5.962113234969110276e-02,7.109556115489368278e-01,6.415900699986605282e-01,1.441503124127514052e-03,4.383506183656808441e-01
9.999822004353290383e-01,9.589243581835446006e-01,9.964253433103632540e-01,1.816122808575919290e-01,1.945872597039026430e-01,6.833709622162569275e-01,8.092559442910350898e-01,5.905824578069360786e-01,3.992601991055982902e-01
1.000000000000000000e+00,1.765956767662280047e-02,9.868610196361368159e-01,9.890496645280225652e-01,1.261198845513154532e-01,4.914954653423064812e-01,6.537945580920967448e-01,5.393669725536973658e-01,3.026049443973740094e-01
9.924543164229956416e-01,9.996638170434081205e-01,9.802303493142207058e-01,7.750278283858509816e-05,5.350850238924168695e-02,6.781128618911244077e-01,6.721683272848066881e-01,5.035053363046813057e-01,4.291939268635279747e-01
9.999896463823291226e-01,9.999909739008934206e-01,9.791091416594787100e-01,9.999891154511267866e-01,5.962113234969110276e-02,7.669922246024913903e-01,7.058303917496437929e-01,5.257479272077741905e-02,4.382240898604319868e-01
9.999995275998441180e-01,9.997263914574350263e-01,6.262331601058080954e-01,9.999891154511267866e-01,5.962113234969110276e-02,6.958276807558348986e-01,7.736794394454259427e-01,4.584147440602223678e-02,4.383518918732968173e-01
9.693255432352960721e-01,9.999370130421412206e-01,1.756969693779919517e-03,2.475678042457132288e-06,3.491271101931608944e-02,5.675860616056456198e-01,6.194827661034039146e-01,8.785960280488558372e-03,4.164010605630493189e-01
9.332159763601866054e-01,9.999867214698626716e-01,5.504079011994891246e-01,2.475678042457132288e-06,1.855573640343090580e-01,5.070129378925257724e-01,6.721715647536644633e-01,7.991177587329645338e-03,5.183408021022757328e-01
9.828368900336756919e-01,9.999909739008934206e-01,9.757194819820046439e-01,9.999890005674403337e-01,1.050645745508511641e-01,6.529867899521768493e-01,6.438231555095726977e-01,2.631233880320791099e-02,4.373807398985373185e-01
9.952320887416483686e-01,9.999859864343191296e-01,9.300434652769336008e-01,9.999891154511267866e-01,4.769057089867331789e-02,7.004274038012775483e-01,7.718561507011700851e-01,3.894652185921526621e-02,3.836518859049976582e-01
9.977235909804385017e-01,9.578312344665673717e-01,9.999526780276408733e-01,1.946717789410190580e-03,1.273243886980699457e-01,6.940685691207384433e-01,5.893277109277083037e-01,1.238022915866165974e-03,3.043246468171953434e-01
9.975619151987956679e-01,6.531454110793964984e-01,3.161561268265221034e-04,9.996089333316101611e-01,9.926910881081989213e-02,6.122068621330295501e-01,7.031077278514319406e-01,1.011038091774670855e-01,4.197330331249823354e-01
9.322619285213327167e-01,9.975770820628425684e-01,9.988015466231963124e-01,1.348322936986450227e-01,1.833452034564780342e-01,6.939348020861952904e-01,6.139076858262094705e-01,4.598066235148412506e-03,4.232882357046147681e-01
9.866806636491853855e-01,9.970996438133734596e-01,9.957786758016977657e-01,3.441898008792032559e-02,2.025837303512506571e-01,6.872788510842878784e-01,7.697652197319128087e-01,2.878463545850362681e-04,3.022496745732795587e-01
9.303867195067567764e-01,9.999937125426109352e-01,6.293689538937651262e-01,9.999891154511267866e-01,8.308302013655148588e-02,6.459987228234367329e-01,7.058303917496437929e-01,1.452375671375413790e-02,4.084790374909462174e-01
9.951349717640755044e-01,9.997961428251586069e-01,3.052625247049102486e-02,9.999891154511267866e-01,1.154305908471150027e-01,4.992039785254224760e-01,7.046620842556531317e-01,3.639174453367792772e-01,4.735171137747323789e-01
9.332159763601866054e-01,9.988323791278496122e-01,2.057918154526228172e-02,8.233666676236728207e-07,2.809570378372349686e-01,5.094935737079019367e-01,6.857450588794553603e-01,7.991177587329645338e-03,5.183408021022757328e-01
9.999990134522821483e-01,9.467586247625758844e-01,9.999526780276408733e-01,4.352376486454643742e-07,2.283502452074623323e-01,6.543847935326279064e-01,6.375417418685764837e-01,1.580149296410836984e-02,4.413246262171522383e-01
9.867661485941556787e-01,9.847067693156159596e-01,9.999678051770923837e-01,9.999680507712856992e-01,1.250076362055225210e-01,6.790953864203926882e-01,8.114828131376085052e-01,4.072363688879907517e-01,4.548080718231993780e-01
1.000000000000000000e+00,9.999767789401092788e-01,9.954840530182403890e-01,9.999041277176679010e-01,7.548384125889540108e-02,6.937956120205303057e-01,7.054072056528456480e-01,1.123988143407796958e-01,4.335939320179425516e-01
9.987127704910617743e-01,6.554216642273233973e-01,9.255434886212055012e-03,9.628145602654445412e-01,1.031455595662217617e-01,7.070460891802513581e-01,6.085291082414505670e-01,4.901121855200131217e-01,4.020151563600578015e-01
9.861777696180840103e-01,9.955522749509361224e-01,9.728157676890163419e-01,1.614912074029539041e-05,2.299188710722359641e-01,6.419093602638439311e-01,6.412325226476294215e-01,1.044942169428163814e-01,2.860282574920985921e-01
9.600599653300615488e-01,9.997904853414603110e-01,9.892434712530248087e-01,9.995451398719048530e-01,8.776490427583058529e-02,5.990691184450592788e-01,7.279257986144795911e-01,1.999588814127555292e-01,3.151133270610970150e-01
9.785785351640745588e-01,9.319058235896863218e-01,1.162727412978553643e-02,1.766019437046906226e-03,1.995926846173441405e-01,6.095752170122878955e-01,6.997703970599808976e-01,4.971678747756686501e-01,4.963106072170905270e-01
9.870073640801046988e-01,8.749903614973225663e-01,9.970023426156044977e-01,9.999891154511267866e-01,1.783711838688269435e-01,6.192105279244489724e-01,5.947276594461902155e-01,1.114371348489846952e-01,4.335044727235061179e-01
9.870073640801046988e-01,9.999184363629247674e-01,9.625388766031566234e-01,9.999891154511267866e-01,2.267150867769494593e-01,6.192105279244489724e-01,6.082415101954932179e-01,8.756075280428271546e-02,4.422434026508097471e-01
9.999731732970460474e-01,9.994865846427647416e-01,9.997157050517162524e-01,9.999680507712856992e-01,7.502208859392585361e-02,6.400083106740848127e-01,4.947225813763645452e-01,4.847467543203953788e-02,4.149454474328416742e-01
9.999890817985440661e-01,9.999946636436072289e-01,9.995946329390289486e-01,2.329130517562311587e-03,6.707111968178139372e-02,6.405825394502998593e-01,4.964661771437206550e-01,5.497137882195246572e-04,5.431612253468588447e-01
9.825791436753524843e-01,9.991862223724942149e-01,1.026468133163982444e-04,2.475678042457132288e-06,1.865157128681729504e-01,7.693987844670046039e-01,8.017284332645345790e-01,2.126729947482666749e-02,4.457591719676590181e-01
9.999978305513574917e-01,9.999990767439104200e-01,5.386516435890430499e-01,1.136071001682115167e-03,7.327829974970220817e-02,5.948018701864076219e-01,4.963028552390620907e-01,3.792166148820752536e-02,4.204430836358838408e-01
9.548397121846503577e-01,9.930660694049600057e-01,9.995467601154167658e-01,1.822576027524675513e-01,1.925436411015157556e-01,4.920804373757926564e-01,6.074363539087428432e-01,2.462111471883410285e-03,3.682019743902839037e-01
9.142898720156567016e-01,9.960686973112635734e-01,9.956376261621334711e-01,1.713197308201295788e-01,2.090536667191671139e-02,6.937956120205303057e-01,5.875377685052473042e-01,4.830998420910423419e-01,1.955110705993113318e-01
9.685828040428673402e-01,9.999729649698101408e-01,4.866370898219466703e-05,4.117817019986716454e-03,9.487025738029654376e-02,7.654027664920105556e-01,7.072122329120023032e-01,1.662157417031680934e-02,4.422135898928988840e-01
9.733516071054058028e-01,9.999981462125921983e-01,9.786951882559937754e-01,1.614912074029539041e-05,1.324433478920743201e-01,6.418109494688912786e-01,6.026012332796228943e-01,3.835918912037900030e-02,2.825841334265938309e-01
9.999990134522821483e-01,9.978248046386226644e-01,4.939590793266810526e-05,9.726248847442113821e-01,8.840383960844094835e-02,4.683707943384400330e-01,7.158102778765150775e-01,4.905255972768224337e-01,4.814104171070506810e-01
1.000000000000000000e+00,9.999824625763528152e-01,9.999264538923854362e-01,9.984050938027150268e-01,2.156765566108008181e-01,6.947260383539849427e-01,7.054072056528456480e-01,3.928660463032973005e-01,3.025541597837811403e-01
9.962628680549363569e-01,9.990321110390719683e-01,9.980724028606997589e-01,9.999680507712856992e-01,1.250076362055225210e-01,6.064526750996963589e-01,6.998377868877854180e-01,2.547706714349852464e-02,4.459931847800766569e-01
9.616715867473314416e-01,7.881480725681151434e-01,9.999985029196453157e-01,1.500456326848347288e-01,1.846496105785754016e-02,7.139709000078388046e-01,6.074363539087428432e-01,4.849325967966656159e-01,3.940356315680810240e-01
9.297806229053457994e-01,9.984600732800836820e-01,9.995867304144065990e-01,1.772056896439434554e-03,1.995926846173441405e-01,5.986455591979081836e-01,6.998869504647371453e-01,4.537415241670406281e-03,4.638132077709711254e-01
9.861701992773163061e-01,9.955522749509361224e-01,9.996936889061974751e-01,1.956673158880643045e-05,1.204391079000955433e-01,6.418109494688912786e-01,7.743500266704038681e-01,7.966622229277457723e-04,2.825841334265938309e-01
9.901276392216296074e-01,9.991052107587248265e-01,4.782202008146718697e-05,9.925931178354332474e-01,1.995720512531015955e-01,7.755516348594385656e-01,7.786163391066694972e-01,4.920258303263224664e-01,3.819877566556199033e-01
9.685828040428673402e-01,9.875730793539909680e-01,9.989596502062799699e-01,5.930782011167841719e-05,9.487025738029654376e-02,7.646782408139345399e-01,7.072122329120023032e-01,1.365131331078208755e-02,4.422135898928988840e-01
9.599826933950936780e-01,9.997904853414603110e-01,6.842885061771994404e-02,9.995451398719048530e-01,9.105618241985789785e-02,5.972833859562926007e-01,7.272172830380970732e-01,1.972413347541004391e-01,3.949888395487221593e-01
9.999604105249884078e-01,9.917713880658199921e-01,9.999892891995481037e-01,3.141074240949615071e-04,1.461869662785240109e-01,7.307060179577830050e-01,8.218343830441213749e-01,2.878463545850362681e-04,4.305789141620979810e-01
9.545681159499082025e-01,9.994849240764906995e-01,9.979636553892240469e-01,9.999680507712856992e-01,1.250076362055225210e-01,6.064526750996963589e-01,6.998377868877854180e-01,2.574385168790237211e-02,3.204690168934637984e-01
9.999604105249884078e-01,8.433165105781232906e-01,9.999892891995481037e-01,3.120962274206872506e-04,3.840087561791362403e-02,7.310673080008373015e-01,7.006874364126434163e-01,4.093759361743515984e-04,4.306248518577527329e-01
9.997009499895530560e-01,9.999822894979150112e-01,2.935120534891977329e-03,4.116151504165371788e-02,7.327829974970220817e-02,5.969904030481610890e-01,6.769282120558446358e-01,3.887336731842703230e-01,3.235914265848935933e-01
9.985122594670009510e-01,9.999742914051393816e-01,3.049795127611304446e-02,9.973060754261788841e-01,9.538634036635303126e-02,7.659312717966233475e-01,7.089264322111696881e-01,1.547957717341917963e-02,4.084152997969243137e-01
9.616715867473314416e-01,7.857032643444219477e-01,9.999985029196453157e-01,1.539569745935791545e-01,1.777090716633842812e-02,7.139709000078388046e-01,6.074363539087428432e-01,4.849325967966656159e-01,3.940356315680810240e-01
9.867661485941556787e-01,9.990321110390719683e-01,9.999678051770923837e-01,9.999680507712856992e-01,1.250076362055225210e-01,6.679283780982733232e-01,7.718731743610761642e-01,1.522424677727540060e-02,4.063711015601091381e-01
9.995852728190917080e-01,9.999833867730134607e-01,9.999594004193068653e-01,3.868827635100963169e-02,3.252163027371577503e-02,6.959051628386277999e-01,6.530126555776535335e-01,2.058000730939093526e-01,4.195715540099220764e-01
