[Study] (1/270) nsgaii | numpy | dtlz1 | seed=0
================================================================================
VAMOS Experiment Runner
================================================================================
Problem: DTLZ1
Description: DTLZ1 with configurable objectives (defaults to 3).
Decision variables: 6
Objectives: 2
Encoding: real
Algorithm: NSGAII
Backend: numpy
Population size: 80
Offspring population size: 80
Max evaluations: 18000
--------------------------------------------------------------------------------
nsgaii -> Time: 10120.85 ms | Eval/s: 1778.5
Objective 1 spread: 0.502377
Results stored in: /home/nico/Documents/GitHub/VAMOS/results/archive_family_pilot_core/NSGAII_archive_family_DTLZ/raw_runs/NSGAII_archive_family_DTLZ/nsgaii_archive_off/DTLZ1/nsgaii/numpy/seed_0
[Study] (2/270) nsgaii | numpy | dtlz1 | seed=1
================================================================================
VAMOS Experiment Runner
================================================================================
Problem: DTLZ1
Description: DTLZ1 with configurable objectives (defaults to 3).
Decision variables: 6
Objectives: 2
Encoding: real
Algorithm: NSGAII
Backend: numpy
Population size: 80
Offspring population size: 80
Max evaluations: 18000
--------------------------------------------------------------------------------
nsgaii -> Time: 10239.87 ms | Eval/s: 1757.8
Objective 1 spread: 0.501499
Results stored in: /home/nico/Documents/GitHub/VAMOS/results/archive_family_pilot_core/NSGAII_archive_family_DTLZ/raw_runs/NSGAII_archive_family_DTLZ/nsgaii_archive_off/DTLZ1/nsgaii/numpy/seed_1
[Study] (3/270) nsgaii | numpy | dtlz1 | seed=2
================================================================================
VAMOS Experiment Runner
================================================================================
Problem: DTLZ1
Description: DTLZ1 with configurable objectives (defaults to 3).
Decision variables: 6
Objectives: 2
Encoding: real
Algorithm: NSGAII
Backend: numpy
Population size: 80
Offspring population size: 80
Max evaluations: 18000
--------------------------------------------------------------------------------
nsgaii -> Time: 10176.13 ms | Eval/s: 1768.8
Objective 1 spread: 0.504054
Results stored in: /home/nico/Documents/GitHub/VAMOS/results/archive_family_pilot_core/NSGAII_archive_family_DTLZ/raw_runs/NSGAII_archive_family_DTLZ/nsgaii_archive_off/DTLZ1/nsgaii/numpy/seed_2
[Study] (4/270) nsgaii | numpy | dtlz1 | seed=3
================================================================================
VAMOS Experiment Runner
================================================================================
Problem: DTLZ1
Description: DTLZ1 with configurable objectives (defaults to 3).
Decision variables: 6
Objectives: 2
Encoding: real
Algorithm: NSGAII
Backend: numpy
Population size: 80
Offspring population size: 80
Max evaluations: 18000
--------------------------------------------------------------------------------
nsgaii -> Time: 10211.27 ms | Eval/s: 1762.8
Objective 1 spread: 0.500107
Results stored in: /home/nico/Documents/GitHub/VAMOS/results/archive_family_pilot_core/NSGAII_archive_family_DTLZ/raw_runs/NSGAII_archive_family_DTLZ/nsgaii_archive_off/DTLZ1/nsgaii/numpy/seed_3
[Study] (5/270) nsgaii | numpy | dtlz1 | seed=4
================================================================================
VAMOS Experiment Runner
================================================================================
Problem: DTLZ1
Description: DTLZ1 with configurable objectives (defaults to 3).
Decision variables: 6
Objectives: 2
Encoding: real
Algorithm: NSGAII
Backend: numpy
Population size: 80
Offspring population size: 80
Max evaluations: 18000
--------------------------------------------------------------------------------
nsgaii -> Time: 10193.12 ms | Eval/s: 1765.9
Objective 1 spread: 0.500442
Results stored in: /home/nico/Documents/GitHub/VAMOS/results/archive_family_pilot_core/NSGAII_archive_family_DTLZ/raw_runs/NSGAII_archive_family_DTLZ/nsgaii_archive_off/DTLZ1/nsgaii/numpy/seed_4
[Study] (6/270) nsgaii | numpy | dtlz1 | seed=5
================================================================================
VAMOS Experiment Runner
================================================================================
Problem: DTLZ1
Description: DTLZ1 with configurable objectives (defaults to 3).
Decision variables: 6
Objectives: 2
Encoding: real
Algorithm: NSGAII
Backend: numpy
Population size: 80
Offspring population size: 80
Max evaluations: 18000
--------------------------------------------------------------------------------
nsgaii -> Time: 10151.58 ms | Eval/s: 1773.1
Objective 1 spread: 0.500667
Results stored in: /home/nico/Documents/GitHub/VAMOS/results/archive_family_pilot_core/NSGAII_archive_family_DTLZ/raw_runs/NSGAII_archive_family_DTLZ/nsgaii_archive_off/DTLZ1/nsgaii/numpy/seed_5
[Study] (7/270) nsgaii | numpy | dtlz1 | seed=6
================================================================================
VAMOS Experiment Runner
================================================================================
Problem: DTLZ1
Description: DTLZ1 with configurable objectives (defaults to 3).
Decision variables: 6
Objectives: 2
Encoding: real
Algorithm: NSGAII
Backend: numpy
Population size: 80
Offspring population size: 80
Max evaluations: 18000
--------------------------------------------------------------------------------
nsgaii -> Time: 10161.11 ms | Eval/s: 1771.5
Objective 1 spread: 0.505167
Results stored in: /home/nico/Documents/GitHub/VAMOS/results/archive_family_pilot_core/NSGAII_archive_family_DTLZ/raw_runs/NSGAII_archive_family_DTLZ/nsgaii_archive_off/DTLZ1/nsgaii/numpy/seed_6
[Study] (8/270) nsgaii | numpy | dtlz1 | seed=7
================================================================================
VAMOS Experiment Runner
================================================================================
Problem: DTLZ1
Description: DTLZ1 with configurable objectives (defaults to 3).
Decision variables: 6
Objectives: 2
Encoding: real
Algorithm: NSGAII
Backend: numpy
Population size: 80
Offspring population size: 80
Max evaluations: 18000
--------------------------------------------------------------------------------
nsgaii -> Time: 10306.62 ms | Eval/s: 1746.5
Objective 1 spread: 0.502134
Results stored in: /home/nico/Documents/GitHub/VAMOS/results/archive_family_pilot_core/NSGAII_archive_family_DTLZ/raw_runs/NSGAII_archive_family_DTLZ/nsgaii_archive_off/DTLZ1/nsgaii/numpy/seed_7
[Study] (9/270) nsgaii | numpy | dtlz1 | seed=8
================================================================================
VAMOS Experiment Runner
================================================================================
Problem: DTLZ1
Description: DTLZ1 with configurable objectives (defaults to 3).
Decision variables: 6
Objectives: 2
Encoding: real
Algorithm: NSGAII
Backend: numpy
Population size: 80
Offspring population size: 80
Max evaluations: 18000
--------------------------------------------------------------------------------
nsgaii -> Time: 10458.45 ms | Eval/s: 1721.1
Objective 1 spread: 0.505398
Results stored in: /home/nico/Documents/GitHub/VAMOS/results/archive_family_pilot_core/NSGAII_archive_family_DTLZ/raw_runs/NSGAII_archive_family_DTLZ/nsgaii_archive_off/DTLZ1/nsgaii/numpy/seed_8
[Study] (10/270) nsgaii | numpy | dtlz1 | seed=9
================================================================================
VAMOS Experiment Runner
================================================================================
Problem: DTLZ1
Description: DTLZ1 with configurable objectives (defaults to 3).
Decision variables: 6
Objectives: 2
Encoding: real
Algorithm: NSGAII
Backend: numpy
Population size: 80
Offspring population size: 80
Max evaluations: 18000
--------------------------------------------------------------------------------
nsgaii -> Time: 10369.12 ms | Eval/s: 1735.9
Objective 1 spread: 0.505986
Results stored in: /home/nico/Documents/GitHub/VAMOS/results/archive_family_pilot_core/NSGAII_archive_family_DTLZ/raw_runs/NSGAII_archive_family_DTLZ/nsgaii_archive_off/DTLZ1/nsgaii/numpy/seed_9
[Study] (11/270) nsgaii | numpy | dtlz1 | seed=0
================================================================================
VAMOS Experiment Runner
================================================================================
Problem: DTLZ1
Description: DTLZ1 with configurable objectives (defaults to 3).
Decision variables: 6
Objectives: 2
Encoding: real
Algorithm: NSGAII
Backend: numpy
Population size: 80
Offspring population size: 80
Max evaluations: 18000
--------------------------------------------------------------------------------
nsgaii -> Time: 10527.38 ms | Eval/s: 1709.8
Objective 1 spread: 0.502377
Results stored in: /home/nico/Documents/GitHub/VAMOS/results/archive_family_pilot_core/NSGAII_archive_family_DTLZ/raw_runs/NSGAII_archive_family_DTLZ/nsgaii_archive_passive/DTLZ1/nsgaii/numpy/seed_0
[Study] (12/270) nsgaii | numpy | dtlz1 | seed=1
================================================================================
VAMOS Experiment Runner
================================================================================
Problem: DTLZ1
Description: DTLZ1 with configurable objectives (defaults to 3).
Decision variables: 6
Objectives: 2
Encoding: real
Algorithm: NSGAII
Backend: numpy
Population size: 80
Offspring population size: 80
Max evaluations: 18000
--------------------------------------------------------------------------------
nsgaii -> Time: 10540.53 ms | Eval/s: 1707.7
Objective 1 spread: 0.501499
Results stored in: /home/nico/Documents/GitHub/VAMOS/results/archive_family_pilot_core/NSGAII_archive_family_DTLZ/raw_runs/NSGAII_archive_family_DTLZ/nsgaii_archive_passive/DTLZ1/nsgaii/numpy/seed_1
[Study] (13/270) nsgaii | numpy | dtlz1 | seed=2
================================================================================
VAMOS Experiment Runner
================================================================================
Problem: DTLZ1
Description: DTLZ1 with configurable objectives (defaults to 3).
Decision variables: 6
Objectives: 2
Encoding: real
Algorithm: NSGAII
Backend: numpy
Population size: 80
Offspring population size: 80
Max evaluations: 18000
--------------------------------------------------------------------------------
nsgaii -> Time: 10599.48 ms | Eval/s: 1698.2
Objective 1 spread: 0.504054
Results stored in: /home/nico/Documents/GitHub/VAMOS/results/archive_family_pilot_core/NSGAII_archive_family_DTLZ/raw_runs/NSGAII_archive_family_DTLZ/nsgaii_archive_passive/DTLZ1/nsgaii/numpy/seed_2
[Study] (14/270) nsgaii | numpy | dtlz1 | seed=3
================================================================================
VAMOS Experiment Runner
================================================================================
Problem: DTLZ1
Description: DTLZ1 with configurable objectives (defaults to 3).
Decision variables: 6
Objectives: 2
Encoding: real
Algorithm: NSGAII
Backend: numpy
Population size: 80
Offspring population size: 80
Max evaluations: 18000
--------------------------------------------------------------------------------
nsgaii -> Time: 10708.72 ms | Eval/s: 1680.9
Objective 1 spread: 0.500107
Results stored in: /home/nico/Documents/GitHub/VAMOS/results/archive_family_pilot_core/NSGAII_archive_family_DTLZ/raw_runs/NSGAII_archive_family_DTLZ/nsgaii_archive_passive/DTLZ1/nsgaii/numpy/seed_3
[Study] (15/270) nsgaii | numpy | dtlz1 | seed=4
================================================================================
VAMOS Experiment Runner
================================================================================
Problem: DTLZ1
Description: DTLZ1 with configurable objectives (defaults to 3).
Decision variables: 6
Objectives: 2
Encoding: real
Algorithm: NSGAII
Backend: numpy
Population size: 80
Offspring population size: 80
Max evaluations: 18000
--------------------------------------------------------------------------------
nsgaii -> Time: 10768.44 ms | Eval/s: 1671.6
Objective 1 spread: 0.500442
Results stored in: /home/nico/Documents/GitHub/VAMOS/results/archive_family_pilot_core/NSGAII_archive_family_DTLZ/raw_runs/NSGAII_archive_family_DTLZ/nsgaii_archive_passive/DTLZ1/nsgaii/numpy/seed_4
[Study] (16/270) nsgaii | numpy | dtlz1 | seed=5
================================================================================
VAMOS Experiment Runner
================================================================================
Problem: DTLZ1
Description: DTLZ1 with configurable objectives (defaults to 3).
Decision variables: 6
Objectives: 2
Encoding: real
Algorithm: NSGAII
Backend: numpy
Population size: 80
Offspring population size: 80
Max evaluations: 18000
--------------------------------------------------------------------------------
nsgaii -> Time: 10722.11 ms | Eval/s: 1678.8
Objective 1 spread: 0.500667
Results stored in: /home/nico/Documents/GitHub/VAMOS/results/archive_family_pilot_core/NSGAII_archive_family_DTLZ/raw_runs/NSGAII_archive_family_DTLZ/nsgaii_archive_passive/DTLZ1/nsgaii/numpy/seed_5
[Study] (17/270) nsgaii | numpy | dtlz1 | seed=6
================================================================================
VAMOS Experiment Runner
================================================================================
Problem: DTLZ1
Description: DTLZ1 with configurable objectives (defaults to 3).
Decision variables: 6
Objectives: 2
Encoding: real
Algorithm: NSGAII
Backend: numpy
Population size: 80
Offspring population size: 80
Max evaluations: 18000
--------------------------------------------------------------------------------
nsgaii -> Time: 10597.65 ms | Eval/s: 1698.5
Objective 1 spread: 0.505167
Results stored in: /home/nico/Documents/GitHub/VAMOS/results/archive_family_pilot_core/NSGAII_archive_family_DTLZ/raw_runs/NSGAII_archive_family_DTLZ/nsgaii_archive_passive/DTLZ1/nsgaii/numpy/seed_6
[Study] (18/270) nsgaii | numpy | dtlz1 | seed=7
================================================================================
VAMOS Experiment Runner
================================================================================
Problem: DTLZ1
Description: DTLZ1 with configurable objectives (defaults to 3).
Decision variables: 6
Objectives: 2
Encoding: real
Algorithm: NSGAII
Backend: numpy
Population size: 80
Offspring population size: 80
Max evaluations: 18000
--------------------------------------------------------------------------------
nsgaii -> Time: 10549.69 ms | Eval/s: 1706.2
Objective 1 spread: 0.502134
Results stored in: /home/nico/Documents/GitHub/VAMOS/results/archive_family_pilot_core/NSGAII_archive_family_DTLZ/raw_runs/NSGAII_archive_family_DTLZ/nsgaii_archive_passive/DTLZ1/nsgaii/numpy/seed_7
[Study] (19/270) nsgaii | numpy | dtlz1 | seed=8
================================================================================
VAMOS Experiment Runner
================================================================================
Problem: DTLZ1
Description: DTLZ1 with configurable objectives (defaults to 3).
Decision variables: 6
Objectives: 2
Encoding: real
Algorithm: NSGAII
Backend: numpy
Population size: 80
Offspring population size: 80
Max evaluations: 18000
--------------------------------------------------------------------------------
nsgaii -> Time: 10659.53 ms | Eval/s: 1688.6
Objective 1 spread: 0.505398
Results stored in: /home/nico/Documents/GitHub/VAMOS/results/archive_family_pilot_core/NSGAII_archive_family_DTLZ/raw_runs/NSGAII_archive_family_DTLZ/nsgaii_archive_passive/DTLZ1/nsgaii/numpy/seed_8
[Study] (20/270) nsgaii | numpy | dtlz1 | seed=9
================================================================================
VAMOS Experiment Runner
================================================================================
Problem: DTLZ1
Description: DTLZ1 with configurable objectives (defaults to 3).
Decision variables: 6
Objectives: 2
Encoding: real
Algorithm: NSGAII
Backend: numpy
Population size: 80
Offspring population size: 80
Max evaluations: 18000
--------------------------------------------------------------------------------
nsgaii -> Time: 10761.37 ms | Eval/s: 1672.6
Objective 1 spread: 0.505986
Results stored in: /home/nico/Documents/GitHub/VAMOS/results/archive_family_pilot_core/NSGAII_archive_family_DTLZ/raw_runs/NSGAII_archive_family_DTLZ/nsgaii_archive_passive/DTLZ1/nsgaii/numpy/seed_9
[Study] (21/270) nsgaii | numpy | dtlz1 | seed=0
================================================================================
VAMOS Experiment Runner
================================================================================
Problem: DTLZ1
Description: DTLZ1 with configurable objectives (defaults to 3).
Decision variables: 6
Objectives: 2
Encoding: real
Algorithm: NSGAII
Backend: numpy
Population size: 80
Offspring population size: 80
Max evaluations: 18000
--------------------------------------------------------------------------------
nsgaii -> Time: 10997.64 ms | Eval/s: 1636.7
Objective 1 spread: 0.501198
Results stored in: /home/nico/Documents/GitHub/VAMOS/results/archive_family_pilot_core/NSGAII_archive_family_DTLZ/raw_runs/NSGAII_archive_family_DTLZ/nsgaii_archive_hybrid/DTLZ1/nsgaii/numpy/seed_0
[Study] (22/270) nsgaii | numpy | dtlz1 | seed=1
================================================================================
VAMOS Experiment Runner
================================================================================
Problem: DTLZ1
Description: DTLZ1 with configurable objectives (defaults to 3).
Decision variables: 6
Objectives: 2
Encoding: real
Algorithm: NSGAII
Backend: numpy
Population size: 80
Offspring population size: 80
Max evaluations: 18000
--------------------------------------------------------------------------------
nsgaii -> Time: 10887.90 ms | Eval/s: 1653.2
Objective 1 spread: 0.501178
Results stored in: /home/nico/Documents/GitHub/VAMOS/results/archive_family_pilot_core/NSGAII_archive_family_DTLZ/raw_runs/NSGAII_archive_family_DTLZ/nsgaii_archive_hybrid/DTLZ1/nsgaii/numpy/seed_1
[Study] (23/270) nsgaii | numpy | dtlz1 | seed=2
================================================================================
VAMOS Experiment Runner
================================================================================
Problem: DTLZ1
Description: DTLZ1 with configurable objectives (defaults to 3).
Decision variables: 6
Objectives: 2
Encoding: real
Algorithm: NSGAII
Backend: numpy
Population size: 80
Offspring population size: 80
Max evaluations: 18000
--------------------------------------------------------------------------------
nsgaii -> Time: 10775.91 ms | Eval/s: 1670.4
Objective 1 spread: 0.512187
Results stored in: /home/nico/Documents/GitHub/VAMOS/results/archive_family_pilot_core/NSGAII_archive_family_DTLZ/raw_runs/NSGAII_archive_family_DTLZ/nsgaii_archive_hybrid/DTLZ1/nsgaii/numpy/seed_2
[Study] (24/270) nsgaii | numpy | dtlz1 | seed=3
================================================================================
VAMOS Experiment Runner
================================================================================
Problem: DTLZ1
Description: DTLZ1 with configurable objectives (defaults to 3).
Decision variables: 6
Objectives: 2
Encoding: real
Algorithm: NSGAII
Backend: numpy
Population size: 80
Offspring population size: 80
Max evaluations: 18000
--------------------------------------------------------------------------------
nsgaii -> Time: 10762.47 ms | Eval/s: 1672.5
Objective 1 spread: 0.508149
Results stored in: /home/nico/Documents/GitHub/VAMOS/results/archive_family_pilot_core/NSGAII_archive_family_DTLZ/raw_runs/NSGAII_archive_family_DTLZ/nsgaii_archive_hybrid/DTLZ1/nsgaii/numpy/seed_3
[Study] (25/270) nsgaii | numpy | dtlz1 | seed=4
================================================================================
VAMOS Experiment Runner
================================================================================
Problem: DTLZ1
Description: DTLZ1 with configurable objectives (defaults to 3).
Decision variables: 6
Objectives: 2
Encoding: real
Algorithm: NSGAII
Backend: numpy
Population size: 80
Offspring population size: 80
Max evaluations: 18000
--------------------------------------------------------------------------------
nsgaii -> Time: 10806.59 ms | Eval/s: 1665.6
Objective 1 spread: 0.500525
Results stored in: /home/nico/Documents/GitHub/VAMOS/results/archive_family_pilot_core/NSGAII_archive_family_DTLZ/raw_runs/NSGAII_archive_family_DTLZ/nsgaii_archive_hybrid/DTLZ1/nsgaii/numpy/seed_4
[Study] (26/270) nsgaii | numpy | dtlz1 | seed=5
================================================================================
VAMOS Experiment Runner
================================================================================
Problem: DTLZ1
Description: DTLZ1 with configurable objectives (defaults to 3).
Decision variables: 6
Objectives: 2
Encoding: real
Algorithm: NSGAII
Backend: numpy
Population size: 80
Offspring population size: 80
Max evaluations: 18000
--------------------------------------------------------------------------------
nsgaii -> Time: 10813.42 ms | Eval/s: 1664.6
Objective 1 spread: 0.501854
Results stored in: /home/nico/Documents/GitHub/VAMOS/results/archive_family_pilot_core/NSGAII_archive_family_DTLZ/raw_runs/NSGAII_archive_family_DTLZ/nsgaii_archive_hybrid/DTLZ1/nsgaii/numpy/seed_5
[Study] (27/270) nsgaii | numpy | dtlz1 | seed=6
================================================================================
VAMOS Experiment Runner
================================================================================
Problem: DTLZ1
Description: DTLZ1 with configurable objectives (defaults to 3).
Decision variables: 6
Objectives: 2
Encoding: real
Algorithm: NSGAII
Backend: numpy
Population size: 80
Offspring population size: 80
Max evaluations: 18000
--------------------------------------------------------------------------------
nsgaii -> Time: 10874.21 ms | Eval/s: 1655.3
Objective 1 spread: 0.501092
Results stored in: /home/nico/Documents/GitHub/VAMOS/results/archive_family_pilot_core/NSGAII_archive_family_DTLZ/raw_runs/NSGAII_archive_family_DTLZ/nsgaii_archive_hybrid/DTLZ1/nsgaii/numpy/seed_6
[Study] (28/270) nsgaii | numpy | dtlz1 | seed=7
================================================================================
VAMOS Experiment Runner
================================================================================
Problem: DTLZ1
Description: DTLZ1 with configurable objectives (defaults to 3).
Decision variables: 6
Objectives: 2
Encoding: real
Algorithm: NSGAII
Backend: numpy
Population size: 80
Offspring population size: 80
Max evaluations: 18000
--------------------------------------------------------------------------------
nsgaii -> Time: 10880.39 ms | Eval/s: 1654.4
Objective 1 spread: 0.500467
Results stored in: /home/nico/Documents/GitHub/VAMOS/results/archive_family_pilot_core/NSGAII_archive_family_DTLZ/raw_runs/NSGAII_archive_family_DTLZ/nsgaii_archive_hybrid/DTLZ1/nsgaii/numpy/seed_7
[Study] (29/270) nsgaii | numpy | dtlz1 | seed=8
================================================================================
VAMOS Experiment Runner
================================================================================
Problem: DTLZ1
Description: DTLZ1 with configurable objectives (defaults to 3).
Decision variables: 6
Objectives: 2
Encoding: real
Algorithm: NSGAII
Backend: numpy
Population size: 80
Offspring population size: 80
Max evaluations: 18000
--------------------------------------------------------------------------------
nsgaii -> Time: 10768.88 ms | Eval/s: 1671.5
Objective 1 spread: 0.503776
Results stored in: /home/nico/Documents/GitHub/VAMOS/results/archive_family_pilot_core/NSGAII_archive_family_DTLZ/raw_runs/NSGAII_archive_family_DTLZ/nsgaii_archive_hybrid/DTLZ1/nsgaii/numpy/seed_8
[Study] (30/270) nsgaii | numpy | dtlz1 | seed=9
================================================================================
VAMOS Experiment Runner
================================================================================
Problem: DTLZ1
Description: DTLZ1 with configurable objectives (defaults to 3).
Decision variables: 6
Objectives: 2
Encoding: real
Algorithm: NSGAII
Backend: numpy
Population size: 80
Offspring population size: 80
Max evaluations: 18000
--------------------------------------------------------------------------------
nsgaii -> Time: 10740.32 ms | Eval/s: 1675.9
Objective 1 spread: 0.500326
Results stored in: /home/nico/Documents/GitHub/VAMOS/results/archive_family_pilot_core/NSGAII_archive_family_DTLZ/raw_runs/NSGAII_archive_family_DTLZ/nsgaii_archive_hybrid/DTLZ1/nsgaii/numpy/seed_9
[Study] (31/270) nsgaii | numpy | dtlz2 | seed=0
================================================================================
VAMOS Experiment Runner
================================================================================
Problem: DTLZ2
Description: DTLZ2 with configurable objectives (defaults to 3).
Decision variables: 11
Objectives: 2
Encoding: real
Algorithm: NSGAII
Backend: numpy
Population size: 80
Offspring population size: 80
Max evaluations: 16000
--------------------------------------------------------------------------------
nsgaii -> Time: 9170.22 ms | Eval/s: 1744.8
Objective 1 spread: 1.000041
Results stored in: /home/nico/Documents/GitHub/VAMOS/results/archive_family_pilot_core/NSGAII_archive_family_DTLZ/raw_runs/NSGAII_archive_family_DTLZ/nsgaii_archive_off/DTLZ2/nsgaii/numpy/seed_0
[Study] (32/270) nsgaii | numpy | dtlz2 | seed=1
================================================================================
VAMOS Experiment Runner
================================================================================
Problem: DTLZ2
Description: DTLZ2 with configurable objectives (defaults to 3).
Decision variables: 11
Objectives: 2
Encoding: real
Algorithm: NSGAII
Backend: numpy
Population size: 80
Offspring population size: 80
Max evaluations: 16000
--------------------------------------------------------------------------------
nsgaii -> Time: 9299.61 ms | Eval/s: 1720.5
Objective 1 spread: 1.000196
Results stored in: /home/nico/Documents/GitHub/VAMOS/results/archive_family_pilot_core/NSGAII_archive_family_DTLZ/raw_runs/NSGAII_archive_family_DTLZ/nsgaii_archive_off/DTLZ2/nsgaii/numpy/seed_1
[Study] (33/270) nsgaii | numpy | dtlz2 | seed=2
================================================================================
VAMOS Experiment Runner
================================================================================
Problem: DTLZ2
Description: DTLZ2 with configurable objectives (defaults to 3).
Decision variables: 11
Objectives: 2
Encoding: real
Algorithm: NSGAII
Backend: numpy
Population size: 80
Offspring population size: 80
Max evaluations: 16000
--------------------------------------------------------------------------------
nsgaii -> Time: 9423.97 ms | Eval/s: 1697.8
Objective 1 spread: 1.000349
Results stored in: /home/nico/Documents/GitHub/VAMOS/results/archive_family_pilot_core/NSGAII_archive_family_DTLZ/raw_runs/NSGAII_archive_family_DTLZ/nsgaii_archive_off/DTLZ2/nsgaii/numpy/seed_2
[Study] (34/270) nsgaii | numpy | dtlz2 | seed=3
================================================================================
VAMOS Experiment Runner
================================================================================
Problem: DTLZ2
Description: DTLZ2 with configurable objectives (defaults to 3).
Decision variables: 11
Objectives: 2
Encoding: real
Algorithm: NSGAII
Backend: numpy
Population size: 80
Offspring population size: 80
Max evaluations: 16000
--------------------------------------------------------------------------------
nsgaii -> Time: 9511.50 ms | Eval/s: 1682.2
Objective 1 spread: 1.052269
Results stored in: /home/nico/Documents/GitHub/VAMOS/results/archive_family_pilot_core/NSGAII_archive_family_DTLZ/raw_runs/NSGAII_archive_family_DTLZ/nsgaii_archive_off/DTLZ2/nsgaii/numpy/seed_3
[Study] (35/270) nsgaii | numpy | dtlz2 | seed=4
================================================================================
VAMOS Experiment Runner
================================================================================
Problem: DTLZ2
Description: DTLZ2 with configurable objectives (defaults to 3).
Decision variables: 11
Objectives: 2
Encoding: real
Algorithm: NSGAII
Backend: numpy
Population size: 80
Offspring population size: 80
Max evaluations: 16000
--------------------------------------------------------------------------------
nsgaii -> Time: 9393.45 ms | Eval/s: 1703.3
Objective 1 spread: 1.000086
Results stored in: /home/nico/Documents/GitHub/VAMOS/results/archive_family_pilot_core/NSGAII_archive_family_DTLZ/raw_runs/NSGAII_archive_family_DTLZ/nsgaii_archive_off/DTLZ2/nsgaii/numpy/seed_4
[Study] (36/270) nsgaii | numpy | dtlz2 | seed=5
================================================================================
VAMOS Experiment Runner
================================================================================
Problem: DTLZ2
Description: DTLZ2 with configurable objectives (defaults to 3).
Decision variables: 11
Objectives: 2
Encoding: real
Algorithm: NSGAII
Backend: numpy
Population size: 80
Offspring population size: 80
Max evaluations: 16000
--------------------------------------------------------------------------------
nsgaii -> Time: 9385.47 ms | Eval/s: 1704.8
Objective 1 spread: 1.000044
Results stored in: /home/nico/Documents/GitHub/VAMOS/results/archive_family_pilot_core/NSGAII_archive_family_DTLZ/raw_runs/NSGAII_archive_family_DTLZ/nsgaii_archive_off/DTLZ2/nsgaii/numpy/seed_5
[Study] (37/270) nsgaii | numpy | dtlz2 | seed=6
================================================================================
VAMOS Experiment Runner
================================================================================
Problem: DTLZ2
Description: DTLZ2 with configurable objectives (defaults to 3).
Decision variables: 11
Objectives: 2
Encoding: real
Algorithm: NSGAII
Backend: numpy
Population size: 80
Offspring population size: 80
Max evaluations: 16000
--------------------------------------------------------------------------------
nsgaii -> Time: 9449.07 ms | Eval/s: 1693.3
Objective 1 spread: 1.000033
Results stored in: /home/nico/Documents/GitHub/VAMOS/results/archive_family_pilot_core/NSGAII_archive_family_DTLZ/raw_runs/NSGAII_archive_family_DTLZ/nsgaii_archive_off/DTLZ2/nsgaii/numpy/seed_6
[Study] (38/270) nsgaii | numpy | dtlz2 | seed=7
================================================================================
VAMOS Experiment Runner
================================================================================
Problem: DTLZ2
Description: DTLZ2 with configurable objectives (defaults to 3).
Decision variables: 11
Objectives: 2
Encoding: real
Algorithm: NSGAII
Backend: numpy
Population size: 80
Offspring population size: 80
Max evaluations: 16000
--------------------------------------------------------------------------------
nsgaii -> Time: 9351.74 ms | Eval/s: 1710.9
Objective 1 spread: 1.000040
Results stored in: /home/nico/Documents/GitHub/VAMOS/results/archive_family_pilot_core/NSGAII_archive_family_DTLZ/raw_runs/NSGAII_archive_family_DTLZ/nsgaii_archive_off/DTLZ2/nsgaii/numpy/seed_7
[Study] (39/270) nsgaii | numpy | dtlz2 | seed=8
================================================================================
VAMOS Experiment Runner
================================================================================
Problem: DTLZ2
Description: DTLZ2 with configurable objectives (defaults to 3).
Decision variables: 11
Objectives: 2
Encoding: real
Algorithm: NSGAII
Backend: numpy
Population size: 80
Offspring population size: 80
Max evaluations: 16000
--------------------------------------------------------------------------------
nsgaii -> Time: 9382.98 ms | Eval/s: 1705.2
Objective 1 spread: 1.000195
Results stored in: /home/nico/Documents/GitHub/VAMOS/results/archive_family_pilot_core/NSGAII_archive_family_DTLZ/raw_runs/NSGAII_archive_family_DTLZ/nsgaii_archive_off/DTLZ2/nsgaii/numpy/seed_8
[Study] (40/270) nsgaii | numpy | dtlz2 | seed=9
================================================================================
VAMOS Experiment Runner
================================================================================
Problem: DTLZ2
Description: DTLZ2 with configurable objectives (defaults to 3).
Decision variables: 11
Objectives: 2
Encoding: real
Algorithm: NSGAII
Backend: numpy
Population size: 80
Offspring population size: 80
Max evaluations: 16000
--------------------------------------------------------------------------------
nsgaii -> Time: 9254.82 ms | Eval/s: 1728.8
Objective 1 spread: 1.000097
Results stored in: /home/nico/Documents/GitHub/VAMOS/results/archive_family_pilot_core/NSGAII_archive_family_DTLZ/raw_runs/NSGAII_archive_family_DTLZ/nsgaii_archive_off/DTLZ2/nsgaii/numpy/seed_9
[Study] (41/270) nsgaii | numpy | dtlz2 | seed=0
================================================================================
VAMOS Experiment Runner
================================================================================
Problem: DTLZ2
Description: DTLZ2 with configurable objectives (defaults to 3).
Decision variables: 11
Objectives: 2
Encoding: real
Algorithm: NSGAII
Backend: numpy
Population size: 80
Offspring population size: 80
Max evaluations: 16000
--------------------------------------------------------------------------------
nsgaii -> Time: 9590.90 ms | Eval/s: 1668.2
Objective 1 spread: 1.000041
Results stored in: /home/nico/Documents/GitHub/VAMOS/results/archive_family_pilot_core/NSGAII_archive_family_DTLZ/raw_runs/NSGAII_archive_family_DTLZ/nsgaii_archive_passive/DTLZ2/nsgaii/numpy/seed_0
[Study] (42/270) nsgaii | numpy | dtlz2 | seed=1
================================================================================
VAMOS Experiment Runner
================================================================================
Problem: DTLZ2
Description: DTLZ2 with configurable objectives (defaults to 3).
Decision variables: 11
Objectives: 2
Encoding: real
Algorithm: NSGAII
Backend: numpy
Population size: 80
Offspring population size: 80
Max evaluations: 16000
--------------------------------------------------------------------------------
nsgaii -> Time: 9603.29 ms | Eval/s: 1666.1
Objective 1 spread: 1.000196
Results stored in: /home/nico/Documents/GitHub/VAMOS/results/archive_family_pilot_core/NSGAII_archive_family_DTLZ/raw_runs/NSGAII_archive_family_DTLZ/nsgaii_archive_passive/DTLZ2/nsgaii/numpy/seed_1
[Study] (43/270) nsgaii | numpy | dtlz2 | seed=2
================================================================================
VAMOS Experiment Runner
================================================================================
Problem: DTLZ2
Description: DTLZ2 with configurable objectives (defaults to 3).
Decision variables: 11
Objectives: 2
Encoding: real
Algorithm: NSGAII
Backend: numpy
Population size: 80
Offspring population size: 80
Max evaluations: 16000
--------------------------------------------------------------------------------
nsgaii -> Time: 9620.21 ms | Eval/s: 1663.2
Objective 1 spread: 1.000349
Results stored in: /home/nico/Documents/GitHub/VAMOS/results/archive_family_pilot_core/NSGAII_archive_family_DTLZ/raw_runs/NSGAII_archive_family_DTLZ/nsgaii_archive_passive/DTLZ2/nsgaii/numpy/seed_2
[Study] (44/270) nsgaii | numpy | dtlz2 | seed=3
================================================================================
VAMOS Experiment Runner
================================================================================
Problem: DTLZ2
Description: DTLZ2 with configurable objectives (defaults to 3).
Decision variables: 11
Objectives: 2
Encoding: real
Algorithm: NSGAII
Backend: numpy
Population size: 80
Offspring population size: 80
Max evaluations: 16000
--------------------------------------------------------------------------------
nsgaii -> Time: 9644.38 ms | Eval/s: 1659.0
Objective 1 spread: 1.052269
Results stored in: /home/nico/Documents/GitHub/VAMOS/results/archive_family_pilot_core/NSGAII_archive_family_DTLZ/raw_runs/NSGAII_archive_family_DTLZ/nsgaii_archive_passive/DTLZ2/nsgaii/numpy/seed_3
[Study] (45/270) nsgaii | numpy | dtlz2 | seed=4
================================================================================
VAMOS Experiment Runner
================================================================================
Problem: DTLZ2
Description: DTLZ2 with configurable objectives (defaults to 3).
Decision variables: 11
Objectives: 2
Encoding: real
Algorithm: NSGAII
Backend: numpy
Population size: 80
Offspring population size: 80
Max evaluations: 16000
--------------------------------------------------------------------------------
nsgaii -> Time: 9771.63 ms | Eval/s: 1637.4
Objective 1 spread: 1.000086
Results stored in: /home/nico/Documents/GitHub/VAMOS/results/archive_family_pilot_core/NSGAII_archive_family_DTLZ/raw_runs/NSGAII_archive_family_DTLZ/nsgaii_archive_passive/DTLZ2/nsgaii/numpy/seed_4
[Study] (46/270) nsgaii | numpy | dtlz2 | seed=5
================================================================================
VAMOS Experiment Runner
================================================================================
Problem: DTLZ2
Description: DTLZ2 with configurable objectives (defaults to 3).
Decision variables: 11
Objectives: 2
Encoding: real
Algorithm: NSGAII
Backend: numpy
Population size: 80
Offspring population size: 80
Max evaluations: 16000
--------------------------------------------------------------------------------
nsgaii -> Time: 9840.14 ms | Eval/s: 1626.0
Objective 1 spread: 1.000044
Results stored in: /home/nico/Documents/GitHub/VAMOS/results/archive_family_pilot_core/NSGAII_archive_family_DTLZ/raw_runs/NSGAII_archive_family_DTLZ/nsgaii_archive_passive/DTLZ2/nsgaii/numpy/seed_5
[Study] (47/270) nsgaii | numpy | dtlz2 | seed=6
================================================================================
VAMOS Experiment Runner
================================================================================
Problem: DTLZ2
Description: DTLZ2 with configurable objectives (defaults to 3).
Decision variables: 11
Objectives: 2
Encoding: real
Algorithm: NSGAII
Backend: numpy
Population size: 80
Offspring population size: 80
Max evaluations: 16000
--------------------------------------------------------------------------------
nsgaii -> Time: 9919.65 ms | Eval/s: 1613.0
Objective 1 spread: 1.000033
Results stored in: /home/nico/Documents/GitHub/VAMOS/results/archive_family_pilot_core/NSGAII_archive_family_DTLZ/raw_runs/NSGAII_archive_family_DTLZ/nsgaii_archive_passive/DTLZ2/nsgaii/numpy/seed_6
[Study] (48/270) nsgaii | numpy | dtlz2 | seed=7
================================================================================
VAMOS Experiment Runner
================================================================================
Problem: DTLZ2
Description: DTLZ2 with configurable objectives (defaults to 3).
Decision variables: 11
Objectives: 2
Encoding: real
Algorithm: NSGAII
Backend: numpy
Population size: 80
Offspring population size: 80
Max evaluations: 16000
--------------------------------------------------------------------------------
nsgaii -> Time: 9764.74 ms | Eval/s: 1638.5
Objective 1 spread: 1.000040
Results stored in: /home/nico/Documents/GitHub/VAMOS/results/archive_family_pilot_core/NSGAII_archive_family_DTLZ/raw_runs/NSGAII_archive_family_DTLZ/nsgaii_archive_passive/DTLZ2/nsgaii/numpy/seed_7
[Study] (49/270) nsgaii | numpy | dtlz2 | seed=8
================================================================================
VAMOS Experiment Runner
================================================================================
Problem: DTLZ2
Description: DTLZ2 with configurable objectives (defaults to 3).
Decision variables: 11
Objectives: 2
Encoding: real
Algorithm: NSGAII
Backend: numpy
Population size: 80
Offspring population size: 80
Max evaluations: 16000
--------------------------------------------------------------------------------
nsgaii -> Time: 9791.31 ms | Eval/s: 1634.1
Objective 1 spread: 1.000195
Results stored in: /home/nico/Documents/GitHub/VAMOS/results/archive_family_pilot_core/NSGAII_archive_family_DTLZ/raw_runs/NSGAII_archive_family_DTLZ/nsgaii_archive_passive/DTLZ2/nsgaii/numpy/seed_8
[Study] (50/270) nsgaii | numpy | dtlz2 | seed=9
================================================================================
VAMOS Experiment Runner
================================================================================
Problem: DTLZ2
Description: DTLZ2 with configurable objectives (defaults to 3).
Decision variables: 11
Objectives: 2
Encoding: real
Algorithm: NSGAII
Backend: numpy
Population size: 80
Offspring population size: 80
Max evaluations: 16000
--------------------------------------------------------------------------------
nsgaii -> Time: 9769.22 ms | Eval/s: 1637.8
Objective 1 spread: 1.000097
Results stored in: /home/nico/Documents/GitHub/VAMOS/results/archive_family_pilot_core/NSGAII_archive_family_DTLZ/raw_runs/NSGAII_archive_family_DTLZ/nsgaii_archive_passive/DTLZ2/nsgaii/numpy/seed_9
[Study] (51/270) nsgaii | numpy | dtlz2 | seed=0
================================================================================
VAMOS Experiment Runner
================================================================================
Problem: DTLZ2
Description: DTLZ2 with configurable objectives (defaults to 3).
Decision variables: 11
Objectives: 2
Encoding: real
Algorithm: NSGAII
Backend: numpy
Population size: 80
Offspring population size: 80
Max evaluations: 16000
--------------------------------------------------------------------------------
nsgaii -> Time: 10205.22 ms | Eval/s: 1567.8
Objective 1 spread: 1.002364
Results stored in: /home/nico/Documents/GitHub/VAMOS/results/archive_family_pilot_core/NSGAII_archive_family_DTLZ/raw_runs/NSGAII_archive_family_DTLZ/nsgaii_archive_hybrid/DTLZ2/nsgaii/numpy/seed_0
[Study] (52/270) nsgaii | numpy | dtlz2 | seed=1
================================================================================
VAMOS Experiment Runner
================================================================================
Problem: DTLZ2
Description: DTLZ2 with configurable objectives (defaults to 3).
Decision variables: 11
Objectives: 2
Encoding: real
Algorithm: NSGAII
Backend: numpy
Population size: 80
Offspring population size: 80
Max evaluations: 16000
--------------------------------------------------------------------------------
nsgaii -> Time: 10271.43 ms | Eval/s: 1557.7
Objective 1 spread: 1.000377
Results stored in: /home/nico/Documents/GitHub/VAMOS/results/archive_family_pilot_core/NSGAII_archive_family_DTLZ/raw_runs/NSGAII_archive_family_DTLZ/nsgaii_archive_hybrid/DTLZ2/nsgaii/numpy/seed_1
[Study] (53/270) nsgaii | numpy | dtlz2 | seed=2
================================================================================
VAMOS Experiment Runner
================================================================================
Problem: DTLZ2
Description: DTLZ2 with configurable objectives (defaults to 3).
Decision variables: 11
Objectives: 2
Encoding: real
Algorithm: NSGAII
Backend: numpy
Population size: 80
Offspring population size: 80
Max evaluations: 16000
--------------------------------------------------------------------------------
nsgaii -> Time: 10369.62 ms | Eval/s: 1543.0
Objective 1 spread: 1.000158
Results stored in: /home/nico/Documents/GitHub/VAMOS/results/archive_family_pilot_core/NSGAII_archive_family_DTLZ/raw_runs/NSGAII_archive_family_DTLZ/nsgaii_archive_hybrid/DTLZ2/nsgaii/numpy/seed_2
[Study] (54/270) nsgaii | numpy | dtlz2 | seed=3
================================================================================
VAMOS Experiment Runner
================================================================================
Problem: DTLZ2
Description: DTLZ2 with configurable objectives (defaults to 3).
Decision variables: 11
Objectives: 2
Encoding: real
Algorithm: NSGAII
Backend: numpy
Population size: 80
Offspring population size: 80
Max evaluations: 16000
--------------------------------------------------------------------------------
nsgaii -> Time: 10456.00 ms | Eval/s: 1530.2
Objective 1 spread: 1.000138
Results stored in: /home/nico/Documents/GitHub/VAMOS/results/archive_family_pilot_core/NSGAII_archive_family_DTLZ/raw_runs/NSGAII_archive_family_DTLZ/nsgaii_archive_hybrid/DTLZ2/nsgaii/numpy/seed_3
[Study] (55/270) nsgaii | numpy | dtlz2 | seed=4
================================================================================
VAMOS Experiment Runner
================================================================================
Problem: DTLZ2
Description: DTLZ2 with configurable objectives (defaults to 3).
Decision variables: 11
Objectives: 2
Encoding: real
Algorithm: NSGAII
Backend: numpy
Population size: 80
Offspring population size: 80
Max evaluations: 16000
--------------------------------------------------------------------------------
nsgaii -> Time: 10381.83 ms | Eval/s: 1541.2
Objective 1 spread: 1.001767
Results stored in: /home/nico/Documents/GitHub/VAMOS/results/archive_family_pilot_core/NSGAII_archive_family_DTLZ/raw_runs/NSGAII_archive_family_DTLZ/nsgaii_archive_hybrid/DTLZ2/nsgaii/numpy/seed_4
[Study] (56/270) nsgaii | numpy | dtlz2 | seed=5
================================================================================
VAMOS Experiment Runner
================================================================================
Problem: DTLZ2
Description: DTLZ2 with configurable objectives (defaults to 3).
Decision variables: 11
Objectives: 2
Encoding: real
Algorithm: NSGAII
Backend: numpy
Population size: 80
Offspring population size: 80
Max evaluations: 16000
--------------------------------------------------------------------------------
nsgaii -> Time: 10337.46 ms | Eval/s: 1547.8
Objective 1 spread: 1.000164
Results stored in: /home/nico/Documents/GitHub/VAMOS/results/archive_family_pilot_core/NSGAII_archive_family_DTLZ/raw_runs/NSGAII_archive_family_DTLZ/nsgaii_archive_hybrid/DTLZ2/nsgaii/numpy/seed_5
[Study] (57/270) nsgaii | numpy | dtlz2 | seed=6
================================================================================
VAMOS Experiment Runner
================================================================================
Problem: DTLZ2
Description: DTLZ2 with configurable objectives (defaults to 3).
Decision variables: 11
Objectives: 2
Encoding: real
Algorithm: NSGAII
Backend: numpy
Population size: 80
Offspring population size: 80
Max evaluations: 16000
--------------------------------------------------------------------------------
nsgaii -> Time: 10414.85 ms | Eval/s: 1536.3
Objective 1 spread: 1.000404
Results stored in: /home/nico/Documents/GitHub/VAMOS/results/archive_family_pilot_core/NSGAII_archive_family_DTLZ/raw_runs/NSGAII_archive_family_DTLZ/nsgaii_archive_hybrid/DTLZ2/nsgaii/numpy/seed_6
[Study] (58/270) nsgaii | numpy | dtlz2 | seed=7
================================================================================
VAMOS Experiment Runner
================================================================================
Problem: DTLZ2
Description: DTLZ2 with configurable objectives (defaults to 3).
Decision variables: 11
Objectives: 2
Encoding: real
Algorithm: NSGAII
Backend: numpy
Population size: 80
Offspring population size: 80
Max evaluations: 16000
--------------------------------------------------------------------------------
nsgaii -> Time: 10338.70 ms | Eval/s: 1547.6
Objective 1 spread: 1.000115
Results stored in: /home/nico/Documents/GitHub/VAMOS/results/archive_family_pilot_core/NSGAII_archive_family_DTLZ/raw_runs/NSGAII_archive_family_DTLZ/nsgaii_archive_hybrid/DTLZ2/nsgaii/numpy/seed_7
[Study] (59/270) nsgaii | numpy | dtlz2 | seed=8
================================================================================
VAMOS Experiment Runner
================================================================================
Problem: DTLZ2
Description: DTLZ2 with configurable objectives (defaults to 3).
Decision variables: 11
Objectives: 2
Encoding: real
Algorithm: NSGAII
Backend: numpy
Population size: 80
Offspring population size: 80
Max evaluations: 16000
--------------------------------------------------------------------------------
nsgaii -> Time: 10326.45 ms | Eval/s: 1549.4
Objective 1 spread: 1.000131
Results stored in: /home/nico/Documents/GitHub/VAMOS/results/archive_family_pilot_core/NSGAII_archive_family_DTLZ/raw_runs/NSGAII_archive_family_DTLZ/nsgaii_archive_hybrid/DTLZ2/nsgaii/numpy/seed_8
[Study] (60/270) nsgaii | numpy | dtlz2 | seed=9
================================================================================
VAMOS Experiment Runner
================================================================================
Problem: DTLZ2
Description: DTLZ2 with configurable objectives (defaults to 3).
Decision variables: 11
Objectives: 2
Encoding: real
Algorithm: NSGAII
Backend: numpy
Population size: 80
Offspring population size: 80
Max evaluations: 16000
--------------------------------------------------------------------------------
nsgaii -> Time: 10588.83 ms | Eval/s: 1511.0
Objective 1 spread: 1.000099
Results stored in: /home/nico/Documents/GitHub/VAMOS/results/archive_family_pilot_core/NSGAII_archive_family_DTLZ/raw_runs/NSGAII_archive_family_DTLZ/nsgaii_archive_hybrid/DTLZ2/nsgaii/numpy/seed_9
[Study] (61/270) nsgaii | numpy | dtlz7 | seed=0
================================================================================
VAMOS Experiment Runner
================================================================================
Problem: DTLZ7
Description: DTLZ7 with disconnected Pareto-optimal regions.
Decision variables: 21
Objectives: 2
Encoding: real
Algorithm: NSGAII
Backend: numpy
Population size: 80
Offspring population size: 80
Max evaluations: 18000
--------------------------------------------------------------------------------
nsgaii -> Time: 10934.08 ms | Eval/s: 1646.2
Objective 1 spread: 0.859641
Results stored in: /home/nico/Documents/GitHub/VAMOS/results/archive_family_pilot_core/NSGAII_archive_family_DTLZ/raw_runs/NSGAII_archive_family_DTLZ/nsgaii_archive_off/DTLZ7/nsgaii/numpy/seed_0
[Study] (62/270) nsgaii | numpy | dtlz7 | seed=1
================================================================================
VAMOS Experiment Runner
================================================================================
Problem: DTLZ7
Description: DTLZ7 with disconnected Pareto-optimal regions.
Decision variables: 21
Objectives: 2
Encoding: real
Algorithm: NSGAII
Backend: numpy
Population size: 80
Offspring population size: 80
Max evaluations: 18000
--------------------------------------------------------------------------------
nsgaii -> Time: 10876.15 ms | Eval/s: 1655.0
Objective 1 spread: 0.859365
Results stored in: /home/nico/Documents/GitHub/VAMOS/results/archive_family_pilot_core/NSGAII_archive_family_DTLZ/raw_runs/NSGAII_archive_family_DTLZ/nsgaii_archive_off/DTLZ7/nsgaii/numpy/seed_1
[Study] (63/270) nsgaii | numpy | dtlz7 | seed=2
================================================================================
VAMOS Experiment Runner
================================================================================
Problem: DTLZ7
Description: DTLZ7 with disconnected Pareto-optimal regions.
Decision variables: 21
Objectives: 2
Encoding: real
Algorithm: NSGAII
Backend: numpy
Population size: 80
Offspring population size: 80
Max evaluations: 18000
--------------------------------------------------------------------------------
nsgaii -> Time: 10878.71 ms | Eval/s: 1654.6
Objective 1 spread: 0.859493
Results stored in: /home/nico/Documents/GitHub/VAMOS/results/archive_family_pilot_core/NSGAII_archive_family_DTLZ/raw_runs/NSGAII_archive_family_DTLZ/nsgaii_archive_off/DTLZ7/nsgaii/numpy/seed_2
[Study] (64/270) nsgaii | numpy | dtlz7 | seed=3
================================================================================
VAMOS Experiment Runner
================================================================================
Problem: DTLZ7
Description: DTLZ7 with disconnected Pareto-optimal regions.
Decision variables: 21
Objectives: 2
Encoding: real
Algorithm: NSGAII
Backend: numpy
Population size: 80
Offspring population size: 80
Max evaluations: 18000
--------------------------------------------------------------------------------
nsgaii -> Time: 10854.82 ms | Eval/s: 1658.2
Objective 1 spread: 0.859054
Results stored in: /home/nico/Documents/GitHub/VAMOS/results/archive_family_pilot_core/NSGAII_archive_family_DTLZ/raw_runs/NSGAII_archive_family_DTLZ/nsgaii_archive_off/DTLZ7/nsgaii/numpy/seed_3
[Study] (65/270) nsgaii | numpy | dtlz7 | seed=4
================================================================================
VAMOS Experiment Runner
================================================================================
Problem: DTLZ7
Description: DTLZ7 with disconnected Pareto-optimal regions.
Decision variables: 21
Objectives: 2
Encoding: real
Algorithm: NSGAII
Backend: numpy
Population size: 80
Offspring population size: 80
Max evaluations: 18000
--------------------------------------------------------------------------------
nsgaii -> Time: 10989.01 ms | Eval/s: 1638.0
Objective 1 spread: 0.858705
Results stored in: /home/nico/Documents/GitHub/VAMOS/results/archive_family_pilot_core/NSGAII_archive_family_DTLZ/raw_runs/NSGAII_archive_family_DTLZ/nsgaii_archive_off/DTLZ7/nsgaii/numpy/seed_4
[Study] (66/270) nsgaii | numpy | dtlz7 | seed=5
================================================================================
VAMOS Experiment Runner
================================================================================
Problem: DTLZ7
Description: DTLZ7 with disconnected Pareto-optimal regions.
Decision variables: 21
Objectives: 2
Encoding: real
Algorithm: NSGAII
Backend: numpy
Population size: 80
Offspring population size: 80
Max evaluations: 18000
--------------------------------------------------------------------------------
nsgaii -> Time: 11142.77 ms | Eval/s: 1615.4
Objective 1 spread: 0.860046
Results stored in: /home/nico/Documents/GitHub/VAMOS/results/archive_family_pilot_core/NSGAII_archive_family_DTLZ/raw_runs/NSGAII_archive_family_DTLZ/nsgaii_archive_off/DTLZ7/nsgaii/numpy/seed_5
[Study] (67/270) nsgaii | numpy | dtlz7 | seed=6
================================================================================
VAMOS Experiment Runner
================================================================================
Problem: DTLZ7
Description: DTLZ7 with disconnected Pareto-optimal regions.
Decision variables: 21
Objectives: 2
Encoding: real
Algorithm: NSGAII
Backend: numpy
Population size: 80
Offspring population size: 80
Max evaluations: 18000
--------------------------------------------------------------------------------
nsgaii -> Time: 10988.29 ms | Eval/s: 1638.1
Objective 1 spread: 0.859663
Results stored in: /home/nico/Documents/GitHub/VAMOS/results/archive_family_pilot_core/NSGAII_archive_family_DTLZ/raw_runs/NSGAII_archive_family_DTLZ/nsgaii_archive_off/DTLZ7/nsgaii/numpy/seed_6
[Study] (68/270) nsgaii | numpy | dtlz7 | seed=7
================================================================================
VAMOS Experiment Runner
================================================================================
Problem: DTLZ7
Description: DTLZ7 with disconnected Pareto-optimal regions.
Decision variables: 21
Objectives: 2
Encoding: real
Algorithm: NSGAII
Backend: numpy
Population size: 80
Offspring population size: 80
Max evaluations: 18000
--------------------------------------------------------------------------------
nsgaii -> Time: 10921.84 ms | Eval/s: 1648.1
Objective 1 spread: 0.858029
Results stored in: /home/nico/Documents/GitHub/VAMOS/results/archive_family_pilot_core/NSGAII_archive_family_DTLZ/raw_runs/NSGAII_archive_family_DTLZ/nsgaii_archive_off/DTLZ7/nsgaii/numpy/seed_7
[Study] (69/270) nsgaii | numpy | dtlz7 | seed=8
================================================================================
VAMOS Experiment Runner
================================================================================
Problem: DTLZ7
Description: DTLZ7 with disconnected Pareto-optimal regions.
Decision variables: 21
Objectives: 2
Encoding: real
Algorithm: NSGAII
Backend: numpy
Population size: 80
Offspring population size: 80
Max evaluations: 18000
--------------------------------------------------------------------------------
nsgaii -> Time: 10874.36 ms | Eval/s: 1655.3
Objective 1 spread: 0.859695
Results stored in: /home/nico/Documents/GitHub/VAMOS/results/archive_family_pilot_core/NSGAII_archive_family_DTLZ/raw_runs/NSGAII_archive_family_DTLZ/nsgaii_archive_off/DTLZ7/nsgaii/numpy/seed_8
[Study] (70/270) nsgaii | numpy | dtlz7 | seed=9
================================================================================
VAMOS Experiment Runner
================================================================================
Problem: DTLZ7
Description: DTLZ7 with disconnected Pareto-optimal regions.
Decision variables: 21
Objectives: 2
Encoding: real
Algorithm: NSGAII
Backend: numpy
Population size: 80
Offspring population size: 80
Max evaluations: 18000
--------------------------------------------------------------------------------
nsgaii -> Time: 10849.58 ms | Eval/s: 1659.1
Objective 1 spread: 0.859224
Results stored in: /home/nico/Documents/GitHub/VAMOS/results/archive_family_pilot_core/NSGAII_archive_family_DTLZ/raw_runs/NSGAII_archive_family_DTLZ/nsgaii_archive_off/DTLZ7/nsgaii/numpy/seed_9
[Study] (71/270) nsgaii | numpy | dtlz7 | seed=0
================================================================================
VAMOS Experiment Runner
================================================================================
Problem: DTLZ7
Description: DTLZ7 with disconnected Pareto-optimal regions.
Decision variables: 21
Objectives: 2
Encoding: real
Algorithm: NSGAII
Backend: numpy
Population size: 80
Offspring population size: 80
Max evaluations: 18000
--------------------------------------------------------------------------------
nsgaii -> Time: 11217.16 ms | Eval/s: 1604.7
Objective 1 spread: 0.859641
Results stored in: /home/nico/Documents/GitHub/VAMOS/results/archive_family_pilot_core/NSGAII_archive_family_DTLZ/raw_runs/NSGAII_archive_family_DTLZ/nsgaii_archive_passive/DTLZ7/nsgaii/numpy/seed_0
[Study] (72/270) nsgaii | numpy | dtlz7 | seed=1
================================================================================
VAMOS Experiment Runner
================================================================================
Problem: DTLZ7
Description: DTLZ7 with disconnected Pareto-optimal regions.
Decision variables: 21
Objectives: 2
Encoding: real
Algorithm: NSGAII
Backend: numpy
Population size: 80
Offspring population size: 80
Max evaluations: 18000
--------------------------------------------------------------------------------
nsgaii -> Time: 11181.95 ms | Eval/s: 1609.7
Objective 1 spread: 0.859365
Results stored in: /home/nico/Documents/GitHub/VAMOS/results/archive_family_pilot_core/NSGAII_archive_family_DTLZ/raw_runs/NSGAII_archive_family_DTLZ/nsgaii_archive_passive/DTLZ7/nsgaii/numpy/seed_1
[Study] (73/270) nsgaii | numpy | dtlz7 | seed=2
================================================================================
VAMOS Experiment Runner
================================================================================
Problem: DTLZ7
Description: DTLZ7 with disconnected Pareto-optimal regions.
Decision variables: 21
Objectives: 2
Encoding: real
Algorithm: NSGAII
Backend: numpy
Population size: 80
Offspring population size: 80
Max evaluations: 18000
--------------------------------------------------------------------------------
nsgaii -> Time: 11236.22 ms | Eval/s: 1602.0
Objective 1 spread: 0.859493
Results stored in: /home/nico/Documents/GitHub/VAMOS/results/archive_family_pilot_core/NSGAII_archive_family_DTLZ/raw_runs/NSGAII_archive_family_DTLZ/nsgaii_archive_passive/DTLZ7/nsgaii/numpy/seed_2
[Study] (74/270) nsgaii | numpy | dtlz7 | seed=3
================================================================================
VAMOS Experiment Runner
================================================================================
Problem: DTLZ7
Description: DTLZ7 with disconnected Pareto-optimal regions.
Decision variables: 21
Objectives: 2
Encoding: real
Algorithm: NSGAII
Backend: numpy
Population size: 80
Offspring population size: 80
Max evaluations: 18000
--------------------------------------------------------------------------------
nsgaii -> Time: 11288.22 ms | Eval/s: 1594.6
Objective 1 spread: 0.859054
Results stored in: /home/nico/Documents/GitHub/VAMOS/results/archive_family_pilot_core/NSGAII_archive_family_DTLZ/raw_runs/NSGAII_archive_family_DTLZ/nsgaii_archive_passive/DTLZ7/nsgaii/numpy/seed_3
[Study] (75/270) nsgaii | numpy | dtlz7 | seed=4
================================================================================
VAMOS Experiment Runner
================================================================================
Problem: DTLZ7
Description: DTLZ7 with disconnected Pareto-optimal regions.
Decision variables: 21
Objectives: 2
Encoding: real
Algorithm: NSGAII
Backend: numpy
Population size: 80
Offspring population size: 80
Max evaluations: 18000
--------------------------------------------------------------------------------
nsgaii -> Time: 11173.68 ms | Eval/s: 1610.9
Objective 1 spread: 0.858705
Results stored in: /home/nico/Documents/GitHub/VAMOS/results/archive_family_pilot_core/NSGAII_archive_family_DTLZ/raw_runs/NSGAII_archive_family_DTLZ/nsgaii_archive_passive/DTLZ7/nsgaii/numpy/seed_4
[Study] (76/270) nsgaii | numpy | dtlz7 | seed=5
================================================================================
VAMOS Experiment Runner
================================================================================
Problem: DTLZ7
Description: DTLZ7 with disconnected Pareto-optimal regions.
Decision variables: 21
Objectives: 2
Encoding: real
Algorithm: NSGAII
Backend: numpy
Population size: 80
Offspring population size: 80
Max evaluations: 18000
--------------------------------------------------------------------------------
nsgaii -> Time: 11446.10 ms | Eval/s: 1572.6
Objective 1 spread: 0.860046
Results stored in: /home/nico/Documents/GitHub/VAMOS/results/archive_family_pilot_core/NSGAII_archive_family_DTLZ/raw_runs/NSGAII_archive_family_DTLZ/nsgaii_archive_passive/DTLZ7/nsgaii/numpy/seed_5
[Study] (77/270) nsgaii | numpy | dtlz7 | seed=6
================================================================================
VAMOS Experiment Runner
================================================================================
Problem: DTLZ7
Description: DTLZ7 with disconnected Pareto-optimal regions.
Decision variables: 21
Objectives: 2
Encoding: real
Algorithm: NSGAII
Backend: numpy
Population size: 80
Offspring population size: 80
Max evaluations: 18000
--------------------------------------------------------------------------------
nsgaii -> Time: 11425.22 ms | Eval/s: 1575.5
Objective 1 spread: 0.859663
Results stored in: /home/nico/Documents/GitHub/VAMOS/results/archive_family_pilot_core/NSGAII_archive_family_DTLZ/raw_runs/NSGAII_archive_family_DTLZ/nsgaii_archive_passive/DTLZ7/nsgaii/numpy/seed_6
[Study] (78/270) nsgaii | numpy | dtlz7 | seed=7
================================================================================
VAMOS Experiment Runner
================================================================================
Problem: DTLZ7
Description: DTLZ7 with disconnected Pareto-optimal regions.
Decision variables: 21
Objectives: 2
Encoding: real
Algorithm: NSGAII
Backend: numpy
Population size: 80
Offspring population size: 80
Max evaluations: 18000
--------------------------------------------------------------------------------
nsgaii -> Time: 11320.18 ms | Eval/s: 1590.1
Objective 1 spread: 0.858029
Results stored in: /home/nico/Documents/GitHub/VAMOS/results/archive_family_pilot_core/NSGAII_archive_family_DTLZ/raw_runs/NSGAII_archive_family_DTLZ/nsgaii_archive_passive/DTLZ7/nsgaii/numpy/seed_7
[Study] (79/270) nsgaii | numpy | dtlz7 | seed=8
================================================================================
VAMOS Experiment Runner
================================================================================
Problem: DTLZ7
Description: DTLZ7 with disconnected Pareto-optimal regions.
Decision variables: 21
Objectives: 2
Encoding: real
Algorithm: NSGAII
Backend: numpy
Population size: 80
Offspring population size: 80
Max evaluations: 18000
--------------------------------------------------------------------------------
nsgaii -> Time: 11244.95 ms | Eval/s: 1600.7
Objective 1 spread: 0.859695
Results stored in: /home/nico/Documents/GitHub/VAMOS/results/archive_family_pilot_core/NSGAII_archive_family_DTLZ/raw_runs/NSGAII_archive_family_DTLZ/nsgaii_archive_passive/DTLZ7/nsgaii/numpy/seed_8
[Study] (80/270) nsgaii | numpy | dtlz7 | seed=9
================================================================================
VAMOS Experiment Runner
================================================================================
Problem: DTLZ7
Description: DTLZ7 with disconnected Pareto-optimal regions.
Decision variables: 21
Objectives: 2
Encoding: real
Algorithm: NSGAII
Backend: numpy
Population size: 80
Offspring population size: 80
Max evaluations: 18000
--------------------------------------------------------------------------------
nsgaii -> Time: 11459.11 ms | Eval/s: 1570.8
Objective 1 spread: 0.859224
Results stored in: /home/nico/Documents/GitHub/VAMOS/results/archive_family_pilot_core/NSGAII_archive_family_DTLZ/raw_runs/NSGAII_archive_family_DTLZ/nsgaii_archive_passive/DTLZ7/nsgaii/numpy/seed_9
[Study] (81/270) nsgaii | numpy | dtlz7 | seed=0
================================================================================
VAMOS Experiment Runner
================================================================================
Problem: DTLZ7
Description: DTLZ7 with disconnected Pareto-optimal regions.
Decision variables: 21
Objectives: 2
Encoding: real
Algorithm: NSGAII
Backend: numpy
Population size: 80
Offspring population size: 80
Max evaluations: 18000
--------------------------------------------------------------------------------
nsgaii -> Time: 11632.12 ms | Eval/s: 1547.4
Objective 1 spread: 0.860087
Results stored in: /home/nico/Documents/GitHub/VAMOS/results/archive_family_pilot_core/NSGAII_archive_family_DTLZ/raw_runs/NSGAII_archive_family_DTLZ/nsgaii_archive_hybrid/DTLZ7/nsgaii/numpy/seed_0
[Study] (82/270) nsgaii | numpy | dtlz7 | seed=1
================================================================================
VAMOS Experiment Runner
================================================================================
Problem: DTLZ7
Description: DTLZ7 with disconnected Pareto-optimal regions.
Decision variables: 21
Objectives: 2
Encoding: real
Algorithm: NSGAII
Backend: numpy
Population size: 80
Offspring population size: 80
Max evaluations: 18000
--------------------------------------------------------------------------------
nsgaii -> Time: 11651.85 ms | Eval/s: 1544.8
Objective 1 spread: 0.859247
Results stored in: /home/nico/Documents/GitHub/VAMOS/results/archive_family_pilot_core/NSGAII_archive_family_DTLZ/raw_runs/NSGAII_archive_family_DTLZ/nsgaii_archive_hybrid/DTLZ7/nsgaii/numpy/seed_1
[Study] (83/270) nsgaii | numpy | dtlz7 | seed=2
================================================================================
VAMOS Experiment Runner
================================================================================
Problem: DTLZ7
Description: DTLZ7 with disconnected Pareto-optimal regions.
Decision variables: 21
Objectives: 2
Encoding: real
Algorithm: NSGAII
Backend: numpy
Population size: 80
Offspring population size: 80
Max evaluations: 18000
--------------------------------------------------------------------------------
nsgaii -> Time: 11646.85 ms | Eval/s: 1545.5
Objective 1 spread: 0.859669
Results stored in: /home/nico/Documents/GitHub/VAMOS/results/archive_family_pilot_core/NSGAII_archive_family_DTLZ/raw_runs/NSGAII_archive_family_DTLZ/nsgaii_archive_hybrid/DTLZ7/nsgaii/numpy/seed_2
[Study] (84/270) nsgaii | numpy | dtlz7 | seed=3
================================================================================
VAMOS Experiment Runner
================================================================================
Problem: DTLZ7
Description: DTLZ7 with disconnected Pareto-optimal regions.
Decision variables: 21
Objectives: 2
Encoding: real
Algorithm: NSGAII
Backend: numpy
Population size: 80
Offspring population size: 80
Max evaluations: 18000
--------------------------------------------------------------------------------
nsgaii -> Time: 11684.15 ms | Eval/s: 1540.5
Objective 1 spread: 0.859200
Results stored in: /home/nico/Documents/GitHub/VAMOS/results/archive_family_pilot_core/NSGAII_archive_family_DTLZ/raw_runs/NSGAII_archive_family_DTLZ/nsgaii_archive_hybrid/DTLZ7/nsgaii/numpy/seed_3
[Study] (85/270) nsgaii | numpy | dtlz7 | seed=4
================================================================================
VAMOS Experiment Runner
================================================================================
Problem: DTLZ7
Description: DTLZ7 with disconnected Pareto-optimal regions.
Decision variables: 21
Objectives: 2
Encoding: real
Algorithm: NSGAII
Backend: numpy
Population size: 80
Offspring population size: 80
Max evaluations: 18000
--------------------------------------------------------------------------------
nsgaii -> Time: 11776.15 ms | Eval/s: 1528.5
Objective 1 spread: 0.860065
Results stored in: /home/nico/Documents/GitHub/VAMOS/results/archive_family_pilot_core/NSGAII_archive_family_DTLZ/raw_runs/NSGAII_archive_family_DTLZ/nsgaii_archive_hybrid/DTLZ7/nsgaii/numpy/seed_4
[Study] (86/270) nsgaii | numpy | dtlz7 | seed=5
================================================================================
VAMOS Experiment Runner
================================================================================
Problem: DTLZ7
Description: DTLZ7 with disconnected Pareto-optimal regions.
Decision variables: 21
Objectives: 2
Encoding: real
Algorithm: NSGAII
Backend: numpy
Population size: 80
Offspring population size: 80
Max evaluations: 18000
--------------------------------------------------------------------------------
nsgaii -> Time: 11842.30 ms | Eval/s: 1520.0
Objective 1 spread: 0.858277
Results stored in: /home/nico/Documents/GitHub/VAMOS/results/archive_family_pilot_core/NSGAII_archive_family_DTLZ/raw_runs/NSGAII_archive_family_DTLZ/nsgaii_archive_hybrid/DTLZ7/nsgaii/numpy/seed_5
[Study] (87/270) nsgaii | numpy | dtlz7 | seed=6
================================================================================
VAMOS Experiment Runner
================================================================================
Problem: DTLZ7
Description: DTLZ7 with disconnected Pareto-optimal regions.
Decision variables: 21
Objectives: 2
Encoding: real
Algorithm: NSGAII
Backend: numpy
Population size: 80
Offspring population size: 80
Max evaluations: 18000
--------------------------------------------------------------------------------
nsgaii -> Time: 11713.76 ms | Eval/s: 1536.7
Objective 1 spread: 0.860352
Results stored in: /home/nico/Documents/GitHub/VAMOS/results/archive_family_pilot_core/NSGAII_archive_family_DTLZ/raw_runs/NSGAII_archive_family_DTLZ/nsgaii_archive_hybrid/DTLZ7/nsgaii/numpy/seed_6
[Study] (88/270) nsgaii | numpy | dtlz7 | seed=7
================================================================================
VAMOS Experiment Runner
================================================================================
Problem: DTLZ7
Description: DTLZ7 with disconnected Pareto-optimal regions.
Decision variables: 21
Objectives: 2
Encoding: real
Algorithm: NSGAII
Backend: numpy
Population size: 80
Offspring population size: 80
Max evaluations: 18000
--------------------------------------------------------------------------------
nsgaii -> Time: 11786.38 ms | Eval/s: 1527.2
Objective 1 spread: 0.858628
Results stored in: /home/nico/Documents/GitHub/VAMOS/results/archive_family_pilot_core/NSGAII_archive_family_DTLZ/raw_runs/NSGAII_archive_family_DTLZ/nsgaii_archive_hybrid/DTLZ7/nsgaii/numpy/seed_7
[Study] (89/270) nsgaii | numpy | dtlz7 | seed=8
================================================================================
VAMOS Experiment Runner
================================================================================
Problem: DTLZ7
Description: DTLZ7 with disconnected Pareto-optimal regions.
Decision variables: 21
Objectives: 2
Encoding: real
Algorithm: NSGAII
Backend: numpy
Population size: 80
Offspring population size: 80
Max evaluations: 18000
--------------------------------------------------------------------------------
nsgaii -> Time: 11964.64 ms | Eval/s: 1504.4
Objective 1 spread: 0.858595
Results stored in: /home/nico/Documents/GitHub/VAMOS/results/archive_family_pilot_core/NSGAII_archive_family_DTLZ/raw_runs/NSGAII_archive_family_DTLZ/nsgaii_archive_hybrid/DTLZ7/nsgaii/numpy/seed_8
[Study] (90/270) nsgaii | numpy | dtlz7 | seed=9
================================================================================
VAMOS Experiment Runner
================================================================================
Problem: DTLZ7
Description: DTLZ7 with disconnected Pareto-optimal regions.
Decision variables: 21
Objectives: 2
Encoding: real
Algorithm: NSGAII
Backend: numpy
Population size: 80
Offspring population size: 80
Max evaluations: 18000
--------------------------------------------------------------------------------
nsgaii -> Time: 11845.57 ms | Eval/s: 1519.6
Objective 1 spread: 0.859332
Results stored in: /home/nico/Documents/GitHub/VAMOS/results/archive_family_pilot_core/NSGAII_archive_family_DTLZ/raw_runs/NSGAII_archive_family_DTLZ/nsgaii_archive_hybrid/DTLZ7/nsgaii/numpy/seed_9
[Study] (91/270) nsgaii | numpy | dtlz1 | seed=0
================================================================================
VAMOS Experiment Runner
================================================================================
Problem: DTLZ1
Description: DTLZ1 with configurable objectives (defaults to 3).
Decision variables: 7
Objectives: 3
Encoding: real
Algorithm: NSGAII
Backend: numpy
Population size: 80
Offspring population size: 80
Max evaluations: 22000
--------------------------------------------------------------------------------
nsgaii -> Time: 13884.32 ms | Eval/s: 1584.5
Objective 1 spread: 15.915686
Results stored in: /home/nico/Documents/GitHub/VAMOS/results/archive_family_pilot_core/NSGAII_archive_family_DTLZ/raw_runs/NSGAII_archive_family_DTLZ/nsgaii_archive_off/DTLZ1/nsgaii/numpy/seed_0
[Study] (92/270) nsgaii | numpy | dtlz1 | seed=1
================================================================================
VAMOS Experiment Runner
================================================================================
Problem: DTLZ1
Description: DTLZ1 with configurable objectives (defaults to 3).
Decision variables: 7
Objectives: 3
Encoding: real
Algorithm: NSGAII
Backend: numpy
Population size: 80
Offspring population size: 80
Max evaluations: 22000
--------------------------------------------------------------------------------
nsgaii -> Time: 13934.73 ms | Eval/s: 1578.8
Objective 1 spread: 3.084452
Results stored in: /home/nico/Documents/GitHub/VAMOS/results/archive_family_pilot_core/NSGAII_archive_family_DTLZ/raw_runs/NSGAII_archive_family_DTLZ/nsgaii_archive_off/DTLZ1/nsgaii/numpy/seed_1
[Study] (93/270) nsgaii | numpy | dtlz1 | seed=2
================================================================================
VAMOS Experiment Runner
================================================================================
Problem: DTLZ1
Description: DTLZ1 with configurable objectives (defaults to 3).
Decision variables: 7
Objectives: 3
Encoding: real
Algorithm: NSGAII
Backend: numpy
Population size: 80
Offspring population size: 80
Max evaluations: 22000
--------------------------------------------------------------------------------
nsgaii -> Time: 13732.72 ms | Eval/s: 1602.0
Objective 1 spread: 0.681862
Results stored in: /home/nico/Documents/GitHub/VAMOS/results/archive_family_pilot_core/NSGAII_archive_family_DTLZ/raw_runs/NSGAII_archive_family_DTLZ/nsgaii_archive_off/DTLZ1/nsgaii/numpy/seed_2
[Study] (94/270) nsgaii | numpy | dtlz1 | seed=3
================================================================================
VAMOS Experiment Runner
================================================================================
Problem: DTLZ1
Description: DTLZ1 with configurable objectives (defaults to 3).
Decision variables: 7
Objectives: 3
Encoding: real
Algorithm: NSGAII
Backend: numpy
Population size: 80
Offspring population size: 80
Max evaluations: 22000
--------------------------------------------------------------------------------
nsgaii -> Time: 13817.69 ms | Eval/s: 1592.2
Objective 1 spread: 0.528215
Results stored in: /home/nico/Documents/GitHub/VAMOS/results/archive_family_pilot_core/NSGAII_archive_family_DTLZ/raw_runs/NSGAII_archive_family_DTLZ/nsgaii_archive_off/DTLZ1/nsgaii/numpy/seed_3
[Study] (95/270) nsgaii | numpy | dtlz1 | seed=4
================================================================================
VAMOS Experiment Runner
================================================================================
Problem: DTLZ1
Description: DTLZ1 with configurable objectives (defaults to 3).
Decision variables: 7
Objectives: 3
Encoding: real
Algorithm: NSGAII
Backend: numpy
Population size: 80
Offspring population size: 80
Max evaluations: 22000
--------------------------------------------------------------------------------
nsgaii -> Time: 14126.33 ms | Eval/s: 1557.4
Objective 1 spread: 0.501454
Results stored in: /home/nico/Documents/GitHub/VAMOS/results/archive_family_pilot_core/NSGAII_archive_family_DTLZ/raw_runs/NSGAII_archive_family_DTLZ/nsgaii_archive_off/DTLZ1/nsgaii/numpy/seed_4
[Study] (96/270) nsgaii | numpy | dtlz1 | seed=5
================================================================================
VAMOS Experiment Runner
================================================================================
Problem: DTLZ1
Description: DTLZ1 with configurable objectives (defaults to 3).
Decision variables: 7
Objectives: 3
Encoding: real
Algorithm: NSGAII
Backend: numpy
Population size: 80
Offspring population size: 80
Max evaluations: 22000
--------------------------------------------------------------------------------
nsgaii -> Time: 13948.05 ms | Eval/s: 1577.3
Objective 1 spread: 0.506381
Results stored in: /home/nico/Documents/GitHub/VAMOS/results/archive_family_pilot_core/NSGAII_archive_family_DTLZ/raw_runs/NSGAII_archive_family_DTLZ/nsgaii_archive_off/DTLZ1/nsgaii/numpy/seed_5
[Study] (97/270) nsgaii | numpy | dtlz1 | seed=6
================================================================================
VAMOS Experiment Runner
================================================================================
Problem: DTLZ1
Description: DTLZ1 with configurable objectives (defaults to 3).
Decision variables: 7
Objectives: 3
Encoding: real
Algorithm: NSGAII
Backend: numpy
Population size: 80
Offspring population size: 80
Max evaluations: 22000
--------------------------------------------------------------------------------
nsgaii -> Time: 13841.06 ms | Eval/s: 1589.5
Objective 1 spread: 0.502624
Results stored in: /home/nico/Documents/GitHub/VAMOS/results/archive_family_pilot_core/NSGAII_archive_family_DTLZ/raw_runs/NSGAII_archive_family_DTLZ/nsgaii_archive_off/DTLZ1/nsgaii/numpy/seed_6
[Study] (98/270) nsgaii | numpy | dtlz1 | seed=7
================================================================================
VAMOS Experiment Runner
================================================================================
Problem: DTLZ1
Description: DTLZ1 with configurable objectives (defaults to 3).
Decision variables: 7
Objectives: 3
Encoding: real
Algorithm: NSGAII
Backend: numpy
Population size: 80
Offspring population size: 80
Max evaluations: 22000
--------------------------------------------------------------------------------
nsgaii -> Time: 13785.54 ms | Eval/s: 1595.9
Objective 1 spread: 1.427597
Results stored in: /home/nico/Documents/GitHub/VAMOS/results/archive_family_pilot_core/NSGAII_archive_family_DTLZ/raw_runs/NSGAII_archive_family_DTLZ/nsgaii_archive_off/DTLZ1/nsgaii/numpy/seed_7
[Study] (99/270) nsgaii | numpy | dtlz1 | seed=8
================================================================================
VAMOS Experiment Runner
================================================================================
Problem: DTLZ1
Description: DTLZ1 with configurable objectives (defaults to 3).
Decision variables: 7
Objectives: 3
Encoding: real
Algorithm: NSGAII
Backend: numpy
Population size: 80
Offspring population size: 80
Max evaluations: 22000
--------------------------------------------------------------------------------
nsgaii -> Time: 13872.02 ms | Eval/s: 1585.9
Objective 1 spread: 0.500971
Results stored in: /home/nico/Documents/GitHub/VAMOS/results/archive_family_pilot_core/NSGAII_archive_family_DTLZ/raw_runs/NSGAII_archive_family_DTLZ/nsgaii_archive_off/DTLZ1/nsgaii/numpy/seed_8
[Study] (100/270) nsgaii | numpy | dtlz1 | seed=9
================================================================================
VAMOS Experiment Runner
================================================================================
Problem: DTLZ1
Description: DTLZ1 with configurable objectives (defaults to 3).
Decision variables: 7
Objectives: 3
Encoding: real
Algorithm: NSGAII
Backend: numpy
Population size: 80
Offspring population size: 80
Max evaluations: 22000
--------------------------------------------------------------------------------
nsgaii -> Time: 13763.14 ms | Eval/s: 1598.5
Objective 1 spread: 0.508138
Results stored in: /home/nico/Documents/GitHub/VAMOS/results/archive_family_pilot_core/NSGAII_archive_family_DTLZ/raw_runs/NSGAII_archive_family_DTLZ/nsgaii_archive_off/DTLZ1/nsgaii/numpy/seed_9
[Study] (101/270) nsgaii | numpy | dtlz1 | seed=0
================================================================================
VAMOS Experiment Runner
================================================================================
Problem: DTLZ1
Description: DTLZ1 with configurable objectives (defaults to 3).
Decision variables: 7
Objectives: 3
Encoding: real
Algorithm: NSGAII
Backend: numpy
Population size: 80
Offspring population size: 80
Max evaluations: 22000
--------------------------------------------------------------------------------
nsgaii -> Time: 14398.20 ms | Eval/s: 1528.0
Objective 1 spread: 15.915686
Results stored in: /home/nico/Documents/GitHub/VAMOS/results/archive_family_pilot_core/NSGAII_archive_family_DTLZ/raw_runs/NSGAII_archive_family_DTLZ/nsgaii_archive_passive/DTLZ1/nsgaii/numpy/seed_0
[Study] (102/270) nsgaii | numpy | dtlz1 | seed=1
================================================================================
VAMOS Experiment Runner
================================================================================
Problem: DTLZ1
Description: DTLZ1 with configurable objectives (defaults to 3).
Decision variables: 7
Objectives: 3
Encoding: real
Algorithm: NSGAII
Backend: numpy
Population size: 80
Offspring population size: 80
Max evaluations: 22000
--------------------------------------------------------------------------------
nsgaii -> Time: 14240.81 ms | Eval/s: 1544.9
Objective 1 spread: 3.084452
Results stored in: /home/nico/Documents/GitHub/VAMOS/results/archive_family_pilot_core/NSGAII_archive_family_DTLZ/raw_runs/NSGAII_archive_family_DTLZ/nsgaii_archive_passive/DTLZ1/nsgaii/numpy/seed_1
[Study] (103/270) nsgaii | numpy | dtlz1 | seed=2
================================================================================
VAMOS Experiment Runner
================================================================================
Problem: DTLZ1
Description: DTLZ1 with configurable objectives (defaults to 3).
Decision variables: 7
Objectives: 3
Encoding: real
Algorithm: NSGAII
Backend: numpy
Population size: 80
Offspring population size: 80
Max evaluations: 22000
--------------------------------------------------------------------------------
nsgaii -> Time: 14321.45 ms | Eval/s: 1536.2
Objective 1 spread: 0.681862
Results stored in: /home/nico/Documents/GitHub/VAMOS/results/archive_family_pilot_core/NSGAII_archive_family_DTLZ/raw_runs/NSGAII_archive_family_DTLZ/nsgaii_archive_passive/DTLZ1/nsgaii/numpy/seed_2
[Study] (104/270) nsgaii | numpy | dtlz1 | seed=3
================================================================================
VAMOS Experiment Runner
================================================================================
Problem: DTLZ1
Description: DTLZ1 with configurable objectives (defaults to 3).
Decision variables: 7
Objectives: 3
Encoding: real
Algorithm: NSGAII
Backend: numpy
Population size: 80
Offspring population size: 80
Max evaluations: 22000
--------------------------------------------------------------------------------
nsgaii -> Time: 14628.48 ms | Eval/s: 1503.9
Objective 1 spread: 0.528215
Results stored in: /home/nico/Documents/GitHub/VAMOS/results/archive_family_pilot_core/NSGAII_archive_family_DTLZ/raw_runs/NSGAII_archive_family_DTLZ/nsgaii_archive_passive/DTLZ1/nsgaii/numpy/seed_3
[Study] (105/270) nsgaii | numpy | dtlz1 | seed=4
================================================================================
VAMOS Experiment Runner
================================================================================
Problem: DTLZ1
Description: DTLZ1 with configurable objectives (defaults to 3).
Decision variables: 7
Objectives: 3
Encoding: real
Algorithm: NSGAII
Backend: numpy
Population size: 80
Offspring population size: 80
Max evaluations: 22000
--------------------------------------------------------------------------------
nsgaii -> Time: 14599.68 ms | Eval/s: 1506.9
Objective 1 spread: 0.501454
Results stored in: /home/nico/Documents/GitHub/VAMOS/results/archive_family_pilot_core/NSGAII_archive_family_DTLZ/raw_runs/NSGAII_archive_family_DTLZ/nsgaii_archive_passive/DTLZ1/nsgaii/numpy/seed_4
[Study] (106/270) nsgaii | numpy | dtlz1 | seed=5
================================================================================
VAMOS Experiment Runner
================================================================================
Problem: DTLZ1
Description: DTLZ1 with configurable objectives (defaults to 3).
Decision variables: 7
Objectives: 3
Encoding: real
Algorithm: NSGAII
Backend: numpy
Population size: 80
Offspring population size: 80
Max evaluations: 22000
--------------------------------------------------------------------------------
nsgaii -> Time: 14627.02 ms | Eval/s: 1504.1
Objective 1 spread: 0.506381
Results stored in: /home/nico/Documents/GitHub/VAMOS/results/archive_family_pilot_core/NSGAII_archive_family_DTLZ/raw_runs/NSGAII_archive_family_DTLZ/nsgaii_archive_passive/DTLZ1/nsgaii/numpy/seed_5
[Study] (107/270) nsgaii | numpy | dtlz1 | seed=6
================================================================================
VAMOS Experiment Runner
================================================================================
Problem: DTLZ1
Description: DTLZ1 with configurable objectives (defaults to 3).
Decision variables: 7
Objectives: 3
Encoding: real
Algorithm: NSGAII
Backend: numpy
Population size: 80
Offspring population size: 80
Max evaluations: 22000
--------------------------------------------------------------------------------
nsgaii -> Time: 14367.02 ms | Eval/s: 1531.3
Objective 1 spread: 0.502624
Results stored in: /home/nico/Documents/GitHub/VAMOS/results/archive_family_pilot_core/NSGAII_archive_family_DTLZ/raw_runs/NSGAII_archive_family_DTLZ/nsgaii_archive_passive/DTLZ1/nsgaii/numpy/seed_6
[Study] (108/270) nsgaii | numpy | dtlz1 | seed=7
================================================================================
VAMOS Experiment Runner
================================================================================
Problem: DTLZ1
Description: DTLZ1 with configurable objectives (defaults to 3).
Decision variables: 7
Objectives: 3
Encoding: real
Algorithm: NSGAII
Backend: numpy
Population size: 80
Offspring population size: 80
Max evaluations: 22000
--------------------------------------------------------------------------------
nsgaii -> Time: 14268.94 ms | Eval/s: 1541.8
Objective 1 spread: 1.427597
Results stored in: /home/nico/Documents/GitHub/VAMOS/results/archive_family_pilot_core/NSGAII_archive_family_DTLZ/raw_runs/NSGAII_archive_family_DTLZ/nsgaii_archive_passive/DTLZ1/nsgaii/numpy/seed_7
[Study] (109/270) nsgaii | numpy | dtlz1 | seed=8
================================================================================
VAMOS Experiment Runner
================================================================================
Problem: DTLZ1
Description: DTLZ1 with configurable objectives (defaults to 3).
Decision variables: 7
Objectives: 3
Encoding: real
Algorithm: NSGAII
Backend: numpy
Population size: 80
Offspring population size: 80
Max evaluations: 22000
--------------------------------------------------------------------------------
nsgaii -> Time: 14486.39 ms | Eval/s: 1518.7
Objective 1 spread: 0.500971
Results stored in: /home/nico/Documents/GitHub/VAMOS/results/archive_family_pilot_core/NSGAII_archive_family_DTLZ/raw_runs/NSGAII_archive_family_DTLZ/nsgaii_archive_passive/DTLZ1/nsgaii/numpy/seed_8
[Study] (110/270) nsgaii | numpy | dtlz1 | seed=9
================================================================================
VAMOS Experiment Runner
================================================================================
Problem: DTLZ1
Description: DTLZ1 with configurable objectives (defaults to 3).
Decision variables: 7
Objectives: 3
Encoding: real
Algorithm: NSGAII
Backend: numpy
Population size: 80
Offspring population size: 80
Max evaluations: 22000
--------------------------------------------------------------------------------
nsgaii -> Time: 14582.48 ms | Eval/s: 1508.7
Objective 1 spread: 0.508138
Results stored in: /home/nico/Documents/GitHub/VAMOS/results/archive_family_pilot_core/NSGAII_archive_family_DTLZ/raw_runs/NSGAII_archive_family_DTLZ/nsgaii_archive_passive/DTLZ1/nsgaii/numpy/seed_9
[Study] (111/270) nsgaii | numpy | dtlz1 | seed=0
================================================================================
VAMOS Experiment Runner
================================================================================
Problem: DTLZ1
Description: DTLZ1 with configurable objectives (defaults to 3).
Decision variables: 7
Objectives: 3
Encoding: real
Algorithm: NSGAII
Backend: numpy
Population size: 80
Offspring population size: 80
Max evaluations: 22000
--------------------------------------------------------------------------------
nsgaii -> Time: 14641.70 ms | Eval/s: 1502.6
Objective 1 spread: 0.514234
Results stored in: /home/nico/Documents/GitHub/VAMOS/results/archive_family_pilot_core/NSGAII_archive_family_DTLZ/raw_runs/NSGAII_archive_family_DTLZ/nsgaii_archive_hybrid/DTLZ1/nsgaii/numpy/seed_0
[Study] (112/270) nsgaii | numpy | dtlz1 | seed=1
================================================================================
VAMOS Experiment Runner
================================================================================
Problem: DTLZ1
Description: DTLZ1 with configurable objectives (defaults to 3).
Decision variables: 7
Objectives: 3
Encoding: real
Algorithm: NSGAII
Backend: numpy
Population size: 80
Offspring population size: 80
Max evaluations: 22000
--------------------------------------------------------------------------------
nsgaii -> Time: 14700.66 ms | Eval/s: 1496.5
Objective 1 spread: 88.891172
Results stored in: /home/nico/Documents/GitHub/VAMOS/results/archive_family_pilot_core/NSGAII_archive_family_DTLZ/raw_runs/NSGAII_archive_family_DTLZ/nsgaii_archive_hybrid/DTLZ1/nsgaii/numpy/seed_1
[Study] (113/270) nsgaii | numpy | dtlz1 | seed=2
================================================================================
VAMOS Experiment Runner
================================================================================
Problem: DTLZ1
Description: DTLZ1 with configurable objectives (defaults to 3).
Decision variables: 7
Objectives: 3
Encoding: real
Algorithm: NSGAII
Backend: numpy
Population size: 80
Offspring population size: 80
Max evaluations: 22000
--------------------------------------------------------------------------------
nsgaii -> Time: 15117.52 ms | Eval/s: 1455.3
Objective 1 spread: 0.506560
Results stored in: /home/nico/Documents/GitHub/VAMOS/results/archive_family_pilot_core/NSGAII_archive_family_DTLZ/raw_runs/NSGAII_archive_family_DTLZ/nsgaii_archive_hybrid/DTLZ1/nsgaii/numpy/seed_2
[Study] (114/270) nsgaii | numpy | dtlz1 | seed=3
================================================================================
VAMOS Experiment Runner
================================================================================
Problem: DTLZ1
Description: DTLZ1 with configurable objectives (defaults to 3).
Decision variables: 7
Objectives: 3
Encoding: real
Algorithm: NSGAII
Backend: numpy
Population size: 80
Offspring population size: 80
Max evaluations: 22000
--------------------------------------------------------------------------------
nsgaii -> Time: 14791.65 ms | Eval/s: 1487.3
Objective 1 spread: 0.566351
Results stored in: /home/nico/Documents/GitHub/VAMOS/results/archive_family_pilot_core/NSGAII_archive_family_DTLZ/raw_runs/NSGAII_archive_family_DTLZ/nsgaii_archive_hybrid/DTLZ1/nsgaii/numpy/seed_3
[Study] (115/270) nsgaii | numpy | dtlz1 | seed=4
================================================================================
VAMOS Experiment Runner
================================================================================
Problem: DTLZ1
Description: DTLZ1 with configurable objectives (defaults to 3).
Decision variables: 7
Objectives: 3
Encoding: real
Algorithm: NSGAII
Backend: numpy
Population size: 80
Offspring population size: 80
Max evaluations: 22000
--------------------------------------------------------------------------------
nsgaii -> Time: 14893.38 ms | Eval/s: 1477.2
Objective 1 spread: 0.508103
Results stored in: /home/nico/Documents/GitHub/VAMOS/results/archive_family_pilot_core/NSGAII_archive_family_DTLZ/raw_runs/NSGAII_archive_family_DTLZ/nsgaii_archive_hybrid/DTLZ1/nsgaii/numpy/seed_4
[Study] (116/270) nsgaii | numpy | dtlz1 | seed=5
================================================================================
VAMOS Experiment Runner
================================================================================
Problem: DTLZ1
Description: DTLZ1 with configurable objectives (defaults to 3).
Decision variables: 7
Objectives: 3
Encoding: real
Algorithm: NSGAII
Backend: numpy
Population size: 80
Offspring population size: 80
Max evaluations: 22000
--------------------------------------------------------------------------------
nsgaii -> Time: 14762.57 ms | Eval/s: 1490.3
Objective 1 spread: 1.059455
Results stored in: /home/nico/Documents/GitHub/VAMOS/results/archive_family_pilot_core/NSGAII_archive_family_DTLZ/raw_runs/NSGAII_archive_family_DTLZ/nsgaii_archive_hybrid/DTLZ1/nsgaii/numpy/seed_5
[Study] (117/270) nsgaii | numpy | dtlz1 | seed=6
================================================================================
VAMOS Experiment Runner
================================================================================
Problem: DTLZ1
Description: DTLZ1 with configurable objectives (defaults to 3).
Decision variables: 7
Objectives: 3
Encoding: real
Algorithm: NSGAII
Backend: numpy
Population size: 80
Offspring population size: 80
Max evaluations: 22000
--------------------------------------------------------------------------------
nsgaii -> Time: 14521.76 ms | Eval/s: 1515.0
Objective 1 spread: 0.504476
Results stored in: /home/nico/Documents/GitHub/VAMOS/results/archive_family_pilot_core/NSGAII_archive_family_DTLZ/raw_runs/NSGAII_archive_family_DTLZ/nsgaii_archive_hybrid/DTLZ1/nsgaii/numpy/seed_6
[Study] (118/270) nsgaii | numpy | dtlz1 | seed=7
================================================================================
VAMOS Experiment Runner
================================================================================
Problem: DTLZ1
Description: DTLZ1 with configurable objectives (defaults to 3).
Decision variables: 7
Objectives: 3
Encoding: real
Algorithm: NSGAII
Backend: numpy
Population size: 80
Offspring population size: 80
Max evaluations: 22000
--------------------------------------------------------------------------------
nsgaii -> Time: 14788.47 ms | Eval/s: 1487.6
Objective 1 spread: 0.506147
Results stored in: /home/nico/Documents/GitHub/VAMOS/results/archive_family_pilot_core/NSGAII_archive_family_DTLZ/raw_runs/NSGAII_archive_family_DTLZ/nsgaii_archive_hybrid/DTLZ1/nsgaii/numpy/seed_7
[Study] (119/270) nsgaii | numpy | dtlz1 | seed=8
================================================================================
VAMOS Experiment Runner
================================================================================
Problem: DTLZ1
Description: DTLZ1 with configurable objectives (defaults to 3).
Decision variables: 7
Objectives: 3
Encoding: real
Algorithm: NSGAII
Backend: numpy
Population size: 80
Offspring population size: 80
Max evaluations: 22000
--------------------------------------------------------------------------------
nsgaii -> Time: 14903.58 ms | Eval/s: 1476.2
Objective 1 spread: 1.924052
Results stored in: /home/nico/Documents/GitHub/VAMOS/results/archive_family_pilot_core/NSGAII_archive_family_DTLZ/raw_runs/NSGAII_archive_family_DTLZ/nsgaii_archive_hybrid/DTLZ1/nsgaii/numpy/seed_8
[Study] (120/270) nsgaii | numpy | dtlz1 | seed=9
================================================================================
VAMOS Experiment Runner
================================================================================
Problem: DTLZ1
Description: DTLZ1 with configurable objectives (defaults to 3).
Decision variables: 7
Objectives: 3
Encoding: real
Algorithm: NSGAII
Backend: numpy
Population size: 80
Offspring population size: 80
Max evaluations: 22000
--------------------------------------------------------------------------------
nsgaii -> Time: 14991.26 ms | Eval/s: 1467.5
Objective 1 spread: 13.473368
Results stored in: /home/nico/Documents/GitHub/VAMOS/results/archive_family_pilot_core/NSGAII_archive_family_DTLZ/raw_runs/NSGAII_archive_family_DTLZ/nsgaii_archive_hybrid/DTLZ1/nsgaii/numpy/seed_9
[Study] (121/270) nsgaii | numpy | dtlz2 | seed=0
================================================================================
VAMOS Experiment Runner
================================================================================
Problem: DTLZ2
Description: DTLZ2 with configurable objectives (defaults to 3).
Decision variables: 12
Objectives: 3
Encoding: real
Algorithm: NSGAII
Backend: numpy
Population size: 80
Offspring population size: 80
Max evaluations: 20000
--------------------------------------------------------------------------------
nsgaii -> Time: 12969.45 ms | Eval/s: 1542.1
Objective 1 spread: 1.009666
Results stored in: /home/nico/Documents/GitHub/VAMOS/results/archive_family_pilot_core/NSGAII_archive_family_DTLZ/raw_runs/NSGAII_archive_family_DTLZ/nsgaii_archive_off/DTLZ2/nsgaii/numpy/seed_0
[Study] (122/270) nsgaii | numpy | dtlz2 | seed=1
================================================================================
VAMOS Experiment Runner
================================================================================
Problem: DTLZ2
Description: DTLZ2 with configurable objectives (defaults to 3).
Decision variables: 12
Objectives: 3
Encoding: real
Algorithm: NSGAII
Backend: numpy
Population size: 80
Offspring population size: 80
Max evaluations: 20000
--------------------------------------------------------------------------------
nsgaii -> Time: 12908.36 ms | Eval/s: 1549.4
Objective 1 spread: 1.023402
Results stored in: /home/nico/Documents/GitHub/VAMOS/results/archive_family_pilot_core/NSGAII_archive_family_DTLZ/raw_runs/NSGAII_archive_family_DTLZ/nsgaii_archive_off/DTLZ2/nsgaii/numpy/seed_1
[Study] (123/270) nsgaii | numpy | dtlz2 | seed=2
================================================================================
VAMOS Experiment Runner
================================================================================
Problem: DTLZ2
Description: DTLZ2 with configurable objectives (defaults to 3).
Decision variables: 12
Objectives: 3
Encoding: real
Algorithm: NSGAII
Backend: numpy
Population size: 80
Offspring population size: 80
Max evaluations: 20000
--------------------------------------------------------------------------------
nsgaii -> Time: 12833.27 ms | Eval/s: 1558.4
Objective 1 spread: 1.039346
Results stored in: /home/nico/Documents/GitHub/VAMOS/results/archive_family_pilot_core/NSGAII_archive_family_DTLZ/raw_runs/NSGAII_archive_family_DTLZ/nsgaii_archive_off/DTLZ2/nsgaii/numpy/seed_2
[Study] (124/270) nsgaii | numpy | dtlz2 | seed=3
================================================================================
VAMOS Experiment Runner
================================================================================
Problem: DTLZ2
Description: DTLZ2 with configurable objectives (defaults to 3).
Decision variables: 12
Objectives: 3
Encoding: real
Algorithm: NSGAII
Backend: numpy
Population size: 80
Offspring population size: 80
Max evaluations: 20000
--------------------------------------------------------------------------------
nsgaii -> Time: 12913.92 ms | Eval/s: 1548.7
Objective 1 spread: 1.030586
Results stored in: /home/nico/Documents/GitHub/VAMOS/results/archive_family_pilot_core/NSGAII_archive_family_DTLZ/raw_runs/NSGAII_archive_family_DTLZ/nsgaii_archive_off/DTLZ2/nsgaii/numpy/seed_3
[Study] (125/270) nsgaii | numpy | dtlz2 | seed=4
================================================================================
VAMOS Experiment Runner
================================================================================
Problem: DTLZ2
Description: DTLZ2 with configurable objectives (defaults to 3).
Decision variables: 12
Objectives: 3
Encoding: real
Algorithm: NSGAII
Backend: numpy
Population size: 80
Offspring population size: 80
Max evaluations: 20000
--------------------------------------------------------------------------------
nsgaii -> Time: 12973.26 ms | Eval/s: 1541.6
Objective 1 spread: 1.009206
Results stored in: /home/nico/Documents/GitHub/VAMOS/results/archive_family_pilot_core/NSGAII_archive_family_DTLZ/raw_runs/NSGAII_archive_family_DTLZ/nsgaii_archive_off/DTLZ2/nsgaii/numpy/seed_4
[Study] (126/270) nsgaii | numpy | dtlz2 | seed=5
================================================================================
VAMOS Experiment Runner
================================================================================
Problem: DTLZ2
Description: DTLZ2 with configurable objectives (defaults to 3).
Decision variables: 12
Objectives: 3
Encoding: real
Algorithm: NSGAII
Backend: numpy
Population size: 80
Offspring population size: 80
Max evaluations: 20000
--------------------------------------------------------------------------------
nsgaii -> Time: 12936.73 ms | Eval/s: 1546.0
Objective 1 spread: 1.050181
Results stored in: /home/nico/Documents/GitHub/VAMOS/results/archive_family_pilot_core/NSGAII_archive_family_DTLZ/raw_runs/NSGAII_archive_family_DTLZ/nsgaii_archive_off/DTLZ2/nsgaii/numpy/seed_5
[Study] (127/270) nsgaii | numpy | dtlz2 | seed=6
================================================================================
VAMOS Experiment Runner
================================================================================
Problem: DTLZ2
Description: DTLZ2 with configurable objectives (defaults to 3).
Decision variables: 12
Objectives: 3
Encoding: real
Algorithm: NSGAII
Backend: numpy
Population size: 80
Offspring population size: 80
Max evaluations: 20000
--------------------------------------------------------------------------------
nsgaii -> Time: 12940.61 ms | Eval/s: 1545.5
Objective 1 spread: 1.005048
Results stored in: /home/nico/Documents/GitHub/VAMOS/results/archive_family_pilot_core/NSGAII_archive_family_DTLZ/raw_runs/NSGAII_archive_family_DTLZ/nsgaii_archive_off/DTLZ2/nsgaii/numpy/seed_6
[Study] (128/270) nsgaii | numpy | dtlz2 | seed=7
================================================================================
VAMOS Experiment Runner
================================================================================
Problem: DTLZ2
Description: DTLZ2 with configurable objectives (defaults to 3).
Decision variables: 12
Objectives: 3
Encoding: real
Algorithm: NSGAII
Backend: numpy
Population size: 80
Offspring population size: 80
Max evaluations: 20000
--------------------------------------------------------------------------------
nsgaii -> Time: 12806.78 ms | Eval/s: 1561.7
Objective 1 spread: 1.003738
Results stored in: /home/nico/Documents/GitHub/VAMOS/results/archive_family_pilot_core/NSGAII_archive_family_DTLZ/raw_runs/NSGAII_archive_family_DTLZ/nsgaii_archive_off/DTLZ2/nsgaii/numpy/seed_7
[Study] (129/270) nsgaii | numpy | dtlz2 | seed=8
================================================================================
VAMOS Experiment Runner
================================================================================
Problem: DTLZ2
Description: DTLZ2 with configurable objectives (defaults to 3).
Decision variables: 12
Objectives: 3
Encoding: real
Algorithm: NSGAII
Backend: numpy
Population size: 80
Offspring population size: 80
Max evaluations: 20000
--------------------------------------------------------------------------------
nsgaii -> Time: 12875.46 ms | Eval/s: 1553.3
Objective 1 spread: 1.014723
Results stored in: /home/nico/Documents/GitHub/VAMOS/results/archive_family_pilot_core/NSGAII_archive_family_DTLZ/raw_runs/NSGAII_archive_family_DTLZ/nsgaii_archive_off/DTLZ2/nsgaii/numpy/seed_8
[Study] (130/270) nsgaii | numpy | dtlz2 | seed=9
================================================================================
VAMOS Experiment Runner
================================================================================
Problem: DTLZ2
Description: DTLZ2 with configurable objectives (defaults to 3).
Decision variables: 12
Objectives: 3
Encoding: real
Algorithm: NSGAII
Backend: numpy
Population size: 80
Offspring population size: 80
Max evaluations: 20000
--------------------------------------------------------------------------------
nsgaii -> Time: 12931.17 ms | Eval/s: 1546.7
Objective 1 spread: 1.010758
Results stored in: /home/nico/Documents/GitHub/VAMOS/results/archive_family_pilot_core/NSGAII_archive_family_DTLZ/raw_runs/NSGAII_archive_family_DTLZ/nsgaii_archive_off/DTLZ2/nsgaii/numpy/seed_9
[Study] (131/270) nsgaii | numpy | dtlz2 | seed=0
================================================================================
VAMOS Experiment Runner
================================================================================
Problem: DTLZ2
Description: DTLZ2 with configurable objectives (defaults to 3).
Decision variables: 12
Objectives: 3
Encoding: real
Algorithm: NSGAII
Backend: numpy
Population size: 80
Offspring population size: 80
Max evaluations: 20000
--------------------------------------------------------------------------------
nsgaii -> Time: 15885.53 ms | Eval/s: 1259.0
Objective 1 spread: 1.009666
Results stored in: /home/nico/Documents/GitHub/VAMOS/results/archive_family_pilot_core/NSGAII_archive_family_DTLZ/raw_runs/NSGAII_archive_family_DTLZ/nsgaii_archive_passive/DTLZ2/nsgaii/numpy/seed_0
[Study] (132/270) nsgaii | numpy | dtlz2 | seed=1
================================================================================
VAMOS Experiment Runner
================================================================================
Problem: DTLZ2
Description: DTLZ2 with configurable objectives (defaults to 3).
Decision variables: 12
Objectives: 3
Encoding: real
Algorithm: NSGAII
Backend: numpy
Population size: 80
Offspring population size: 80
Max evaluations: 20000
--------------------------------------------------------------------------------
nsgaii -> Time: 16508.64 ms | Eval/s: 1211.5
Objective 1 spread: 1.023402
Results stored in: /home/nico/Documents/GitHub/VAMOS/results/archive_family_pilot_core/NSGAII_archive_family_DTLZ/raw_runs/NSGAII_archive_family_DTLZ/nsgaii_archive_passive/DTLZ2/nsgaii/numpy/seed_1
[Study] (133/270) nsgaii | numpy | dtlz2 | seed=2
================================================================================
VAMOS Experiment Runner
================================================================================
Problem: DTLZ2
Description: DTLZ2 with configurable objectives (defaults to 3).
Decision variables: 12
Objectives: 3
Encoding: real
Algorithm: NSGAII
Backend: numpy
Population size: 80
Offspring population size: 80
Max evaluations: 20000
--------------------------------------------------------------------------------
nsgaii -> Time: 15401.32 ms | Eval/s: 1298.6
Objective 1 spread: 1.039346
Results stored in: /home/nico/Documents/GitHub/VAMOS/results/archive_family_pilot_core/NSGAII_archive_family_DTLZ/raw_runs/NSGAII_archive_family_DTLZ/nsgaii_archive_passive/DTLZ2/nsgaii/numpy/seed_2
[Study] (134/270) nsgaii | numpy | dtlz2 | seed=3
================================================================================
VAMOS Experiment Runner
================================================================================
Problem: DTLZ2
Description: DTLZ2 with configurable objectives (defaults to 3).
Decision variables: 12
Objectives: 3
Encoding: real
Algorithm: NSGAII
Backend: numpy
Population size: 80
Offspring population size: 80
Max evaluations: 20000
--------------------------------------------------------------------------------
nsgaii -> Time: 16341.50 ms | Eval/s: 1223.9
Objective 1 spread: 1.030586
Results stored in: /home/nico/Documents/GitHub/VAMOS/results/archive_family_pilot_core/NSGAII_archive_family_DTLZ/raw_runs/NSGAII_archive_family_DTLZ/nsgaii_archive_passive/DTLZ2/nsgaii/numpy/seed_3
[Study] (135/270) nsgaii | numpy | dtlz2 | seed=4
================================================================================
VAMOS Experiment Runner
================================================================================
Problem: DTLZ2
Description: DTLZ2 with configurable objectives (defaults to 3).
Decision variables: 12
Objectives: 3
Encoding: real
Algorithm: NSGAII
Backend: numpy
Population size: 80
Offspring population size: 80
Max evaluations: 20000
--------------------------------------------------------------------------------
nsgaii -> Time: 16510.40 ms | Eval/s: 1211.4
Objective 1 spread: 1.009206
Results stored in: /home/nico/Documents/GitHub/VAMOS/results/archive_family_pilot_core/NSGAII_archive_family_DTLZ/raw_runs/NSGAII_archive_family_DTLZ/nsgaii_archive_passive/DTLZ2/nsgaii/numpy/seed_4
[Study] (136/270) nsgaii | numpy | dtlz2 | seed=5
================================================================================
VAMOS Experiment Runner
================================================================================
Problem: DTLZ2
Description: DTLZ2 with configurable objectives (defaults to 3).
Decision variables: 12
Objectives: 3
Encoding: real
Algorithm: NSGAII
Backend: numpy
Population size: 80
Offspring population size: 80
Max evaluations: 20000
--------------------------------------------------------------------------------
nsgaii -> Time: 16259.51 ms | Eval/s: 1230.0
Objective 1 spread: 1.050181
Results stored in: /home/nico/Documents/GitHub/VAMOS/results/archive_family_pilot_core/NSGAII_archive_family_DTLZ/raw_runs/NSGAII_archive_family_DTLZ/nsgaii_archive_passive/DTLZ2/nsgaii/numpy/seed_5
[Study] (137/270) nsgaii | numpy | dtlz2 | seed=6
================================================================================
VAMOS Experiment Runner
================================================================================
Problem: DTLZ2
Description: DTLZ2 with configurable objectives (defaults to 3).
Decision variables: 12
Objectives: 3
Encoding: real
Algorithm: NSGAII
Backend: numpy
Population size: 80
Offspring population size: 80
Max evaluations: 20000
--------------------------------------------------------------------------------
nsgaii -> Time: 16535.83 ms | Eval/s: 1209.5
Objective 1 spread: 1.005048
Results stored in: /home/nico/Documents/GitHub/VAMOS/results/archive_family_pilot_core/NSGAII_archive_family_DTLZ/raw_runs/NSGAII_archive_family_DTLZ/nsgaii_archive_passive/DTLZ2/nsgaii/numpy/seed_6
[Study] (138/270) nsgaii | numpy | dtlz2 | seed=7
================================================================================
VAMOS Experiment Runner
================================================================================
Problem: DTLZ2
Description: DTLZ2 with configurable objectives (defaults to 3).
Decision variables: 12
Objectives: 3
Encoding: real
Algorithm: NSGAII
Backend: numpy
Population size: 80
Offspring population size: 80
Max evaluations: 20000
--------------------------------------------------------------------------------
nsgaii -> Time: 16406.09 ms | Eval/s: 1219.1
Objective 1 spread: 1.003738
Results stored in: /home/nico/Documents/GitHub/VAMOS/results/archive_family_pilot_core/NSGAII_archive_family_DTLZ/raw_runs/NSGAII_archive_family_DTLZ/nsgaii_archive_passive/DTLZ2/nsgaii/numpy/seed_7
[Study] (139/270) nsgaii | numpy | dtlz2 | seed=8
================================================================================
VAMOS Experiment Runner
================================================================================
Problem: DTLZ2
Description: DTLZ2 with configurable objectives (defaults to 3).
Decision variables: 12
Objectives: 3
Encoding: real
Algorithm: NSGAII
Backend: numpy
Population size: 80
Offspring population size: 80
Max evaluations: 20000
--------------------------------------------------------------------------------
nsgaii -> Time: 17058.77 ms | Eval/s: 1172.4
Objective 1 spread: 1.014723
Results stored in: /home/nico/Documents/GitHub/VAMOS/results/archive_family_pilot_core/NSGAII_archive_family_DTLZ/raw_runs/NSGAII_archive_family_DTLZ/nsgaii_archive_passive/DTLZ2/nsgaii/numpy/seed_8
[Study] (140/270) nsgaii | numpy | dtlz2 | seed=9
================================================================================
VAMOS Experiment Runner
================================================================================
Problem: DTLZ2
Description: DTLZ2 with configurable objectives (defaults to 3).
Decision variables: 12
Objectives: 3
Encoding: real
Algorithm: NSGAII
Backend: numpy
Population size: 80
Offspring population size: 80
Max evaluations: 20000
--------------------------------------------------------------------------------
nsgaii -> Time: 16625.71 ms | Eval/s: 1203.0
Objective 1 spread: 1.010758
Results stored in: /home/nico/Documents/GitHub/VAMOS/results/archive_family_pilot_core/NSGAII_archive_family_DTLZ/raw_runs/NSGAII_archive_family_DTLZ/nsgaii_archive_passive/DTLZ2/nsgaii/numpy/seed_9
[Study] (141/270) nsgaii | numpy | dtlz2 | seed=0
================================================================================
VAMOS Experiment Runner
================================================================================
Problem: DTLZ2
Description: DTLZ2 with configurable objectives (defaults to 3).
Decision variables: 12
Objectives: 3
Encoding: real
Algorithm: NSGAII
Backend: numpy
Population size: 80
Offspring population size: 80
Max evaluations: 20000
--------------------------------------------------------------------------------
nsgaii -> Time: 17010.01 ms | Eval/s: 1175.8
Objective 1 spread: 1.041423
Results stored in: /home/nico/Documents/GitHub/VAMOS/results/archive_family_pilot_core/NSGAII_archive_family_DTLZ/raw_runs/NSGAII_archive_family_DTLZ/nsgaii_archive_hybrid/DTLZ2/nsgaii/numpy/seed_0
[Study] (142/270) nsgaii | numpy | dtlz2 | seed=1
================================================================================
VAMOS Experiment Runner
================================================================================
Problem: DTLZ2
Description: DTLZ2 with configurable objectives (defaults to 3).
Decision variables: 12
Objectives: 3
Encoding: real
Algorithm: NSGAII
Backend: numpy
Population size: 80
Offspring population size: 80
Max evaluations: 20000
--------------------------------------------------------------------------------
nsgaii -> Time: 17551.81 ms | Eval/s: 1139.5
Objective 1 spread: 1.022555
Results stored in: /home/nico/Documents/GitHub/VAMOS/results/archive_family_pilot_core/NSGAII_archive_family_DTLZ/raw_runs/NSGAII_archive_family_DTLZ/nsgaii_archive_hybrid/DTLZ2/nsgaii/numpy/seed_1
[Study] (143/270) nsgaii | numpy | dtlz2 | seed=2
================================================================================
VAMOS Experiment Runner
================================================================================
Problem: DTLZ2
Description: DTLZ2 with configurable objectives (defaults to 3).
Decision variables: 12
Objectives: 3
Encoding: real
Algorithm: NSGAII
Backend: numpy
Population size: 80
Offspring population size: 80
Max evaluations: 20000
--------------------------------------------------------------------------------
nsgaii -> Time: 17744.30 ms | Eval/s: 1127.1
Objective 1 spread: 1.096977
Results stored in: /home/nico/Documents/GitHub/VAMOS/results/archive_family_pilot_core/NSGAII_archive_family_DTLZ/raw_runs/NSGAII_archive_family_DTLZ/nsgaii_archive_hybrid/DTLZ2/nsgaii/numpy/seed_2
[Study] (144/270) nsgaii | numpy | dtlz2 | seed=3
================================================================================
VAMOS Experiment Runner
================================================================================
Problem: DTLZ2
Description: DTLZ2 with configurable objectives (defaults to 3).
Decision variables: 12
Objectives: 3
Encoding: real
Algorithm: NSGAII
Backend: numpy
Population size: 80
Offspring population size: 80
Max evaluations: 20000
--------------------------------------------------------------------------------
nsgaii -> Time: 17307.85 ms | Eval/s: 1155.5
Objective 1 spread: 1.050586
Results stored in: /home/nico/Documents/GitHub/VAMOS/results/archive_family_pilot_core/NSGAII_archive_family_DTLZ/raw_runs/NSGAII_archive_family_DTLZ/nsgaii_archive_hybrid/DTLZ2/nsgaii/numpy/seed_3
[Study] (145/270) nsgaii | numpy | dtlz2 | seed=4
================================================================================
VAMOS Experiment Runner
================================================================================
Problem: DTLZ2
Description: DTLZ2 with configurable objectives (defaults to 3).
Decision variables: 12
Objectives: 3
Encoding: real
Algorithm: NSGAII
Backend: numpy
Population size: 80
Offspring population size: 80
Max evaluations: 20000
--------------------------------------------------------------------------------
nsgaii -> Time: 18071.99 ms | Eval/s: 1106.7
Objective 1 spread: 1.034402
Results stored in: /home/nico/Documents/GitHub/VAMOS/results/archive_family_pilot_core/NSGAII_archive_family_DTLZ/raw_runs/NSGAII_archive_family_DTLZ/nsgaii_archive_hybrid/DTLZ2/nsgaii/numpy/seed_4
[Study] (146/270) nsgaii | numpy | dtlz2 | seed=5
================================================================================
VAMOS Experiment Runner
================================================================================
Problem: DTLZ2
Description: DTLZ2 with configurable objectives (defaults to 3).
Decision variables: 12
Objectives: 3
Encoding: real
Algorithm: NSGAII
Backend: numpy
Population size: 80
Offspring population size: 80
Max evaluations: 20000
--------------------------------------------------------------------------------
nsgaii -> Time: 17689.71 ms | Eval/s: 1130.6
Objective 1 spread: 1.082732
Results stored in: /home/nico/Documents/GitHub/VAMOS/results/archive_family_pilot_core/NSGAII_archive_family_DTLZ/raw_runs/NSGAII_archive_family_DTLZ/nsgaii_archive_hybrid/DTLZ2/nsgaii/numpy/seed_5
[Study] (147/270) nsgaii | numpy | dtlz2 | seed=6
================================================================================
VAMOS Experiment Runner
================================================================================
Problem: DTLZ2
Description: DTLZ2 with configurable objectives (defaults to 3).
Decision variables: 12
Objectives: 3
Encoding: real
Algorithm: NSGAII
Backend: numpy
Population size: 80
Offspring population size: 80
Max evaluations: 20000
--------------------------------------------------------------------------------
nsgaii -> Time: 17704.07 ms | Eval/s: 1129.7
Objective 1 spread: 1.068162
Results stored in: /home/nico/Documents/GitHub/VAMOS/results/archive_family_pilot_core/NSGAII_archive_family_DTLZ/raw_runs/NSGAII_archive_family_DTLZ/nsgaii_archive_hybrid/DTLZ2/nsgaii/numpy/seed_6
[Study] (148/270) nsgaii | numpy | dtlz2 | seed=7
================================================================================
VAMOS Experiment Runner
================================================================================
Problem: DTLZ2
Description: DTLZ2 with configurable objectives (defaults to 3).
Decision variables: 12
Objectives: 3
Encoding: real
Algorithm: NSGAII
Backend: numpy
Population size: 80
Offspring population size: 80
Max evaluations: 20000
--------------------------------------------------------------------------------
nsgaii -> Time: 17848.23 ms | Eval/s: 1120.6
Objective 1 spread: 1.045220
Results stored in: /home/nico/Documents/GitHub/VAMOS/results/archive_family_pilot_core/NSGAII_archive_family_DTLZ/raw_runs/NSGAII_archive_family_DTLZ/nsgaii_archive_hybrid/DTLZ2/nsgaii/numpy/seed_7
[Study] (149/270) nsgaii | numpy | dtlz2 | seed=8
================================================================================
VAMOS Experiment Runner
================================================================================
Problem: DTLZ2
Description: DTLZ2 with configurable objectives (defaults to 3).
Decision variables: 12
Objectives: 3
Encoding: real
Algorithm: NSGAII
Backend: numpy
Population size: 80
Offspring population size: 80
Max evaluations: 20000
--------------------------------------------------------------------------------
nsgaii -> Time: 18407.06 ms | Eval/s: 1086.5
Objective 1 spread: 1.044593
Results stored in: /home/nico/Documents/GitHub/VAMOS/results/archive_family_pilot_core/NSGAII_archive_family_DTLZ/raw_runs/NSGAII_archive_family_DTLZ/nsgaii_archive_hybrid/DTLZ2/nsgaii/numpy/seed_8
[Study] (150/270) nsgaii | numpy | dtlz2 | seed=9
================================================================================
VAMOS Experiment Runner
================================================================================
Problem: DTLZ2
Description: DTLZ2 with configurable objectives (defaults to 3).
Decision variables: 12
Objectives: 3
Encoding: real
Algorithm: NSGAII
Backend: numpy
Population size: 80
Offspring population size: 80
Max evaluations: 20000
--------------------------------------------------------------------------------
nsgaii -> Time: 18113.96 ms | Eval/s: 1104.1
Objective 1 spread: 1.073377
Results stored in: /home/nico/Documents/GitHub/VAMOS/results/archive_family_pilot_core/NSGAII_archive_family_DTLZ/raw_runs/NSGAII_archive_family_DTLZ/nsgaii_archive_hybrid/DTLZ2/nsgaii/numpy/seed_9
[Study] (151/270) nsgaii | numpy | dtlz7 | seed=0
================================================================================
VAMOS Experiment Runner
================================================================================
Problem: DTLZ7
Description: DTLZ7 with disconnected Pareto-optimal regions.
Decision variables: 22
Objectives: 3
Encoding: real
Algorithm: NSGAII
Backend: numpy
Population size: 80
Offspring population size: 80
Max evaluations: 22000
--------------------------------------------------------------------------------
nsgaii -> Time: 15637.65 ms | Eval/s: 1406.9
Objective 1 spread: 0.906928
Results stored in: /home/nico/Documents/GitHub/VAMOS/results/archive_family_pilot_core/NSGAII_archive_family_DTLZ/raw_runs/NSGAII_archive_family_DTLZ/nsgaii_archive_off/DTLZ7/nsgaii/numpy/seed_0
[Study] (152/270) nsgaii | numpy | dtlz7 | seed=1
================================================================================
VAMOS Experiment Runner
================================================================================
Problem: DTLZ7
Description: DTLZ7 with disconnected Pareto-optimal regions.
Decision variables: 22
Objectives: 3
Encoding: real
Algorithm: NSGAII
Backend: numpy
Population size: 80
Offspring population size: 80
Max evaluations: 22000
--------------------------------------------------------------------------------
nsgaii -> Time: 15569.17 ms | Eval/s: 1413.0
Objective 1 spread: 0.904756
Results stored in: /home/nico/Documents/GitHub/VAMOS/results/archive_family_pilot_core/NSGAII_archive_family_DTLZ/raw_runs/NSGAII_archive_family_DTLZ/nsgaii_archive_off/DTLZ7/nsgaii/numpy/seed_1
[Study] (153/270) nsgaii | numpy | dtlz7 | seed=2
================================================================================
VAMOS Experiment Runner
================================================================================
Problem: DTLZ7
Description: DTLZ7 with disconnected Pareto-optimal regions.
Decision variables: 22
Objectives: 3
Encoding: real
Algorithm: NSGAII
Backend: numpy
Population size: 80
Offspring population size: 80
Max evaluations: 22000
--------------------------------------------------------------------------------
nsgaii -> Time: 15572.07 ms | Eval/s: 1412.8
Objective 1 spread: 0.885474
Results stored in: /home/nico/Documents/GitHub/VAMOS/results/archive_family_pilot_core/NSGAII_archive_family_DTLZ/raw_runs/NSGAII_archive_family_DTLZ/nsgaii_archive_off/DTLZ7/nsgaii/numpy/seed_2
[Study] (154/270) nsgaii | numpy | dtlz7 | seed=3
================================================================================
VAMOS Experiment Runner
================================================================================
Problem: DTLZ7
Description: DTLZ7 with disconnected Pareto-optimal regions.
Decision variables: 22
Objectives: 3
Encoding: real
Algorithm: NSGAII
Backend: numpy
Population size: 80
Offspring population size: 80
Max evaluations: 22000
--------------------------------------------------------------------------------
nsgaii -> Time: 15519.77 ms | Eval/s: 1417.5
Objective 1 spread: 0.878730
Results stored in: /home/nico/Documents/GitHub/VAMOS/results/archive_family_pilot_core/NSGAII_archive_family_DTLZ/raw_runs/NSGAII_archive_family_DTLZ/nsgaii_archive_off/DTLZ7/nsgaii/numpy/seed_3
[Study] (155/270) nsgaii | numpy | dtlz7 | seed=4
================================================================================
VAMOS Experiment Runner
================================================================================
Problem: DTLZ7
Description: DTLZ7 with disconnected Pareto-optimal regions.
Decision variables: 22
Objectives: 3
Encoding: real
Algorithm: NSGAII
Backend: numpy
Population size: 80
Offspring population size: 80
Max evaluations: 22000
--------------------------------------------------------------------------------
nsgaii -> Time: 15580.44 ms | Eval/s: 1412.0
Objective 1 spread: 0.907997
Results stored in: /home/nico/Documents/GitHub/VAMOS/results/archive_family_pilot_core/NSGAII_archive_family_DTLZ/raw_runs/NSGAII_archive_family_DTLZ/nsgaii_archive_off/DTLZ7/nsgaii/numpy/seed_4
[Study] (156/270) nsgaii | numpy | dtlz7 | seed=5
================================================================================
VAMOS Experiment Runner
================================================================================
Problem: DTLZ7
Description: DTLZ7 with disconnected Pareto-optimal regions.
Decision variables: 22
Objectives: 3
Encoding: real
Algorithm: NSGAII
Backend: numpy
Population size: 80
Offspring population size: 80
Max evaluations: 22000
--------------------------------------------------------------------------------
nsgaii -> Time: 15621.92 ms | Eval/s: 1408.3
Objective 1 spread: 0.877430
Results stored in: /home/nico/Documents/GitHub/VAMOS/results/archive_family_pilot_core/NSGAII_archive_family_DTLZ/raw_runs/NSGAII_archive_family_DTLZ/nsgaii_archive_off/DTLZ7/nsgaii/numpy/seed_5
[Study] (157/270) nsgaii | numpy | dtlz7 | seed=6
================================================================================
VAMOS Experiment Runner
================================================================================
Problem: DTLZ7
Description: DTLZ7 with disconnected Pareto-optimal regions.
Decision variables: 22
Objectives: 3
Encoding: real
Algorithm: NSGAII
Backend: numpy
Population size: 80
Offspring population size: 80
Max evaluations: 22000
--------------------------------------------------------------------------------
nsgaii -> Time: 15747.08 ms | Eval/s: 1397.1
Objective 1 spread: 0.928950
Results stored in: /home/nico/Documents/GitHub/VAMOS/results/archive_family_pilot_core/NSGAII_archive_family_DTLZ/raw_runs/NSGAII_archive_family_DTLZ/nsgaii_archive_off/DTLZ7/nsgaii/numpy/seed_6
[Study] (158/270) nsgaii | numpy | dtlz7 | seed=7
================================================================================
VAMOS Experiment Runner
================================================================================
Problem: DTLZ7
Description: DTLZ7 with disconnected Pareto-optimal regions.
Decision variables: 22
Objectives: 3
Encoding: real
Algorithm: NSGAII
Backend: numpy
Population size: 80
Offspring population size: 80
Max evaluations: 22000
--------------------------------------------------------------------------------
nsgaii -> Time: 15818.39 ms | Eval/s: 1390.8
Objective 1 spread: 0.884196
Results stored in: /home/nico/Documents/GitHub/VAMOS/results/archive_family_pilot_core/NSGAII_archive_family_DTLZ/raw_runs/NSGAII_archive_family_DTLZ/nsgaii_archive_off/DTLZ7/nsgaii/numpy/seed_7
[Study] (159/270) nsgaii | numpy | dtlz7 | seed=8
================================================================================
VAMOS Experiment Runner
================================================================================
Problem: DTLZ7
Description: DTLZ7 with disconnected Pareto-optimal regions.
Decision variables: 22
Objectives: 3
Encoding: real
Algorithm: NSGAII
Backend: numpy
Population size: 80
Offspring population size: 80
Max evaluations: 22000
--------------------------------------------------------------------------------
nsgaii -> Time: 15592.65 ms | Eval/s: 1410.9
Objective 1 spread: 0.907899
Results stored in: /home/nico/Documents/GitHub/VAMOS/results/archive_family_pilot_core/NSGAII_archive_family_DTLZ/raw_runs/NSGAII_archive_family_DTLZ/nsgaii_archive_off/DTLZ7/nsgaii/numpy/seed_8
[Study] (160/270) nsgaii | numpy | dtlz7 | seed=9
================================================================================
VAMOS Experiment Runner
================================================================================
Problem: DTLZ7
Description: DTLZ7 with disconnected Pareto-optimal regions.
Decision variables: 22
Objectives: 3
Encoding: real
Algorithm: NSGAII
Backend: numpy
Population size: 80
Offspring population size: 80
Max evaluations: 22000
--------------------------------------------------------------------------------
nsgaii -> Time: 15661.17 ms | Eval/s: 1404.7
Objective 1 spread: 0.909911
Results stored in: /home/nico/Documents/GitHub/VAMOS/results/archive_family_pilot_core/NSGAII_archive_family_DTLZ/raw_runs/NSGAII_archive_family_DTLZ/nsgaii_archive_off/DTLZ7/nsgaii/numpy/seed_9
[Study] (161/270) nsgaii | numpy | dtlz7 | seed=0
================================================================================
VAMOS Experiment Runner
================================================================================
Problem: DTLZ7
Description: DTLZ7 with disconnected Pareto-optimal regions.
Decision variables: 22
Objectives: 3
Encoding: real
Algorithm: NSGAII
Backend: numpy
Population size: 80
Offspring population size: 80
Max evaluations: 22000
--------------------------------------------------------------------------------
nsgaii -> Time: 17057.45 ms | Eval/s: 1289.8
Objective 1 spread: 0.906928
Results stored in: /home/nico/Documents/GitHub/VAMOS/results/archive_family_pilot_core/NSGAII_archive_family_DTLZ/raw_runs/NSGAII_archive_family_DTLZ/nsgaii_archive_passive/DTLZ7/nsgaii/numpy/seed_0
[Study] (162/270) nsgaii | numpy | dtlz7 | seed=1
================================================================================
VAMOS Experiment Runner
================================================================================
Problem: DTLZ7
Description: DTLZ7 with disconnected Pareto-optimal regions.
Decision variables: 22
Objectives: 3
Encoding: real
Algorithm: NSGAII
Backend: numpy
Population size: 80
Offspring population size: 80
Max evaluations: 22000
--------------------------------------------------------------------------------
nsgaii -> Time: 17018.42 ms | Eval/s: 1292.7
Objective 1 spread: 0.904756
Results stored in: /home/nico/Documents/GitHub/VAMOS/results/archive_family_pilot_core/NSGAII_archive_family_DTLZ/raw_runs/NSGAII_archive_family_DTLZ/nsgaii_archive_passive/DTLZ7/nsgaii/numpy/seed_1
[Study] (163/270) nsgaii | numpy | dtlz7 | seed=2
================================================================================
VAMOS Experiment Runner
================================================================================
Problem: DTLZ7
Description: DTLZ7 with disconnected Pareto-optimal regions.
Decision variables: 22
Objectives: 3
Encoding: real
Algorithm: NSGAII
Backend: numpy
Population size: 80
Offspring population size: 80
Max evaluations: 22000
--------------------------------------------------------------------------------
nsgaii -> Time: 16849.95 ms | Eval/s: 1305.6
Objective 1 spread: 0.885474
Results stored in: /home/nico/Documents/GitHub/VAMOS/results/archive_family_pilot_core/NSGAII_archive_family_DTLZ/raw_runs/NSGAII_archive_family_DTLZ/nsgaii_archive_passive/DTLZ7/nsgaii/numpy/seed_2
[Study] (164/270) nsgaii | numpy | dtlz7 | seed=3
================================================================================
VAMOS Experiment Runner
================================================================================
Problem: DTLZ7
Description: DTLZ7 with disconnected Pareto-optimal regions.
Decision variables: 22
Objectives: 3
Encoding: real
Algorithm: NSGAII
Backend: numpy
Population size: 80
Offspring population size: 80
Max evaluations: 22000
--------------------------------------------------------------------------------
nsgaii -> Time: 17025.34 ms | Eval/s: 1292.2
Objective 1 spread: 0.878730
Results stored in: /home/nico/Documents/GitHub/VAMOS/results/archive_family_pilot_core/NSGAII_archive_family_DTLZ/raw_runs/NSGAII_archive_family_DTLZ/nsgaii_archive_passive/DTLZ7/nsgaii/numpy/seed_3
[Study] (165/270) nsgaii | numpy | dtlz7 | seed=4
================================================================================
VAMOS Experiment Runner
================================================================================
Problem: DTLZ7
Description: DTLZ7 with disconnected Pareto-optimal regions.
Decision variables: 22
Objectives: 3
Encoding: real
Algorithm: NSGAII
Backend: numpy
Population size: 80
Offspring population size: 80
Max evaluations: 22000
--------------------------------------------------------------------------------
nsgaii -> Time: 17404.61 ms | Eval/s: 1264.0
Objective 1 spread: 0.907997
Results stored in: /home/nico/Documents/GitHub/VAMOS/results/archive_family_pilot_core/NSGAII_archive_family_DTLZ/raw_runs/NSGAII_archive_family_DTLZ/nsgaii_archive_passive/DTLZ7/nsgaii/numpy/seed_4
[Study] (166/270) nsgaii | numpy | dtlz7 | seed=5
================================================================================
VAMOS Experiment Runner
================================================================================
Problem: DTLZ7
Description: DTLZ7 with disconnected Pareto-optimal regions.
Decision variables: 22
Objectives: 3
Encoding: real
Algorithm: NSGAII
Backend: numpy
Population size: 80
Offspring population size: 80
Max evaluations: 22000
--------------------------------------------------------------------------------
nsgaii -> Time: 17313.02 ms | Eval/s: 1270.7
Objective 1 spread: 0.877430
Results stored in: /home/nico/Documents/GitHub/VAMOS/results/archive_family_pilot_core/NSGAII_archive_family_DTLZ/raw_runs/NSGAII_archive_family_DTLZ/nsgaii_archive_passive/DTLZ7/nsgaii/numpy/seed_5
[Study] (167/270) nsgaii | numpy | dtlz7 | seed=6
================================================================================
VAMOS Experiment Runner
================================================================================
Problem: DTLZ7
Description: DTLZ7 with disconnected Pareto-optimal regions.
Decision variables: 22
Objectives: 3
Encoding: real
Algorithm: NSGAII
Backend: numpy
Population size: 80
Offspring population size: 80
Max evaluations: 22000
--------------------------------------------------------------------------------
nsgaii -> Time: 17079.99 ms | Eval/s: 1288.1
Objective 1 spread: 0.928950
Results stored in: /home/nico/Documents/GitHub/VAMOS/results/archive_family_pilot_core/NSGAII_archive_family_DTLZ/raw_runs/NSGAII_archive_family_DTLZ/nsgaii_archive_passive/DTLZ7/nsgaii/numpy/seed_6
[Study] (168/270) nsgaii | numpy | dtlz7 | seed=7
================================================================================
VAMOS Experiment Runner
================================================================================
Problem: DTLZ7
Description: DTLZ7 with disconnected Pareto-optimal regions.
Decision variables: 22
Objectives: 3
Encoding: real
Algorithm: NSGAII
Backend: numpy
Population size: 80
Offspring population size: 80
Max evaluations: 22000
--------------------------------------------------------------------------------
nsgaii -> Time: 17369.75 ms | Eval/s: 1266.6
Objective 1 spread: 0.884196
Results stored in: /home/nico/Documents/GitHub/VAMOS/results/archive_family_pilot_core/NSGAII_archive_family_DTLZ/raw_runs/NSGAII_archive_family_DTLZ/nsgaii_archive_passive/DTLZ7/nsgaii/numpy/seed_7
[Study] (169/270) nsgaii | numpy | dtlz7 | seed=8
================================================================================
VAMOS Experiment Runner
================================================================================
Problem: DTLZ7
Description: DTLZ7 with disconnected Pareto-optimal regions.
Decision variables: 22
Objectives: 3
Encoding: real
Algorithm: NSGAII
Backend: numpy
Population size: 80
Offspring population size: 80
Max evaluations: 22000
--------------------------------------------------------------------------------
nsgaii -> Time: 17737.77 ms | Eval/s: 1240.3
Objective 1 spread: 0.907899
Results stored in: /home/nico/Documents/GitHub/VAMOS/results/archive_family_pilot_core/NSGAII_archive_family_DTLZ/raw_runs/NSGAII_archive_family_DTLZ/nsgaii_archive_passive/DTLZ7/nsgaii/numpy/seed_8
[Study] (170/270) nsgaii | numpy | dtlz7 | seed=9
================================================================================
VAMOS Experiment Runner
================================================================================
Problem: DTLZ7
Description: DTLZ7 with disconnected Pareto-optimal regions.
Decision variables: 22
Objectives: 3
Encoding: real
Algorithm: NSGAII
Backend: numpy
Population size: 80
Offspring population size: 80
Max evaluations: 22000
--------------------------------------------------------------------------------
nsgaii -> Time: 17289.17 ms | Eval/s: 1272.5
Objective 1 spread: 0.909911
Results stored in: /home/nico/Documents/GitHub/VAMOS/results/archive_family_pilot_core/NSGAII_archive_family_DTLZ/raw_runs/NSGAII_archive_family_DTLZ/nsgaii_archive_passive/DTLZ7/nsgaii/numpy/seed_9
[Study] (171/270) nsgaii | numpy | dtlz7 | seed=0
================================================================================
VAMOS Experiment Runner
================================================================================
Problem: DTLZ7
Description: DTLZ7 with disconnected Pareto-optimal regions.
Decision variables: 22
Objectives: 3
Encoding: real
Algorithm: NSGAII
Backend: numpy
Population size: 80
Offspring population size: 80
Max evaluations: 22000
--------------------------------------------------------------------------------
nsgaii -> Time: 18268.26 ms | Eval/s: 1204.3
Objective 1 spread: 0.956988
Results stored in: /home/nico/Documents/GitHub/VAMOS/results/archive_family_pilot_core/NSGAII_archive_family_DTLZ/raw_runs/NSGAII_archive_family_DTLZ/nsgaii_archive_hybrid/DTLZ7/nsgaii/numpy/seed_0
[Study] (172/270) nsgaii | numpy | dtlz7 | seed=1
================================================================================
VAMOS Experiment Runner
================================================================================
Problem: DTLZ7
Description: DTLZ7 with disconnected Pareto-optimal regions.
Decision variables: 22
Objectives: 3
Encoding: real
Algorithm: NSGAII
Backend: numpy
Population size: 80
Offspring population size: 80
Max evaluations: 22000
--------------------------------------------------------------------------------
nsgaii -> Time: 18540.45 ms | Eval/s: 1186.6
Objective 1 spread: 0.904310
Results stored in: /home/nico/Documents/GitHub/VAMOS/results/archive_family_pilot_core/NSGAII_archive_family_DTLZ/raw_runs/NSGAII_archive_family_DTLZ/nsgaii_archive_hybrid/DTLZ7/nsgaii/numpy/seed_1
[Study] (173/270) nsgaii | numpy | dtlz7 | seed=2
================================================================================
VAMOS Experiment Runner
================================================================================
Problem: DTLZ7
Description: DTLZ7 with disconnected Pareto-optimal regions.
Decision variables: 22
Objectives: 3
Encoding: real
Algorithm: NSGAII
Backend: numpy
Population size: 80
Offspring population size: 80
Max evaluations: 22000
--------------------------------------------------------------------------------
nsgaii -> Time: 18218.39 ms | Eval/s: 1207.6
Objective 1 spread: 0.915019
Results stored in: /home/nico/Documents/GitHub/VAMOS/results/archive_family_pilot_core/NSGAII_archive_family_DTLZ/raw_runs/NSGAII_archive_family_DTLZ/nsgaii_archive_hybrid/DTLZ7/nsgaii/numpy/seed_2
[Study] (174/270) nsgaii | numpy | dtlz7 | seed=3
================================================================================
VAMOS Experiment Runner
================================================================================
Problem: DTLZ7
Description: DTLZ7 with disconnected Pareto-optimal regions.
Decision variables: 22
Objectives: 3
Encoding: real
Algorithm: NSGAII
Backend: numpy
Population size: 80
Offspring population size: 80
Max evaluations: 22000
--------------------------------------------------------------------------------
nsgaii -> Time: 18104.23 ms | Eval/s: 1215.2
Objective 1 spread: 0.929017
Results stored in: /home/nico/Documents/GitHub/VAMOS/results/archive_family_pilot_core/NSGAII_archive_family_DTLZ/raw_runs/NSGAII_archive_family_DTLZ/nsgaii_archive_hybrid/DTLZ7/nsgaii/numpy/seed_3
[Study] (175/270) nsgaii | numpy | dtlz7 | seed=4
================================================================================
VAMOS Experiment Runner
================================================================================
Problem: DTLZ7
Description: DTLZ7 with disconnected Pareto-optimal regions.
Decision variables: 22
Objectives: 3
Encoding: real
Algorithm: NSGAII
Backend: numpy
Population size: 80
Offspring population size: 80
Max evaluations: 22000
--------------------------------------------------------------------------------
nsgaii -> Time: 18576.01 ms | Eval/s: 1184.3
Objective 1 spread: 0.930420
Results stored in: /home/nico/Documents/GitHub/VAMOS/results/archive_family_pilot_core/NSGAII_archive_family_DTLZ/raw_runs/NSGAII_archive_family_DTLZ/nsgaii_archive_hybrid/DTLZ7/nsgaii/numpy/seed_4
[Study] (176/270) nsgaii | numpy | dtlz7 | seed=5
================================================================================
VAMOS Experiment Runner
================================================================================
Problem: DTLZ7
Description: DTLZ7 with disconnected Pareto-optimal regions.
Decision variables: 22
Objectives: 3
Encoding: real
Algorithm: NSGAII
Backend: numpy
Population size: 80
Offspring population size: 80
Max evaluations: 22000
--------------------------------------------------------------------------------
nsgaii -> Time: 18354.76 ms | Eval/s: 1198.6
Objective 1 spread: 0.919122
Results stored in: /home/nico/Documents/GitHub/VAMOS/results/archive_family_pilot_core/NSGAII_archive_family_DTLZ/raw_runs/NSGAII_archive_family_DTLZ/nsgaii_archive_hybrid/DTLZ7/nsgaii/numpy/seed_5
[Study] (177/270) nsgaii | numpy | dtlz7 | seed=6
================================================================================
VAMOS Experiment Runner
================================================================================
Problem: DTLZ7
Description: DTLZ7 with disconnected Pareto-optimal regions.
Decision variables: 22
Objectives: 3
Encoding: real
Algorithm: NSGAII
Backend: numpy
Population size: 80
Offspring population size: 80
Max evaluations: 22000
--------------------------------------------------------------------------------
nsgaii -> Time: 18059.29 ms | Eval/s: 1218.2
Objective 1 spread: 0.909266
Results stored in: /home/nico/Documents/GitHub/VAMOS/results/archive_family_pilot_core/NSGAII_archive_family_DTLZ/raw_runs/NSGAII_archive_family_DTLZ/nsgaii_archive_hybrid/DTLZ7/nsgaii/numpy/seed_6
[Study] (178/270) nsgaii | numpy | dtlz7 | seed=7
================================================================================
VAMOS Experiment Runner
================================================================================
Problem: DTLZ7
Description: DTLZ7 with disconnected Pareto-optimal regions.
Decision variables: 22
Objectives: 3
Encoding: real
Algorithm: NSGAII
Backend: numpy
Population size: 80
Offspring population size: 80
Max evaluations: 22000
--------------------------------------------------------------------------------
nsgaii -> Time: 18563.66 ms | Eval/s: 1185.1
Objective 1 spread: 0.932835
Results stored in: /home/nico/Documents/GitHub/VAMOS/results/archive_family_pilot_core/NSGAII_archive_family_DTLZ/raw_runs/NSGAII_archive_family_DTLZ/nsgaii_archive_hybrid/DTLZ7/nsgaii/numpy/seed_7
[Study] (179/270) nsgaii | numpy | dtlz7 | seed=8
================================================================================
VAMOS Experiment Runner
================================================================================
Problem: DTLZ7
Description: DTLZ7 with disconnected Pareto-optimal regions.
Decision variables: 22
Objectives: 3
Encoding: real
Algorithm: NSGAII
Backend: numpy
Population size: 80
Offspring population size: 80
Max evaluations: 22000
--------------------------------------------------------------------------------
nsgaii -> Time: 18413.67 ms | Eval/s: 1194.8
Objective 1 spread: 0.910879
Results stored in: /home/nico/Documents/GitHub/VAMOS/results/archive_family_pilot_core/NSGAII_archive_family_DTLZ/raw_runs/NSGAII_archive_family_DTLZ/nsgaii_archive_hybrid/DTLZ7/nsgaii/numpy/seed_8
[Study] (180/270) nsgaii | numpy | dtlz7 | seed=9
================================================================================
VAMOS Experiment Runner
================================================================================
Problem: DTLZ7
Description: DTLZ7 with disconnected Pareto-optimal regions.
Decision variables: 22
Objectives: 3
Encoding: real
Algorithm: NSGAII
Backend: numpy
Population size: 80
Offspring population size: 80
Max evaluations: 22000
--------------------------------------------------------------------------------
nsgaii -> Time: 18735.31 ms | Eval/s: 1174.3
Objective 1 spread: 0.901753
Results stored in: /home/nico/Documents/GitHub/VAMOS/results/archive_family_pilot_core/NSGAII_archive_family_DTLZ/raw_runs/NSGAII_archive_family_DTLZ/nsgaii_archive_hybrid/DTLZ7/nsgaii/numpy/seed_9
[Study] (181/270) nsgaii | numpy | dtlz1 | seed=0
================================================================================
VAMOS Experiment Runner
================================================================================
Problem: DTLZ1
Description: DTLZ1 with configurable objectives (defaults to 3).
Decision variables: 9
Objectives: 5
Encoding: real
Algorithm: NSGAII
Backend: numpy
Population size: 80
Offspring population size: 80
Max evaluations: 30000
--------------------------------------------------------------------------------
nsgaii -> Time: 23448.92 ms | Eval/s: 1279.4
Objective 1 spread: 447.285415
Results stored in: /home/nico/Documents/GitHub/VAMOS/results/archive_family_pilot_core/NSGAII_archive_family_DTLZ/raw_runs/NSGAII_archive_family_DTLZ/nsgaii_archive_off/DTLZ1/nsgaii/numpy/seed_0
[Study] (182/270) nsgaii | numpy | dtlz1 | seed=1
================================================================================
VAMOS Experiment Runner
================================================================================
Problem: DTLZ1
Description: DTLZ1 with configurable objectives (defaults to 3).
Decision variables: 9
Objectives: 5
Encoding: real
Algorithm: NSGAII
Backend: numpy
Population size: 80
Offspring population size: 80
Max evaluations: 30000
--------------------------------------------------------------------------------
nsgaii -> Time: 23424.83 ms | Eval/s: 1280.7
Objective 1 spread: 439.364849
Results stored in: /home/nico/Documents/GitHub/VAMOS/results/archive_family_pilot_core/NSGAII_archive_family_DTLZ/raw_runs/NSGAII_archive_family_DTLZ/nsgaii_archive_off/DTLZ1/nsgaii/numpy/seed_1
[Study] (183/270) nsgaii | numpy | dtlz1 | seed=2
================================================================================
VAMOS Experiment Runner
================================================================================
Problem: DTLZ1
Description: DTLZ1 with configurable objectives (defaults to 3).
Decision variables: 9
Objectives: 5
Encoding: real
Algorithm: NSGAII
Backend: numpy
Population size: 80
Offspring population size: 80
Max evaluations: 30000
--------------------------------------------------------------------------------
nsgaii -> Time: 23256.98 ms | Eval/s: 1289.9
Objective 1 spread: 421.611565
Results stored in: /home/nico/Documents/GitHub/VAMOS/results/archive_family_pilot_core/NSGAII_archive_family_DTLZ/raw_runs/NSGAII_archive_family_DTLZ/nsgaii_archive_off/DTLZ1/nsgaii/numpy/seed_2
[Study] (184/270) nsgaii | numpy | dtlz1 | seed=3
================================================================================
VAMOS Experiment Runner
================================================================================
Problem: DTLZ1
Description: DTLZ1 with configurable objectives (defaults to 3).
Decision variables: 9
Objectives: 5
Encoding: real
Algorithm: NSGAII
Backend: numpy
Population size: 80
Offspring population size: 80
Max evaluations: 30000
--------------------------------------------------------------------------------
nsgaii -> Time: 23508.02 ms | Eval/s: 1276.2
Objective 1 spread: 463.348413
Results stored in: /home/nico/Documents/GitHub/VAMOS/results/archive_family_pilot_core/NSGAII_archive_family_DTLZ/raw_runs/NSGAII_archive_family_DTLZ/nsgaii_archive_off/DTLZ1/nsgaii/numpy/seed_3
[Study] (185/270) nsgaii | numpy | dtlz1 | seed=4
================================================================================
VAMOS Experiment Runner
================================================================================
Problem: DTLZ1
Description: DTLZ1 with configurable objectives (defaults to 3).
Decision variables: 9
Objectives: 5
Encoding: real
Algorithm: NSGAII
Backend: numpy
Population size: 80
Offspring population size: 80
Max evaluations: 30000
--------------------------------------------------------------------------------
nsgaii -> Time: 23328.14 ms | Eval/s: 1286.0
Objective 1 spread: 403.439880
Results stored in: /home/nico/Documents/GitHub/VAMOS/results/archive_family_pilot_core/NSGAII_archive_family_DTLZ/raw_runs/NSGAII_archive_family_DTLZ/nsgaii_archive_off/DTLZ1/nsgaii/numpy/seed_4
[Study] (186/270) nsgaii | numpy | dtlz1 | seed=5
================================================================================
VAMOS Experiment Runner
================================================================================
Problem: DTLZ1
Description: DTLZ1 with configurable objectives (defaults to 3).
Decision variables: 9
Objectives: 5
Encoding: real
Algorithm: NSGAII
Backend: numpy
Population size: 80
Offspring population size: 80
Max evaluations: 30000
--------------------------------------------------------------------------------
nsgaii -> Time: 23476.97 ms | Eval/s: 1277.8
Objective 1 spread: 406.863852
Results stored in: /home/nico/Documents/GitHub/VAMOS/results/archive_family_pilot_core/NSGAII_archive_family_DTLZ/raw_runs/NSGAII_archive_family_DTLZ/nsgaii_archive_off/DTLZ1/nsgaii/numpy/seed_5
[Study] (187/270) nsgaii | numpy | dtlz1 | seed=6
================================================================================
VAMOS Experiment Runner
================================================================================
Problem: DTLZ1
Description: DTLZ1 with configurable objectives (defaults to 3).
Decision variables: 9
Objectives: 5
Encoding: real
Algorithm: NSGAII
Backend: numpy
Population size: 80
Offspring population size: 80
Max evaluations: 30000
--------------------------------------------------------------------------------
nsgaii -> Time: 23720.66 ms | Eval/s: 1264.7
Objective 1 spread: 312.348630
Results stored in: /home/nico/Documents/GitHub/VAMOS/results/archive_family_pilot_core/NSGAII_archive_family_DTLZ/raw_runs/NSGAII_archive_family_DTLZ/nsgaii_archive_off/DTLZ1/nsgaii/numpy/seed_6
[Study] (188/270) nsgaii | numpy | dtlz1 | seed=7
================================================================================
VAMOS Experiment Runner
================================================================================
Problem: DTLZ1
Description: DTLZ1 with configurable objectives (defaults to 3).
Decision variables: 9
Objectives: 5
Encoding: real
Algorithm: NSGAII
Backend: numpy
Population size: 80
Offspring population size: 80
Max evaluations: 30000
--------------------------------------------------------------------------------
nsgaii -> Time: 23356.06 ms | Eval/s: 1284.5
Objective 1 spread: 386.486794
Results stored in: /home/nico/Documents/GitHub/VAMOS/results/archive_family_pilot_core/NSGAII_archive_family_DTLZ/raw_runs/NSGAII_archive_family_DTLZ/nsgaii_archive_off/DTLZ1/nsgaii/numpy/seed_7
[Study] (189/270) nsgaii | numpy | dtlz1 | seed=8
================================================================================
VAMOS Experiment Runner
================================================================================
Problem: DTLZ1
Description: DTLZ1 with configurable objectives (defaults to 3).
Decision variables: 9
Objectives: 5
Encoding: real
Algorithm: NSGAII
Backend: numpy
Population size: 80
Offspring population size: 80
Max evaluations: 30000
--------------------------------------------------------------------------------
nsgaii -> Time: 23357.07 ms | Eval/s: 1284.4
Objective 1 spread: 437.752012
Results stored in: /home/nico/Documents/GitHub/VAMOS/results/archive_family_pilot_core/NSGAII_archive_family_DTLZ/raw_runs/NSGAII_archive_family_DTLZ/nsgaii_archive_off/DTLZ1/nsgaii/numpy/seed_8
[Study] (190/270) nsgaii | numpy | dtlz1 | seed=9
================================================================================
VAMOS Experiment Runner
================================================================================
Problem: DTLZ1
Description: DTLZ1 with configurable objectives (defaults to 3).
Decision variables: 9
Objectives: 5
Encoding: real
Algorithm: NSGAII
Backend: numpy
Population size: 80
Offspring population size: 80
Max evaluations: 30000
--------------------------------------------------------------------------------
nsgaii -> Time: 23208.16 ms | Eval/s: 1292.6
Objective 1 spread: 431.300459
Results stored in: /home/nico/Documents/GitHub/VAMOS/results/archive_family_pilot_core/NSGAII_archive_family_DTLZ/raw_runs/NSGAII_archive_family_DTLZ/nsgaii_archive_off/DTLZ1/nsgaii/numpy/seed_9
[Study] (191/270) nsgaii | numpy | dtlz1 | seed=0
================================================================================
VAMOS Experiment Runner
================================================================================
Problem: DTLZ1
Description: DTLZ1 with configurable objectives (defaults to 3).
Decision variables: 9
Objectives: 5
Encoding: real
Algorithm: NSGAII
Backend: numpy
Population size: 80
Offspring population size: 80
Max evaluations: 30000
--------------------------------------------------------------------------------
nsgaii -> Time: 28629.49 ms | Eval/s: 1047.9
Objective 1 spread: 447.285415
Results stored in: /home/nico/Documents/GitHub/VAMOS/results/archive_family_pilot_core/NSGAII_archive_family_DTLZ/raw_runs/NSGAII_archive_family_DTLZ/nsgaii_archive_passive/DTLZ1/nsgaii/numpy/seed_0
[Study] (192/270) nsgaii | numpy | dtlz1 | seed=1
================================================================================
VAMOS Experiment Runner
================================================================================
Problem: DTLZ1
Description: DTLZ1 with configurable objectives (defaults to 3).
Decision variables: 9
Objectives: 5
Encoding: real
Algorithm: NSGAII
Backend: numpy
Population size: 80
Offspring population size: 80
Max evaluations: 30000
--------------------------------------------------------------------------------
nsgaii -> Time: 26895.68 ms | Eval/s: 1115.4
Objective 1 spread: 439.364849
Results stored in: /home/nico/Documents/GitHub/VAMOS/results/archive_family_pilot_core/NSGAII_archive_family_DTLZ/raw_runs/NSGAII_archive_family_DTLZ/nsgaii_archive_passive/DTLZ1/nsgaii/numpy/seed_1
[Study] (193/270) nsgaii | numpy | dtlz1 | seed=2
================================================================================
VAMOS Experiment Runner
================================================================================
Problem: DTLZ1
Description: DTLZ1 with configurable objectives (defaults to 3).
Decision variables: 9
Objectives: 5
Encoding: real
Algorithm: NSGAII
Backend: numpy
Population size: 80
Offspring population size: 80
Max evaluations: 30000
--------------------------------------------------------------------------------
nsgaii -> Time: 27367.57 ms | Eval/s: 1096.2
Objective 1 spread: 421.611565
Results stored in: /home/nico/Documents/GitHub/VAMOS/results/archive_family_pilot_core/NSGAII_archive_family_DTLZ/raw_runs/NSGAII_archive_family_DTLZ/nsgaii_archive_passive/DTLZ1/nsgaii/numpy/seed_2
[Study] (194/270) nsgaii | numpy | dtlz1 | seed=3
================================================================================
VAMOS Experiment Runner
================================================================================
Problem: DTLZ1
Description: DTLZ1 with configurable objectives (defaults to 3).
Decision variables: 9
Objectives: 5
Encoding: real
Algorithm: NSGAII
Backend: numpy
Population size: 80
Offspring population size: 80
Max evaluations: 30000
--------------------------------------------------------------------------------
nsgaii -> Time: 28510.76 ms | Eval/s: 1052.2
Objective 1 spread: 463.348413
Results stored in: /home/nico/Documents/GitHub/VAMOS/results/archive_family_pilot_core/NSGAII_archive_family_DTLZ/raw_runs/NSGAII_archive_family_DTLZ/nsgaii_archive_passive/DTLZ1/nsgaii/numpy/seed_3
[Study] (195/270) nsgaii | numpy | dtlz1 | seed=4
================================================================================
VAMOS Experiment Runner
================================================================================
Problem: DTLZ1
Description: DTLZ1 with configurable objectives (defaults to 3).
Decision variables: 9
Objectives: 5
Encoding: real
Algorithm: NSGAII
Backend: numpy
Population size: 80
Offspring population size: 80
Max evaluations: 30000
--------------------------------------------------------------------------------
nsgaii -> Time: 26070.47 ms | Eval/s: 1150.7
Objective 1 spread: 403.439880
Results stored in: /home/nico/Documents/GitHub/VAMOS/results/archive_family_pilot_core/NSGAII_archive_family_DTLZ/raw_runs/NSGAII_archive_family_DTLZ/nsgaii_archive_passive/DTLZ1/nsgaii/numpy/seed_4
[Study] (196/270) nsgaii | numpy | dtlz1 | seed=5
================================================================================
VAMOS Experiment Runner
================================================================================
Problem: DTLZ1
Description: DTLZ1 with configurable objectives (defaults to 3).
Decision variables: 9
Objectives: 5
Encoding: real
Algorithm: NSGAII
Backend: numpy
Population size: 80
Offspring population size: 80
Max evaluations: 30000
--------------------------------------------------------------------------------
nsgaii -> Time: 26863.82 ms | Eval/s: 1116.7
Objective 1 spread: 406.863852
Results stored in: /home/nico/Documents/GitHub/VAMOS/results/archive_family_pilot_core/NSGAII_archive_family_DTLZ/raw_runs/NSGAII_archive_family_DTLZ/nsgaii_archive_passive/DTLZ1/nsgaii/numpy/seed_5
[Study] (197/270) nsgaii | numpy | dtlz1 | seed=6
================================================================================
VAMOS Experiment Runner
================================================================================
Problem: DTLZ1
Description: DTLZ1 with configurable objectives (defaults to 3).
Decision variables: 9
Objectives: 5
Encoding: real
Algorithm: NSGAII
Backend: numpy
Population size: 80
Offspring population size: 80
Max evaluations: 30000
--------------------------------------------------------------------------------
nsgaii -> Time: 26560.65 ms | Eval/s: 1129.5
Objective 1 spread: 312.348630
Results stored in: /home/nico/Documents/GitHub/VAMOS/results/archive_family_pilot_core/NSGAII_archive_family_DTLZ/raw_runs/NSGAII_archive_family_DTLZ/nsgaii_archive_passive/DTLZ1/nsgaii/numpy/seed_6
[Study] (198/270) nsgaii | numpy | dtlz1 | seed=7
================================================================================
VAMOS Experiment Runner
================================================================================
Problem: DTLZ1
Description: DTLZ1 with configurable objectives (defaults to 3).
Decision variables: 9
Objectives: 5
Encoding: real
Algorithm: NSGAII
Backend: numpy
Population size: 80
Offspring population size: 80
Max evaluations: 30000
--------------------------------------------------------------------------------
nsgaii -> Time: 29401.61 ms | Eval/s: 1020.4
Objective 1 spread: 386.486794
Results stored in: /home/nico/Documents/GitHub/VAMOS/results/archive_family_pilot_core/NSGAII_archive_family_DTLZ/raw_runs/NSGAII_archive_family_DTLZ/nsgaii_archive_passive/DTLZ1/nsgaii/numpy/seed_7
[Study] (199/270) nsgaii | numpy | dtlz1 | seed=8
================================================================================
VAMOS Experiment Runner
================================================================================
Problem: DTLZ1
Description: DTLZ1 with configurable objectives (defaults to 3).
Decision variables: 9
Objectives: 5
Encoding: real
Algorithm: NSGAII
Backend: numpy
Population size: 80
Offspring population size: 80
Max evaluations: 30000
--------------------------------------------------------------------------------
nsgaii -> Time: 29605.49 ms | Eval/s: 1013.3
Objective 1 spread: 437.752012
Results stored in: /home/nico/Documents/GitHub/VAMOS/results/archive_family_pilot_core/NSGAII_archive_family_DTLZ/raw_runs/NSGAII_archive_family_DTLZ/nsgaii_archive_passive/DTLZ1/nsgaii/numpy/seed_8
[Study] (200/270) nsgaii | numpy | dtlz1 | seed=9
================================================================================
VAMOS Experiment Runner
================================================================================
Problem: DTLZ1
Description: DTLZ1 with configurable objectives (defaults to 3).
Decision variables: 9
Objectives: 5
Encoding: real
Algorithm: NSGAII
Backend: numpy
Population size: 80
Offspring population size: 80
Max evaluations: 30000
--------------------------------------------------------------------------------
nsgaii -> Time: 25437.75 ms | Eval/s: 1179.3
Objective 1 spread: 431.300459
Results stored in: /home/nico/Documents/GitHub/VAMOS/results/archive_family_pilot_core/NSGAII_archive_family_DTLZ/raw_runs/NSGAII_archive_family_DTLZ/nsgaii_archive_passive/DTLZ1/nsgaii/numpy/seed_9
[Study] (201/270) nsgaii | numpy | dtlz1 | seed=0
================================================================================
VAMOS Experiment Runner
================================================================================
Problem: DTLZ1
Description: DTLZ1 with configurable objectives (defaults to 3).
Decision variables: 9
Objectives: 5
Encoding: real
Algorithm: NSGAII
Backend: numpy
Population size: 80
Offspring population size: 80
Max evaluations: 30000
--------------------------------------------------------------------------------
nsgaii -> Time: 28362.01 ms | Eval/s: 1057.8
Objective 1 spread: 340.143943
Results stored in: /home/nico/Documents/GitHub/VAMOS/results/archive_family_pilot_core/NSGAII_archive_family_DTLZ/raw_runs/NSGAII_archive_family_DTLZ/nsgaii_archive_hybrid/DTLZ1/nsgaii/numpy/seed_0
[Study] (202/270) nsgaii | numpy | dtlz1 | seed=1
================================================================================
VAMOS Experiment Runner
================================================================================
Problem: DTLZ1
Description: DTLZ1 with configurable objectives (defaults to 3).
Decision variables: 9
Objectives: 5
Encoding: real
Algorithm: NSGAII
Backend: numpy
Population size: 80
Offspring population size: 80
Max evaluations: 30000
--------------------------------------------------------------------------------
nsgaii -> Time: 27575.44 ms | Eval/s: 1087.9
Objective 1 spread: 335.229523
Results stored in: /home/nico/Documents/GitHub/VAMOS/results/archive_family_pilot_core/NSGAII_archive_family_DTLZ/raw_runs/NSGAII_archive_family_DTLZ/nsgaii_archive_hybrid/DTLZ1/nsgaii/numpy/seed_1
[Study] (203/270) nsgaii | numpy | dtlz1 | seed=2
================================================================================
VAMOS Experiment Runner
================================================================================
Problem: DTLZ1
Description: DTLZ1 with configurable objectives (defaults to 3).
Decision variables: 9
Objectives: 5
Encoding: real
Algorithm: NSGAII
Backend: numpy
Population size: 80
Offspring population size: 80
Max evaluations: 30000
--------------------------------------------------------------------------------
nsgaii -> Time: 26671.48 ms | Eval/s: 1124.8
Objective 1 spread: 492.851501
Results stored in: /home/nico/Documents/GitHub/VAMOS/results/archive_family_pilot_core/NSGAII_archive_family_DTLZ/raw_runs/NSGAII_archive_family_DTLZ/nsgaii_archive_hybrid/DTLZ1/nsgaii/numpy/seed_2
[Study] (204/270) nsgaii | numpy | dtlz1 | seed=3
================================================================================
VAMOS Experiment Runner
================================================================================
Problem: DTLZ1
Description: DTLZ1 with configurable objectives (defaults to 3).
Decision variables: 9
Objectives: 5
Encoding: real
Algorithm: NSGAII
Backend: numpy
Population size: 80
Offspring population size: 80
Max evaluations: 30000
--------------------------------------------------------------------------------
nsgaii -> Time: 27844.71 ms | Eval/s: 1077.4
Objective 1 spread: 479.852504
Results stored in: /home/nico/Documents/GitHub/VAMOS/results/archive_family_pilot_core/NSGAII_archive_family_DTLZ/raw_runs/NSGAII_archive_family_DTLZ/nsgaii_archive_hybrid/DTLZ1/nsgaii/numpy/seed_3
[Study] (205/270) nsgaii | numpy | dtlz1 | seed=4
================================================================================
VAMOS Experiment Runner
================================================================================
Problem: DTLZ1
Description: DTLZ1 with configurable objectives (defaults to 3).
Decision variables: 9
Objectives: 5
Encoding: real
Algorithm: NSGAII
Backend: numpy
Population size: 80
Offspring population size: 80
Max evaluations: 30000
--------------------------------------------------------------------------------
nsgaii -> Time: 28185.90 ms | Eval/s: 1064.4
Objective 1 spread: 467.306540
Results stored in: /home/nico/Documents/GitHub/VAMOS/results/archive_family_pilot_core/NSGAII_archive_family_DTLZ/raw_runs/NSGAII_archive_family_DTLZ/nsgaii_archive_hybrid/DTLZ1/nsgaii/numpy/seed_4
[Study] (206/270) nsgaii | numpy | dtlz1 | seed=5
================================================================================
VAMOS Experiment Runner
================================================================================
Problem: DTLZ1
Description: DTLZ1 with configurable objectives (defaults to 3).
Decision variables: 9
Objectives: 5
Encoding: real
Algorithm: NSGAII
Backend: numpy
Population size: 80
Offspring population size: 80
Max evaluations: 30000
--------------------------------------------------------------------------------
nsgaii -> Time: 27310.25 ms | Eval/s: 1098.5
Objective 1 spread: 456.440416
Results stored in: /home/nico/Documents/GitHub/VAMOS/results/archive_family_pilot_core/NSGAII_archive_family_DTLZ/raw_runs/NSGAII_archive_family_DTLZ/nsgaii_archive_hybrid/DTLZ1/nsgaii/numpy/seed_5
[Study] (207/270) nsgaii | numpy | dtlz1 | seed=6
================================================================================
VAMOS Experiment Runner
================================================================================
Problem: DTLZ1
Description: DTLZ1 with configurable objectives (defaults to 3).
Decision variables: 9
Objectives: 5
Encoding: real
Algorithm: NSGAII
Backend: numpy
Population size: 80
Offspring population size: 80
Max evaluations: 30000
--------------------------------------------------------------------------------
nsgaii -> Time: 27657.83 ms | Eval/s: 1084.7
Objective 1 spread: 405.868479
Results stored in: /home/nico/Documents/GitHub/VAMOS/results/archive_family_pilot_core/NSGAII_archive_family_DTLZ/raw_runs/NSGAII_archive_family_DTLZ/nsgaii_archive_hybrid/DTLZ1/nsgaii/numpy/seed_6
[Study] (208/270) nsgaii | numpy | dtlz1 | seed=7
================================================================================
VAMOS Experiment Runner
================================================================================
Problem: DTLZ1
Description: DTLZ1 with configurable objectives (defaults to 3).
Decision variables: 9
Objectives: 5
Encoding: real
Algorithm: NSGAII
Backend: numpy
Population size: 80
Offspring population size: 80
Max evaluations: 30000
--------------------------------------------------------------------------------
nsgaii -> Time: 26950.71 ms | Eval/s: 1113.1
Objective 1 spread: 410.066363
Results stored in: /home/nico/Documents/GitHub/VAMOS/results/archive_family_pilot_core/NSGAII_archive_family_DTLZ/raw_runs/NSGAII_archive_family_DTLZ/nsgaii_archive_hybrid/DTLZ1/nsgaii/numpy/seed_7
[Study] (209/270) nsgaii | numpy | dtlz1 | seed=8
================================================================================
VAMOS Experiment Runner
================================================================================
Problem: DTLZ1
Description: DTLZ1 with configurable objectives (defaults to 3).
Decision variables: 9
Objectives: 5
Encoding: real
Algorithm: NSGAII
Backend: numpy
Population size: 80
Offspring population size: 80
Max evaluations: 30000
--------------------------------------------------------------------------------
nsgaii -> Time: 27392.64 ms | Eval/s: 1095.2
Objective 1 spread: 486.453795
Results stored in: /home/nico/Documents/GitHub/VAMOS/results/archive_family_pilot_core/NSGAII_archive_family_DTLZ/raw_runs/NSGAII_archive_family_DTLZ/nsgaii_archive_hybrid/DTLZ1/nsgaii/numpy/seed_8
[Study] (210/270) nsgaii | numpy | dtlz1 | seed=9
================================================================================
VAMOS Experiment Runner
================================================================================
Problem: DTLZ1
Description: DTLZ1 with configurable objectives (defaults to 3).
Decision variables: 9
Objectives: 5
Encoding: real
Algorithm: NSGAII
Backend: numpy
Population size: 80
Offspring population size: 80
Max evaluations: 30000
--------------------------------------------------------------------------------
nsgaii -> Time: 27426.36 ms | Eval/s: 1093.8
Objective 1 spread: 434.601245
Results stored in: /home/nico/Documents/GitHub/VAMOS/results/archive_family_pilot_core/NSGAII_archive_family_DTLZ/raw_runs/NSGAII_archive_family_DTLZ/nsgaii_archive_hybrid/DTLZ1/nsgaii/numpy/seed_9
[Study] (211/270) nsgaii | numpy | dtlz2 | seed=0
================================================================================
VAMOS Experiment Runner
================================================================================
Problem: DTLZ2
Description: DTLZ2 with configurable objectives (defaults to 3).
Decision variables: 14
Objectives: 5
Encoding: real
Algorithm: NSGAII
Backend: numpy
Population size: 80
Offspring population size: 80
Max evaluations: 26000
--------------------------------------------------------------------------------
nsgaii -> Time: 20545.62 ms | Eval/s: 1265.5
Objective 1 spread: 2.016084
Results stored in: /home/nico/Documents/GitHub/VAMOS/results/archive_family_pilot_core/NSGAII_archive_family_DTLZ/raw_runs/NSGAII_archive_family_DTLZ/nsgaii_archive_off/DTLZ2/nsgaii/numpy/seed_0
[Study] (212/270) nsgaii | numpy | dtlz2 | seed=1
================================================================================
VAMOS Experiment Runner
================================================================================
Problem: DTLZ2
Description: DTLZ2 with configurable objectives (defaults to 3).
Decision variables: 14
Objectives: 5
Encoding: real
Algorithm: NSGAII
Backend: numpy
Population size: 80
Offspring population size: 80
Max evaluations: 26000
--------------------------------------------------------------------------------
nsgaii -> Time: 20480.10 ms | Eval/s: 1269.5
Objective 1 spread: 2.344849
Results stored in: /home/nico/Documents/GitHub/VAMOS/results/archive_family_pilot_core/NSGAII_archive_family_DTLZ/raw_runs/NSGAII_archive_family_DTLZ/nsgaii_archive_off/DTLZ2/nsgaii/numpy/seed_1
[Study] (213/270) nsgaii | numpy | dtlz2 | seed=2
================================================================================
VAMOS Experiment Runner
================================================================================
Problem: DTLZ2
Description: DTLZ2 with configurable objectives (defaults to 3).
Decision variables: 14
Objectives: 5
Encoding: real
Algorithm: NSGAII
Backend: numpy
Population size: 80
Offspring population size: 80
Max evaluations: 26000
--------------------------------------------------------------------------------
nsgaii -> Time: 20299.82 ms | Eval/s: 1280.8
Objective 1 spread: 2.232485
Results stored in: /home/nico/Documents/GitHub/VAMOS/results/archive_family_pilot_core/NSGAII_archive_family_DTLZ/raw_runs/NSGAII_archive_family_DTLZ/nsgaii_archive_off/DTLZ2/nsgaii/numpy/seed_2
[Study] (214/270) nsgaii | numpy | dtlz2 | seed=3
================================================================================
VAMOS Experiment Runner
================================================================================
Problem: DTLZ2
Description: DTLZ2 with configurable objectives (defaults to 3).
Decision variables: 14
Objectives: 5
Encoding: real
Algorithm: NSGAII
Backend: numpy
Population size: 80
Offspring population size: 80
Max evaluations: 26000
--------------------------------------------------------------------------------
nsgaii -> Time: 20395.04 ms | Eval/s: 1274.8
Objective 1 spread: 2.124294
Results stored in: /home/nico/Documents/GitHub/VAMOS/results/archive_family_pilot_core/NSGAII_archive_family_DTLZ/raw_runs/NSGAII_archive_family_DTLZ/nsgaii_archive_off/DTLZ2/nsgaii/numpy/seed_3
[Study] (215/270) nsgaii | numpy | dtlz2 | seed=4
================================================================================
VAMOS Experiment Runner
================================================================================
Problem: DTLZ2
Description: DTLZ2 with configurable objectives (defaults to 3).
Decision variables: 14
Objectives: 5
Encoding: real
Algorithm: NSGAII
Backend: numpy
Population size: 80
Offspring population size: 80
Max evaluations: 26000
--------------------------------------------------------------------------------
nsgaii -> Time: 20598.54 ms | Eval/s: 1262.2
Objective 1 spread: 2.066963
Results stored in: /home/nico/Documents/GitHub/VAMOS/results/archive_family_pilot_core/NSGAII_archive_family_DTLZ/raw_runs/NSGAII_archive_family_DTLZ/nsgaii_archive_off/DTLZ2/nsgaii/numpy/seed_4
[Study] (216/270) nsgaii | numpy | dtlz2 | seed=5
================================================================================
VAMOS Experiment Runner
================================================================================
Problem: DTLZ2
Description: DTLZ2 with configurable objectives (defaults to 3).
Decision variables: 14
Objectives: 5
Encoding: real
Algorithm: NSGAII
Backend: numpy
Population size: 80
Offspring population size: 80
Max evaluations: 26000
--------------------------------------------------------------------------------
nsgaii -> Time: 20494.54 ms | Eval/s: 1268.6
Objective 1 spread: 2.152939
Results stored in: /home/nico/Documents/GitHub/VAMOS/results/archive_family_pilot_core/NSGAII_archive_family_DTLZ/raw_runs/NSGAII_archive_family_DTLZ/nsgaii_archive_off/DTLZ2/nsgaii/numpy/seed_5
[Study] (217/270) nsgaii | numpy | dtlz2 | seed=6
================================================================================
VAMOS Experiment Runner
================================================================================
Problem: DTLZ2
Description: DTLZ2 with configurable objectives (defaults to 3).
Decision variables: 14
Objectives: 5
Encoding: real
Algorithm: NSGAII
Backend: numpy
Population size: 80
Offspring population size: 80
Max evaluations: 26000
--------------------------------------------------------------------------------
nsgaii -> Time: 20801.39 ms | Eval/s: 1249.9
Objective 1 spread: 2.150311
Results stored in: /home/nico/Documents/GitHub/VAMOS/results/archive_family_pilot_core/NSGAII_archive_family_DTLZ/raw_runs/NSGAII_archive_family_DTLZ/nsgaii_archive_off/DTLZ2/nsgaii/numpy/seed_6
[Study] (218/270) nsgaii | numpy | dtlz2 | seed=7
================================================================================
VAMOS Experiment Runner
================================================================================
Problem: DTLZ2
Description: DTLZ2 with configurable objectives (defaults to 3).
Decision variables: 14
Objectives: 5
Encoding: real
Algorithm: NSGAII
Backend: numpy
Population size: 80
Offspring population size: 80
Max evaluations: 26000
--------------------------------------------------------------------------------
nsgaii -> Time: 20614.09 ms | Eval/s: 1261.3
Objective 1 spread: 1.993293
Results stored in: /home/nico/Documents/GitHub/VAMOS/results/archive_family_pilot_core/NSGAII_archive_family_DTLZ/raw_runs/NSGAII_archive_family_DTLZ/nsgaii_archive_off/DTLZ2/nsgaii/numpy/seed_7
[Study] (219/270) nsgaii | numpy | dtlz2 | seed=8
================================================================================
VAMOS Experiment Runner
================================================================================
Problem: DTLZ2
Description: DTLZ2 with configurable objectives (defaults to 3).
Decision variables: 14
Objectives: 5
Encoding: real
Algorithm: NSGAII
Backend: numpy
Population size: 80
Offspring population size: 80
Max evaluations: 26000
--------------------------------------------------------------------------------
nsgaii -> Time: 20714.35 ms | Eval/s: 1255.2
Objective 1 spread: 2.179878
Results stored in: /home/nico/Documents/GitHub/VAMOS/results/archive_family_pilot_core/NSGAII_archive_family_DTLZ/raw_runs/NSGAII_archive_family_DTLZ/nsgaii_archive_off/DTLZ2/nsgaii/numpy/seed_8
[Study] (220/270) nsgaii | numpy | dtlz2 | seed=9
================================================================================
VAMOS Experiment Runner
================================================================================
Problem: DTLZ2
Description: DTLZ2 with configurable objectives (defaults to 3).
Decision variables: 14
Objectives: 5
Encoding: real
Algorithm: NSGAII
Backend: numpy
Population size: 80
Offspring population size: 80
Max evaluations: 26000
--------------------------------------------------------------------------------
nsgaii -> Time: 20721.80 ms | Eval/s: 1254.7
Objective 1 spread: 2.199953
Results stored in: /home/nico/Documents/GitHub/VAMOS/results/archive_family_pilot_core/NSGAII_archive_family_DTLZ/raw_runs/NSGAII_archive_family_DTLZ/nsgaii_archive_off/DTLZ2/nsgaii/numpy/seed_9
[Study] (221/270) nsgaii | numpy | dtlz2 | seed=0
================================================================================
VAMOS Experiment Runner
================================================================================
Problem: DTLZ2
Description: DTLZ2 with configurable objectives (defaults to 3).
Decision variables: 14
Objectives: 5
Encoding: real
Algorithm: NSGAII
Backend: numpy
Population size: 80
Offspring population size: 80
Max evaluations: 26000
--------------------------------------------------------------------------------
nsgaii -> Time: 23964.47 ms | Eval/s: 1084.9
Objective 1 spread: 2.016084
Results stored in: /home/nico/Documents/GitHub/VAMOS/results/archive_family_pilot_core/NSGAII_archive_family_DTLZ/raw_runs/NSGAII_archive_family_DTLZ/nsgaii_archive_passive/DTLZ2/nsgaii/numpy/seed_0
[Study] (222/270) nsgaii | numpy | dtlz2 | seed=1
================================================================================
VAMOS Experiment Runner
================================================================================
Problem: DTLZ2
Description: DTLZ2 with configurable objectives (defaults to 3).
Decision variables: 14
Objectives: 5
Encoding: real
Algorithm: NSGAII
Backend: numpy
Population size: 80
Offspring population size: 80
Max evaluations: 26000
--------------------------------------------------------------------------------
nsgaii -> Time: 24130.20 ms | Eval/s: 1077.5
Objective 1 spread: 2.344849
Results stored in: /home/nico/Documents/GitHub/VAMOS/results/archive_family_pilot_core/NSGAII_archive_family_DTLZ/raw_runs/NSGAII_archive_family_DTLZ/nsgaii_archive_passive/DTLZ2/nsgaii/numpy/seed_1
[Study] (223/270) nsgaii | numpy | dtlz2 | seed=2
================================================================================
VAMOS Experiment Runner
================================================================================
Problem: DTLZ2
Description: DTLZ2 with configurable objectives (defaults to 3).
Decision variables: 14
Objectives: 5
Encoding: real
Algorithm: NSGAII
Backend: numpy
Population size: 80
Offspring population size: 80
Max evaluations: 26000
--------------------------------------------------------------------------------
nsgaii -> Time: 27163.12 ms | Eval/s: 957.2
Objective 1 spread: 2.232485
Results stored in: /home/nico/Documents/GitHub/VAMOS/results/archive_family_pilot_core/NSGAII_archive_family_DTLZ/raw_runs/NSGAII_archive_family_DTLZ/nsgaii_archive_passive/DTLZ2/nsgaii/numpy/seed_2
[Study] (224/270) nsgaii | numpy | dtlz2 | seed=3
================================================================================
VAMOS Experiment Runner
================================================================================
Problem: DTLZ2
Description: DTLZ2 with configurable objectives (defaults to 3).
Decision variables: 14
Objectives: 5
Encoding: real
Algorithm: NSGAII
Backend: numpy
Population size: 80
Offspring population size: 80
Max evaluations: 26000
--------------------------------------------------------------------------------
nsgaii -> Time: 25783.26 ms | Eval/s: 1008.4
Objective 1 spread: 2.124294
Results stored in: /home/nico/Documents/GitHub/VAMOS/results/archive_family_pilot_core/NSGAII_archive_family_DTLZ/raw_runs/NSGAII_archive_family_DTLZ/nsgaii_archive_passive/DTLZ2/nsgaii/numpy/seed_3
[Study] (225/270) nsgaii | numpy | dtlz2 | seed=4
================================================================================
VAMOS Experiment Runner
================================================================================
Problem: DTLZ2
Description: DTLZ2 with configurable objectives (defaults to 3).
Decision variables: 14
Objectives: 5
Encoding: real
Algorithm: NSGAII
Backend: numpy
Population size: 80
Offspring population size: 80
Max evaluations: 26000
--------------------------------------------------------------------------------
nsgaii -> Time: 25071.44 ms | Eval/s: 1037.0
Objective 1 spread: 2.066963
Results stored in: /home/nico/Documents/GitHub/VAMOS/results/archive_family_pilot_core/NSGAII_archive_family_DTLZ/raw_runs/NSGAII_archive_family_DTLZ/nsgaii_archive_passive/DTLZ2/nsgaii/numpy/seed_4
[Study] (226/270) nsgaii | numpy | dtlz2 | seed=5
================================================================================
VAMOS Experiment Runner
================================================================================
Problem: DTLZ2
Description: DTLZ2 with configurable objectives (defaults to 3).
Decision variables: 14
Objectives: 5
Encoding: real
Algorithm: NSGAII
Backend: numpy
Population size: 80
Offspring population size: 80
Max evaluations: 26000
--------------------------------------------------------------------------------
nsgaii -> Time: 25536.42 ms | Eval/s: 1018.2
Objective 1 spread: 2.152939
Results stored in: /home/nico/Documents/GitHub/VAMOS/results/archive_family_pilot_core/NSGAII_archive_family_DTLZ/raw_runs/NSGAII_archive_family_DTLZ/nsgaii_archive_passive/DTLZ2/nsgaii/numpy/seed_5
[Study] (227/270) nsgaii | numpy | dtlz2 | seed=6
================================================================================
VAMOS Experiment Runner
================================================================================
Problem: DTLZ2
Description: DTLZ2 with configurable objectives (defaults to 3).
Decision variables: 14
Objectives: 5
Encoding: real
Algorithm: NSGAII
Backend: numpy
Population size: 80
Offspring population size: 80
Max evaluations: 26000
--------------------------------------------------------------------------------
nsgaii -> Time: 26648.44 ms | Eval/s: 975.7
Objective 1 spread: 2.150311
Results stored in: /home/nico/Documents/GitHub/VAMOS/results/archive_family_pilot_core/NSGAII_archive_family_DTLZ/raw_runs/NSGAII_archive_family_DTLZ/nsgaii_archive_passive/DTLZ2/nsgaii/numpy/seed_6
[Study] (228/270) nsgaii | numpy | dtlz2 | seed=7
================================================================================
VAMOS Experiment Runner
================================================================================
Problem: DTLZ2
Description: DTLZ2 with configurable objectives (defaults to 3).
Decision variables: 14
Objectives: 5
Encoding: real
Algorithm: NSGAII
Backend: numpy
Population size: 80
Offspring population size: 80
Max evaluations: 26000
--------------------------------------------------------------------------------
nsgaii -> Time: 26467.34 ms | Eval/s: 982.3
Objective 1 spread: 1.993293
Results stored in: /home/nico/Documents/GitHub/VAMOS/results/archive_family_pilot_core/NSGAII_archive_family_DTLZ/raw_runs/NSGAII_archive_family_DTLZ/nsgaii_archive_passive/DTLZ2/nsgaii/numpy/seed_7
[Study] (229/270) nsgaii | numpy | dtlz2 | seed=8
================================================================================
VAMOS Experiment Runner
================================================================================
Problem: DTLZ2
Description: DTLZ2 with configurable objectives (defaults to 3).
Decision variables: 14
Objectives: 5
Encoding: real
Algorithm: NSGAII
Backend: numpy
Population size: 80
Offspring population size: 80
Max evaluations: 26000
--------------------------------------------------------------------------------
nsgaii -> Time: 26018.97 ms | Eval/s: 999.3
Objective 1 spread: 2.179878
Results stored in: /home/nico/Documents/GitHub/VAMOS/results/archive_family_pilot_core/NSGAII_archive_family_DTLZ/raw_runs/NSGAII_archive_family_DTLZ/nsgaii_archive_passive/DTLZ2/nsgaii/numpy/seed_8
[Study] (230/270) nsgaii | numpy | dtlz2 | seed=9
================================================================================
VAMOS Experiment Runner
================================================================================
Problem: DTLZ2
Description: DTLZ2 with configurable objectives (defaults to 3).
Decision variables: 14
Objectives: 5
Encoding: real
Algorithm: NSGAII
Backend: numpy
Population size: 80
Offspring population size: 80
Max evaluations: 26000
--------------------------------------------------------------------------------
nsgaii -> Time: 25217.38 ms | Eval/s: 1031.0
Objective 1 spread: 2.199953
Results stored in: /home/nico/Documents/GitHub/VAMOS/results/archive_family_pilot_core/NSGAII_archive_family_DTLZ/raw_runs/NSGAII_archive_family_DTLZ/nsgaii_archive_passive/DTLZ2/nsgaii/numpy/seed_9
[Study] (231/270) nsgaii | numpy | dtlz2 | seed=0
================================================================================
VAMOS Experiment Runner
================================================================================
Problem: DTLZ2
Description: DTLZ2 with configurable objectives (defaults to 3).
Decision variables: 14
Objectives: 5
Encoding: real
Algorithm: NSGAII
Backend: numpy
Population size: 80
Offspring population size: 80
Max evaluations: 26000
--------------------------------------------------------------------------------
nsgaii -> Time: 26451.73 ms | Eval/s: 982.9
Objective 1 spread: 3.442895
Results stored in: /home/nico/Documents/GitHub/VAMOS/results/archive_family_pilot_core/NSGAII_archive_family_DTLZ/raw_runs/NSGAII_archive_family_DTLZ/nsgaii_archive_hybrid/DTLZ2/nsgaii/numpy/seed_0
[Study] (232/270) nsgaii | numpy | dtlz2 | seed=1
================================================================================
VAMOS Experiment Runner
================================================================================
Problem: DTLZ2
Description: DTLZ2 with configurable objectives (defaults to 3).
Decision variables: 14
Objectives: 5
Encoding: real
Algorithm: NSGAII
Backend: numpy
Population size: 80
Offspring population size: 80
Max evaluations: 26000
--------------------------------------------------------------------------------
nsgaii -> Time: 26624.93 ms | Eval/s: 976.5
Objective 1 spread: 3.013166
Results stored in: /home/nico/Documents/GitHub/VAMOS/results/archive_family_pilot_core/NSGAII_archive_family_DTLZ/raw_runs/NSGAII_archive_family_DTLZ/nsgaii_archive_hybrid/DTLZ2/nsgaii/numpy/seed_1
[Study] (233/270) nsgaii | numpy | dtlz2 | seed=2
================================================================================
VAMOS Experiment Runner
================================================================================
Problem: DTLZ2
Description: DTLZ2 with configurable objectives (defaults to 3).
Decision variables: 14
Objectives: 5
Encoding: real
Algorithm: NSGAII
Backend: numpy
Population size: 80
Offspring population size: 80
Max evaluations: 26000
--------------------------------------------------------------------------------
nsgaii -> Time: 26556.14 ms | Eval/s: 979.1
Objective 1 spread: 3.213894
Results stored in: /home/nico/Documents/GitHub/VAMOS/results/archive_family_pilot_core/NSGAII_archive_family_DTLZ/raw_runs/NSGAII_archive_family_DTLZ/nsgaii_archive_hybrid/DTLZ2/nsgaii/numpy/seed_2
[Study] (234/270) nsgaii | numpy | dtlz2 | seed=3
================================================================================
VAMOS Experiment Runner
================================================================================
Problem: DTLZ2
Description: DTLZ2 with configurable objectives (defaults to 3).
Decision variables: 14
Objectives: 5
Encoding: real
Algorithm: NSGAII
Backend: numpy
Population size: 80
Offspring population size: 80
Max evaluations: 26000
--------------------------------------------------------------------------------
nsgaii -> Time: 26687.61 ms | Eval/s: 974.2
Objective 1 spread: 3.282435
Results stored in: /home/nico/Documents/GitHub/VAMOS/results/archive_family_pilot_core/NSGAII_archive_family_DTLZ/raw_runs/NSGAII_archive_family_DTLZ/nsgaii_archive_hybrid/DTLZ2/nsgaii/numpy/seed_3
[Study] (235/270) nsgaii | numpy | dtlz2 | seed=4
================================================================================
VAMOS Experiment Runner
================================================================================
Problem: DTLZ2
Description: DTLZ2 with configurable objectives (defaults to 3).
Decision variables: 14
Objectives: 5
Encoding: real
Algorithm: NSGAII
Backend: numpy
Population size: 80
Offspring population size: 80
Max evaluations: 26000
--------------------------------------------------------------------------------
nsgaii -> Time: 27096.26 ms | Eval/s: 959.5
Objective 1 spread: 3.305294
Results stored in: /home/nico/Documents/GitHub/VAMOS/results/archive_family_pilot_core/NSGAII_archive_family_DTLZ/raw_runs/NSGAII_archive_family_DTLZ/nsgaii_archive_hybrid/DTLZ2/nsgaii/numpy/seed_4
[Study] (236/270) nsgaii | numpy | dtlz2 | seed=5
================================================================================
VAMOS Experiment Runner
================================================================================
Problem: DTLZ2
Description: DTLZ2 with configurable objectives (defaults to 3).
Decision variables: 14
Objectives: 5
Encoding: real
Algorithm: NSGAII
Backend: numpy
Population size: 80
Offspring population size: 80
Max evaluations: 26000
--------------------------------------------------------------------------------
nsgaii -> Time: 26846.32 ms | Eval/s: 968.5
Objective 1 spread: 3.170120
Results stored in: /home/nico/Documents/GitHub/VAMOS/results/archive_family_pilot_core/NSGAII_archive_family_DTLZ/raw_runs/NSGAII_archive_family_DTLZ/nsgaii_archive_hybrid/DTLZ2/nsgaii/numpy/seed_5
[Study] (237/270) nsgaii | numpy | dtlz2 | seed=6
================================================================================
VAMOS Experiment Runner
================================================================================
Problem: DTLZ2
Description: DTLZ2 with configurable objectives (defaults to 3).
Decision variables: 14
Objectives: 5
Encoding: real
Algorithm: NSGAII
Backend: numpy
Population size: 80
Offspring population size: 80
Max evaluations: 26000
--------------------------------------------------------------------------------
nsgaii -> Time: 26801.26 ms | Eval/s: 970.1
Objective 1 spread: 3.049162
Results stored in: /home/nico/Documents/GitHub/VAMOS/results/archive_family_pilot_core/NSGAII_archive_family_DTLZ/raw_runs/NSGAII_archive_family_DTLZ/nsgaii_archive_hybrid/DTLZ2/nsgaii/numpy/seed_6
[Study] (238/270) nsgaii | numpy | dtlz2 | seed=7
================================================================================
VAMOS Experiment Runner
================================================================================
Problem: DTLZ2
Description: DTLZ2 with configurable objectives (defaults to 3).
Decision variables: 14
Objectives: 5
Encoding: real
Algorithm: NSGAII
Backend: numpy
Population size: 80
Offspring population size: 80
Max evaluations: 26000
--------------------------------------------------------------------------------
nsgaii -> Time: 26706.17 ms | Eval/s: 973.6
Objective 1 spread: 3.263165
Results stored in: /home/nico/Documents/GitHub/VAMOS/results/archive_family_pilot_core/NSGAII_archive_family_DTLZ/raw_runs/NSGAII_archive_family_DTLZ/nsgaii_archive_hybrid/DTLZ2/nsgaii/numpy/seed_7
[Study] (239/270) nsgaii | numpy | dtlz2 | seed=8
================================================================================
VAMOS Experiment Runner
================================================================================
Problem: DTLZ2
Description: DTLZ2 with configurable objectives (defaults to 3).
Decision variables: 14
Objectives: 5
Encoding: real
Algorithm: NSGAII
Backend: numpy
Population size: 80
Offspring population size: 80
Max evaluations: 26000
--------------------------------------------------------------------------------
nsgaii -> Time: 26983.03 ms | Eval/s: 963.6
Objective 1 spread: 3.080881
Results stored in: /home/nico/Documents/GitHub/VAMOS/results/archive_family_pilot_core/NSGAII_archive_family_DTLZ/raw_runs/NSGAII_archive_family_DTLZ/nsgaii_archive_hybrid/DTLZ2/nsgaii/numpy/seed_8
[Study] (240/270) nsgaii | numpy | dtlz2 | seed=9
================================================================================
VAMOS Experiment Runner
================================================================================
Problem: DTLZ2
Description: DTLZ2 with configurable objectives (defaults to 3).
Decision variables: 14
Objectives: 5
Encoding: real
Algorithm: NSGAII
Backend: numpy
Population size: 80
Offspring population size: 80
Max evaluations: 26000
--------------------------------------------------------------------------------
nsgaii -> Time: 26995.23 ms | Eval/s: 963.1
Objective 1 spread: 3.375962
Results stored in: /home/nico/Documents/GitHub/VAMOS/results/archive_family_pilot_core/NSGAII_archive_family_DTLZ/raw_runs/NSGAII_archive_family_DTLZ/nsgaii_archive_hybrid/DTLZ2/nsgaii/numpy/seed_9
[Study] (241/270) nsgaii | numpy | dtlz7 | seed=0
================================================================================
VAMOS Experiment Runner
================================================================================
Problem: DTLZ7
Description: DTLZ7 with disconnected Pareto-optimal regions.
Decision variables: 24
Objectives: 5
Encoding: real
Algorithm: NSGAII
Backend: numpy
Population size: 80
Offspring population size: 80
Max evaluations: 30000
--------------------------------------------------------------------------------
nsgaii -> Time: 27045.09 ms | Eval/s: 1109.3
Objective 1 spread: 0.999942
Results stored in: /home/nico/Documents/GitHub/VAMOS/results/archive_family_pilot_core/NSGAII_archive_family_DTLZ/raw_runs/NSGAII_archive_family_DTLZ/nsgaii_archive_off/DTLZ7/nsgaii/numpy/seed_0
[Study] (242/270) nsgaii | numpy | dtlz7 | seed=1
================================================================================
VAMOS Experiment Runner
================================================================================
Problem: DTLZ7
Description: DTLZ7 with disconnected Pareto-optimal regions.
Decision variables: 24
Objectives: 5
Encoding: real
Algorithm: NSGAII
Backend: numpy
Population size: 80
Offspring population size: 80
Max evaluations: 30000
--------------------------------------------------------------------------------
nsgaii -> Time: 27185.80 ms | Eval/s: 1103.5
Objective 1 spread: 0.999519
Results stored in: /home/nico/Documents/GitHub/VAMOS/results/archive_family_pilot_core/NSGAII_archive_family_DTLZ/raw_runs/NSGAII_archive_family_DTLZ/nsgaii_archive_off/DTLZ7/nsgaii/numpy/seed_1
[Study] (243/270) nsgaii | numpy | dtlz7 | seed=2
================================================================================
VAMOS Experiment Runner
================================================================================
Problem: DTLZ7
Description: DTLZ7 with disconnected Pareto-optimal regions.
Decision variables: 24
Objectives: 5
Encoding: real
Algorithm: NSGAII
Backend: numpy
Population size: 80
Offspring population size: 80
Max evaluations: 30000
--------------------------------------------------------------------------------
nsgaii -> Time: 27087.04 ms | Eval/s: 1107.5
Objective 1 spread: 0.980684
Results stored in: /home/nico/Documents/GitHub/VAMOS/results/archive_family_pilot_core/NSGAII_archive_family_DTLZ/raw_runs/NSGAII_archive_family_DTLZ/nsgaii_archive_off/DTLZ7/nsgaii/numpy/seed_2
[Study] (244/270) nsgaii | numpy | dtlz7 | seed=3
================================================================================
VAMOS Experiment Runner
================================================================================
Problem: DTLZ7
Description: DTLZ7 with disconnected Pareto-optimal regions.
Decision variables: 24
Objectives: 5
Encoding: real
Algorithm: NSGAII
Backend: numpy
Population size: 80
Offspring population size: 80
Max evaluations: 30000
--------------------------------------------------------------------------------
nsgaii -> Time: 27006.30 ms | Eval/s: 1110.9
Objective 1 spread: 0.991509
Results stored in: /home/nico/Documents/GitHub/VAMOS/results/archive_family_pilot_core/NSGAII_archive_family_DTLZ/raw_runs/NSGAII_archive_family_DTLZ/nsgaii_archive_off/DTLZ7/nsgaii/numpy/seed_3
[Study] (245/270) nsgaii | numpy | dtlz7 | seed=4
================================================================================
VAMOS Experiment Runner
================================================================================
Problem: DTLZ7
Description: DTLZ7 with disconnected Pareto-optimal regions.
Decision variables: 24
Objectives: 5
Encoding: real
Algorithm: NSGAII
Backend: numpy
Population size: 80
Offspring population size: 80
Max evaluations: 30000
--------------------------------------------------------------------------------
nsgaii -> Time: 26998.92 ms | Eval/s: 1111.2
Objective 1 spread: 0.999226
Results stored in: /home/nico/Documents/GitHub/VAMOS/results/archive_family_pilot_core/NSGAII_archive_family_DTLZ/raw_runs/NSGAII_archive_family_DTLZ/nsgaii_archive_off/DTLZ7/nsgaii/numpy/seed_4
[Study] (246/270) nsgaii | numpy | dtlz7 | seed=5
================================================================================
VAMOS Experiment Runner
================================================================================
Problem: DTLZ7
Description: DTLZ7 with disconnected Pareto-optimal regions.
Decision variables: 24
Objectives: 5
Encoding: real
Algorithm: NSGAII
Backend: numpy
Population size: 80
Offspring population size: 80
Max evaluations: 30000
--------------------------------------------------------------------------------
nsgaii -> Time: 26829.58 ms | Eval/s: 1118.2
Objective 1 spread: 0.999710
Results stored in: /home/nico/Documents/GitHub/VAMOS/results/archive_family_pilot_core/NSGAII_archive_family_DTLZ/raw_runs/NSGAII_archive_family_DTLZ/nsgaii_archive_off/DTLZ7/nsgaii/numpy/seed_5
[Study] (247/270) nsgaii | numpy | dtlz7 | seed=6
================================================================================
VAMOS Experiment Runner
================================================================================
Problem: DTLZ7
Description: DTLZ7 with disconnected Pareto-optimal regions.
Decision variables: 24
Objectives: 5
Encoding: real
Algorithm: NSGAII
Backend: numpy
Population size: 80
Offspring population size: 80
Max evaluations: 30000
--------------------------------------------------------------------------------
nsgaii -> Time: 26952.31 ms | Eval/s: 1113.1
Objective 1 spread: 0.997981
Results stored in: /home/nico/Documents/GitHub/VAMOS/results/archive_family_pilot_core/NSGAII_archive_family_DTLZ/raw_runs/NSGAII_archive_family_DTLZ/nsgaii_archive_off/DTLZ7/nsgaii/numpy/seed_6
[Study] (248/270) nsgaii | numpy | dtlz7 | seed=7
================================================================================
VAMOS Experiment Runner
================================================================================
Problem: DTLZ7
Description: DTLZ7 with disconnected Pareto-optimal regions.
Decision variables: 24
Objectives: 5
Encoding: real
Algorithm: NSGAII
Backend: numpy
Population size: 80
Offspring population size: 80
Max evaluations: 30000
--------------------------------------------------------------------------------
nsgaii -> Time: 27133.18 ms | Eval/s: 1105.7
Objective 1 spread: 0.991936
Results stored in: /home/nico/Documents/GitHub/VAMOS/results/archive_family_pilot_core/NSGAII_archive_family_DTLZ/raw_runs/NSGAII_archive_family_DTLZ/nsgaii_archive_off/DTLZ7/nsgaii/numpy/seed_7
[Study] (249/270) nsgaii | numpy | dtlz7 | seed=8
================================================================================
VAMOS Experiment Runner
================================================================================
Problem: DTLZ7
Description: DTLZ7 with disconnected Pareto-optimal regions.
Decision variables: 24
Objectives: 5
Encoding: real
Algorithm: NSGAII
Backend: numpy
Population size: 80
Offspring population size: 80
Max evaluations: 30000
--------------------------------------------------------------------------------
nsgaii -> Time: 27087.72 ms | Eval/s: 1107.5
Objective 1 spread: 0.998567
Results stored in: /home/nico/Documents/GitHub/VAMOS/results/archive_family_pilot_core/NSGAII_archive_family_DTLZ/raw_runs/NSGAII_archive_family_DTLZ/nsgaii_archive_off/DTLZ7/nsgaii/numpy/seed_8
[Study] (250/270) nsgaii | numpy | dtlz7 | seed=9
================================================================================
VAMOS Experiment Runner
================================================================================
Problem: DTLZ7
Description: DTLZ7 with disconnected Pareto-optimal regions.
Decision variables: 24
Objectives: 5
Encoding: real
Algorithm: NSGAII
Backend: numpy
Population size: 80
Offspring population size: 80
Max evaluations: 30000
--------------------------------------------------------------------------------
nsgaii -> Time: 26739.33 ms | Eval/s: 1121.9
Objective 1 spread: 0.991954
Results stored in: /home/nico/Documents/GitHub/VAMOS/results/archive_family_pilot_core/NSGAII_archive_family_DTLZ/raw_runs/NSGAII_archive_family_DTLZ/nsgaii_archive_off/DTLZ7/nsgaii/numpy/seed_9
[Study] (251/270) nsgaii | numpy | dtlz7 | seed=0
================================================================================
VAMOS Experiment Runner
================================================================================
Problem: DTLZ7
Description: DTLZ7 with disconnected Pareto-optimal regions.
Decision variables: 24
Objectives: 5
Encoding: real
Algorithm: NSGAII
Backend: numpy
Population size: 80
Offspring population size: 80
Max evaluations: 30000
--------------------------------------------------------------------------------
nsgaii -> Time: 35323.19 ms | Eval/s: 849.3
Objective 1 spread: 0.999942
Results stored in: /home/nico/Documents/GitHub/VAMOS/results/archive_family_pilot_core/NSGAII_archive_family_DTLZ/raw_runs/NSGAII_archive_family_DTLZ/nsgaii_archive_passive/DTLZ7/nsgaii/numpy/seed_0
[Study] (252/270) nsgaii | numpy | dtlz7 | seed=1
================================================================================
VAMOS Experiment Runner
================================================================================
Problem: DTLZ7
Description: DTLZ7 with disconnected Pareto-optimal regions.
Decision variables: 24
Objectives: 5
Encoding: real
Algorithm: NSGAII
Backend: numpy
Population size: 80
Offspring population size: 80
Max evaluations: 30000
--------------------------------------------------------------------------------
nsgaii -> Time: 37154.82 ms | Eval/s: 807.4
Objective 1 spread: 0.999519
Results stored in: /home/nico/Documents/GitHub/VAMOS/results/archive_family_pilot_core/NSGAII_archive_family_DTLZ/raw_runs/NSGAII_archive_family_DTLZ/nsgaii_archive_passive/DTLZ7/nsgaii/numpy/seed_1
[Study] (253/270) nsgaii | numpy | dtlz7 | seed=2
================================================================================
VAMOS Experiment Runner
================================================================================
Problem: DTLZ7
Description: DTLZ7 with disconnected Pareto-optimal regions.
Decision variables: 24
Objectives: 5
Encoding: real
Algorithm: NSGAII
Backend: numpy
Population size: 80
Offspring population size: 80
Max evaluations: 30000
--------------------------------------------------------------------------------
nsgaii -> Time: 35881.75 ms | Eval/s: 836.1
Objective 1 spread: 0.980684
Results stored in: /home/nico/Documents/GitHub/VAMOS/results/archive_family_pilot_core/NSGAII_archive_family_DTLZ/raw_runs/NSGAII_archive_family_DTLZ/nsgaii_archive_passive/DTLZ7/nsgaii/numpy/seed_2
[Study] (254/270) nsgaii | numpy | dtlz7 | seed=3
================================================================================
VAMOS Experiment Runner
================================================================================
Problem: DTLZ7
Description: DTLZ7 with disconnected Pareto-optimal regions.
Decision variables: 24
Objectives: 5
Encoding: real
Algorithm: NSGAII
Backend: numpy
Population size: 80
Offspring population size: 80
Max evaluations: 30000
--------------------------------------------------------------------------------
nsgaii -> Time: 36463.30 ms | Eval/s: 822.7
Objective 1 spread: 0.991509
Results stored in: /home/nico/Documents/GitHub/VAMOS/results/archive_family_pilot_core/NSGAII_archive_family_DTLZ/raw_runs/NSGAII_archive_family_DTLZ/nsgaii_archive_passive/DTLZ7/nsgaii/numpy/seed_3
[Study] (255/270) nsgaii | numpy | dtlz7 | seed=4
================================================================================
VAMOS Experiment Runner
================================================================================
Problem: DTLZ7
Description: DTLZ7 with disconnected Pareto-optimal regions.
Decision variables: 24
Objectives: 5
Encoding: real
Algorithm: NSGAII
Backend: numpy
Population size: 80
Offspring population size: 80
Max evaluations: 30000
--------------------------------------------------------------------------------
nsgaii -> Time: 36733.10 ms | Eval/s: 816.7
Objective 1 spread: 0.999226
Results stored in: /home/nico/Documents/GitHub/VAMOS/results/archive_family_pilot_core/NSGAII_archive_family_DTLZ/raw_runs/NSGAII_archive_family_DTLZ/nsgaii_archive_passive/DTLZ7/nsgaii/numpy/seed_4
[Study] (256/270) nsgaii | numpy | dtlz7 | seed=5
================================================================================
VAMOS Experiment Runner
================================================================================
Problem: DTLZ7
Description: DTLZ7 with disconnected Pareto-optimal regions.
Decision variables: 24
Objectives: 5
Encoding: real
Algorithm: NSGAII
Backend: numpy
Population size: 80
Offspring population size: 80
Max evaluations: 30000
--------------------------------------------------------------------------------
nsgaii -> Time: 36048.66 ms | Eval/s: 832.2
Objective 1 spread: 0.999710
Results stored in: /home/nico/Documents/GitHub/VAMOS/results/archive_family_pilot_core/NSGAII_archive_family_DTLZ/raw_runs/NSGAII_archive_family_DTLZ/nsgaii_archive_passive/DTLZ7/nsgaii/numpy/seed_5
[Study] (257/270) nsgaii | numpy | dtlz7 | seed=6
================================================================================
VAMOS Experiment Runner
================================================================================
Problem: DTLZ7
Description: DTLZ7 with disconnected Pareto-optimal regions.
Decision variables: 24
Objectives: 5
Encoding: real
Algorithm: NSGAII
Backend: numpy
Population size: 80
Offspring population size: 80
Max evaluations: 30000
--------------------------------------------------------------------------------
nsgaii -> Time: 35721.76 ms | Eval/s: 839.8
Objective 1 spread: 0.997981
Results stored in: /home/nico/Documents/GitHub/VAMOS/results/archive_family_pilot_core/NSGAII_archive_family_DTLZ/raw_runs/NSGAII_archive_family_DTLZ/nsgaii_archive_passive/DTLZ7/nsgaii/numpy/seed_6
[Study] (258/270) nsgaii | numpy | dtlz7 | seed=7
================================================================================
VAMOS Experiment Runner
================================================================================
Problem: DTLZ7
Description: DTLZ7 with disconnected Pareto-optimal regions.
Decision variables: 24
Objectives: 5
Encoding: real
Algorithm: NSGAII
Backend: numpy
Population size: 80
Offspring population size: 80
Max evaluations: 30000
--------------------------------------------------------------------------------
nsgaii -> Time: 34633.48 ms | Eval/s: 866.2
Objective 1 spread: 0.991936
Results stored in: /home/nico/Documents/GitHub/VAMOS/results/archive_family_pilot_core/NSGAII_archive_family_DTLZ/raw_runs/NSGAII_archive_family_DTLZ/nsgaii_archive_passive/DTLZ7/nsgaii/numpy/seed_7
[Study] (259/270) nsgaii | numpy | dtlz7 | seed=8
================================================================================
VAMOS Experiment Runner
================================================================================
Problem: DTLZ7
Description: DTLZ7 with disconnected Pareto-optimal regions.
Decision variables: 24
Objectives: 5
Encoding: real
Algorithm: NSGAII
Backend: numpy
Population size: 80
Offspring population size: 80
Max evaluations: 30000
--------------------------------------------------------------------------------
nsgaii -> Time: 37583.59 ms | Eval/s: 798.2
Objective 1 spread: 0.998567
Results stored in: /home/nico/Documents/GitHub/VAMOS/results/archive_family_pilot_core/NSGAII_archive_family_DTLZ/raw_runs/NSGAII_archive_family_DTLZ/nsgaii_archive_passive/DTLZ7/nsgaii/numpy/seed_8
[Study] (260/270) nsgaii | numpy | dtlz7 | seed=9
================================================================================
VAMOS Experiment Runner
================================================================================
Problem: DTLZ7
Description: DTLZ7 with disconnected Pareto-optimal regions.
Decision variables: 24
Objectives: 5
Encoding: real
Algorithm: NSGAII
Backend: numpy
Population size: 80
Offspring population size: 80
Max evaluations: 30000
--------------------------------------------------------------------------------
nsgaii -> Time: 37349.61 ms | Eval/s: 803.2
Objective 1 spread: 0.991954
Results stored in: /home/nico/Documents/GitHub/VAMOS/results/archive_family_pilot_core/NSGAII_archive_family_DTLZ/raw_runs/NSGAII_archive_family_DTLZ/nsgaii_archive_passive/DTLZ7/nsgaii/numpy/seed_9
[Study] (261/270) nsgaii | numpy | dtlz7 | seed=0
================================================================================
VAMOS Experiment Runner
================================================================================
Problem: DTLZ7
Description: DTLZ7 with disconnected Pareto-optimal regions.
Decision variables: 24
Objectives: 5
Encoding: real
Algorithm: NSGAII
Backend: numpy
Population size: 80
Offspring population size: 80
Max evaluations: 30000
--------------------------------------------------------------------------------
nsgaii -> Time: 39092.54 ms | Eval/s: 767.4
Objective 1 spread: 0.974666
Results stored in: /home/nico/Documents/GitHub/VAMOS/results/archive_family_pilot_core/NSGAII_archive_family_DTLZ/raw_runs/NSGAII_archive_family_DTLZ/nsgaii_archive_hybrid/DTLZ7/nsgaii/numpy/seed_0
[Study] (262/270) nsgaii | numpy | dtlz7 | seed=1
================================================================================
VAMOS Experiment Runner
================================================================================
Problem: DTLZ7
Description: DTLZ7 with disconnected Pareto-optimal regions.
Decision variables: 24
Objectives: 5
Encoding: real
Algorithm: NSGAII
Backend: numpy
Population size: 80
Offspring population size: 80
Max evaluations: 30000
--------------------------------------------------------------------------------
nsgaii -> Time: 39527.82 ms | Eval/s: 759.0
Objective 1 spread: 0.989813
Results stored in: /home/nico/Documents/GitHub/VAMOS/results/archive_family_pilot_core/NSGAII_archive_family_DTLZ/raw_runs/NSGAII_archive_family_DTLZ/nsgaii_archive_hybrid/DTLZ7/nsgaii/numpy/seed_1
[Study] (263/270) nsgaii | numpy | dtlz7 | seed=2
================================================================================
VAMOS Experiment Runner
================================================================================
Problem: DTLZ7
Description: DTLZ7 with disconnected Pareto-optimal regions.
Decision variables: 24
Objectives: 5
Encoding: real
Algorithm: NSGAII
Backend: numpy
Population size: 80
Offspring population size: 80
Max evaluations: 30000
--------------------------------------------------------------------------------
nsgaii -> Time: 38654.65 ms | Eval/s: 776.1
Objective 1 spread: 0.999193
Results stored in: /home/nico/Documents/GitHub/VAMOS/results/archive_family_pilot_core/NSGAII_archive_family_DTLZ/raw_runs/NSGAII_archive_family_DTLZ/nsgaii_archive_hybrid/DTLZ7/nsgaii/numpy/seed_2
[Study] (264/270) nsgaii | numpy | dtlz7 | seed=3
================================================================================
VAMOS Experiment Runner
================================================================================
Problem: DTLZ7
Description: DTLZ7 with disconnected Pareto-optimal regions.
Decision variables: 24
Objectives: 5
Encoding: real
Algorithm: NSGAII
Backend: numpy
Population size: 80
Offspring population size: 80
Max evaluations: 30000
--------------------------------------------------------------------------------
nsgaii -> Time: 38873.35 ms | Eval/s: 771.7
Objective 1 spread: 0.989791
Results stored in: /home/nico/Documents/GitHub/VAMOS/results/archive_family_pilot_core/NSGAII_archive_family_DTLZ/raw_runs/NSGAII_archive_family_DTLZ/nsgaii_archive_hybrid/DTLZ7/nsgaii/numpy/seed_3
[Study] (265/270) nsgaii | numpy | dtlz7 | seed=4
================================================================================
VAMOS Experiment Runner
================================================================================
Problem: DTLZ7
Description: DTLZ7 with disconnected Pareto-optimal regions.
Decision variables: 24
Objectives: 5
Encoding: real
Algorithm: NSGAII
Backend: numpy
Population size: 80
Offspring population size: 80
Max evaluations: 30000
--------------------------------------------------------------------------------
nsgaii -> Time: 39073.42 ms | Eval/s: 767.8
Objective 1 spread: 0.984400
Results stored in: /home/nico/Documents/GitHub/VAMOS/results/archive_family_pilot_core/NSGAII_archive_family_DTLZ/raw_runs/NSGAII_archive_family_DTLZ/nsgaii_archive_hybrid/DTLZ7/nsgaii/numpy/seed_4
[Study] (266/270) nsgaii | numpy | dtlz7 | seed=5
================================================================================
VAMOS Experiment Runner
================================================================================
Problem: DTLZ7
Description: DTLZ7 with disconnected Pareto-optimal regions.
Decision variables: 24
Objectives: 5
Encoding: real
Algorithm: NSGAII
Backend: numpy
Population size: 80
Offspring population size: 80
Max evaluations: 30000
--------------------------------------------------------------------------------
nsgaii -> Time: 39936.88 ms | Eval/s: 751.2
Objective 1 spread: 0.989030
Results stored in: /home/nico/Documents/GitHub/VAMOS/results/archive_family_pilot_core/NSGAII_archive_family_DTLZ/raw_runs/NSGAII_archive_family_DTLZ/nsgaii_archive_hybrid/DTLZ7/nsgaii/numpy/seed_5
[Study] (267/270) nsgaii | numpy | dtlz7 | seed=6
================================================================================
VAMOS Experiment Runner
================================================================================
Problem: DTLZ7
Description: DTLZ7 with disconnected Pareto-optimal regions.
Decision variables: 24
Objectives: 5
Encoding: real
Algorithm: NSGAII
Backend: numpy
Population size: 80
Offspring population size: 80
Max evaluations: 30000
--------------------------------------------------------------------------------
nsgaii -> Time: 40374.92 ms | Eval/s: 743.0
Objective 1 spread: 0.998196
Results stored in: /home/nico/Documents/GitHub/VAMOS/results/archive_family_pilot_core/NSGAII_archive_family_DTLZ/raw_runs/NSGAII_archive_family_DTLZ/nsgaii_archive_hybrid/DTLZ7/nsgaii/numpy/seed_6
[Study] (268/270) nsgaii | numpy | dtlz7 | seed=7
================================================================================
VAMOS Experiment Runner
================================================================================
Problem: DTLZ7
Description: DTLZ7 with disconnected Pareto-optimal regions.
Decision variables: 24
Objectives: 5
Encoding: real
Algorithm: NSGAII
Backend: numpy
Population size: 80
Offspring population size: 80
Max evaluations: 30000
--------------------------------------------------------------------------------
nsgaii -> Time: 40184.64 ms | Eval/s: 746.6
Objective 1 spread: 0.982749
Results stored in: /home/nico/Documents/GitHub/VAMOS/results/archive_family_pilot_core/NSGAII_archive_family_DTLZ/raw_runs/NSGAII_archive_family_DTLZ/nsgaii_archive_hybrid/DTLZ7/nsgaii/numpy/seed_7
[Study] (269/270) nsgaii | numpy | dtlz7 | seed=8
================================================================================
VAMOS Experiment Runner
================================================================================
Problem: DTLZ7
Description: DTLZ7 with disconnected Pareto-optimal regions.
Decision variables: 24
Objectives: 5
Encoding: real
Algorithm: NSGAII
Backend: numpy
Population size: 80
Offspring population size: 80
Max evaluations: 30000
--------------------------------------------------------------------------------
nsgaii -> Time: 38905.72 ms | Eval/s: 771.1
Objective 1 spread: 0.999951
Results stored in: /home/nico/Documents/GitHub/VAMOS/results/archive_family_pilot_core/NSGAII_archive_family_DTLZ/raw_runs/NSGAII_archive_family_DTLZ/nsgaii_archive_hybrid/DTLZ7/nsgaii/numpy/seed_8
[Study] (270/270) nsgaii | numpy | dtlz7 | seed=9
================================================================================
VAMOS Experiment Runner
================================================================================
Problem: DTLZ7
Description: DTLZ7 with disconnected Pareto-optimal regions.
Decision variables: 24
Objectives: 5
Encoding: real
Algorithm: NSGAII
Backend: numpy
Population size: 80
Offspring population size: 80
Max evaluations: 30000
--------------------------------------------------------------------------------
nsgaii -> Time: 41457.85 ms | Eval/s: 723.6
Objective 1 spread: 0.992373
Results stored in: /home/nico/Documents/GitHub/VAMOS/results/archive_family_pilot_core/NSGAII_archive_family_DTLZ/raw_runs/NSGAII_archive_family_DTLZ/nsgaii_archive_hybrid/DTLZ7/nsgaii/numpy/seed_9
[Persister] CSV exported to /home/nico/Documents/GitHub/VAMOS/results/archive_family_pilot_core/NSGAII_archive_family_DTLZ/summary/metrics.csv
[Benchmark] Suite 'NSGAII_archive_family_DTLZ' completed.
[Benchmark] Summary CSV: /home/nico/Documents/GitHub/VAMOS/results/archive_family_pilot_core/NSGAII_archive_family_DTLZ/summary/metrics.csv
[Benchmark] Tidy metrics: /home/nico/Documents/GitHub/VAMOS/results/archive_family_pilot_core/NSGAII_archive_family_DTLZ/summary/metrics_tidy.csv
[Benchmark] LaTeX tables in /home/nico/Documents/GitHub/VAMOS/results/archive_family_pilot_core/NSGAII_archive_family_DTLZ/summary/tables
[Benchmark] Plots in /home/nico/Documents/GitHub/VAMOS/results/archive_family_pilot_core/NSGAII_archive_family_DTLZ/summary/plots
[Benchmark] Lab outputs in /home/nico/Documents/GitHub/VAMOS/results/archive_family_pilot_core/NSGAII_archive_family_DTLZ/summary/lab
