[Study] (1/270) nsgaii | numpy | zcat1 | seed=0
================================================================================
VAMOS Experiment Runner
================================================================================
Problem: ZCAT1
Description: ZCAT1: scalable multi-objective benchmark from the Zapotecas-Coello-Aguirre suite.
Decision variables: 30
Objectives: 2
Encoding: real
Algorithm: NSGAII
Backend: numpy
Population size: 80
Offspring population size: 80
Max evaluations: 16000
--------------------------------------------------------------------------------
nsgaii -> Time: 9054.02 ms | Eval/s: 1767.2
Objective 1 spread: 1.011537
Results stored in: /home/nico/Documents/GitHub/VAMOS/results/archive_family_pilot_core/NSGAII_archive_family_ZCAT/raw_runs/NSGAII_archive_family_ZCAT/nsgaii_archive_off/ZCAT1/nsgaii/numpy/seed_0
[Study] (2/270) nsgaii | numpy | zcat1 | seed=1
================================================================================
VAMOS Experiment Runner
================================================================================
Problem: ZCAT1
Description: ZCAT1: scalable multi-objective benchmark from the Zapotecas-Coello-Aguirre suite.
Decision variables: 30
Objectives: 2
Encoding: real
Algorithm: NSGAII
Backend: numpy
Population size: 80
Offspring population size: 80
Max evaluations: 16000
--------------------------------------------------------------------------------
nsgaii -> Time: 9242.93 ms | Eval/s: 1731.1
Objective 1 spread: 1.011333
Results stored in: /home/nico/Documents/GitHub/VAMOS/results/archive_family_pilot_core/NSGAII_archive_family_ZCAT/raw_runs/NSGAII_archive_family_ZCAT/nsgaii_archive_off/ZCAT1/nsgaii/numpy/seed_1
[Study] (3/270) nsgaii | numpy | zcat1 | seed=2
================================================================================
VAMOS Experiment Runner
================================================================================
Problem: ZCAT1
Description: ZCAT1: scalable multi-objective benchmark from the Zapotecas-Coello-Aguirre suite.
Decision variables: 30
Objectives: 2
Encoding: real
Algorithm: NSGAII
Backend: numpy
Population size: 80
Offspring population size: 80
Max evaluations: 16000
--------------------------------------------------------------------------------
nsgaii -> Time: 9094.75 ms | Eval/s: 1759.3
Objective 1 spread: 1.004767
Results stored in: /home/nico/Documents/GitHub/VAMOS/results/archive_family_pilot_core/NSGAII_archive_family_ZCAT/raw_runs/NSGAII_archive_family_ZCAT/nsgaii_archive_off/ZCAT1/nsgaii/numpy/seed_2
[Study] (4/270) nsgaii | numpy | zcat1 | seed=3
================================================================================
VAMOS Experiment Runner
================================================================================
Problem: ZCAT1
Description: ZCAT1: scalable multi-objective benchmark from the Zapotecas-Coello-Aguirre suite.
Decision variables: 30
Objectives: 2
Encoding: real
Algorithm: NSGAII
Backend: numpy
Population size: 80
Offspring population size: 80
Max evaluations: 16000
--------------------------------------------------------------------------------
nsgaii -> Time: 9127.89 ms | Eval/s: 1752.9
Objective 1 spread: 1.004097
Results stored in: /home/nico/Documents/GitHub/VAMOS/results/archive_family_pilot_core/NSGAII_archive_family_ZCAT/raw_runs/NSGAII_archive_family_ZCAT/nsgaii_archive_off/ZCAT1/nsgaii/numpy/seed_3
[Study] (5/270) nsgaii | numpy | zcat1 | seed=4
================================================================================
VAMOS Experiment Runner
================================================================================
Problem: ZCAT1
Description: ZCAT1: scalable multi-objective benchmark from the Zapotecas-Coello-Aguirre suite.
Decision variables: 30
Objectives: 2
Encoding: real
Algorithm: NSGAII
Backend: numpy
Population size: 80
Offspring population size: 80
Max evaluations: 16000
--------------------------------------------------------------------------------
nsgaii -> Time: 9111.52 ms | Eval/s: 1756.0
Objective 1 spread: 1.000675
Results stored in: /home/nico/Documents/GitHub/VAMOS/results/archive_family_pilot_core/NSGAII_archive_family_ZCAT/raw_runs/NSGAII_archive_family_ZCAT/nsgaii_archive_off/ZCAT1/nsgaii/numpy/seed_4
[Study] (6/270) nsgaii | numpy | zcat1 | seed=5
================================================================================
VAMOS Experiment Runner
================================================================================
Problem: ZCAT1
Description: ZCAT1: scalable multi-objective benchmark from the Zapotecas-Coello-Aguirre suite.
Decision variables: 30
Objectives: 2
Encoding: real
Algorithm: NSGAII
Backend: numpy
Population size: 80
Offspring population size: 80
Max evaluations: 16000
--------------------------------------------------------------------------------
nsgaii -> Time: 8928.23 ms | Eval/s: 1792.1
Objective 1 spread: 1.009625
Results stored in: /home/nico/Documents/GitHub/VAMOS/results/archive_family_pilot_core/NSGAII_archive_family_ZCAT/raw_runs/NSGAII_archive_family_ZCAT/nsgaii_archive_off/ZCAT1/nsgaii/numpy/seed_5
[Study] (7/270) nsgaii | numpy | zcat1 | seed=6
================================================================================
VAMOS Experiment Runner
================================================================================
Problem: ZCAT1
Description: ZCAT1: scalable multi-objective benchmark from the Zapotecas-Coello-Aguirre suite.
Decision variables: 30
Objectives: 2
Encoding: real
Algorithm: NSGAII
Backend: numpy
Population size: 80
Offspring population size: 80
Max evaluations: 16000
--------------------------------------------------------------------------------
nsgaii -> Time: 9089.60 ms | Eval/s: 1760.3
Objective 1 spread: 1.001470
Results stored in: /home/nico/Documents/GitHub/VAMOS/results/archive_family_pilot_core/NSGAII_archive_family_ZCAT/raw_runs/NSGAII_archive_family_ZCAT/nsgaii_archive_off/ZCAT1/nsgaii/numpy/seed_6
[Study] (8/270) nsgaii | numpy | zcat1 | seed=7
================================================================================
VAMOS Experiment Runner
================================================================================
Problem: ZCAT1
Description: ZCAT1: scalable multi-objective benchmark from the Zapotecas-Coello-Aguirre suite.
Decision variables: 30
Objectives: 2
Encoding: real
Algorithm: NSGAII
Backend: numpy
Population size: 80
Offspring population size: 80
Max evaluations: 16000
--------------------------------------------------------------------------------
nsgaii -> Time: 9098.09 ms | Eval/s: 1758.6
Objective 1 spread: 1.003288
Results stored in: /home/nico/Documents/GitHub/VAMOS/results/archive_family_pilot_core/NSGAII_archive_family_ZCAT/raw_runs/NSGAII_archive_family_ZCAT/nsgaii_archive_off/ZCAT1/nsgaii/numpy/seed_7
[Study] (9/270) nsgaii | numpy | zcat1 | seed=8
================================================================================
VAMOS Experiment Runner
================================================================================
Problem: ZCAT1
Description: ZCAT1: scalable multi-objective benchmark from the Zapotecas-Coello-Aguirre suite.
Decision variables: 30
Objectives: 2
Encoding: real
Algorithm: NSGAII
Backend: numpy
Population size: 80
Offspring population size: 80
Max evaluations: 16000
--------------------------------------------------------------------------------
nsgaii -> Time: 9167.27 ms | Eval/s: 1745.3
Objective 1 spread: 1.014508
Results stored in: /home/nico/Documents/GitHub/VAMOS/results/archive_family_pilot_core/NSGAII_archive_family_ZCAT/raw_runs/NSGAII_archive_family_ZCAT/nsgaii_archive_off/ZCAT1/nsgaii/numpy/seed_8
[Study] (10/270) nsgaii | numpy | zcat1 | seed=9
================================================================================
VAMOS Experiment Runner
================================================================================
Problem: ZCAT1
Description: ZCAT1: scalable multi-objective benchmark from the Zapotecas-Coello-Aguirre suite.
Decision variables: 30
Objectives: 2
Encoding: real
Algorithm: NSGAII
Backend: numpy
Population size: 80
Offspring population size: 80
Max evaluations: 16000
--------------------------------------------------------------------------------
nsgaii -> Time: 9210.49 ms | Eval/s: 1737.1
Objective 1 spread: 1.005986
Results stored in: /home/nico/Documents/GitHub/VAMOS/results/archive_family_pilot_core/NSGAII_archive_family_ZCAT/raw_runs/NSGAII_archive_family_ZCAT/nsgaii_archive_off/ZCAT1/nsgaii/numpy/seed_9
[Study] (11/270) nsgaii | numpy | zcat1 | seed=0
================================================================================
VAMOS Experiment Runner
================================================================================
Problem: ZCAT1
Description: ZCAT1: scalable multi-objective benchmark from the Zapotecas-Coello-Aguirre suite.
Decision variables: 30
Objectives: 2
Encoding: real
Algorithm: NSGAII
Backend: numpy
Population size: 80
Offspring population size: 80
Max evaluations: 16000
--------------------------------------------------------------------------------
nsgaii -> Time: 9390.06 ms | Eval/s: 1703.9
Objective 1 spread: 1.011537
Results stored in: /home/nico/Documents/GitHub/VAMOS/results/archive_family_pilot_core/NSGAII_archive_family_ZCAT/raw_runs/NSGAII_archive_family_ZCAT/nsgaii_archive_passive/ZCAT1/nsgaii/numpy/seed_0
[Study] (12/270) nsgaii | numpy | zcat1 | seed=1
================================================================================
VAMOS Experiment Runner
================================================================================
Problem: ZCAT1
Description: ZCAT1: scalable multi-objective benchmark from the Zapotecas-Coello-Aguirre suite.
Decision variables: 30
Objectives: 2
Encoding: real
Algorithm: NSGAII
Backend: numpy
Population size: 80
Offspring population size: 80
Max evaluations: 16000
--------------------------------------------------------------------------------
nsgaii -> Time: 9631.80 ms | Eval/s: 1661.2
Objective 1 spread: 1.011333
Results stored in: /home/nico/Documents/GitHub/VAMOS/results/archive_family_pilot_core/NSGAII_archive_family_ZCAT/raw_runs/NSGAII_archive_family_ZCAT/nsgaii_archive_passive/ZCAT1/nsgaii/numpy/seed_1
[Study] (13/270) nsgaii | numpy | zcat1 | seed=2
================================================================================
VAMOS Experiment Runner
================================================================================
Problem: ZCAT1
Description: ZCAT1: scalable multi-objective benchmark from the Zapotecas-Coello-Aguirre suite.
Decision variables: 30
Objectives: 2
Encoding: real
Algorithm: NSGAII
Backend: numpy
Population size: 80
Offspring population size: 80
Max evaluations: 16000
--------------------------------------------------------------------------------
nsgaii -> Time: 9628.31 ms | Eval/s: 1661.8
Objective 1 spread: 1.004767
Results stored in: /home/nico/Documents/GitHub/VAMOS/results/archive_family_pilot_core/NSGAII_archive_family_ZCAT/raw_runs/NSGAII_archive_family_ZCAT/nsgaii_archive_passive/ZCAT1/nsgaii/numpy/seed_2
[Study] (14/270) nsgaii | numpy | zcat1 | seed=3
================================================================================
VAMOS Experiment Runner
================================================================================
Problem: ZCAT1
Description: ZCAT1: scalable multi-objective benchmark from the Zapotecas-Coello-Aguirre suite.
Decision variables: 30
Objectives: 2
Encoding: real
Algorithm: NSGAII
Backend: numpy
Population size: 80
Offspring population size: 80
Max evaluations: 16000
--------------------------------------------------------------------------------
nsgaii -> Time: 9581.09 ms | Eval/s: 1670.0
Objective 1 spread: 1.004097
Results stored in: /home/nico/Documents/GitHub/VAMOS/results/archive_family_pilot_core/NSGAII_archive_family_ZCAT/raw_runs/NSGAII_archive_family_ZCAT/nsgaii_archive_passive/ZCAT1/nsgaii/numpy/seed_3
[Study] (15/270) nsgaii | numpy | zcat1 | seed=4
================================================================================
VAMOS Experiment Runner
================================================================================
Problem: ZCAT1
Description: ZCAT1: scalable multi-objective benchmark from the Zapotecas-Coello-Aguirre suite.
Decision variables: 30
Objectives: 2
Encoding: real
Algorithm: NSGAII
Backend: numpy
Population size: 80
Offspring population size: 80
Max evaluations: 16000
--------------------------------------------------------------------------------
nsgaii -> Time: 9566.62 ms | Eval/s: 1672.5
Objective 1 spread: 1.000675
Results stored in: /home/nico/Documents/GitHub/VAMOS/results/archive_family_pilot_core/NSGAII_archive_family_ZCAT/raw_runs/NSGAII_archive_family_ZCAT/nsgaii_archive_passive/ZCAT1/nsgaii/numpy/seed_4
[Study] (16/270) nsgaii | numpy | zcat1 | seed=5
================================================================================
VAMOS Experiment Runner
================================================================================
Problem: ZCAT1
Description: ZCAT1: scalable multi-objective benchmark from the Zapotecas-Coello-Aguirre suite.
Decision variables: 30
Objectives: 2
Encoding: real
Algorithm: NSGAII
Backend: numpy
Population size: 80
Offspring population size: 80
Max evaluations: 16000
--------------------------------------------------------------------------------
nsgaii -> Time: 9603.51 ms | Eval/s: 1666.1
Objective 1 spread: 1.009625
Results stored in: /home/nico/Documents/GitHub/VAMOS/results/archive_family_pilot_core/NSGAII_archive_family_ZCAT/raw_runs/NSGAII_archive_family_ZCAT/nsgaii_archive_passive/ZCAT1/nsgaii/numpy/seed_5
[Study] (17/270) nsgaii | numpy | zcat1 | seed=6
================================================================================
VAMOS Experiment Runner
================================================================================
Problem: ZCAT1
Description: ZCAT1: scalable multi-objective benchmark from the Zapotecas-Coello-Aguirre suite.
Decision variables: 30
Objectives: 2
Encoding: real
Algorithm: NSGAII
Backend: numpy
Population size: 80
Offspring population size: 80
Max evaluations: 16000
--------------------------------------------------------------------------------
nsgaii -> Time: 9617.29 ms | Eval/s: 1663.7
Objective 1 spread: 1.001470
Results stored in: /home/nico/Documents/GitHub/VAMOS/results/archive_family_pilot_core/NSGAII_archive_family_ZCAT/raw_runs/NSGAII_archive_family_ZCAT/nsgaii_archive_passive/ZCAT1/nsgaii/numpy/seed_6
[Study] (18/270) nsgaii | numpy | zcat1 | seed=7
================================================================================
VAMOS Experiment Runner
================================================================================
Problem: ZCAT1
Description: ZCAT1: scalable multi-objective benchmark from the Zapotecas-Coello-Aguirre suite.
Decision variables: 30
Objectives: 2
Encoding: real
Algorithm: NSGAII
Backend: numpy
Population size: 80
Offspring population size: 80
Max evaluations: 16000
--------------------------------------------------------------------------------
nsgaii -> Time: 9606.41 ms | Eval/s: 1665.6
Objective 1 spread: 1.003288
Results stored in: /home/nico/Documents/GitHub/VAMOS/results/archive_family_pilot_core/NSGAII_archive_family_ZCAT/raw_runs/NSGAII_archive_family_ZCAT/nsgaii_archive_passive/ZCAT1/nsgaii/numpy/seed_7
[Study] (19/270) nsgaii | numpy | zcat1 | seed=8
================================================================================
VAMOS Experiment Runner
================================================================================
Problem: ZCAT1
Description: ZCAT1: scalable multi-objective benchmark from the Zapotecas-Coello-Aguirre suite.
Decision variables: 30
Objectives: 2
Encoding: real
Algorithm: NSGAII
Backend: numpy
Population size: 80
Offspring population size: 80
Max evaluations: 16000
--------------------------------------------------------------------------------
nsgaii -> Time: 9711.57 ms | Eval/s: 1647.5
Objective 1 spread: 1.014508
Results stored in: /home/nico/Documents/GitHub/VAMOS/results/archive_family_pilot_core/NSGAII_archive_family_ZCAT/raw_runs/NSGAII_archive_family_ZCAT/nsgaii_archive_passive/ZCAT1/nsgaii/numpy/seed_8
[Study] (20/270) nsgaii | numpy | zcat1 | seed=9
================================================================================
VAMOS Experiment Runner
================================================================================
Problem: ZCAT1
Description: ZCAT1: scalable multi-objective benchmark from the Zapotecas-Coello-Aguirre suite.
Decision variables: 30
Objectives: 2
Encoding: real
Algorithm: NSGAII
Backend: numpy
Population size: 80
Offspring population size: 80
Max evaluations: 16000
--------------------------------------------------------------------------------
nsgaii -> Time: 9645.58 ms | Eval/s: 1658.8
Objective 1 spread: 1.005986
Results stored in: /home/nico/Documents/GitHub/VAMOS/results/archive_family_pilot_core/NSGAII_archive_family_ZCAT/raw_runs/NSGAII_archive_family_ZCAT/nsgaii_archive_passive/ZCAT1/nsgaii/numpy/seed_9
[Study] (21/270) nsgaii | numpy | zcat1 | seed=0
================================================================================
VAMOS Experiment Runner
================================================================================
Problem: ZCAT1
Description: ZCAT1: scalable multi-objective benchmark from the Zapotecas-Coello-Aguirre suite.
Decision variables: 30
Objectives: 2
Encoding: real
Algorithm: NSGAII
Backend: numpy
Population size: 80
Offspring population size: 80
Max evaluations: 16000
--------------------------------------------------------------------------------
nsgaii -> Time: 9930.23 ms | Eval/s: 1611.2
Objective 1 spread: 1.001253
Results stored in: /home/nico/Documents/GitHub/VAMOS/results/archive_family_pilot_core/NSGAII_archive_family_ZCAT/raw_runs/NSGAII_archive_family_ZCAT/nsgaii_archive_hybrid/ZCAT1/nsgaii/numpy/seed_0
[Study] (22/270) nsgaii | numpy | zcat1 | seed=1
================================================================================
VAMOS Experiment Runner
================================================================================
Problem: ZCAT1
Description: ZCAT1: scalable multi-objective benchmark from the Zapotecas-Coello-Aguirre suite.
Decision variables: 30
Objectives: 2
Encoding: real
Algorithm: NSGAII
Backend: numpy
Population size: 80
Offspring population size: 80
Max evaluations: 16000
--------------------------------------------------------------------------------
nsgaii -> Time: 9986.19 ms | Eval/s: 1602.2
Objective 1 spread: 1.011388
Results stored in: /home/nico/Documents/GitHub/VAMOS/results/archive_family_pilot_core/NSGAII_archive_family_ZCAT/raw_runs/NSGAII_archive_family_ZCAT/nsgaii_archive_hybrid/ZCAT1/nsgaii/numpy/seed_1
[Study] (23/270) nsgaii | numpy | zcat1 | seed=2
================================================================================
VAMOS Experiment Runner
================================================================================
Problem: ZCAT1
Description: ZCAT1: scalable multi-objective benchmark from the Zapotecas-Coello-Aguirre suite.
Decision variables: 30
Objectives: 2
Encoding: real
Algorithm: NSGAII
Backend: numpy
Population size: 80
Offspring population size: 80
Max evaluations: 16000
--------------------------------------------------------------------------------
nsgaii -> Time: 10088.32 ms | Eval/s: 1586.0
Objective 1 spread: 1.019236
Results stored in: /home/nico/Documents/GitHub/VAMOS/results/archive_family_pilot_core/NSGAII_archive_family_ZCAT/raw_runs/NSGAII_archive_family_ZCAT/nsgaii_archive_hybrid/ZCAT1/nsgaii/numpy/seed_2
[Study] (24/270) nsgaii | numpy | zcat1 | seed=3
================================================================================
VAMOS Experiment Runner
================================================================================
Problem: ZCAT1
Description: ZCAT1: scalable multi-objective benchmark from the Zapotecas-Coello-Aguirre suite.
Decision variables: 30
Objectives: 2
Encoding: real
Algorithm: NSGAII
Backend: numpy
Population size: 80
Offspring population size: 80
Max evaluations: 16000
--------------------------------------------------------------------------------
nsgaii -> Time: 9985.99 ms | Eval/s: 1602.2
Objective 1 spread: 1.012674
Results stored in: /home/nico/Documents/GitHub/VAMOS/results/archive_family_pilot_core/NSGAII_archive_family_ZCAT/raw_runs/NSGAII_archive_family_ZCAT/nsgaii_archive_hybrid/ZCAT1/nsgaii/numpy/seed_3
[Study] (25/270) nsgaii | numpy | zcat1 | seed=4
================================================================================
VAMOS Experiment Runner
================================================================================
Problem: ZCAT1
Description: ZCAT1: scalable multi-objective benchmark from the Zapotecas-Coello-Aguirre suite.
Decision variables: 30
Objectives: 2
Encoding: real
Algorithm: NSGAII
Backend: numpy
Population size: 80
Offspring population size: 80
Max evaluations: 16000
--------------------------------------------------------------------------------
nsgaii -> Time: 10157.40 ms | Eval/s: 1575.2
Objective 1 spread: 1.004097
Results stored in: /home/nico/Documents/GitHub/VAMOS/results/archive_family_pilot_core/NSGAII_archive_family_ZCAT/raw_runs/NSGAII_archive_family_ZCAT/nsgaii_archive_hybrid/ZCAT1/nsgaii/numpy/seed_4
[Study] (26/270) nsgaii | numpy | zcat1 | seed=5
================================================================================
VAMOS Experiment Runner
================================================================================
Problem: ZCAT1
Description: ZCAT1: scalable multi-objective benchmark from the Zapotecas-Coello-Aguirre suite.
Decision variables: 30
Objectives: 2
Encoding: real
Algorithm: NSGAII
Backend: numpy
Population size: 80
Offspring population size: 80
Max evaluations: 16000
--------------------------------------------------------------------------------
nsgaii -> Time: 10105.72 ms | Eval/s: 1583.3
Objective 1 spread: 1.009216
Results stored in: /home/nico/Documents/GitHub/VAMOS/results/archive_family_pilot_core/NSGAII_archive_family_ZCAT/raw_runs/NSGAII_archive_family_ZCAT/nsgaii_archive_hybrid/ZCAT1/nsgaii/numpy/seed_5
[Study] (27/270) nsgaii | numpy | zcat1 | seed=6
================================================================================
VAMOS Experiment Runner
================================================================================
Problem: ZCAT1
Description: ZCAT1: scalable multi-objective benchmark from the Zapotecas-Coello-Aguirre suite.
Decision variables: 30
Objectives: 2
Encoding: real
Algorithm: NSGAII
Backend: numpy
Population size: 80
Offspring population size: 80
Max evaluations: 16000
--------------------------------------------------------------------------------
nsgaii -> Time: 10166.98 ms | Eval/s: 1573.7
Objective 1 spread: 1.001460
Results stored in: /home/nico/Documents/GitHub/VAMOS/results/archive_family_pilot_core/NSGAII_archive_family_ZCAT/raw_runs/NSGAII_archive_family_ZCAT/nsgaii_archive_hybrid/ZCAT1/nsgaii/numpy/seed_6
[Study] (28/270) nsgaii | numpy | zcat1 | seed=7
================================================================================
VAMOS Experiment Runner
================================================================================
Problem: ZCAT1
Description: ZCAT1: scalable multi-objective benchmark from the Zapotecas-Coello-Aguirre suite.
Decision variables: 30
Objectives: 2
Encoding: real
Algorithm: NSGAII
Backend: numpy
Population size: 80
Offspring population size: 80
Max evaluations: 16000
--------------------------------------------------------------------------------
nsgaii -> Time: 10216.53 ms | Eval/s: 1566.1
Objective 1 spread: 1.020047
Results stored in: /home/nico/Documents/GitHub/VAMOS/results/archive_family_pilot_core/NSGAII_archive_family_ZCAT/raw_runs/NSGAII_archive_family_ZCAT/nsgaii_archive_hybrid/ZCAT1/nsgaii/numpy/seed_7
[Study] (29/270) nsgaii | numpy | zcat1 | seed=8
================================================================================
VAMOS Experiment Runner
================================================================================
Problem: ZCAT1
Description: ZCAT1: scalable multi-objective benchmark from the Zapotecas-Coello-Aguirre suite.
Decision variables: 30
Objectives: 2
Encoding: real
Algorithm: NSGAII
Backend: numpy
Population size: 80
Offspring population size: 80
Max evaluations: 16000
--------------------------------------------------------------------------------
nsgaii -> Time: 10170.01 ms | Eval/s: 1573.3
Objective 1 spread: 1.005705
Results stored in: /home/nico/Documents/GitHub/VAMOS/results/archive_family_pilot_core/NSGAII_archive_family_ZCAT/raw_runs/NSGAII_archive_family_ZCAT/nsgaii_archive_hybrid/ZCAT1/nsgaii/numpy/seed_8
[Study] (30/270) nsgaii | numpy | zcat1 | seed=9
================================================================================
VAMOS Experiment Runner
================================================================================
Problem: ZCAT1
Description: ZCAT1: scalable multi-objective benchmark from the Zapotecas-Coello-Aguirre suite.
Decision variables: 30
Objectives: 2
Encoding: real
Algorithm: NSGAII
Backend: numpy
Population size: 80
Offspring population size: 80
Max evaluations: 16000
--------------------------------------------------------------------------------
nsgaii -> Time: 10154.56 ms | Eval/s: 1575.6
Objective 1 spread: 1.015595
Results stored in: /home/nico/Documents/GitHub/VAMOS/results/archive_family_pilot_core/NSGAII_archive_family_ZCAT/raw_runs/NSGAII_archive_family_ZCAT/nsgaii_archive_hybrid/ZCAT1/nsgaii/numpy/seed_9
[Study] (31/270) nsgaii | numpy | zcat10 | seed=0
================================================================================
VAMOS Experiment Runner
================================================================================
Problem: ZCAT10
Description: ZCAT10: scalable multi-objective benchmark from the Zapotecas-Coello-Aguirre suite.
Decision variables: 30
Objectives: 2
Encoding: real
Algorithm: NSGAII
Backend: numpy
Population size: 80
Offspring population size: 80
Max evaluations: 16000
--------------------------------------------------------------------------------
nsgaii -> Time: 9627.01 ms | Eval/s: 1662.0
Objective 1 spread: 1.002359
Results stored in: /home/nico/Documents/GitHub/VAMOS/results/archive_family_pilot_core/NSGAII_archive_family_ZCAT/raw_runs/NSGAII_archive_family_ZCAT/nsgaii_archive_off/ZCAT10/nsgaii/numpy/seed_0
[Study] (32/270) nsgaii | numpy | zcat10 | seed=1
================================================================================
VAMOS Experiment Runner
================================================================================
Problem: ZCAT10
Description: ZCAT10: scalable multi-objective benchmark from the Zapotecas-Coello-Aguirre suite.
Decision variables: 30
Objectives: 2
Encoding: real
Algorithm: NSGAII
Backend: numpy
Population size: 80
Offspring population size: 80
Max evaluations: 16000
--------------------------------------------------------------------------------
nsgaii -> Time: 9611.75 ms | Eval/s: 1664.6
Objective 1 spread: 1.009140
Results stored in: /home/nico/Documents/GitHub/VAMOS/results/archive_family_pilot_core/NSGAII_archive_family_ZCAT/raw_runs/NSGAII_archive_family_ZCAT/nsgaii_archive_off/ZCAT10/nsgaii/numpy/seed_1
[Study] (33/270) nsgaii | numpy | zcat10 | seed=2
================================================================================
VAMOS Experiment Runner
================================================================================
Problem: ZCAT10
Description: ZCAT10: scalable multi-objective benchmark from the Zapotecas-Coello-Aguirre suite.
Decision variables: 30
Objectives: 2
Encoding: real
Algorithm: NSGAII
Backend: numpy
Population size: 80
Offspring population size: 80
Max evaluations: 16000
--------------------------------------------------------------------------------
nsgaii -> Time: 9611.97 ms | Eval/s: 1664.6
Objective 1 spread: 1.001050
Results stored in: /home/nico/Documents/GitHub/VAMOS/results/archive_family_pilot_core/NSGAII_archive_family_ZCAT/raw_runs/NSGAII_archive_family_ZCAT/nsgaii_archive_off/ZCAT10/nsgaii/numpy/seed_2
[Study] (34/270) nsgaii | numpy | zcat10 | seed=3
================================================================================
VAMOS Experiment Runner
================================================================================
Problem: ZCAT10
Description: ZCAT10: scalable multi-objective benchmark from the Zapotecas-Coello-Aguirre suite.
Decision variables: 30
Objectives: 2
Encoding: real
Algorithm: NSGAII
Backend: numpy
Population size: 80
Offspring population size: 80
Max evaluations: 16000
--------------------------------------------------------------------------------
nsgaii -> Time: 9594.63 ms | Eval/s: 1667.6
Objective 1 spread: 1.002982
Results stored in: /home/nico/Documents/GitHub/VAMOS/results/archive_family_pilot_core/NSGAII_archive_family_ZCAT/raw_runs/NSGAII_archive_family_ZCAT/nsgaii_archive_off/ZCAT10/nsgaii/numpy/seed_3
[Study] (35/270) nsgaii | numpy | zcat10 | seed=4
================================================================================
VAMOS Experiment Runner
================================================================================
Problem: ZCAT10
Description: ZCAT10: scalable multi-objective benchmark from the Zapotecas-Coello-Aguirre suite.
Decision variables: 30
Objectives: 2
Encoding: real
Algorithm: NSGAII
Backend: numpy
Population size: 80
Offspring population size: 80
Max evaluations: 16000
--------------------------------------------------------------------------------
nsgaii -> Time: 9597.26 ms | Eval/s: 1667.1
Objective 1 spread: 1.011295
Results stored in: /home/nico/Documents/GitHub/VAMOS/results/archive_family_pilot_core/NSGAII_archive_family_ZCAT/raw_runs/NSGAII_archive_family_ZCAT/nsgaii_archive_off/ZCAT10/nsgaii/numpy/seed_4
[Study] (36/270) nsgaii | numpy | zcat10 | seed=5
================================================================================
VAMOS Experiment Runner
================================================================================
Problem: ZCAT10
Description: ZCAT10: scalable multi-objective benchmark from the Zapotecas-Coello-Aguirre suite.
Decision variables: 30
Objectives: 2
Encoding: real
Algorithm: NSGAII
Backend: numpy
Population size: 80
Offspring population size: 80
Max evaluations: 16000
--------------------------------------------------------------------------------
nsgaii -> Time: 9503.42 ms | Eval/s: 1683.6
Objective 1 spread: 1.012777
Results stored in: /home/nico/Documents/GitHub/VAMOS/results/archive_family_pilot_core/NSGAII_archive_family_ZCAT/raw_runs/NSGAII_archive_family_ZCAT/nsgaii_archive_off/ZCAT10/nsgaii/numpy/seed_5
[Study] (37/270) nsgaii | numpy | zcat10 | seed=6
================================================================================
VAMOS Experiment Runner
================================================================================
Problem: ZCAT10
Description: ZCAT10: scalable multi-objective benchmark from the Zapotecas-Coello-Aguirre suite.
Decision variables: 30
Objectives: 2
Encoding: real
Algorithm: NSGAII
Backend: numpy
Population size: 80
Offspring population size: 80
Max evaluations: 16000
--------------------------------------------------------------------------------
nsgaii -> Time: 9443.68 ms | Eval/s: 1694.3
Objective 1 spread: 1.025163
Results stored in: /home/nico/Documents/GitHub/VAMOS/results/archive_family_pilot_core/NSGAII_archive_family_ZCAT/raw_runs/NSGAII_archive_family_ZCAT/nsgaii_archive_off/ZCAT10/nsgaii/numpy/seed_6
[Study] (38/270) nsgaii | numpy | zcat10 | seed=7
================================================================================
VAMOS Experiment Runner
================================================================================
Problem: ZCAT10
Description: ZCAT10: scalable multi-objective benchmark from the Zapotecas-Coello-Aguirre suite.
Decision variables: 30
Objectives: 2
Encoding: real
Algorithm: NSGAII
Backend: numpy
Population size: 80
Offspring population size: 80
Max evaluations: 16000
--------------------------------------------------------------------------------
nsgaii -> Time: 9590.26 ms | Eval/s: 1668.4
Objective 1 spread: 1.003523
Results stored in: /home/nico/Documents/GitHub/VAMOS/results/archive_family_pilot_core/NSGAII_archive_family_ZCAT/raw_runs/NSGAII_archive_family_ZCAT/nsgaii_archive_off/ZCAT10/nsgaii/numpy/seed_7
[Study] (39/270) nsgaii | numpy | zcat10 | seed=8
================================================================================
VAMOS Experiment Runner
================================================================================
Problem: ZCAT10
Description: ZCAT10: scalable multi-objective benchmark from the Zapotecas-Coello-Aguirre suite.
Decision variables: 30
Objectives: 2
Encoding: real
Algorithm: NSGAII
Backend: numpy
Population size: 80
Offspring population size: 80
Max evaluations: 16000
--------------------------------------------------------------------------------
nsgaii -> Time: 9533.20 ms | Eval/s: 1678.3
Objective 1 spread: 1.001935
Results stored in: /home/nico/Documents/GitHub/VAMOS/results/archive_family_pilot_core/NSGAII_archive_family_ZCAT/raw_runs/NSGAII_archive_family_ZCAT/nsgaii_archive_off/ZCAT10/nsgaii/numpy/seed_8
[Study] (40/270) nsgaii | numpy | zcat10 | seed=9
================================================================================
VAMOS Experiment Runner
================================================================================
Problem: ZCAT10
Description: ZCAT10: scalable multi-objective benchmark from the Zapotecas-Coello-Aguirre suite.
Decision variables: 30
Objectives: 2
Encoding: real
Algorithm: NSGAII
Backend: numpy
Population size: 80
Offspring population size: 80
Max evaluations: 16000
--------------------------------------------------------------------------------
nsgaii -> Time: 9457.09 ms | Eval/s: 1691.9
Objective 1 spread: 1.000031
Results stored in: /home/nico/Documents/GitHub/VAMOS/results/archive_family_pilot_core/NSGAII_archive_family_ZCAT/raw_runs/NSGAII_archive_family_ZCAT/nsgaii_archive_off/ZCAT10/nsgaii/numpy/seed_9
[Study] (41/270) nsgaii | numpy | zcat10 | seed=0
================================================================================
VAMOS Experiment Runner
================================================================================
Problem: ZCAT10
Description: ZCAT10: scalable multi-objective benchmark from the Zapotecas-Coello-Aguirre suite.
Decision variables: 30
Objectives: 2
Encoding: real
Algorithm: NSGAII
Backend: numpy
Population size: 80
Offspring population size: 80
Max evaluations: 16000
--------------------------------------------------------------------------------
nsgaii -> Time: 9796.48 ms | Eval/s: 1633.2
Objective 1 spread: 1.002359
Results stored in: /home/nico/Documents/GitHub/VAMOS/results/archive_family_pilot_core/NSGAII_archive_family_ZCAT/raw_runs/NSGAII_archive_family_ZCAT/nsgaii_archive_passive/ZCAT10/nsgaii/numpy/seed_0
[Study] (42/270) nsgaii | numpy | zcat10 | seed=1
================================================================================
VAMOS Experiment Runner
================================================================================
Problem: ZCAT10
Description: ZCAT10: scalable multi-objective benchmark from the Zapotecas-Coello-Aguirre suite.
Decision variables: 30
Objectives: 2
Encoding: real
Algorithm: NSGAII
Backend: numpy
Population size: 80
Offspring population size: 80
Max evaluations: 16000
--------------------------------------------------------------------------------
nsgaii -> Time: 9809.70 ms | Eval/s: 1631.0
Objective 1 spread: 1.009140
Results stored in: /home/nico/Documents/GitHub/VAMOS/results/archive_family_pilot_core/NSGAII_archive_family_ZCAT/raw_runs/NSGAII_archive_family_ZCAT/nsgaii_archive_passive/ZCAT10/nsgaii/numpy/seed_1
[Study] (43/270) nsgaii | numpy | zcat10 | seed=2
================================================================================
VAMOS Experiment Runner
================================================================================
Problem: ZCAT10
Description: ZCAT10: scalable multi-objective benchmark from the Zapotecas-Coello-Aguirre suite.
Decision variables: 30
Objectives: 2
Encoding: real
Algorithm: NSGAII
Backend: numpy
Population size: 80
Offspring population size: 80
Max evaluations: 16000
--------------------------------------------------------------------------------
nsgaii -> Time: 9898.61 ms | Eval/s: 1616.4
Objective 1 spread: 1.001050
Results stored in: /home/nico/Documents/GitHub/VAMOS/results/archive_family_pilot_core/NSGAII_archive_family_ZCAT/raw_runs/NSGAII_archive_family_ZCAT/nsgaii_archive_passive/ZCAT10/nsgaii/numpy/seed_2
[Study] (44/270) nsgaii | numpy | zcat10 | seed=3
================================================================================
VAMOS Experiment Runner
================================================================================
Problem: ZCAT10
Description: ZCAT10: scalable multi-objective benchmark from the Zapotecas-Coello-Aguirre suite.
Decision variables: 30
Objectives: 2
Encoding: real
Algorithm: NSGAII
Backend: numpy
Population size: 80
Offspring population size: 80
Max evaluations: 16000
--------------------------------------------------------------------------------
nsgaii -> Time: 9880.31 ms | Eval/s: 1619.4
Objective 1 spread: 1.002982
Results stored in: /home/nico/Documents/GitHub/VAMOS/results/archive_family_pilot_core/NSGAII_archive_family_ZCAT/raw_runs/NSGAII_archive_family_ZCAT/nsgaii_archive_passive/ZCAT10/nsgaii/numpy/seed_3
[Study] (45/270) nsgaii | numpy | zcat10 | seed=4
================================================================================
VAMOS Experiment Runner
================================================================================
Problem: ZCAT10
Description: ZCAT10: scalable multi-objective benchmark from the Zapotecas-Coello-Aguirre suite.
Decision variables: 30
Objectives: 2
Encoding: real
Algorithm: NSGAII
Backend: numpy
Population size: 80
Offspring population size: 80
Max evaluations: 16000
--------------------------------------------------------------------------------
nsgaii -> Time: 10032.49 ms | Eval/s: 1594.8
Objective 1 spread: 1.011295
Results stored in: /home/nico/Documents/GitHub/VAMOS/results/archive_family_pilot_core/NSGAII_archive_family_ZCAT/raw_runs/NSGAII_archive_family_ZCAT/nsgaii_archive_passive/ZCAT10/nsgaii/numpy/seed_4
[Study] (46/270) nsgaii | numpy | zcat10 | seed=5
================================================================================
VAMOS Experiment Runner
================================================================================
Problem: ZCAT10
Description: ZCAT10: scalable multi-objective benchmark from the Zapotecas-Coello-Aguirre suite.
Decision variables: 30
Objectives: 2
Encoding: real
Algorithm: NSGAII
Backend: numpy
Population size: 80
Offspring population size: 80
Max evaluations: 16000
--------------------------------------------------------------------------------
nsgaii -> Time: 10060.64 ms | Eval/s: 1590.4
Objective 1 spread: 1.012777
Results stored in: /home/nico/Documents/GitHub/VAMOS/results/archive_family_pilot_core/NSGAII_archive_family_ZCAT/raw_runs/NSGAII_archive_family_ZCAT/nsgaii_archive_passive/ZCAT10/nsgaii/numpy/seed_5
[Study] (47/270) nsgaii | numpy | zcat10 | seed=6
================================================================================
VAMOS Experiment Runner
================================================================================
Problem: ZCAT10
Description: ZCAT10: scalable multi-objective benchmark from the Zapotecas-Coello-Aguirre suite.
Decision variables: 30
Objectives: 2
Encoding: real
Algorithm: NSGAII
Backend: numpy
Population size: 80
Offspring population size: 80
Max evaluations: 16000
--------------------------------------------------------------------------------
nsgaii -> Time: 10021.87 ms | Eval/s: 1596.5
Objective 1 spread: 1.025163
Results stored in: /home/nico/Documents/GitHub/VAMOS/results/archive_family_pilot_core/NSGAII_archive_family_ZCAT/raw_runs/NSGAII_archive_family_ZCAT/nsgaii_archive_passive/ZCAT10/nsgaii/numpy/seed_6
[Study] (48/270) nsgaii | numpy | zcat10 | seed=7
================================================================================
VAMOS Experiment Runner
================================================================================
Problem: ZCAT10
Description: ZCAT10: scalable multi-objective benchmark from the Zapotecas-Coello-Aguirre suite.
Decision variables: 30
Objectives: 2
Encoding: real
Algorithm: NSGAII
Backend: numpy
Population size: 80
Offspring population size: 80
Max evaluations: 16000
--------------------------------------------------------------------------------
nsgaii -> Time: 10080.44 ms | Eval/s: 1587.2
Objective 1 spread: 1.003523
Results stored in: /home/nico/Documents/GitHub/VAMOS/results/archive_family_pilot_core/NSGAII_archive_family_ZCAT/raw_runs/NSGAII_archive_family_ZCAT/nsgaii_archive_passive/ZCAT10/nsgaii/numpy/seed_7
[Study] (49/270) nsgaii | numpy | zcat10 | seed=8
================================================================================
VAMOS Experiment Runner
================================================================================
Problem: ZCAT10
Description: ZCAT10: scalable multi-objective benchmark from the Zapotecas-Coello-Aguirre suite.
Decision variables: 30
Objectives: 2
Encoding: real
Algorithm: NSGAII
Backend: numpy
Population size: 80
Offspring population size: 80
Max evaluations: 16000
--------------------------------------------------------------------------------
nsgaii -> Time: 10073.08 ms | Eval/s: 1588.4
Objective 1 spread: 1.001935
Results stored in: /home/nico/Documents/GitHub/VAMOS/results/archive_family_pilot_core/NSGAII_archive_family_ZCAT/raw_runs/NSGAII_archive_family_ZCAT/nsgaii_archive_passive/ZCAT10/nsgaii/numpy/seed_8
[Study] (50/270) nsgaii | numpy | zcat10 | seed=9
================================================================================
VAMOS Experiment Runner
================================================================================
Problem: ZCAT10
Description: ZCAT10: scalable multi-objective benchmark from the Zapotecas-Coello-Aguirre suite.
Decision variables: 30
Objectives: 2
Encoding: real
Algorithm: NSGAII
Backend: numpy
Population size: 80
Offspring population size: 80
Max evaluations: 16000
--------------------------------------------------------------------------------
nsgaii -> Time: 9981.12 ms | Eval/s: 1603.0
Objective 1 spread: 1.000031
Results stored in: /home/nico/Documents/GitHub/VAMOS/results/archive_family_pilot_core/NSGAII_archive_family_ZCAT/raw_runs/NSGAII_archive_family_ZCAT/nsgaii_archive_passive/ZCAT10/nsgaii/numpy/seed_9
[Study] (51/270) nsgaii | numpy | zcat10 | seed=0
================================================================================
VAMOS Experiment Runner
================================================================================
Problem: ZCAT10
Description: ZCAT10: scalable multi-objective benchmark from the Zapotecas-Coello-Aguirre suite.
Decision variables: 30
Objectives: 2
Encoding: real
Algorithm: NSGAII
Backend: numpy
Population size: 80
Offspring population size: 80
Max evaluations: 16000
--------------------------------------------------------------------------------
nsgaii -> Time: 10389.93 ms | Eval/s: 1540.0
Objective 1 spread: 1.002565
Results stored in: /home/nico/Documents/GitHub/VAMOS/results/archive_family_pilot_core/NSGAII_archive_family_ZCAT/raw_runs/NSGAII_archive_family_ZCAT/nsgaii_archive_hybrid/ZCAT10/nsgaii/numpy/seed_0
[Study] (52/270) nsgaii | numpy | zcat10 | seed=1
================================================================================
VAMOS Experiment Runner
================================================================================
Problem: ZCAT10
Description: ZCAT10: scalable multi-objective benchmark from the Zapotecas-Coello-Aguirre suite.
Decision variables: 30
Objectives: 2
Encoding: real
Algorithm: NSGAII
Backend: numpy
Population size: 80
Offspring population size: 80
Max evaluations: 16000
--------------------------------------------------------------------------------
nsgaii -> Time: 10328.08 ms | Eval/s: 1549.2
Objective 1 spread: 1.003068
Results stored in: /home/nico/Documents/GitHub/VAMOS/results/archive_family_pilot_core/NSGAII_archive_family_ZCAT/raw_runs/NSGAII_archive_family_ZCAT/nsgaii_archive_hybrid/ZCAT10/nsgaii/numpy/seed_1
[Study] (53/270) nsgaii | numpy | zcat10 | seed=2
================================================================================
VAMOS Experiment Runner
================================================================================
Problem: ZCAT10
Description: ZCAT10: scalable multi-objective benchmark from the Zapotecas-Coello-Aguirre suite.
Decision variables: 30
Objectives: 2
Encoding: real
Algorithm: NSGAII
Backend: numpy
Population size: 80
Offspring population size: 80
Max evaluations: 16000
--------------------------------------------------------------------------------
nsgaii -> Time: 10304.91 ms | Eval/s: 1552.7
Objective 1 spread: 1.001219
Results stored in: /home/nico/Documents/GitHub/VAMOS/results/archive_family_pilot_core/NSGAII_archive_family_ZCAT/raw_runs/NSGAII_archive_family_ZCAT/nsgaii_archive_hybrid/ZCAT10/nsgaii/numpy/seed_2
[Study] (54/270) nsgaii | numpy | zcat10 | seed=3
================================================================================
VAMOS Experiment Runner
================================================================================
Problem: ZCAT10
Description: ZCAT10: scalable multi-objective benchmark from the Zapotecas-Coello-Aguirre suite.
Decision variables: 30
Objectives: 2
Encoding: real
Algorithm: NSGAII
Backend: numpy
Population size: 80
Offspring population size: 80
Max evaluations: 16000
--------------------------------------------------------------------------------
nsgaii -> Time: 10289.38 ms | Eval/s: 1555.0
Objective 1 spread: 1.000032
Results stored in: /home/nico/Documents/GitHub/VAMOS/results/archive_family_pilot_core/NSGAII_archive_family_ZCAT/raw_runs/NSGAII_archive_family_ZCAT/nsgaii_archive_hybrid/ZCAT10/nsgaii/numpy/seed_3
[Study] (55/270) nsgaii | numpy | zcat10 | seed=4
================================================================================
VAMOS Experiment Runner
================================================================================
Problem: ZCAT10
Description: ZCAT10: scalable multi-objective benchmark from the Zapotecas-Coello-Aguirre suite.
Decision variables: 30
Objectives: 2
Encoding: real
Algorithm: NSGAII
Backend: numpy
Population size: 80
Offspring population size: 80
Max evaluations: 16000
--------------------------------------------------------------------------------
nsgaii -> Time: 10289.90 ms | Eval/s: 1554.9
Objective 1 spread: 1.003500
Results stored in: /home/nico/Documents/GitHub/VAMOS/results/archive_family_pilot_core/NSGAII_archive_family_ZCAT/raw_runs/NSGAII_archive_family_ZCAT/nsgaii_archive_hybrid/ZCAT10/nsgaii/numpy/seed_4
[Study] (56/270) nsgaii | numpy | zcat10 | seed=5
================================================================================
VAMOS Experiment Runner
================================================================================
Problem: ZCAT10
Description: ZCAT10: scalable multi-objective benchmark from the Zapotecas-Coello-Aguirre suite.
Decision variables: 30
Objectives: 2
Encoding: real
Algorithm: NSGAII
Backend: numpy
Population size: 80
Offspring population size: 80
Max evaluations: 16000
--------------------------------------------------------------------------------
nsgaii -> Time: 10312.06 ms | Eval/s: 1551.6
Objective 1 spread: 1.003078
Results stored in: /home/nico/Documents/GitHub/VAMOS/results/archive_family_pilot_core/NSGAII_archive_family_ZCAT/raw_runs/NSGAII_archive_family_ZCAT/nsgaii_archive_hybrid/ZCAT10/nsgaii/numpy/seed_5
[Study] (57/270) nsgaii | numpy | zcat10 | seed=6
================================================================================
VAMOS Experiment Runner
================================================================================
Problem: ZCAT10
Description: ZCAT10: scalable multi-objective benchmark from the Zapotecas-Coello-Aguirre suite.
Decision variables: 30
Objectives: 2
Encoding: real
Algorithm: NSGAII
Backend: numpy
Population size: 80
Offspring population size: 80
Max evaluations: 16000
--------------------------------------------------------------------------------
nsgaii -> Time: 10314.66 ms | Eval/s: 1551.2
Objective 1 spread: 1.001796
Results stored in: /home/nico/Documents/GitHub/VAMOS/results/archive_family_pilot_core/NSGAII_archive_family_ZCAT/raw_runs/NSGAII_archive_family_ZCAT/nsgaii_archive_hybrid/ZCAT10/nsgaii/numpy/seed_6
[Study] (58/270) nsgaii | numpy | zcat10 | seed=7
================================================================================
VAMOS Experiment Runner
================================================================================
Problem: ZCAT10
Description: ZCAT10: scalable multi-objective benchmark from the Zapotecas-Coello-Aguirre suite.
Decision variables: 30
Objectives: 2
Encoding: real
Algorithm: NSGAII
Backend: numpy
Population size: 80
Offspring population size: 80
Max evaluations: 16000
--------------------------------------------------------------------------------
nsgaii -> Time: 10409.53 ms | Eval/s: 1537.1
Objective 1 spread: 1.003816
Results stored in: /home/nico/Documents/GitHub/VAMOS/results/archive_family_pilot_core/NSGAII_archive_family_ZCAT/raw_runs/NSGAII_archive_family_ZCAT/nsgaii_archive_hybrid/ZCAT10/nsgaii/numpy/seed_7
[Study] (59/270) nsgaii | numpy | zcat10 | seed=8
================================================================================
VAMOS Experiment Runner
================================================================================
Problem: ZCAT10
Description: ZCAT10: scalable multi-objective benchmark from the Zapotecas-Coello-Aguirre suite.
Decision variables: 30
Objectives: 2
Encoding: real
Algorithm: NSGAII
Backend: numpy
Population size: 80
Offspring population size: 80
Max evaluations: 16000
--------------------------------------------------------------------------------
nsgaii -> Time: 10433.46 ms | Eval/s: 1533.5
Objective 1 spread: 1.001193
Results stored in: /home/nico/Documents/GitHub/VAMOS/results/archive_family_pilot_core/NSGAII_archive_family_ZCAT/raw_runs/NSGAII_archive_family_ZCAT/nsgaii_archive_hybrid/ZCAT10/nsgaii/numpy/seed_8
[Study] (60/270) nsgaii | numpy | zcat10 | seed=9
================================================================================
VAMOS Experiment Runner
================================================================================
Problem: ZCAT10
Description: ZCAT10: scalable multi-objective benchmark from the Zapotecas-Coello-Aguirre suite.
Decision variables: 30
Objectives: 2
Encoding: real
Algorithm: NSGAII
Backend: numpy
Population size: 80
Offspring population size: 80
Max evaluations: 16000
--------------------------------------------------------------------------------
nsgaii -> Time: 10374.91 ms | Eval/s: 1542.2
Objective 1 spread: 1.001050
Results stored in: /home/nico/Documents/GitHub/VAMOS/results/archive_family_pilot_core/NSGAII_archive_family_ZCAT/raw_runs/NSGAII_archive_family_ZCAT/nsgaii_archive_hybrid/ZCAT10/nsgaii/numpy/seed_9
[Study] (61/270) nsgaii | numpy | zcat20 | seed=0
================================================================================
VAMOS Experiment Runner
================================================================================
Problem: ZCAT20
Description: ZCAT20: disconnected/degenerate Pareto-set variant from the Zapotecas-Coello-Aguirre suite.
Decision variables: 30
Objectives: 2
Encoding: real
Algorithm: NSGAII
Backend: numpy
Population size: 80
Offspring population size: 80
Max evaluations: 18000
--------------------------------------------------------------------------------
nsgaii -> Time: 11294.39 ms | Eval/s: 1593.7
Objective 1 spread: 1.005386
Results stored in: /home/nico/Documents/GitHub/VAMOS/results/archive_family_pilot_core/NSGAII_archive_family_ZCAT/raw_runs/NSGAII_archive_family_ZCAT/nsgaii_archive_off/ZCAT20/nsgaii/numpy/seed_0
[Study] (62/270) nsgaii | numpy | zcat20 | seed=1
================================================================================
VAMOS Experiment Runner
================================================================================
Problem: ZCAT20
Description: ZCAT20: disconnected/degenerate Pareto-set variant from the Zapotecas-Coello-Aguirre suite.
Decision variables: 30
Objectives: 2
Encoding: real
Algorithm: NSGAII
Backend: numpy
Population size: 80
Offspring population size: 80
Max evaluations: 18000
--------------------------------------------------------------------------------
nsgaii -> Time: 11330.56 ms | Eval/s: 1588.6
Objective 1 spread: 1.003460
Results stored in: /home/nico/Documents/GitHub/VAMOS/results/archive_family_pilot_core/NSGAII_archive_family_ZCAT/raw_runs/NSGAII_archive_family_ZCAT/nsgaii_archive_off/ZCAT20/nsgaii/numpy/seed_1
[Study] (63/270) nsgaii | numpy | zcat20 | seed=2
================================================================================
VAMOS Experiment Runner
================================================================================
Problem: ZCAT20
Description: ZCAT20: disconnected/degenerate Pareto-set variant from the Zapotecas-Coello-Aguirre suite.
Decision variables: 30
Objectives: 2
Encoding: real
Algorithm: NSGAII
Backend: numpy
Population size: 80
Offspring population size: 80
Max evaluations: 18000
--------------------------------------------------------------------------------
nsgaii -> Time: 11392.97 ms | Eval/s: 1579.9
Objective 1 spread: 1.000535
Results stored in: /home/nico/Documents/GitHub/VAMOS/results/archive_family_pilot_core/NSGAII_archive_family_ZCAT/raw_runs/NSGAII_archive_family_ZCAT/nsgaii_archive_off/ZCAT20/nsgaii/numpy/seed_2
[Study] (64/270) nsgaii | numpy | zcat20 | seed=3
================================================================================
VAMOS Experiment Runner
================================================================================
Problem: ZCAT20
Description: ZCAT20: disconnected/degenerate Pareto-set variant from the Zapotecas-Coello-Aguirre suite.
Decision variables: 30
Objectives: 2
Encoding: real
Algorithm: NSGAII
Backend: numpy
Population size: 80
Offspring population size: 80
Max evaluations: 18000
--------------------------------------------------------------------------------
nsgaii -> Time: 11337.65 ms | Eval/s: 1587.6
Objective 1 spread: 1.001121
Results stored in: /home/nico/Documents/GitHub/VAMOS/results/archive_family_pilot_core/NSGAII_archive_family_ZCAT/raw_runs/NSGAII_archive_family_ZCAT/nsgaii_archive_off/ZCAT20/nsgaii/numpy/seed_3
[Study] (65/270) nsgaii | numpy | zcat20 | seed=4
================================================================================
VAMOS Experiment Runner
================================================================================
Problem: ZCAT20
Description: ZCAT20: disconnected/degenerate Pareto-set variant from the Zapotecas-Coello-Aguirre suite.
Decision variables: 30
Objectives: 2
Encoding: real
Algorithm: NSGAII
Backend: numpy
Population size: 80
Offspring population size: 80
Max evaluations: 18000
--------------------------------------------------------------------------------
nsgaii -> Time: 11377.79 ms | Eval/s: 1582.0
Objective 1 spread: 1.000330
Results stored in: /home/nico/Documents/GitHub/VAMOS/results/archive_family_pilot_core/NSGAII_archive_family_ZCAT/raw_runs/NSGAII_archive_family_ZCAT/nsgaii_archive_off/ZCAT20/nsgaii/numpy/seed_4
[Study] (66/270) nsgaii | numpy | zcat20 | seed=5
================================================================================
VAMOS Experiment Runner
================================================================================
Problem: ZCAT20
Description: ZCAT20: disconnected/degenerate Pareto-set variant from the Zapotecas-Coello-Aguirre suite.
Decision variables: 30
Objectives: 2
Encoding: real
Algorithm: NSGAII
Backend: numpy
Population size: 80
Offspring population size: 80
Max evaluations: 18000
--------------------------------------------------------------------------------
nsgaii -> Time: 11566.44 ms | Eval/s: 1556.2
Objective 1 spread: 1.010313
Results stored in: /home/nico/Documents/GitHub/VAMOS/results/archive_family_pilot_core/NSGAII_archive_family_ZCAT/raw_runs/NSGAII_archive_family_ZCAT/nsgaii_archive_off/ZCAT20/nsgaii/numpy/seed_5
[Study] (67/270) nsgaii | numpy | zcat20 | seed=6
================================================================================
VAMOS Experiment Runner
================================================================================
Problem: ZCAT20
Description: ZCAT20: disconnected/degenerate Pareto-set variant from the Zapotecas-Coello-Aguirre suite.
Decision variables: 30
Objectives: 2
Encoding: real
Algorithm: NSGAII
Backend: numpy
Population size: 80
Offspring population size: 80
Max evaluations: 18000
--------------------------------------------------------------------------------
nsgaii -> Time: 11507.81 ms | Eval/s: 1564.2
Objective 1 spread: 1.011858
Results stored in: /home/nico/Documents/GitHub/VAMOS/results/archive_family_pilot_core/NSGAII_archive_family_ZCAT/raw_runs/NSGAII_archive_family_ZCAT/nsgaii_archive_off/ZCAT20/nsgaii/numpy/seed_6
[Study] (68/270) nsgaii | numpy | zcat20 | seed=7
================================================================================
VAMOS Experiment Runner
================================================================================
Problem: ZCAT20
Description: ZCAT20: disconnected/degenerate Pareto-set variant from the Zapotecas-Coello-Aguirre suite.
Decision variables: 30
Objectives: 2
Encoding: real
Algorithm: NSGAII
Backend: numpy
Population size: 80
Offspring population size: 80
Max evaluations: 18000
--------------------------------------------------------------------------------
nsgaii -> Time: 11545.65 ms | Eval/s: 1559.0
Objective 1 spread: 1.000918
Results stored in: /home/nico/Documents/GitHub/VAMOS/results/archive_family_pilot_core/NSGAII_archive_family_ZCAT/raw_runs/NSGAII_archive_family_ZCAT/nsgaii_archive_off/ZCAT20/nsgaii/numpy/seed_7
[Study] (69/270) nsgaii | numpy | zcat20 | seed=8
================================================================================
VAMOS Experiment Runner
================================================================================
Problem: ZCAT20
Description: ZCAT20: disconnected/degenerate Pareto-set variant from the Zapotecas-Coello-Aguirre suite.
Decision variables: 30
Objectives: 2
Encoding: real
Algorithm: NSGAII
Backend: numpy
Population size: 80
Offspring population size: 80
Max evaluations: 18000
--------------------------------------------------------------------------------
nsgaii -> Time: 11355.25 ms | Eval/s: 1585.2
Objective 1 spread: 1.027778
Results stored in: /home/nico/Documents/GitHub/VAMOS/results/archive_family_pilot_core/NSGAII_archive_family_ZCAT/raw_runs/NSGAII_archive_family_ZCAT/nsgaii_archive_off/ZCAT20/nsgaii/numpy/seed_8
[Study] (70/270) nsgaii | numpy | zcat20 | seed=9
================================================================================
VAMOS Experiment Runner
================================================================================
Problem: ZCAT20
Description: ZCAT20: disconnected/degenerate Pareto-set variant from the Zapotecas-Coello-Aguirre suite.
Decision variables: 30
Objectives: 2
Encoding: real
Algorithm: NSGAII
Backend: numpy
Population size: 80
Offspring population size: 80
Max evaluations: 18000
--------------------------------------------------------------------------------
nsgaii -> Time: 11264.89 ms | Eval/s: 1597.9
Objective 1 spread: 1.003015
Results stored in: /home/nico/Documents/GitHub/VAMOS/results/archive_family_pilot_core/NSGAII_archive_family_ZCAT/raw_runs/NSGAII_archive_family_ZCAT/nsgaii_archive_off/ZCAT20/nsgaii/numpy/seed_9
[Study] (71/270) nsgaii | numpy | zcat20 | seed=0
================================================================================
VAMOS Experiment Runner
================================================================================
Problem: ZCAT20
Description: ZCAT20: disconnected/degenerate Pareto-set variant from the Zapotecas-Coello-Aguirre suite.
Decision variables: 30
Objectives: 2
Encoding: real
Algorithm: NSGAII
Backend: numpy
Population size: 80
Offspring population size: 80
Max evaluations: 18000
--------------------------------------------------------------------------------
nsgaii -> Time: 11562.28 ms | Eval/s: 1556.8
Objective 1 spread: 1.005386
Results stored in: /home/nico/Documents/GitHub/VAMOS/results/archive_family_pilot_core/NSGAII_archive_family_ZCAT/raw_runs/NSGAII_archive_family_ZCAT/nsgaii_archive_passive/ZCAT20/nsgaii/numpy/seed_0
[Study] (72/270) nsgaii | numpy | zcat20 | seed=1
================================================================================
VAMOS Experiment Runner
================================================================================
Problem: ZCAT20
Description: ZCAT20: disconnected/degenerate Pareto-set variant from the Zapotecas-Coello-Aguirre suite.
Decision variables: 30
Objectives: 2
Encoding: real
Algorithm: NSGAII
Backend: numpy
Population size: 80
Offspring population size: 80
Max evaluations: 18000
--------------------------------------------------------------------------------
nsgaii -> Time: 11543.87 ms | Eval/s: 1559.3
Objective 1 spread: 1.003460
Results stored in: /home/nico/Documents/GitHub/VAMOS/results/archive_family_pilot_core/NSGAII_archive_family_ZCAT/raw_runs/NSGAII_archive_family_ZCAT/nsgaii_archive_passive/ZCAT20/nsgaii/numpy/seed_1
[Study] (73/270) nsgaii | numpy | zcat20 | seed=2
================================================================================
VAMOS Experiment Runner
================================================================================
Problem: ZCAT20
Description: ZCAT20: disconnected/degenerate Pareto-set variant from the Zapotecas-Coello-Aguirre suite.
Decision variables: 30
Objectives: 2
Encoding: real
Algorithm: NSGAII
Backend: numpy
Population size: 80
Offspring population size: 80
Max evaluations: 18000
--------------------------------------------------------------------------------
nsgaii -> Time: 11686.21 ms | Eval/s: 1540.3
Objective 1 spread: 1.000535
Results stored in: /home/nico/Documents/GitHub/VAMOS/results/archive_family_pilot_core/NSGAII_archive_family_ZCAT/raw_runs/NSGAII_archive_family_ZCAT/nsgaii_archive_passive/ZCAT20/nsgaii/numpy/seed_2
[Study] (74/270) nsgaii | numpy | zcat20 | seed=3
================================================================================
VAMOS Experiment Runner
================================================================================
Problem: ZCAT20
Description: ZCAT20: disconnected/degenerate Pareto-set variant from the Zapotecas-Coello-Aguirre suite.
Decision variables: 30
Objectives: 2
Encoding: real
Algorithm: NSGAII
Backend: numpy
Population size: 80
Offspring population size: 80
Max evaluations: 18000
--------------------------------------------------------------------------------
nsgaii -> Time: 11703.86 ms | Eval/s: 1538.0
Objective 1 spread: 1.001121
Results stored in: /home/nico/Documents/GitHub/VAMOS/results/archive_family_pilot_core/NSGAII_archive_family_ZCAT/raw_runs/NSGAII_archive_family_ZCAT/nsgaii_archive_passive/ZCAT20/nsgaii/numpy/seed_3
[Study] (75/270) nsgaii | numpy | zcat20 | seed=4
================================================================================
VAMOS Experiment Runner
================================================================================
Problem: ZCAT20
Description: ZCAT20: disconnected/degenerate Pareto-set variant from the Zapotecas-Coello-Aguirre suite.
Decision variables: 30
Objectives: 2
Encoding: real
Algorithm: NSGAII
Backend: numpy
Population size: 80
Offspring population size: 80
Max evaluations: 18000
--------------------------------------------------------------------------------
nsgaii -> Time: 11743.69 ms | Eval/s: 1532.7
Objective 1 spread: 1.000330
Results stored in: /home/nico/Documents/GitHub/VAMOS/results/archive_family_pilot_core/NSGAII_archive_family_ZCAT/raw_runs/NSGAII_archive_family_ZCAT/nsgaii_archive_passive/ZCAT20/nsgaii/numpy/seed_4
[Study] (76/270) nsgaii | numpy | zcat20 | seed=5
================================================================================
VAMOS Experiment Runner
================================================================================
Problem: ZCAT20
Description: ZCAT20: disconnected/degenerate Pareto-set variant from the Zapotecas-Coello-Aguirre suite.
Decision variables: 30
Objectives: 2
Encoding: real
Algorithm: NSGAII
Backend: numpy
Population size: 80
Offspring population size: 80
Max evaluations: 18000
--------------------------------------------------------------------------------
nsgaii -> Time: 11781.56 ms | Eval/s: 1527.8
Objective 1 spread: 1.010313
Results stored in: /home/nico/Documents/GitHub/VAMOS/results/archive_family_pilot_core/NSGAII_archive_family_ZCAT/raw_runs/NSGAII_archive_family_ZCAT/nsgaii_archive_passive/ZCAT20/nsgaii/numpy/seed_5
[Study] (77/270) nsgaii | numpy | zcat20 | seed=6
================================================================================
VAMOS Experiment Runner
================================================================================
Problem: ZCAT20
Description: ZCAT20: disconnected/degenerate Pareto-set variant from the Zapotecas-Coello-Aguirre suite.
Decision variables: 30
Objectives: 2
Encoding: real
Algorithm: NSGAII
Backend: numpy
Population size: 80
Offspring population size: 80
Max evaluations: 18000
--------------------------------------------------------------------------------
nsgaii -> Time: 11685.70 ms | Eval/s: 1540.3
Objective 1 spread: 1.011858
Results stored in: /home/nico/Documents/GitHub/VAMOS/results/archive_family_pilot_core/NSGAII_archive_family_ZCAT/raw_runs/NSGAII_archive_family_ZCAT/nsgaii_archive_passive/ZCAT20/nsgaii/numpy/seed_6
[Study] (78/270) nsgaii | numpy | zcat20 | seed=7
================================================================================
VAMOS Experiment Runner
================================================================================
Problem: ZCAT20
Description: ZCAT20: disconnected/degenerate Pareto-set variant from the Zapotecas-Coello-Aguirre suite.
Decision variables: 30
Objectives: 2
Encoding: real
Algorithm: NSGAII
Backend: numpy
Population size: 80
Offspring population size: 80
Max evaluations: 18000
--------------------------------------------------------------------------------
nsgaii -> Time: 11738.92 ms | Eval/s: 1533.4
Objective 1 spread: 1.000918
Results stored in: /home/nico/Documents/GitHub/VAMOS/results/archive_family_pilot_core/NSGAII_archive_family_ZCAT/raw_runs/NSGAII_archive_family_ZCAT/nsgaii_archive_passive/ZCAT20/nsgaii/numpy/seed_7
[Study] (79/270) nsgaii | numpy | zcat20 | seed=8
================================================================================
VAMOS Experiment Runner
================================================================================
Problem: ZCAT20
Description: ZCAT20: disconnected/degenerate Pareto-set variant from the Zapotecas-Coello-Aguirre suite.
Decision variables: 30
Objectives: 2
Encoding: real
Algorithm: NSGAII
Backend: numpy
Population size: 80
Offspring population size: 80
Max evaluations: 18000
--------------------------------------------------------------------------------
nsgaii -> Time: 11599.16 ms | Eval/s: 1551.8
Objective 1 spread: 1.027778
Results stored in: /home/nico/Documents/GitHub/VAMOS/results/archive_family_pilot_core/NSGAII_archive_family_ZCAT/raw_runs/NSGAII_archive_family_ZCAT/nsgaii_archive_passive/ZCAT20/nsgaii/numpy/seed_8
[Study] (80/270) nsgaii | numpy | zcat20 | seed=9
================================================================================
VAMOS Experiment Runner
================================================================================
Problem: ZCAT20
Description: ZCAT20: disconnected/degenerate Pareto-set variant from the Zapotecas-Coello-Aguirre suite.
Decision variables: 30
Objectives: 2
Encoding: real
Algorithm: NSGAII
Backend: numpy
Population size: 80
Offspring population size: 80
Max evaluations: 18000
--------------------------------------------------------------------------------
nsgaii -> Time: 11859.25 ms | Eval/s: 1517.8
Objective 1 spread: 1.003015
Results stored in: /home/nico/Documents/GitHub/VAMOS/results/archive_family_pilot_core/NSGAII_archive_family_ZCAT/raw_runs/NSGAII_archive_family_ZCAT/nsgaii_archive_passive/ZCAT20/nsgaii/numpy/seed_9
[Study] (81/270) nsgaii | numpy | zcat20 | seed=0
================================================================================
VAMOS Experiment Runner
================================================================================
Problem: ZCAT20
Description: ZCAT20: disconnected/degenerate Pareto-set variant from the Zapotecas-Coello-Aguirre suite.
Decision variables: 30
Objectives: 2
Encoding: real
Algorithm: NSGAII
Backend: numpy
Population size: 80
Offspring population size: 80
Max evaluations: 18000
--------------------------------------------------------------------------------
nsgaii -> Time: 12262.68 ms | Eval/s: 1467.9
Objective 1 spread: 1.018465
Results stored in: /home/nico/Documents/GitHub/VAMOS/results/archive_family_pilot_core/NSGAII_archive_family_ZCAT/raw_runs/NSGAII_archive_family_ZCAT/nsgaii_archive_hybrid/ZCAT20/nsgaii/numpy/seed_0
[Study] (82/270) nsgaii | numpy | zcat20 | seed=1
================================================================================
VAMOS Experiment Runner
================================================================================
Problem: ZCAT20
Description: ZCAT20: disconnected/degenerate Pareto-set variant from the Zapotecas-Coello-Aguirre suite.
Decision variables: 30
Objectives: 2
Encoding: real
Algorithm: NSGAII
Backend: numpy
Population size: 80
Offspring population size: 80
Max evaluations: 18000
--------------------------------------------------------------------------------
nsgaii -> Time: 12122.48 ms | Eval/s: 1484.8
Objective 1 spread: 1.005466
Results stored in: /home/nico/Documents/GitHub/VAMOS/results/archive_family_pilot_core/NSGAII_archive_family_ZCAT/raw_runs/NSGAII_archive_family_ZCAT/nsgaii_archive_hybrid/ZCAT20/nsgaii/numpy/seed_1
[Study] (83/270) nsgaii | numpy | zcat20 | seed=2
================================================================================
VAMOS Experiment Runner
================================================================================
Problem: ZCAT20
Description: ZCAT20: disconnected/degenerate Pareto-set variant from the Zapotecas-Coello-Aguirre suite.
Decision variables: 30
Objectives: 2
Encoding: real
Algorithm: NSGAII
Backend: numpy
Population size: 80
Offspring population size: 80
Max evaluations: 18000
--------------------------------------------------------------------------------
nsgaii -> Time: 12365.23 ms | Eval/s: 1455.7
Objective 1 spread: 1.001330
Results stored in: /home/nico/Documents/GitHub/VAMOS/results/archive_family_pilot_core/NSGAII_archive_family_ZCAT/raw_runs/NSGAII_archive_family_ZCAT/nsgaii_archive_hybrid/ZCAT20/nsgaii/numpy/seed_2
[Study] (84/270) nsgaii | numpy | zcat20 | seed=3
================================================================================
VAMOS Experiment Runner
================================================================================
Problem: ZCAT20
Description: ZCAT20: disconnected/degenerate Pareto-set variant from the Zapotecas-Coello-Aguirre suite.
Decision variables: 30
Objectives: 2
Encoding: real
Algorithm: NSGAII
Backend: numpy
Population size: 80
Offspring population size: 80
Max evaluations: 18000
--------------------------------------------------------------------------------
nsgaii -> Time: 12182.15 ms | Eval/s: 1477.6
Objective 1 spread: 1.002599
Results stored in: /home/nico/Documents/GitHub/VAMOS/results/archive_family_pilot_core/NSGAII_archive_family_ZCAT/raw_runs/NSGAII_archive_family_ZCAT/nsgaii_archive_hybrid/ZCAT20/nsgaii/numpy/seed_3
[Study] (85/270) nsgaii | numpy | zcat20 | seed=4
================================================================================
VAMOS Experiment Runner
================================================================================
Problem: ZCAT20
Description: ZCAT20: disconnected/degenerate Pareto-set variant from the Zapotecas-Coello-Aguirre suite.
Decision variables: 30
Objectives: 2
Encoding: real
Algorithm: NSGAII
Backend: numpy
Population size: 80
Offspring population size: 80
Max evaluations: 18000
--------------------------------------------------------------------------------
nsgaii -> Time: 12340.88 ms | Eval/s: 1458.6
Objective 1 spread: 1.004806
Results stored in: /home/nico/Documents/GitHub/VAMOS/results/archive_family_pilot_core/NSGAII_archive_family_ZCAT/raw_runs/NSGAII_archive_family_ZCAT/nsgaii_archive_hybrid/ZCAT20/nsgaii/numpy/seed_4
[Study] (86/270) nsgaii | numpy | zcat20 | seed=5
================================================================================
VAMOS Experiment Runner
================================================================================
Problem: ZCAT20
Description: ZCAT20: disconnected/degenerate Pareto-set variant from the Zapotecas-Coello-Aguirre suite.
Decision variables: 30
Objectives: 2
Encoding: real
Algorithm: NSGAII
Backend: numpy
Population size: 80
Offspring population size: 80
Max evaluations: 18000
--------------------------------------------------------------------------------
nsgaii -> Time: 12477.69 ms | Eval/s: 1442.6
Objective 1 spread: 1.015965
Results stored in: /home/nico/Documents/GitHub/VAMOS/results/archive_family_pilot_core/NSGAII_archive_family_ZCAT/raw_runs/NSGAII_archive_family_ZCAT/nsgaii_archive_hybrid/ZCAT20/nsgaii/numpy/seed_5
[Study] (87/270) nsgaii | numpy | zcat20 | seed=6
================================================================================
VAMOS Experiment Runner
================================================================================
Problem: ZCAT20
Description: ZCAT20: disconnected/degenerate Pareto-set variant from the Zapotecas-Coello-Aguirre suite.
Decision variables: 30
Objectives: 2
Encoding: real
Algorithm: NSGAII
Backend: numpy
Population size: 80
Offspring population size: 80
Max evaluations: 18000
--------------------------------------------------------------------------------
nsgaii -> Time: 12264.83 ms | Eval/s: 1467.6
Objective 1 spread: 1.003942
Results stored in: /home/nico/Documents/GitHub/VAMOS/results/archive_family_pilot_core/NSGAII_archive_family_ZCAT/raw_runs/NSGAII_archive_family_ZCAT/nsgaii_archive_hybrid/ZCAT20/nsgaii/numpy/seed_6
[Study] (88/270) nsgaii | numpy | zcat20 | seed=7
================================================================================
VAMOS Experiment Runner
================================================================================
Problem: ZCAT20
Description: ZCAT20: disconnected/degenerate Pareto-set variant from the Zapotecas-Coello-Aguirre suite.
Decision variables: 30
Objectives: 2
Encoding: real
Algorithm: NSGAII
Backend: numpy
Population size: 80
Offspring population size: 80
Max evaluations: 18000
--------------------------------------------------------------------------------
nsgaii -> Time: 12243.56 ms | Eval/s: 1470.2
Objective 1 spread: 1.013538
Results stored in: /home/nico/Documents/GitHub/VAMOS/results/archive_family_pilot_core/NSGAII_archive_family_ZCAT/raw_runs/NSGAII_archive_family_ZCAT/nsgaii_archive_hybrid/ZCAT20/nsgaii/numpy/seed_7
[Study] (89/270) nsgaii | numpy | zcat20 | seed=8
================================================================================
VAMOS Experiment Runner
================================================================================
Problem: ZCAT20
Description: ZCAT20: disconnected/degenerate Pareto-set variant from the Zapotecas-Coello-Aguirre suite.
Decision variables: 30
Objectives: 2
Encoding: real
Algorithm: NSGAII
Backend: numpy
Population size: 80
Offspring population size: 80
Max evaluations: 18000
--------------------------------------------------------------------------------
nsgaii -> Time: 12436.62 ms | Eval/s: 1447.3
Objective 1 spread: 1.007367
Results stored in: /home/nico/Documents/GitHub/VAMOS/results/archive_family_pilot_core/NSGAII_archive_family_ZCAT/raw_runs/NSGAII_archive_family_ZCAT/nsgaii_archive_hybrid/ZCAT20/nsgaii/numpy/seed_8
[Study] (90/270) nsgaii | numpy | zcat20 | seed=9
================================================================================
VAMOS Experiment Runner
================================================================================
Problem: ZCAT20
Description: ZCAT20: disconnected/degenerate Pareto-set variant from the Zapotecas-Coello-Aguirre suite.
Decision variables: 30
Objectives: 2
Encoding: real
Algorithm: NSGAII
Backend: numpy
Population size: 80
Offspring population size: 80
Max evaluations: 18000
--------------------------------------------------------------------------------
nsgaii -> Time: 12664.95 ms | Eval/s: 1421.2
Objective 1 spread: 1.025320
Results stored in: /home/nico/Documents/GitHub/VAMOS/results/archive_family_pilot_core/NSGAII_archive_family_ZCAT/raw_runs/NSGAII_archive_family_ZCAT/nsgaii_archive_hybrid/ZCAT20/nsgaii/numpy/seed_9
[Study] (91/270) nsgaii | numpy | zcat1 | seed=0
================================================================================
VAMOS Experiment Runner
================================================================================
Problem: ZCAT1
Description: ZCAT1: scalable multi-objective benchmark from the Zapotecas-Coello-Aguirre suite.
Decision variables: 30
Objectives: 3
Encoding: real
Algorithm: NSGAII
Backend: numpy
Population size: 80
Offspring population size: 80
Max evaluations: 20000
--------------------------------------------------------------------------------
nsgaii -> Time: 13132.71 ms | Eval/s: 1522.9
Objective 1 spread: 1.076946
Results stored in: /home/nico/Documents/GitHub/VAMOS/results/archive_family_pilot_core/NSGAII_archive_family_ZCAT/raw_runs/NSGAII_archive_family_ZCAT/nsgaii_archive_off/ZCAT1/nsgaii/numpy/seed_0
[Study] (92/270) nsgaii | numpy | zcat1 | seed=1
================================================================================
VAMOS Experiment Runner
================================================================================
Problem: ZCAT1
Description: ZCAT1: scalable multi-objective benchmark from the Zapotecas-Coello-Aguirre suite.
Decision variables: 30
Objectives: 3
Encoding: real
Algorithm: NSGAII
Backend: numpy
Population size: 80
Offspring population size: 80
Max evaluations: 20000
--------------------------------------------------------------------------------
nsgaii -> Time: 12944.10 ms | Eval/s: 1545.1
Objective 1 spread: 1.066802
Results stored in: /home/nico/Documents/GitHub/VAMOS/results/archive_family_pilot_core/NSGAII_archive_family_ZCAT/raw_runs/NSGAII_archive_family_ZCAT/nsgaii_archive_off/ZCAT1/nsgaii/numpy/seed_1
[Study] (93/270) nsgaii | numpy | zcat1 | seed=2
================================================================================
VAMOS Experiment Runner
================================================================================
Problem: ZCAT1
Description: ZCAT1: scalable multi-objective benchmark from the Zapotecas-Coello-Aguirre suite.
Decision variables: 30
Objectives: 3
Encoding: real
Algorithm: NSGAII
Backend: numpy
Population size: 80
Offspring population size: 80
Max evaluations: 20000
--------------------------------------------------------------------------------
nsgaii -> Time: 12997.17 ms | Eval/s: 1538.8
Objective 1 spread: 1.016223
Results stored in: /home/nico/Documents/GitHub/VAMOS/results/archive_family_pilot_core/NSGAII_archive_family_ZCAT/raw_runs/NSGAII_archive_family_ZCAT/nsgaii_archive_off/ZCAT1/nsgaii/numpy/seed_2
[Study] (94/270) nsgaii | numpy | zcat1 | seed=3
================================================================================
VAMOS Experiment Runner
================================================================================
Problem: ZCAT1
Description: ZCAT1: scalable multi-objective benchmark from the Zapotecas-Coello-Aguirre suite.
Decision variables: 30
Objectives: 3
Encoding: real
Algorithm: NSGAII
Backend: numpy
Population size: 80
Offspring population size: 80
Max evaluations: 20000
--------------------------------------------------------------------------------
nsgaii -> Time: 12908.90 ms | Eval/s: 1549.3
Objective 1 spread: 1.039422
Results stored in: /home/nico/Documents/GitHub/VAMOS/results/archive_family_pilot_core/NSGAII_archive_family_ZCAT/raw_runs/NSGAII_archive_family_ZCAT/nsgaii_archive_off/ZCAT1/nsgaii/numpy/seed_3
[Study] (95/270) nsgaii | numpy | zcat1 | seed=4
================================================================================
VAMOS Experiment Runner
================================================================================
Problem: ZCAT1
Description: ZCAT1: scalable multi-objective benchmark from the Zapotecas-Coello-Aguirre suite.
Decision variables: 30
Objectives: 3
Encoding: real
Algorithm: NSGAII
Backend: numpy
Population size: 80
Offspring population size: 80
Max evaluations: 20000
--------------------------------------------------------------------------------
nsgaii -> Time: 13031.03 ms | Eval/s: 1534.8
Objective 1 spread: 1.159989
Results stored in: /home/nico/Documents/GitHub/VAMOS/results/archive_family_pilot_core/NSGAII_archive_family_ZCAT/raw_runs/NSGAII_archive_family_ZCAT/nsgaii_archive_off/ZCAT1/nsgaii/numpy/seed_4
[Study] (96/270) nsgaii | numpy | zcat1 | seed=5
================================================================================
VAMOS Experiment Runner
================================================================================
Problem: ZCAT1
Description: ZCAT1: scalable multi-objective benchmark from the Zapotecas-Coello-Aguirre suite.
Decision variables: 30
Objectives: 3
Encoding: real
Algorithm: NSGAII
Backend: numpy
Population size: 80
Offspring population size: 80
Max evaluations: 20000
--------------------------------------------------------------------------------
nsgaii -> Time: 13245.54 ms | Eval/s: 1509.9
Objective 1 spread: 1.023156
Results stored in: /home/nico/Documents/GitHub/VAMOS/results/archive_family_pilot_core/NSGAII_archive_family_ZCAT/raw_runs/NSGAII_archive_family_ZCAT/nsgaii_archive_off/ZCAT1/nsgaii/numpy/seed_5
[Study] (97/270) nsgaii | numpy | zcat1 | seed=6
================================================================================
VAMOS Experiment Runner
================================================================================
Problem: ZCAT1
Description: ZCAT1: scalable multi-objective benchmark from the Zapotecas-Coello-Aguirre suite.
Decision variables: 30
Objectives: 3
Encoding: real
Algorithm: NSGAII
Backend: numpy
Population size: 80
Offspring population size: 80
Max evaluations: 20000
--------------------------------------------------------------------------------
nsgaii -> Time: 13144.31 ms | Eval/s: 1521.6
Objective 1 spread: 1.040385
Results stored in: /home/nico/Documents/GitHub/VAMOS/results/archive_family_pilot_core/NSGAII_archive_family_ZCAT/raw_runs/NSGAII_archive_family_ZCAT/nsgaii_archive_off/ZCAT1/nsgaii/numpy/seed_6
[Study] (98/270) nsgaii | numpy | zcat1 | seed=7
================================================================================
VAMOS Experiment Runner
================================================================================
Problem: ZCAT1
Description: ZCAT1: scalable multi-objective benchmark from the Zapotecas-Coello-Aguirre suite.
Decision variables: 30
Objectives: 3
Encoding: real
Algorithm: NSGAII
Backend: numpy
Population size: 80
Offspring population size: 80
Max evaluations: 20000
--------------------------------------------------------------------------------
nsgaii -> Time: 13083.24 ms | Eval/s: 1528.7
Objective 1 spread: 1.392007
Results stored in: /home/nico/Documents/GitHub/VAMOS/results/archive_family_pilot_core/NSGAII_archive_family_ZCAT/raw_runs/NSGAII_archive_family_ZCAT/nsgaii_archive_off/ZCAT1/nsgaii/numpy/seed_7
[Study] (99/270) nsgaii | numpy | zcat1 | seed=8
================================================================================
VAMOS Experiment Runner
================================================================================
Problem: ZCAT1
Description: ZCAT1: scalable multi-objective benchmark from the Zapotecas-Coello-Aguirre suite.
Decision variables: 30
Objectives: 3
Encoding: real
Algorithm: NSGAII
Backend: numpy
Population size: 80
Offspring population size: 80
Max evaluations: 20000
--------------------------------------------------------------------------------
nsgaii -> Time: 13036.80 ms | Eval/s: 1534.1
Objective 1 spread: 1.042100
Results stored in: /home/nico/Documents/GitHub/VAMOS/results/archive_family_pilot_core/NSGAII_archive_family_ZCAT/raw_runs/NSGAII_archive_family_ZCAT/nsgaii_archive_off/ZCAT1/nsgaii/numpy/seed_8
[Study] (100/270) nsgaii | numpy | zcat1 | seed=9
================================================================================
VAMOS Experiment Runner
================================================================================
Problem: ZCAT1
Description: ZCAT1: scalable multi-objective benchmark from the Zapotecas-Coello-Aguirre suite.
Decision variables: 30
Objectives: 3
Encoding: real
Algorithm: NSGAII
Backend: numpy
Population size: 80
Offspring population size: 80
Max evaluations: 20000
--------------------------------------------------------------------------------
nsgaii -> Time: 13005.95 ms | Eval/s: 1537.8
Objective 1 spread: 1.041712
Results stored in: /home/nico/Documents/GitHub/VAMOS/results/archive_family_pilot_core/NSGAII_archive_family_ZCAT/raw_runs/NSGAII_archive_family_ZCAT/nsgaii_archive_off/ZCAT1/nsgaii/numpy/seed_9
[Study] (101/270) nsgaii | numpy | zcat1 | seed=0
================================================================================
VAMOS Experiment Runner
================================================================================
Problem: ZCAT1
Description: ZCAT1: scalable multi-objective benchmark from the Zapotecas-Coello-Aguirre suite.
Decision variables: 30
Objectives: 3
Encoding: real
Algorithm: NSGAII
Backend: numpy
Population size: 80
Offspring population size: 80
Max evaluations: 20000
--------------------------------------------------------------------------------
nsgaii -> Time: 14214.22 ms | Eval/s: 1407.0
Objective 1 spread: 1.076946
Results stored in: /home/nico/Documents/GitHub/VAMOS/results/archive_family_pilot_core/NSGAII_archive_family_ZCAT/raw_runs/NSGAII_archive_family_ZCAT/nsgaii_archive_passive/ZCAT1/nsgaii/numpy/seed_0
[Study] (102/270) nsgaii | numpy | zcat1 | seed=1
================================================================================
VAMOS Experiment Runner
================================================================================
Problem: ZCAT1
Description: ZCAT1: scalable multi-objective benchmark from the Zapotecas-Coello-Aguirre suite.
Decision variables: 30
Objectives: 3
Encoding: real
Algorithm: NSGAII
Backend: numpy
Population size: 80
Offspring population size: 80
Max evaluations: 20000
--------------------------------------------------------------------------------
nsgaii -> Time: 14288.19 ms | Eval/s: 1399.8
Objective 1 spread: 1.066802
Results stored in: /home/nico/Documents/GitHub/VAMOS/results/archive_family_pilot_core/NSGAII_archive_family_ZCAT/raw_runs/NSGAII_archive_family_ZCAT/nsgaii_archive_passive/ZCAT1/nsgaii/numpy/seed_1
[Study] (103/270) nsgaii | numpy | zcat1 | seed=2
================================================================================
VAMOS Experiment Runner
================================================================================
Problem: ZCAT1
Description: ZCAT1: scalable multi-objective benchmark from the Zapotecas-Coello-Aguirre suite.
Decision variables: 30
Objectives: 3
Encoding: real
Algorithm: NSGAII
Backend: numpy
Population size: 80
Offspring population size: 80
Max evaluations: 20000
--------------------------------------------------------------------------------
nsgaii -> Time: 14965.16 ms | Eval/s: 1336.4
Objective 1 spread: 1.016223
Results stored in: /home/nico/Documents/GitHub/VAMOS/results/archive_family_pilot_core/NSGAII_archive_family_ZCAT/raw_runs/NSGAII_archive_family_ZCAT/nsgaii_archive_passive/ZCAT1/nsgaii/numpy/seed_2
[Study] (104/270) nsgaii | numpy | zcat1 | seed=3
================================================================================
VAMOS Experiment Runner
================================================================================
Problem: ZCAT1
Description: ZCAT1: scalable multi-objective benchmark from the Zapotecas-Coello-Aguirre suite.
Decision variables: 30
Objectives: 3
Encoding: real
Algorithm: NSGAII
Backend: numpy
Population size: 80
Offspring population size: 80
Max evaluations: 20000
--------------------------------------------------------------------------------
nsgaii -> Time: 14484.52 ms | Eval/s: 1380.8
Objective 1 spread: 1.039422
Results stored in: /home/nico/Documents/GitHub/VAMOS/results/archive_family_pilot_core/NSGAII_archive_family_ZCAT/raw_runs/NSGAII_archive_family_ZCAT/nsgaii_archive_passive/ZCAT1/nsgaii/numpy/seed_3
[Study] (105/270) nsgaii | numpy | zcat1 | seed=4
================================================================================
VAMOS Experiment Runner
================================================================================
Problem: ZCAT1
Description: ZCAT1: scalable multi-objective benchmark from the Zapotecas-Coello-Aguirre suite.
Decision variables: 30
Objectives: 3
Encoding: real
Algorithm: NSGAII
Backend: numpy
Population size: 80
Offspring population size: 80
Max evaluations: 20000
--------------------------------------------------------------------------------
nsgaii -> Time: 14854.24 ms | Eval/s: 1346.4
Objective 1 spread: 1.159989
Results stored in: /home/nico/Documents/GitHub/VAMOS/results/archive_family_pilot_core/NSGAII_archive_family_ZCAT/raw_runs/NSGAII_archive_family_ZCAT/nsgaii_archive_passive/ZCAT1/nsgaii/numpy/seed_4
[Study] (106/270) nsgaii | numpy | zcat1 | seed=5
================================================================================
VAMOS Experiment Runner
================================================================================
Problem: ZCAT1
Description: ZCAT1: scalable multi-objective benchmark from the Zapotecas-Coello-Aguirre suite.
Decision variables: 30
Objectives: 3
Encoding: real
Algorithm: NSGAII
Backend: numpy
Population size: 80
Offspring population size: 80
Max evaluations: 20000
--------------------------------------------------------------------------------
nsgaii -> Time: 14522.82 ms | Eval/s: 1377.1
Objective 1 spread: 1.023156
Results stored in: /home/nico/Documents/GitHub/VAMOS/results/archive_family_pilot_core/NSGAII_archive_family_ZCAT/raw_runs/NSGAII_archive_family_ZCAT/nsgaii_archive_passive/ZCAT1/nsgaii/numpy/seed_5
[Study] (107/270) nsgaii | numpy | zcat1 | seed=6
================================================================================
VAMOS Experiment Runner
================================================================================
Problem: ZCAT1
Description: ZCAT1: scalable multi-objective benchmark from the Zapotecas-Coello-Aguirre suite.
Decision variables: 30
Objectives: 3
Encoding: real
Algorithm: NSGAII
Backend: numpy
Population size: 80
Offspring population size: 80
Max evaluations: 20000
--------------------------------------------------------------------------------
nsgaii -> Time: 15279.81 ms | Eval/s: 1308.9
Objective 1 spread: 1.040385
Results stored in: /home/nico/Documents/GitHub/VAMOS/results/archive_family_pilot_core/NSGAII_archive_family_ZCAT/raw_runs/NSGAII_archive_family_ZCAT/nsgaii_archive_passive/ZCAT1/nsgaii/numpy/seed_6
[Study] (108/270) nsgaii | numpy | zcat1 | seed=7
================================================================================
VAMOS Experiment Runner
================================================================================
Problem: ZCAT1
Description: ZCAT1: scalable multi-objective benchmark from the Zapotecas-Coello-Aguirre suite.
Decision variables: 30
Objectives: 3
Encoding: real
Algorithm: NSGAII
Backend: numpy
Population size: 80
Offspring population size: 80
Max evaluations: 20000
--------------------------------------------------------------------------------
nsgaii -> Time: 14773.44 ms | Eval/s: 1353.8
Objective 1 spread: 1.392007
Results stored in: /home/nico/Documents/GitHub/VAMOS/results/archive_family_pilot_core/NSGAII_archive_family_ZCAT/raw_runs/NSGAII_archive_family_ZCAT/nsgaii_archive_passive/ZCAT1/nsgaii/numpy/seed_7
[Study] (109/270) nsgaii | numpy | zcat1 | seed=8
================================================================================
VAMOS Experiment Runner
================================================================================
Problem: ZCAT1
Description: ZCAT1: scalable multi-objective benchmark from the Zapotecas-Coello-Aguirre suite.
Decision variables: 30
Objectives: 3
Encoding: real
Algorithm: NSGAII
Backend: numpy
Population size: 80
Offspring population size: 80
Max evaluations: 20000
--------------------------------------------------------------------------------
nsgaii -> Time: 15314.56 ms | Eval/s: 1305.9
Objective 1 spread: 1.042100
Results stored in: /home/nico/Documents/GitHub/VAMOS/results/archive_family_pilot_core/NSGAII_archive_family_ZCAT/raw_runs/NSGAII_archive_family_ZCAT/nsgaii_archive_passive/ZCAT1/nsgaii/numpy/seed_8
[Study] (110/270) nsgaii | numpy | zcat1 | seed=9
================================================================================
VAMOS Experiment Runner
================================================================================
Problem: ZCAT1
Description: ZCAT1: scalable multi-objective benchmark from the Zapotecas-Coello-Aguirre suite.
Decision variables: 30
Objectives: 3
Encoding: real
Algorithm: NSGAII
Backend: numpy
Population size: 80
Offspring population size: 80
Max evaluations: 20000
--------------------------------------------------------------------------------
nsgaii -> Time: 14995.45 ms | Eval/s: 1333.7
Objective 1 spread: 1.041712
Results stored in: /home/nico/Documents/GitHub/VAMOS/results/archive_family_pilot_core/NSGAII_archive_family_ZCAT/raw_runs/NSGAII_archive_family_ZCAT/nsgaii_archive_passive/ZCAT1/nsgaii/numpy/seed_9
[Study] (111/270) nsgaii | numpy | zcat1 | seed=0
================================================================================
VAMOS Experiment Runner
================================================================================
Problem: ZCAT1
Description: ZCAT1: scalable multi-objective benchmark from the Zapotecas-Coello-Aguirre suite.
Decision variables: 30
Objectives: 3
Encoding: real
Algorithm: NSGAII
Backend: numpy
Population size: 80
Offspring population size: 80
Max evaluations: 20000
--------------------------------------------------------------------------------
nsgaii -> Time: 15458.56 ms | Eval/s: 1293.8
Objective 1 spread: 1.149814
Results stored in: /home/nico/Documents/GitHub/VAMOS/results/archive_family_pilot_core/NSGAII_archive_family_ZCAT/raw_runs/NSGAII_archive_family_ZCAT/nsgaii_archive_hybrid/ZCAT1/nsgaii/numpy/seed_0
[Study] (112/270) nsgaii | numpy | zcat1 | seed=1
================================================================================
VAMOS Experiment Runner
================================================================================
Problem: ZCAT1
Description: ZCAT1: scalable multi-objective benchmark from the Zapotecas-Coello-Aguirre suite.
Decision variables: 30
Objectives: 3
Encoding: real
Algorithm: NSGAII
Backend: numpy
Population size: 80
Offspring population size: 80
Max evaluations: 20000
--------------------------------------------------------------------------------
nsgaii -> Time: 15194.44 ms | Eval/s: 1316.3
Objective 1 spread: 1.733416
Results stored in: /home/nico/Documents/GitHub/VAMOS/results/archive_family_pilot_core/NSGAII_archive_family_ZCAT/raw_runs/NSGAII_archive_family_ZCAT/nsgaii_archive_hybrid/ZCAT1/nsgaii/numpy/seed_1
[Study] (113/270) nsgaii | numpy | zcat1 | seed=2
================================================================================
VAMOS Experiment Runner
================================================================================
Problem: ZCAT1
Description: ZCAT1: scalable multi-objective benchmark from the Zapotecas-Coello-Aguirre suite.
Decision variables: 30
Objectives: 3
Encoding: real
Algorithm: NSGAII
Backend: numpy
Population size: 80
Offspring population size: 80
Max evaluations: 20000
--------------------------------------------------------------------------------
nsgaii -> Time: 15505.36 ms | Eval/s: 1289.9
Objective 1 spread: 1.265837
Results stored in: /home/nico/Documents/GitHub/VAMOS/results/archive_family_pilot_core/NSGAII_archive_family_ZCAT/raw_runs/NSGAII_archive_family_ZCAT/nsgaii_archive_hybrid/ZCAT1/nsgaii/numpy/seed_2
[Study] (114/270) nsgaii | numpy | zcat1 | seed=3
================================================================================
VAMOS Experiment Runner
================================================================================
Problem: ZCAT1
Description: ZCAT1: scalable multi-objective benchmark from the Zapotecas-Coello-Aguirre suite.
Decision variables: 30
Objectives: 3
Encoding: real
Algorithm: NSGAII
Backend: numpy
Population size: 80
Offspring population size: 80
Max evaluations: 20000
--------------------------------------------------------------------------------
nsgaii -> Time: 15373.26 ms | Eval/s: 1301.0
Objective 1 spread: 1.224611
Results stored in: /home/nico/Documents/GitHub/VAMOS/results/archive_family_pilot_core/NSGAII_archive_family_ZCAT/raw_runs/NSGAII_archive_family_ZCAT/nsgaii_archive_hybrid/ZCAT1/nsgaii/numpy/seed_3
[Study] (115/270) nsgaii | numpy | zcat1 | seed=4
================================================================================
VAMOS Experiment Runner
================================================================================
Problem: ZCAT1
Description: ZCAT1: scalable multi-objective benchmark from the Zapotecas-Coello-Aguirre suite.
Decision variables: 30
Objectives: 3
Encoding: real
Algorithm: NSGAII
Backend: numpy
Population size: 80
Offspring population size: 80
Max evaluations: 20000
--------------------------------------------------------------------------------
nsgaii -> Time: 16159.20 ms | Eval/s: 1237.7
Objective 1 spread: 1.292732
Results stored in: /home/nico/Documents/GitHub/VAMOS/results/archive_family_pilot_core/NSGAII_archive_family_ZCAT/raw_runs/NSGAII_archive_family_ZCAT/nsgaii_archive_hybrid/ZCAT1/nsgaii/numpy/seed_4
[Study] (116/270) nsgaii | numpy | zcat1 | seed=5
================================================================================
VAMOS Experiment Runner
================================================================================
Problem: ZCAT1
Description: ZCAT1: scalable multi-objective benchmark from the Zapotecas-Coello-Aguirre suite.
Decision variables: 30
Objectives: 3
Encoding: real
Algorithm: NSGAII
Backend: numpy
Population size: 80
Offspring population size: 80
Max evaluations: 20000
--------------------------------------------------------------------------------
nsgaii -> Time: 16174.60 ms | Eval/s: 1236.5
Objective 1 spread: 1.255433
Results stored in: /home/nico/Documents/GitHub/VAMOS/results/archive_family_pilot_core/NSGAII_archive_family_ZCAT/raw_runs/NSGAII_archive_family_ZCAT/nsgaii_archive_hybrid/ZCAT1/nsgaii/numpy/seed_5
[Study] (117/270) nsgaii | numpy | zcat1 | seed=6
================================================================================
VAMOS Experiment Runner
================================================================================
Problem: ZCAT1
Description: ZCAT1: scalable multi-objective benchmark from the Zapotecas-Coello-Aguirre suite.
Decision variables: 30
Objectives: 3
Encoding: real
Algorithm: NSGAII
Backend: numpy
Population size: 80
Offspring population size: 80
Max evaluations: 20000
--------------------------------------------------------------------------------
nsgaii -> Time: 15803.27 ms | Eval/s: 1265.6
Objective 1 spread: 1.293112
Results stored in: /home/nico/Documents/GitHub/VAMOS/results/archive_family_pilot_core/NSGAII_archive_family_ZCAT/raw_runs/NSGAII_archive_family_ZCAT/nsgaii_archive_hybrid/ZCAT1/nsgaii/numpy/seed_6
[Study] (118/270) nsgaii | numpy | zcat1 | seed=7
================================================================================
VAMOS Experiment Runner
================================================================================
Problem: ZCAT1
Description: ZCAT1: scalable multi-objective benchmark from the Zapotecas-Coello-Aguirre suite.
Decision variables: 30
Objectives: 3
Encoding: real
Algorithm: NSGAII
Backend: numpy
Population size: 80
Offspring population size: 80
Max evaluations: 20000
--------------------------------------------------------------------------------
nsgaii -> Time: 15761.37 ms | Eval/s: 1268.9
Objective 1 spread: 1.290657
Results stored in: /home/nico/Documents/GitHub/VAMOS/results/archive_family_pilot_core/NSGAII_archive_family_ZCAT/raw_runs/NSGAII_archive_family_ZCAT/nsgaii_archive_hybrid/ZCAT1/nsgaii/numpy/seed_7
[Study] (119/270) nsgaii | numpy | zcat1 | seed=8
================================================================================
VAMOS Experiment Runner
================================================================================
Problem: ZCAT1
Description: ZCAT1: scalable multi-objective benchmark from the Zapotecas-Coello-Aguirre suite.
Decision variables: 30
Objectives: 3
Encoding: real
Algorithm: NSGAII
Backend: numpy
Population size: 80
Offspring population size: 80
Max evaluations: 20000
--------------------------------------------------------------------------------
nsgaii -> Time: 15489.95 ms | Eval/s: 1291.2
Objective 1 spread: 1.120005
Results stored in: /home/nico/Documents/GitHub/VAMOS/results/archive_family_pilot_core/NSGAII_archive_family_ZCAT/raw_runs/NSGAII_archive_family_ZCAT/nsgaii_archive_hybrid/ZCAT1/nsgaii/numpy/seed_8
[Study] (120/270) nsgaii | numpy | zcat1 | seed=9
================================================================================
VAMOS Experiment Runner
================================================================================
Problem: ZCAT1
Description: ZCAT1: scalable multi-objective benchmark from the Zapotecas-Coello-Aguirre suite.
Decision variables: 30
Objectives: 3
Encoding: real
Algorithm: NSGAII
Backend: numpy
Population size: 80
Offspring population size: 80
Max evaluations: 20000
--------------------------------------------------------------------------------
nsgaii -> Time: 15994.65 ms | Eval/s: 1250.4
Objective 1 spread: 1.011234
Results stored in: /home/nico/Documents/GitHub/VAMOS/results/archive_family_pilot_core/NSGAII_archive_family_ZCAT/raw_runs/NSGAII_archive_family_ZCAT/nsgaii_archive_hybrid/ZCAT1/nsgaii/numpy/seed_9
[Study] (121/270) nsgaii | numpy | zcat10 | seed=0
================================================================================
VAMOS Experiment Runner
================================================================================
Problem: ZCAT10
Description: ZCAT10: scalable multi-objective benchmark from the Zapotecas-Coello-Aguirre suite.
Decision variables: 30
Objectives: 3
Encoding: real
Algorithm: NSGAII
Backend: numpy
Population size: 80
Offspring population size: 80
Max evaluations: 20000
--------------------------------------------------------------------------------
nsgaii -> Time: 14233.04 ms | Eval/s: 1405.2
Objective 1 spread: 1.199823
Results stored in: /home/nico/Documents/GitHub/VAMOS/results/archive_family_pilot_core/NSGAII_archive_family_ZCAT/raw_runs/NSGAII_archive_family_ZCAT/nsgaii_archive_off/ZCAT10/nsgaii/numpy/seed_0
[Study] (122/270) nsgaii | numpy | zcat10 | seed=1
================================================================================
VAMOS Experiment Runner
================================================================================
Problem: ZCAT10
Description: ZCAT10: scalable multi-objective benchmark from the Zapotecas-Coello-Aguirre suite.
Decision variables: 30
Objectives: 3
Encoding: real
Algorithm: NSGAII
Backend: numpy
Population size: 80
Offspring population size: 80
Max evaluations: 20000
--------------------------------------------------------------------------------
nsgaii -> Time: 14034.26 ms | Eval/s: 1425.1
Objective 1 spread: 1.142922
Results stored in: /home/nico/Documents/GitHub/VAMOS/results/archive_family_pilot_core/NSGAII_archive_family_ZCAT/raw_runs/NSGAII_archive_family_ZCAT/nsgaii_archive_off/ZCAT10/nsgaii/numpy/seed_1
[Study] (123/270) nsgaii | numpy | zcat10 | seed=2
================================================================================
VAMOS Experiment Runner
================================================================================
Problem: ZCAT10
Description: ZCAT10: scalable multi-objective benchmark from the Zapotecas-Coello-Aguirre suite.
Decision variables: 30
Objectives: 3
Encoding: real
Algorithm: NSGAII
Backend: numpy
Population size: 80
Offspring population size: 80
Max evaluations: 20000
--------------------------------------------------------------------------------
nsgaii -> Time: 14070.27 ms | Eval/s: 1421.4
Objective 1 spread: 2.374336
Results stored in: /home/nico/Documents/GitHub/VAMOS/results/archive_family_pilot_core/NSGAII_archive_family_ZCAT/raw_runs/NSGAII_archive_family_ZCAT/nsgaii_archive_off/ZCAT10/nsgaii/numpy/seed_2
[Study] (124/270) nsgaii | numpy | zcat10 | seed=3
================================================================================
VAMOS Experiment Runner
================================================================================
Problem: ZCAT10
Description: ZCAT10: scalable multi-objective benchmark from the Zapotecas-Coello-Aguirre suite.
Decision variables: 30
Objectives: 3
Encoding: real
Algorithm: NSGAII
Backend: numpy
Population size: 80
Offspring population size: 80
Max evaluations: 20000
--------------------------------------------------------------------------------
nsgaii -> Time: 14070.67 ms | Eval/s: 1421.4
Objective 1 spread: 1.149109
Results stored in: /home/nico/Documents/GitHub/VAMOS/results/archive_family_pilot_core/NSGAII_archive_family_ZCAT/raw_runs/NSGAII_archive_family_ZCAT/nsgaii_archive_off/ZCAT10/nsgaii/numpy/seed_3
[Study] (125/270) nsgaii | numpy | zcat10 | seed=4
================================================================================
VAMOS Experiment Runner
================================================================================
Problem: ZCAT10
Description: ZCAT10: scalable multi-objective benchmark from the Zapotecas-Coello-Aguirre suite.
Decision variables: 30
Objectives: 3
Encoding: real
Algorithm: NSGAII
Backend: numpy
Population size: 80
Offspring population size: 80
Max evaluations: 20000
--------------------------------------------------------------------------------
nsgaii -> Time: 14157.06 ms | Eval/s: 1412.7
Objective 1 spread: 1.535887
Results stored in: /home/nico/Documents/GitHub/VAMOS/results/archive_family_pilot_core/NSGAII_archive_family_ZCAT/raw_runs/NSGAII_archive_family_ZCAT/nsgaii_archive_off/ZCAT10/nsgaii/numpy/seed_4
[Study] (126/270) nsgaii | numpy | zcat10 | seed=5
================================================================================
VAMOS Experiment Runner
================================================================================
Problem: ZCAT10
Description: ZCAT10: scalable multi-objective benchmark from the Zapotecas-Coello-Aguirre suite.
Decision variables: 30
Objectives: 3
Encoding: real
Algorithm: NSGAII
Backend: numpy
Population size: 80
Offspring population size: 80
Max evaluations: 20000
--------------------------------------------------------------------------------
nsgaii -> Time: 14178.41 ms | Eval/s: 1410.6
Objective 1 spread: 1.080425
Results stored in: /home/nico/Documents/GitHub/VAMOS/results/archive_family_pilot_core/NSGAII_archive_family_ZCAT/raw_runs/NSGAII_archive_family_ZCAT/nsgaii_archive_off/ZCAT10/nsgaii/numpy/seed_5
[Study] (127/270) nsgaii | numpy | zcat10 | seed=6
================================================================================
VAMOS Experiment Runner
================================================================================
Problem: ZCAT10
Description: ZCAT10: scalable multi-objective benchmark from the Zapotecas-Coello-Aguirre suite.
Decision variables: 30
Objectives: 3
Encoding: real
Algorithm: NSGAII
Backend: numpy
Population size: 80
Offspring population size: 80
Max evaluations: 20000
--------------------------------------------------------------------------------
nsgaii -> Time: 13991.93 ms | Eval/s: 1429.4
Objective 1 spread: 1.889442
Results stored in: /home/nico/Documents/GitHub/VAMOS/results/archive_family_pilot_core/NSGAII_archive_family_ZCAT/raw_runs/NSGAII_archive_family_ZCAT/nsgaii_archive_off/ZCAT10/nsgaii/numpy/seed_6
[Study] (128/270) nsgaii | numpy | zcat10 | seed=7
================================================================================
VAMOS Experiment Runner
================================================================================
Problem: ZCAT10
Description: ZCAT10: scalable multi-objective benchmark from the Zapotecas-Coello-Aguirre suite.
Decision variables: 30
Objectives: 3
Encoding: real
Algorithm: NSGAII
Backend: numpy
Population size: 80
Offspring population size: 80
Max evaluations: 20000
--------------------------------------------------------------------------------
nsgaii -> Time: 14062.71 ms | Eval/s: 1422.2
Objective 1 spread: 2.797115
Results stored in: /home/nico/Documents/GitHub/VAMOS/results/archive_family_pilot_core/NSGAII_archive_family_ZCAT/raw_runs/NSGAII_archive_family_ZCAT/nsgaii_archive_off/ZCAT10/nsgaii/numpy/seed_7
[Study] (129/270) nsgaii | numpy | zcat10 | seed=8
================================================================================
VAMOS Experiment Runner
================================================================================
Problem: ZCAT10
Description: ZCAT10: scalable multi-objective benchmark from the Zapotecas-Coello-Aguirre suite.
Decision variables: 30
Objectives: 3
Encoding: real
Algorithm: NSGAII
Backend: numpy
Population size: 80
Offspring population size: 80
Max evaluations: 20000
--------------------------------------------------------------------------------
nsgaii -> Time: 14379.80 ms | Eval/s: 1390.8
Objective 1 spread: 1.463164
Results stored in: /home/nico/Documents/GitHub/VAMOS/results/archive_family_pilot_core/NSGAII_archive_family_ZCAT/raw_runs/NSGAII_archive_family_ZCAT/nsgaii_archive_off/ZCAT10/nsgaii/numpy/seed_8
[Study] (130/270) nsgaii | numpy | zcat10 | seed=9
================================================================================
VAMOS Experiment Runner
================================================================================
Problem: ZCAT10
Description: ZCAT10: scalable multi-objective benchmark from the Zapotecas-Coello-Aguirre suite.
Decision variables: 30
Objectives: 3
Encoding: real
Algorithm: NSGAII
Backend: numpy
Population size: 80
Offspring population size: 80
Max evaluations: 20000
--------------------------------------------------------------------------------
nsgaii -> Time: 14355.51 ms | Eval/s: 1393.2
Objective 1 spread: 1.831730
Results stored in: /home/nico/Documents/GitHub/VAMOS/results/archive_family_pilot_core/NSGAII_archive_family_ZCAT/raw_runs/NSGAII_archive_family_ZCAT/nsgaii_archive_off/ZCAT10/nsgaii/numpy/seed_9
[Study] (131/270) nsgaii | numpy | zcat10 | seed=0
================================================================================
VAMOS Experiment Runner
================================================================================
Problem: ZCAT10
Description: ZCAT10: scalable multi-objective benchmark from the Zapotecas-Coello-Aguirre suite.
Decision variables: 30
Objectives: 3
Encoding: real
Algorithm: NSGAII
Backend: numpy
Population size: 80
Offspring population size: 80
Max evaluations: 20000
--------------------------------------------------------------------------------
nsgaii -> Time: 15413.91 ms | Eval/s: 1297.5
Objective 1 spread: 1.199823
Results stored in: /home/nico/Documents/GitHub/VAMOS/results/archive_family_pilot_core/NSGAII_archive_family_ZCAT/raw_runs/NSGAII_archive_family_ZCAT/nsgaii_archive_passive/ZCAT10/nsgaii/numpy/seed_0
[Study] (132/270) nsgaii | numpy | zcat10 | seed=1
================================================================================
VAMOS Experiment Runner
================================================================================
Problem: ZCAT10
Description: ZCAT10: scalable multi-objective benchmark from the Zapotecas-Coello-Aguirre suite.
Decision variables: 30
Objectives: 3
Encoding: real
Algorithm: NSGAII
Backend: numpy
Population size: 80
Offspring population size: 80
Max evaluations: 20000
--------------------------------------------------------------------------------
nsgaii -> Time: 15751.53 ms | Eval/s: 1269.7
Objective 1 spread: 1.142922
Results stored in: /home/nico/Documents/GitHub/VAMOS/results/archive_family_pilot_core/NSGAII_archive_family_ZCAT/raw_runs/NSGAII_archive_family_ZCAT/nsgaii_archive_passive/ZCAT10/nsgaii/numpy/seed_1
[Study] (133/270) nsgaii | numpy | zcat10 | seed=2
================================================================================
VAMOS Experiment Runner
================================================================================
Problem: ZCAT10
Description: ZCAT10: scalable multi-objective benchmark from the Zapotecas-Coello-Aguirre suite.
Decision variables: 30
Objectives: 3
Encoding: real
Algorithm: NSGAII
Backend: numpy
Population size: 80
Offspring population size: 80
Max evaluations: 20000
--------------------------------------------------------------------------------
nsgaii -> Time: 14971.83 ms | Eval/s: 1335.8
Objective 1 spread: 2.374336
Results stored in: /home/nico/Documents/GitHub/VAMOS/results/archive_family_pilot_core/NSGAII_archive_family_ZCAT/raw_runs/NSGAII_archive_family_ZCAT/nsgaii_archive_passive/ZCAT10/nsgaii/numpy/seed_2
[Study] (134/270) nsgaii | numpy | zcat10 | seed=3
================================================================================
VAMOS Experiment Runner
================================================================================
Problem: ZCAT10
Description: ZCAT10: scalable multi-objective benchmark from the Zapotecas-Coello-Aguirre suite.
Decision variables: 30
Objectives: 3
Encoding: real
Algorithm: NSGAII
Backend: numpy
Population size: 80
Offspring population size: 80
Max evaluations: 20000
--------------------------------------------------------------------------------
nsgaii -> Time: 15792.44 ms | Eval/s: 1266.4
Objective 1 spread: 1.149109
Results stored in: /home/nico/Documents/GitHub/VAMOS/results/archive_family_pilot_core/NSGAII_archive_family_ZCAT/raw_runs/NSGAII_archive_family_ZCAT/nsgaii_archive_passive/ZCAT10/nsgaii/numpy/seed_3
[Study] (135/270) nsgaii | numpy | zcat10 | seed=4
================================================================================
VAMOS Experiment Runner
================================================================================
Problem: ZCAT10
Description: ZCAT10: scalable multi-objective benchmark from the Zapotecas-Coello-Aguirre suite.
Decision variables: 30
Objectives: 3
Encoding: real
Algorithm: NSGAII
Backend: numpy
Population size: 80
Offspring population size: 80
Max evaluations: 20000
--------------------------------------------------------------------------------
nsgaii -> Time: 14878.85 ms | Eval/s: 1344.2
Objective 1 spread: 1.535887
Results stored in: /home/nico/Documents/GitHub/VAMOS/results/archive_family_pilot_core/NSGAII_archive_family_ZCAT/raw_runs/NSGAII_archive_family_ZCAT/nsgaii_archive_passive/ZCAT10/nsgaii/numpy/seed_4
[Study] (136/270) nsgaii | numpy | zcat10 | seed=5
================================================================================
VAMOS Experiment Runner
================================================================================
Problem: ZCAT10
Description: ZCAT10: scalable multi-objective benchmark from the Zapotecas-Coello-Aguirre suite.
Decision variables: 30
Objectives: 3
Encoding: real
Algorithm: NSGAII
Backend: numpy
Population size: 80
Offspring population size: 80
Max evaluations: 20000
--------------------------------------------------------------------------------
nsgaii -> Time: 15836.84 ms | Eval/s: 1262.9
Objective 1 spread: 1.080425
Results stored in: /home/nico/Documents/GitHub/VAMOS/results/archive_family_pilot_core/NSGAII_archive_family_ZCAT/raw_runs/NSGAII_archive_family_ZCAT/nsgaii_archive_passive/ZCAT10/nsgaii/numpy/seed_5
[Study] (137/270) nsgaii | numpy | zcat10 | seed=6
================================================================================
VAMOS Experiment Runner
================================================================================
Problem: ZCAT10
Description: ZCAT10: scalable multi-objective benchmark from the Zapotecas-Coello-Aguirre suite.
Decision variables: 30
Objectives: 3
Encoding: real
Algorithm: NSGAII
Backend: numpy
Population size: 80
Offspring population size: 80
Max evaluations: 20000
--------------------------------------------------------------------------------
nsgaii -> Time: 15631.47 ms | Eval/s: 1279.5
Objective 1 spread: 1.889442
Results stored in: /home/nico/Documents/GitHub/VAMOS/results/archive_family_pilot_core/NSGAII_archive_family_ZCAT/raw_runs/NSGAII_archive_family_ZCAT/nsgaii_archive_passive/ZCAT10/nsgaii/numpy/seed_6
[Study] (138/270) nsgaii | numpy | zcat10 | seed=7
================================================================================
VAMOS Experiment Runner
================================================================================
Problem: ZCAT10
Description: ZCAT10: scalable multi-objective benchmark from the Zapotecas-Coello-Aguirre suite.
Decision variables: 30
Objectives: 3
Encoding: real
Algorithm: NSGAII
Backend: numpy
Population size: 80
Offspring population size: 80
Max evaluations: 20000
--------------------------------------------------------------------------------
nsgaii -> Time: 15046.78 ms | Eval/s: 1329.2
Objective 1 spread: 2.797115
Results stored in: /home/nico/Documents/GitHub/VAMOS/results/archive_family_pilot_core/NSGAII_archive_family_ZCAT/raw_runs/NSGAII_archive_family_ZCAT/nsgaii_archive_passive/ZCAT10/nsgaii/numpy/seed_7
[Study] (139/270) nsgaii | numpy | zcat10 | seed=8
================================================================================
VAMOS Experiment Runner
================================================================================
Problem: ZCAT10
Description: ZCAT10: scalable multi-objective benchmark from the Zapotecas-Coello-Aguirre suite.
Decision variables: 30
Objectives: 3
Encoding: real
Algorithm: NSGAII
Backend: numpy
Population size: 80
Offspring population size: 80
Max evaluations: 20000
--------------------------------------------------------------------------------
nsgaii -> Time: 15656.04 ms | Eval/s: 1277.5
Objective 1 spread: 1.463164
Results stored in: /home/nico/Documents/GitHub/VAMOS/results/archive_family_pilot_core/NSGAII_archive_family_ZCAT/raw_runs/NSGAII_archive_family_ZCAT/nsgaii_archive_passive/ZCAT10/nsgaii/numpy/seed_8
[Study] (140/270) nsgaii | numpy | zcat10 | seed=9
================================================================================
VAMOS Experiment Runner
================================================================================
Problem: ZCAT10
Description: ZCAT10: scalable multi-objective benchmark from the Zapotecas-Coello-Aguirre suite.
Decision variables: 30
Objectives: 3
Encoding: real
Algorithm: NSGAII
Backend: numpy
Population size: 80
Offspring population size: 80
Max evaluations: 20000
--------------------------------------------------------------------------------
nsgaii -> Time: 15948.70 ms | Eval/s: 1254.0
Objective 1 spread: 1.831730
Results stored in: /home/nico/Documents/GitHub/VAMOS/results/archive_family_pilot_core/NSGAII_archive_family_ZCAT/raw_runs/NSGAII_archive_family_ZCAT/nsgaii_archive_passive/ZCAT10/nsgaii/numpy/seed_9
[Study] (141/270) nsgaii | numpy | zcat10 | seed=0
================================================================================
VAMOS Experiment Runner
================================================================================
Problem: ZCAT10
Description: ZCAT10: scalable multi-objective benchmark from the Zapotecas-Coello-Aguirre suite.
Decision variables: 30
Objectives: 3
Encoding: real
Algorithm: NSGAII
Backend: numpy
Population size: 80
Offspring population size: 80
Max evaluations: 20000
--------------------------------------------------------------------------------
nsgaii -> Time: 16640.52 ms | Eval/s: 1201.9
Objective 1 spread: 1.834709
Results stored in: /home/nico/Documents/GitHub/VAMOS/results/archive_family_pilot_core/NSGAII_archive_family_ZCAT/raw_runs/NSGAII_archive_family_ZCAT/nsgaii_archive_hybrid/ZCAT10/nsgaii/numpy/seed_0
[Study] (142/270) nsgaii | numpy | zcat10 | seed=1
================================================================================
VAMOS Experiment Runner
================================================================================
Problem: ZCAT10
Description: ZCAT10: scalable multi-objective benchmark from the Zapotecas-Coello-Aguirre suite.
Decision variables: 30
Objectives: 3
Encoding: real
Algorithm: NSGAII
Backend: numpy
Population size: 80
Offspring population size: 80
Max evaluations: 20000
--------------------------------------------------------------------------------
nsgaii -> Time: 17378.17 ms | Eval/s: 1150.9
Objective 1 spread: 1.973919
Results stored in: /home/nico/Documents/GitHub/VAMOS/results/archive_family_pilot_core/NSGAII_archive_family_ZCAT/raw_runs/NSGAII_archive_family_ZCAT/nsgaii_archive_hybrid/ZCAT10/nsgaii/numpy/seed_1
[Study] (143/270) nsgaii | numpy | zcat10 | seed=2
================================================================================
VAMOS Experiment Runner
================================================================================
Problem: ZCAT10
Description: ZCAT10: scalable multi-objective benchmark from the Zapotecas-Coello-Aguirre suite.
Decision variables: 30
Objectives: 3
Encoding: real
Algorithm: NSGAII
Backend: numpy
Population size: 80
Offspring population size: 80
Max evaluations: 20000
--------------------------------------------------------------------------------
nsgaii -> Time: 16443.58 ms | Eval/s: 1216.3
Objective 1 spread: 2.671478
Results stored in: /home/nico/Documents/GitHub/VAMOS/results/archive_family_pilot_core/NSGAII_archive_family_ZCAT/raw_runs/NSGAII_archive_family_ZCAT/nsgaii_archive_hybrid/ZCAT10/nsgaii/numpy/seed_2
[Study] (144/270) nsgaii | numpy | zcat10 | seed=3
================================================================================
VAMOS Experiment Runner
================================================================================
Problem: ZCAT10
Description: ZCAT10: scalable multi-objective benchmark from the Zapotecas-Coello-Aguirre suite.
Decision variables: 30
Objectives: 3
Encoding: real
Algorithm: NSGAII
Backend: numpy
Population size: 80
Offspring population size: 80
Max evaluations: 20000
--------------------------------------------------------------------------------
nsgaii -> Time: 16902.13 ms | Eval/s: 1183.3
Objective 1 spread: 2.803874
Results stored in: /home/nico/Documents/GitHub/VAMOS/results/archive_family_pilot_core/NSGAII_archive_family_ZCAT/raw_runs/NSGAII_archive_family_ZCAT/nsgaii_archive_hybrid/ZCAT10/nsgaii/numpy/seed_3
[Study] (145/270) nsgaii | numpy | zcat10 | seed=4
================================================================================
VAMOS Experiment Runner
================================================================================
Problem: ZCAT10
Description: ZCAT10: scalable multi-objective benchmark from the Zapotecas-Coello-Aguirre suite.
Decision variables: 30
Objectives: 3
Encoding: real
Algorithm: NSGAII
Backend: numpy
Population size: 80
Offspring population size: 80
Max evaluations: 20000
--------------------------------------------------------------------------------
nsgaii -> Time: 16499.67 ms | Eval/s: 1212.1
Objective 1 spread: 1.302231
Results stored in: /home/nico/Documents/GitHub/VAMOS/results/archive_family_pilot_core/NSGAII_archive_family_ZCAT/raw_runs/NSGAII_archive_family_ZCAT/nsgaii_archive_hybrid/ZCAT10/nsgaii/numpy/seed_4
[Study] (146/270) nsgaii | numpy | zcat10 | seed=5
================================================================================
VAMOS Experiment Runner
================================================================================
Problem: ZCAT10
Description: ZCAT10: scalable multi-objective benchmark from the Zapotecas-Coello-Aguirre suite.
Decision variables: 30
Objectives: 3
Encoding: real
Algorithm: NSGAII
Backend: numpy
Population size: 80
Offspring population size: 80
Max evaluations: 20000
--------------------------------------------------------------------------------
nsgaii -> Time: 17317.06 ms | Eval/s: 1154.9
Objective 1 spread: 2.110548
Results stored in: /home/nico/Documents/GitHub/VAMOS/results/archive_family_pilot_core/NSGAII_archive_family_ZCAT/raw_runs/NSGAII_archive_family_ZCAT/nsgaii_archive_hybrid/ZCAT10/nsgaii/numpy/seed_5
[Study] (147/270) nsgaii | numpy | zcat10 | seed=6
================================================================================
VAMOS Experiment Runner
================================================================================
Problem: ZCAT10
Description: ZCAT10: scalable multi-objective benchmark from the Zapotecas-Coello-Aguirre suite.
Decision variables: 30
Objectives: 3
Encoding: real
Algorithm: NSGAII
Backend: numpy
Population size: 80
Offspring population size: 80
Max evaluations: 20000
--------------------------------------------------------------------------------
nsgaii -> Time: 16796.27 ms | Eval/s: 1190.7
Objective 1 spread: 2.220362
Results stored in: /home/nico/Documents/GitHub/VAMOS/results/archive_family_pilot_core/NSGAII_archive_family_ZCAT/raw_runs/NSGAII_archive_family_ZCAT/nsgaii_archive_hybrid/ZCAT10/nsgaii/numpy/seed_6
[Study] (148/270) nsgaii | numpy | zcat10 | seed=7
================================================================================
VAMOS Experiment Runner
================================================================================
Problem: ZCAT10
Description: ZCAT10: scalable multi-objective benchmark from the Zapotecas-Coello-Aguirre suite.
Decision variables: 30
Objectives: 3
Encoding: real
Algorithm: NSGAII
Backend: numpy
Population size: 80
Offspring population size: 80
Max evaluations: 20000
--------------------------------------------------------------------------------
nsgaii -> Time: 17034.29 ms | Eval/s: 1174.1
Objective 1 spread: 2.336497
Results stored in: /home/nico/Documents/GitHub/VAMOS/results/archive_family_pilot_core/NSGAII_archive_family_ZCAT/raw_runs/NSGAII_archive_family_ZCAT/nsgaii_archive_hybrid/ZCAT10/nsgaii/numpy/seed_7
[Study] (149/270) nsgaii | numpy | zcat10 | seed=8
================================================================================
VAMOS Experiment Runner
================================================================================
Problem: ZCAT10
Description: ZCAT10: scalable multi-objective benchmark from the Zapotecas-Coello-Aguirre suite.
Decision variables: 30
Objectives: 3
Encoding: real
Algorithm: NSGAII
Backend: numpy
Population size: 80
Offspring population size: 80
Max evaluations: 20000
--------------------------------------------------------------------------------
nsgaii -> Time: 17739.53 ms | Eval/s: 1127.4
Objective 1 spread: 1.201791
Results stored in: /home/nico/Documents/GitHub/VAMOS/results/archive_family_pilot_core/NSGAII_archive_family_ZCAT/raw_runs/NSGAII_archive_family_ZCAT/nsgaii_archive_hybrid/ZCAT10/nsgaii/numpy/seed_8
[Study] (150/270) nsgaii | numpy | zcat10 | seed=9
================================================================================
VAMOS Experiment Runner
================================================================================
Problem: ZCAT10
Description: ZCAT10: scalable multi-objective benchmark from the Zapotecas-Coello-Aguirre suite.
Decision variables: 30
Objectives: 3
Encoding: real
Algorithm: NSGAII
Backend: numpy
Population size: 80
Offspring population size: 80
Max evaluations: 20000
--------------------------------------------------------------------------------
nsgaii -> Time: 17323.24 ms | Eval/s: 1154.5
Objective 1 spread: 1.707274
Results stored in: /home/nico/Documents/GitHub/VAMOS/results/archive_family_pilot_core/NSGAII_archive_family_ZCAT/raw_runs/NSGAII_archive_family_ZCAT/nsgaii_archive_hybrid/ZCAT10/nsgaii/numpy/seed_9
[Study] (151/270) nsgaii | numpy | zcat20 | seed=0
================================================================================
VAMOS Experiment Runner
================================================================================
Problem: ZCAT20
Description: ZCAT20: disconnected/degenerate Pareto-set variant from the Zapotecas-Coello-Aguirre suite.
Decision variables: 30
Objectives: 3
Encoding: real
Algorithm: NSGAII
Backend: numpy
Population size: 80
Offspring population size: 80
Max evaluations: 22000
--------------------------------------------------------------------------------
nsgaii -> Time: 17359.45 ms | Eval/s: 1267.3
Objective 1 spread: 3.026781
Results stored in: /home/nico/Documents/GitHub/VAMOS/results/archive_family_pilot_core/NSGAII_archive_family_ZCAT/raw_runs/NSGAII_archive_family_ZCAT/nsgaii_archive_off/ZCAT20/nsgaii/numpy/seed_0
[Study] (152/270) nsgaii | numpy | zcat20 | seed=1
================================================================================
VAMOS Experiment Runner
================================================================================
Problem: ZCAT20
Description: ZCAT20: disconnected/degenerate Pareto-set variant from the Zapotecas-Coello-Aguirre suite.
Decision variables: 30
Objectives: 3
Encoding: real
Algorithm: NSGAII
Backend: numpy
Population size: 80
Offspring population size: 80
Max evaluations: 22000
--------------------------------------------------------------------------------
nsgaii -> Time: 17229.52 ms | Eval/s: 1276.9
Objective 1 spread: 2.914406
Results stored in: /home/nico/Documents/GitHub/VAMOS/results/archive_family_pilot_core/NSGAII_archive_family_ZCAT/raw_runs/NSGAII_archive_family_ZCAT/nsgaii_archive_off/ZCAT20/nsgaii/numpy/seed_1
[Study] (153/270) nsgaii | numpy | zcat20 | seed=2
================================================================================
VAMOS Experiment Runner
================================================================================
Problem: ZCAT20
Description: ZCAT20: disconnected/degenerate Pareto-set variant from the Zapotecas-Coello-Aguirre suite.
Decision variables: 30
Objectives: 3
Encoding: real
Algorithm: NSGAII
Backend: numpy
Population size: 80
Offspring population size: 80
Max evaluations: 22000
--------------------------------------------------------------------------------
nsgaii -> Time: 17393.46 ms | Eval/s: 1264.8
Objective 1 spread: 2.389656
Results stored in: /home/nico/Documents/GitHub/VAMOS/results/archive_family_pilot_core/NSGAII_archive_family_ZCAT/raw_runs/NSGAII_archive_family_ZCAT/nsgaii_archive_off/ZCAT20/nsgaii/numpy/seed_2
[Study] (154/270) nsgaii | numpy | zcat20 | seed=3
================================================================================
VAMOS Experiment Runner
================================================================================
Problem: ZCAT20
Description: ZCAT20: disconnected/degenerate Pareto-set variant from the Zapotecas-Coello-Aguirre suite.
Decision variables: 30
Objectives: 3
Encoding: real
Algorithm: NSGAII
Backend: numpy
Population size: 80
Offspring population size: 80
Max evaluations: 22000
--------------------------------------------------------------------------------
nsgaii -> Time: 17328.23 ms | Eval/s: 1269.6
Objective 1 spread: 1.674017
Results stored in: /home/nico/Documents/GitHub/VAMOS/results/archive_family_pilot_core/NSGAII_archive_family_ZCAT/raw_runs/NSGAII_archive_family_ZCAT/nsgaii_archive_off/ZCAT20/nsgaii/numpy/seed_3
[Study] (155/270) nsgaii | numpy | zcat20 | seed=4
================================================================================
VAMOS Experiment Runner
================================================================================
Problem: ZCAT20
Description: ZCAT20: disconnected/degenerate Pareto-set variant from the Zapotecas-Coello-Aguirre suite.
Decision variables: 30
Objectives: 3
Encoding: real
Algorithm: NSGAII
Backend: numpy
Population size: 80
Offspring population size: 80
Max evaluations: 22000
--------------------------------------------------------------------------------
nsgaii -> Time: 17423.95 ms | Eval/s: 1262.6
Objective 1 spread: 1.953922
Results stored in: /home/nico/Documents/GitHub/VAMOS/results/archive_family_pilot_core/NSGAII_archive_family_ZCAT/raw_runs/NSGAII_archive_family_ZCAT/nsgaii_archive_off/ZCAT20/nsgaii/numpy/seed_4
[Study] (156/270) nsgaii | numpy | zcat20 | seed=5
================================================================================
VAMOS Experiment Runner
================================================================================
Problem: ZCAT20
Description: ZCAT20: disconnected/degenerate Pareto-set variant from the Zapotecas-Coello-Aguirre suite.
Decision variables: 30
Objectives: 3
Encoding: real
Algorithm: NSGAII
Backend: numpy
Population size: 80
Offspring population size: 80
Max evaluations: 22000
--------------------------------------------------------------------------------
nsgaii -> Time: 17436.96 ms | Eval/s: 1261.7
Objective 1 spread: 1.933852
Results stored in: /home/nico/Documents/GitHub/VAMOS/results/archive_family_pilot_core/NSGAII_archive_family_ZCAT/raw_runs/NSGAII_archive_family_ZCAT/nsgaii_archive_off/ZCAT20/nsgaii/numpy/seed_5
[Study] (157/270) nsgaii | numpy | zcat20 | seed=6
================================================================================
VAMOS Experiment Runner
================================================================================
Problem: ZCAT20
Description: ZCAT20: disconnected/degenerate Pareto-set variant from the Zapotecas-Coello-Aguirre suite.
Decision variables: 30
Objectives: 3
Encoding: real
Algorithm: NSGAII
Backend: numpy
Population size: 80
Offspring population size: 80
Max evaluations: 22000
--------------------------------------------------------------------------------
nsgaii -> Time: 17466.86 ms | Eval/s: 1259.5
Objective 1 spread: 3.342979
Results stored in: /home/nico/Documents/GitHub/VAMOS/results/archive_family_pilot_core/NSGAII_archive_family_ZCAT/raw_runs/NSGAII_archive_family_ZCAT/nsgaii_archive_off/ZCAT20/nsgaii/numpy/seed_6
[Study] (158/270) nsgaii | numpy | zcat20 | seed=7
================================================================================
VAMOS Experiment Runner
================================================================================
Problem: ZCAT20
Description: ZCAT20: disconnected/degenerate Pareto-set variant from the Zapotecas-Coello-Aguirre suite.
Decision variables: 30
Objectives: 3
Encoding: real
Algorithm: NSGAII
Backend: numpy
Population size: 80
Offspring population size: 80
Max evaluations: 22000
--------------------------------------------------------------------------------
nsgaii -> Time: 17458.79 ms | Eval/s: 1260.1
Objective 1 spread: 2.070238
Results stored in: /home/nico/Documents/GitHub/VAMOS/results/archive_family_pilot_core/NSGAII_archive_family_ZCAT/raw_runs/NSGAII_archive_family_ZCAT/nsgaii_archive_off/ZCAT20/nsgaii/numpy/seed_7
[Study] (159/270) nsgaii | numpy | zcat20 | seed=8
================================================================================
VAMOS Experiment Runner
================================================================================
Problem: ZCAT20
Description: ZCAT20: disconnected/degenerate Pareto-set variant from the Zapotecas-Coello-Aguirre suite.
Decision variables: 30
Objectives: 3
Encoding: real
Algorithm: NSGAII
Backend: numpy
Population size: 80
Offspring population size: 80
Max evaluations: 22000
--------------------------------------------------------------------------------
nsgaii -> Time: 17358.09 ms | Eval/s: 1267.4
Objective 1 spread: 1.290617
Results stored in: /home/nico/Documents/GitHub/VAMOS/results/archive_family_pilot_core/NSGAII_archive_family_ZCAT/raw_runs/NSGAII_archive_family_ZCAT/nsgaii_archive_off/ZCAT20/nsgaii/numpy/seed_8
[Study] (160/270) nsgaii | numpy | zcat20 | seed=9
================================================================================
VAMOS Experiment Runner
================================================================================
Problem: ZCAT20
Description: ZCAT20: disconnected/degenerate Pareto-set variant from the Zapotecas-Coello-Aguirre suite.
Decision variables: 30
Objectives: 3
Encoding: real
Algorithm: NSGAII
Backend: numpy
Population size: 80
Offspring population size: 80
Max evaluations: 22000
--------------------------------------------------------------------------------
nsgaii -> Time: 17512.02 ms | Eval/s: 1256.3
Objective 1 spread: 2.218654
Results stored in: /home/nico/Documents/GitHub/VAMOS/results/archive_family_pilot_core/NSGAII_archive_family_ZCAT/raw_runs/NSGAII_archive_family_ZCAT/nsgaii_archive_off/ZCAT20/nsgaii/numpy/seed_9
[Study] (161/270) nsgaii | numpy | zcat20 | seed=0
================================================================================
VAMOS Experiment Runner
================================================================================
Problem: ZCAT20
Description: ZCAT20: disconnected/degenerate Pareto-set variant from the Zapotecas-Coello-Aguirre suite.
Decision variables: 30
Objectives: 3
Encoding: real
Algorithm: NSGAII
Backend: numpy
Population size: 80
Offspring population size: 80
Max evaluations: 22000
--------------------------------------------------------------------------------
nsgaii -> Time: 18089.63 ms | Eval/s: 1216.2
Objective 1 spread: 3.026781
Results stored in: /home/nico/Documents/GitHub/VAMOS/results/archive_family_pilot_core/NSGAII_archive_family_ZCAT/raw_runs/NSGAII_archive_family_ZCAT/nsgaii_archive_passive/ZCAT20/nsgaii/numpy/seed_0
[Study] (162/270) nsgaii | numpy | zcat20 | seed=1
================================================================================
VAMOS Experiment Runner
================================================================================
Problem: ZCAT20
Description: ZCAT20: disconnected/degenerate Pareto-set variant from the Zapotecas-Coello-Aguirre suite.
Decision variables: 30
Objectives: 3
Encoding: real
Algorithm: NSGAII
Backend: numpy
Population size: 80
Offspring population size: 80
Max evaluations: 22000
--------------------------------------------------------------------------------
nsgaii -> Time: 18207.09 ms | Eval/s: 1208.3
Objective 1 spread: 2.914406
Results stored in: /home/nico/Documents/GitHub/VAMOS/results/archive_family_pilot_core/NSGAII_archive_family_ZCAT/raw_runs/NSGAII_archive_family_ZCAT/nsgaii_archive_passive/ZCAT20/nsgaii/numpy/seed_1
[Study] (163/270) nsgaii | numpy | zcat20 | seed=2
================================================================================
VAMOS Experiment Runner
================================================================================
Problem: ZCAT20
Description: ZCAT20: disconnected/degenerate Pareto-set variant from the Zapotecas-Coello-Aguirre suite.
Decision variables: 30
Objectives: 3
Encoding: real
Algorithm: NSGAII
Backend: numpy
Population size: 80
Offspring population size: 80
Max evaluations: 22000
--------------------------------------------------------------------------------
nsgaii -> Time: 18282.19 ms | Eval/s: 1203.4
Objective 1 spread: 2.389656
Results stored in: /home/nico/Documents/GitHub/VAMOS/results/archive_family_pilot_core/NSGAII_archive_family_ZCAT/raw_runs/NSGAII_archive_family_ZCAT/nsgaii_archive_passive/ZCAT20/nsgaii/numpy/seed_2
[Study] (164/270) nsgaii | numpy | zcat20 | seed=3
================================================================================
VAMOS Experiment Runner
================================================================================
Problem: ZCAT20
Description: ZCAT20: disconnected/degenerate Pareto-set variant from the Zapotecas-Coello-Aguirre suite.
Decision variables: 30
Objectives: 3
Encoding: real
Algorithm: NSGAII
Backend: numpy
Population size: 80
Offspring population size: 80
Max evaluations: 22000
--------------------------------------------------------------------------------
nsgaii -> Time: 18074.08 ms | Eval/s: 1217.2
Objective 1 spread: 1.674017
Results stored in: /home/nico/Documents/GitHub/VAMOS/results/archive_family_pilot_core/NSGAII_archive_family_ZCAT/raw_runs/NSGAII_archive_family_ZCAT/nsgaii_archive_passive/ZCAT20/nsgaii/numpy/seed_3
[Study] (165/270) nsgaii | numpy | zcat20 | seed=4
================================================================================
VAMOS Experiment Runner
================================================================================
Problem: ZCAT20
Description: ZCAT20: disconnected/degenerate Pareto-set variant from the Zapotecas-Coello-Aguirre suite.
Decision variables: 30
Objectives: 3
Encoding: real
Algorithm: NSGAII
Backend: numpy
Population size: 80
Offspring population size: 80
Max evaluations: 22000
--------------------------------------------------------------------------------
nsgaii -> Time: 18313.70 ms | Eval/s: 1201.3
Objective 1 spread: 1.953922
Results stored in: /home/nico/Documents/GitHub/VAMOS/results/archive_family_pilot_core/NSGAII_archive_family_ZCAT/raw_runs/NSGAII_archive_family_ZCAT/nsgaii_archive_passive/ZCAT20/nsgaii/numpy/seed_4
[Study] (166/270) nsgaii | numpy | zcat20 | seed=5
================================================================================
VAMOS Experiment Runner
================================================================================
Problem: ZCAT20
Description: ZCAT20: disconnected/degenerate Pareto-set variant from the Zapotecas-Coello-Aguirre suite.
Decision variables: 30
Objectives: 3
Encoding: real
Algorithm: NSGAII
Backend: numpy
Population size: 80
Offspring population size: 80
Max evaluations: 22000
--------------------------------------------------------------------------------
nsgaii -> Time: 18204.17 ms | Eval/s: 1208.5
Objective 1 spread: 1.933852
Results stored in: /home/nico/Documents/GitHub/VAMOS/results/archive_family_pilot_core/NSGAII_archive_family_ZCAT/raw_runs/NSGAII_archive_family_ZCAT/nsgaii_archive_passive/ZCAT20/nsgaii/numpy/seed_5
[Study] (167/270) nsgaii | numpy | zcat20 | seed=6
================================================================================
VAMOS Experiment Runner
================================================================================
Problem: ZCAT20
Description: ZCAT20: disconnected/degenerate Pareto-set variant from the Zapotecas-Coello-Aguirre suite.
Decision variables: 30
Objectives: 3
Encoding: real
Algorithm: NSGAII
Backend: numpy
Population size: 80
Offspring population size: 80
Max evaluations: 22000
--------------------------------------------------------------------------------
nsgaii -> Time: 18031.62 ms | Eval/s: 1220.1
Objective 1 spread: 3.342979
Results stored in: /home/nico/Documents/GitHub/VAMOS/results/archive_family_pilot_core/NSGAII_archive_family_ZCAT/raw_runs/NSGAII_archive_family_ZCAT/nsgaii_archive_passive/ZCAT20/nsgaii/numpy/seed_6
[Study] (168/270) nsgaii | numpy | zcat20 | seed=7
================================================================================
VAMOS Experiment Runner
================================================================================
Problem: ZCAT20
Description: ZCAT20: disconnected/degenerate Pareto-set variant from the Zapotecas-Coello-Aguirre suite.
Decision variables: 30
Objectives: 3
Encoding: real
Algorithm: NSGAII
Backend: numpy
Population size: 80
Offspring population size: 80
Max evaluations: 22000
--------------------------------------------------------------------------------
nsgaii -> Time: 18171.81 ms | Eval/s: 1210.7
Objective 1 spread: 2.070238
Results stored in: /home/nico/Documents/GitHub/VAMOS/results/archive_family_pilot_core/NSGAII_archive_family_ZCAT/raw_runs/NSGAII_archive_family_ZCAT/nsgaii_archive_passive/ZCAT20/nsgaii/numpy/seed_7
[Study] (169/270) nsgaii | numpy | zcat20 | seed=8
================================================================================
VAMOS Experiment Runner
================================================================================
Problem: ZCAT20
Description: ZCAT20: disconnected/degenerate Pareto-set variant from the Zapotecas-Coello-Aguirre suite.
Decision variables: 30
Objectives: 3
Encoding: real
Algorithm: NSGAII
Backend: numpy
Population size: 80
Offspring population size: 80
Max evaluations: 22000
--------------------------------------------------------------------------------
nsgaii -> Time: 18198.53 ms | Eval/s: 1208.9
Objective 1 spread: 1.290617
Results stored in: /home/nico/Documents/GitHub/VAMOS/results/archive_family_pilot_core/NSGAII_archive_family_ZCAT/raw_runs/NSGAII_archive_family_ZCAT/nsgaii_archive_passive/ZCAT20/nsgaii/numpy/seed_8
[Study] (170/270) nsgaii | numpy | zcat20 | seed=9
================================================================================
VAMOS Experiment Runner
================================================================================
Problem: ZCAT20
Description: ZCAT20: disconnected/degenerate Pareto-set variant from the Zapotecas-Coello-Aguirre suite.
Decision variables: 30
Objectives: 3
Encoding: real
Algorithm: NSGAII
Backend: numpy
Population size: 80
Offspring population size: 80
Max evaluations: 22000
--------------------------------------------------------------------------------
nsgaii -> Time: 17944.72 ms | Eval/s: 1226.0
Objective 1 spread: 2.218654
Results stored in: /home/nico/Documents/GitHub/VAMOS/results/archive_family_pilot_core/NSGAII_archive_family_ZCAT/raw_runs/NSGAII_archive_family_ZCAT/nsgaii_archive_passive/ZCAT20/nsgaii/numpy/seed_9
[Study] (171/270) nsgaii | numpy | zcat20 | seed=0
================================================================================
VAMOS Experiment Runner
================================================================================
Problem: ZCAT20
Description: ZCAT20: disconnected/degenerate Pareto-set variant from the Zapotecas-Coello-Aguirre suite.
Decision variables: 30
Objectives: 3
Encoding: real
Algorithm: NSGAII
Backend: numpy
Population size: 80
Offspring population size: 80
Max evaluations: 22000
--------------------------------------------------------------------------------
nsgaii -> Time: 18524.20 ms | Eval/s: 1187.6
Objective 1 spread: 1.852681
Results stored in: /home/nico/Documents/GitHub/VAMOS/results/archive_family_pilot_core/NSGAII_archive_family_ZCAT/raw_runs/NSGAII_archive_family_ZCAT/nsgaii_archive_hybrid/ZCAT20/nsgaii/numpy/seed_0
[Study] (172/270) nsgaii | numpy | zcat20 | seed=1
================================================================================
VAMOS Experiment Runner
================================================================================
Problem: ZCAT20
Description: ZCAT20: disconnected/degenerate Pareto-set variant from the Zapotecas-Coello-Aguirre suite.
Decision variables: 30
Objectives: 3
Encoding: real
Algorithm: NSGAII
Backend: numpy
Population size: 80
Offspring population size: 80
Max evaluations: 22000
--------------------------------------------------------------------------------
nsgaii -> Time: 19637.96 ms | Eval/s: 1120.3
Objective 1 spread: 1.914842
Results stored in: /home/nico/Documents/GitHub/VAMOS/results/archive_family_pilot_core/NSGAII_archive_family_ZCAT/raw_runs/NSGAII_archive_family_ZCAT/nsgaii_archive_hybrid/ZCAT20/nsgaii/numpy/seed_1
[Study] (173/270) nsgaii | numpy | zcat20 | seed=2
================================================================================
VAMOS Experiment Runner
================================================================================
Problem: ZCAT20
Description: ZCAT20: disconnected/degenerate Pareto-set variant from the Zapotecas-Coello-Aguirre suite.
Decision variables: 30
Objectives: 3
Encoding: real
Algorithm: NSGAII
Backend: numpy
Population size: 80
Offspring population size: 80
Max evaluations: 22000
--------------------------------------------------------------------------------
nsgaii -> Time: 19277.06 ms | Eval/s: 1141.3
Objective 1 spread: 2.822792
Results stored in: /home/nico/Documents/GitHub/VAMOS/results/archive_family_pilot_core/NSGAII_archive_family_ZCAT/raw_runs/NSGAII_archive_family_ZCAT/nsgaii_archive_hybrid/ZCAT20/nsgaii/numpy/seed_2
[Study] (174/270) nsgaii | numpy | zcat20 | seed=3
================================================================================
VAMOS Experiment Runner
================================================================================
Problem: ZCAT20
Description: ZCAT20: disconnected/degenerate Pareto-set variant from the Zapotecas-Coello-Aguirre suite.
Decision variables: 30
Objectives: 3
Encoding: real
Algorithm: NSGAII
Backend: numpy
Population size: 80
Offspring population size: 80
Max evaluations: 22000
--------------------------------------------------------------------------------
nsgaii -> Time: 19651.37 ms | Eval/s: 1119.5
Objective 1 spread: 2.146333
Results stored in: /home/nico/Documents/GitHub/VAMOS/results/archive_family_pilot_core/NSGAII_archive_family_ZCAT/raw_runs/NSGAII_archive_family_ZCAT/nsgaii_archive_hybrid/ZCAT20/nsgaii/numpy/seed_3
[Study] (175/270) nsgaii | numpy | zcat20 | seed=4
================================================================================
VAMOS Experiment Runner
================================================================================
Problem: ZCAT20
Description: ZCAT20: disconnected/degenerate Pareto-set variant from the Zapotecas-Coello-Aguirre suite.
Decision variables: 30
Objectives: 3
Encoding: real
Algorithm: NSGAII
Backend: numpy
Population size: 80
Offspring population size: 80
Max evaluations: 22000
--------------------------------------------------------------------------------
nsgaii -> Time: 19635.41 ms | Eval/s: 1120.4
Objective 1 spread: 2.299412
Results stored in: /home/nico/Documents/GitHub/VAMOS/results/archive_family_pilot_core/NSGAII_archive_family_ZCAT/raw_runs/NSGAII_archive_family_ZCAT/nsgaii_archive_hybrid/ZCAT20/nsgaii/numpy/seed_4
[Study] (176/270) nsgaii | numpy | zcat20 | seed=5
================================================================================
VAMOS Experiment Runner
================================================================================
Problem: ZCAT20
Description: ZCAT20: disconnected/degenerate Pareto-set variant from the Zapotecas-Coello-Aguirre suite.
Decision variables: 30
Objectives: 3
Encoding: real
Algorithm: NSGAII
Backend: numpy
Population size: 80
Offspring population size: 80
Max evaluations: 22000
--------------------------------------------------------------------------------
nsgaii -> Time: 19374.79 ms | Eval/s: 1135.5
Objective 1 spread: 2.709874
Results stored in: /home/nico/Documents/GitHub/VAMOS/results/archive_family_pilot_core/NSGAII_archive_family_ZCAT/raw_runs/NSGAII_archive_family_ZCAT/nsgaii_archive_hybrid/ZCAT20/nsgaii/numpy/seed_5
[Study] (177/270) nsgaii | numpy | zcat20 | seed=6
================================================================================
VAMOS Experiment Runner
================================================================================
Problem: ZCAT20
Description: ZCAT20: disconnected/degenerate Pareto-set variant from the Zapotecas-Coello-Aguirre suite.
Decision variables: 30
Objectives: 3
Encoding: real
Algorithm: NSGAII
Backend: numpy
Population size: 80
Offspring population size: 80
Max evaluations: 22000
--------------------------------------------------------------------------------
nsgaii -> Time: 19309.98 ms | Eval/s: 1139.3
Objective 1 spread: 2.672407
Results stored in: /home/nico/Documents/GitHub/VAMOS/results/archive_family_pilot_core/NSGAII_archive_family_ZCAT/raw_runs/NSGAII_archive_family_ZCAT/nsgaii_archive_hybrid/ZCAT20/nsgaii/numpy/seed_6
[Study] (178/270) nsgaii | numpy | zcat20 | seed=7
================================================================================
VAMOS Experiment Runner
================================================================================
Problem: ZCAT20
Description: ZCAT20: disconnected/degenerate Pareto-set variant from the Zapotecas-Coello-Aguirre suite.
Decision variables: 30
Objectives: 3
Encoding: real
Algorithm: NSGAII
Backend: numpy
Population size: 80
Offspring population size: 80
Max evaluations: 22000
--------------------------------------------------------------------------------
nsgaii -> Time: 19566.69 ms | Eval/s: 1124.4
Objective 1 spread: 2.719097
Results stored in: /home/nico/Documents/GitHub/VAMOS/results/archive_family_pilot_core/NSGAII_archive_family_ZCAT/raw_runs/NSGAII_archive_family_ZCAT/nsgaii_archive_hybrid/ZCAT20/nsgaii/numpy/seed_7
[Study] (179/270) nsgaii | numpy | zcat20 | seed=8
================================================================================
VAMOS Experiment Runner
================================================================================
Problem: ZCAT20
Description: ZCAT20: disconnected/degenerate Pareto-set variant from the Zapotecas-Coello-Aguirre suite.
Decision variables: 30
Objectives: 3
Encoding: real
Algorithm: NSGAII
Backend: numpy
Population size: 80
Offspring population size: 80
Max evaluations: 22000
--------------------------------------------------------------------------------
nsgaii -> Time: 19578.23 ms | Eval/s: 1123.7
Objective 1 spread: 2.551408
Results stored in: /home/nico/Documents/GitHub/VAMOS/results/archive_family_pilot_core/NSGAII_archive_family_ZCAT/raw_runs/NSGAII_archive_family_ZCAT/nsgaii_archive_hybrid/ZCAT20/nsgaii/numpy/seed_8
[Study] (180/270) nsgaii | numpy | zcat20 | seed=9
================================================================================
VAMOS Experiment Runner
================================================================================
Problem: ZCAT20
Description: ZCAT20: disconnected/degenerate Pareto-set variant from the Zapotecas-Coello-Aguirre suite.
Decision variables: 30
Objectives: 3
Encoding: real
Algorithm: NSGAII
Backend: numpy
Population size: 80
Offspring population size: 80
Max evaluations: 22000
--------------------------------------------------------------------------------
nsgaii -> Time: 19376.73 ms | Eval/s: 1135.4
Objective 1 spread: 1.866098
Results stored in: /home/nico/Documents/GitHub/VAMOS/results/archive_family_pilot_core/NSGAII_archive_family_ZCAT/raw_runs/NSGAII_archive_family_ZCAT/nsgaii_archive_hybrid/ZCAT20/nsgaii/numpy/seed_9
[Study] (181/270) nsgaii | numpy | zcat1 | seed=0
================================================================================
VAMOS Experiment Runner
================================================================================
Problem: ZCAT1
Description: ZCAT1: scalable multi-objective benchmark from the Zapotecas-Coello-Aguirre suite.
Decision variables: 30
Objectives: 5
Encoding: real
Algorithm: NSGAII
Backend: numpy
Population size: 80
Offspring population size: 80
Max evaluations: 28000
--------------------------------------------------------------------------------
nsgaii -> Time: 23440.11 ms | Eval/s: 1194.5
Objective 1 spread: 5.080764
Results stored in: /home/nico/Documents/GitHub/VAMOS/results/archive_family_pilot_core/NSGAII_archive_family_ZCAT/raw_runs/NSGAII_archive_family_ZCAT/nsgaii_archive_off/ZCAT1/nsgaii/numpy/seed_0
[Study] (182/270) nsgaii | numpy | zcat1 | seed=1
================================================================================
VAMOS Experiment Runner
================================================================================
Problem: ZCAT1
Description: ZCAT1: scalable multi-objective benchmark from the Zapotecas-Coello-Aguirre suite.
Decision variables: 30
Objectives: 5
Encoding: real
Algorithm: NSGAII
Backend: numpy
Population size: 80
Offspring population size: 80
Max evaluations: 28000
--------------------------------------------------------------------------------
nsgaii -> Time: 23169.60 ms | Eval/s: 1208.5
Objective 1 spread: 5.719958
Results stored in: /home/nico/Documents/GitHub/VAMOS/results/archive_family_pilot_core/NSGAII_archive_family_ZCAT/raw_runs/NSGAII_archive_family_ZCAT/nsgaii_archive_off/ZCAT1/nsgaii/numpy/seed_1
[Study] (183/270) nsgaii | numpy | zcat1 | seed=2
================================================================================
VAMOS Experiment Runner
================================================================================
Problem: ZCAT1
Description: ZCAT1: scalable multi-objective benchmark from the Zapotecas-Coello-Aguirre suite.
Decision variables: 30
Objectives: 5
Encoding: real
Algorithm: NSGAII
Backend: numpy
Population size: 80
Offspring population size: 80
Max evaluations: 28000
--------------------------------------------------------------------------------
nsgaii -> Time: 23110.69 ms | Eval/s: 1211.6
Objective 1 spread: 4.869999
Results stored in: /home/nico/Documents/GitHub/VAMOS/results/archive_family_pilot_core/NSGAII_archive_family_ZCAT/raw_runs/NSGAII_archive_family_ZCAT/nsgaii_archive_off/ZCAT1/nsgaii/numpy/seed_2
[Study] (184/270) nsgaii | numpy | zcat1 | seed=3
================================================================================
VAMOS Experiment Runner
================================================================================
Problem: ZCAT1
Description: ZCAT1: scalable multi-objective benchmark from the Zapotecas-Coello-Aguirre suite.
Decision variables: 30
Objectives: 5
Encoding: real
Algorithm: NSGAII
Backend: numpy
Population size: 80
Offspring population size: 80
Max evaluations: 28000
--------------------------------------------------------------------------------
nsgaii -> Time: 23047.84 ms | Eval/s: 1214.9
Objective 1 spread: 4.916338
Results stored in: /home/nico/Documents/GitHub/VAMOS/results/archive_family_pilot_core/NSGAII_archive_family_ZCAT/raw_runs/NSGAII_archive_family_ZCAT/nsgaii_archive_off/ZCAT1/nsgaii/numpy/seed_3
[Study] (185/270) nsgaii | numpy | zcat1 | seed=4
================================================================================
VAMOS Experiment Runner
================================================================================
Problem: ZCAT1
Description: ZCAT1: scalable multi-objective benchmark from the Zapotecas-Coello-Aguirre suite.
Decision variables: 30
Objectives: 5
Encoding: real
Algorithm: NSGAII
Backend: numpy
Population size: 80
Offspring population size: 80
Max evaluations: 28000
--------------------------------------------------------------------------------
nsgaii -> Time: 23161.01 ms | Eval/s: 1208.9
Objective 1 spread: 6.443635
Results stored in: /home/nico/Documents/GitHub/VAMOS/results/archive_family_pilot_core/NSGAII_archive_family_ZCAT/raw_runs/NSGAII_archive_family_ZCAT/nsgaii_archive_off/ZCAT1/nsgaii/numpy/seed_4
[Study] (186/270) nsgaii | numpy | zcat1 | seed=5
================================================================================
VAMOS Experiment Runner
================================================================================
Problem: ZCAT1
Description: ZCAT1: scalable multi-objective benchmark from the Zapotecas-Coello-Aguirre suite.
Decision variables: 30
Objectives: 5
Encoding: real
Algorithm: NSGAII
Backend: numpy
Population size: 80
Offspring population size: 80
Max evaluations: 28000
--------------------------------------------------------------------------------
nsgaii -> Time: 23048.85 ms | Eval/s: 1214.8
Objective 1 spread: 5.967356
Results stored in: /home/nico/Documents/GitHub/VAMOS/results/archive_family_pilot_core/NSGAII_archive_family_ZCAT/raw_runs/NSGAII_archive_family_ZCAT/nsgaii_archive_off/ZCAT1/nsgaii/numpy/seed_5
[Study] (187/270) nsgaii | numpy | zcat1 | seed=6
================================================================================
VAMOS Experiment Runner
================================================================================
Problem: ZCAT1
Description: ZCAT1: scalable multi-objective benchmark from the Zapotecas-Coello-Aguirre suite.
Decision variables: 30
Objectives: 5
Encoding: real
Algorithm: NSGAII
Backend: numpy
Population size: 80
Offspring population size: 80
Max evaluations: 28000
--------------------------------------------------------------------------------
nsgaii -> Time: 23129.26 ms | Eval/s: 1210.6
Objective 1 spread: 5.222551
Results stored in: /home/nico/Documents/GitHub/VAMOS/results/archive_family_pilot_core/NSGAII_archive_family_ZCAT/raw_runs/NSGAII_archive_family_ZCAT/nsgaii_archive_off/ZCAT1/nsgaii/numpy/seed_6
[Study] (188/270) nsgaii | numpy | zcat1 | seed=7
================================================================================
VAMOS Experiment Runner
================================================================================
Problem: ZCAT1
Description: ZCAT1: scalable multi-objective benchmark from the Zapotecas-Coello-Aguirre suite.
Decision variables: 30
Objectives: 5
Encoding: real
Algorithm: NSGAII
Backend: numpy
Population size: 80
Offspring population size: 80
Max evaluations: 28000
--------------------------------------------------------------------------------
nsgaii -> Time: 23217.61 ms | Eval/s: 1206.0
Objective 1 spread: 6.283288
Results stored in: /home/nico/Documents/GitHub/VAMOS/results/archive_family_pilot_core/NSGAII_archive_family_ZCAT/raw_runs/NSGAII_archive_family_ZCAT/nsgaii_archive_off/ZCAT1/nsgaii/numpy/seed_7
[Study] (189/270) nsgaii | numpy | zcat1 | seed=8
================================================================================
VAMOS Experiment Runner
================================================================================
Problem: ZCAT1
Description: ZCAT1: scalable multi-objective benchmark from the Zapotecas-Coello-Aguirre suite.
Decision variables: 30
Objectives: 5
Encoding: real
Algorithm: NSGAII
Backend: numpy
Population size: 80
Offspring population size: 80
Max evaluations: 28000
--------------------------------------------------------------------------------
nsgaii -> Time: 23128.61 ms | Eval/s: 1210.6
Objective 1 spread: 5.959270
Results stored in: /home/nico/Documents/GitHub/VAMOS/results/archive_family_pilot_core/NSGAII_archive_family_ZCAT/raw_runs/NSGAII_archive_family_ZCAT/nsgaii_archive_off/ZCAT1/nsgaii/numpy/seed_8
[Study] (190/270) nsgaii | numpy | zcat1 | seed=9
================================================================================
VAMOS Experiment Runner
================================================================================
Problem: ZCAT1
Description: ZCAT1: scalable multi-objective benchmark from the Zapotecas-Coello-Aguirre suite.
Decision variables: 30
Objectives: 5
Encoding: real
Algorithm: NSGAII
Backend: numpy
Population size: 80
Offspring population size: 80
Max evaluations: 28000
--------------------------------------------------------------------------------
nsgaii -> Time: 23162.75 ms | Eval/s: 1208.8
Objective 1 spread: 6.585354
Results stored in: /home/nico/Documents/GitHub/VAMOS/results/archive_family_pilot_core/NSGAII_archive_family_ZCAT/raw_runs/NSGAII_archive_family_ZCAT/nsgaii_archive_off/ZCAT1/nsgaii/numpy/seed_9
[Study] (191/270) nsgaii | numpy | zcat1 | seed=0
================================================================================
VAMOS Experiment Runner
================================================================================
Problem: ZCAT1
Description: ZCAT1: scalable multi-objective benchmark from the Zapotecas-Coello-Aguirre suite.
Decision variables: 30
Objectives: 5
Encoding: real
Algorithm: NSGAII
Backend: numpy
Population size: 80
Offspring population size: 80
Max evaluations: 28000
--------------------------------------------------------------------------------
nsgaii -> Time: 26108.98 ms | Eval/s: 1072.4
Objective 1 spread: 5.080764
Results stored in: /home/nico/Documents/GitHub/VAMOS/results/archive_family_pilot_core/NSGAII_archive_family_ZCAT/raw_runs/NSGAII_archive_family_ZCAT/nsgaii_archive_passive/ZCAT1/nsgaii/numpy/seed_0
[Study] (192/270) nsgaii | numpy | zcat1 | seed=1
================================================================================
VAMOS Experiment Runner
================================================================================
Problem: ZCAT1
Description: ZCAT1: scalable multi-objective benchmark from the Zapotecas-Coello-Aguirre suite.
Decision variables: 30
Objectives: 5
Encoding: real
Algorithm: NSGAII
Backend: numpy
Population size: 80
Offspring population size: 80
Max evaluations: 28000
--------------------------------------------------------------------------------
nsgaii -> Time: 27191.47 ms | Eval/s: 1029.7
Objective 1 spread: 5.719958
Results stored in: /home/nico/Documents/GitHub/VAMOS/results/archive_family_pilot_core/NSGAII_archive_family_ZCAT/raw_runs/NSGAII_archive_family_ZCAT/nsgaii_archive_passive/ZCAT1/nsgaii/numpy/seed_1
[Study] (193/270) nsgaii | numpy | zcat1 | seed=2
================================================================================
VAMOS Experiment Runner
================================================================================
Problem: ZCAT1
Description: ZCAT1: scalable multi-objective benchmark from the Zapotecas-Coello-Aguirre suite.
Decision variables: 30
Objectives: 5
Encoding: real
Algorithm: NSGAII
Backend: numpy
Population size: 80
Offspring population size: 80
Max evaluations: 28000
--------------------------------------------------------------------------------
nsgaii -> Time: 26042.69 ms | Eval/s: 1075.2
Objective 1 spread: 4.869999
Results stored in: /home/nico/Documents/GitHub/VAMOS/results/archive_family_pilot_core/NSGAII_archive_family_ZCAT/raw_runs/NSGAII_archive_family_ZCAT/nsgaii_archive_passive/ZCAT1/nsgaii/numpy/seed_2
[Study] (194/270) nsgaii | numpy | zcat1 | seed=3
================================================================================
VAMOS Experiment Runner
================================================================================
Problem: ZCAT1
Description: ZCAT1: scalable multi-objective benchmark from the Zapotecas-Coello-Aguirre suite.
Decision variables: 30
Objectives: 5
Encoding: real
Algorithm: NSGAII
Backend: numpy
Population size: 80
Offspring population size: 80
Max evaluations: 28000
--------------------------------------------------------------------------------
nsgaii -> Time: 25747.40 ms | Eval/s: 1087.5
Objective 1 spread: 4.916338
Results stored in: /home/nico/Documents/GitHub/VAMOS/results/archive_family_pilot_core/NSGAII_archive_family_ZCAT/raw_runs/NSGAII_archive_family_ZCAT/nsgaii_archive_passive/ZCAT1/nsgaii/numpy/seed_3
[Study] (195/270) nsgaii | numpy | zcat1 | seed=4
================================================================================
VAMOS Experiment Runner
================================================================================
Problem: ZCAT1
Description: ZCAT1: scalable multi-objective benchmark from the Zapotecas-Coello-Aguirre suite.
Decision variables: 30
Objectives: 5
Encoding: real
Algorithm: NSGAII
Backend: numpy
Population size: 80
Offspring population size: 80
Max evaluations: 28000
--------------------------------------------------------------------------------
nsgaii -> Time: 25419.66 ms | Eval/s: 1101.5
Objective 1 spread: 6.443635
Results stored in: /home/nico/Documents/GitHub/VAMOS/results/archive_family_pilot_core/NSGAII_archive_family_ZCAT/raw_runs/NSGAII_archive_family_ZCAT/nsgaii_archive_passive/ZCAT1/nsgaii/numpy/seed_4
[Study] (196/270) nsgaii | numpy | zcat1 | seed=5
================================================================================
VAMOS Experiment Runner
================================================================================
Problem: ZCAT1
Description: ZCAT1: scalable multi-objective benchmark from the Zapotecas-Coello-Aguirre suite.
Decision variables: 30
Objectives: 5
Encoding: real
Algorithm: NSGAII
Backend: numpy
Population size: 80
Offspring population size: 80
Max evaluations: 28000
--------------------------------------------------------------------------------
nsgaii -> Time: 26105.74 ms | Eval/s: 1072.6
Objective 1 spread: 5.967356
Results stored in: /home/nico/Documents/GitHub/VAMOS/results/archive_family_pilot_core/NSGAII_archive_family_ZCAT/raw_runs/NSGAII_archive_family_ZCAT/nsgaii_archive_passive/ZCAT1/nsgaii/numpy/seed_5
[Study] (197/270) nsgaii | numpy | zcat1 | seed=6
================================================================================
VAMOS Experiment Runner
================================================================================
Problem: ZCAT1
Description: ZCAT1: scalable multi-objective benchmark from the Zapotecas-Coello-Aguirre suite.
Decision variables: 30
Objectives: 5
Encoding: real
Algorithm: NSGAII
Backend: numpy
Population size: 80
Offspring population size: 80
Max evaluations: 28000
--------------------------------------------------------------------------------
nsgaii -> Time: 25759.60 ms | Eval/s: 1087.0
Objective 1 spread: 5.222551
Results stored in: /home/nico/Documents/GitHub/VAMOS/results/archive_family_pilot_core/NSGAII_archive_family_ZCAT/raw_runs/NSGAII_archive_family_ZCAT/nsgaii_archive_passive/ZCAT1/nsgaii/numpy/seed_6
[Study] (198/270) nsgaii | numpy | zcat1 | seed=7
================================================================================
VAMOS Experiment Runner
================================================================================
Problem: ZCAT1
Description: ZCAT1: scalable multi-objective benchmark from the Zapotecas-Coello-Aguirre suite.
Decision variables: 30
Objectives: 5
Encoding: real
Algorithm: NSGAII
Backend: numpy
Population size: 80
Offspring population size: 80
Max evaluations: 28000
--------------------------------------------------------------------------------
nsgaii -> Time: 26439.76 ms | Eval/s: 1059.0
Objective 1 spread: 6.283288
Results stored in: /home/nico/Documents/GitHub/VAMOS/results/archive_family_pilot_core/NSGAII_archive_family_ZCAT/raw_runs/NSGAII_archive_family_ZCAT/nsgaii_archive_passive/ZCAT1/nsgaii/numpy/seed_7
[Study] (199/270) nsgaii | numpy | zcat1 | seed=8
================================================================================
VAMOS Experiment Runner
================================================================================
Problem: ZCAT1
Description: ZCAT1: scalable multi-objective benchmark from the Zapotecas-Coello-Aguirre suite.
Decision variables: 30
Objectives: 5
Encoding: real
Algorithm: NSGAII
Backend: numpy
Population size: 80
Offspring population size: 80
Max evaluations: 28000
--------------------------------------------------------------------------------
nsgaii -> Time: 26914.02 ms | Eval/s: 1040.3
Objective 1 spread: 5.959270
Results stored in: /home/nico/Documents/GitHub/VAMOS/results/archive_family_pilot_core/NSGAII_archive_family_ZCAT/raw_runs/NSGAII_archive_family_ZCAT/nsgaii_archive_passive/ZCAT1/nsgaii/numpy/seed_8
[Study] (200/270) nsgaii | numpy | zcat1 | seed=9
================================================================================
VAMOS Experiment Runner
================================================================================
Problem: ZCAT1
Description: ZCAT1: scalable multi-objective benchmark from the Zapotecas-Coello-Aguirre suite.
Decision variables: 30
Objectives: 5
Encoding: real
Algorithm: NSGAII
Backend: numpy
Population size: 80
Offspring population size: 80
Max evaluations: 28000
--------------------------------------------------------------------------------
nsgaii -> Time: 26353.90 ms | Eval/s: 1062.5
Objective 1 spread: 6.585354
Results stored in: /home/nico/Documents/GitHub/VAMOS/results/archive_family_pilot_core/NSGAII_archive_family_ZCAT/raw_runs/NSGAII_archive_family_ZCAT/nsgaii_archive_passive/ZCAT1/nsgaii/numpy/seed_9
[Study] (201/270) nsgaii | numpy | zcat1 | seed=0
================================================================================
VAMOS Experiment Runner
================================================================================
Problem: ZCAT1
Description: ZCAT1: scalable multi-objective benchmark from the Zapotecas-Coello-Aguirre suite.
Decision variables: 30
Objectives: 5
Encoding: real
Algorithm: NSGAII
Backend: numpy
Population size: 80
Offspring population size: 80
Max evaluations: 28000
--------------------------------------------------------------------------------
nsgaii -> Time: 28111.89 ms | Eval/s: 996.0
Objective 1 spread: 5.989782
Results stored in: /home/nico/Documents/GitHub/VAMOS/results/archive_family_pilot_core/NSGAII_archive_family_ZCAT/raw_runs/NSGAII_archive_family_ZCAT/nsgaii_archive_hybrid/ZCAT1/nsgaii/numpy/seed_0
[Study] (202/270) nsgaii | numpy | zcat1 | seed=1
================================================================================
VAMOS Experiment Runner
================================================================================
Problem: ZCAT1
Description: ZCAT1: scalable multi-objective benchmark from the Zapotecas-Coello-Aguirre suite.
Decision variables: 30
Objectives: 5
Encoding: real
Algorithm: NSGAII
Backend: numpy
Population size: 80
Offspring population size: 80
Max evaluations: 28000
--------------------------------------------------------------------------------
nsgaii -> Time: 27968.67 ms | Eval/s: 1001.1
Objective 1 spread: 6.704433
Results stored in: /home/nico/Documents/GitHub/VAMOS/results/archive_family_pilot_core/NSGAII_archive_family_ZCAT/raw_runs/NSGAII_archive_family_ZCAT/nsgaii_archive_hybrid/ZCAT1/nsgaii/numpy/seed_1
[Study] (203/270) nsgaii | numpy | zcat1 | seed=2
================================================================================
VAMOS Experiment Runner
================================================================================
Problem: ZCAT1
Description: ZCAT1: scalable multi-objective benchmark from the Zapotecas-Coello-Aguirre suite.
Decision variables: 30
Objectives: 5
Encoding: real
Algorithm: NSGAII
Backend: numpy
Population size: 80
Offspring population size: 80
Max evaluations: 28000
--------------------------------------------------------------------------------
nsgaii -> Time: 28764.65 ms | Eval/s: 973.4
Objective 1 spread: 6.389857
Results stored in: /home/nico/Documents/GitHub/VAMOS/results/archive_family_pilot_core/NSGAII_archive_family_ZCAT/raw_runs/NSGAII_archive_family_ZCAT/nsgaii_archive_hybrid/ZCAT1/nsgaii/numpy/seed_2
[Study] (204/270) nsgaii | numpy | zcat1 | seed=3
================================================================================
VAMOS Experiment Runner
================================================================================
Problem: ZCAT1
Description: ZCAT1: scalable multi-objective benchmark from the Zapotecas-Coello-Aguirre suite.
Decision variables: 30
Objectives: 5
Encoding: real
Algorithm: NSGAII
Backend: numpy
Population size: 80
Offspring population size: 80
Max evaluations: 28000
--------------------------------------------------------------------------------
nsgaii -> Time: 28250.83 ms | Eval/s: 991.1
Objective 1 spread: 6.219364
Results stored in: /home/nico/Documents/GitHub/VAMOS/results/archive_family_pilot_core/NSGAII_archive_family_ZCAT/raw_runs/NSGAII_archive_family_ZCAT/nsgaii_archive_hybrid/ZCAT1/nsgaii/numpy/seed_3
[Study] (205/270) nsgaii | numpy | zcat1 | seed=4
================================================================================
VAMOS Experiment Runner
================================================================================
Problem: ZCAT1
Description: ZCAT1: scalable multi-objective benchmark from the Zapotecas-Coello-Aguirre suite.
Decision variables: 30
Objectives: 5
Encoding: real
Algorithm: NSGAII
Backend: numpy
Population size: 80
Offspring population size: 80
Max evaluations: 28000
--------------------------------------------------------------------------------
nsgaii -> Time: 28987.71 ms | Eval/s: 965.9
Objective 1 spread: 6.034183
Results stored in: /home/nico/Documents/GitHub/VAMOS/results/archive_family_pilot_core/NSGAII_archive_family_ZCAT/raw_runs/NSGAII_archive_family_ZCAT/nsgaii_archive_hybrid/ZCAT1/nsgaii/numpy/seed_4
[Study] (206/270) nsgaii | numpy | zcat1 | seed=5
================================================================================
VAMOS Experiment Runner
================================================================================
Problem: ZCAT1
Description: ZCAT1: scalable multi-objective benchmark from the Zapotecas-Coello-Aguirre suite.
Decision variables: 30
Objectives: 5
Encoding: real
Algorithm: NSGAII
Backend: numpy
Population size: 80
Offspring population size: 80
Max evaluations: 28000
--------------------------------------------------------------------------------
nsgaii -> Time: 28001.55 ms | Eval/s: 999.9
Objective 1 spread: 5.744253
Results stored in: /home/nico/Documents/GitHub/VAMOS/results/archive_family_pilot_core/NSGAII_archive_family_ZCAT/raw_runs/NSGAII_archive_family_ZCAT/nsgaii_archive_hybrid/ZCAT1/nsgaii/numpy/seed_5
[Study] (207/270) nsgaii | numpy | zcat1 | seed=6
================================================================================
VAMOS Experiment Runner
================================================================================
Problem: ZCAT1
Description: ZCAT1: scalable multi-objective benchmark from the Zapotecas-Coello-Aguirre suite.
Decision variables: 30
Objectives: 5
Encoding: real
Algorithm: NSGAII
Backend: numpy
Population size: 80
Offspring population size: 80
Max evaluations: 28000
--------------------------------------------------------------------------------
nsgaii -> Time: 28827.97 ms | Eval/s: 971.3
Objective 1 spread: 5.908416
Results stored in: /home/nico/Documents/GitHub/VAMOS/results/archive_family_pilot_core/NSGAII_archive_family_ZCAT/raw_runs/NSGAII_archive_family_ZCAT/nsgaii_archive_hybrid/ZCAT1/nsgaii/numpy/seed_6
[Study] (208/270) nsgaii | numpy | zcat1 | seed=7
================================================================================
VAMOS Experiment Runner
================================================================================
Problem: ZCAT1
Description: ZCAT1: scalable multi-objective benchmark from the Zapotecas-Coello-Aguirre suite.
Decision variables: 30
Objectives: 5
Encoding: real
Algorithm: NSGAII
Backend: numpy
Population size: 80
Offspring population size: 80
Max evaluations: 28000
--------------------------------------------------------------------------------
nsgaii -> Time: 28671.02 ms | Eval/s: 976.6
Objective 1 spread: 5.649151
Results stored in: /home/nico/Documents/GitHub/VAMOS/results/archive_family_pilot_core/NSGAII_archive_family_ZCAT/raw_runs/NSGAII_archive_family_ZCAT/nsgaii_archive_hybrid/ZCAT1/nsgaii/numpy/seed_7
[Study] (209/270) nsgaii | numpy | zcat1 | seed=8
================================================================================
VAMOS Experiment Runner
================================================================================
Problem: ZCAT1
Description: ZCAT1: scalable multi-objective benchmark from the Zapotecas-Coello-Aguirre suite.
Decision variables: 30
Objectives: 5
Encoding: real
Algorithm: NSGAII
Backend: numpy
Population size: 80
Offspring population size: 80
Max evaluations: 28000
--------------------------------------------------------------------------------
nsgaii -> Time: 29152.93 ms | Eval/s: 960.5
Objective 1 spread: 6.392062
Results stored in: /home/nico/Documents/GitHub/VAMOS/results/archive_family_pilot_core/NSGAII_archive_family_ZCAT/raw_runs/NSGAII_archive_family_ZCAT/nsgaii_archive_hybrid/ZCAT1/nsgaii/numpy/seed_8
[Study] (210/270) nsgaii | numpy | zcat1 | seed=9
================================================================================
VAMOS Experiment Runner
================================================================================
Problem: ZCAT1
Description: ZCAT1: scalable multi-objective benchmark from the Zapotecas-Coello-Aguirre suite.
Decision variables: 30
Objectives: 5
Encoding: real
Algorithm: NSGAII
Backend: numpy
Population size: 80
Offspring population size: 80
Max evaluations: 28000
--------------------------------------------------------------------------------
nsgaii -> Time: 29174.05 ms | Eval/s: 959.8
Objective 1 spread: 5.892667
Results stored in: /home/nico/Documents/GitHub/VAMOS/results/archive_family_pilot_core/NSGAII_archive_family_ZCAT/raw_runs/NSGAII_archive_family_ZCAT/nsgaii_archive_hybrid/ZCAT1/nsgaii/numpy/seed_9
[Study] (211/270) nsgaii | numpy | zcat10 | seed=0
================================================================================
VAMOS Experiment Runner
================================================================================
Problem: ZCAT10
Description: ZCAT10: scalable multi-objective benchmark from the Zapotecas-Coello-Aguirre suite.
Decision variables: 30
Objectives: 5
Encoding: real
Algorithm: NSGAII
Backend: numpy
Population size: 80
Offspring population size: 80
Max evaluations: 28000
--------------------------------------------------------------------------------
nsgaii -> Time: 24503.58 ms | Eval/s: 1142.7
Objective 1 spread: 5.746304
Results stored in: /home/nico/Documents/GitHub/VAMOS/results/archive_family_pilot_core/NSGAII_archive_family_ZCAT/raw_runs/NSGAII_archive_family_ZCAT/nsgaii_archive_off/ZCAT10/nsgaii/numpy/seed_0
[Study] (212/270) nsgaii | numpy | zcat10 | seed=1
================================================================================
VAMOS Experiment Runner
================================================================================
Problem: ZCAT10
Description: ZCAT10: scalable multi-objective benchmark from the Zapotecas-Coello-Aguirre suite.
Decision variables: 30
Objectives: 5
Encoding: real
Algorithm: NSGAII
Backend: numpy
Population size: 80
Offspring population size: 80
Max evaluations: 28000
--------------------------------------------------------------------------------
nsgaii -> Time: 24518.22 ms | Eval/s: 1142.0
Objective 1 spread: 5.916447
Results stored in: /home/nico/Documents/GitHub/VAMOS/results/archive_family_pilot_core/NSGAII_archive_family_ZCAT/raw_runs/NSGAII_archive_family_ZCAT/nsgaii_archive_off/ZCAT10/nsgaii/numpy/seed_1
[Study] (213/270) nsgaii | numpy | zcat10 | seed=2
================================================================================
VAMOS Experiment Runner
================================================================================
Problem: ZCAT10
Description: ZCAT10: scalable multi-objective benchmark from the Zapotecas-Coello-Aguirre suite.
Decision variables: 30
Objectives: 5
Encoding: real
Algorithm: NSGAII
Backend: numpy
Population size: 80
Offspring population size: 80
Max evaluations: 28000
--------------------------------------------------------------------------------
nsgaii -> Time: 24512.02 ms | Eval/s: 1142.3
Objective 1 spread: 5.619539
Results stored in: /home/nico/Documents/GitHub/VAMOS/results/archive_family_pilot_core/NSGAII_archive_family_ZCAT/raw_runs/NSGAII_archive_family_ZCAT/nsgaii_archive_off/ZCAT10/nsgaii/numpy/seed_2
[Study] (214/270) nsgaii | numpy | zcat10 | seed=3
================================================================================
VAMOS Experiment Runner
================================================================================
Problem: ZCAT10
Description: ZCAT10: scalable multi-objective benchmark from the Zapotecas-Coello-Aguirre suite.
Decision variables: 30
Objectives: 5
Encoding: real
Algorithm: NSGAII
Backend: numpy
Population size: 80
Offspring population size: 80
Max evaluations: 28000
--------------------------------------------------------------------------------
nsgaii -> Time: 24767.84 ms | Eval/s: 1130.5
Objective 1 spread: 5.509773
Results stored in: /home/nico/Documents/GitHub/VAMOS/results/archive_family_pilot_core/NSGAII_archive_family_ZCAT/raw_runs/NSGAII_archive_family_ZCAT/nsgaii_archive_off/ZCAT10/nsgaii/numpy/seed_3
[Study] (215/270) nsgaii | numpy | zcat10 | seed=4
================================================================================
VAMOS Experiment Runner
================================================================================
Problem: ZCAT10
Description: ZCAT10: scalable multi-objective benchmark from the Zapotecas-Coello-Aguirre suite.
Decision variables: 30
Objectives: 5
Encoding: real
Algorithm: NSGAII
Backend: numpy
Population size: 80
Offspring population size: 80
Max evaluations: 28000
--------------------------------------------------------------------------------
nsgaii -> Time: 24474.14 ms | Eval/s: 1144.1
Objective 1 spread: 5.862333
Results stored in: /home/nico/Documents/GitHub/VAMOS/results/archive_family_pilot_core/NSGAII_archive_family_ZCAT/raw_runs/NSGAII_archive_family_ZCAT/nsgaii_archive_off/ZCAT10/nsgaii/numpy/seed_4
[Study] (216/270) nsgaii | numpy | zcat10 | seed=5
================================================================================
VAMOS Experiment Runner
================================================================================
Problem: ZCAT10
Description: ZCAT10: scalable multi-objective benchmark from the Zapotecas-Coello-Aguirre suite.
Decision variables: 30
Objectives: 5
Encoding: real
Algorithm: NSGAII
Backend: numpy
Population size: 80
Offspring population size: 80
Max evaluations: 28000
--------------------------------------------------------------------------------
nsgaii -> Time: 24635.40 ms | Eval/s: 1136.6
Objective 1 spread: 6.701225
Results stored in: /home/nico/Documents/GitHub/VAMOS/results/archive_family_pilot_core/NSGAII_archive_family_ZCAT/raw_runs/NSGAII_archive_family_ZCAT/nsgaii_archive_off/ZCAT10/nsgaii/numpy/seed_5
[Study] (217/270) nsgaii | numpy | zcat10 | seed=6
================================================================================
VAMOS Experiment Runner
================================================================================
Problem: ZCAT10
Description: ZCAT10: scalable multi-objective benchmark from the Zapotecas-Coello-Aguirre suite.
Decision variables: 30
Objectives: 5
Encoding: real
Algorithm: NSGAII
Backend: numpy
Population size: 80
Offspring population size: 80
Max evaluations: 28000
--------------------------------------------------------------------------------
nsgaii -> Time: 24943.38 ms | Eval/s: 1122.5
Objective 1 spread: 5.817041
Results stored in: /home/nico/Documents/GitHub/VAMOS/results/archive_family_pilot_core/NSGAII_archive_family_ZCAT/raw_runs/NSGAII_archive_family_ZCAT/nsgaii_archive_off/ZCAT10/nsgaii/numpy/seed_6
[Study] (218/270) nsgaii | numpy | zcat10 | seed=7
================================================================================
VAMOS Experiment Runner
================================================================================
Problem: ZCAT10
Description: ZCAT10: scalable multi-objective benchmark from the Zapotecas-Coello-Aguirre suite.
Decision variables: 30
Objectives: 5
Encoding: real
Algorithm: NSGAII
Backend: numpy
Population size: 80
Offspring population size: 80
Max evaluations: 28000
--------------------------------------------------------------------------------
nsgaii -> Time: 24777.02 ms | Eval/s: 1130.1
Objective 1 spread: 5.939635
Results stored in: /home/nico/Documents/GitHub/VAMOS/results/archive_family_pilot_core/NSGAII_archive_family_ZCAT/raw_runs/NSGAII_archive_family_ZCAT/nsgaii_archive_off/ZCAT10/nsgaii/numpy/seed_7
[Study] (219/270) nsgaii | numpy | zcat10 | seed=8
================================================================================
VAMOS Experiment Runner
================================================================================
Problem: ZCAT10
Description: ZCAT10: scalable multi-objective benchmark from the Zapotecas-Coello-Aguirre suite.
Decision variables: 30
Objectives: 5
Encoding: real
Algorithm: NSGAII
Backend: numpy
Population size: 80
Offspring population size: 80
Max evaluations: 28000
--------------------------------------------------------------------------------
nsgaii -> Time: 24391.60 ms | Eval/s: 1147.9
Objective 1 spread: 6.395885
Results stored in: /home/nico/Documents/GitHub/VAMOS/results/archive_family_pilot_core/NSGAII_archive_family_ZCAT/raw_runs/NSGAII_archive_family_ZCAT/nsgaii_archive_off/ZCAT10/nsgaii/numpy/seed_8
[Study] (220/270) nsgaii | numpy | zcat10 | seed=9
================================================================================
VAMOS Experiment Runner
================================================================================
Problem: ZCAT10
Description: ZCAT10: scalable multi-objective benchmark from the Zapotecas-Coello-Aguirre suite.
Decision variables: 30
Objectives: 5
Encoding: real
Algorithm: NSGAII
Backend: numpy
Population size: 80
Offspring population size: 80
Max evaluations: 28000
--------------------------------------------------------------------------------
nsgaii -> Time: 24523.11 ms | Eval/s: 1141.8
Objective 1 spread: 5.587183
Results stored in: /home/nico/Documents/GitHub/VAMOS/results/archive_family_pilot_core/NSGAII_archive_family_ZCAT/raw_runs/NSGAII_archive_family_ZCAT/nsgaii_archive_off/ZCAT10/nsgaii/numpy/seed_9
[Study] (221/270) nsgaii | numpy | zcat10 | seed=0
================================================================================
VAMOS Experiment Runner
================================================================================
Problem: ZCAT10
Description: ZCAT10: scalable multi-objective benchmark from the Zapotecas-Coello-Aguirre suite.
Decision variables: 30
Objectives: 5
Encoding: real
Algorithm: NSGAII
Backend: numpy
Population size: 80
Offspring population size: 80
Max evaluations: 28000
--------------------------------------------------------------------------------
nsgaii -> Time: 28278.32 ms | Eval/s: 990.2
Objective 1 spread: 5.746304
Results stored in: /home/nico/Documents/GitHub/VAMOS/results/archive_family_pilot_core/NSGAII_archive_family_ZCAT/raw_runs/NSGAII_archive_family_ZCAT/nsgaii_archive_passive/ZCAT10/nsgaii/numpy/seed_0
[Study] (222/270) nsgaii | numpy | zcat10 | seed=1
================================================================================
VAMOS Experiment Runner
================================================================================
Problem: ZCAT10
Description: ZCAT10: scalable multi-objective benchmark from the Zapotecas-Coello-Aguirre suite.
Decision variables: 30
Objectives: 5
Encoding: real
Algorithm: NSGAII
Backend: numpy
Population size: 80
Offspring population size: 80
Max evaluations: 28000
--------------------------------------------------------------------------------
nsgaii -> Time: 27798.83 ms | Eval/s: 1007.2
Objective 1 spread: 5.916447
Results stored in: /home/nico/Documents/GitHub/VAMOS/results/archive_family_pilot_core/NSGAII_archive_family_ZCAT/raw_runs/NSGAII_archive_family_ZCAT/nsgaii_archive_passive/ZCAT10/nsgaii/numpy/seed_1
[Study] (223/270) nsgaii | numpy | zcat10 | seed=2
================================================================================
VAMOS Experiment Runner
================================================================================
Problem: ZCAT10
Description: ZCAT10: scalable multi-objective benchmark from the Zapotecas-Coello-Aguirre suite.
Decision variables: 30
Objectives: 5
Encoding: real
Algorithm: NSGAII
Backend: numpy
Population size: 80
Offspring population size: 80
Max evaluations: 28000
--------------------------------------------------------------------------------
nsgaii -> Time: 28434.99 ms | Eval/s: 984.7
Objective 1 spread: 5.619539
Results stored in: /home/nico/Documents/GitHub/VAMOS/results/archive_family_pilot_core/NSGAII_archive_family_ZCAT/raw_runs/NSGAII_archive_family_ZCAT/nsgaii_archive_passive/ZCAT10/nsgaii/numpy/seed_2
[Study] (224/270) nsgaii | numpy | zcat10 | seed=3
================================================================================
VAMOS Experiment Runner
================================================================================
Problem: ZCAT10
Description: ZCAT10: scalable multi-objective benchmark from the Zapotecas-Coello-Aguirre suite.
Decision variables: 30
Objectives: 5
Encoding: real
Algorithm: NSGAII
Backend: numpy
Population size: 80
Offspring population size: 80
Max evaluations: 28000
--------------------------------------------------------------------------------
nsgaii -> Time: 28463.44 ms | Eval/s: 983.7
Objective 1 spread: 5.509773
Results stored in: /home/nico/Documents/GitHub/VAMOS/results/archive_family_pilot_core/NSGAII_archive_family_ZCAT/raw_runs/NSGAII_archive_family_ZCAT/nsgaii_archive_passive/ZCAT10/nsgaii/numpy/seed_3
[Study] (225/270) nsgaii | numpy | zcat10 | seed=4
================================================================================
VAMOS Experiment Runner
================================================================================
Problem: ZCAT10
Description: ZCAT10: scalable multi-objective benchmark from the Zapotecas-Coello-Aguirre suite.
Decision variables: 30
Objectives: 5
Encoding: real
Algorithm: NSGAII
Backend: numpy
Population size: 80
Offspring population size: 80
Max evaluations: 28000
--------------------------------------------------------------------------------
nsgaii -> Time: 28675.99 ms | Eval/s: 976.4
Objective 1 spread: 5.862333
Results stored in: /home/nico/Documents/GitHub/VAMOS/results/archive_family_pilot_core/NSGAII_archive_family_ZCAT/raw_runs/NSGAII_archive_family_ZCAT/nsgaii_archive_passive/ZCAT10/nsgaii/numpy/seed_4
[Study] (226/270) nsgaii | numpy | zcat10 | seed=5
================================================================================
VAMOS Experiment Runner
================================================================================
Problem: ZCAT10
Description: ZCAT10: scalable multi-objective benchmark from the Zapotecas-Coello-Aguirre suite.
Decision variables: 30
Objectives: 5
Encoding: real
Algorithm: NSGAII
Backend: numpy
Population size: 80
Offspring population size: 80
Max evaluations: 28000
--------------------------------------------------------------------------------
nsgaii -> Time: 28308.35 ms | Eval/s: 989.1
Objective 1 spread: 6.701225
Results stored in: /home/nico/Documents/GitHub/VAMOS/results/archive_family_pilot_core/NSGAII_archive_family_ZCAT/raw_runs/NSGAII_archive_family_ZCAT/nsgaii_archive_passive/ZCAT10/nsgaii/numpy/seed_5
[Study] (227/270) nsgaii | numpy | zcat10 | seed=6
================================================================================
VAMOS Experiment Runner
================================================================================
Problem: ZCAT10
Description: ZCAT10: scalable multi-objective benchmark from the Zapotecas-Coello-Aguirre suite.
Decision variables: 30
Objectives: 5
Encoding: real
Algorithm: NSGAII
Backend: numpy
Population size: 80
Offspring population size: 80
Max evaluations: 28000
--------------------------------------------------------------------------------
nsgaii -> Time: 28178.12 ms | Eval/s: 993.7
Objective 1 spread: 5.817041
Results stored in: /home/nico/Documents/GitHub/VAMOS/results/archive_family_pilot_core/NSGAII_archive_family_ZCAT/raw_runs/NSGAII_archive_family_ZCAT/nsgaii_archive_passive/ZCAT10/nsgaii/numpy/seed_6
[Study] (228/270) nsgaii | numpy | zcat10 | seed=7
================================================================================
VAMOS Experiment Runner
================================================================================
Problem: ZCAT10
Description: ZCAT10: scalable multi-objective benchmark from the Zapotecas-Coello-Aguirre suite.
Decision variables: 30
Objectives: 5
Encoding: real
Algorithm: NSGAII
Backend: numpy
Population size: 80
Offspring population size: 80
Max evaluations: 28000
--------------------------------------------------------------------------------
nsgaii -> Time: 28020.64 ms | Eval/s: 999.3
Objective 1 spread: 5.939635
Results stored in: /home/nico/Documents/GitHub/VAMOS/results/archive_family_pilot_core/NSGAII_archive_family_ZCAT/raw_runs/NSGAII_archive_family_ZCAT/nsgaii_archive_passive/ZCAT10/nsgaii/numpy/seed_7
[Study] (229/270) nsgaii | numpy | zcat10 | seed=8
================================================================================
VAMOS Experiment Runner
================================================================================
Problem: ZCAT10
Description: ZCAT10: scalable multi-objective benchmark from the Zapotecas-Coello-Aguirre suite.
Decision variables: 30
Objectives: 5
Encoding: real
Algorithm: NSGAII
Backend: numpy
Population size: 80
Offspring population size: 80
Max evaluations: 28000
--------------------------------------------------------------------------------
nsgaii -> Time: 29236.41 ms | Eval/s: 957.7
Objective 1 spread: 6.395885
Results stored in: /home/nico/Documents/GitHub/VAMOS/results/archive_family_pilot_core/NSGAII_archive_family_ZCAT/raw_runs/NSGAII_archive_family_ZCAT/nsgaii_archive_passive/ZCAT10/nsgaii/numpy/seed_8
[Study] (230/270) nsgaii | numpy | zcat10 | seed=9
================================================================================
VAMOS Experiment Runner
================================================================================
Problem: ZCAT10
Description: ZCAT10: scalable multi-objective benchmark from the Zapotecas-Coello-Aguirre suite.
Decision variables: 30
Objectives: 5
Encoding: real
Algorithm: NSGAII
Backend: numpy
Population size: 80
Offspring population size: 80
Max evaluations: 28000
--------------------------------------------------------------------------------
nsgaii -> Time: 29413.02 ms | Eval/s: 952.0
Objective 1 spread: 5.587183
Results stored in: /home/nico/Documents/GitHub/VAMOS/results/archive_family_pilot_core/NSGAII_archive_family_ZCAT/raw_runs/NSGAII_archive_family_ZCAT/nsgaii_archive_passive/ZCAT10/nsgaii/numpy/seed_9
[Study] (231/270) nsgaii | numpy | zcat10 | seed=0
================================================================================
VAMOS Experiment Runner
================================================================================
Problem: ZCAT10
Description: ZCAT10: scalable multi-objective benchmark from the Zapotecas-Coello-Aguirre suite.
Decision variables: 30
Objectives: 5
Encoding: real
Algorithm: NSGAII
Backend: numpy
Population size: 80
Offspring population size: 80
Max evaluations: 28000
--------------------------------------------------------------------------------
nsgaii -> Time: 30804.18 ms | Eval/s: 909.0
Objective 1 spread: 6.212147
Results stored in: /home/nico/Documents/GitHub/VAMOS/results/archive_family_pilot_core/NSGAII_archive_family_ZCAT/raw_runs/NSGAII_archive_family_ZCAT/nsgaii_archive_hybrid/ZCAT10/nsgaii/numpy/seed_0
[Study] (232/270) nsgaii | numpy | zcat10 | seed=1
================================================================================
VAMOS Experiment Runner
================================================================================
Problem: ZCAT10
Description: ZCAT10: scalable multi-objective benchmark from the Zapotecas-Coello-Aguirre suite.
Decision variables: 30
Objectives: 5
Encoding: real
Algorithm: NSGAII
Backend: numpy
Population size: 80
Offspring population size: 80
Max evaluations: 28000
--------------------------------------------------------------------------------
nsgaii -> Time: 30891.28 ms | Eval/s: 906.4
Objective 1 spread: 5.860725
Results stored in: /home/nico/Documents/GitHub/VAMOS/results/archive_family_pilot_core/NSGAII_archive_family_ZCAT/raw_runs/NSGAII_archive_family_ZCAT/nsgaii_archive_hybrid/ZCAT10/nsgaii/numpy/seed_1
[Study] (233/270) nsgaii | numpy | zcat10 | seed=2
================================================================================
VAMOS Experiment Runner
================================================================================
Problem: ZCAT10
Description: ZCAT10: scalable multi-objective benchmark from the Zapotecas-Coello-Aguirre suite.
Decision variables: 30
Objectives: 5
Encoding: real
Algorithm: NSGAII
Backend: numpy
Population size: 80
Offspring population size: 80
Max evaluations: 28000
--------------------------------------------------------------------------------
nsgaii -> Time: 31018.99 ms | Eval/s: 902.7
Objective 1 spread: 5.621866
Results stored in: /home/nico/Documents/GitHub/VAMOS/results/archive_family_pilot_core/NSGAII_archive_family_ZCAT/raw_runs/NSGAII_archive_family_ZCAT/nsgaii_archive_hybrid/ZCAT10/nsgaii/numpy/seed_2
[Study] (234/270) nsgaii | numpy | zcat10 | seed=3
================================================================================
VAMOS Experiment Runner
================================================================================
Problem: ZCAT10
Description: ZCAT10: scalable multi-objective benchmark from the Zapotecas-Coello-Aguirre suite.
Decision variables: 30
Objectives: 5
Encoding: real
Algorithm: NSGAII
Backend: numpy
Population size: 80
Offspring population size: 80
Max evaluations: 28000
--------------------------------------------------------------------------------
nsgaii -> Time: 31245.58 ms | Eval/s: 896.1
Objective 1 spread: 6.332874
Results stored in: /home/nico/Documents/GitHub/VAMOS/results/archive_family_pilot_core/NSGAII_archive_family_ZCAT/raw_runs/NSGAII_archive_family_ZCAT/nsgaii_archive_hybrid/ZCAT10/nsgaii/numpy/seed_3
[Study] (235/270) nsgaii | numpy | zcat10 | seed=4
================================================================================
VAMOS Experiment Runner
================================================================================
Problem: ZCAT10
Description: ZCAT10: scalable multi-objective benchmark from the Zapotecas-Coello-Aguirre suite.
Decision variables: 30
Objectives: 5
Encoding: real
Algorithm: NSGAII
Backend: numpy
Population size: 80
Offspring population size: 80
Max evaluations: 28000
--------------------------------------------------------------------------------
nsgaii -> Time: 31431.98 ms | Eval/s: 890.8
Objective 1 spread: 5.953317
Results stored in: /home/nico/Documents/GitHub/VAMOS/results/archive_family_pilot_core/NSGAII_archive_family_ZCAT/raw_runs/NSGAII_archive_family_ZCAT/nsgaii_archive_hybrid/ZCAT10/nsgaii/numpy/seed_4
[Study] (236/270) nsgaii | numpy | zcat10 | seed=5
================================================================================
VAMOS Experiment Runner
================================================================================
Problem: ZCAT10
Description: ZCAT10: scalable multi-objective benchmark from the Zapotecas-Coello-Aguirre suite.
Decision variables: 30
Objectives: 5
Encoding: real
Algorithm: NSGAII
Backend: numpy
Population size: 80
Offspring population size: 80
Max evaluations: 28000
--------------------------------------------------------------------------------
nsgaii -> Time: 31807.39 ms | Eval/s: 880.3
Objective 1 spread: 5.941572
Results stored in: /home/nico/Documents/GitHub/VAMOS/results/archive_family_pilot_core/NSGAII_archive_family_ZCAT/raw_runs/NSGAII_archive_family_ZCAT/nsgaii_archive_hybrid/ZCAT10/nsgaii/numpy/seed_5
[Study] (237/270) nsgaii | numpy | zcat10 | seed=6
================================================================================
VAMOS Experiment Runner
================================================================================
Problem: ZCAT10
Description: ZCAT10: scalable multi-objective benchmark from the Zapotecas-Coello-Aguirre suite.
Decision variables: 30
Objectives: 5
Encoding: real
Algorithm: NSGAII
Backend: numpy
Population size: 80
Offspring population size: 80
Max evaluations: 28000
--------------------------------------------------------------------------------
nsgaii -> Time: 31352.54 ms | Eval/s: 893.1
Objective 1 spread: 5.264442
Results stored in: /home/nico/Documents/GitHub/VAMOS/results/archive_family_pilot_core/NSGAII_archive_family_ZCAT/raw_runs/NSGAII_archive_family_ZCAT/nsgaii_archive_hybrid/ZCAT10/nsgaii/numpy/seed_6
[Study] (238/270) nsgaii | numpy | zcat10 | seed=7
================================================================================
VAMOS Experiment Runner
================================================================================
Problem: ZCAT10
Description: ZCAT10: scalable multi-objective benchmark from the Zapotecas-Coello-Aguirre suite.
Decision variables: 30
Objectives: 5
Encoding: real
Algorithm: NSGAII
Backend: numpy
Population size: 80
Offspring population size: 80
Max evaluations: 28000
--------------------------------------------------------------------------------
nsgaii -> Time: 32045.08 ms | Eval/s: 873.8
Objective 1 spread: 5.883860
Results stored in: /home/nico/Documents/GitHub/VAMOS/results/archive_family_pilot_core/NSGAII_archive_family_ZCAT/raw_runs/NSGAII_archive_family_ZCAT/nsgaii_archive_hybrid/ZCAT10/nsgaii/numpy/seed_7
[Study] (239/270) nsgaii | numpy | zcat10 | seed=8
================================================================================
VAMOS Experiment Runner
================================================================================
Problem: ZCAT10
Description: ZCAT10: scalable multi-objective benchmark from the Zapotecas-Coello-Aguirre suite.
Decision variables: 30
Objectives: 5
Encoding: real
Algorithm: NSGAII
Backend: numpy
Population size: 80
Offspring population size: 80
Max evaluations: 28000
--------------------------------------------------------------------------------
nsgaii -> Time: 32313.34 ms | Eval/s: 866.5
Objective 1 spread: 6.272946
Results stored in: /home/nico/Documents/GitHub/VAMOS/results/archive_family_pilot_core/NSGAII_archive_family_ZCAT/raw_runs/NSGAII_archive_family_ZCAT/nsgaii_archive_hybrid/ZCAT10/nsgaii/numpy/seed_8
[Study] (240/270) nsgaii | numpy | zcat10 | seed=9
================================================================================
VAMOS Experiment Runner
================================================================================
Problem: ZCAT10
Description: ZCAT10: scalable multi-objective benchmark from the Zapotecas-Coello-Aguirre suite.
Decision variables: 30
Objectives: 5
Encoding: real
Algorithm: NSGAII
Backend: numpy
Population size: 80
Offspring population size: 80
Max evaluations: 28000
--------------------------------------------------------------------------------
nsgaii -> Time: 31714.35 ms | Eval/s: 882.9
Objective 1 spread: 5.501638
Results stored in: /home/nico/Documents/GitHub/VAMOS/results/archive_family_pilot_core/NSGAII_archive_family_ZCAT/raw_runs/NSGAII_archive_family_ZCAT/nsgaii_archive_hybrid/ZCAT10/nsgaii/numpy/seed_9
[Study] (241/270) nsgaii | numpy | zcat20 | seed=0
================================================================================
VAMOS Experiment Runner
================================================================================
Problem: ZCAT20
Description: ZCAT20: disconnected/degenerate Pareto-set variant from the Zapotecas-Coello-Aguirre suite.
Decision variables: 30
Objectives: 5
Encoding: real
Algorithm: NSGAII
Backend: numpy
Population size: 80
Offspring population size: 80
Max evaluations: 30000
--------------------------------------------------------------------------------
nsgaii -> Time: 29909.92 ms | Eval/s: 1003.0
Objective 1 spread: 6.576216
Results stored in: /home/nico/Documents/GitHub/VAMOS/results/archive_family_pilot_core/NSGAII_archive_family_ZCAT/raw_runs/NSGAII_archive_family_ZCAT/nsgaii_archive_off/ZCAT20/nsgaii/numpy/seed_0
[Study] (242/270) nsgaii | numpy | zcat20 | seed=1
================================================================================
VAMOS Experiment Runner
================================================================================
Problem: ZCAT20
Description: ZCAT20: disconnected/degenerate Pareto-set variant from the Zapotecas-Coello-Aguirre suite.
Decision variables: 30
Objectives: 5
Encoding: real
Algorithm: NSGAII
Backend: numpy
Population size: 80
Offspring population size: 80
Max evaluations: 30000
--------------------------------------------------------------------------------
nsgaii -> Time: 29576.44 ms | Eval/s: 1014.3
Objective 1 spread: 6.150966
Results stored in: /home/nico/Documents/GitHub/VAMOS/results/archive_family_pilot_core/NSGAII_archive_family_ZCAT/raw_runs/NSGAII_archive_family_ZCAT/nsgaii_archive_off/ZCAT20/nsgaii/numpy/seed_1
[Study] (243/270) nsgaii | numpy | zcat20 | seed=2
================================================================================
VAMOS Experiment Runner
================================================================================
Problem: ZCAT20
Description: ZCAT20: disconnected/degenerate Pareto-set variant from the Zapotecas-Coello-Aguirre suite.
Decision variables: 30
Objectives: 5
Encoding: real
Algorithm: NSGAII
Backend: numpy
Population size: 80
Offspring population size: 80
Max evaluations: 30000
--------------------------------------------------------------------------------
nsgaii -> Time: 29480.22 ms | Eval/s: 1017.6
Objective 1 spread: 6.517477
Results stored in: /home/nico/Documents/GitHub/VAMOS/results/archive_family_pilot_core/NSGAII_archive_family_ZCAT/raw_runs/NSGAII_archive_family_ZCAT/nsgaii_archive_off/ZCAT20/nsgaii/numpy/seed_2
[Study] (244/270) nsgaii | numpy | zcat20 | seed=3
================================================================================
VAMOS Experiment Runner
================================================================================
Problem: ZCAT20
Description: ZCAT20: disconnected/degenerate Pareto-set variant from the Zapotecas-Coello-Aguirre suite.
Decision variables: 30
Objectives: 5
Encoding: real
Algorithm: NSGAII
Backend: numpy
Population size: 80
Offspring population size: 80
Max evaluations: 30000
--------------------------------------------------------------------------------
nsgaii -> Time: 29806.78 ms | Eval/s: 1006.5
Objective 1 spread: 6.635967
Results stored in: /home/nico/Documents/GitHub/VAMOS/results/archive_family_pilot_core/NSGAII_archive_family_ZCAT/raw_runs/NSGAII_archive_family_ZCAT/nsgaii_archive_off/ZCAT20/nsgaii/numpy/seed_3
[Study] (245/270) nsgaii | numpy | zcat20 | seed=4
================================================================================
VAMOS Experiment Runner
================================================================================
Problem: ZCAT20
Description: ZCAT20: disconnected/degenerate Pareto-set variant from the Zapotecas-Coello-Aguirre suite.
Decision variables: 30
Objectives: 5
Encoding: real
Algorithm: NSGAII
Backend: numpy
Population size: 80
Offspring population size: 80
Max evaluations: 30000
--------------------------------------------------------------------------------
nsgaii -> Time: 29479.60 ms | Eval/s: 1017.7
Objective 1 spread: 6.788303
Results stored in: /home/nico/Documents/GitHub/VAMOS/results/archive_family_pilot_core/NSGAII_archive_family_ZCAT/raw_runs/NSGAII_archive_family_ZCAT/nsgaii_archive_off/ZCAT20/nsgaii/numpy/seed_4
[Study] (246/270) nsgaii | numpy | zcat20 | seed=5
================================================================================
VAMOS Experiment Runner
================================================================================
Problem: ZCAT20
Description: ZCAT20: disconnected/degenerate Pareto-set variant from the Zapotecas-Coello-Aguirre suite.
Decision variables: 30
Objectives: 5
Encoding: real
Algorithm: NSGAII
Backend: numpy
Population size: 80
Offspring population size: 80
Max evaluations: 30000
--------------------------------------------------------------------------------
nsgaii -> Time: 29478.23 ms | Eval/s: 1017.7
Objective 1 spread: 5.639064
Results stored in: /home/nico/Documents/GitHub/VAMOS/results/archive_family_pilot_core/NSGAII_archive_family_ZCAT/raw_runs/NSGAII_archive_family_ZCAT/nsgaii_archive_off/ZCAT20/nsgaii/numpy/seed_5
[Study] (247/270) nsgaii | numpy | zcat20 | seed=6
================================================================================
VAMOS Experiment Runner
================================================================================
Problem: ZCAT20
Description: ZCAT20: disconnected/degenerate Pareto-set variant from the Zapotecas-Coello-Aguirre suite.
Decision variables: 30
Objectives: 5
Encoding: real
Algorithm: NSGAII
Backend: numpy
Population size: 80
Offspring population size: 80
Max evaluations: 30000
--------------------------------------------------------------------------------
nsgaii -> Time: 29405.96 ms | Eval/s: 1020.2
Objective 1 spread: 5.871589
Results stored in: /home/nico/Documents/GitHub/VAMOS/results/archive_family_pilot_core/NSGAII_archive_family_ZCAT/raw_runs/NSGAII_archive_family_ZCAT/nsgaii_archive_off/ZCAT20/nsgaii/numpy/seed_6
[Study] (248/270) nsgaii | numpy | zcat20 | seed=7
================================================================================
VAMOS Experiment Runner
================================================================================
Problem: ZCAT20
Description: ZCAT20: disconnected/degenerate Pareto-set variant from the Zapotecas-Coello-Aguirre suite.
Decision variables: 30
Objectives: 5
Encoding: real
Algorithm: NSGAII
Backend: numpy
Population size: 80
Offspring population size: 80
Max evaluations: 30000
--------------------------------------------------------------------------------
nsgaii -> Time: 29563.43 ms | Eval/s: 1014.8
Objective 1 spread: 6.532454
Results stored in: /home/nico/Documents/GitHub/VAMOS/results/archive_family_pilot_core/NSGAII_archive_family_ZCAT/raw_runs/NSGAII_archive_family_ZCAT/nsgaii_archive_off/ZCAT20/nsgaii/numpy/seed_7
[Study] (249/270) nsgaii | numpy | zcat20 | seed=8
================================================================================
VAMOS Experiment Runner
================================================================================
Problem: ZCAT20
Description: ZCAT20: disconnected/degenerate Pareto-set variant from the Zapotecas-Coello-Aguirre suite.
Decision variables: 30
Objectives: 5
Encoding: real
Algorithm: NSGAII
Backend: numpy
Population size: 80
Offspring population size: 80
Max evaluations: 30000
--------------------------------------------------------------------------------
nsgaii -> Time: 29453.00 ms | Eval/s: 1018.6
Objective 1 spread: 6.468576
Results stored in: /home/nico/Documents/GitHub/VAMOS/results/archive_family_pilot_core/NSGAII_archive_family_ZCAT/raw_runs/NSGAII_archive_family_ZCAT/nsgaii_archive_off/ZCAT20/nsgaii/numpy/seed_8
[Study] (250/270) nsgaii | numpy | zcat20 | seed=9
================================================================================
VAMOS Experiment Runner
================================================================================
Problem: ZCAT20
Description: ZCAT20: disconnected/degenerate Pareto-set variant from the Zapotecas-Coello-Aguirre suite.
Decision variables: 30
Objectives: 5
Encoding: real
Algorithm: NSGAII
Backend: numpy
Population size: 80
Offspring population size: 80
Max evaluations: 30000
--------------------------------------------------------------------------------
nsgaii -> Time: 29558.00 ms | Eval/s: 1015.0
Objective 1 spread: 6.468009
Results stored in: /home/nico/Documents/GitHub/VAMOS/results/archive_family_pilot_core/NSGAII_archive_family_ZCAT/raw_runs/NSGAII_archive_family_ZCAT/nsgaii_archive_off/ZCAT20/nsgaii/numpy/seed_9
[Study] (251/270) nsgaii | numpy | zcat20 | seed=0
================================================================================
VAMOS Experiment Runner
================================================================================
Problem: ZCAT20
Description: ZCAT20: disconnected/degenerate Pareto-set variant from the Zapotecas-Coello-Aguirre suite.
Decision variables: 30
Objectives: 5
Encoding: real
Algorithm: NSGAII
Backend: numpy
Population size: 80
Offspring population size: 80
Max evaluations: 30000
--------------------------------------------------------------------------------
nsgaii -> Time: 33649.15 ms | Eval/s: 891.6
Objective 1 spread: 6.576216
Results stored in: /home/nico/Documents/GitHub/VAMOS/results/archive_family_pilot_core/NSGAII_archive_family_ZCAT/raw_runs/NSGAII_archive_family_ZCAT/nsgaii_archive_passive/ZCAT20/nsgaii/numpy/seed_0
[Study] (252/270) nsgaii | numpy | zcat20 | seed=1
================================================================================
VAMOS Experiment Runner
================================================================================
Problem: ZCAT20
Description: ZCAT20: disconnected/degenerate Pareto-set variant from the Zapotecas-Coello-Aguirre suite.
Decision variables: 30
Objectives: 5
Encoding: real
Algorithm: NSGAII
Backend: numpy
Population size: 80
Offspring population size: 80
Max evaluations: 30000
--------------------------------------------------------------------------------
nsgaii -> Time: 34686.51 ms | Eval/s: 864.9
Objective 1 spread: 6.150966
Results stored in: /home/nico/Documents/GitHub/VAMOS/results/archive_family_pilot_core/NSGAII_archive_family_ZCAT/raw_runs/NSGAII_archive_family_ZCAT/nsgaii_archive_passive/ZCAT20/nsgaii/numpy/seed_1
[Study] (253/270) nsgaii | numpy | zcat20 | seed=2
================================================================================
VAMOS Experiment Runner
================================================================================
Problem: ZCAT20
Description: ZCAT20: disconnected/degenerate Pareto-set variant from the Zapotecas-Coello-Aguirre suite.
Decision variables: 30
Objectives: 5
Encoding: real
Algorithm: NSGAII
Backend: numpy
Population size: 80
Offspring population size: 80
Max evaluations: 30000
--------------------------------------------------------------------------------
nsgaii -> Time: 35173.92 ms | Eval/s: 852.9
Objective 1 spread: 6.517477
Results stored in: /home/nico/Documents/GitHub/VAMOS/results/archive_family_pilot_core/NSGAII_archive_family_ZCAT/raw_runs/NSGAII_archive_family_ZCAT/nsgaii_archive_passive/ZCAT20/nsgaii/numpy/seed_2
[Study] (254/270) nsgaii | numpy | zcat20 | seed=3
================================================================================
VAMOS Experiment Runner
================================================================================
Problem: ZCAT20
Description: ZCAT20: disconnected/degenerate Pareto-set variant from the Zapotecas-Coello-Aguirre suite.
Decision variables: 30
Objectives: 5
Encoding: real
Algorithm: NSGAII
Backend: numpy
Population size: 80
Offspring population size: 80
Max evaluations: 30000
--------------------------------------------------------------------------------
nsgaii -> Time: 35490.65 ms | Eval/s: 845.3
Objective 1 spread: 6.635967
Results stored in: /home/nico/Documents/GitHub/VAMOS/results/archive_family_pilot_core/NSGAII_archive_family_ZCAT/raw_runs/NSGAII_archive_family_ZCAT/nsgaii_archive_passive/ZCAT20/nsgaii/numpy/seed_3
[Study] (255/270) nsgaii | numpy | zcat20 | seed=4
================================================================================
VAMOS Experiment Runner
================================================================================
Problem: ZCAT20
Description: ZCAT20: disconnected/degenerate Pareto-set variant from the Zapotecas-Coello-Aguirre suite.
Decision variables: 30
Objectives: 5
Encoding: real
Algorithm: NSGAII
Backend: numpy
Population size: 80
Offspring population size: 80
Max evaluations: 30000
--------------------------------------------------------------------------------
nsgaii -> Time: 36065.93 ms | Eval/s: 831.8
Objective 1 spread: 6.788303
Results stored in: /home/nico/Documents/GitHub/VAMOS/results/archive_family_pilot_core/NSGAII_archive_family_ZCAT/raw_runs/NSGAII_archive_family_ZCAT/nsgaii_archive_passive/ZCAT20/nsgaii/numpy/seed_4
[Study] (256/270) nsgaii | numpy | zcat20 | seed=5
================================================================================
VAMOS Experiment Runner
================================================================================
Problem: ZCAT20
Description: ZCAT20: disconnected/degenerate Pareto-set variant from the Zapotecas-Coello-Aguirre suite.
Decision variables: 30
Objectives: 5
Encoding: real
Algorithm: NSGAII
Backend: numpy
Population size: 80
Offspring population size: 80
Max evaluations: 30000
--------------------------------------------------------------------------------
nsgaii -> Time: 36342.91 ms | Eval/s: 825.5
Objective 1 spread: 5.639064
Results stored in: /home/nico/Documents/GitHub/VAMOS/results/archive_family_pilot_core/NSGAII_archive_family_ZCAT/raw_runs/NSGAII_archive_family_ZCAT/nsgaii_archive_passive/ZCAT20/nsgaii/numpy/seed_5
[Study] (257/270) nsgaii | numpy | zcat20 | seed=6
================================================================================
VAMOS Experiment Runner
================================================================================
Problem: ZCAT20
Description: ZCAT20: disconnected/degenerate Pareto-set variant from the Zapotecas-Coello-Aguirre suite.
Decision variables: 30
Objectives: 5
Encoding: real
Algorithm: NSGAII
Backend: numpy
Population size: 80
Offspring population size: 80
Max evaluations: 30000
--------------------------------------------------------------------------------
nsgaii -> Time: 35885.81 ms | Eval/s: 836.0
Objective 1 spread: 5.871589
Results stored in: /home/nico/Documents/GitHub/VAMOS/results/archive_family_pilot_core/NSGAII_archive_family_ZCAT/raw_runs/NSGAII_archive_family_ZCAT/nsgaii_archive_passive/ZCAT20/nsgaii/numpy/seed_6
[Study] (258/270) nsgaii | numpy | zcat20 | seed=7
================================================================================
VAMOS Experiment Runner
================================================================================
Problem: ZCAT20
Description: ZCAT20: disconnected/degenerate Pareto-set variant from the Zapotecas-Coello-Aguirre suite.
Decision variables: 30
Objectives: 5
Encoding: real
Algorithm: NSGAII
Backend: numpy
Population size: 80
Offspring population size: 80
Max evaluations: 30000
--------------------------------------------------------------------------------
nsgaii -> Time: 35443.47 ms | Eval/s: 846.4
Objective 1 spread: 6.532454
Results stored in: /home/nico/Documents/GitHub/VAMOS/results/archive_family_pilot_core/NSGAII_archive_family_ZCAT/raw_runs/NSGAII_archive_family_ZCAT/nsgaii_archive_passive/ZCAT20/nsgaii/numpy/seed_7
[Study] (259/270) nsgaii | numpy | zcat20 | seed=8
================================================================================
VAMOS Experiment Runner
================================================================================
Problem: ZCAT20
Description: ZCAT20: disconnected/degenerate Pareto-set variant from the Zapotecas-Coello-Aguirre suite.
Decision variables: 30
Objectives: 5
Encoding: real
Algorithm: NSGAII
Backend: numpy
Population size: 80
Offspring population size: 80
Max evaluations: 30000
--------------------------------------------------------------------------------
nsgaii -> Time: 34242.13 ms | Eval/s: 876.1
Objective 1 spread: 6.468576
Results stored in: /home/nico/Documents/GitHub/VAMOS/results/archive_family_pilot_core/NSGAII_archive_family_ZCAT/raw_runs/NSGAII_archive_family_ZCAT/nsgaii_archive_passive/ZCAT20/nsgaii/numpy/seed_8
[Study] (260/270) nsgaii | numpy | zcat20 | seed=9
================================================================================
VAMOS Experiment Runner
================================================================================
Problem: ZCAT20
Description: ZCAT20: disconnected/degenerate Pareto-set variant from the Zapotecas-Coello-Aguirre suite.
Decision variables: 30
Objectives: 5
Encoding: real
Algorithm: NSGAII
Backend: numpy
Population size: 80
Offspring population size: 80
Max evaluations: 30000
--------------------------------------------------------------------------------
nsgaii -> Time: 34780.07 ms | Eval/s: 862.6
Objective 1 spread: 6.468009
Results stored in: /home/nico/Documents/GitHub/VAMOS/results/archive_family_pilot_core/NSGAII_archive_family_ZCAT/raw_runs/NSGAII_archive_family_ZCAT/nsgaii_archive_passive/ZCAT20/nsgaii/numpy/seed_9
[Study] (261/270) nsgaii | numpy | zcat20 | seed=0
================================================================================
VAMOS Experiment Runner
================================================================================
Problem: ZCAT20
Description: ZCAT20: disconnected/degenerate Pareto-set variant from the Zapotecas-Coello-Aguirre suite.
Decision variables: 30
Objectives: 5
Encoding: real
Algorithm: NSGAII
Backend: numpy
Population size: 80
Offspring population size: 80
Max evaluations: 30000
--------------------------------------------------------------------------------
nsgaii -> Time: 36191.65 ms | Eval/s: 828.9
Objective 1 spread: 6.101730
Results stored in: /home/nico/Documents/GitHub/VAMOS/results/archive_family_pilot_core/NSGAII_archive_family_ZCAT/raw_runs/NSGAII_archive_family_ZCAT/nsgaii_archive_hybrid/ZCAT20/nsgaii/numpy/seed_0
[Study] (262/270) nsgaii | numpy | zcat20 | seed=1
================================================================================
VAMOS Experiment Runner
================================================================================
Problem: ZCAT20
Description: ZCAT20: disconnected/degenerate Pareto-set variant from the Zapotecas-Coello-Aguirre suite.
Decision variables: 30
Objectives: 5
Encoding: real
Algorithm: NSGAII
Backend: numpy
Population size: 80
Offspring population size: 80
Max evaluations: 30000
--------------------------------------------------------------------------------
nsgaii -> Time: 36241.74 ms | Eval/s: 827.8
Objective 1 spread: 6.116918
Results stored in: /home/nico/Documents/GitHub/VAMOS/results/archive_family_pilot_core/NSGAII_archive_family_ZCAT/raw_runs/NSGAII_archive_family_ZCAT/nsgaii_archive_hybrid/ZCAT20/nsgaii/numpy/seed_1
[Study] (263/270) nsgaii | numpy | zcat20 | seed=2
================================================================================
VAMOS Experiment Runner
================================================================================
Problem: ZCAT20
Description: ZCAT20: disconnected/degenerate Pareto-set variant from the Zapotecas-Coello-Aguirre suite.
Decision variables: 30
Objectives: 5
Encoding: real
Algorithm: NSGAII
Backend: numpy
Population size: 80
Offspring population size: 80
Max evaluations: 30000
--------------------------------------------------------------------------------
nsgaii -> Time: 37501.89 ms | Eval/s: 800.0
Objective 1 spread: 6.623663
Results stored in: /home/nico/Documents/GitHub/VAMOS/results/archive_family_pilot_core/NSGAII_archive_family_ZCAT/raw_runs/NSGAII_archive_family_ZCAT/nsgaii_archive_hybrid/ZCAT20/nsgaii/numpy/seed_2
[Study] (264/270) nsgaii | numpy | zcat20 | seed=3
================================================================================
VAMOS Experiment Runner
================================================================================
Problem: ZCAT20
Description: ZCAT20: disconnected/degenerate Pareto-set variant from the Zapotecas-Coello-Aguirre suite.
Decision variables: 30
Objectives: 5
Encoding: real
Algorithm: NSGAII
Backend: numpy
Population size: 80
Offspring population size: 80
Max evaluations: 30000
--------------------------------------------------------------------------------
nsgaii -> Time: 37795.04 ms | Eval/s: 793.8
Objective 1 spread: 6.955848
Results stored in: /home/nico/Documents/GitHub/VAMOS/results/archive_family_pilot_core/NSGAII_archive_family_ZCAT/raw_runs/NSGAII_archive_family_ZCAT/nsgaii_archive_hybrid/ZCAT20/nsgaii/numpy/seed_3
[Study] (265/270) nsgaii | numpy | zcat20 | seed=4
================================================================================
VAMOS Experiment Runner
================================================================================
Problem: ZCAT20
Description: ZCAT20: disconnected/degenerate Pareto-set variant from the Zapotecas-Coello-Aguirre suite.
Decision variables: 30
Objectives: 5
Encoding: real
Algorithm: NSGAII
Backend: numpy
Population size: 80
Offspring population size: 80
Max evaluations: 30000
--------------------------------------------------------------------------------
nsgaii -> Time: 37727.07 ms | Eval/s: 795.2
Objective 1 spread: 6.871862
Results stored in: /home/nico/Documents/GitHub/VAMOS/results/archive_family_pilot_core/NSGAII_archive_family_ZCAT/raw_runs/NSGAII_archive_family_ZCAT/nsgaii_archive_hybrid/ZCAT20/nsgaii/numpy/seed_4
[Study] (266/270) nsgaii | numpy | zcat20 | seed=5
================================================================================
VAMOS Experiment Runner
================================================================================
Problem: ZCAT20
Description: ZCAT20: disconnected/degenerate Pareto-set variant from the Zapotecas-Coello-Aguirre suite.
Decision variables: 30
Objectives: 5
Encoding: real
Algorithm: NSGAII
Backend: numpy
Population size: 80
Offspring population size: 80
Max evaluations: 30000
--------------------------------------------------------------------------------
nsgaii -> Time: 36699.89 ms | Eval/s: 817.4
Objective 1 spread: 6.889329
Results stored in: /home/nico/Documents/GitHub/VAMOS/results/archive_family_pilot_core/NSGAII_archive_family_ZCAT/raw_runs/NSGAII_archive_family_ZCAT/nsgaii_archive_hybrid/ZCAT20/nsgaii/numpy/seed_5
[Study] (267/270) nsgaii | numpy | zcat20 | seed=6
================================================================================
VAMOS Experiment Runner
================================================================================
Problem: ZCAT20
Description: ZCAT20: disconnected/degenerate Pareto-set variant from the Zapotecas-Coello-Aguirre suite.
Decision variables: 30
Objectives: 5
Encoding: real
Algorithm: NSGAII
Backend: numpy
Population size: 80
Offspring population size: 80
Max evaluations: 30000
--------------------------------------------------------------------------------
nsgaii -> Time: 37961.42 ms | Eval/s: 790.3
Objective 1 spread: 6.860651
Results stored in: /home/nico/Documents/GitHub/VAMOS/results/archive_family_pilot_core/NSGAII_archive_family_ZCAT/raw_runs/NSGAII_archive_family_ZCAT/nsgaii_archive_hybrid/ZCAT20/nsgaii/numpy/seed_6
[Study] (268/270) nsgaii | numpy | zcat20 | seed=7
================================================================================
VAMOS Experiment Runner
================================================================================
Problem: ZCAT20
Description: ZCAT20: disconnected/degenerate Pareto-set variant from the Zapotecas-Coello-Aguirre suite.
Decision variables: 30
Objectives: 5
Encoding: real
Algorithm: NSGAII
Backend: numpy
Population size: 80
Offspring population size: 80
Max evaluations: 30000
--------------------------------------------------------------------------------
nsgaii -> Time: 40230.31 ms | Eval/s: 745.7
Objective 1 spread: 6.993737
Results stored in: /home/nico/Documents/GitHub/VAMOS/results/archive_family_pilot_core/NSGAII_archive_family_ZCAT/raw_runs/NSGAII_archive_family_ZCAT/nsgaii_archive_hybrid/ZCAT20/nsgaii/numpy/seed_7
[Study] (269/270) nsgaii | numpy | zcat20 | seed=8
================================================================================
VAMOS Experiment Runner
================================================================================
Problem: ZCAT20
Description: ZCAT20: disconnected/degenerate Pareto-set variant from the Zapotecas-Coello-Aguirre suite.
Decision variables: 30
Objectives: 5
Encoding: real
Algorithm: NSGAII
Backend: numpy
Population size: 80
Offspring population size: 80
Max evaluations: 30000
--------------------------------------------------------------------------------
nsgaii -> Time: 39335.33 ms | Eval/s: 762.7
Objective 1 spread: 6.664448
Results stored in: /home/nico/Documents/GitHub/VAMOS/results/archive_family_pilot_core/NSGAII_archive_family_ZCAT/raw_runs/NSGAII_archive_family_ZCAT/nsgaii_archive_hybrid/ZCAT20/nsgaii/numpy/seed_8
[Study] (270/270) nsgaii | numpy | zcat20 | seed=9
================================================================================
VAMOS Experiment Runner
================================================================================
Problem: ZCAT20
Description: ZCAT20: disconnected/degenerate Pareto-set variant from the Zapotecas-Coello-Aguirre suite.
Decision variables: 30
Objectives: 5
Encoding: real
Algorithm: NSGAII
Backend: numpy
Population size: 80
Offspring population size: 80
Max evaluations: 30000
--------------------------------------------------------------------------------
nsgaii -> Time: 40348.82 ms | Eval/s: 743.5
Objective 1 spread: 6.378754
Results stored in: /home/nico/Documents/GitHub/VAMOS/results/archive_family_pilot_core/NSGAII_archive_family_ZCAT/raw_runs/NSGAII_archive_family_ZCAT/nsgaii_archive_hybrid/ZCAT20/nsgaii/numpy/seed_9
[Persister] CSV exported to /home/nico/Documents/GitHub/VAMOS/results/archive_family_pilot_core/NSGAII_archive_family_ZCAT/summary/metrics.csv
[Benchmark] Suite 'NSGAII_archive_family_ZCAT' completed.
[Benchmark] Summary CSV: /home/nico/Documents/GitHub/VAMOS/results/archive_family_pilot_core/NSGAII_archive_family_ZCAT/summary/metrics.csv
[Benchmark] Tidy metrics: /home/nico/Documents/GitHub/VAMOS/results/archive_family_pilot_core/NSGAII_archive_family_ZCAT/summary/metrics_tidy.csv
[Benchmark] LaTeX tables in /home/nico/Documents/GitHub/VAMOS/results/archive_family_pilot_core/NSGAII_archive_family_ZCAT/summary/tables
[Benchmark] Plots in /home/nico/Documents/GitHub/VAMOS/results/archive_family_pilot_core/NSGAII_archive_family_ZCAT/summary/plots
[Benchmark] Lab outputs in /home/nico/Documents/GitHub/VAMOS/results/archive_family_pilot_core/NSGAII_archive_family_ZCAT/summary/lab
