[Study] (1/270) nsgaii | numpy | wfg1 | seed=0
================================================================================
VAMOS Experiment Runner
================================================================================
Problem: WFG1
Description: WFG1 benchmarking problem (requires pymoo).
Decision variables: 22
Objectives: 2
Encoding: real
Algorithm: NSGAII
Backend: numpy
Population size: 80
Offspring population size: 80
Max evaluations: 18000
--------------------------------------------------------------------------------
nsgaii -> Time: 10438.31 ms | Eval/s: 1724.4
Objective 1 spread: 0.786887
Results stored in: /home/nico/Documents/GitHub/VAMOS/results/archive_family_pilot_core/NSGAII_archive_family_WFG/raw_runs/NSGAII_archive_family_WFG/nsgaii_archive_off/WFG1/nsgaii/numpy/seed_0
[Study] (2/270) nsgaii | numpy | wfg1 | seed=1
================================================================================
VAMOS Experiment Runner
================================================================================
Problem: WFG1
Description: WFG1 benchmarking problem (requires pymoo).
Decision variables: 22
Objectives: 2
Encoding: real
Algorithm: NSGAII
Backend: numpy
Population size: 80
Offspring population size: 80
Max evaluations: 18000
--------------------------------------------------------------------------------
nsgaii -> Time: 10630.50 ms | Eval/s: 1693.2
Objective 1 spread: 0.691347
Results stored in: /home/nico/Documents/GitHub/VAMOS/results/archive_family_pilot_core/NSGAII_archive_family_WFG/raw_runs/NSGAII_archive_family_WFG/nsgaii_archive_off/WFG1/nsgaii/numpy/seed_1
[Study] (3/270) nsgaii | numpy | wfg1 | seed=2
================================================================================
VAMOS Experiment Runner
================================================================================
Problem: WFG1
Description: WFG1 benchmarking problem (requires pymoo).
Decision variables: 22
Objectives: 2
Encoding: real
Algorithm: NSGAII
Backend: numpy
Population size: 80
Offspring population size: 80
Max evaluations: 18000
--------------------------------------------------------------------------------
nsgaii -> Time: 10886.98 ms | Eval/s: 1653.4
Objective 1 spread: 0.628939
Results stored in: /home/nico/Documents/GitHub/VAMOS/results/archive_family_pilot_core/NSGAII_archive_family_WFG/raw_runs/NSGAII_archive_family_WFG/nsgaii_archive_off/WFG1/nsgaii/numpy/seed_2
[Study] (4/270) nsgaii | numpy | wfg1 | seed=3
================================================================================
VAMOS Experiment Runner
================================================================================
Problem: WFG1
Description: WFG1 benchmarking problem (requires pymoo).
Decision variables: 22
Objectives: 2
Encoding: real
Algorithm: NSGAII
Backend: numpy
Population size: 80
Offspring population size: 80
Max evaluations: 18000
--------------------------------------------------------------------------------
nsgaii -> Time: 10675.84 ms | Eval/s: 1686.0
Objective 1 spread: 0.640527
Results stored in: /home/nico/Documents/GitHub/VAMOS/results/archive_family_pilot_core/NSGAII_archive_family_WFG/raw_runs/NSGAII_archive_family_WFG/nsgaii_archive_off/WFG1/nsgaii/numpy/seed_3
[Study] (5/270) nsgaii | numpy | wfg1 | seed=4
================================================================================
VAMOS Experiment Runner
================================================================================
Problem: WFG1
Description: WFG1 benchmarking problem (requires pymoo).
Decision variables: 22
Objectives: 2
Encoding: real
Algorithm: NSGAII
Backend: numpy
Population size: 80
Offspring population size: 80
Max evaluations: 18000
--------------------------------------------------------------------------------
nsgaii -> Time: 10845.77 ms | Eval/s: 1659.6
Objective 1 spread: 0.631028
Results stored in: /home/nico/Documents/GitHub/VAMOS/results/archive_family_pilot_core/NSGAII_archive_family_WFG/raw_runs/NSGAII_archive_family_WFG/nsgaii_archive_off/WFG1/nsgaii/numpy/seed_4
[Study] (6/270) nsgaii | numpy | wfg1 | seed=5
================================================================================
VAMOS Experiment Runner
================================================================================
Problem: WFG1
Description: WFG1 benchmarking problem (requires pymoo).
Decision variables: 22
Objectives: 2
Encoding: real
Algorithm: NSGAII
Backend: numpy
Population size: 80
Offspring population size: 80
Max evaluations: 18000
--------------------------------------------------------------------------------
nsgaii -> Time: 10800.53 ms | Eval/s: 1666.6
Objective 1 spread: 0.887273
Results stored in: /home/nico/Documents/GitHub/VAMOS/results/archive_family_pilot_core/NSGAII_archive_family_WFG/raw_runs/NSGAII_archive_family_WFG/nsgaii_archive_off/WFG1/nsgaii/numpy/seed_5
[Study] (7/270) nsgaii | numpy | wfg1 | seed=6
================================================================================
VAMOS Experiment Runner
================================================================================
Problem: WFG1
Description: WFG1 benchmarking problem (requires pymoo).
Decision variables: 22
Objectives: 2
Encoding: real
Algorithm: NSGAII
Backend: numpy
Population size: 80
Offspring population size: 80
Max evaluations: 18000
--------------------------------------------------------------------------------
nsgaii -> Time: 10688.04 ms | Eval/s: 1684.1
Objective 1 spread: 0.691613
Results stored in: /home/nico/Documents/GitHub/VAMOS/results/archive_family_pilot_core/NSGAII_archive_family_WFG/raw_runs/NSGAII_archive_family_WFG/nsgaii_archive_off/WFG1/nsgaii/numpy/seed_6
[Study] (8/270) nsgaii | numpy | wfg1 | seed=7
================================================================================
VAMOS Experiment Runner
================================================================================
Problem: WFG1
Description: WFG1 benchmarking problem (requires pymoo).
Decision variables: 22
Objectives: 2
Encoding: real
Algorithm: NSGAII
Backend: numpy
Population size: 80
Offspring population size: 80
Max evaluations: 18000
--------------------------------------------------------------------------------
nsgaii -> Time: 10766.75 ms | Eval/s: 1671.8
Objective 1 spread: 0.801256
Results stored in: /home/nico/Documents/GitHub/VAMOS/results/archive_family_pilot_core/NSGAII_archive_family_WFG/raw_runs/NSGAII_archive_family_WFG/nsgaii_archive_off/WFG1/nsgaii/numpy/seed_7
[Study] (9/270) nsgaii | numpy | wfg1 | seed=8
================================================================================
VAMOS Experiment Runner
================================================================================
Problem: WFG1
Description: WFG1 benchmarking problem (requires pymoo).
Decision variables: 22
Objectives: 2
Encoding: real
Algorithm: NSGAII
Backend: numpy
Population size: 80
Offspring population size: 80
Max evaluations: 18000
--------------------------------------------------------------------------------
nsgaii -> Time: 10822.33 ms | Eval/s: 1663.2
Objective 1 spread: 0.708369
Results stored in: /home/nico/Documents/GitHub/VAMOS/results/archive_family_pilot_core/NSGAII_archive_family_WFG/raw_runs/NSGAII_archive_family_WFG/nsgaii_archive_off/WFG1/nsgaii/numpy/seed_8
[Study] (10/270) nsgaii | numpy | wfg1 | seed=9
================================================================================
VAMOS Experiment Runner
================================================================================
Problem: WFG1
Description: WFG1 benchmarking problem (requires pymoo).
Decision variables: 22
Objectives: 2
Encoding: real
Algorithm: NSGAII
Backend: numpy
Population size: 80
Offspring population size: 80
Max evaluations: 18000
--------------------------------------------------------------------------------
nsgaii -> Time: 10719.78 ms | Eval/s: 1679.1
Objective 1 spread: 0.786928
Results stored in: /home/nico/Documents/GitHub/VAMOS/results/archive_family_pilot_core/NSGAII_archive_family_WFG/raw_runs/NSGAII_archive_family_WFG/nsgaii_archive_off/WFG1/nsgaii/numpy/seed_9
[Study] (11/270) nsgaii | numpy | wfg1 | seed=0
================================================================================
VAMOS Experiment Runner
================================================================================
Problem: WFG1
Description: WFG1 benchmarking problem (requires pymoo).
Decision variables: 22
Objectives: 2
Encoding: real
Algorithm: NSGAII
Backend: numpy
Population size: 80
Offspring population size: 80
Max evaluations: 18000
--------------------------------------------------------------------------------
nsgaii -> Time: 11114.84 ms | Eval/s: 1619.5
Objective 1 spread: 0.786887
Results stored in: /home/nico/Documents/GitHub/VAMOS/results/archive_family_pilot_core/NSGAII_archive_family_WFG/raw_runs/NSGAII_archive_family_WFG/nsgaii_archive_passive/WFG1/nsgaii/numpy/seed_0
[Study] (12/270) nsgaii | numpy | wfg1 | seed=1
================================================================================
VAMOS Experiment Runner
================================================================================
Problem: WFG1
Description: WFG1 benchmarking problem (requires pymoo).
Decision variables: 22
Objectives: 2
Encoding: real
Algorithm: NSGAII
Backend: numpy
Population size: 80
Offspring population size: 80
Max evaluations: 18000
--------------------------------------------------------------------------------
nsgaii -> Time: 11003.68 ms | Eval/s: 1635.8
Objective 1 spread: 0.691347
Results stored in: /home/nico/Documents/GitHub/VAMOS/results/archive_family_pilot_core/NSGAII_archive_family_WFG/raw_runs/NSGAII_archive_family_WFG/nsgaii_archive_passive/WFG1/nsgaii/numpy/seed_1
[Study] (13/270) nsgaii | numpy | wfg1 | seed=2
================================================================================
VAMOS Experiment Runner
================================================================================
Problem: WFG1
Description: WFG1 benchmarking problem (requires pymoo).
Decision variables: 22
Objectives: 2
Encoding: real
Algorithm: NSGAII
Backend: numpy
Population size: 80
Offspring population size: 80
Max evaluations: 18000
--------------------------------------------------------------------------------
nsgaii -> Time: 10861.89 ms | Eval/s: 1657.2
Objective 1 spread: 0.628939
Results stored in: /home/nico/Documents/GitHub/VAMOS/results/archive_family_pilot_core/NSGAII_archive_family_WFG/raw_runs/NSGAII_archive_family_WFG/nsgaii_archive_passive/WFG1/nsgaii/numpy/seed_2
[Study] (14/270) nsgaii | numpy | wfg1 | seed=3
================================================================================
VAMOS Experiment Runner
================================================================================
Problem: WFG1
Description: WFG1 benchmarking problem (requires pymoo).
Decision variables: 22
Objectives: 2
Encoding: real
Algorithm: NSGAII
Backend: numpy
Population size: 80
Offspring population size: 80
Max evaluations: 18000
--------------------------------------------------------------------------------
nsgaii -> Time: 10996.00 ms | Eval/s: 1637.0
Objective 1 spread: 0.640527
Results stored in: /home/nico/Documents/GitHub/VAMOS/results/archive_family_pilot_core/NSGAII_archive_family_WFG/raw_runs/NSGAII_archive_family_WFG/nsgaii_archive_passive/WFG1/nsgaii/numpy/seed_3
[Study] (15/270) nsgaii | numpy | wfg1 | seed=4
================================================================================
VAMOS Experiment Runner
================================================================================
Problem: WFG1
Description: WFG1 benchmarking problem (requires pymoo).
Decision variables: 22
Objectives: 2
Encoding: real
Algorithm: NSGAII
Backend: numpy
Population size: 80
Offspring population size: 80
Max evaluations: 18000
--------------------------------------------------------------------------------
nsgaii -> Time: 11156.69 ms | Eval/s: 1613.4
Objective 1 spread: 0.631028
Results stored in: /home/nico/Documents/GitHub/VAMOS/results/archive_family_pilot_core/NSGAII_archive_family_WFG/raw_runs/NSGAII_archive_family_WFG/nsgaii_archive_passive/WFG1/nsgaii/numpy/seed_4
[Study] (16/270) nsgaii | numpy | wfg1 | seed=5
================================================================================
VAMOS Experiment Runner
================================================================================
Problem: WFG1
Description: WFG1 benchmarking problem (requires pymoo).
Decision variables: 22
Objectives: 2
Encoding: real
Algorithm: NSGAII
Backend: numpy
Population size: 80
Offspring population size: 80
Max evaluations: 18000
--------------------------------------------------------------------------------
nsgaii -> Time: 11136.08 ms | Eval/s: 1616.4
Objective 1 spread: 0.887273
Results stored in: /home/nico/Documents/GitHub/VAMOS/results/archive_family_pilot_core/NSGAII_archive_family_WFG/raw_runs/NSGAII_archive_family_WFG/nsgaii_archive_passive/WFG1/nsgaii/numpy/seed_5
[Study] (17/270) nsgaii | numpy | wfg1 | seed=6
================================================================================
VAMOS Experiment Runner
================================================================================
Problem: WFG1
Description: WFG1 benchmarking problem (requires pymoo).
Decision variables: 22
Objectives: 2
Encoding: real
Algorithm: NSGAII
Backend: numpy
Population size: 80
Offspring population size: 80
Max evaluations: 18000
--------------------------------------------------------------------------------
nsgaii -> Time: 11194.96 ms | Eval/s: 1607.9
Objective 1 spread: 0.691613
Results stored in: /home/nico/Documents/GitHub/VAMOS/results/archive_family_pilot_core/NSGAII_archive_family_WFG/raw_runs/NSGAII_archive_family_WFG/nsgaii_archive_passive/WFG1/nsgaii/numpy/seed_6
[Study] (18/270) nsgaii | numpy | wfg1 | seed=7
================================================================================
VAMOS Experiment Runner
================================================================================
Problem: WFG1
Description: WFG1 benchmarking problem (requires pymoo).
Decision variables: 22
Objectives: 2
Encoding: real
Algorithm: NSGAII
Backend: numpy
Population size: 80
Offspring population size: 80
Max evaluations: 18000
--------------------------------------------------------------------------------
nsgaii -> Time: 11181.64 ms | Eval/s: 1609.8
Objective 1 spread: 0.801256
Results stored in: /home/nico/Documents/GitHub/VAMOS/results/archive_family_pilot_core/NSGAII_archive_family_WFG/raw_runs/NSGAII_archive_family_WFG/nsgaii_archive_passive/WFG1/nsgaii/numpy/seed_7
[Study] (19/270) nsgaii | numpy | wfg1 | seed=8
================================================================================
VAMOS Experiment Runner
================================================================================
Problem: WFG1
Description: WFG1 benchmarking problem (requires pymoo).
Decision variables: 22
Objectives: 2
Encoding: real
Algorithm: NSGAII
Backend: numpy
Population size: 80
Offspring population size: 80
Max evaluations: 18000
--------------------------------------------------------------------------------
nsgaii -> Time: 11191.69 ms | Eval/s: 1608.3
Objective 1 spread: 0.708369
Results stored in: /home/nico/Documents/GitHub/VAMOS/results/archive_family_pilot_core/NSGAII_archive_family_WFG/raw_runs/NSGAII_archive_family_WFG/nsgaii_archive_passive/WFG1/nsgaii/numpy/seed_8
[Study] (20/270) nsgaii | numpy | wfg1 | seed=9
================================================================================
VAMOS Experiment Runner
================================================================================
Problem: WFG1
Description: WFG1 benchmarking problem (requires pymoo).
Decision variables: 22
Objectives: 2
Encoding: real
Algorithm: NSGAII
Backend: numpy
Population size: 80
Offspring population size: 80
Max evaluations: 18000
--------------------------------------------------------------------------------
nsgaii -> Time: 11094.92 ms | Eval/s: 1622.4
Objective 1 spread: 0.786928
Results stored in: /home/nico/Documents/GitHub/VAMOS/results/archive_family_pilot_core/NSGAII_archive_family_WFG/raw_runs/NSGAII_archive_family_WFG/nsgaii_archive_passive/WFG1/nsgaii/numpy/seed_9
[Study] (21/270) nsgaii | numpy | wfg1 | seed=0
================================================================================
VAMOS Experiment Runner
================================================================================
Problem: WFG1
Description: WFG1 benchmarking problem (requires pymoo).
Decision variables: 22
Objectives: 2
Encoding: real
Algorithm: NSGAII
Backend: numpy
Population size: 80
Offspring population size: 80
Max evaluations: 18000
--------------------------------------------------------------------------------
nsgaii -> Time: 11061.24 ms | Eval/s: 1627.3
Objective 1 spread: 0.755279
Results stored in: /home/nico/Documents/GitHub/VAMOS/results/archive_family_pilot_core/NSGAII_archive_family_WFG/raw_runs/NSGAII_archive_family_WFG/nsgaii_archive_hybrid/WFG1/nsgaii/numpy/seed_0
[Study] (22/270) nsgaii | numpy | wfg1 | seed=1
================================================================================
VAMOS Experiment Runner
================================================================================
Problem: WFG1
Description: WFG1 benchmarking problem (requires pymoo).
Decision variables: 22
Objectives: 2
Encoding: real
Algorithm: NSGAII
Backend: numpy
Population size: 80
Offspring population size: 80
Max evaluations: 18000
--------------------------------------------------------------------------------
nsgaii -> Time: 11256.14 ms | Eval/s: 1599.1
Objective 1 spread: 0.657825
Results stored in: /home/nico/Documents/GitHub/VAMOS/results/archive_family_pilot_core/NSGAII_archive_family_WFG/raw_runs/NSGAII_archive_family_WFG/nsgaii_archive_hybrid/WFG1/nsgaii/numpy/seed_1
[Study] (23/270) nsgaii | numpy | wfg1 | seed=2
================================================================================
VAMOS Experiment Runner
================================================================================
Problem: WFG1
Description: WFG1 benchmarking problem (requires pymoo).
Decision variables: 22
Objectives: 2
Encoding: real
Algorithm: NSGAII
Backend: numpy
Population size: 80
Offspring population size: 80
Max evaluations: 18000
--------------------------------------------------------------------------------
nsgaii -> Time: 11280.34 ms | Eval/s: 1595.7
Objective 1 spread: 0.789276
Results stored in: /home/nico/Documents/GitHub/VAMOS/results/archive_family_pilot_core/NSGAII_archive_family_WFG/raw_runs/NSGAII_archive_family_WFG/nsgaii_archive_hybrid/WFG1/nsgaii/numpy/seed_2
[Study] (24/270) nsgaii | numpy | wfg1 | seed=3
================================================================================
VAMOS Experiment Runner
================================================================================
Problem: WFG1
Description: WFG1 benchmarking problem (requires pymoo).
Decision variables: 22
Objectives: 2
Encoding: real
Algorithm: NSGAII
Backend: numpy
Population size: 80
Offspring population size: 80
Max evaluations: 18000
--------------------------------------------------------------------------------
nsgaii -> Time: 11183.22 ms | Eval/s: 1609.6
Objective 1 spread: 0.772735
Results stored in: /home/nico/Documents/GitHub/VAMOS/results/archive_family_pilot_core/NSGAII_archive_family_WFG/raw_runs/NSGAII_archive_family_WFG/nsgaii_archive_hybrid/WFG1/nsgaii/numpy/seed_3
[Study] (25/270) nsgaii | numpy | wfg1 | seed=4
================================================================================
VAMOS Experiment Runner
================================================================================
Problem: WFG1
Description: WFG1 benchmarking problem (requires pymoo).
Decision variables: 22
Objectives: 2
Encoding: real
Algorithm: NSGAII
Backend: numpy
Population size: 80
Offspring population size: 80
Max evaluations: 18000
--------------------------------------------------------------------------------
nsgaii -> Time: 11253.53 ms | Eval/s: 1599.5
Objective 1 spread: 0.661038
Results stored in: /home/nico/Documents/GitHub/VAMOS/results/archive_family_pilot_core/NSGAII_archive_family_WFG/raw_runs/NSGAII_archive_family_WFG/nsgaii_archive_hybrid/WFG1/nsgaii/numpy/seed_4
[Study] (26/270) nsgaii | numpy | wfg1 | seed=5
================================================================================
VAMOS Experiment Runner
================================================================================
Problem: WFG1
Description: WFG1 benchmarking problem (requires pymoo).
Decision variables: 22
Objectives: 2
Encoding: real
Algorithm: NSGAII
Backend: numpy
Population size: 80
Offspring population size: 80
Max evaluations: 18000
--------------------------------------------------------------------------------
nsgaii -> Time: 11271.11 ms | Eval/s: 1597.0
Objective 1 spread: 0.841562
Results stored in: /home/nico/Documents/GitHub/VAMOS/results/archive_family_pilot_core/NSGAII_archive_family_WFG/raw_runs/NSGAII_archive_family_WFG/nsgaii_archive_hybrid/WFG1/nsgaii/numpy/seed_5
[Study] (27/270) nsgaii | numpy | wfg1 | seed=6
================================================================================
VAMOS Experiment Runner
================================================================================
Problem: WFG1
Description: WFG1 benchmarking problem (requires pymoo).
Decision variables: 22
Objectives: 2
Encoding: real
Algorithm: NSGAII
Backend: numpy
Population size: 80
Offspring population size: 80
Max evaluations: 18000
--------------------------------------------------------------------------------
nsgaii -> Time: 11220.29 ms | Eval/s: 1604.2
Objective 1 spread: 0.835858
Results stored in: /home/nico/Documents/GitHub/VAMOS/results/archive_family_pilot_core/NSGAII_archive_family_WFG/raw_runs/NSGAII_archive_family_WFG/nsgaii_archive_hybrid/WFG1/nsgaii/numpy/seed_6
[Study] (28/270) nsgaii | numpy | wfg1 | seed=7
================================================================================
VAMOS Experiment Runner
================================================================================
Problem: WFG1
Description: WFG1 benchmarking problem (requires pymoo).
Decision variables: 22
Objectives: 2
Encoding: real
Algorithm: NSGAII
Backend: numpy
Population size: 80
Offspring population size: 80
Max evaluations: 18000
--------------------------------------------------------------------------------
nsgaii -> Time: 11147.89 ms | Eval/s: 1614.7
Objective 1 spread: 0.745756
Results stored in: /home/nico/Documents/GitHub/VAMOS/results/archive_family_pilot_core/NSGAII_archive_family_WFG/raw_runs/NSGAII_archive_family_WFG/nsgaii_archive_hybrid/WFG1/nsgaii/numpy/seed_7
[Study] (29/270) nsgaii | numpy | wfg1 | seed=8
================================================================================
VAMOS Experiment Runner
================================================================================
Problem: WFG1
Description: WFG1 benchmarking problem (requires pymoo).
Decision variables: 22
Objectives: 2
Encoding: real
Algorithm: NSGAII
Backend: numpy
Population size: 80
Offspring population size: 80
Max evaluations: 18000
--------------------------------------------------------------------------------
nsgaii -> Time: 11142.60 ms | Eval/s: 1615.4
Objective 1 spread: 0.673207
Results stored in: /home/nico/Documents/GitHub/VAMOS/results/archive_family_pilot_core/NSGAII_archive_family_WFG/raw_runs/NSGAII_archive_family_WFG/nsgaii_archive_hybrid/WFG1/nsgaii/numpy/seed_8
[Study] (30/270) nsgaii | numpy | wfg1 | seed=9
================================================================================
VAMOS Experiment Runner
================================================================================
Problem: WFG1
Description: WFG1 benchmarking problem (requires pymoo).
Decision variables: 22
Objectives: 2
Encoding: real
Algorithm: NSGAII
Backend: numpy
Population size: 80
Offspring population size: 80
Max evaluations: 18000
--------------------------------------------------------------------------------
nsgaii -> Time: 11321.29 ms | Eval/s: 1589.9
Objective 1 spread: 0.797185
Results stored in: /home/nico/Documents/GitHub/VAMOS/results/archive_family_pilot_core/NSGAII_archive_family_WFG/raw_runs/NSGAII_archive_family_WFG/nsgaii_archive_hybrid/WFG1/nsgaii/numpy/seed_9
[Study] (31/270) nsgaii | numpy | wfg4 | seed=0
================================================================================
VAMOS Experiment Runner
================================================================================
Problem: WFG4
Description: WFG4 benchmarking problem (requires pymoo).
Decision variables: 22
Objectives: 2
Encoding: real
Algorithm: NSGAII
Backend: numpy
Population size: 80
Offspring population size: 80
Max evaluations: 18000
--------------------------------------------------------------------------------
nsgaii -> Time: 10912.04 ms | Eval/s: 1649.6
Objective 1 spread: 1.960664
Results stored in: /home/nico/Documents/GitHub/VAMOS/results/archive_family_pilot_core/NSGAII_archive_family_WFG/raw_runs/NSGAII_archive_family_WFG/nsgaii_archive_off/WFG4/nsgaii/numpy/seed_0
[Study] (32/270) nsgaii | numpy | wfg4 | seed=1
================================================================================
VAMOS Experiment Runner
================================================================================
Problem: WFG4
Description: WFG4 benchmarking problem (requires pymoo).
Decision variables: 22
Objectives: 2
Encoding: real
Algorithm: NSGAII
Backend: numpy
Population size: 80
Offspring population size: 80
Max evaluations: 18000
--------------------------------------------------------------------------------
nsgaii -> Time: 11014.26 ms | Eval/s: 1634.2
Objective 1 spread: 1.960180
Results stored in: /home/nico/Documents/GitHub/VAMOS/results/archive_family_pilot_core/NSGAII_archive_family_WFG/raw_runs/NSGAII_archive_family_WFG/nsgaii_archive_off/WFG4/nsgaii/numpy/seed_1
[Study] (33/270) nsgaii | numpy | wfg4 | seed=2
================================================================================
VAMOS Experiment Runner
================================================================================
Problem: WFG4
Description: WFG4 benchmarking problem (requires pymoo).
Decision variables: 22
Objectives: 2
Encoding: real
Algorithm: NSGAII
Backend: numpy
Population size: 80
Offspring population size: 80
Max evaluations: 18000
--------------------------------------------------------------------------------
nsgaii -> Time: 11016.01 ms | Eval/s: 1634.0
Objective 1 spread: 1.959812
Results stored in: /home/nico/Documents/GitHub/VAMOS/results/archive_family_pilot_core/NSGAII_archive_family_WFG/raw_runs/NSGAII_archive_family_WFG/nsgaii_archive_off/WFG4/nsgaii/numpy/seed_2
[Study] (34/270) nsgaii | numpy | wfg4 | seed=3
================================================================================
VAMOS Experiment Runner
================================================================================
Problem: WFG4
Description: WFG4 benchmarking problem (requires pymoo).
Decision variables: 22
Objectives: 2
Encoding: real
Algorithm: NSGAII
Backend: numpy
Population size: 80
Offspring population size: 80
Max evaluations: 18000
--------------------------------------------------------------------------------
nsgaii -> Time: 10923.30 ms | Eval/s: 1647.9
Objective 1 spread: 1.965510
Results stored in: /home/nico/Documents/GitHub/VAMOS/results/archive_family_pilot_core/NSGAII_archive_family_WFG/raw_runs/NSGAII_archive_family_WFG/nsgaii_archive_off/WFG4/nsgaii/numpy/seed_3
[Study] (35/270) nsgaii | numpy | wfg4 | seed=4
================================================================================
VAMOS Experiment Runner
================================================================================
Problem: WFG4
Description: WFG4 benchmarking problem (requires pymoo).
Decision variables: 22
Objectives: 2
Encoding: real
Algorithm: NSGAII
Backend: numpy
Population size: 80
Offspring population size: 80
Max evaluations: 18000
--------------------------------------------------------------------------------
nsgaii -> Time: 11128.76 ms | Eval/s: 1617.4
Objective 1 spread: 1.953037
Results stored in: /home/nico/Documents/GitHub/VAMOS/results/archive_family_pilot_core/NSGAII_archive_family_WFG/raw_runs/NSGAII_archive_family_WFG/nsgaii_archive_off/WFG4/nsgaii/numpy/seed_4
[Study] (36/270) nsgaii | numpy | wfg4 | seed=5
================================================================================
VAMOS Experiment Runner
================================================================================
Problem: WFG4
Description: WFG4 benchmarking problem (requires pymoo).
Decision variables: 22
Objectives: 2
Encoding: real
Algorithm: NSGAII
Backend: numpy
Population size: 80
Offspring population size: 80
Max evaluations: 18000
--------------------------------------------------------------------------------
nsgaii -> Time: 11058.00 ms | Eval/s: 1627.8
Objective 1 spread: 1.953296
Results stored in: /home/nico/Documents/GitHub/VAMOS/results/archive_family_pilot_core/NSGAII_archive_family_WFG/raw_runs/NSGAII_archive_family_WFG/nsgaii_archive_off/WFG4/nsgaii/numpy/seed_5
[Study] (37/270) nsgaii | numpy | wfg4 | seed=6
================================================================================
VAMOS Experiment Runner
================================================================================
Problem: WFG4
Description: WFG4 benchmarking problem (requires pymoo).
Decision variables: 22
Objectives: 2
Encoding: real
Algorithm: NSGAII
Backend: numpy
Population size: 80
Offspring population size: 80
Max evaluations: 18000
--------------------------------------------------------------------------------
nsgaii -> Time: 10829.21 ms | Eval/s: 1662.2
Objective 1 spread: 1.982378
Results stored in: /home/nico/Documents/GitHub/VAMOS/results/archive_family_pilot_core/NSGAII_archive_family_WFG/raw_runs/NSGAII_archive_family_WFG/nsgaii_archive_off/WFG4/nsgaii/numpy/seed_6
[Study] (38/270) nsgaii | numpy | wfg4 | seed=7
================================================================================
VAMOS Experiment Runner
================================================================================
Problem: WFG4
Description: WFG4 benchmarking problem (requires pymoo).
Decision variables: 22
Objectives: 2
Encoding: real
Algorithm: NSGAII
Backend: numpy
Population size: 80
Offspring population size: 80
Max evaluations: 18000
--------------------------------------------------------------------------------
nsgaii -> Time: 10989.85 ms | Eval/s: 1637.9
Objective 1 spread: 1.987989
Results stored in: /home/nico/Documents/GitHub/VAMOS/results/archive_family_pilot_core/NSGAII_archive_family_WFG/raw_runs/NSGAII_archive_family_WFG/nsgaii_archive_off/WFG4/nsgaii/numpy/seed_7
[Study] (39/270) nsgaii | numpy | wfg4 | seed=8
================================================================================
VAMOS Experiment Runner
================================================================================
Problem: WFG4
Description: WFG4 benchmarking problem (requires pymoo).
Decision variables: 22
Objectives: 2
Encoding: real
Algorithm: NSGAII
Backend: numpy
Population size: 80
Offspring population size: 80
Max evaluations: 18000
--------------------------------------------------------------------------------
nsgaii -> Time: 10997.47 ms | Eval/s: 1636.7
Objective 1 spread: 1.974693
Results stored in: /home/nico/Documents/GitHub/VAMOS/results/archive_family_pilot_core/NSGAII_archive_family_WFG/raw_runs/NSGAII_archive_family_WFG/nsgaii_archive_off/WFG4/nsgaii/numpy/seed_8
[Study] (40/270) nsgaii | numpy | wfg4 | seed=9
================================================================================
VAMOS Experiment Runner
================================================================================
Problem: WFG4
Description: WFG4 benchmarking problem (requires pymoo).
Decision variables: 22
Objectives: 2
Encoding: real
Algorithm: NSGAII
Backend: numpy
Population size: 80
Offspring population size: 80
Max evaluations: 18000
--------------------------------------------------------------------------------
nsgaii -> Time: 10947.39 ms | Eval/s: 1644.2
Objective 1 spread: 1.952838
Results stored in: /home/nico/Documents/GitHub/VAMOS/results/archive_family_pilot_core/NSGAII_archive_family_WFG/raw_runs/NSGAII_archive_family_WFG/nsgaii_archive_off/WFG4/nsgaii/numpy/seed_9
[Study] (41/270) nsgaii | numpy | wfg4 | seed=0
================================================================================
VAMOS Experiment Runner
================================================================================
Problem: WFG4
Description: WFG4 benchmarking problem (requires pymoo).
Decision variables: 22
Objectives: 2
Encoding: real
Algorithm: NSGAII
Backend: numpy
Population size: 80
Offspring population size: 80
Max evaluations: 18000
--------------------------------------------------------------------------------
nsgaii -> Time: 11317.09 ms | Eval/s: 1590.5
Objective 1 spread: 1.960664
Results stored in: /home/nico/Documents/GitHub/VAMOS/results/archive_family_pilot_core/NSGAII_archive_family_WFG/raw_runs/NSGAII_archive_family_WFG/nsgaii_archive_passive/WFG4/nsgaii/numpy/seed_0
[Study] (42/270) nsgaii | numpy | wfg4 | seed=1
================================================================================
VAMOS Experiment Runner
================================================================================
Problem: WFG4
Description: WFG4 benchmarking problem (requires pymoo).
Decision variables: 22
Objectives: 2
Encoding: real
Algorithm: NSGAII
Backend: numpy
Population size: 80
Offspring population size: 80
Max evaluations: 18000
--------------------------------------------------------------------------------
nsgaii -> Time: 11231.30 ms | Eval/s: 1602.7
Objective 1 spread: 1.960180
Results stored in: /home/nico/Documents/GitHub/VAMOS/results/archive_family_pilot_core/NSGAII_archive_family_WFG/raw_runs/NSGAII_archive_family_WFG/nsgaii_archive_passive/WFG4/nsgaii/numpy/seed_1
[Study] (43/270) nsgaii | numpy | wfg4 | seed=2
================================================================================
VAMOS Experiment Runner
================================================================================
Problem: WFG4
Description: WFG4 benchmarking problem (requires pymoo).
Decision variables: 22
Objectives: 2
Encoding: real
Algorithm: NSGAII
Backend: numpy
Population size: 80
Offspring population size: 80
Max evaluations: 18000
--------------------------------------------------------------------------------
nsgaii -> Time: 11209.68 ms | Eval/s: 1605.8
Objective 1 spread: 1.959812
Results stored in: /home/nico/Documents/GitHub/VAMOS/results/archive_family_pilot_core/NSGAII_archive_family_WFG/raw_runs/NSGAII_archive_family_WFG/nsgaii_archive_passive/WFG4/nsgaii/numpy/seed_2
[Study] (44/270) nsgaii | numpy | wfg4 | seed=3
================================================================================
VAMOS Experiment Runner
================================================================================
Problem: WFG4
Description: WFG4 benchmarking problem (requires pymoo).
Decision variables: 22
Objectives: 2
Encoding: real
Algorithm: NSGAII
Backend: numpy
Population size: 80
Offspring population size: 80
Max evaluations: 18000
--------------------------------------------------------------------------------
nsgaii -> Time: 11174.97 ms | Eval/s: 1610.7
Objective 1 spread: 1.965510
Results stored in: /home/nico/Documents/GitHub/VAMOS/results/archive_family_pilot_core/NSGAII_archive_family_WFG/raw_runs/NSGAII_archive_family_WFG/nsgaii_archive_passive/WFG4/nsgaii/numpy/seed_3
[Study] (45/270) nsgaii | numpy | wfg4 | seed=4
================================================================================
VAMOS Experiment Runner
================================================================================
Problem: WFG4
Description: WFG4 benchmarking problem (requires pymoo).
Decision variables: 22
Objectives: 2
Encoding: real
Algorithm: NSGAII
Backend: numpy
Population size: 80
Offspring population size: 80
Max evaluations: 18000
--------------------------------------------------------------------------------
nsgaii -> Time: 11201.41 ms | Eval/s: 1606.9
Objective 1 spread: 1.953037
Results stored in: /home/nico/Documents/GitHub/VAMOS/results/archive_family_pilot_core/NSGAII_archive_family_WFG/raw_runs/NSGAII_archive_family_WFG/nsgaii_archive_passive/WFG4/nsgaii/numpy/seed_4
[Study] (46/270) nsgaii | numpy | wfg4 | seed=5
================================================================================
VAMOS Experiment Runner
================================================================================
Problem: WFG4
Description: WFG4 benchmarking problem (requires pymoo).
Decision variables: 22
Objectives: 2
Encoding: real
Algorithm: NSGAII
Backend: numpy
Population size: 80
Offspring population size: 80
Max evaluations: 18000
--------------------------------------------------------------------------------
nsgaii -> Time: 11362.96 ms | Eval/s: 1584.1
Objective 1 spread: 1.953296
Results stored in: /home/nico/Documents/GitHub/VAMOS/results/archive_family_pilot_core/NSGAII_archive_family_WFG/raw_runs/NSGAII_archive_family_WFG/nsgaii_archive_passive/WFG4/nsgaii/numpy/seed_5
[Study] (47/270) nsgaii | numpy | wfg4 | seed=6
================================================================================
VAMOS Experiment Runner
================================================================================
Problem: WFG4
Description: WFG4 benchmarking problem (requires pymoo).
Decision variables: 22
Objectives: 2
Encoding: real
Algorithm: NSGAII
Backend: numpy
Population size: 80
Offspring population size: 80
Max evaluations: 18000
--------------------------------------------------------------------------------
nsgaii -> Time: 11308.75 ms | Eval/s: 1591.7
Objective 1 spread: 1.982378
Results stored in: /home/nico/Documents/GitHub/VAMOS/results/archive_family_pilot_core/NSGAII_archive_family_WFG/raw_runs/NSGAII_archive_family_WFG/nsgaii_archive_passive/WFG4/nsgaii/numpy/seed_6
[Study] (48/270) nsgaii | numpy | wfg4 | seed=7
================================================================================
VAMOS Experiment Runner
================================================================================
Problem: WFG4
Description: WFG4 benchmarking problem (requires pymoo).
Decision variables: 22
Objectives: 2
Encoding: real
Algorithm: NSGAII
Backend: numpy
Population size: 80
Offspring population size: 80
Max evaluations: 18000
--------------------------------------------------------------------------------
nsgaii -> Time: 11385.25 ms | Eval/s: 1581.0
Objective 1 spread: 1.987989
Results stored in: /home/nico/Documents/GitHub/VAMOS/results/archive_family_pilot_core/NSGAII_archive_family_WFG/raw_runs/NSGAII_archive_family_WFG/nsgaii_archive_passive/WFG4/nsgaii/numpy/seed_7
[Study] (49/270) nsgaii | numpy | wfg4 | seed=8
================================================================================
VAMOS Experiment Runner
================================================================================
Problem: WFG4
Description: WFG4 benchmarking problem (requires pymoo).
Decision variables: 22
Objectives: 2
Encoding: real
Algorithm: NSGAII
Backend: numpy
Population size: 80
Offspring population size: 80
Max evaluations: 18000
--------------------------------------------------------------------------------
nsgaii -> Time: 11422.61 ms | Eval/s: 1575.8
Objective 1 spread: 1.974693
Results stored in: /home/nico/Documents/GitHub/VAMOS/results/archive_family_pilot_core/NSGAII_archive_family_WFG/raw_runs/NSGAII_archive_family_WFG/nsgaii_archive_passive/WFG4/nsgaii/numpy/seed_8
[Study] (50/270) nsgaii | numpy | wfg4 | seed=9
================================================================================
VAMOS Experiment Runner
================================================================================
Problem: WFG4
Description: WFG4 benchmarking problem (requires pymoo).
Decision variables: 22
Objectives: 2
Encoding: real
Algorithm: NSGAII
Backend: numpy
Population size: 80
Offspring population size: 80
Max evaluations: 18000
--------------------------------------------------------------------------------
nsgaii -> Time: 11377.38 ms | Eval/s: 1582.1
Objective 1 spread: 1.952838
Results stored in: /home/nico/Documents/GitHub/VAMOS/results/archive_family_pilot_core/NSGAII_archive_family_WFG/raw_runs/NSGAII_archive_family_WFG/nsgaii_archive_passive/WFG4/nsgaii/numpy/seed_9
[Study] (51/270) nsgaii | numpy | wfg4 | seed=0
================================================================================
VAMOS Experiment Runner
================================================================================
Problem: WFG4
Description: WFG4 benchmarking problem (requires pymoo).
Decision variables: 22
Objectives: 2
Encoding: real
Algorithm: NSGAII
Backend: numpy
Population size: 80
Offspring population size: 80
Max evaluations: 18000
--------------------------------------------------------------------------------
nsgaii -> Time: 11552.67 ms | Eval/s: 1558.1
Objective 1 spread: 1.980293
Results stored in: /home/nico/Documents/GitHub/VAMOS/results/archive_family_pilot_core/NSGAII_archive_family_WFG/raw_runs/NSGAII_archive_family_WFG/nsgaii_archive_hybrid/WFG4/nsgaii/numpy/seed_0
[Study] (52/270) nsgaii | numpy | wfg4 | seed=1
================================================================================
VAMOS Experiment Runner
================================================================================
Problem: WFG4
Description: WFG4 benchmarking problem (requires pymoo).
Decision variables: 22
Objectives: 2
Encoding: real
Algorithm: NSGAII
Backend: numpy
Population size: 80
Offspring population size: 80
Max evaluations: 18000
--------------------------------------------------------------------------------
nsgaii -> Time: 11694.38 ms | Eval/s: 1539.2
Objective 1 spread: 1.956954
Results stored in: /home/nico/Documents/GitHub/VAMOS/results/archive_family_pilot_core/NSGAII_archive_family_WFG/raw_runs/NSGAII_archive_family_WFG/nsgaii_archive_hybrid/WFG4/nsgaii/numpy/seed_1
[Study] (53/270) nsgaii | numpy | wfg4 | seed=2
================================================================================
VAMOS Experiment Runner
================================================================================
Problem: WFG4
Description: WFG4 benchmarking problem (requires pymoo).
Decision variables: 22
Objectives: 2
Encoding: real
Algorithm: NSGAII
Backend: numpy
Population size: 80
Offspring population size: 80
Max evaluations: 18000
--------------------------------------------------------------------------------
nsgaii -> Time: 11794.66 ms | Eval/s: 1526.1
Objective 1 spread: 1.969245
Results stored in: /home/nico/Documents/GitHub/VAMOS/results/archive_family_pilot_core/NSGAII_archive_family_WFG/raw_runs/NSGAII_archive_family_WFG/nsgaii_archive_hybrid/WFG4/nsgaii/numpy/seed_2
[Study] (54/270) nsgaii | numpy | wfg4 | seed=3
================================================================================
VAMOS Experiment Runner
================================================================================
Problem: WFG4
Description: WFG4 benchmarking problem (requires pymoo).
Decision variables: 22
Objectives: 2
Encoding: real
Algorithm: NSGAII
Backend: numpy
Population size: 80
Offspring population size: 80
Max evaluations: 18000
--------------------------------------------------------------------------------
nsgaii -> Time: 11540.36 ms | Eval/s: 1559.7
Objective 1 spread: 1.977593
Results stored in: /home/nico/Documents/GitHub/VAMOS/results/archive_family_pilot_core/NSGAII_archive_family_WFG/raw_runs/NSGAII_archive_family_WFG/nsgaii_archive_hybrid/WFG4/nsgaii/numpy/seed_3
[Study] (55/270) nsgaii | numpy | wfg4 | seed=4
================================================================================
VAMOS Experiment Runner
================================================================================
Problem: WFG4
Description: WFG4 benchmarking problem (requires pymoo).
Decision variables: 22
Objectives: 2
Encoding: real
Algorithm: NSGAII
Backend: numpy
Population size: 80
Offspring population size: 80
Max evaluations: 18000
--------------------------------------------------------------------------------
nsgaii -> Time: 11624.28 ms | Eval/s: 1548.5
Objective 1 spread: 1.958349
Results stored in: /home/nico/Documents/GitHub/VAMOS/results/archive_family_pilot_core/NSGAII_archive_family_WFG/raw_runs/NSGAII_archive_family_WFG/nsgaii_archive_hybrid/WFG4/nsgaii/numpy/seed_4
[Study] (56/270) nsgaii | numpy | wfg4 | seed=5
================================================================================
VAMOS Experiment Runner
================================================================================
Problem: WFG4
Description: WFG4 benchmarking problem (requires pymoo).
Decision variables: 22
Objectives: 2
Encoding: real
Algorithm: NSGAII
Backend: numpy
Population size: 80
Offspring population size: 80
Max evaluations: 18000
--------------------------------------------------------------------------------
nsgaii -> Time: 11740.98 ms | Eval/s: 1533.1
Objective 1 spread: 1.956116
Results stored in: /home/nico/Documents/GitHub/VAMOS/results/archive_family_pilot_core/NSGAII_archive_family_WFG/raw_runs/NSGAII_archive_family_WFG/nsgaii_archive_hybrid/WFG4/nsgaii/numpy/seed_5
[Study] (57/270) nsgaii | numpy | wfg4 | seed=6
================================================================================
VAMOS Experiment Runner
================================================================================
Problem: WFG4
Description: WFG4 benchmarking problem (requires pymoo).
Decision variables: 22
Objectives: 2
Encoding: real
Algorithm: NSGAII
Backend: numpy
Population size: 80
Offspring population size: 80
Max evaluations: 18000
--------------------------------------------------------------------------------
nsgaii -> Time: 11825.95 ms | Eval/s: 1522.1
Objective 1 spread: 1.989412
Results stored in: /home/nico/Documents/GitHub/VAMOS/results/archive_family_pilot_core/NSGAII_archive_family_WFG/raw_runs/NSGAII_archive_family_WFG/nsgaii_archive_hybrid/WFG4/nsgaii/numpy/seed_6
[Study] (58/270) nsgaii | numpy | wfg4 | seed=7
================================================================================
VAMOS Experiment Runner
================================================================================
Problem: WFG4
Description: WFG4 benchmarking problem (requires pymoo).
Decision variables: 22
Objectives: 2
Encoding: real
Algorithm: NSGAII
Backend: numpy
Population size: 80
Offspring population size: 80
Max evaluations: 18000
--------------------------------------------------------------------------------
nsgaii -> Time: 11933.33 ms | Eval/s: 1508.4
Objective 1 spread: 1.941675
Results stored in: /home/nico/Documents/GitHub/VAMOS/results/archive_family_pilot_core/NSGAII_archive_family_WFG/raw_runs/NSGAII_archive_family_WFG/nsgaii_archive_hybrid/WFG4/nsgaii/numpy/seed_7
[Study] (59/270) nsgaii | numpy | wfg4 | seed=8
================================================================================
VAMOS Experiment Runner
================================================================================
Problem: WFG4
Description: WFG4 benchmarking problem (requires pymoo).
Decision variables: 22
Objectives: 2
Encoding: real
Algorithm: NSGAII
Backend: numpy
Population size: 80
Offspring population size: 80
Max evaluations: 18000
--------------------------------------------------------------------------------
nsgaii -> Time: 11657.69 ms | Eval/s: 1544.0
Objective 1 spread: 1.983833
Results stored in: /home/nico/Documents/GitHub/VAMOS/results/archive_family_pilot_core/NSGAII_archive_family_WFG/raw_runs/NSGAII_archive_family_WFG/nsgaii_archive_hybrid/WFG4/nsgaii/numpy/seed_8
[Study] (60/270) nsgaii | numpy | wfg4 | seed=9
================================================================================
VAMOS Experiment Runner
================================================================================
Problem: WFG4
Description: WFG4 benchmarking problem (requires pymoo).
Decision variables: 22
Objectives: 2
Encoding: real
Algorithm: NSGAII
Backend: numpy
Population size: 80
Offspring population size: 80
Max evaluations: 18000
--------------------------------------------------------------------------------
nsgaii -> Time: 11632.63 ms | Eval/s: 1547.4
Objective 1 spread: 1.983775
Results stored in: /home/nico/Documents/GitHub/VAMOS/results/archive_family_pilot_core/NSGAII_archive_family_WFG/raw_runs/NSGAII_archive_family_WFG/nsgaii_archive_hybrid/WFG4/nsgaii/numpy/seed_9
[Study] (61/270) nsgaii | numpy | wfg9 | seed=0
================================================================================
VAMOS Experiment Runner
================================================================================
Problem: WFG9
Description: WFG9 benchmarking problem (requires pymoo).
Decision variables: 22
Objectives: 2
Encoding: real
Algorithm: NSGAII
Backend: numpy
Population size: 80
Offspring population size: 80
Max evaluations: 20000
--------------------------------------------------------------------------------
nsgaii -> Time: 13002.74 ms | Eval/s: 1538.1
Objective 1 spread: 1.942205
Results stored in: /home/nico/Documents/GitHub/VAMOS/results/archive_family_pilot_core/NSGAII_archive_family_WFG/raw_runs/NSGAII_archive_family_WFG/nsgaii_archive_off/WFG9/nsgaii/numpy/seed_0
[Study] (62/270) nsgaii | numpy | wfg9 | seed=1
================================================================================
VAMOS Experiment Runner
================================================================================
Problem: WFG9
Description: WFG9 benchmarking problem (requires pymoo).
Decision variables: 22
Objectives: 2
Encoding: real
Algorithm: NSGAII
Backend: numpy
Population size: 80
Offspring population size: 80
Max evaluations: 20000
--------------------------------------------------------------------------------
nsgaii -> Time: 13054.84 ms | Eval/s: 1532.0
Objective 1 spread: 1.936595
Results stored in: /home/nico/Documents/GitHub/VAMOS/results/archive_family_pilot_core/NSGAII_archive_family_WFG/raw_runs/NSGAII_archive_family_WFG/nsgaii_archive_off/WFG9/nsgaii/numpy/seed_1
[Study] (63/270) nsgaii | numpy | wfg9 | seed=2
================================================================================
VAMOS Experiment Runner
================================================================================
Problem: WFG9
Description: WFG9 benchmarking problem (requires pymoo).
Decision variables: 22
Objectives: 2
Encoding: real
Algorithm: NSGAII
Backend: numpy
Population size: 80
Offspring population size: 80
Max evaluations: 20000
--------------------------------------------------------------------------------
nsgaii -> Time: 13176.46 ms | Eval/s: 1517.9
Objective 1 spread: 1.728775
Results stored in: /home/nico/Documents/GitHub/VAMOS/results/archive_family_pilot_core/NSGAII_archive_family_WFG/raw_runs/NSGAII_archive_family_WFG/nsgaii_archive_off/WFG9/nsgaii/numpy/seed_2
[Study] (64/270) nsgaii | numpy | wfg9 | seed=3
================================================================================
VAMOS Experiment Runner
================================================================================
Problem: WFG9
Description: WFG9 benchmarking problem (requires pymoo).
Decision variables: 22
Objectives: 2
Encoding: real
Algorithm: NSGAII
Backend: numpy
Population size: 80
Offspring population size: 80
Max evaluations: 20000
--------------------------------------------------------------------------------
nsgaii -> Time: 13012.19 ms | Eval/s: 1537.0
Objective 1 spread: 1.927030
Results stored in: /home/nico/Documents/GitHub/VAMOS/results/archive_family_pilot_core/NSGAII_archive_family_WFG/raw_runs/NSGAII_archive_family_WFG/nsgaii_archive_off/WFG9/nsgaii/numpy/seed_3
[Study] (65/270) nsgaii | numpy | wfg9 | seed=4
================================================================================
VAMOS Experiment Runner
================================================================================
Problem: WFG9
Description: WFG9 benchmarking problem (requires pymoo).
Decision variables: 22
Objectives: 2
Encoding: real
Algorithm: NSGAII
Backend: numpy
Population size: 80
Offspring population size: 80
Max evaluations: 20000
--------------------------------------------------------------------------------
nsgaii -> Time: 12990.28 ms | Eval/s: 1539.6
Objective 1 spread: 1.849343
Results stored in: /home/nico/Documents/GitHub/VAMOS/results/archive_family_pilot_core/NSGAII_archive_family_WFG/raw_runs/NSGAII_archive_family_WFG/nsgaii_archive_off/WFG9/nsgaii/numpy/seed_4
[Study] (66/270) nsgaii | numpy | wfg9 | seed=5
================================================================================
VAMOS Experiment Runner
================================================================================
Problem: WFG9
Description: WFG9 benchmarking problem (requires pymoo).
Decision variables: 22
Objectives: 2
Encoding: real
Algorithm: NSGAII
Backend: numpy
Population size: 80
Offspring population size: 80
Max evaluations: 20000
--------------------------------------------------------------------------------
nsgaii -> Time: 13131.30 ms | Eval/s: 1523.1
Objective 1 spread: 1.934071
Results stored in: /home/nico/Documents/GitHub/VAMOS/results/archive_family_pilot_core/NSGAII_archive_family_WFG/raw_runs/NSGAII_archive_family_WFG/nsgaii_archive_off/WFG9/nsgaii/numpy/seed_5
[Study] (67/270) nsgaii | numpy | wfg9 | seed=6
================================================================================
VAMOS Experiment Runner
================================================================================
Problem: WFG9
Description: WFG9 benchmarking problem (requires pymoo).
Decision variables: 22
Objectives: 2
Encoding: real
Algorithm: NSGAII
Backend: numpy
Population size: 80
Offspring population size: 80
Max evaluations: 20000
--------------------------------------------------------------------------------
nsgaii -> Time: 12979.38 ms | Eval/s: 1540.9
Objective 1 spread: 1.916024
Results stored in: /home/nico/Documents/GitHub/VAMOS/results/archive_family_pilot_core/NSGAII_archive_family_WFG/raw_runs/NSGAII_archive_family_WFG/nsgaii_archive_off/WFG9/nsgaii/numpy/seed_6
[Study] (68/270) nsgaii | numpy | wfg9 | seed=7
================================================================================
VAMOS Experiment Runner
================================================================================
Problem: WFG9
Description: WFG9 benchmarking problem (requires pymoo).
Decision variables: 22
Objectives: 2
Encoding: real
Algorithm: NSGAII
Backend: numpy
Population size: 80
Offspring population size: 80
Max evaluations: 20000
--------------------------------------------------------------------------------
nsgaii -> Time: 13028.92 ms | Eval/s: 1535.0
Objective 1 spread: 1.863768
Results stored in: /home/nico/Documents/GitHub/VAMOS/results/archive_family_pilot_core/NSGAII_archive_family_WFG/raw_runs/NSGAII_archive_family_WFG/nsgaii_archive_off/WFG9/nsgaii/numpy/seed_7
[Study] (69/270) nsgaii | numpy | wfg9 | seed=8
================================================================================
VAMOS Experiment Runner
================================================================================
Problem: WFG9
Description: WFG9 benchmarking problem (requires pymoo).
Decision variables: 22
Objectives: 2
Encoding: real
Algorithm: NSGAII
Backend: numpy
Population size: 80
Offspring population size: 80
Max evaluations: 20000
--------------------------------------------------------------------------------
nsgaii -> Time: 13049.55 ms | Eval/s: 1532.6
Objective 1 spread: 1.912446
Results stored in: /home/nico/Documents/GitHub/VAMOS/results/archive_family_pilot_core/NSGAII_archive_family_WFG/raw_runs/NSGAII_archive_family_WFG/nsgaii_archive_off/WFG9/nsgaii/numpy/seed_8
[Study] (70/270) nsgaii | numpy | wfg9 | seed=9
================================================================================
VAMOS Experiment Runner
================================================================================
Problem: WFG9
Description: WFG9 benchmarking problem (requires pymoo).
Decision variables: 22
Objectives: 2
Encoding: real
Algorithm: NSGAII
Backend: numpy
Population size: 80
Offspring population size: 80
Max evaluations: 20000
--------------------------------------------------------------------------------
nsgaii -> Time: 13005.13 ms | Eval/s: 1537.9
Objective 1 spread: 1.937638
Results stored in: /home/nico/Documents/GitHub/VAMOS/results/archive_family_pilot_core/NSGAII_archive_family_WFG/raw_runs/NSGAII_archive_family_WFG/nsgaii_archive_off/WFG9/nsgaii/numpy/seed_9
[Study] (71/270) nsgaii | numpy | wfg9 | seed=0
================================================================================
VAMOS Experiment Runner
================================================================================
Problem: WFG9
Description: WFG9 benchmarking problem (requires pymoo).
Decision variables: 22
Objectives: 2
Encoding: real
Algorithm: NSGAII
Backend: numpy
Population size: 80
Offspring population size: 80
Max evaluations: 20000
--------------------------------------------------------------------------------
nsgaii -> Time: 13501.84 ms | Eval/s: 1481.3
Objective 1 spread: 1.942205
Results stored in: /home/nico/Documents/GitHub/VAMOS/results/archive_family_pilot_core/NSGAII_archive_family_WFG/raw_runs/NSGAII_archive_family_WFG/nsgaii_archive_passive/WFG9/nsgaii/numpy/seed_0
[Study] (72/270) nsgaii | numpy | wfg9 | seed=1
================================================================================
VAMOS Experiment Runner
================================================================================
Problem: WFG9
Description: WFG9 benchmarking problem (requires pymoo).
Decision variables: 22
Objectives: 2
Encoding: real
Algorithm: NSGAII
Backend: numpy
Population size: 80
Offspring population size: 80
Max evaluations: 20000
--------------------------------------------------------------------------------
nsgaii -> Time: 14410.11 ms | Eval/s: 1387.9
Objective 1 spread: 1.936595
Results stored in: /home/nico/Documents/GitHub/VAMOS/results/archive_family_pilot_core/NSGAII_archive_family_WFG/raw_runs/NSGAII_archive_family_WFG/nsgaii_archive_passive/WFG9/nsgaii/numpy/seed_1
[Study] (73/270) nsgaii | numpy | wfg9 | seed=2
================================================================================
VAMOS Experiment Runner
================================================================================
Problem: WFG9
Description: WFG9 benchmarking problem (requires pymoo).
Decision variables: 22
Objectives: 2
Encoding: real
Algorithm: NSGAII
Backend: numpy
Population size: 80
Offspring population size: 80
Max evaluations: 20000
--------------------------------------------------------------------------------
nsgaii -> Time: 13554.77 ms | Eval/s: 1475.5
Objective 1 spread: 1.728775
Results stored in: /home/nico/Documents/GitHub/VAMOS/results/archive_family_pilot_core/NSGAII_archive_family_WFG/raw_runs/NSGAII_archive_family_WFG/nsgaii_archive_passive/WFG9/nsgaii/numpy/seed_2
[Study] (74/270) nsgaii | numpy | wfg9 | seed=3
================================================================================
VAMOS Experiment Runner
================================================================================
Problem: WFG9
Description: WFG9 benchmarking problem (requires pymoo).
Decision variables: 22
Objectives: 2
Encoding: real
Algorithm: NSGAII
Backend: numpy
Population size: 80
Offspring population size: 80
Max evaluations: 20000
--------------------------------------------------------------------------------
nsgaii -> Time: 13477.92 ms | Eval/s: 1483.9
Objective 1 spread: 1.927030
Results stored in: /home/nico/Documents/GitHub/VAMOS/results/archive_family_pilot_core/NSGAII_archive_family_WFG/raw_runs/NSGAII_archive_family_WFG/nsgaii_archive_passive/WFG9/nsgaii/numpy/seed_3
[Study] (75/270) nsgaii | numpy | wfg9 | seed=4
================================================================================
VAMOS Experiment Runner
================================================================================
Problem: WFG9
Description: WFG9 benchmarking problem (requires pymoo).
Decision variables: 22
Objectives: 2
Encoding: real
Algorithm: NSGAII
Backend: numpy
Population size: 80
Offspring population size: 80
Max evaluations: 20000
--------------------------------------------------------------------------------
nsgaii -> Time: 13436.13 ms | Eval/s: 1488.5
Objective 1 spread: 1.849343
Results stored in: /home/nico/Documents/GitHub/VAMOS/results/archive_family_pilot_core/NSGAII_archive_family_WFG/raw_runs/NSGAII_archive_family_WFG/nsgaii_archive_passive/WFG9/nsgaii/numpy/seed_4
[Study] (76/270) nsgaii | numpy | wfg9 | seed=5
================================================================================
VAMOS Experiment Runner
================================================================================
Problem: WFG9
Description: WFG9 benchmarking problem (requires pymoo).
Decision variables: 22
Objectives: 2
Encoding: real
Algorithm: NSGAII
Backend: numpy
Population size: 80
Offspring population size: 80
Max evaluations: 20000
--------------------------------------------------------------------------------
nsgaii -> Time: 14296.14 ms | Eval/s: 1399.0
Objective 1 spread: 1.934071
Results stored in: /home/nico/Documents/GitHub/VAMOS/results/archive_family_pilot_core/NSGAII_archive_family_WFG/raw_runs/NSGAII_archive_family_WFG/nsgaii_archive_passive/WFG9/nsgaii/numpy/seed_5
[Study] (77/270) nsgaii | numpy | wfg9 | seed=6
================================================================================
VAMOS Experiment Runner
================================================================================
Problem: WFG9
Description: WFG9 benchmarking problem (requires pymoo).
Decision variables: 22
Objectives: 2
Encoding: real
Algorithm: NSGAII
Backend: numpy
Population size: 80
Offspring population size: 80
Max evaluations: 20000
--------------------------------------------------------------------------------
nsgaii -> Time: 13597.08 ms | Eval/s: 1470.9
Objective 1 spread: 1.916024
Results stored in: /home/nico/Documents/GitHub/VAMOS/results/archive_family_pilot_core/NSGAII_archive_family_WFG/raw_runs/NSGAII_archive_family_WFG/nsgaii_archive_passive/WFG9/nsgaii/numpy/seed_6
[Study] (78/270) nsgaii | numpy | wfg9 | seed=7
================================================================================
VAMOS Experiment Runner
================================================================================
Problem: WFG9
Description: WFG9 benchmarking problem (requires pymoo).
Decision variables: 22
Objectives: 2
Encoding: real
Algorithm: NSGAII
Backend: numpy
Population size: 80
Offspring population size: 80
Max evaluations: 20000
--------------------------------------------------------------------------------
nsgaii -> Time: 13576.46 ms | Eval/s: 1473.1
Objective 1 spread: 1.863768
Results stored in: /home/nico/Documents/GitHub/VAMOS/results/archive_family_pilot_core/NSGAII_archive_family_WFG/raw_runs/NSGAII_archive_family_WFG/nsgaii_archive_passive/WFG9/nsgaii/numpy/seed_7
[Study] (79/270) nsgaii | numpy | wfg9 | seed=8
================================================================================
VAMOS Experiment Runner
================================================================================
Problem: WFG9
Description: WFG9 benchmarking problem (requires pymoo).
Decision variables: 22
Objectives: 2
Encoding: real
Algorithm: NSGAII
Backend: numpy
Population size: 80
Offspring population size: 80
Max evaluations: 20000
--------------------------------------------------------------------------------
nsgaii -> Time: 13543.42 ms | Eval/s: 1476.7
Objective 1 spread: 1.912446
Results stored in: /home/nico/Documents/GitHub/VAMOS/results/archive_family_pilot_core/NSGAII_archive_family_WFG/raw_runs/NSGAII_archive_family_WFG/nsgaii_archive_passive/WFG9/nsgaii/numpy/seed_8
[Study] (80/270) nsgaii | numpy | wfg9 | seed=9
================================================================================
VAMOS Experiment Runner
================================================================================
Problem: WFG9
Description: WFG9 benchmarking problem (requires pymoo).
Decision variables: 22
Objectives: 2
Encoding: real
Algorithm: NSGAII
Backend: numpy
Population size: 80
Offspring population size: 80
Max evaluations: 20000
--------------------------------------------------------------------------------
nsgaii -> Time: 14226.19 ms | Eval/s: 1405.9
Objective 1 spread: 1.937638
Results stored in: /home/nico/Documents/GitHub/VAMOS/results/archive_family_pilot_core/NSGAII_archive_family_WFG/raw_runs/NSGAII_archive_family_WFG/nsgaii_archive_passive/WFG9/nsgaii/numpy/seed_9
[Study] (81/270) nsgaii | numpy | wfg9 | seed=0
================================================================================
VAMOS Experiment Runner
================================================================================
Problem: WFG9
Description: WFG9 benchmarking problem (requires pymoo).
Decision variables: 22
Objectives: 2
Encoding: real
Algorithm: NSGAII
Backend: numpy
Population size: 80
Offspring population size: 80
Max evaluations: 20000
--------------------------------------------------------------------------------
nsgaii -> Time: 13904.72 ms | Eval/s: 1438.4
Objective 1 spread: 1.929356
Results stored in: /home/nico/Documents/GitHub/VAMOS/results/archive_family_pilot_core/NSGAII_archive_family_WFG/raw_runs/NSGAII_archive_family_WFG/nsgaii_archive_hybrid/WFG9/nsgaii/numpy/seed_0
[Study] (82/270) nsgaii | numpy | wfg9 | seed=1
================================================================================
VAMOS Experiment Runner
================================================================================
Problem: WFG9
Description: WFG9 benchmarking problem (requires pymoo).
Decision variables: 22
Objectives: 2
Encoding: real
Algorithm: NSGAII
Backend: numpy
Population size: 80
Offspring population size: 80
Max evaluations: 20000
--------------------------------------------------------------------------------
nsgaii -> Time: 15087.42 ms | Eval/s: 1325.6
Objective 1 spread: 1.938835
Results stored in: /home/nico/Documents/GitHub/VAMOS/results/archive_family_pilot_core/NSGAII_archive_family_WFG/raw_runs/NSGAII_archive_family_WFG/nsgaii_archive_hybrid/WFG9/nsgaii/numpy/seed_1
[Study] (83/270) nsgaii | numpy | wfg9 | seed=2
================================================================================
VAMOS Experiment Runner
================================================================================
Problem: WFG9
Description: WFG9 benchmarking problem (requires pymoo).
Decision variables: 22
Objectives: 2
Encoding: real
Algorithm: NSGAII
Backend: numpy
Population size: 80
Offspring population size: 80
Max evaluations: 20000
--------------------------------------------------------------------------------
nsgaii -> Time: 14800.29 ms | Eval/s: 1351.3
Objective 1 spread: 1.939256
Results stored in: /home/nico/Documents/GitHub/VAMOS/results/archive_family_pilot_core/NSGAII_archive_family_WFG/raw_runs/NSGAII_archive_family_WFG/nsgaii_archive_hybrid/WFG9/nsgaii/numpy/seed_2
[Study] (84/270) nsgaii | numpy | wfg9 | seed=3
================================================================================
VAMOS Experiment Runner
================================================================================
Problem: WFG9
Description: WFG9 benchmarking problem (requires pymoo).
Decision variables: 22
Objectives: 2
Encoding: real
Algorithm: NSGAII
Backend: numpy
Population size: 80
Offspring population size: 80
Max evaluations: 20000
--------------------------------------------------------------------------------
nsgaii -> Time: 13826.35 ms | Eval/s: 1446.5
Objective 1 spread: 1.796723
Results stored in: /home/nico/Documents/GitHub/VAMOS/results/archive_family_pilot_core/NSGAII_archive_family_WFG/raw_runs/NSGAII_archive_family_WFG/nsgaii_archive_hybrid/WFG9/nsgaii/numpy/seed_3
[Study] (85/270) nsgaii | numpy | wfg9 | seed=4
================================================================================
VAMOS Experiment Runner
================================================================================
Problem: WFG9
Description: WFG9 benchmarking problem (requires pymoo).
Decision variables: 22
Objectives: 2
Encoding: real
Algorithm: NSGAII
Backend: numpy
Population size: 80
Offspring population size: 80
Max evaluations: 20000
--------------------------------------------------------------------------------
nsgaii -> Time: 13652.14 ms | Eval/s: 1465.0
Objective 1 spread: 1.895606
Results stored in: /home/nico/Documents/GitHub/VAMOS/results/archive_family_pilot_core/NSGAII_archive_family_WFG/raw_runs/NSGAII_archive_family_WFG/nsgaii_archive_hybrid/WFG9/nsgaii/numpy/seed_4
[Study] (86/270) nsgaii | numpy | wfg9 | seed=5
================================================================================
VAMOS Experiment Runner
================================================================================
Problem: WFG9
Description: WFG9 benchmarking problem (requires pymoo).
Decision variables: 22
Objectives: 2
Encoding: real
Algorithm: NSGAII
Backend: numpy
Population size: 80
Offspring population size: 80
Max evaluations: 20000
--------------------------------------------------------------------------------
nsgaii -> Time: 15082.56 ms | Eval/s: 1326.0
Objective 1 spread: 1.931437
Results stored in: /home/nico/Documents/GitHub/VAMOS/results/archive_family_pilot_core/NSGAII_archive_family_WFG/raw_runs/NSGAII_archive_family_WFG/nsgaii_archive_hybrid/WFG9/nsgaii/numpy/seed_5
[Study] (87/270) nsgaii | numpy | wfg9 | seed=6
================================================================================
VAMOS Experiment Runner
================================================================================
Problem: WFG9
Description: WFG9 benchmarking problem (requires pymoo).
Decision variables: 22
Objectives: 2
Encoding: real
Algorithm: NSGAII
Backend: numpy
Population size: 80
Offspring population size: 80
Max evaluations: 20000
--------------------------------------------------------------------------------
nsgaii -> Time: 14027.68 ms | Eval/s: 1425.8
Objective 1 spread: 1.822279
Results stored in: /home/nico/Documents/GitHub/VAMOS/results/archive_family_pilot_core/NSGAII_archive_family_WFG/raw_runs/NSGAII_archive_family_WFG/nsgaii_archive_hybrid/WFG9/nsgaii/numpy/seed_6
[Study] (88/270) nsgaii | numpy | wfg9 | seed=7
================================================================================
VAMOS Experiment Runner
================================================================================
Problem: WFG9
Description: WFG9 benchmarking problem (requires pymoo).
Decision variables: 22
Objectives: 2
Encoding: real
Algorithm: NSGAII
Backend: numpy
Population size: 80
Offspring population size: 80
Max evaluations: 20000
--------------------------------------------------------------------------------
nsgaii -> Time: 14061.85 ms | Eval/s: 1422.3
Objective 1 spread: 1.892234
Results stored in: /home/nico/Documents/GitHub/VAMOS/results/archive_family_pilot_core/NSGAII_archive_family_WFG/raw_runs/NSGAII_archive_family_WFG/nsgaii_archive_hybrid/WFG9/nsgaii/numpy/seed_7
[Study] (89/270) nsgaii | numpy | wfg9 | seed=8
================================================================================
VAMOS Experiment Runner
================================================================================
Problem: WFG9
Description: WFG9 benchmarking problem (requires pymoo).
Decision variables: 22
Objectives: 2
Encoding: real
Algorithm: NSGAII
Backend: numpy
Population size: 80
Offspring population size: 80
Max evaluations: 20000
--------------------------------------------------------------------------------
nsgaii -> Time: 13951.71 ms | Eval/s: 1433.5
Objective 1 spread: 1.858687
Results stored in: /home/nico/Documents/GitHub/VAMOS/results/archive_family_pilot_core/NSGAII_archive_family_WFG/raw_runs/NSGAII_archive_family_WFG/nsgaii_archive_hybrid/WFG9/nsgaii/numpy/seed_8
[Study] (90/270) nsgaii | numpy | wfg9 | seed=9
================================================================================
VAMOS Experiment Runner
================================================================================
Problem: WFG9
Description: WFG9 benchmarking problem (requires pymoo).
Decision variables: 22
Objectives: 2
Encoding: real
Algorithm: NSGAII
Backend: numpy
Population size: 80
Offspring population size: 80
Max evaluations: 20000
--------------------------------------------------------------------------------
nsgaii -> Time: 15036.76 ms | Eval/s: 1330.1
Objective 1 spread: 1.937549
Results stored in: /home/nico/Documents/GitHub/VAMOS/results/archive_family_pilot_core/NSGAII_archive_family_WFG/raw_runs/NSGAII_archive_family_WFG/nsgaii_archive_hybrid/WFG9/nsgaii/numpy/seed_9
[Study] (91/270) nsgaii | numpy | wfg1 | seed=0
================================================================================
VAMOS Experiment Runner
================================================================================
Problem: WFG1
Description: WFG1 benchmarking problem (requires pymoo).
Decision variables: 24
Objectives: 3
Encoding: real
Algorithm: NSGAII
Backend: numpy
Population size: 80
Offspring population size: 80
Max evaluations: 22000
--------------------------------------------------------------------------------
nsgaii -> Time: 14299.85 ms | Eval/s: 1538.5
Objective 1 spread: 1.658208
Results stored in: /home/nico/Documents/GitHub/VAMOS/results/archive_family_pilot_core/NSGAII_archive_family_WFG/raw_runs/NSGAII_archive_family_WFG/nsgaii_archive_off/WFG1/nsgaii/numpy/seed_0
[Study] (92/270) nsgaii | numpy | wfg1 | seed=1
================================================================================
VAMOS Experiment Runner
================================================================================
Problem: WFG1
Description: WFG1 benchmarking problem (requires pymoo).
Decision variables: 24
Objectives: 3
Encoding: real
Algorithm: NSGAII
Backend: numpy
Population size: 80
Offspring population size: 80
Max evaluations: 22000
--------------------------------------------------------------------------------
nsgaii -> Time: 13960.88 ms | Eval/s: 1575.8
Objective 1 spread: 1.605222
Results stored in: /home/nico/Documents/GitHub/VAMOS/results/archive_family_pilot_core/NSGAII_archive_family_WFG/raw_runs/NSGAII_archive_family_WFG/nsgaii_archive_off/WFG1/nsgaii/numpy/seed_1
[Study] (93/270) nsgaii | numpy | wfg1 | seed=2
================================================================================
VAMOS Experiment Runner
================================================================================
Problem: WFG1
Description: WFG1 benchmarking problem (requires pymoo).
Decision variables: 24
Objectives: 3
Encoding: real
Algorithm: NSGAII
Backend: numpy
Population size: 80
Offspring population size: 80
Max evaluations: 22000
--------------------------------------------------------------------------------
nsgaii -> Time: 13968.18 ms | Eval/s: 1575.0
Objective 1 spread: 1.747575
Results stored in: /home/nico/Documents/GitHub/VAMOS/results/archive_family_pilot_core/NSGAII_archive_family_WFG/raw_runs/NSGAII_archive_family_WFG/nsgaii_archive_off/WFG1/nsgaii/numpy/seed_2
[Study] (94/270) nsgaii | numpy | wfg1 | seed=3
================================================================================
VAMOS Experiment Runner
================================================================================
Problem: WFG1
Description: WFG1 benchmarking problem (requires pymoo).
Decision variables: 24
Objectives: 3
Encoding: real
Algorithm: NSGAII
Backend: numpy
Population size: 80
Offspring population size: 80
Max evaluations: 22000
--------------------------------------------------------------------------------
nsgaii -> Time: 13831.05 ms | Eval/s: 1590.6
Objective 1 spread: 1.481529
Results stored in: /home/nico/Documents/GitHub/VAMOS/results/archive_family_pilot_core/NSGAII_archive_family_WFG/raw_runs/NSGAII_archive_family_WFG/nsgaii_archive_off/WFG1/nsgaii/numpy/seed_3
[Study] (95/270) nsgaii | numpy | wfg1 | seed=4
================================================================================
VAMOS Experiment Runner
================================================================================
Problem: WFG1
Description: WFG1 benchmarking problem (requires pymoo).
Decision variables: 24
Objectives: 3
Encoding: real
Algorithm: NSGAII
Backend: numpy
Population size: 80
Offspring population size: 80
Max evaluations: 22000
--------------------------------------------------------------------------------
nsgaii -> Time: 13979.36 ms | Eval/s: 1573.7
Objective 1 spread: 1.492348
Results stored in: /home/nico/Documents/GitHub/VAMOS/results/archive_family_pilot_core/NSGAII_archive_family_WFG/raw_runs/NSGAII_archive_family_WFG/nsgaii_archive_off/WFG1/nsgaii/numpy/seed_4
[Study] (96/270) nsgaii | numpy | wfg1 | seed=5
================================================================================
VAMOS Experiment Runner
================================================================================
Problem: WFG1
Description: WFG1 benchmarking problem (requires pymoo).
Decision variables: 24
Objectives: 3
Encoding: real
Algorithm: NSGAII
Backend: numpy
Population size: 80
Offspring population size: 80
Max evaluations: 22000
--------------------------------------------------------------------------------
nsgaii -> Time: 13868.99 ms | Eval/s: 1586.3
Objective 1 spread: 1.458863
Results stored in: /home/nico/Documents/GitHub/VAMOS/results/archive_family_pilot_core/NSGAII_archive_family_WFG/raw_runs/NSGAII_archive_family_WFG/nsgaii_archive_off/WFG1/nsgaii/numpy/seed_5
[Study] (97/270) nsgaii | numpy | wfg1 | seed=6
================================================================================
VAMOS Experiment Runner
================================================================================
Problem: WFG1
Description: WFG1 benchmarking problem (requires pymoo).
Decision variables: 24
Objectives: 3
Encoding: real
Algorithm: NSGAII
Backend: numpy
Population size: 80
Offspring population size: 80
Max evaluations: 22000
--------------------------------------------------------------------------------
nsgaii -> Time: 13792.36 ms | Eval/s: 1595.1
Objective 1 spread: 1.757527
Results stored in: /home/nico/Documents/GitHub/VAMOS/results/archive_family_pilot_core/NSGAII_archive_family_WFG/raw_runs/NSGAII_archive_family_WFG/nsgaii_archive_off/WFG1/nsgaii/numpy/seed_6
[Study] (98/270) nsgaii | numpy | wfg1 | seed=7
================================================================================
VAMOS Experiment Runner
================================================================================
Problem: WFG1
Description: WFG1 benchmarking problem (requires pymoo).
Decision variables: 24
Objectives: 3
Encoding: real
Algorithm: NSGAII
Backend: numpy
Population size: 80
Offspring population size: 80
Max evaluations: 22000
--------------------------------------------------------------------------------
nsgaii -> Time: 14085.63 ms | Eval/s: 1561.9
Objective 1 spread: 1.453042
Results stored in: /home/nico/Documents/GitHub/VAMOS/results/archive_family_pilot_core/NSGAII_archive_family_WFG/raw_runs/NSGAII_archive_family_WFG/nsgaii_archive_off/WFG1/nsgaii/numpy/seed_7
[Study] (99/270) nsgaii | numpy | wfg1 | seed=8
================================================================================
VAMOS Experiment Runner
================================================================================
Problem: WFG1
Description: WFG1 benchmarking problem (requires pymoo).
Decision variables: 24
Objectives: 3
Encoding: real
Algorithm: NSGAII
Backend: numpy
Population size: 80
Offspring population size: 80
Max evaluations: 22000
--------------------------------------------------------------------------------
nsgaii -> Time: 14129.14 ms | Eval/s: 1557.1
Objective 1 spread: 1.732795
Results stored in: /home/nico/Documents/GitHub/VAMOS/results/archive_family_pilot_core/NSGAII_archive_family_WFG/raw_runs/NSGAII_archive_family_WFG/nsgaii_archive_off/WFG1/nsgaii/numpy/seed_8
[Study] (100/270) nsgaii | numpy | wfg1 | seed=9
================================================================================
VAMOS Experiment Runner
================================================================================
Problem: WFG1
Description: WFG1 benchmarking problem (requires pymoo).
Decision variables: 24
Objectives: 3
Encoding: real
Algorithm: NSGAII
Backend: numpy
Population size: 80
Offspring population size: 80
Max evaluations: 22000
--------------------------------------------------------------------------------
nsgaii -> Time: 14012.05 ms | Eval/s: 1570.1
Objective 1 spread: 1.778676
Results stored in: /home/nico/Documents/GitHub/VAMOS/results/archive_family_pilot_core/NSGAII_archive_family_WFG/raw_runs/NSGAII_archive_family_WFG/nsgaii_archive_off/WFG1/nsgaii/numpy/seed_9
[Study] (101/270) nsgaii | numpy | wfg1 | seed=0
================================================================================
VAMOS Experiment Runner
================================================================================
Problem: WFG1
Description: WFG1 benchmarking problem (requires pymoo).
Decision variables: 24
Objectives: 3
Encoding: real
Algorithm: NSGAII
Backend: numpy
Population size: 80
Offspring population size: 80
Max evaluations: 22000
--------------------------------------------------------------------------------
nsgaii -> Time: 14872.12 ms | Eval/s: 1479.3
Objective 1 spread: 1.658208
Results stored in: /home/nico/Documents/GitHub/VAMOS/results/archive_family_pilot_core/NSGAII_archive_family_WFG/raw_runs/NSGAII_archive_family_WFG/nsgaii_archive_passive/WFG1/nsgaii/numpy/seed_0
[Study] (102/270) nsgaii | numpy | wfg1 | seed=1
================================================================================
VAMOS Experiment Runner
================================================================================
Problem: WFG1
Description: WFG1 benchmarking problem (requires pymoo).
Decision variables: 24
Objectives: 3
Encoding: real
Algorithm: NSGAII
Backend: numpy
Population size: 80
Offspring population size: 80
Max evaluations: 22000
--------------------------------------------------------------------------------
nsgaii -> Time: 14612.56 ms | Eval/s: 1505.6
Objective 1 spread: 1.605222
Results stored in: /home/nico/Documents/GitHub/VAMOS/results/archive_family_pilot_core/NSGAII_archive_family_WFG/raw_runs/NSGAII_archive_family_WFG/nsgaii_archive_passive/WFG1/nsgaii/numpy/seed_1
[Study] (103/270) nsgaii | numpy | wfg1 | seed=2
================================================================================
VAMOS Experiment Runner
================================================================================
Problem: WFG1
Description: WFG1 benchmarking problem (requires pymoo).
Decision variables: 24
Objectives: 3
Encoding: real
Algorithm: NSGAII
Backend: numpy
Population size: 80
Offspring population size: 80
Max evaluations: 22000
--------------------------------------------------------------------------------
nsgaii -> Time: 14559.72 ms | Eval/s: 1511.0
Objective 1 spread: 1.747575
Results stored in: /home/nico/Documents/GitHub/VAMOS/results/archive_family_pilot_core/NSGAII_archive_family_WFG/raw_runs/NSGAII_archive_family_WFG/nsgaii_archive_passive/WFG1/nsgaii/numpy/seed_2
[Study] (104/270) nsgaii | numpy | wfg1 | seed=3
================================================================================
VAMOS Experiment Runner
================================================================================
Problem: WFG1
Description: WFG1 benchmarking problem (requires pymoo).
Decision variables: 24
Objectives: 3
Encoding: real
Algorithm: NSGAII
Backend: numpy
Population size: 80
Offspring population size: 80
Max evaluations: 22000
--------------------------------------------------------------------------------
nsgaii -> Time: 14651.06 ms | Eval/s: 1501.6
Objective 1 spread: 1.481529
Results stored in: /home/nico/Documents/GitHub/VAMOS/results/archive_family_pilot_core/NSGAII_archive_family_WFG/raw_runs/NSGAII_archive_family_WFG/nsgaii_archive_passive/WFG1/nsgaii/numpy/seed_3
[Study] (105/270) nsgaii | numpy | wfg1 | seed=4
================================================================================
VAMOS Experiment Runner
================================================================================
Problem: WFG1
Description: WFG1 benchmarking problem (requires pymoo).
Decision variables: 24
Objectives: 3
Encoding: real
Algorithm: NSGAII
Backend: numpy
Population size: 80
Offspring population size: 80
Max evaluations: 22000
--------------------------------------------------------------------------------
nsgaii -> Time: 14630.58 ms | Eval/s: 1503.7
Objective 1 spread: 1.492348
Results stored in: /home/nico/Documents/GitHub/VAMOS/results/archive_family_pilot_core/NSGAII_archive_family_WFG/raw_runs/NSGAII_archive_family_WFG/nsgaii_archive_passive/WFG1/nsgaii/numpy/seed_4
[Study] (106/270) nsgaii | numpy | wfg1 | seed=5
================================================================================
VAMOS Experiment Runner
================================================================================
Problem: WFG1
Description: WFG1 benchmarking problem (requires pymoo).
Decision variables: 24
Objectives: 3
Encoding: real
Algorithm: NSGAII
Backend: numpy
Population size: 80
Offspring population size: 80
Max evaluations: 22000
--------------------------------------------------------------------------------
nsgaii -> Time: 14761.31 ms | Eval/s: 1490.4
Objective 1 spread: 1.458863
Results stored in: /home/nico/Documents/GitHub/VAMOS/results/archive_family_pilot_core/NSGAII_archive_family_WFG/raw_runs/NSGAII_archive_family_WFG/nsgaii_archive_passive/WFG1/nsgaii/numpy/seed_5
[Study] (107/270) nsgaii | numpy | wfg1 | seed=6
================================================================================
VAMOS Experiment Runner
================================================================================
Problem: WFG1
Description: WFG1 benchmarking problem (requires pymoo).
Decision variables: 24
Objectives: 3
Encoding: real
Algorithm: NSGAII
Backend: numpy
Population size: 80
Offspring population size: 80
Max evaluations: 22000
--------------------------------------------------------------------------------
nsgaii -> Time: 14937.48 ms | Eval/s: 1472.8
Objective 1 spread: 1.757527
Results stored in: /home/nico/Documents/GitHub/VAMOS/results/archive_family_pilot_core/NSGAII_archive_family_WFG/raw_runs/NSGAII_archive_family_WFG/nsgaii_archive_passive/WFG1/nsgaii/numpy/seed_6
[Study] (108/270) nsgaii | numpy | wfg1 | seed=7
================================================================================
VAMOS Experiment Runner
================================================================================
Problem: WFG1
Description: WFG1 benchmarking problem (requires pymoo).
Decision variables: 24
Objectives: 3
Encoding: real
Algorithm: NSGAII
Backend: numpy
Population size: 80
Offspring population size: 80
Max evaluations: 22000
--------------------------------------------------------------------------------
nsgaii -> Time: 14765.77 ms | Eval/s: 1489.9
Objective 1 spread: 1.453042
Results stored in: /home/nico/Documents/GitHub/VAMOS/results/archive_family_pilot_core/NSGAII_archive_family_WFG/raw_runs/NSGAII_archive_family_WFG/nsgaii_archive_passive/WFG1/nsgaii/numpy/seed_7
[Study] (109/270) nsgaii | numpy | wfg1 | seed=8
================================================================================
VAMOS Experiment Runner
================================================================================
Problem: WFG1
Description: WFG1 benchmarking problem (requires pymoo).
Decision variables: 24
Objectives: 3
Encoding: real
Algorithm: NSGAII
Backend: numpy
Population size: 80
Offspring population size: 80
Max evaluations: 22000
--------------------------------------------------------------------------------
nsgaii -> Time: 15182.96 ms | Eval/s: 1449.0
Objective 1 spread: 1.732795
Results stored in: /home/nico/Documents/GitHub/VAMOS/results/archive_family_pilot_core/NSGAII_archive_family_WFG/raw_runs/NSGAII_archive_family_WFG/nsgaii_archive_passive/WFG1/nsgaii/numpy/seed_8
[Study] (110/270) nsgaii | numpy | wfg1 | seed=9
================================================================================
VAMOS Experiment Runner
================================================================================
Problem: WFG1
Description: WFG1 benchmarking problem (requires pymoo).
Decision variables: 24
Objectives: 3
Encoding: real
Algorithm: NSGAII
Backend: numpy
Population size: 80
Offspring population size: 80
Max evaluations: 22000
--------------------------------------------------------------------------------
nsgaii -> Time: 15049.61 ms | Eval/s: 1461.8
Objective 1 spread: 1.778676
Results stored in: /home/nico/Documents/GitHub/VAMOS/results/archive_family_pilot_core/NSGAII_archive_family_WFG/raw_runs/NSGAII_archive_family_WFG/nsgaii_archive_passive/WFG1/nsgaii/numpy/seed_9
[Study] (111/270) nsgaii | numpy | wfg1 | seed=0
================================================================================
VAMOS Experiment Runner
================================================================================
Problem: WFG1
Description: WFG1 benchmarking problem (requires pymoo).
Decision variables: 24
Objectives: 3
Encoding: real
Algorithm: NSGAII
Backend: numpy
Population size: 80
Offspring population size: 80
Max evaluations: 22000
--------------------------------------------------------------------------------
nsgaii -> Time: 16296.09 ms | Eval/s: 1350.0
Objective 1 spread: 1.551523
Results stored in: /home/nico/Documents/GitHub/VAMOS/results/archive_family_pilot_core/NSGAII_archive_family_WFG/raw_runs/NSGAII_archive_family_WFG/nsgaii_archive_hybrid/WFG1/nsgaii/numpy/seed_0
[Study] (112/270) nsgaii | numpy | wfg1 | seed=1
================================================================================
VAMOS Experiment Runner
================================================================================
Problem: WFG1
Description: WFG1 benchmarking problem (requires pymoo).
Decision variables: 24
Objectives: 3
Encoding: real
Algorithm: NSGAII
Backend: numpy
Population size: 80
Offspring population size: 80
Max evaluations: 22000
--------------------------------------------------------------------------------
nsgaii -> Time: 16554.56 ms | Eval/s: 1328.9
Objective 1 spread: 1.813586
Results stored in: /home/nico/Documents/GitHub/VAMOS/results/archive_family_pilot_core/NSGAII_archive_family_WFG/raw_runs/NSGAII_archive_family_WFG/nsgaii_archive_hybrid/WFG1/nsgaii/numpy/seed_1
[Study] (113/270) nsgaii | numpy | wfg1 | seed=2
================================================================================
VAMOS Experiment Runner
================================================================================
Problem: WFG1
Description: WFG1 benchmarking problem (requires pymoo).
Decision variables: 24
Objectives: 3
Encoding: real
Algorithm: NSGAII
Backend: numpy
Population size: 80
Offspring population size: 80
Max evaluations: 22000
--------------------------------------------------------------------------------
nsgaii -> Time: 16041.05 ms | Eval/s: 1371.5
Objective 1 spread: 1.527925
Results stored in: /home/nico/Documents/GitHub/VAMOS/results/archive_family_pilot_core/NSGAII_archive_family_WFG/raw_runs/NSGAII_archive_family_WFG/nsgaii_archive_hybrid/WFG1/nsgaii/numpy/seed_2
[Study] (114/270) nsgaii | numpy | wfg1 | seed=3
================================================================================
VAMOS Experiment Runner
================================================================================
Problem: WFG1
Description: WFG1 benchmarking problem (requires pymoo).
Decision variables: 24
Objectives: 3
Encoding: real
Algorithm: NSGAII
Backend: numpy
Population size: 80
Offspring population size: 80
Max evaluations: 22000
--------------------------------------------------------------------------------
nsgaii -> Time: 16452.86 ms | Eval/s: 1337.2
Objective 1 spread: 1.529029
Results stored in: /home/nico/Documents/GitHub/VAMOS/results/archive_family_pilot_core/NSGAII_archive_family_WFG/raw_runs/NSGAII_archive_family_WFG/nsgaii_archive_hybrid/WFG1/nsgaii/numpy/seed_3
[Study] (115/270) nsgaii | numpy | wfg1 | seed=4
================================================================================
VAMOS Experiment Runner
================================================================================
Problem: WFG1
Description: WFG1 benchmarking problem (requires pymoo).
Decision variables: 24
Objectives: 3
Encoding: real
Algorithm: NSGAII
Backend: numpy
Population size: 80
Offspring population size: 80
Max evaluations: 22000
--------------------------------------------------------------------------------
nsgaii -> Time: 17075.47 ms | Eval/s: 1288.4
Objective 1 spread: 1.790803
Results stored in: /home/nico/Documents/GitHub/VAMOS/results/archive_family_pilot_core/NSGAII_archive_family_WFG/raw_runs/NSGAII_archive_family_WFG/nsgaii_archive_hybrid/WFG1/nsgaii/numpy/seed_4
[Study] (116/270) nsgaii | numpy | wfg1 | seed=5
================================================================================
VAMOS Experiment Runner
================================================================================
Problem: WFG1
Description: WFG1 benchmarking problem (requires pymoo).
Decision variables: 24
Objectives: 3
Encoding: real
Algorithm: NSGAII
Backend: numpy
Population size: 80
Offspring population size: 80
Max evaluations: 22000
--------------------------------------------------------------------------------
nsgaii -> Time: 16403.96 ms | Eval/s: 1341.1
Objective 1 spread: 1.336668
Results stored in: /home/nico/Documents/GitHub/VAMOS/results/archive_family_pilot_core/NSGAII_archive_family_WFG/raw_runs/NSGAII_archive_family_WFG/nsgaii_archive_hybrid/WFG1/nsgaii/numpy/seed_5
[Study] (117/270) nsgaii | numpy | wfg1 | seed=6
================================================================================
VAMOS Experiment Runner
================================================================================
Problem: WFG1
Description: WFG1 benchmarking problem (requires pymoo).
Decision variables: 24
Objectives: 3
Encoding: real
Algorithm: NSGAII
Backend: numpy
Population size: 80
Offspring population size: 80
Max evaluations: 22000
--------------------------------------------------------------------------------
nsgaii -> Time: 17164.22 ms | Eval/s: 1281.7
Objective 1 spread: 1.556502
Results stored in: /home/nico/Documents/GitHub/VAMOS/results/archive_family_pilot_core/NSGAII_archive_family_WFG/raw_runs/NSGAII_archive_family_WFG/nsgaii_archive_hybrid/WFG1/nsgaii/numpy/seed_6
[Study] (118/270) nsgaii | numpy | wfg1 | seed=7
================================================================================
VAMOS Experiment Runner
================================================================================
Problem: WFG1
Description: WFG1 benchmarking problem (requires pymoo).
Decision variables: 24
Objectives: 3
Encoding: real
Algorithm: NSGAII
Backend: numpy
Population size: 80
Offspring population size: 80
Max evaluations: 22000
--------------------------------------------------------------------------------
nsgaii -> Time: 16855.63 ms | Eval/s: 1305.2
Objective 1 spread: 1.719272
Results stored in: /home/nico/Documents/GitHub/VAMOS/results/archive_family_pilot_core/NSGAII_archive_family_WFG/raw_runs/NSGAII_archive_family_WFG/nsgaii_archive_hybrid/WFG1/nsgaii/numpy/seed_7
[Study] (119/270) nsgaii | numpy | wfg1 | seed=8
================================================================================
VAMOS Experiment Runner
================================================================================
Problem: WFG1
Description: WFG1 benchmarking problem (requires pymoo).
Decision variables: 24
Objectives: 3
Encoding: real
Algorithm: NSGAII
Backend: numpy
Population size: 80
Offspring population size: 80
Max evaluations: 22000
--------------------------------------------------------------------------------
nsgaii -> Time: 16914.11 ms | Eval/s: 1300.7
Objective 1 spread: 1.822335
Results stored in: /home/nico/Documents/GitHub/VAMOS/results/archive_family_pilot_core/NSGAII_archive_family_WFG/raw_runs/NSGAII_archive_family_WFG/nsgaii_archive_hybrid/WFG1/nsgaii/numpy/seed_8
[Study] (120/270) nsgaii | numpy | wfg1 | seed=9
================================================================================
VAMOS Experiment Runner
================================================================================
Problem: WFG1
Description: WFG1 benchmarking problem (requires pymoo).
Decision variables: 24
Objectives: 3
Encoding: real
Algorithm: NSGAII
Backend: numpy
Population size: 80
Offspring population size: 80
Max evaluations: 22000
--------------------------------------------------------------------------------
nsgaii -> Time: 16490.55 ms | Eval/s: 1334.1
Objective 1 spread: 1.469233
Results stored in: /home/nico/Documents/GitHub/VAMOS/results/archive_family_pilot_core/NSGAII_archive_family_WFG/raw_runs/NSGAII_archive_family_WFG/nsgaii_archive_hybrid/WFG1/nsgaii/numpy/seed_9
[Study] (121/270) nsgaii | numpy | wfg4 | seed=0
================================================================================
VAMOS Experiment Runner
================================================================================
Problem: WFG4
Description: WFG4 benchmarking problem (requires pymoo).
Decision variables: 24
Objectives: 3
Encoding: real
Algorithm: NSGAII
Backend: numpy
Population size: 80
Offspring population size: 80
Max evaluations: 22000
--------------------------------------------------------------------------------
nsgaii -> Time: 15361.80 ms | Eval/s: 1432.1
Objective 1 spread: 2.001261
Results stored in: /home/nico/Documents/GitHub/VAMOS/results/archive_family_pilot_core/NSGAII_archive_family_WFG/raw_runs/NSGAII_archive_family_WFG/nsgaii_archive_off/WFG4/nsgaii/numpy/seed_0
[Study] (122/270) nsgaii | numpy | wfg4 | seed=1
================================================================================
VAMOS Experiment Runner
================================================================================
Problem: WFG4
Description: WFG4 benchmarking problem (requires pymoo).
Decision variables: 24
Objectives: 3
Encoding: real
Algorithm: NSGAII
Backend: numpy
Population size: 80
Offspring population size: 80
Max evaluations: 22000
--------------------------------------------------------------------------------
nsgaii -> Time: 15329.76 ms | Eval/s: 1435.1
Objective 1 spread: 2.001024
Results stored in: /home/nico/Documents/GitHub/VAMOS/results/archive_family_pilot_core/NSGAII_archive_family_WFG/raw_runs/NSGAII_archive_family_WFG/nsgaii_archive_off/WFG4/nsgaii/numpy/seed_1
[Study] (123/270) nsgaii | numpy | wfg4 | seed=2
================================================================================
VAMOS Experiment Runner
================================================================================
Problem: WFG4
Description: WFG4 benchmarking problem (requires pymoo).
Decision variables: 24
Objectives: 3
Encoding: real
Algorithm: NSGAII
Backend: numpy
Population size: 80
Offspring population size: 80
Max evaluations: 22000
--------------------------------------------------------------------------------
nsgaii -> Time: 15458.47 ms | Eval/s: 1423.2
Objective 1 spread: 2.012759
Results stored in: /home/nico/Documents/GitHub/VAMOS/results/archive_family_pilot_core/NSGAII_archive_family_WFG/raw_runs/NSGAII_archive_family_WFG/nsgaii_archive_off/WFG4/nsgaii/numpy/seed_2
[Study] (124/270) nsgaii | numpy | wfg4 | seed=3
================================================================================
VAMOS Experiment Runner
================================================================================
Problem: WFG4
Description: WFG4 benchmarking problem (requires pymoo).
Decision variables: 24
Objectives: 3
Encoding: real
Algorithm: NSGAII
Backend: numpy
Population size: 80
Offspring population size: 80
Max evaluations: 22000
--------------------------------------------------------------------------------
nsgaii -> Time: 15391.44 ms | Eval/s: 1429.4
Objective 1 spread: 2.044828
Results stored in: /home/nico/Documents/GitHub/VAMOS/results/archive_family_pilot_core/NSGAII_archive_family_WFG/raw_runs/NSGAII_archive_family_WFG/nsgaii_archive_off/WFG4/nsgaii/numpy/seed_3
[Study] (125/270) nsgaii | numpy | wfg4 | seed=4
================================================================================
VAMOS Experiment Runner
================================================================================
Problem: WFG4
Description: WFG4 benchmarking problem (requires pymoo).
Decision variables: 24
Objectives: 3
Encoding: real
Algorithm: NSGAII
Backend: numpy
Population size: 80
Offspring population size: 80
Max evaluations: 22000
--------------------------------------------------------------------------------
nsgaii -> Time: 15359.58 ms | Eval/s: 1432.3
Objective 1 spread: 2.003225
Results stored in: /home/nico/Documents/GitHub/VAMOS/results/archive_family_pilot_core/NSGAII_archive_family_WFG/raw_runs/NSGAII_archive_family_WFG/nsgaii_archive_off/WFG4/nsgaii/numpy/seed_4
[Study] (126/270) nsgaii | numpy | wfg4 | seed=5
================================================================================
VAMOS Experiment Runner
================================================================================
Problem: WFG4
Description: WFG4 benchmarking problem (requires pymoo).
Decision variables: 24
Objectives: 3
Encoding: real
Algorithm: NSGAII
Backend: numpy
Population size: 80
Offspring population size: 80
Max evaluations: 22000
--------------------------------------------------------------------------------
nsgaii -> Time: 15438.92 ms | Eval/s: 1425.0
Objective 1 spread: 2.025460
Results stored in: /home/nico/Documents/GitHub/VAMOS/results/archive_family_pilot_core/NSGAII_archive_family_WFG/raw_runs/NSGAII_archive_family_WFG/nsgaii_archive_off/WFG4/nsgaii/numpy/seed_5
[Study] (127/270) nsgaii | numpy | wfg4 | seed=6
================================================================================
VAMOS Experiment Runner
================================================================================
Problem: WFG4
Description: WFG4 benchmarking problem (requires pymoo).
Decision variables: 24
Objectives: 3
Encoding: real
Algorithm: NSGAII
Backend: numpy
Population size: 80
Offspring population size: 80
Max evaluations: 22000
--------------------------------------------------------------------------------
nsgaii -> Time: 15309.15 ms | Eval/s: 1437.0
Objective 1 spread: 2.021957
Results stored in: /home/nico/Documents/GitHub/VAMOS/results/archive_family_pilot_core/NSGAII_archive_family_WFG/raw_runs/NSGAII_archive_family_WFG/nsgaii_archive_off/WFG4/nsgaii/numpy/seed_6
[Study] (128/270) nsgaii | numpy | wfg4 | seed=7
================================================================================
VAMOS Experiment Runner
================================================================================
Problem: WFG4
Description: WFG4 benchmarking problem (requires pymoo).
Decision variables: 24
Objectives: 3
Encoding: real
Algorithm: NSGAII
Backend: numpy
Population size: 80
Offspring population size: 80
Max evaluations: 22000
--------------------------------------------------------------------------------
nsgaii -> Time: 15432.21 ms | Eval/s: 1425.6
Objective 1 spread: 2.021963
Results stored in: /home/nico/Documents/GitHub/VAMOS/results/archive_family_pilot_core/NSGAII_archive_family_WFG/raw_runs/NSGAII_archive_family_WFG/nsgaii_archive_off/WFG4/nsgaii/numpy/seed_7
[Study] (129/270) nsgaii | numpy | wfg4 | seed=8
================================================================================
VAMOS Experiment Runner
================================================================================
Problem: WFG4
Description: WFG4 benchmarking problem (requires pymoo).
Decision variables: 24
Objectives: 3
Encoding: real
Algorithm: NSGAII
Backend: numpy
Population size: 80
Offspring population size: 80
Max evaluations: 22000
--------------------------------------------------------------------------------
nsgaii -> Time: 15313.89 ms | Eval/s: 1436.6
Objective 1 spread: 2.033734
Results stored in: /home/nico/Documents/GitHub/VAMOS/results/archive_family_pilot_core/NSGAII_archive_family_WFG/raw_runs/NSGAII_archive_family_WFG/nsgaii_archive_off/WFG4/nsgaii/numpy/seed_8
[Study] (130/270) nsgaii | numpy | wfg4 | seed=9
================================================================================
VAMOS Experiment Runner
================================================================================
Problem: WFG4
Description: WFG4 benchmarking problem (requires pymoo).
Decision variables: 24
Objectives: 3
Encoding: real
Algorithm: NSGAII
Backend: numpy
Population size: 80
Offspring population size: 80
Max evaluations: 22000
--------------------------------------------------------------------------------
nsgaii -> Time: 15329.56 ms | Eval/s: 1435.1
Objective 1 spread: 2.009783
Results stored in: /home/nico/Documents/GitHub/VAMOS/results/archive_family_pilot_core/NSGAII_archive_family_WFG/raw_runs/NSGAII_archive_family_WFG/nsgaii_archive_off/WFG4/nsgaii/numpy/seed_9
[Study] (131/270) nsgaii | numpy | wfg4 | seed=0
================================================================================
VAMOS Experiment Runner
================================================================================
Problem: WFG4
Description: WFG4 benchmarking problem (requires pymoo).
Decision variables: 24
Objectives: 3
Encoding: real
Algorithm: NSGAII
Backend: numpy
Population size: 80
Offspring population size: 80
Max evaluations: 22000
--------------------------------------------------------------------------------
nsgaii -> Time: 17027.51 ms | Eval/s: 1292.0
Objective 1 spread: 2.001261
Results stored in: /home/nico/Documents/GitHub/VAMOS/results/archive_family_pilot_core/NSGAII_archive_family_WFG/raw_runs/NSGAII_archive_family_WFG/nsgaii_archive_passive/WFG4/nsgaii/numpy/seed_0
[Study] (132/270) nsgaii | numpy | wfg4 | seed=1
================================================================================
VAMOS Experiment Runner
================================================================================
Problem: WFG4
Description: WFG4 benchmarking problem (requires pymoo).
Decision variables: 24
Objectives: 3
Encoding: real
Algorithm: NSGAII
Backend: numpy
Population size: 80
Offspring population size: 80
Max evaluations: 22000
--------------------------------------------------------------------------------
nsgaii -> Time: 17052.59 ms | Eval/s: 1290.1
Objective 1 spread: 2.001024
Results stored in: /home/nico/Documents/GitHub/VAMOS/results/archive_family_pilot_core/NSGAII_archive_family_WFG/raw_runs/NSGAII_archive_family_WFG/nsgaii_archive_passive/WFG4/nsgaii/numpy/seed_1
[Study] (133/270) nsgaii | numpy | wfg4 | seed=2
================================================================================
VAMOS Experiment Runner
================================================================================
Problem: WFG4
Description: WFG4 benchmarking problem (requires pymoo).
Decision variables: 24
Objectives: 3
Encoding: real
Algorithm: NSGAII
Backend: numpy
Population size: 80
Offspring population size: 80
Max evaluations: 22000
--------------------------------------------------------------------------------
nsgaii -> Time: 16780.60 ms | Eval/s: 1311.0
Objective 1 spread: 2.012759
Results stored in: /home/nico/Documents/GitHub/VAMOS/results/archive_family_pilot_core/NSGAII_archive_family_WFG/raw_runs/NSGAII_archive_family_WFG/nsgaii_archive_passive/WFG4/nsgaii/numpy/seed_2
[Study] (134/270) nsgaii | numpy | wfg4 | seed=3
================================================================================
VAMOS Experiment Runner
================================================================================
Problem: WFG4
Description: WFG4 benchmarking problem (requires pymoo).
Decision variables: 24
Objectives: 3
Encoding: real
Algorithm: NSGAII
Backend: numpy
Population size: 80
Offspring population size: 80
Max evaluations: 22000
--------------------------------------------------------------------------------
nsgaii -> Time: 16867.06 ms | Eval/s: 1304.3
Objective 1 spread: 2.044828
Results stored in: /home/nico/Documents/GitHub/VAMOS/results/archive_family_pilot_core/NSGAII_archive_family_WFG/raw_runs/NSGAII_archive_family_WFG/nsgaii_archive_passive/WFG4/nsgaii/numpy/seed_3
[Study] (135/270) nsgaii | numpy | wfg4 | seed=4
================================================================================
VAMOS Experiment Runner
================================================================================
Problem: WFG4
Description: WFG4 benchmarking problem (requires pymoo).
Decision variables: 24
Objectives: 3
Encoding: real
Algorithm: NSGAII
Backend: numpy
Population size: 80
Offspring population size: 80
Max evaluations: 22000
--------------------------------------------------------------------------------
nsgaii -> Time: 17182.21 ms | Eval/s: 1280.4
Objective 1 spread: 2.003225
Results stored in: /home/nico/Documents/GitHub/VAMOS/results/archive_family_pilot_core/NSGAII_archive_family_WFG/raw_runs/NSGAII_archive_family_WFG/nsgaii_archive_passive/WFG4/nsgaii/numpy/seed_4
[Study] (136/270) nsgaii | numpy | wfg4 | seed=5
================================================================================
VAMOS Experiment Runner
================================================================================
Problem: WFG4
Description: WFG4 benchmarking problem (requires pymoo).
Decision variables: 24
Objectives: 3
Encoding: real
Algorithm: NSGAII
Backend: numpy
Population size: 80
Offspring population size: 80
Max evaluations: 22000
--------------------------------------------------------------------------------
nsgaii -> Time: 17178.21 ms | Eval/s: 1280.7
Objective 1 spread: 2.025460
Results stored in: /home/nico/Documents/GitHub/VAMOS/results/archive_family_pilot_core/NSGAII_archive_family_WFG/raw_runs/NSGAII_archive_family_WFG/nsgaii_archive_passive/WFG4/nsgaii/numpy/seed_5
[Study] (137/270) nsgaii | numpy | wfg4 | seed=6
================================================================================
VAMOS Experiment Runner
================================================================================
Problem: WFG4
Description: WFG4 benchmarking problem (requires pymoo).
Decision variables: 24
Objectives: 3
Encoding: real
Algorithm: NSGAII
Backend: numpy
Population size: 80
Offspring population size: 80
Max evaluations: 22000
--------------------------------------------------------------------------------
nsgaii -> Time: 17204.82 ms | Eval/s: 1278.7
Objective 1 spread: 2.021957
Results stored in: /home/nico/Documents/GitHub/VAMOS/results/archive_family_pilot_core/NSGAII_archive_family_WFG/raw_runs/NSGAII_archive_family_WFG/nsgaii_archive_passive/WFG4/nsgaii/numpy/seed_6
[Study] (138/270) nsgaii | numpy | wfg4 | seed=7
================================================================================
VAMOS Experiment Runner
================================================================================
Problem: WFG4
Description: WFG4 benchmarking problem (requires pymoo).
Decision variables: 24
Objectives: 3
Encoding: real
Algorithm: NSGAII
Backend: numpy
Population size: 80
Offspring population size: 80
Max evaluations: 22000
--------------------------------------------------------------------------------
nsgaii -> Time: 17630.96 ms | Eval/s: 1247.8
Objective 1 spread: 2.021963
Results stored in: /home/nico/Documents/GitHub/VAMOS/results/archive_family_pilot_core/NSGAII_archive_family_WFG/raw_runs/NSGAII_archive_family_WFG/nsgaii_archive_passive/WFG4/nsgaii/numpy/seed_7
[Study] (139/270) nsgaii | numpy | wfg4 | seed=8
================================================================================
VAMOS Experiment Runner
================================================================================
Problem: WFG4
Description: WFG4 benchmarking problem (requires pymoo).
Decision variables: 24
Objectives: 3
Encoding: real
Algorithm: NSGAII
Backend: numpy
Population size: 80
Offspring population size: 80
Max evaluations: 22000
--------------------------------------------------------------------------------
nsgaii -> Time: 17934.95 ms | Eval/s: 1226.7
Objective 1 spread: 2.033734
Results stored in: /home/nico/Documents/GitHub/VAMOS/results/archive_family_pilot_core/NSGAII_archive_family_WFG/raw_runs/NSGAII_archive_family_WFG/nsgaii_archive_passive/WFG4/nsgaii/numpy/seed_8
[Study] (140/270) nsgaii | numpy | wfg4 | seed=9
================================================================================
VAMOS Experiment Runner
================================================================================
Problem: WFG4
Description: WFG4 benchmarking problem (requires pymoo).
Decision variables: 24
Objectives: 3
Encoding: real
Algorithm: NSGAII
Backend: numpy
Population size: 80
Offspring population size: 80
Max evaluations: 22000
--------------------------------------------------------------------------------
nsgaii -> Time: 17990.12 ms | Eval/s: 1222.9
Objective 1 spread: 2.009783
Results stored in: /home/nico/Documents/GitHub/VAMOS/results/archive_family_pilot_core/NSGAII_archive_family_WFG/raw_runs/NSGAII_archive_family_WFG/nsgaii_archive_passive/WFG4/nsgaii/numpy/seed_9
[Study] (141/270) nsgaii | numpy | wfg4 | seed=0
================================================================================
VAMOS Experiment Runner
================================================================================
Problem: WFG4
Description: WFG4 benchmarking problem (requires pymoo).
Decision variables: 24
Objectives: 3
Encoding: real
Algorithm: NSGAII
Backend: numpy
Population size: 80
Offspring population size: 80
Max evaluations: 22000
--------------------------------------------------------------------------------
nsgaii -> Time: 20897.43 ms | Eval/s: 1052.8
Objective 1 spread: 2.039395
Results stored in: /home/nico/Documents/GitHub/VAMOS/results/archive_family_pilot_core/NSGAII_archive_family_WFG/raw_runs/NSGAII_archive_family_WFG/nsgaii_archive_hybrid/WFG4/nsgaii/numpy/seed_0
[Study] (142/270) nsgaii | numpy | wfg4 | seed=1
================================================================================
VAMOS Experiment Runner
================================================================================
Problem: WFG4
Description: WFG4 benchmarking problem (requires pymoo).
Decision variables: 24
Objectives: 3
Encoding: real
Algorithm: NSGAII
Backend: numpy
Population size: 80
Offspring population size: 80
Max evaluations: 22000
--------------------------------------------------------------------------------
nsgaii -> Time: 20921.13 ms | Eval/s: 1051.6
Objective 1 spread: 2.022568
Results stored in: /home/nico/Documents/GitHub/VAMOS/results/archive_family_pilot_core/NSGAII_archive_family_WFG/raw_runs/NSGAII_archive_family_WFG/nsgaii_archive_hybrid/WFG4/nsgaii/numpy/seed_1
[Study] (143/270) nsgaii | numpy | wfg4 | seed=2
================================================================================
VAMOS Experiment Runner
================================================================================
Problem: WFG4
Description: WFG4 benchmarking problem (requires pymoo).
Decision variables: 24
Objectives: 3
Encoding: real
Algorithm: NSGAII
Backend: numpy
Population size: 80
Offspring population size: 80
Max evaluations: 22000
--------------------------------------------------------------------------------
nsgaii -> Time: 21080.65 ms | Eval/s: 1043.6
Objective 1 spread: 2.009606
Results stored in: /home/nico/Documents/GitHub/VAMOS/results/archive_family_pilot_core/NSGAII_archive_family_WFG/raw_runs/NSGAII_archive_family_WFG/nsgaii_archive_hybrid/WFG4/nsgaii/numpy/seed_2
[Study] (144/270) nsgaii | numpy | wfg4 | seed=3
================================================================================
VAMOS Experiment Runner
================================================================================
Problem: WFG4
Description: WFG4 benchmarking problem (requires pymoo).
Decision variables: 24
Objectives: 3
Encoding: real
Algorithm: NSGAII
Backend: numpy
Population size: 80
Offspring population size: 80
Max evaluations: 22000
--------------------------------------------------------------------------------
nsgaii -> Time: 20600.35 ms | Eval/s: 1067.9
Objective 1 spread: 2.072809
Results stored in: /home/nico/Documents/GitHub/VAMOS/results/archive_family_pilot_core/NSGAII_archive_family_WFG/raw_runs/NSGAII_archive_family_WFG/nsgaii_archive_hybrid/WFG4/nsgaii/numpy/seed_3
[Study] (145/270) nsgaii | numpy | wfg4 | seed=4
================================================================================
VAMOS Experiment Runner
================================================================================
Problem: WFG4
Description: WFG4 benchmarking problem (requires pymoo).
Decision variables: 24
Objectives: 3
Encoding: real
Algorithm: NSGAII
Backend: numpy
Population size: 80
Offspring population size: 80
Max evaluations: 22000
--------------------------------------------------------------------------------
nsgaii -> Time: 20719.05 ms | Eval/s: 1061.8
Objective 1 spread: 2.114224
Results stored in: /home/nico/Documents/GitHub/VAMOS/results/archive_family_pilot_core/NSGAII_archive_family_WFG/raw_runs/NSGAII_archive_family_WFG/nsgaii_archive_hybrid/WFG4/nsgaii/numpy/seed_4
[Study] (146/270) nsgaii | numpy | wfg4 | seed=5
================================================================================
VAMOS Experiment Runner
================================================================================
Problem: WFG4
Description: WFG4 benchmarking problem (requires pymoo).
Decision variables: 24
Objectives: 3
Encoding: real
Algorithm: NSGAII
Backend: numpy
Population size: 80
Offspring population size: 80
Max evaluations: 22000
--------------------------------------------------------------------------------
nsgaii -> Time: 20886.48 ms | Eval/s: 1053.3
Objective 1 spread: 2.002460
Results stored in: /home/nico/Documents/GitHub/VAMOS/results/archive_family_pilot_core/NSGAII_archive_family_WFG/raw_runs/NSGAII_archive_family_WFG/nsgaii_archive_hybrid/WFG4/nsgaii/numpy/seed_5
[Study] (147/270) nsgaii | numpy | wfg4 | seed=6
================================================================================
VAMOS Experiment Runner
================================================================================
Problem: WFG4
Description: WFG4 benchmarking problem (requires pymoo).
Decision variables: 24
Objectives: 3
Encoding: real
Algorithm: NSGAII
Backend: numpy
Population size: 80
Offspring population size: 80
Max evaluations: 22000
--------------------------------------------------------------------------------
nsgaii -> Time: 21049.10 ms | Eval/s: 1045.2
Objective 1 spread: 1.939761
Results stored in: /home/nico/Documents/GitHub/VAMOS/results/archive_family_pilot_core/NSGAII_archive_family_WFG/raw_runs/NSGAII_archive_family_WFG/nsgaii_archive_hybrid/WFG4/nsgaii/numpy/seed_6
[Study] (148/270) nsgaii | numpy | wfg4 | seed=7
================================================================================
VAMOS Experiment Runner
================================================================================
Problem: WFG4
Description: WFG4 benchmarking problem (requires pymoo).
Decision variables: 24
Objectives: 3
Encoding: real
Algorithm: NSGAII
Backend: numpy
Population size: 80
Offspring population size: 80
Max evaluations: 22000
--------------------------------------------------------------------------------
nsgaii -> Time: 21005.71 ms | Eval/s: 1047.3
Objective 1 spread: 1.924130
Results stored in: /home/nico/Documents/GitHub/VAMOS/results/archive_family_pilot_core/NSGAII_archive_family_WFG/raw_runs/NSGAII_archive_family_WFG/nsgaii_archive_hybrid/WFG4/nsgaii/numpy/seed_7
[Study] (149/270) nsgaii | numpy | wfg4 | seed=8
================================================================================
VAMOS Experiment Runner
================================================================================
Problem: WFG4
Description: WFG4 benchmarking problem (requires pymoo).
Decision variables: 24
Objectives: 3
Encoding: real
Algorithm: NSGAII
Backend: numpy
Population size: 80
Offspring population size: 80
Max evaluations: 22000
--------------------------------------------------------------------------------
nsgaii -> Time: 21822.49 ms | Eval/s: 1008.1
Objective 1 spread: 2.002796
Results stored in: /home/nico/Documents/GitHub/VAMOS/results/archive_family_pilot_core/NSGAII_archive_family_WFG/raw_runs/NSGAII_archive_family_WFG/nsgaii_archive_hybrid/WFG4/nsgaii/numpy/seed_8
[Study] (150/270) nsgaii | numpy | wfg4 | seed=9
================================================================================
VAMOS Experiment Runner
================================================================================
Problem: WFG4
Description: WFG4 benchmarking problem (requires pymoo).
Decision variables: 24
Objectives: 3
Encoding: real
Algorithm: NSGAII
Backend: numpy
Population size: 80
Offspring population size: 80
Max evaluations: 22000
--------------------------------------------------------------------------------
nsgaii -> Time: 21094.55 ms | Eval/s: 1042.9
Objective 1 spread: 1.998542
Results stored in: /home/nico/Documents/GitHub/VAMOS/results/archive_family_pilot_core/NSGAII_archive_family_WFG/raw_runs/NSGAII_archive_family_WFG/nsgaii_archive_hybrid/WFG4/nsgaii/numpy/seed_9
[Study] (151/270) nsgaii | numpy | wfg9 | seed=0
================================================================================
VAMOS Experiment Runner
================================================================================
Problem: WFG9
Description: WFG9 benchmarking problem (requires pymoo).
Decision variables: 24
Objectives: 3
Encoding: real
Algorithm: NSGAII
Backend: numpy
Population size: 80
Offspring population size: 80
Max evaluations: 24000
--------------------------------------------------------------------------------
nsgaii -> Time: 20244.89 ms | Eval/s: 1185.5
Objective 1 spread: 2.038839
Results stored in: /home/nico/Documents/GitHub/VAMOS/results/archive_family_pilot_core/NSGAII_archive_family_WFG/raw_runs/NSGAII_archive_family_WFG/nsgaii_archive_off/WFG9/nsgaii/numpy/seed_0
[Study] (152/270) nsgaii | numpy | wfg9 | seed=1
================================================================================
VAMOS Experiment Runner
================================================================================
Problem: WFG9
Description: WFG9 benchmarking problem (requires pymoo).
Decision variables: 24
Objectives: 3
Encoding: real
Algorithm: NSGAII
Backend: numpy
Population size: 80
Offspring population size: 80
Max evaluations: 24000
--------------------------------------------------------------------------------
nsgaii -> Time: 20352.55 ms | Eval/s: 1179.2
Objective 1 spread: 2.110635
Results stored in: /home/nico/Documents/GitHub/VAMOS/results/archive_family_pilot_core/NSGAII_archive_family_WFG/raw_runs/NSGAII_archive_family_WFG/nsgaii_archive_off/WFG9/nsgaii/numpy/seed_1
[Study] (153/270) nsgaii | numpy | wfg9 | seed=2
================================================================================
VAMOS Experiment Runner
================================================================================
Problem: WFG9
Description: WFG9 benchmarking problem (requires pymoo).
Decision variables: 24
Objectives: 3
Encoding: real
Algorithm: NSGAII
Backend: numpy
Population size: 80
Offspring population size: 80
Max evaluations: 24000
--------------------------------------------------------------------------------
nsgaii -> Time: 20525.06 ms | Eval/s: 1169.3
Objective 1 spread: 2.007385
Results stored in: /home/nico/Documents/GitHub/VAMOS/results/archive_family_pilot_core/NSGAII_archive_family_WFG/raw_runs/NSGAII_archive_family_WFG/nsgaii_archive_off/WFG9/nsgaii/numpy/seed_2
[Study] (154/270) nsgaii | numpy | wfg9 | seed=3
================================================================================
VAMOS Experiment Runner
================================================================================
Problem: WFG9
Description: WFG9 benchmarking problem (requires pymoo).
Decision variables: 24
Objectives: 3
Encoding: real
Algorithm: NSGAII
Backend: numpy
Population size: 80
Offspring population size: 80
Max evaluations: 24000
--------------------------------------------------------------------------------
nsgaii -> Time: 20597.29 ms | Eval/s: 1165.2
Objective 1 spread: 2.012905
Results stored in: /home/nico/Documents/GitHub/VAMOS/results/archive_family_pilot_core/NSGAII_archive_family_WFG/raw_runs/NSGAII_archive_family_WFG/nsgaii_archive_off/WFG9/nsgaii/numpy/seed_3
[Study] (155/270) nsgaii | numpy | wfg9 | seed=4
================================================================================
VAMOS Experiment Runner
================================================================================
Problem: WFG9
Description: WFG9 benchmarking problem (requires pymoo).
Decision variables: 24
Objectives: 3
Encoding: real
Algorithm: NSGAII
Backend: numpy
Population size: 80
Offspring population size: 80
Max evaluations: 24000
--------------------------------------------------------------------------------
nsgaii -> Time: 20375.07 ms | Eval/s: 1177.9
Objective 1 spread: 2.019420
Results stored in: /home/nico/Documents/GitHub/VAMOS/results/archive_family_pilot_core/NSGAII_archive_family_WFG/raw_runs/NSGAII_archive_family_WFG/nsgaii_archive_off/WFG9/nsgaii/numpy/seed_4
[Study] (156/270) nsgaii | numpy | wfg9 | seed=5
================================================================================
VAMOS Experiment Runner
================================================================================
Problem: WFG9
Description: WFG9 benchmarking problem (requires pymoo).
Decision variables: 24
Objectives: 3
Encoding: real
Algorithm: NSGAII
Backend: numpy
Population size: 80
Offspring population size: 80
Max evaluations: 24000
--------------------------------------------------------------------------------
nsgaii -> Time: 20584.24 ms | Eval/s: 1165.9
Objective 1 spread: 2.057143
Results stored in: /home/nico/Documents/GitHub/VAMOS/results/archive_family_pilot_core/NSGAII_archive_family_WFG/raw_runs/NSGAII_archive_family_WFG/nsgaii_archive_off/WFG9/nsgaii/numpy/seed_5
[Study] (157/270) nsgaii | numpy | wfg9 | seed=6
================================================================================
VAMOS Experiment Runner
================================================================================
Problem: WFG9
Description: WFG9 benchmarking problem (requires pymoo).
Decision variables: 24
Objectives: 3
Encoding: real
Algorithm: NSGAII
Backend: numpy
Population size: 80
Offspring population size: 80
Max evaluations: 24000
--------------------------------------------------------------------------------
nsgaii -> Time: 20759.35 ms | Eval/s: 1156.1
Objective 1 spread: 1.998071
Results stored in: /home/nico/Documents/GitHub/VAMOS/results/archive_family_pilot_core/NSGAII_archive_family_WFG/raw_runs/NSGAII_archive_family_WFG/nsgaii_archive_off/WFG9/nsgaii/numpy/seed_6
[Study] (158/270) nsgaii | numpy | wfg9 | seed=7
================================================================================
VAMOS Experiment Runner
================================================================================
Problem: WFG9
Description: WFG9 benchmarking problem (requires pymoo).
Decision variables: 24
Objectives: 3
Encoding: real
Algorithm: NSGAII
Backend: numpy
Population size: 80
Offspring population size: 80
Max evaluations: 24000
--------------------------------------------------------------------------------
nsgaii -> Time: 20721.31 ms | Eval/s: 1158.2
Objective 1 spread: 2.024131
Results stored in: /home/nico/Documents/GitHub/VAMOS/results/archive_family_pilot_core/NSGAII_archive_family_WFG/raw_runs/NSGAII_archive_family_WFG/nsgaii_archive_off/WFG9/nsgaii/numpy/seed_7
[Study] (159/270) nsgaii | numpy | wfg9 | seed=8
================================================================================
VAMOS Experiment Runner
================================================================================
Problem: WFG9
Description: WFG9 benchmarking problem (requires pymoo).
Decision variables: 24
Objectives: 3
Encoding: real
Algorithm: NSGAII
Backend: numpy
Population size: 80
Offspring population size: 80
Max evaluations: 24000
--------------------------------------------------------------------------------
nsgaii -> Time: 20517.73 ms | Eval/s: 1169.7
Objective 1 spread: 2.009204
Results stored in: /home/nico/Documents/GitHub/VAMOS/results/archive_family_pilot_core/NSGAII_archive_family_WFG/raw_runs/NSGAII_archive_family_WFG/nsgaii_archive_off/WFG9/nsgaii/numpy/seed_8
[Study] (160/270) nsgaii | numpy | wfg9 | seed=9
================================================================================
VAMOS Experiment Runner
================================================================================
Problem: WFG9
Description: WFG9 benchmarking problem (requires pymoo).
Decision variables: 24
Objectives: 3
Encoding: real
Algorithm: NSGAII
Backend: numpy
Population size: 80
Offspring population size: 80
Max evaluations: 24000
--------------------------------------------------------------------------------
nsgaii -> Time: 20334.27 ms | Eval/s: 1180.3
Objective 1 spread: 2.005061
Results stored in: /home/nico/Documents/GitHub/VAMOS/results/archive_family_pilot_core/NSGAII_archive_family_WFG/raw_runs/NSGAII_archive_family_WFG/nsgaii_archive_off/WFG9/nsgaii/numpy/seed_9
[Study] (161/270) nsgaii | numpy | wfg9 | seed=0
================================================================================
VAMOS Experiment Runner
================================================================================
Problem: WFG9
Description: WFG9 benchmarking problem (requires pymoo).
Decision variables: 24
Objectives: 3
Encoding: real
Algorithm: NSGAII
Backend: numpy
Population size: 80
Offspring population size: 80
Max evaluations: 24000
--------------------------------------------------------------------------------
nsgaii -> Time: 21480.14 ms | Eval/s: 1117.3
Objective 1 spread: 2.038839
Results stored in: /home/nico/Documents/GitHub/VAMOS/results/archive_family_pilot_core/NSGAII_archive_family_WFG/raw_runs/NSGAII_archive_family_WFG/nsgaii_archive_passive/WFG9/nsgaii/numpy/seed_0
[Study] (162/270) nsgaii | numpy | wfg9 | seed=1
================================================================================
VAMOS Experiment Runner
================================================================================
Problem: WFG9
Description: WFG9 benchmarking problem (requires pymoo).
Decision variables: 24
Objectives: 3
Encoding: real
Algorithm: NSGAII
Backend: numpy
Population size: 80
Offspring population size: 80
Max evaluations: 24000
--------------------------------------------------------------------------------
nsgaii -> Time: 21914.14 ms | Eval/s: 1095.2
Objective 1 spread: 2.110635
Results stored in: /home/nico/Documents/GitHub/VAMOS/results/archive_family_pilot_core/NSGAII_archive_family_WFG/raw_runs/NSGAII_archive_family_WFG/nsgaii_archive_passive/WFG9/nsgaii/numpy/seed_1
[Study] (163/270) nsgaii | numpy | wfg9 | seed=2
================================================================================
VAMOS Experiment Runner
================================================================================
Problem: WFG9
Description: WFG9 benchmarking problem (requires pymoo).
Decision variables: 24
Objectives: 3
Encoding: real
Algorithm: NSGAII
Backend: numpy
Population size: 80
Offspring population size: 80
Max evaluations: 24000
--------------------------------------------------------------------------------
nsgaii -> Time: 29943.17 ms | Eval/s: 801.5
Objective 1 spread: 2.007385
Results stored in: /home/nico/Documents/GitHub/VAMOS/results/archive_family_pilot_core/NSGAII_archive_family_WFG/raw_runs/NSGAII_archive_family_WFG/nsgaii_archive_passive/WFG9/nsgaii/numpy/seed_2
[Study] (164/270) nsgaii | numpy | wfg9 | seed=3
================================================================================
VAMOS Experiment Runner
================================================================================
Problem: WFG9
Description: WFG9 benchmarking problem (requires pymoo).
Decision variables: 24
Objectives: 3
Encoding: real
Algorithm: NSGAII
Backend: numpy
Population size: 80
Offspring population size: 80
Max evaluations: 24000
--------------------------------------------------------------------------------
nsgaii -> Time: 27205.20 ms | Eval/s: 882.2
Objective 1 spread: 2.012905
Results stored in: /home/nico/Documents/GitHub/VAMOS/results/archive_family_pilot_core/NSGAII_archive_family_WFG/raw_runs/NSGAII_archive_family_WFG/nsgaii_archive_passive/WFG9/nsgaii/numpy/seed_3
[Study] (165/270) nsgaii | numpy | wfg9 | seed=4
================================================================================
VAMOS Experiment Runner
================================================================================
Problem: WFG9
Description: WFG9 benchmarking problem (requires pymoo).
Decision variables: 24
Objectives: 3
Encoding: real
Algorithm: NSGAII
Backend: numpy
Population size: 80
Offspring population size: 80
Max evaluations: 24000
--------------------------------------------------------------------------------
nsgaii -> Time: 27602.83 ms | Eval/s: 869.5
Objective 1 spread: 2.019420
Results stored in: /home/nico/Documents/GitHub/VAMOS/results/archive_family_pilot_core/NSGAII_archive_family_WFG/raw_runs/NSGAII_archive_family_WFG/nsgaii_archive_passive/WFG9/nsgaii/numpy/seed_4
[Study] (166/270) nsgaii | numpy | wfg9 | seed=5
================================================================================
VAMOS Experiment Runner
================================================================================
Problem: WFG9
Description: WFG9 benchmarking problem (requires pymoo).
Decision variables: 24
Objectives: 3
Encoding: real
Algorithm: NSGAII
Backend: numpy
Population size: 80
Offspring population size: 80
Max evaluations: 24000
--------------------------------------------------------------------------------
nsgaii -> Time: 22520.91 ms | Eval/s: 1065.7
Objective 1 spread: 2.057143
Results stored in: /home/nico/Documents/GitHub/VAMOS/results/archive_family_pilot_core/NSGAII_archive_family_WFG/raw_runs/NSGAII_archive_family_WFG/nsgaii_archive_passive/WFG9/nsgaii/numpy/seed_5
[Study] (167/270) nsgaii | numpy | wfg9 | seed=6
================================================================================
VAMOS Experiment Runner
================================================================================
Problem: WFG9
Description: WFG9 benchmarking problem (requires pymoo).
Decision variables: 24
Objectives: 3
Encoding: real
Algorithm: NSGAII
Backend: numpy
Population size: 80
Offspring population size: 80
Max evaluations: 24000
--------------------------------------------------------------------------------
nsgaii -> Time: 27925.32 ms | Eval/s: 859.4
Objective 1 spread: 1.998071
Results stored in: /home/nico/Documents/GitHub/VAMOS/results/archive_family_pilot_core/NSGAII_archive_family_WFG/raw_runs/NSGAII_archive_family_WFG/nsgaii_archive_passive/WFG9/nsgaii/numpy/seed_6
[Study] (168/270) nsgaii | numpy | wfg9 | seed=7
================================================================================
VAMOS Experiment Runner
================================================================================
Problem: WFG9
Description: WFG9 benchmarking problem (requires pymoo).
Decision variables: 24
Objectives: 3
Encoding: real
Algorithm: NSGAII
Backend: numpy
Population size: 80
Offspring population size: 80
Max evaluations: 24000
--------------------------------------------------------------------------------
nsgaii -> Time: 25955.05 ms | Eval/s: 924.7
Objective 1 spread: 2.024131
Results stored in: /home/nico/Documents/GitHub/VAMOS/results/archive_family_pilot_core/NSGAII_archive_family_WFG/raw_runs/NSGAII_archive_family_WFG/nsgaii_archive_passive/WFG9/nsgaii/numpy/seed_7
[Study] (169/270) nsgaii | numpy | wfg9 | seed=8
================================================================================
VAMOS Experiment Runner
================================================================================
Problem: WFG9
Description: WFG9 benchmarking problem (requires pymoo).
Decision variables: 24
Objectives: 3
Encoding: real
Algorithm: NSGAII
Backend: numpy
Population size: 80
Offspring population size: 80
Max evaluations: 24000
--------------------------------------------------------------------------------
nsgaii -> Time: 29941.07 ms | Eval/s: 801.6
Objective 1 spread: 2.009204
Results stored in: /home/nico/Documents/GitHub/VAMOS/results/archive_family_pilot_core/NSGAII_archive_family_WFG/raw_runs/NSGAII_archive_family_WFG/nsgaii_archive_passive/WFG9/nsgaii/numpy/seed_8
[Study] (170/270) nsgaii | numpy | wfg9 | seed=9
================================================================================
VAMOS Experiment Runner
================================================================================
Problem: WFG9
Description: WFG9 benchmarking problem (requires pymoo).
Decision variables: 24
Objectives: 3
Encoding: real
Algorithm: NSGAII
Backend: numpy
Population size: 80
Offspring population size: 80
Max evaluations: 24000
--------------------------------------------------------------------------------
nsgaii -> Time: 28848.91 ms | Eval/s: 831.9
Objective 1 spread: 2.005061
Results stored in: /home/nico/Documents/GitHub/VAMOS/results/archive_family_pilot_core/NSGAII_archive_family_WFG/raw_runs/NSGAII_archive_family_WFG/nsgaii_archive_passive/WFG9/nsgaii/numpy/seed_9
[Study] (171/270) nsgaii | numpy | wfg9 | seed=0
================================================================================
VAMOS Experiment Runner
================================================================================
Problem: WFG9
Description: WFG9 benchmarking problem (requires pymoo).
Decision variables: 24
Objectives: 3
Encoding: real
Algorithm: NSGAII
Backend: numpy
Population size: 80
Offspring population size: 80
Max evaluations: 24000
--------------------------------------------------------------------------------
nsgaii -> Time: 26349.01 ms | Eval/s: 910.9
Objective 1 spread: 2.110323
Results stored in: /home/nico/Documents/GitHub/VAMOS/results/archive_family_pilot_core/NSGAII_archive_family_WFG/raw_runs/NSGAII_archive_family_WFG/nsgaii_archive_hybrid/WFG9/nsgaii/numpy/seed_0
[Study] (172/270) nsgaii | numpy | wfg9 | seed=1
================================================================================
VAMOS Experiment Runner
================================================================================
Problem: WFG9
Description: WFG9 benchmarking problem (requires pymoo).
Decision variables: 24
Objectives: 3
Encoding: real
Algorithm: NSGAII
Backend: numpy
Population size: 80
Offspring population size: 80
Max evaluations: 24000
--------------------------------------------------------------------------------
nsgaii -> Time: 25470.05 ms | Eval/s: 942.3
Objective 1 spread: 2.045697
Results stored in: /home/nico/Documents/GitHub/VAMOS/results/archive_family_pilot_core/NSGAII_archive_family_WFG/raw_runs/NSGAII_archive_family_WFG/nsgaii_archive_hybrid/WFG9/nsgaii/numpy/seed_1
[Study] (173/270) nsgaii | numpy | wfg9 | seed=2
================================================================================
VAMOS Experiment Runner
================================================================================
Problem: WFG9
Description: WFG9 benchmarking problem (requires pymoo).
Decision variables: 24
Objectives: 3
Encoding: real
Algorithm: NSGAII
Backend: numpy
Population size: 80
Offspring population size: 80
Max evaluations: 24000
--------------------------------------------------------------------------------
nsgaii -> Time: 26860.17 ms | Eval/s: 893.5
Objective 1 spread: 1.963070
Results stored in: /home/nico/Documents/GitHub/VAMOS/results/archive_family_pilot_core/NSGAII_archive_family_WFG/raw_runs/NSGAII_archive_family_WFG/nsgaii_archive_hybrid/WFG9/nsgaii/numpy/seed_2
[Study] (174/270) nsgaii | numpy | wfg9 | seed=3
================================================================================
VAMOS Experiment Runner
================================================================================
Problem: WFG9
Description: WFG9 benchmarking problem (requires pymoo).
Decision variables: 24
Objectives: 3
Encoding: real
Algorithm: NSGAII
Backend: numpy
Population size: 80
Offspring population size: 80
Max evaluations: 24000
--------------------------------------------------------------------------------
nsgaii -> Time: 26629.59 ms | Eval/s: 901.3
Objective 1 spread: 2.131253
Results stored in: /home/nico/Documents/GitHub/VAMOS/results/archive_family_pilot_core/NSGAII_archive_family_WFG/raw_runs/NSGAII_archive_family_WFG/nsgaii_archive_hybrid/WFG9/nsgaii/numpy/seed_3
[Study] (175/270) nsgaii | numpy | wfg9 | seed=4
================================================================================
VAMOS Experiment Runner
================================================================================
Problem: WFG9
Description: WFG9 benchmarking problem (requires pymoo).
Decision variables: 24
Objectives: 3
Encoding: real
Algorithm: NSGAII
Backend: numpy
Population size: 80
Offspring population size: 80
Max evaluations: 24000
--------------------------------------------------------------------------------
nsgaii -> Time: 26899.67 ms | Eval/s: 892.2
Objective 1 spread: 2.158980
Results stored in: /home/nico/Documents/GitHub/VAMOS/results/archive_family_pilot_core/NSGAII_archive_family_WFG/raw_runs/NSGAII_archive_family_WFG/nsgaii_archive_hybrid/WFG9/nsgaii/numpy/seed_4
[Study] (176/270) nsgaii | numpy | wfg9 | seed=5
================================================================================
VAMOS Experiment Runner
================================================================================
Problem: WFG9
Description: WFG9 benchmarking problem (requires pymoo).
Decision variables: 24
Objectives: 3
Encoding: real
Algorithm: NSGAII
Backend: numpy
Population size: 80
Offspring population size: 80
Max evaluations: 24000
--------------------------------------------------------------------------------
nsgaii -> Time: 25759.33 ms | Eval/s: 931.7
Objective 1 spread: 2.128885
Results stored in: /home/nico/Documents/GitHub/VAMOS/results/archive_family_pilot_core/NSGAII_archive_family_WFG/raw_runs/NSGAII_archive_family_WFG/nsgaii_archive_hybrid/WFG9/nsgaii/numpy/seed_5
[Study] (177/270) nsgaii | numpy | wfg9 | seed=6
================================================================================
VAMOS Experiment Runner
================================================================================
Problem: WFG9
Description: WFG9 benchmarking problem (requires pymoo).
Decision variables: 24
Objectives: 3
Encoding: real
Algorithm: NSGAII
Backend: numpy
Population size: 80
Offspring population size: 80
Max evaluations: 24000
--------------------------------------------------------------------------------
nsgaii -> Time: 26056.09 ms | Eval/s: 921.1
Objective 1 spread: 2.115528
Results stored in: /home/nico/Documents/GitHub/VAMOS/results/archive_family_pilot_core/NSGAII_archive_family_WFG/raw_runs/NSGAII_archive_family_WFG/nsgaii_archive_hybrid/WFG9/nsgaii/numpy/seed_6
[Study] (178/270) nsgaii | numpy | wfg9 | seed=7
================================================================================
VAMOS Experiment Runner
================================================================================
Problem: WFG9
Description: WFG9 benchmarking problem (requires pymoo).
Decision variables: 24
Objectives: 3
Encoding: real
Algorithm: NSGAII
Backend: numpy
Population size: 80
Offspring population size: 80
Max evaluations: 24000
--------------------------------------------------------------------------------
nsgaii -> Time: 26001.02 ms | Eval/s: 923.0
Objective 1 spread: 2.239273
Results stored in: /home/nico/Documents/GitHub/VAMOS/results/archive_family_pilot_core/NSGAII_archive_family_WFG/raw_runs/NSGAII_archive_family_WFG/nsgaii_archive_hybrid/WFG9/nsgaii/numpy/seed_7
[Study] (179/270) nsgaii | numpy | wfg9 | seed=8
================================================================================
VAMOS Experiment Runner
================================================================================
Problem: WFG9
Description: WFG9 benchmarking problem (requires pymoo).
Decision variables: 24
Objectives: 3
Encoding: real
Algorithm: NSGAII
Backend: numpy
Population size: 80
Offspring population size: 80
Max evaluations: 24000
--------------------------------------------------------------------------------
nsgaii -> Time: 25681.77 ms | Eval/s: 934.5
Objective 1 spread: 2.100925
Results stored in: /home/nico/Documents/GitHub/VAMOS/results/archive_family_pilot_core/NSGAII_archive_family_WFG/raw_runs/NSGAII_archive_family_WFG/nsgaii_archive_hybrid/WFG9/nsgaii/numpy/seed_8
[Study] (180/270) nsgaii | numpy | wfg9 | seed=9
================================================================================
VAMOS Experiment Runner
================================================================================
Problem: WFG9
Description: WFG9 benchmarking problem (requires pymoo).
Decision variables: 24
Objectives: 3
Encoding: real
Algorithm: NSGAII
Backend: numpy
Population size: 80
Offspring population size: 80
Max evaluations: 24000
--------------------------------------------------------------------------------
nsgaii -> Time: 25451.83 ms | Eval/s: 943.0
Objective 1 spread: 2.150136
Results stored in: /home/nico/Documents/GitHub/VAMOS/results/archive_family_pilot_core/NSGAII_archive_family_WFG/raw_runs/NSGAII_archive_family_WFG/nsgaii_archive_hybrid/WFG9/nsgaii/numpy/seed_9
[Study] (181/270) nsgaii | numpy | wfg1 | seed=0
================================================================================
VAMOS Experiment Runner
================================================================================
Problem: WFG1
Description: WFG1 benchmarking problem (requires pymoo).
Decision variables: 28
Objectives: 5
Encoding: real
Algorithm: NSGAII
Backend: numpy
Population size: 80
Offspring population size: 80
Max evaluations: 30000
--------------------------------------------------------------------------------
nsgaii -> Time: 28316.67 ms | Eval/s: 1059.4
Objective 1 spread: 1.692233
Results stored in: /home/nico/Documents/GitHub/VAMOS/results/archive_family_pilot_core/NSGAII_archive_family_WFG/raw_runs/NSGAII_archive_family_WFG/nsgaii_archive_off/WFG1/nsgaii/numpy/seed_0
[Study] (182/270) nsgaii | numpy | wfg1 | seed=1
================================================================================
VAMOS Experiment Runner
================================================================================
Problem: WFG1
Description: WFG1 benchmarking problem (requires pymoo).
Decision variables: 28
Objectives: 5
Encoding: real
Algorithm: NSGAII
Backend: numpy
Population size: 80
Offspring population size: 80
Max evaluations: 30000
--------------------------------------------------------------------------------
nsgaii -> Time: 28497.41 ms | Eval/s: 1052.7
Objective 1 spread: 1.704184
Results stored in: /home/nico/Documents/GitHub/VAMOS/results/archive_family_pilot_core/NSGAII_archive_family_WFG/raw_runs/NSGAII_archive_family_WFG/nsgaii_archive_off/WFG1/nsgaii/numpy/seed_1
[Study] (183/270) nsgaii | numpy | wfg1 | seed=2
================================================================================
VAMOS Experiment Runner
================================================================================
Problem: WFG1
Description: WFG1 benchmarking problem (requires pymoo).
Decision variables: 28
Objectives: 5
Encoding: real
Algorithm: NSGAII
Backend: numpy
Population size: 80
Offspring population size: 80
Max evaluations: 30000
--------------------------------------------------------------------------------
nsgaii -> Time: 28492.70 ms | Eval/s: 1052.9
Objective 1 spread: 1.650675
Results stored in: /home/nico/Documents/GitHub/VAMOS/results/archive_family_pilot_core/NSGAII_archive_family_WFG/raw_runs/NSGAII_archive_family_WFG/nsgaii_archive_off/WFG1/nsgaii/numpy/seed_2
[Study] (184/270) nsgaii | numpy | wfg1 | seed=3
================================================================================
VAMOS Experiment Runner
================================================================================
Problem: WFG1
Description: WFG1 benchmarking problem (requires pymoo).
Decision variables: 28
Objectives: 5
Encoding: real
Algorithm: NSGAII
Backend: numpy
Population size: 80
Offspring population size: 80
Max evaluations: 30000
--------------------------------------------------------------------------------
nsgaii -> Time: 28479.04 ms | Eval/s: 1053.4
Objective 1 spread: 1.562865
Results stored in: /home/nico/Documents/GitHub/VAMOS/results/archive_family_pilot_core/NSGAII_archive_family_WFG/raw_runs/NSGAII_archive_family_WFG/nsgaii_archive_off/WFG1/nsgaii/numpy/seed_3
[Study] (185/270) nsgaii | numpy | wfg1 | seed=4
================================================================================
VAMOS Experiment Runner
================================================================================
Problem: WFG1
Description: WFG1 benchmarking problem (requires pymoo).
Decision variables: 28
Objectives: 5
Encoding: real
Algorithm: NSGAII
Backend: numpy
Population size: 80
Offspring population size: 80
Max evaluations: 30000
--------------------------------------------------------------------------------
nsgaii -> Time: 28469.47 ms | Eval/s: 1053.8
Objective 1 spread: 1.667273
Results stored in: /home/nico/Documents/GitHub/VAMOS/results/archive_family_pilot_core/NSGAII_archive_family_WFG/raw_runs/NSGAII_archive_family_WFG/nsgaii_archive_off/WFG1/nsgaii/numpy/seed_4
[Study] (186/270) nsgaii | numpy | wfg1 | seed=5
================================================================================
VAMOS Experiment Runner
================================================================================
Problem: WFG1
Description: WFG1 benchmarking problem (requires pymoo).
Decision variables: 28
Objectives: 5
Encoding: real
Algorithm: NSGAII
Backend: numpy
Population size: 80
Offspring population size: 80
Max evaluations: 30000
--------------------------------------------------------------------------------
nsgaii -> Time: 28457.09 ms | Eval/s: 1054.2
Objective 1 spread: 1.606192
Results stored in: /home/nico/Documents/GitHub/VAMOS/results/archive_family_pilot_core/NSGAII_archive_family_WFG/raw_runs/NSGAII_archive_family_WFG/nsgaii_archive_off/WFG1/nsgaii/numpy/seed_5
[Study] (187/270) nsgaii | numpy | wfg1 | seed=6
================================================================================
VAMOS Experiment Runner
================================================================================
Problem: WFG1
Description: WFG1 benchmarking problem (requires pymoo).
Decision variables: 28
Objectives: 5
Encoding: real
Algorithm: NSGAII
Backend: numpy
Population size: 80
Offspring population size: 80
Max evaluations: 30000
--------------------------------------------------------------------------------
nsgaii -> Time: 28327.96 ms | Eval/s: 1059.0
Objective 1 spread: 1.598375
Results stored in: /home/nico/Documents/GitHub/VAMOS/results/archive_family_pilot_core/NSGAII_archive_family_WFG/raw_runs/NSGAII_archive_family_WFG/nsgaii_archive_off/WFG1/nsgaii/numpy/seed_6
[Study] (188/270) nsgaii | numpy | wfg1 | seed=7
================================================================================
VAMOS Experiment Runner
================================================================================
Problem: WFG1
Description: WFG1 benchmarking problem (requires pymoo).
Decision variables: 28
Objectives: 5
Encoding: real
Algorithm: NSGAII
Backend: numpy
Population size: 80
Offspring population size: 80
Max evaluations: 30000
--------------------------------------------------------------------------------
nsgaii -> Time: 28428.12 ms | Eval/s: 1055.3
Objective 1 spread: 1.664123
Results stored in: /home/nico/Documents/GitHub/VAMOS/results/archive_family_pilot_core/NSGAII_archive_family_WFG/raw_runs/NSGAII_archive_family_WFG/nsgaii_archive_off/WFG1/nsgaii/numpy/seed_7
[Study] (189/270) nsgaii | numpy | wfg1 | seed=8
================================================================================
VAMOS Experiment Runner
================================================================================
Problem: WFG1
Description: WFG1 benchmarking problem (requires pymoo).
Decision variables: 28
Objectives: 5
Encoding: real
Algorithm: NSGAII
Backend: numpy
Population size: 80
Offspring population size: 80
Max evaluations: 30000
--------------------------------------------------------------------------------
nsgaii -> Time: 28449.89 ms | Eval/s: 1054.5
Objective 1 spread: 1.597146
Results stored in: /home/nico/Documents/GitHub/VAMOS/results/archive_family_pilot_core/NSGAII_archive_family_WFG/raw_runs/NSGAII_archive_family_WFG/nsgaii_archive_off/WFG1/nsgaii/numpy/seed_8
[Study] (190/270) nsgaii | numpy | wfg1 | seed=9
================================================================================
VAMOS Experiment Runner
================================================================================
Problem: WFG1
Description: WFG1 benchmarking problem (requires pymoo).
Decision variables: 28
Objectives: 5
Encoding: real
Algorithm: NSGAII
Backend: numpy
Population size: 80
Offspring population size: 80
Max evaluations: 30000
--------------------------------------------------------------------------------
nsgaii -> Time: 28318.83 ms | Eval/s: 1059.4
Objective 1 spread: 1.583256
Results stored in: /home/nico/Documents/GitHub/VAMOS/results/archive_family_pilot_core/NSGAII_archive_family_WFG/raw_runs/NSGAII_archive_family_WFG/nsgaii_archive_off/WFG1/nsgaii/numpy/seed_9
[Study] (191/270) nsgaii | numpy | wfg1 | seed=0
================================================================================
VAMOS Experiment Runner
================================================================================
Problem: WFG1
Description: WFG1 benchmarking problem (requires pymoo).
Decision variables: 28
Objectives: 5
Encoding: real
Algorithm: NSGAII
Backend: numpy
Population size: 80
Offspring population size: 80
Max evaluations: 30000
--------------------------------------------------------------------------------
nsgaii -> Time: 81265.46 ms | Eval/s: 369.2
Objective 1 spread: 1.692233
Results stored in: /home/nico/Documents/GitHub/VAMOS/results/archive_family_pilot_core/NSGAII_archive_family_WFG/raw_runs/NSGAII_archive_family_WFG/nsgaii_archive_passive/WFG1/nsgaii/numpy/seed_0
[Study] (192/270) nsgaii | numpy | wfg1 | seed=1
================================================================================
VAMOS Experiment Runner
================================================================================
Problem: WFG1
Description: WFG1 benchmarking problem (requires pymoo).
Decision variables: 28
Objectives: 5
Encoding: real
Algorithm: NSGAII
Backend: numpy
Population size: 80
Offspring population size: 80
Max evaluations: 30000
--------------------------------------------------------------------------------
nsgaii -> Time: 80180.75 ms | Eval/s: 374.2
Objective 1 spread: 1.704184
Results stored in: /home/nico/Documents/GitHub/VAMOS/results/archive_family_pilot_core/NSGAII_archive_family_WFG/raw_runs/NSGAII_archive_family_WFG/nsgaii_archive_passive/WFG1/nsgaii/numpy/seed_1
[Study] (193/270) nsgaii | numpy | wfg1 | seed=2
================================================================================
VAMOS Experiment Runner
================================================================================
Problem: WFG1
Description: WFG1 benchmarking problem (requires pymoo).
Decision variables: 28
Objectives: 5
Encoding: real
Algorithm: NSGAII
Backend: numpy
Population size: 80
Offspring population size: 80
Max evaluations: 30000
--------------------------------------------------------------------------------
nsgaii -> Time: 97922.06 ms | Eval/s: 306.4
Objective 1 spread: 1.650675
Results stored in: /home/nico/Documents/GitHub/VAMOS/results/archive_family_pilot_core/NSGAII_archive_family_WFG/raw_runs/NSGAII_archive_family_WFG/nsgaii_archive_passive/WFG1/nsgaii/numpy/seed_2
[Study] (194/270) nsgaii | numpy | wfg1 | seed=3
================================================================================
VAMOS Experiment Runner
================================================================================
Problem: WFG1
Description: WFG1 benchmarking problem (requires pymoo).
Decision variables: 28
Objectives: 5
Encoding: real
Algorithm: NSGAII
Backend: numpy
Population size: 80
Offspring population size: 80
Max evaluations: 30000
--------------------------------------------------------------------------------
nsgaii -> Time: 66888.35 ms | Eval/s: 448.5
Objective 1 spread: 1.562865
Results stored in: /home/nico/Documents/GitHub/VAMOS/results/archive_family_pilot_core/NSGAII_archive_family_WFG/raw_runs/NSGAII_archive_family_WFG/nsgaii_archive_passive/WFG1/nsgaii/numpy/seed_3
[Study] (195/270) nsgaii | numpy | wfg1 | seed=4
================================================================================
VAMOS Experiment Runner
================================================================================
Problem: WFG1
Description: WFG1 benchmarking problem (requires pymoo).
Decision variables: 28
Objectives: 5
Encoding: real
Algorithm: NSGAII
Backend: numpy
Population size: 80
Offspring population size: 80
Max evaluations: 30000
--------------------------------------------------------------------------------
nsgaii -> Time: 73724.22 ms | Eval/s: 406.9
Objective 1 spread: 1.667273
Results stored in: /home/nico/Documents/GitHub/VAMOS/results/archive_family_pilot_core/NSGAII_archive_family_WFG/raw_runs/NSGAII_archive_family_WFG/nsgaii_archive_passive/WFG1/nsgaii/numpy/seed_4
[Study] (196/270) nsgaii | numpy | wfg1 | seed=5
================================================================================
VAMOS Experiment Runner
================================================================================
Problem: WFG1
Description: WFG1 benchmarking problem (requires pymoo).
Decision variables: 28
Objectives: 5
Encoding: real
Algorithm: NSGAII
Backend: numpy
Population size: 80
Offspring population size: 80
Max evaluations: 30000
--------------------------------------------------------------------------------
nsgaii -> Time: 110518.91 ms | Eval/s: 271.4
Objective 1 spread: 1.606192
Results stored in: /home/nico/Documents/GitHub/VAMOS/results/archive_family_pilot_core/NSGAII_archive_family_WFG/raw_runs/NSGAII_archive_family_WFG/nsgaii_archive_passive/WFG1/nsgaii/numpy/seed_5
[Study] (197/270) nsgaii | numpy | wfg1 | seed=6
================================================================================
VAMOS Experiment Runner
================================================================================
Problem: WFG1
Description: WFG1 benchmarking problem (requires pymoo).
Decision variables: 28
Objectives: 5
Encoding: real
Algorithm: NSGAII
Backend: numpy
Population size: 80
Offspring population size: 80
Max evaluations: 30000
--------------------------------------------------------------------------------
nsgaii -> Time: 94878.08 ms | Eval/s: 316.2
Objective 1 spread: 1.598375
Results stored in: /home/nico/Documents/GitHub/VAMOS/results/archive_family_pilot_core/NSGAII_archive_family_WFG/raw_runs/NSGAII_archive_family_WFG/nsgaii_archive_passive/WFG1/nsgaii/numpy/seed_6
[Study] (198/270) nsgaii | numpy | wfg1 | seed=7
================================================================================
VAMOS Experiment Runner
================================================================================
Problem: WFG1
Description: WFG1 benchmarking problem (requires pymoo).
Decision variables: 28
Objectives: 5
Encoding: real
Algorithm: NSGAII
Backend: numpy
Population size: 80
Offspring population size: 80
Max evaluations: 30000
--------------------------------------------------------------------------------
nsgaii -> Time: 92765.41 ms | Eval/s: 323.4
Objective 1 spread: 1.664123
Results stored in: /home/nico/Documents/GitHub/VAMOS/results/archive_family_pilot_core/NSGAII_archive_family_WFG/raw_runs/NSGAII_archive_family_WFG/nsgaii_archive_passive/WFG1/nsgaii/numpy/seed_7
[Study] (199/270) nsgaii | numpy | wfg1 | seed=8
================================================================================
VAMOS Experiment Runner
================================================================================
Problem: WFG1
Description: WFG1 benchmarking problem (requires pymoo).
Decision variables: 28
Objectives: 5
Encoding: real
Algorithm: NSGAII
Backend: numpy
Population size: 80
Offspring population size: 80
Max evaluations: 30000
--------------------------------------------------------------------------------
nsgaii -> Time: 84892.32 ms | Eval/s: 353.4
Objective 1 spread: 1.597146
Results stored in: /home/nico/Documents/GitHub/VAMOS/results/archive_family_pilot_core/NSGAII_archive_family_WFG/raw_runs/NSGAII_archive_family_WFG/nsgaii_archive_passive/WFG1/nsgaii/numpy/seed_8
[Study] (200/270) nsgaii | numpy | wfg1 | seed=9
================================================================================
VAMOS Experiment Runner
================================================================================
Problem: WFG1
Description: WFG1 benchmarking problem (requires pymoo).
Decision variables: 28
Objectives: 5
Encoding: real
Algorithm: NSGAII
Backend: numpy
Population size: 80
Offspring population size: 80
Max evaluations: 30000
--------------------------------------------------------------------------------
nsgaii -> Time: 84390.05 ms | Eval/s: 355.5
Objective 1 spread: 1.583256
Results stored in: /home/nico/Documents/GitHub/VAMOS/results/archive_family_pilot_core/NSGAII_archive_family_WFG/raw_runs/NSGAII_archive_family_WFG/nsgaii_archive_passive/WFG1/nsgaii/numpy/seed_9
[Study] (201/270) nsgaii | numpy | wfg1 | seed=0
================================================================================
VAMOS Experiment Runner
================================================================================
Problem: WFG1
Description: WFG1 benchmarking problem (requires pymoo).
Decision variables: 28
Objectives: 5
Encoding: real
Algorithm: NSGAII
Backend: numpy
Population size: 80
Offspring population size: 80
Max evaluations: 30000
--------------------------------------------------------------------------------
nsgaii -> Time: 144175.97 ms | Eval/s: 208.1
Objective 1 spread: 1.758250
Results stored in: /home/nico/Documents/GitHub/VAMOS/results/archive_family_pilot_core/NSGAII_archive_family_WFG/raw_runs/NSGAII_archive_family_WFG/nsgaii_archive_hybrid/WFG1/nsgaii/numpy/seed_0
[Study] (202/270) nsgaii | numpy | wfg1 | seed=1
================================================================================
VAMOS Experiment Runner
================================================================================
Problem: WFG1
Description: WFG1 benchmarking problem (requires pymoo).
Decision variables: 28
Objectives: 5
Encoding: real
Algorithm: NSGAII
Backend: numpy
Population size: 80
Offspring population size: 80
Max evaluations: 30000
--------------------------------------------------------------------------------
nsgaii -> Time: 110201.56 ms | Eval/s: 272.2
Objective 1 spread: 1.654563
Results stored in: /home/nico/Documents/GitHub/VAMOS/results/archive_family_pilot_core/NSGAII_archive_family_WFG/raw_runs/NSGAII_archive_family_WFG/nsgaii_archive_hybrid/WFG1/nsgaii/numpy/seed_1
[Study] (203/270) nsgaii | numpy | wfg1 | seed=2
================================================================================
VAMOS Experiment Runner
================================================================================
Problem: WFG1
Description: WFG1 benchmarking problem (requires pymoo).
Decision variables: 28
Objectives: 5
Encoding: real
Algorithm: NSGAII
Backend: numpy
Population size: 80
Offspring population size: 80
Max evaluations: 30000
--------------------------------------------------------------------------------
nsgaii -> Time: 114167.44 ms | Eval/s: 262.8
Objective 1 spread: 1.723202
Results stored in: /home/nico/Documents/GitHub/VAMOS/results/archive_family_pilot_core/NSGAII_archive_family_WFG/raw_runs/NSGAII_archive_family_WFG/nsgaii_archive_hybrid/WFG1/nsgaii/numpy/seed_2
[Study] (204/270) nsgaii | numpy | wfg1 | seed=3
================================================================================
VAMOS Experiment Runner
================================================================================
Problem: WFG1
Description: WFG1 benchmarking problem (requires pymoo).
Decision variables: 28
Objectives: 5
Encoding: real
Algorithm: NSGAII
Backend: numpy
Population size: 80
Offspring population size: 80
Max evaluations: 30000
--------------------------------------------------------------------------------
nsgaii -> Time: 136028.63 ms | Eval/s: 220.5
Objective 1 spread: 1.575334
Results stored in: /home/nico/Documents/GitHub/VAMOS/results/archive_family_pilot_core/NSGAII_archive_family_WFG/raw_runs/NSGAII_archive_family_WFG/nsgaii_archive_hybrid/WFG1/nsgaii/numpy/seed_3
[Study] (205/270) nsgaii | numpy | wfg1 | seed=4
================================================================================
VAMOS Experiment Runner
================================================================================
Problem: WFG1
Description: WFG1 benchmarking problem (requires pymoo).
Decision variables: 28
Objectives: 5
Encoding: real
Algorithm: NSGAII
Backend: numpy
Population size: 80
Offspring population size: 80
Max evaluations: 30000
--------------------------------------------------------------------------------
nsgaii -> Time: 124673.63 ms | Eval/s: 240.6
Objective 1 spread: 1.632921
Results stored in: /home/nico/Documents/GitHub/VAMOS/results/archive_family_pilot_core/NSGAII_archive_family_WFG/raw_runs/NSGAII_archive_family_WFG/nsgaii_archive_hybrid/WFG1/nsgaii/numpy/seed_4
[Study] (206/270) nsgaii | numpy | wfg1 | seed=5
================================================================================
VAMOS Experiment Runner
================================================================================
Problem: WFG1
Description: WFG1 benchmarking problem (requires pymoo).
Decision variables: 28
Objectives: 5
Encoding: real
Algorithm: NSGAII
Backend: numpy
Population size: 80
Offspring population size: 80
Max evaluations: 30000
--------------------------------------------------------------------------------
nsgaii -> Time: 133309.53 ms | Eval/s: 225.0
Objective 1 spread: 1.770759
Results stored in: /home/nico/Documents/GitHub/VAMOS/results/archive_family_pilot_core/NSGAII_archive_family_WFG/raw_runs/NSGAII_archive_family_WFG/nsgaii_archive_hybrid/WFG1/nsgaii/numpy/seed_5
[Study] (207/270) nsgaii | numpy | wfg1 | seed=6
================================================================================
VAMOS Experiment Runner
================================================================================
Problem: WFG1
Description: WFG1 benchmarking problem (requires pymoo).
Decision variables: 28
Objectives: 5
Encoding: real
Algorithm: NSGAII
Backend: numpy
Population size: 80
Offspring population size: 80
Max evaluations: 30000
--------------------------------------------------------------------------------
nsgaii -> Time: 129977.86 ms | Eval/s: 230.8
Objective 1 spread: 1.842515
Results stored in: /home/nico/Documents/GitHub/VAMOS/results/archive_family_pilot_core/NSGAII_archive_family_WFG/raw_runs/NSGAII_archive_family_WFG/nsgaii_archive_hybrid/WFG1/nsgaii/numpy/seed_6
[Study] (208/270) nsgaii | numpy | wfg1 | seed=7
================================================================================
VAMOS Experiment Runner
================================================================================
Problem: WFG1
Description: WFG1 benchmarking problem (requires pymoo).
Decision variables: 28
Objectives: 5
Encoding: real
Algorithm: NSGAII
Backend: numpy
Population size: 80
Offspring population size: 80
Max evaluations: 30000
--------------------------------------------------------------------------------
nsgaii -> Time: 137640.89 ms | Eval/s: 218.0
Objective 1 spread: 1.754885
Results stored in: /home/nico/Documents/GitHub/VAMOS/results/archive_family_pilot_core/NSGAII_archive_family_WFG/raw_runs/NSGAII_archive_family_WFG/nsgaii_archive_hybrid/WFG1/nsgaii/numpy/seed_7
[Study] (209/270) nsgaii | numpy | wfg1 | seed=8
================================================================================
VAMOS Experiment Runner
================================================================================
Problem: WFG1
Description: WFG1 benchmarking problem (requires pymoo).
Decision variables: 28
Objectives: 5
Encoding: real
Algorithm: NSGAII
Backend: numpy
Population size: 80
Offspring population size: 80
Max evaluations: 30000
--------------------------------------------------------------------------------
nsgaii -> Time: 128890.60 ms | Eval/s: 232.8
Objective 1 spread: 1.680589
Results stored in: /home/nico/Documents/GitHub/VAMOS/results/archive_family_pilot_core/NSGAII_archive_family_WFG/raw_runs/NSGAII_archive_family_WFG/nsgaii_archive_hybrid/WFG1/nsgaii/numpy/seed_8
[Study] (210/270) nsgaii | numpy | wfg1 | seed=9
================================================================================
VAMOS Experiment Runner
================================================================================
Problem: WFG1
Description: WFG1 benchmarking problem (requires pymoo).
Decision variables: 28
Objectives: 5
Encoding: real
Algorithm: NSGAII
Backend: numpy
Population size: 80
Offspring population size: 80
Max evaluations: 30000
--------------------------------------------------------------------------------
nsgaii -> Time: 150476.69 ms | Eval/s: 199.4
Objective 1 spread: 1.729534
Results stored in: /home/nico/Documents/GitHub/VAMOS/results/archive_family_pilot_core/NSGAII_archive_family_WFG/raw_runs/NSGAII_archive_family_WFG/nsgaii_archive_hybrid/WFG1/nsgaii/numpy/seed_9
[Study] (211/270) nsgaii | numpy | wfg4 | seed=0
================================================================================
VAMOS Experiment Runner
================================================================================
Problem: WFG4
Description: WFG4 benchmarking problem (requires pymoo).
Decision variables: 28
Objectives: 5
Encoding: real
Algorithm: NSGAII
Backend: numpy
Population size: 80
Offspring population size: 80
Max evaluations: 30000
--------------------------------------------------------------------------------
nsgaii -> Time: 43158.07 ms | Eval/s: 695.1
Objective 1 spread: 2.132562
Results stored in: /home/nico/Documents/GitHub/VAMOS/results/archive_family_pilot_core/NSGAII_archive_family_WFG/raw_runs/NSGAII_archive_family_WFG/nsgaii_archive_off/WFG4/nsgaii/numpy/seed_0
[Study] (212/270) nsgaii | numpy | wfg4 | seed=1
================================================================================
VAMOS Experiment Runner
================================================================================
Problem: WFG4
Description: WFG4 benchmarking problem (requires pymoo).
Decision variables: 28
Objectives: 5
Encoding: real
Algorithm: NSGAII
Backend: numpy
Population size: 80
Offspring population size: 80
Max evaluations: 30000
--------------------------------------------------------------------------------
nsgaii -> Time: 43178.15 ms | Eval/s: 694.8
Objective 1 spread: 2.155362
Results stored in: /home/nico/Documents/GitHub/VAMOS/results/archive_family_pilot_core/NSGAII_archive_family_WFG/raw_runs/NSGAII_archive_family_WFG/nsgaii_archive_off/WFG4/nsgaii/numpy/seed_1
[Study] (213/270) nsgaii | numpy | wfg4 | seed=2
================================================================================
VAMOS Experiment Runner
================================================================================
Problem: WFG4
Description: WFG4 benchmarking problem (requires pymoo).
Decision variables: 28
Objectives: 5
Encoding: real
Algorithm: NSGAII
Backend: numpy
Population size: 80
Offspring population size: 80
Max evaluations: 30000
--------------------------------------------------------------------------------
nsgaii -> Time: 43231.13 ms | Eval/s: 693.9
Objective 1 spread: 2.186851
Results stored in: /home/nico/Documents/GitHub/VAMOS/results/archive_family_pilot_core/NSGAII_archive_family_WFG/raw_runs/NSGAII_archive_family_WFG/nsgaii_archive_off/WFG4/nsgaii/numpy/seed_2
[Study] (214/270) nsgaii | numpy | wfg4 | seed=3
================================================================================
VAMOS Experiment Runner
================================================================================
Problem: WFG4
Description: WFG4 benchmarking problem (requires pymoo).
Decision variables: 28
Objectives: 5
Encoding: real
Algorithm: NSGAII
Backend: numpy
Population size: 80
Offspring population size: 80
Max evaluations: 30000
--------------------------------------------------------------------------------
nsgaii -> Time: 43252.67 ms | Eval/s: 693.6
Objective 1 spread: 2.098301
Results stored in: /home/nico/Documents/GitHub/VAMOS/results/archive_family_pilot_core/NSGAII_archive_family_WFG/raw_runs/NSGAII_archive_family_WFG/nsgaii_archive_off/WFG4/nsgaii/numpy/seed_3
[Study] (215/270) nsgaii | numpy | wfg4 | seed=4
================================================================================
VAMOS Experiment Runner
================================================================================
Problem: WFG4
Description: WFG4 benchmarking problem (requires pymoo).
Decision variables: 28
Objectives: 5
Encoding: real
Algorithm: NSGAII
Backend: numpy
Population size: 80
Offspring population size: 80
Max evaluations: 30000
--------------------------------------------------------------------------------
nsgaii -> Time: 43302.85 ms | Eval/s: 692.8
Objective 1 spread: 2.122070
Results stored in: /home/nico/Documents/GitHub/VAMOS/results/archive_family_pilot_core/NSGAII_archive_family_WFG/raw_runs/NSGAII_archive_family_WFG/nsgaii_archive_off/WFG4/nsgaii/numpy/seed_4
[Study] (216/270) nsgaii | numpy | wfg4 | seed=5
================================================================================
VAMOS Experiment Runner
================================================================================
Problem: WFG4
Description: WFG4 benchmarking problem (requires pymoo).
Decision variables: 28
Objectives: 5
Encoding: real
Algorithm: NSGAII
Backend: numpy
Population size: 80
Offspring population size: 80
Max evaluations: 30000
--------------------------------------------------------------------------------
nsgaii -> Time: 43302.12 ms | Eval/s: 692.8
Objective 1 spread: 2.159568
Results stored in: /home/nico/Documents/GitHub/VAMOS/results/archive_family_pilot_core/NSGAII_archive_family_WFG/raw_runs/NSGAII_archive_family_WFG/nsgaii_archive_off/WFG4/nsgaii/numpy/seed_5
[Study] (217/270) nsgaii | numpy | wfg4 | seed=6
================================================================================
VAMOS Experiment Runner
================================================================================
Problem: WFG4
Description: WFG4 benchmarking problem (requires pymoo).
Decision variables: 28
Objectives: 5
Encoding: real
Algorithm: NSGAII
Backend: numpy
Population size: 80
Offspring population size: 80
Max evaluations: 30000
--------------------------------------------------------------------------------
nsgaii -> Time: 43214.47 ms | Eval/s: 694.2
Objective 1 spread: 2.039956
Results stored in: /home/nico/Documents/GitHub/VAMOS/results/archive_family_pilot_core/NSGAII_archive_family_WFG/raw_runs/NSGAII_archive_family_WFG/nsgaii_archive_off/WFG4/nsgaii/numpy/seed_6
[Study] (218/270) nsgaii | numpy | wfg4 | seed=7
================================================================================
VAMOS Experiment Runner
================================================================================
Problem: WFG4
Description: WFG4 benchmarking problem (requires pymoo).
Decision variables: 28
Objectives: 5
Encoding: real
Algorithm: NSGAII
Backend: numpy
Population size: 80
Offspring population size: 80
Max evaluations: 30000
--------------------------------------------------------------------------------
nsgaii -> Time: 43468.53 ms | Eval/s: 690.2
Objective 1 spread: 2.113702
Results stored in: /home/nico/Documents/GitHub/VAMOS/results/archive_family_pilot_core/NSGAII_archive_family_WFG/raw_runs/NSGAII_archive_family_WFG/nsgaii_archive_off/WFG4/nsgaii/numpy/seed_7
[Study] (219/270) nsgaii | numpy | wfg4 | seed=8
================================================================================
VAMOS Experiment Runner
================================================================================
Problem: WFG4
Description: WFG4 benchmarking problem (requires pymoo).
Decision variables: 28
Objectives: 5
Encoding: real
Algorithm: NSGAII
Backend: numpy
Population size: 80
Offspring population size: 80
Max evaluations: 30000
--------------------------------------------------------------------------------
nsgaii -> Time: 43429.65 ms | Eval/s: 690.8
Objective 1 spread: 2.150540
Results stored in: /home/nico/Documents/GitHub/VAMOS/results/archive_family_pilot_core/NSGAII_archive_family_WFG/raw_runs/NSGAII_archive_family_WFG/nsgaii_archive_off/WFG4/nsgaii/numpy/seed_8
[Study] (220/270) nsgaii | numpy | wfg4 | seed=9
================================================================================
VAMOS Experiment Runner
================================================================================
Problem: WFG4
Description: WFG4 benchmarking problem (requires pymoo).
Decision variables: 28
Objectives: 5
Encoding: real
Algorithm: NSGAII
Backend: numpy
Population size: 80
Offspring population size: 80
Max evaluations: 30000
--------------------------------------------------------------------------------
nsgaii -> Time: 42069.09 ms | Eval/s: 713.1
Objective 1 spread: 2.165754
Results stored in: /home/nico/Documents/GitHub/VAMOS/results/archive_family_pilot_core/NSGAII_archive_family_WFG/raw_runs/NSGAII_archive_family_WFG/nsgaii_archive_off/WFG4/nsgaii/numpy/seed_9
[Study] (221/270) nsgaii | numpy | wfg4 | seed=0
================================================================================
VAMOS Experiment Runner
================================================================================
Problem: WFG4
Description: WFG4 benchmarking problem (requires pymoo).
Decision variables: 28
Objectives: 5
Encoding: real
Algorithm: NSGAII
Backend: numpy
Population size: 80
Offspring population size: 80
Max evaluations: 30000
--------------------------------------------------------------------------------
nsgaii -> Time: 103583.70 ms | Eval/s: 289.6
Objective 1 spread: 2.132562
Results stored in: /home/nico/Documents/GitHub/VAMOS/results/archive_family_pilot_core/NSGAII_archive_family_WFG/raw_runs/NSGAII_archive_family_WFG/nsgaii_archive_passive/WFG4/nsgaii/numpy/seed_0
[Study] (222/270) nsgaii | numpy | wfg4 | seed=1
================================================================================
VAMOS Experiment Runner
================================================================================
Problem: WFG4
Description: WFG4 benchmarking problem (requires pymoo).
Decision variables: 28
Objectives: 5
Encoding: real
Algorithm: NSGAII
Backend: numpy
Population size: 80
Offspring population size: 80
Max evaluations: 30000
--------------------------------------------------------------------------------
nsgaii -> Time: 119185.03 ms | Eval/s: 251.7
Objective 1 spread: 2.155362
Results stored in: /home/nico/Documents/GitHub/VAMOS/results/archive_family_pilot_core/NSGAII_archive_family_WFG/raw_runs/NSGAII_archive_family_WFG/nsgaii_archive_passive/WFG4/nsgaii/numpy/seed_1
[Study] (223/270) nsgaii | numpy | wfg4 | seed=2
================================================================================
VAMOS Experiment Runner
================================================================================
Problem: WFG4
Description: WFG4 benchmarking problem (requires pymoo).
Decision variables: 28
Objectives: 5
Encoding: real
Algorithm: NSGAII
Backend: numpy
Population size: 80
Offspring population size: 80
Max evaluations: 30000
--------------------------------------------------------------------------------
nsgaii -> Time: 105832.52 ms | Eval/s: 283.5
Objective 1 spread: 2.186851
Results stored in: /home/nico/Documents/GitHub/VAMOS/results/archive_family_pilot_core/NSGAII_archive_family_WFG/raw_runs/NSGAII_archive_family_WFG/nsgaii_archive_passive/WFG4/nsgaii/numpy/seed_2
[Study] (224/270) nsgaii | numpy | wfg4 | seed=3
================================================================================
VAMOS Experiment Runner
================================================================================
Problem: WFG4
Description: WFG4 benchmarking problem (requires pymoo).
Decision variables: 28
Objectives: 5
Encoding: real
Algorithm: NSGAII
Backend: numpy
Population size: 80
Offspring population size: 80
Max evaluations: 30000
--------------------------------------------------------------------------------
nsgaii -> Time: 118697.36 ms | Eval/s: 252.7
Objective 1 spread: 2.098301
Results stored in: /home/nico/Documents/GitHub/VAMOS/results/archive_family_pilot_core/NSGAII_archive_family_WFG/raw_runs/NSGAII_archive_family_WFG/nsgaii_archive_passive/WFG4/nsgaii/numpy/seed_3
[Study] (225/270) nsgaii | numpy | wfg4 | seed=4
================================================================================
VAMOS Experiment Runner
================================================================================
Problem: WFG4
Description: WFG4 benchmarking problem (requires pymoo).
Decision variables: 28
Objectives: 5
Encoding: real
Algorithm: NSGAII
Backend: numpy
Population size: 80
Offspring population size: 80
Max evaluations: 30000
--------------------------------------------------------------------------------
nsgaii -> Time: 107283.53 ms | Eval/s: 279.6
Objective 1 spread: 2.122070
Results stored in: /home/nico/Documents/GitHub/VAMOS/results/archive_family_pilot_core/NSGAII_archive_family_WFG/raw_runs/NSGAII_archive_family_WFG/nsgaii_archive_passive/WFG4/nsgaii/numpy/seed_4
[Study] (226/270) nsgaii | numpy | wfg4 | seed=5
================================================================================
VAMOS Experiment Runner
================================================================================
Problem: WFG4
Description: WFG4 benchmarking problem (requires pymoo).
Decision variables: 28
Objectives: 5
Encoding: real
Algorithm: NSGAII
Backend: numpy
Population size: 80
Offspring population size: 80
Max evaluations: 30000
--------------------------------------------------------------------------------
nsgaii -> Time: 131342.87 ms | Eval/s: 228.4
Objective 1 spread: 2.159568
Results stored in: /home/nico/Documents/GitHub/VAMOS/results/archive_family_pilot_core/NSGAII_archive_family_WFG/raw_runs/NSGAII_archive_family_WFG/nsgaii_archive_passive/WFG4/nsgaii/numpy/seed_5
[Study] (227/270) nsgaii | numpy | wfg4 | seed=6
================================================================================
VAMOS Experiment Runner
================================================================================
Problem: WFG4
Description: WFG4 benchmarking problem (requires pymoo).
Decision variables: 28
Objectives: 5
Encoding: real
Algorithm: NSGAII
Backend: numpy
Population size: 80
Offspring population size: 80
Max evaluations: 30000
--------------------------------------------------------------------------------
nsgaii -> Time: 123770.68 ms | Eval/s: 242.4
Objective 1 spread: 2.039956
Results stored in: /home/nico/Documents/GitHub/VAMOS/results/archive_family_pilot_core/NSGAII_archive_family_WFG/raw_runs/NSGAII_archive_family_WFG/nsgaii_archive_passive/WFG4/nsgaii/numpy/seed_6
[Study] (228/270) nsgaii | numpy | wfg4 | seed=7
================================================================================
VAMOS Experiment Runner
================================================================================
Problem: WFG4
Description: WFG4 benchmarking problem (requires pymoo).
Decision variables: 28
Objectives: 5
Encoding: real
Algorithm: NSGAII
Backend: numpy
Population size: 80
Offspring population size: 80
Max evaluations: 30000
--------------------------------------------------------------------------------
nsgaii -> Time: 112363.29 ms | Eval/s: 267.0
Objective 1 spread: 2.113702
Results stored in: /home/nico/Documents/GitHub/VAMOS/results/archive_family_pilot_core/NSGAII_archive_family_WFG/raw_runs/NSGAII_archive_family_WFG/nsgaii_archive_passive/WFG4/nsgaii/numpy/seed_7
[Study] (229/270) nsgaii | numpy | wfg4 | seed=8
================================================================================
VAMOS Experiment Runner
================================================================================
Problem: WFG4
Description: WFG4 benchmarking problem (requires pymoo).
Decision variables: 28
Objectives: 5
Encoding: real
Algorithm: NSGAII
Backend: numpy
Population size: 80
Offspring population size: 80
Max evaluations: 30000
--------------------------------------------------------------------------------
nsgaii -> Time: 136689.48 ms | Eval/s: 219.5
Objective 1 spread: 2.150540
Results stored in: /home/nico/Documents/GitHub/VAMOS/results/archive_family_pilot_core/NSGAII_archive_family_WFG/raw_runs/NSGAII_archive_family_WFG/nsgaii_archive_passive/WFG4/nsgaii/numpy/seed_8
[Study] (230/270) nsgaii | numpy | wfg4 | seed=9
================================================================================
VAMOS Experiment Runner
================================================================================
Problem: WFG4
Description: WFG4 benchmarking problem (requires pymoo).
Decision variables: 28
Objectives: 5
Encoding: real
Algorithm: NSGAII
Backend: numpy
Population size: 80
Offspring population size: 80
Max evaluations: 30000
--------------------------------------------------------------------------------
nsgaii -> Time: 128119.76 ms | Eval/s: 234.2
Objective 1 spread: 2.165754
Results stored in: /home/nico/Documents/GitHub/VAMOS/results/archive_family_pilot_core/NSGAII_archive_family_WFG/raw_runs/NSGAII_archive_family_WFG/nsgaii_archive_passive/WFG4/nsgaii/numpy/seed_9
[Study] (231/270) nsgaii | numpy | wfg4 | seed=0
================================================================================
VAMOS Experiment Runner
================================================================================
Problem: WFG4
Description: WFG4 benchmarking problem (requires pymoo).
Decision variables: 28
Objectives: 5
Encoding: real
Algorithm: NSGAII
Backend: numpy
Population size: 80
Offspring population size: 80
Max evaluations: 30000
--------------------------------------------------------------------------------
nsgaii -> Time: 84590.09 ms | Eval/s: 354.7
Objective 1 spread: 2.507030
Results stored in: /home/nico/Documents/GitHub/VAMOS/results/archive_family_pilot_core/NSGAII_archive_family_WFG/raw_runs/NSGAII_archive_family_WFG/nsgaii_archive_hybrid/WFG4/nsgaii/numpy/seed_0
[Study] (232/270) nsgaii | numpy | wfg4 | seed=1
================================================================================
VAMOS Experiment Runner
================================================================================
Problem: WFG4
Description: WFG4 benchmarking problem (requires pymoo).
Decision variables: 28
Objectives: 5
Encoding: real
Algorithm: NSGAII
Backend: numpy
Population size: 80
Offspring population size: 80
Max evaluations: 30000
--------------------------------------------------------------------------------
nsgaii -> Time: 180015.20 ms | Eval/s: 166.7
Objective 1 spread: 2.016637
Results stored in: /home/nico/Documents/GitHub/VAMOS/results/archive_family_pilot_core/NSGAII_archive_family_WFG/raw_runs/NSGAII_archive_family_WFG/nsgaii_archive_hybrid/WFG4/nsgaii/numpy/seed_1
[Study] (233/270) nsgaii | numpy | wfg4 | seed=2
================================================================================
VAMOS Experiment Runner
================================================================================
Problem: WFG4
Description: WFG4 benchmarking problem (requires pymoo).
Decision variables: 28
Objectives: 5
Encoding: real
Algorithm: NSGAII
Backend: numpy
Population size: 80
Offspring population size: 80
Max evaluations: 30000
--------------------------------------------------------------------------------
nsgaii -> Time: 138667.79 ms | Eval/s: 216.3
Objective 1 spread: 2.151043
Results stored in: /home/nico/Documents/GitHub/VAMOS/results/archive_family_pilot_core/NSGAII_archive_family_WFG/raw_runs/NSGAII_archive_family_WFG/nsgaii_archive_hybrid/WFG4/nsgaii/numpy/seed_2
[Study] (234/270) nsgaii | numpy | wfg4 | seed=3
================================================================================
VAMOS Experiment Runner
================================================================================
Problem: WFG4
Description: WFG4 benchmarking problem (requires pymoo).
Decision variables: 28
Objectives: 5
Encoding: real
Algorithm: NSGAII
Backend: numpy
Population size: 80
Offspring population size: 80
Max evaluations: 30000
--------------------------------------------------------------------------------
nsgaii -> Time: 87607.44 ms | Eval/s: 342.4
Objective 1 spread: 2.260727
Results stored in: /home/nico/Documents/GitHub/VAMOS/results/archive_family_pilot_core/NSGAII_archive_family_WFG/raw_runs/NSGAII_archive_family_WFG/nsgaii_archive_hybrid/WFG4/nsgaii/numpy/seed_3
[Study] (235/270) nsgaii | numpy | wfg4 | seed=4
================================================================================
VAMOS Experiment Runner
================================================================================
Problem: WFG4
Description: WFG4 benchmarking problem (requires pymoo).
Decision variables: 28
Objectives: 5
Encoding: real
Algorithm: NSGAII
Backend: numpy
Population size: 80
Offspring population size: 80
Max evaluations: 30000
--------------------------------------------------------------------------------
nsgaii -> Time: 152139.59 ms | Eval/s: 197.2
Objective 1 spread: 1.956830
Results stored in: /home/nico/Documents/GitHub/VAMOS/results/archive_family_pilot_core/NSGAII_archive_family_WFG/raw_runs/NSGAII_archive_family_WFG/nsgaii_archive_hybrid/WFG4/nsgaii/numpy/seed_4
[Study] (236/270) nsgaii | numpy | wfg4 | seed=5
================================================================================
VAMOS Experiment Runner
================================================================================
Problem: WFG4
Description: WFG4 benchmarking problem (requires pymoo).
Decision variables: 28
Objectives: 5
Encoding: real
Algorithm: NSGAII
Backend: numpy
Population size: 80
Offspring population size: 80
Max evaluations: 30000
--------------------------------------------------------------------------------
nsgaii -> Time: 98094.85 ms | Eval/s: 305.8
Objective 1 spread: 1.977876
Results stored in: /home/nico/Documents/GitHub/VAMOS/results/archive_family_pilot_core/NSGAII_archive_family_WFG/raw_runs/NSGAII_archive_family_WFG/nsgaii_archive_hybrid/WFG4/nsgaii/numpy/seed_5
[Study] (237/270) nsgaii | numpy | wfg4 | seed=6
================================================================================
VAMOS Experiment Runner
================================================================================
Problem: WFG4
Description: WFG4 benchmarking problem (requires pymoo).
Decision variables: 28
Objectives: 5
Encoding: real
Algorithm: NSGAII
Backend: numpy
Population size: 80
Offspring population size: 80
Max evaluations: 30000
--------------------------------------------------------------------------------
nsgaii -> Time: 118721.95 ms | Eval/s: 252.7
Objective 1 spread: 2.471183
Results stored in: /home/nico/Documents/GitHub/VAMOS/results/archive_family_pilot_core/NSGAII_archive_family_WFG/raw_runs/NSGAII_archive_family_WFG/nsgaii_archive_hybrid/WFG4/nsgaii/numpy/seed_6
[Study] (238/270) nsgaii | numpy | wfg4 | seed=7
================================================================================
VAMOS Experiment Runner
================================================================================
Problem: WFG4
Description: WFG4 benchmarking problem (requires pymoo).
Decision variables: 28
Objectives: 5
Encoding: real
Algorithm: NSGAII
Backend: numpy
Population size: 80
Offspring population size: 80
Max evaluations: 30000
--------------------------------------------------------------------------------
nsgaii -> Time: 179885.36 ms | Eval/s: 166.8
Objective 1 spread: 2.011034
Results stored in: /home/nico/Documents/GitHub/VAMOS/results/archive_family_pilot_core/NSGAII_archive_family_WFG/raw_runs/NSGAII_archive_family_WFG/nsgaii_archive_hybrid/WFG4/nsgaii/numpy/seed_7
[Study] (239/270) nsgaii | numpy | wfg4 | seed=8
================================================================================
VAMOS Experiment Runner
================================================================================
Problem: WFG4
Description: WFG4 benchmarking problem (requires pymoo).
Decision variables: 28
Objectives: 5
Encoding: real
Algorithm: NSGAII
Backend: numpy
Population size: 80
Offspring population size: 80
Max evaluations: 30000
--------------------------------------------------------------------------------
nsgaii -> Time: 168605.02 ms | Eval/s: 177.9
Objective 1 spread: 2.140123
Results stored in: /home/nico/Documents/GitHub/VAMOS/results/archive_family_pilot_core/NSGAII_archive_family_WFG/raw_runs/NSGAII_archive_family_WFG/nsgaii_archive_hybrid/WFG4/nsgaii/numpy/seed_8
[Study] (240/270) nsgaii | numpy | wfg4 | seed=9
================================================================================
VAMOS Experiment Runner
================================================================================
Problem: WFG4
Description: WFG4 benchmarking problem (requires pymoo).
Decision variables: 28
Objectives: 5
Encoding: real
Algorithm: NSGAII
Backend: numpy
Population size: 80
Offspring population size: 80
Max evaluations: 30000
--------------------------------------------------------------------------------
nsgaii -> Time: 171642.95 ms | Eval/s: 174.8
Objective 1 spread: 2.059144
Results stored in: /home/nico/Documents/GitHub/VAMOS/results/archive_family_pilot_core/NSGAII_archive_family_WFG/raw_runs/NSGAII_archive_family_WFG/nsgaii_archive_hybrid/WFG4/nsgaii/numpy/seed_9
[Study] (241/270) nsgaii | numpy | wfg9 | seed=0
================================================================================
VAMOS Experiment Runner
================================================================================
Problem: WFG9
Description: WFG9 benchmarking problem (requires pymoo).
Decision variables: 28
Objectives: 5
Encoding: real
Algorithm: NSGAII
Backend: numpy
Population size: 80
Offspring population size: 80
Max evaluations: 32000
--------------------------------------------------------------------------------
nsgaii -> Time: 61240.92 ms | Eval/s: 522.5
Objective 1 spread: 2.508623
Results stored in: /home/nico/Documents/GitHub/VAMOS/results/archive_family_pilot_core/NSGAII_archive_family_WFG/raw_runs/NSGAII_archive_family_WFG/nsgaii_archive_off/WFG9/nsgaii/numpy/seed_0
[Study] (242/270) nsgaii | numpy | wfg9 | seed=1
================================================================================
VAMOS Experiment Runner
================================================================================
Problem: WFG9
Description: WFG9 benchmarking problem (requires pymoo).
Decision variables: 28
Objectives: 5
Encoding: real
Algorithm: NSGAII
Backend: numpy
Population size: 80
Offspring population size: 80
Max evaluations: 32000
--------------------------------------------------------------------------------
nsgaii -> Time: 61260.20 ms | Eval/s: 522.4
Objective 1 spread: 2.359029
Results stored in: /home/nico/Documents/GitHub/VAMOS/results/archive_family_pilot_core/NSGAII_archive_family_WFG/raw_runs/NSGAII_archive_family_WFG/nsgaii_archive_off/WFG9/nsgaii/numpy/seed_1
[Study] (243/270) nsgaii | numpy | wfg9 | seed=2
================================================================================
VAMOS Experiment Runner
================================================================================
Problem: WFG9
Description: WFG9 benchmarking problem (requires pymoo).
Decision variables: 28
Objectives: 5
Encoding: real
Algorithm: NSGAII
Backend: numpy
Population size: 80
Offspring population size: 80
Max evaluations: 32000
--------------------------------------------------------------------------------
nsgaii -> Time: 60879.76 ms | Eval/s: 525.6
Objective 1 spread: 2.526731
Results stored in: /home/nico/Documents/GitHub/VAMOS/results/archive_family_pilot_core/NSGAII_archive_family_WFG/raw_runs/NSGAII_archive_family_WFG/nsgaii_archive_off/WFG9/nsgaii/numpy/seed_2
[Study] (244/270) nsgaii | numpy | wfg9 | seed=3
================================================================================
VAMOS Experiment Runner
================================================================================
Problem: WFG9
Description: WFG9 benchmarking problem (requires pymoo).
Decision variables: 28
Objectives: 5
Encoding: real
Algorithm: NSGAII
Backend: numpy
Population size: 80
Offspring population size: 80
Max evaluations: 32000
--------------------------------------------------------------------------------
nsgaii -> Time: 61413.62 ms | Eval/s: 521.1
Objective 1 spread: 2.331774
Results stored in: /home/nico/Documents/GitHub/VAMOS/results/archive_family_pilot_core/NSGAII_archive_family_WFG/raw_runs/NSGAII_archive_family_WFG/nsgaii_archive_off/WFG9/nsgaii/numpy/seed_3
[Study] (245/270) nsgaii | numpy | wfg9 | seed=4
================================================================================
VAMOS Experiment Runner
================================================================================
Problem: WFG9
Description: WFG9 benchmarking problem (requires pymoo).
Decision variables: 28
Objectives: 5
Encoding: real
Algorithm: NSGAII
Backend: numpy
Population size: 80
Offspring population size: 80
Max evaluations: 32000
--------------------------------------------------------------------------------
nsgaii -> Time: 61073.23 ms | Eval/s: 524.0
Objective 1 spread: 2.326363
Results stored in: /home/nico/Documents/GitHub/VAMOS/results/archive_family_pilot_core/NSGAII_archive_family_WFG/raw_runs/NSGAII_archive_family_WFG/nsgaii_archive_off/WFG9/nsgaii/numpy/seed_4
[Study] (246/270) nsgaii | numpy | wfg9 | seed=5
================================================================================
VAMOS Experiment Runner
================================================================================
Problem: WFG9
Description: WFG9 benchmarking problem (requires pymoo).
Decision variables: 28
Objectives: 5
Encoding: real
Algorithm: NSGAII
Backend: numpy
Population size: 80
Offspring population size: 80
Max evaluations: 32000
--------------------------------------------------------------------------------
nsgaii -> Time: 61639.03 ms | Eval/s: 519.2
Objective 1 spread: 2.520509
Results stored in: /home/nico/Documents/GitHub/VAMOS/results/archive_family_pilot_core/NSGAII_archive_family_WFG/raw_runs/NSGAII_archive_family_WFG/nsgaii_archive_off/WFG9/nsgaii/numpy/seed_5
[Study] (247/270) nsgaii | numpy | wfg9 | seed=6
================================================================================
VAMOS Experiment Runner
================================================================================
Problem: WFG9
Description: WFG9 benchmarking problem (requires pymoo).
Decision variables: 28
Objectives: 5
Encoding: real
Algorithm: NSGAII
Backend: numpy
Population size: 80
Offspring population size: 80
Max evaluations: 32000
--------------------------------------------------------------------------------
nsgaii -> Time: 61247.45 ms | Eval/s: 522.5
Objective 1 spread: 2.280838
Results stored in: /home/nico/Documents/GitHub/VAMOS/results/archive_family_pilot_core/NSGAII_archive_family_WFG/raw_runs/NSGAII_archive_family_WFG/nsgaii_archive_off/WFG9/nsgaii/numpy/seed_6
[Study] (248/270) nsgaii | numpy | wfg9 | seed=7
================================================================================
VAMOS Experiment Runner
================================================================================
Problem: WFG9
Description: WFG9 benchmarking problem (requires pymoo).
Decision variables: 28
Objectives: 5
Encoding: real
Algorithm: NSGAII
Backend: numpy
Population size: 80
Offspring population size: 80
Max evaluations: 32000
--------------------------------------------------------------------------------
nsgaii -> Time: 61597.56 ms | Eval/s: 519.5
Objective 1 spread: 2.353997
Results stored in: /home/nico/Documents/GitHub/VAMOS/results/archive_family_pilot_core/NSGAII_archive_family_WFG/raw_runs/NSGAII_archive_family_WFG/nsgaii_archive_off/WFG9/nsgaii/numpy/seed_7
[Study] (249/270) nsgaii | numpy | wfg9 | seed=8
================================================================================
VAMOS Experiment Runner
================================================================================
Problem: WFG9
Description: WFG9 benchmarking problem (requires pymoo).
Decision variables: 28
Objectives: 5
Encoding: real
Algorithm: NSGAII
Backend: numpy
Population size: 80
Offspring population size: 80
Max evaluations: 32000
--------------------------------------------------------------------------------
nsgaii -> Time: 61281.89 ms | Eval/s: 522.2
Objective 1 spread: 2.706079
Results stored in: /home/nico/Documents/GitHub/VAMOS/results/archive_family_pilot_core/NSGAII_archive_family_WFG/raw_runs/NSGAII_archive_family_WFG/nsgaii_archive_off/WFG9/nsgaii/numpy/seed_8
[Study] (250/270) nsgaii | numpy | wfg9 | seed=9
================================================================================
VAMOS Experiment Runner
================================================================================
Problem: WFG9
Description: WFG9 benchmarking problem (requires pymoo).
Decision variables: 28
Objectives: 5
Encoding: real
Algorithm: NSGAII
Backend: numpy
Population size: 80
Offspring population size: 80
Max evaluations: 32000
--------------------------------------------------------------------------------
nsgaii -> Time: 61311.56 ms | Eval/s: 521.9
Objective 1 spread: 2.358947
Results stored in: /home/nico/Documents/GitHub/VAMOS/results/archive_family_pilot_core/NSGAII_archive_family_WFG/raw_runs/NSGAII_archive_family_WFG/nsgaii_archive_off/WFG9/nsgaii/numpy/seed_9
[Study] (251/270) nsgaii | numpy | wfg9 | seed=0
================================================================================
VAMOS Experiment Runner
================================================================================
Problem: WFG9
Description: WFG9 benchmarking problem (requires pymoo).
Decision variables: 28
Objectives: 5
Encoding: real
Algorithm: NSGAII
Backend: numpy
Population size: 80
Offspring population size: 80
Max evaluations: 32000
--------------------------------------------------------------------------------
nsgaii -> Time: 75514.62 ms | Eval/s: 423.8
Objective 1 spread: 2.508623
Results stored in: /home/nico/Documents/GitHub/VAMOS/results/archive_family_pilot_core/NSGAII_archive_family_WFG/raw_runs/NSGAII_archive_family_WFG/nsgaii_archive_passive/WFG9/nsgaii/numpy/seed_0
[Study] (252/270) nsgaii | numpy | wfg9 | seed=1
================================================================================
VAMOS Experiment Runner
================================================================================
Problem: WFG9
Description: WFG9 benchmarking problem (requires pymoo).
Decision variables: 28
Objectives: 5
Encoding: real
Algorithm: NSGAII
Backend: numpy
Population size: 80
Offspring population size: 80
Max evaluations: 32000
--------------------------------------------------------------------------------
nsgaii -> Time: 80156.65 ms | Eval/s: 399.2
Objective 1 spread: 2.359029
Results stored in: /home/nico/Documents/GitHub/VAMOS/results/archive_family_pilot_core/NSGAII_archive_family_WFG/raw_runs/NSGAII_archive_family_WFG/nsgaii_archive_passive/WFG9/nsgaii/numpy/seed_1
[Study] (253/270) nsgaii | numpy | wfg9 | seed=2
================================================================================
VAMOS Experiment Runner
================================================================================
Problem: WFG9
Description: WFG9 benchmarking problem (requires pymoo).
Decision variables: 28
Objectives: 5
Encoding: real
Algorithm: NSGAII
Backend: numpy
Population size: 80
Offspring population size: 80
Max evaluations: 32000
--------------------------------------------------------------------------------
nsgaii -> Time: 70965.01 ms | Eval/s: 450.9
Objective 1 spread: 2.526731
Results stored in: /home/nico/Documents/GitHub/VAMOS/results/archive_family_pilot_core/NSGAII_archive_family_WFG/raw_runs/NSGAII_archive_family_WFG/nsgaii_archive_passive/WFG9/nsgaii/numpy/seed_2
[Study] (254/270) nsgaii | numpy | wfg9 | seed=3
================================================================================
VAMOS Experiment Runner
================================================================================
Problem: WFG9
Description: WFG9 benchmarking problem (requires pymoo).
Decision variables: 28
Objectives: 5
Encoding: real
Algorithm: NSGAII
Backend: numpy
Population size: 80
Offspring population size: 80
Max evaluations: 32000
--------------------------------------------------------------------------------
nsgaii -> Time: 71361.63 ms | Eval/s: 448.4
Objective 1 spread: 2.331774
Results stored in: /home/nico/Documents/GitHub/VAMOS/results/archive_family_pilot_core/NSGAII_archive_family_WFG/raw_runs/NSGAII_archive_family_WFG/nsgaii_archive_passive/WFG9/nsgaii/numpy/seed_3
[Study] (255/270) nsgaii | numpy | wfg9 | seed=4
================================================================================
VAMOS Experiment Runner
================================================================================
Problem: WFG9
Description: WFG9 benchmarking problem (requires pymoo).
Decision variables: 28
Objectives: 5
Encoding: real
Algorithm: NSGAII
Backend: numpy
Population size: 80
Offspring population size: 80
Max evaluations: 32000
--------------------------------------------------------------------------------
nsgaii -> Time: 75707.04 ms | Eval/s: 422.7
Objective 1 spread: 2.326363
Results stored in: /home/nico/Documents/GitHub/VAMOS/results/archive_family_pilot_core/NSGAII_archive_family_WFG/raw_runs/NSGAII_archive_family_WFG/nsgaii_archive_passive/WFG9/nsgaii/numpy/seed_4
[Study] (256/270) nsgaii | numpy | wfg9 | seed=5
================================================================================
VAMOS Experiment Runner
================================================================================
Problem: WFG9
Description: WFG9 benchmarking problem (requires pymoo).
Decision variables: 28
Objectives: 5
Encoding: real
Algorithm: NSGAII
Backend: numpy
Population size: 80
Offspring population size: 80
Max evaluations: 32000
--------------------------------------------------------------------------------
nsgaii -> Time: 76502.43 ms | Eval/s: 418.3
Objective 1 spread: 2.520509
Results stored in: /home/nico/Documents/GitHub/VAMOS/results/archive_family_pilot_core/NSGAII_archive_family_WFG/raw_runs/NSGAII_archive_family_WFG/nsgaii_archive_passive/WFG9/nsgaii/numpy/seed_5
[Study] (257/270) nsgaii | numpy | wfg9 | seed=6
================================================================================
VAMOS Experiment Runner
================================================================================
Problem: WFG9
Description: WFG9 benchmarking problem (requires pymoo).
Decision variables: 28
Objectives: 5
Encoding: real
Algorithm: NSGAII
Backend: numpy
Population size: 80
Offspring population size: 80
Max evaluations: 32000
--------------------------------------------------------------------------------
nsgaii -> Time: 86314.50 ms | Eval/s: 370.7
Objective 1 spread: 2.280838
Results stored in: /home/nico/Documents/GitHub/VAMOS/results/archive_family_pilot_core/NSGAII_archive_family_WFG/raw_runs/NSGAII_archive_family_WFG/nsgaii_archive_passive/WFG9/nsgaii/numpy/seed_6
[Study] (258/270) nsgaii | numpy | wfg9 | seed=7
================================================================================
VAMOS Experiment Runner
================================================================================
Problem: WFG9
Description: WFG9 benchmarking problem (requires pymoo).
Decision variables: 28
Objectives: 5
Encoding: real
Algorithm: NSGAII
Backend: numpy
Population size: 80
Offspring population size: 80
Max evaluations: 32000
--------------------------------------------------------------------------------
nsgaii -> Time: 82516.84 ms | Eval/s: 387.8
Objective 1 spread: 2.353997
Results stored in: /home/nico/Documents/GitHub/VAMOS/results/archive_family_pilot_core/NSGAII_archive_family_WFG/raw_runs/NSGAII_archive_family_WFG/nsgaii_archive_passive/WFG9/nsgaii/numpy/seed_7
[Study] (259/270) nsgaii | numpy | wfg9 | seed=8
================================================================================
VAMOS Experiment Runner
================================================================================
Problem: WFG9
Description: WFG9 benchmarking problem (requires pymoo).
Decision variables: 28
Objectives: 5
Encoding: real
Algorithm: NSGAII
Backend: numpy
Population size: 80
Offspring population size: 80
Max evaluations: 32000
--------------------------------------------------------------------------------
nsgaii -> Time: 74822.51 ms | Eval/s: 427.7
Objective 1 spread: 2.706079
Results stored in: /home/nico/Documents/GitHub/VAMOS/results/archive_family_pilot_core/NSGAII_archive_family_WFG/raw_runs/NSGAII_archive_family_WFG/nsgaii_archive_passive/WFG9/nsgaii/numpy/seed_8
[Study] (260/270) nsgaii | numpy | wfg9 | seed=9
================================================================================
VAMOS Experiment Runner
================================================================================
Problem: WFG9
Description: WFG9 benchmarking problem (requires pymoo).
Decision variables: 28
Objectives: 5
Encoding: real
Algorithm: NSGAII
Backend: numpy
Population size: 80
Offspring population size: 80
Max evaluations: 32000
--------------------------------------------------------------------------------
nsgaii -> Time: 78506.12 ms | Eval/s: 407.6
Objective 1 spread: 2.358947
Results stored in: /home/nico/Documents/GitHub/VAMOS/results/archive_family_pilot_core/NSGAII_archive_family_WFG/raw_runs/NSGAII_archive_family_WFG/nsgaii_archive_passive/WFG9/nsgaii/numpy/seed_9
[Study] (261/270) nsgaii | numpy | wfg9 | seed=0
================================================================================
VAMOS Experiment Runner
================================================================================
Problem: WFG9
Description: WFG9 benchmarking problem (requires pymoo).
Decision variables: 28
Objectives: 5
Encoding: real
Algorithm: NSGAII
Backend: numpy
Population size: 80
Offspring population size: 80
Max evaluations: 32000
--------------------------------------------------------------------------------
nsgaii -> Time: 76577.66 ms | Eval/s: 417.9
Objective 1 spread: 1.980356
Results stored in: /home/nico/Documents/GitHub/VAMOS/results/archive_family_pilot_core/NSGAII_archive_family_WFG/raw_runs/NSGAII_archive_family_WFG/nsgaii_archive_hybrid/WFG9/nsgaii/numpy/seed_0
[Study] (262/270) nsgaii | numpy | wfg9 | seed=1
================================================================================
VAMOS Experiment Runner
================================================================================
Problem: WFG9
Description: WFG9 benchmarking problem (requires pymoo).
Decision variables: 28
Objectives: 5
Encoding: real
Algorithm: NSGAII
Backend: numpy
Population size: 80
Offspring population size: 80
Max evaluations: 32000
--------------------------------------------------------------------------------
nsgaii -> Time: 74785.94 ms | Eval/s: 427.9
Objective 1 spread: 2.510738
Results stored in: /home/nico/Documents/GitHub/VAMOS/results/archive_family_pilot_core/NSGAII_archive_family_WFG/raw_runs/NSGAII_archive_family_WFG/nsgaii_archive_hybrid/WFG9/nsgaii/numpy/seed_1
[Study] (263/270) nsgaii | numpy | wfg9 | seed=2
================================================================================
VAMOS Experiment Runner
================================================================================
Problem: WFG9
Description: WFG9 benchmarking problem (requires pymoo).
Decision variables: 28
Objectives: 5
Encoding: real
Algorithm: NSGAII
Backend: numpy
Population size: 80
Offspring population size: 80
Max evaluations: 32000
--------------------------------------------------------------------------------
nsgaii -> Time: 76137.88 ms | Eval/s: 420.3
Objective 1 spread: 2.658650
Results stored in: /home/nico/Documents/GitHub/VAMOS/results/archive_family_pilot_core/NSGAII_archive_family_WFG/raw_runs/NSGAII_archive_family_WFG/nsgaii_archive_hybrid/WFG9/nsgaii/numpy/seed_2
[Study] (264/270) nsgaii | numpy | wfg9 | seed=3
================================================================================
VAMOS Experiment Runner
================================================================================
Problem: WFG9
Description: WFG9 benchmarking problem (requires pymoo).
Decision variables: 28
Objectives: 5
Encoding: real
Algorithm: NSGAII
Backend: numpy
Population size: 80
Offspring population size: 80
Max evaluations: 32000
--------------------------------------------------------------------------------
nsgaii -> Time: 76436.14 ms | Eval/s: 418.7
Objective 1 spread: 2.423158
Results stored in: /home/nico/Documents/GitHub/VAMOS/results/archive_family_pilot_core/NSGAII_archive_family_WFG/raw_runs/NSGAII_archive_family_WFG/nsgaii_archive_hybrid/WFG9/nsgaii/numpy/seed_3
[Study] (265/270) nsgaii | numpy | wfg9 | seed=4
================================================================================
VAMOS Experiment Runner
================================================================================
Problem: WFG9
Description: WFG9 benchmarking problem (requires pymoo).
Decision variables: 28
Objectives: 5
Encoding: real
Algorithm: NSGAII
Backend: numpy
Population size: 80
Offspring population size: 80
Max evaluations: 32000
--------------------------------------------------------------------------------
nsgaii -> Time: 76496.27 ms | Eval/s: 418.3
Objective 1 spread: 2.747494
Results stored in: /home/nico/Documents/GitHub/VAMOS/results/archive_family_pilot_core/NSGAII_archive_family_WFG/raw_runs/NSGAII_archive_family_WFG/nsgaii_archive_hybrid/WFG9/nsgaii/numpy/seed_4
[Study] (266/270) nsgaii | numpy | wfg9 | seed=5
================================================================================
VAMOS Experiment Runner
================================================================================
Problem: WFG9
Description: WFG9 benchmarking problem (requires pymoo).
Decision variables: 28
Objectives: 5
Encoding: real
Algorithm: NSGAII
Backend: numpy
Population size: 80
Offspring population size: 80
Max evaluations: 32000
--------------------------------------------------------------------------------
nsgaii -> Time: 77150.91 ms | Eval/s: 414.8
Objective 1 spread: 2.700565
Results stored in: /home/nico/Documents/GitHub/VAMOS/results/archive_family_pilot_core/NSGAII_archive_family_WFG/raw_runs/NSGAII_archive_family_WFG/nsgaii_archive_hybrid/WFG9/nsgaii/numpy/seed_5
[Study] (267/270) nsgaii | numpy | wfg9 | seed=6
================================================================================
VAMOS Experiment Runner
================================================================================
Problem: WFG9
Description: WFG9 benchmarking problem (requires pymoo).
Decision variables: 28
Objectives: 5
Encoding: real
Algorithm: NSGAII
Backend: numpy
Population size: 80
Offspring population size: 80
Max evaluations: 32000
--------------------------------------------------------------------------------
nsgaii -> Time: 75656.05 ms | Eval/s: 423.0
Objective 1 spread: 2.054425
Results stored in: /home/nico/Documents/GitHub/VAMOS/results/archive_family_pilot_core/NSGAII_archive_family_WFG/raw_runs/NSGAII_archive_family_WFG/nsgaii_archive_hybrid/WFG9/nsgaii/numpy/seed_6
[Study] (268/270) nsgaii | numpy | wfg9 | seed=7
================================================================================
VAMOS Experiment Runner
================================================================================
Problem: WFG9
Description: WFG9 benchmarking problem (requires pymoo).
Decision variables: 28
Objectives: 5
Encoding: real
Algorithm: NSGAII
Backend: numpy
Population size: 80
Offspring population size: 80
Max evaluations: 32000
--------------------------------------------------------------------------------
nsgaii -> Time: 77001.80 ms | Eval/s: 415.6
Objective 1 spread: 2.507251
Results stored in: /home/nico/Documents/GitHub/VAMOS/results/archive_family_pilot_core/NSGAII_archive_family_WFG/raw_runs/NSGAII_archive_family_WFG/nsgaii_archive_hybrid/WFG9/nsgaii/numpy/seed_7
[Study] (269/270) nsgaii | numpy | wfg9 | seed=8
================================================================================
VAMOS Experiment Runner
================================================================================
Problem: WFG9
Description: WFG9 benchmarking problem (requires pymoo).
Decision variables: 28
Objectives: 5
Encoding: real
Algorithm: NSGAII
Backend: numpy
Population size: 80
Offspring population size: 80
Max evaluations: 32000
--------------------------------------------------------------------------------
nsgaii -> Time: 78661.53 ms | Eval/s: 406.8
Objective 1 spread: 2.356270
Results stored in: /home/nico/Documents/GitHub/VAMOS/results/archive_family_pilot_core/NSGAII_archive_family_WFG/raw_runs/NSGAII_archive_family_WFG/nsgaii_archive_hybrid/WFG9/nsgaii/numpy/seed_8
[Study] (270/270) nsgaii | numpy | wfg9 | seed=9
================================================================================
VAMOS Experiment Runner
================================================================================
Problem: WFG9
Description: WFG9 benchmarking problem (requires pymoo).
Decision variables: 28
Objectives: 5
Encoding: real
Algorithm: NSGAII
Backend: numpy
Population size: 80
Offspring population size: 80
Max evaluations: 32000
--------------------------------------------------------------------------------
nsgaii -> Time: 78046.40 ms | Eval/s: 410.0
Objective 1 spread: 2.616481
Results stored in: /home/nico/Documents/GitHub/VAMOS/results/archive_family_pilot_core/NSGAII_archive_family_WFG/raw_runs/NSGAII_archive_family_WFG/nsgaii_archive_hybrid/WFG9/nsgaii/numpy/seed_9
[Persister] CSV exported to /home/nico/Documents/GitHub/VAMOS/results/archive_family_pilot_core/NSGAII_archive_family_WFG/summary/metrics.csv
[Benchmark] Suite 'NSGAII_archive_family_WFG' completed.
[Benchmark] Summary CSV: /home/nico/Documents/GitHub/VAMOS/results/archive_family_pilot_core/NSGAII_archive_family_WFG/summary/metrics.csv
[Benchmark] Tidy metrics: /home/nico/Documents/GitHub/VAMOS/results/archive_family_pilot_core/NSGAII_archive_family_WFG/summary/metrics_tidy.csv
[Benchmark] LaTeX tables in /home/nico/Documents/GitHub/VAMOS/results/archive_family_pilot_core/NSGAII_archive_family_WFG/summary/tables
[Benchmark] Plots in /home/nico/Documents/GitHub/VAMOS/results/archive_family_pilot_core/NSGAII_archive_family_WFG/summary/plots
[Benchmark] Lab outputs in /home/nico/Documents/GitHub/VAMOS/results/archive_family_pilot_core/NSGAII_archive_family_WFG/summary/lab
