1.097008278419869143e+00,1.314200262284614951e+00,1.255733232343615668e+00,4.149515085940716830e+00,8.328787480828641066e+00
3.203820141828744861e-01,1.229004499280610396e+00,8.771443094140704000e-01,5.737871307963587242e+00,6.926354957127063727e+00
1.410692062811313097e+00,2.636078033509513308e+00,3.531438920656227332e+00,1.346657780848202313e+00,2.797947351461728793e+00
6.170419707141787669e-01,2.228154100490728595e+00,1.274247527834035054e+00,6.126682869642151807e+00,4.923115437571804698e+00
1.191157109748663068e+00,1.266563666178871506e+00,7.761437304550711236e-01,4.190772911149175606e+00,7.671991426571065809e+00
1.293186563655412069e+00,2.437121984392458973e+00,2.252124367435794472e+00,2.199047754204136673e+00,5.708015975256749641e+00
9.873286322178236318e-01,3.359114443049072474e+00,2.299557932265241522e+00,2.209797847478519817e+00,3.443311698340753235e+00
3.475959905716485276e-01,4.687718810784431422e-01,3.982411603269547573e+00,6.105005037687483593e+00,3.674458980464453184e+00
1.060399526249771185e+00,1.674903847961575876e+00,4.196117729706397625e+00,1.449761860168525374e+00,5.439176185255890417e+00
6.115805057219056984e-01,2.337803715828901119e+00,1.511643989874547511e+00,5.828268259967642528e+00,4.924721520459131696e+00
3.965771587145874300e-01,3.790098224356600598e-01,3.656961226841573431e+00,6.724518702225593891e+00,1.487046538930210549e+00
2.461847428873817634e-01,7.986534682893429160e-01,1.599198179252929952e+00,2.055205309597782026e+00,9.540301683078315165e+00
3.027600977096243096e-01,1.802295093098379652e+00,5.383632061276055758e-01,3.825473528544953705e+00,8.165636747800514073e+00
2.483984700172680027e-01,2.714144685896709985e-01,2.261052156526446311e-01,7.111486122203992899e+00,5.132254574480873188e+00
1.766519509270558508e-01,5.794339913908362893e-01,2.124528810293263570e-01,7.243194924042342109e+00,4.701563565683637869e+00
4.790752203855856983e-01,2.915135339289591787e+00,2.838078682121532914e+00,1.849508084410795394e+00,6.683609769516241528e+00
3.529774387050587103e-01,2.848560763645825666e+00,1.491748861977797436e+00,5.499860118894664751e+00,3.227757642929485637e+00
2.656962160182186339e-01,4.652560578582319861e-01,1.707134460674737175e+00,7.330767021851098519e+00,4.227412580862560887e+00
4.865661761360134951e-01,3.065985337052450799e+00,1.643705990595063726e+00,5.171879521300387417e+00,1.429453977120521690e+00
1.931806673081123971e-01,2.326134640451834046e-01,1.365183124378222423e+00,6.364342585455704082e+00,6.243220083929180930e+00
2.549916947886082252e-01,1.619219418451349757e+00,2.622552947023486514e-01,1.248501806288037086e+00,9.404797104851803979e+00
3.233089206350627798e-01,1.546489616168104986e+00,7.548239113830952363e-01,1.941113494151478269e+00,9.208393454639619335e+00
3.695075652466869309e-01,3.991577778211583549e-01,4.990198641068887220e+00,2.535946650528807744e+00,5.872319632579425353e+00
2.436620978764087453e-01,1.541309979025540011e+00,2.868268850296820660e-01,1.107675263148826916e+00,9.499729515676065716e+00
2.196414538539175065e-01,9.691570473853299283e-01,4.827117345936400294e-01,4.310968387820484971e+00,8.545206814667510642e+00
6.363091057545423590e-01,4.585489837461461660e-01,4.285327126625182892e+00,2.533402309816336295e+00,6.842064861804220577e+00
1.592091732013406480e-01,8.417272846750741833e-01,4.798311018182079835e-01,1.649094049720109201e+00,9.785866084624654349e+00
8.018563818821210498e-01,4.010709903301118651e+00,9.337391141095359171e-01,1.833200731784983439e+00,7.010449596272123607e-01
4.752573692063614130e-01,3.190765985879087552e+00,4.524114482920076341e+00,1.226696873255035403e+00,2.027637813287338275e+00
3.574533427440230726e-01,1.406413678591011962e+00,4.450960974216823907e+00,4.401909833415239781e+00,4.529246794386971864e+00
2.204427479422339797e-01,8.800743866147834327e-01,2.909092039926218232e-01,4.443050127380070435e+00,8.422258622143521833e+00
4.446843418111163238e-01,3.345271838669161113e+00,9.640365881452968022e-01,2.896918879070430108e+00,6.140690941650518653e+00
2.711970280752235007e-01,3.257772299538586602e-01,4.732615184912573270e+00,1.760967575325937506e+00,6.493380576509971469e+00
4.018366081626328912e-01,3.128263583536534220e+00,3.623740331654466296e+00,3.445914011811237909e+00,2.678839647082866371e+00
1.907480665567943268e-01,1.370893548861254585e+00,2.396579967384816268e+00,4.769591290649727533e+00,6.705548266827082493e+00
1.656286818013656681e-01,8.594485747113924656e-01,5.553231521008207272e-01,1.836374702638747802e+00,9.733184468713007576e+00
2.144133937430987014e-01,1.122287284811349650e+00,4.520767332647468439e-01,1.786603927132976999e+00,9.693694341580920693e+00
1.213661578051972167e+00,1.811945984179537339e+00,1.165580259322490431e+00,6.461784521448693752e+00,1.470861435906047898e+00
5.061438403277715992e-01,3.771060763062121346e+00,3.210850878074263282e+00,9.392100961344544974e-01,2.586584979278986118e+00
1.775402855364431320e-01,8.980526021188781627e-01,4.574037614350409120e-01,1.806891493619655842e+00,9.752103790225984170e+00
1.736796919575266662e-01,3.588101257887487128e-01,2.053282914933057257e-01,7.497092813676705880e+00,4.149006883052535066e+00
4.361507259213670551e-01,1.983991946435836651e+00,2.356862611357116499e+00,3.730821622625184020e+00,7.711140690930182728e+00
1.406936424356683535e+00,3.559107994087527871e+00,1.915390513214334067e+00,6.468655295485399304e-01,1.465597751565745011e+00
4.868595073168981990e-01,2.773360132920275944e+00,1.751679154217788970e+00,3.980501720894833007e+00,5.756923474132631391e+00
6.182192538869200060e-01,1.821555633321157330e+00,5.182231616779778172e+00,2.978547696479828311e+00,7.540725993678679684e-01
1.095007745321718406e+00,2.007850073405458069e+00,1.329223802358929341e+00,6.527162771417414078e+00,3.060408703155914178e+00
3.850597767008561711e-01,2.736732649173116094e+00,1.324676565582250554e+00,6.346070353717863100e-01,8.097146023260926029e+00
1.481308461876736926e-01,4.132918670735979405e-01,2.185598724642800472e-01,4.050903903095089298e+00,8.831472988408215485e+00
4.286439459077338032e-01,2.273370272920243629e+00,1.321613758469029065e+00,6.408224348516140090e+00,4.644218101405428456e+00
3.433824483789882920e-01,2.685175381824508545e+00,1.629830468480049088e+00,4.676634740643023314e+00,5.083584998866500726e+00
2.009916651016747102e-01,2.407317627465599408e-01,1.366722139972720074e+00,6.592827654756048261e+00,5.887577404449976015e+00
4.581361034108416552e-01,6.302331004387973223e-01,5.518562326228780179e+00,6.408745951955285847e-01,5.790738354273245569e+00
3.507209679865522789e-01,2.725917689803602606e+00,1.718145756914681188e+00,4.584215334644394346e+00,4.988395946514722290e+00
7.520754739638348951e-01,3.677396876794214897e+00,8.877533156824758409e-01,3.864872718524583028e+00,6.307958589106967828e-01
2.770873386518091230e-01,3.570833423768011716e-01,2.604395856043938640e+00,6.851101062891816973e+00,4.435771015887995716e+00
1.614195263793723745e-01,9.603219364485012788e-01,1.932880212675767151e-01,2.855502722138716365e+00,9.292815602820835963e+00
1.567297191248638866e-01,3.510816516995032832e-01,1.632907256305959620e-01,7.734011974673907552e+00,3.300282980373755670e+00
7.812415342552931907e-01,4.006668860461553017e+00,1.009256682455529797e+00,1.164150141871504784e+00,2.013029390709399458e+00
1.434520779535038759e+00,1.407386462788168480e+00,2.878759362805489719e+00,4.104627499660500334e+00,5.079241459805349912e+00
1.807963110644720539e-01,3.493822886651660742e-01,2.286565492044967396e-01,6.923808293581704909e+00,5.530214873884419902e+00
2.847565966888399580e-01,1.247307658326105351e+00,5.618056557691873953e-01,6.104556950369753210e+00,6.601285855699875249e+00
1.079423920717550889e+00,1.512619244741318258e+00,2.409970470877531135e+00,4.679832396834726183e+00,6.025122047453817409e+00
4.944975705247390274e-01,2.824914541670831003e+00,2.384318168660303883e+00,3.041735126526223798e+00,6.792585458098811202e+00
8.162254712151729708e-01,1.187908682130386584e+00,4.113836146203259658e-01,7.223384305675366601e-01,9.517582892776324854e+00
6.703775151688105005e-01,3.042459832822661969e+00,7.265951152885657960e-01,3.106082306484187594e+00,6.157870396699770765e+00
9.827749267440706316e-01,3.384738462047217400e+00,1.216320204741125233e+00,3.897014988954199843e+00,3.911009582740696100e+00
9.333987608894515065e-01,3.165888647581995397e+00,2.127096153689255864e+00,4.252464156237535597e+00,9.062574863251821045e-01
5.257898870251691559e-01,2.484736716028160153e+00,1.900978180348133373e+00,3.805570152952471030e+00,7.176610151496309875e+00
1.911160853095295875e-01,2.601603089568617633e-01,4.400560953528696029e-01,7.984646356052092386e+00,2.238849463456745958e+00
3.379679243177621251e-01,1.402294207601247011e+00,5.584107028823903640e-01,6.984803168581108501e+00,5.074385377635285188e+00
4.111668523867368363e-01,1.729228468247942851e+00,2.344590998330671638e+00,4.754209436091107577e+00,7.096731814028459873e+00
1.563208338948203657e+00,7.811597620318804225e-01,2.177313980782135339e+00,3.488814615619324488e+00,6.830337087897321524e+00
6.892981091623631151e-01,1.280069347999736040e+00,8.020291207064705885e-01,7.887894298068041099e-01,9.578975517474662027e+00
1.674932087014912307e-01,2.817265645948026087e-01,3.430478028207665897e+00,6.792210764535100864e+00,1.447312274677271748e+00
2.884573985153999764e-01,1.879008903510797523e+00,2.248879748323489469e+00,5.797163795079393722e+00,4.942531790116290402e+00
1.007390398755360295e+00,1.281842114794013554e+00,7.093631557377040320e-01,1.034799426618786988e+00,8.961050053872234855e+00
1.628541801624673879e-01,2.115716270588467174e-01,4.042761492477480179e-01,6.620656182527799416e+00,6.046518258628649001e+00
5.310960027645945658e-01,2.169008543794840538e+00,3.074635065403042766e+00,5.961469074962653103e+00,2.362495742679000532e+00
1.050852014413650171e+00,6.346339114705839002e-01,2.307037830948889479e+00,6.135991744482662824e+00,5.522319187734048285e+00
1.017663370953335589e+00,9.709064862921923389e-01,3.059189525152689715e+00,5.562716735995618222e+00,3.727536690872398584e+00
1.332097394792836897e-01,3.447131912812309573e-01,4.228586963455852610e-01,2.636619154815758037e+00,9.586956750456034015e+00
4.176895298475117868e-01,2.453089083473498189e+00,1.904525807949549510e+00,5.924642805859307693e+00,4.568382175183296035e+00
5.227212047908262882e-01,9.311110546736729443e-01,5.584526261264763036e+00,6.811399269679555557e-01,3.657969092011382095e+00
7.518706849732053055e-01,3.757944835066318046e+00,1.447994017365080266e+00,3.834968590694485702e+00,7.379975921567538677e-01
1.837217698658091258e+00,1.347720828764209511e+00,2.370003793118787616e+00,1.353119987351092623e+00,2.399264609629082834e+00
3.460493901077708601e-01,4.786412931539761328e-01,6.290310033810830870e-01,5.437240970160535092e+00,7.501314532185091366e+00
1.893272066198168901e-01,2.555666638833437032e-01,4.447553049636342459e-01,7.944285782881750357e+00,2.472123388896921625e+00
4.617040576715031319e-01,1.030584092181787703e+00,1.826997395491399168e+00,1.913120235804532943e+00,9.546686710791147945e+00
3.259284400333721243e-01,3.262605910411364718e+00,2.235798578287867322e+00,2.916593688086889902e+00,4.745907571011727555e+00
1.338395179520039946e-01,2.872274702644336264e-01,4.153257588421013224e-01,2.838570474617281736e+00,9.515906566845321990e+00
3.032415888745325638e-01,1.236797406467890381e+00,7.074950155415068442e-01,7.993386020403789871e+00,1.124799245322873453e+00
1.079852441286691000e+00,1.444507897213899827e+00,2.090677815203132450e+00,4.882135337588806578e+00,6.445803835898958667e+00
1.703407078502354732e-01,1.045018466585315942e+00,3.599753987049073012e-01,4.023670220295177402e-01,9.877833228365297202e+00
3.101339926753580167e-01,3.038683429455906193e+00,1.779626763680199009e+00,5.165386438097578470e+00,2.651172142587103320e+00
9.018908277546158203e-01,3.766574154319712875e+00,5.392346718804816863e-01,3.408047815682755832e+00,2.332899331176025548e+00
8.351558702206763884e-01,9.080128335903288050e-01,4.864746828953804503e+00,1.179140655793377679e+00,5.298852932821746187e+00
6.754655922531072054e-01,3.708514652550765955e+00,1.569234127689815406e+00,3.692355653864418219e+00,1.553453308605656336e+00
1.028309483493740961e+00,3.120663994666266206e+00,3.396009836807790006e+00,2.319451108630207870e+00,7.211718201136374518e-01
2.555538871995888250e-01,1.127488664479816105e+00,1.256458003535811718e+00,5.582358869037093996e+00,7.112021629005849555e+00
2.309837650373103568e-01,7.751533275053817951e-01,1.900606297220133412e+00,6.589012414451673294e+00,5.384365306993849742e+00
5.679739346037069314e-01,3.145339733744571653e+00,1.400952242999418562e+00,5.662069856890854069e+00,6.111658760748515107e-01
6.376960168803692541e-01,3.342881245225962417e+00,2.497630064550674600e+00,4.416868596478208175e+00,2.885169295306270865e+00
5.881323463087370085e-01,4.011009066993636019e-01,2.032293626470882408e+00,6.306362919773129683e+00,5.778492782549282225e+00
5.522176747605483937e-01,4.311415573515743338e-01,1.876516461819894843e+00,6.025712922365713986e+00,6.252182842989125966e+00
1.435366025529490330e-01,1.846288032996194484e-01,3.248149039032814933e-01,5.054496062030367831e+00,8.028652690138697423e+00
2.303032273611050340e-01,1.051328507798363843e+00,7.731990725012325427e-01,4.603310545209210680e+00,8.100030773348212421e+00
1.190978842674043303e+00,1.076478855163368609e+00,4.394794380071811446e+00,1.757956586334696647e+00,5.203780796896698924e+00
3.876406952745444778e-01,2.293152905775760253e+00,1.198350055944731540e+00,5.273925548812534281e+00,6.104854536965019562e+00
1.711301044948526362e-01,3.441318981748033301e-01,3.149726436255017026e-01,7.935774193617866068e+00,2.495676193799074571e+00
2.704882105617640864e-01,3.690146797874325202e-01,1.545386069882629165e+00,3.914982251762488819e-01,9.855918059629491523e+00
2.894010181815092064e-01,1.404424771501675995e+00,2.022757390514885678e+00,2.564270399466364037e+00,8.910684673841833714e+00
6.605080210708477173e-01,5.118986024345550945e-01,2.289719979927367532e+00,1.372046115844997027e+00,9.249788135160153857e+00
2.063579389574470291e-01,3.423928300003866720e-01,4.283800426631833247e+00,5.640639693730419291e-01,7.503820081442578172e+00
1.208875264465081312e+00,7.902567085219830423e-01,1.914462150683394759e+00,3.842531306284093340e+00,8.309314859506713447e+00
2.749585085035880505e-01,1.465549566577009299e+00,2.771537440261579555e+00,4.941184880540155255e+00,6.299753807014388585e+00
3.428578891239987270e-01,1.666420199943050795e+00,2.770516546034019978e+00,2.167905731288247040e+00,8.440074555135147705e+00
2.932556470620634181e-01,5.185674292276265529e-01,2.426603906666784827e+00,6.415834567841727676e+00,5.601396512986643650e+00
4.357320808182639227e-01,2.464592733944539926e+00,5.611095720101574313e-01,3.456732816219192372e+00,7.958385681238006271e+00
3.350822360870838734e-01,4.950321229729162109e-01,1.236144585164425269e+00,3.041441826131991988e+00,9.207773552664603400e+00
2.574766923350920167e-01,2.447681282540583148e+00,3.565363340202579945e+00,4.844071227925673462e+00,1.947054908808609097e+00
4.048347139485640733e-01,3.045244548637014992e-01,5.865404500972357660e-01,3.565820057162297108e+00,9.105787146387765318e+00
3.991732452737308257e-01,3.997532424033679366e+00,2.190735372047329488e+00,1.786438434429986621e+00,1.268447191144550290e+00
2.576364500877261765e-01,1.261899237356189918e+00,1.632600539024771313e+00,3.069622670646188212e+00,8.906198997072362289e+00
2.561457452292422721e-01,2.525087795637503407e-01,7.019562638682248501e-01,6.839091776484153229e+00,5.622397282235987781e+00
8.453158906929891803e-01,6.064357057345193258e-01,9.425692574005535285e-01,2.903634163334553708e+00,9.078477959310975010e+00
1.018728765316257334e+00,8.850096577813462151e-01,1.046532836843487191e+00,4.340564619101964894e+00,7.483954342178772201e+00
9.770739678732031086e-01,6.038194759214690066e-01,3.125876947295512132e+00,2.266358727972425324e+00,7.898887128269013402e+00
2.553705245632652554e-01,3.227620578617441671e-01,2.239732669246875751e+00,3.150569818301261371e+00,8.965330614829994715e+00
3.018900118172166414e-01,2.978587277879688466e-01,5.804006313545234663e-01,4.349486697899187071e+00,8.532453731878494096e+00
3.696651581235852468e-01,2.752232051946870151e+00,2.720178242154964732e+00,4.972455636872693319e+00,3.019446457110378290e+00
1.088129853294194760e+00,5.032129699190329708e-01,2.370801583213574926e+00,5.928033597821777967e+00,5.659670634473739526e+00
1.293951092374548417e-01,3.518375892839742392e-01,4.251180961187834839e-01,2.660202496262270788e+00,9.570695949703711847e+00
2.249963874280846154e-01,3.543266578616275364e-01,4.545640094793536257e+00,2.392274223027041291e+00,6.540142011953496315e+00
3.454076747146737070e-01,1.473812820594770923e+00,2.241059615325340815e+00,1.782640998004907384e+00,8.808031673849406218e+00
1.955109478131021317e-01,1.560897001681500251e+00,8.178819293767793930e-01,1.077144434229148073e+00,9.334265638573929991e+00
1.277977994665813466e-01,3.235945706405110034e-01,4.050968529671690743e-01,2.538062929489469877e+00,9.626303784367511440e+00
1.299195689318392299e-01,3.611808145291073302e-01,4.312542882658965127e-01,2.698106148293476281e+00,9.552608330332125419e+00
1.394071650636556914e-01,5.555320069739968503e-01,5.152320112126247409e-01,3.307403297498565209e+00,9.193603949554194799e+00
4.737793510275987718e-01,2.116729534073138019e+00,4.012903339941224168e+00,5.426589985097516333e+00,6.304640062792343791e-01
1.844415874228507723e-01,6.099263385142720262e-01,8.949977793127158465e-01,6.784946353108500361e+00,5.562445773105284985e+00
4.819930273821019240e-01,1.811655110428981530e+00,4.216797522122321951e-01,6.646025539310528529e+00,4.810355010875192683e+00
4.080641029262040975e-01,1.389338350992910254e+00,3.693148818406020162e+00,5.061708774906221286e+00,5.119057727487080101e+00
1.141872918179900109e+00,4.369629653796491264e-01,1.138207227384992581e+00,5.895273169277193581e+00,5.240444739323768530e+00
8.625609547362116380e-01,7.293120413045947048e-01,1.211891852003668557e+00,2.484282550823065261e+00,9.071350590510787626e+00
2.653961948482470579e-01,1.191270849018579270e+00,3.325934283058264551e+00,4.464653327847914355e+00,6.376747472493851987e+00
6.666680015790055203e-01,4.523412269792289386e+00,8.032260259889518750e-01,8.230187078446173921e-01,1.616377552553732055e+00
9.580630474097977523e-01,1.688579663494992333e+00,2.467203417565039469e+00,6.359574278879236431e+00,2.587533012914356334e+00
4.390919639515037942e-01,1.497786213474150419e+00,5.048571038768062680e-01,4.568290829187696467e+00,8.155740673725007994e+00
1.816123762025417587e+00,1.059135004729034213e+00,8.299561015744578718e-01,7.198808907181850181e+00,1.242559299234570425e+00
1.275474378523025365e+00,3.342267262739694544e+00,2.503391079076126680e+00,1.016907344983071670e+00,1.294266145272804369e+00
1.430136097028078812e-01,4.727186724204222035e-01,3.591765002527136375e-01,2.905889317197060784e+00,9.452863692117123406e+00
1.203473222025933931e-01,2.952072520483685070e-01,5.286450184049535927e-01,4.710912736415632018e+00,8.258278396030856783e+00
3.649449689140392139e-01,3.902623708194399299e-01,4.469852888594562756e+00,6.377184103618454003e-01,7.442213636876742200e+00
8.653916311036830011e-01,2.219261033747383038e+00,3.482948221401591660e+00,2.754518312136413627e+00,6.553053294240669402e+00
1.100803799636706382e+00,1.289985732200873869e+00,2.193224886705429810e+00,2.282692491185203565e+00,8.127056294111593360e+00
1.568277554231075621e-01,3.547992027986915931e-01,1.726173004487223939e-01,7.881852079797041277e+00,2.674859155465949989e+00
1.820114348432048945e-01,1.403774014733124353e+00,2.143031730740616592e+00,2.869554041573070258e+00,8.366428831271237598e+00
8.620062212844816774e-01,6.116542831130044044e-01,9.985424192564027468e-01,3.012776990345073180e+00,8.850824658835849235e+00
1.751175243887766464e-01,1.084134994551559261e+00,8.049754288414133763e-01,7.290365454827592906e+00,3.668968101192604525e+00
1.277327983394327404e-01,3.062501316410848329e-01,2.209300348267010383e-01,7.095310778627591297e+00,4.988897504146512674e+00
1.625252131151552482e-01,4.339939843812455900e-01,1.944441482798991427e-01,4.637745569461754869e+00,8.408299094780034011e+00
5.335532736184803726e-01,2.140445893360909846e+00,3.786249174942891038e+00,5.518553595569853698e+00,8.087519620082550542e-01
3.471911559699298877e-01,2.316475851024119681e+00,1.603774935142037394e+00,9.017319572098605462e-01,8.514596484028571055e+00
8.115637789448282291e-01,7.101762436745953089e-01,7.355141357056418361e-01,4.821390087989177786e+00,7.859852401672517530e+00
2.520621231226181647e-01,4.213354717215767042e-01,5.292709847090885766e+00,1.607231528843478863e+00,5.358647231775741204e+00
2.766435953536288683e-01,1.357836123847211640e+00,2.821793843912110855e+00,2.771823729575637607e+00,7.914289607152321437e+00
9.735941532788332520e-01,4.122886546353061732e-01,2.463424679240096893e+00,2.227393291833172029e+00,8.548584325249986904e+00
5.511609279863606270e-01,2.919893788826898540e+00,1.711419615788758897e+00,6.096870848489825967e+00,1.412278474973121867e+00
3.726275302243866605e-01,2.322912762505088935e+00,1.026938067148870370e+00,1.804405137446412066e+00,8.563427738724241678e+00
9.246246558655171199e-01,1.590802847554179777e+00,7.498532021468854447e-01,3.157304189911652514e+00,9.015632482257840863e+00
1.469947951893453730e+00,1.073513293565125926e+00,2.826049693141260644e+00,5.323245619673725448e-01,6.073703079833947527e+00
3.283310995224328899e-01,1.268057462318505246e+00,1.065734465503622719e+00,1.529696962297268703e+00,9.562906907845587057e+00
1.639145654079350312e-01,7.015157951643139489e-01,3.187522349825644419e-01,3.553104989191342433e-01,1.003474562162706185e+01
6.984004418249003532e-01,3.530906052549916296e+00,1.424848703291731189e+00,4.510933475090905809e+00,1.421208016227886395e+00
3.279666892261303146e-01,1.564950280536750560e+00,3.572803970007597751e+00,6.186495338408854572e+00,8.257405296820110596e-01
2.185541800398680956e-01,2.196388242810080271e+00,3.428940397652467276e+00,3.805512042375684523e+00,5.049217599569051806e+00
3.377118286630860222e-01,8.251306860931052478e-01,5.065977004208296997e+00,4.758585056511171807e+00,1.312396427941285637e+00
1.195869864445087971e-01,2.124030921649217307e-01,3.270261663445171441e-01,6.628010451603953079e+00,5.909075157748061358e+00
1.746544668485786878e-01,2.256653481797232519e-01,4.725026228539472295e-01,7.957884520155890762e+00,2.419731955908588361e+00
7.839915980865752587e-01,2.454102497821683826e-01,2.343024171873163475e+00,1.456766930676822058e+00,8.904221333788246540e+00
7.879911908007644072e-01,3.091561771683357218e+00,3.932468871311069591e+00,1.931934006476666132e+00,9.558540270832611707e-01
1.693033235074918319e-01,3.630794160228865142e-01,1.750727013610169358e-01,7.725720728105107682e+00,3.390611716030625722e+00
5.152307359839741752e-01,1.938041471412888406e+00,1.911635107455792681e+00,6.587512388273797370e+00,4.020035097338584329e+00
1.301798084716374315e-01,3.291027049135304416e-01,2.339497014206760872e-01,7.535566340349292069e+00,3.824803751357258363e+00
1.797341017684420950e-01,1.098479736286218422e+00,5.873412636192367753e-01,2.023814838501527102e+00,9.531841931554854597e+00
8.702262639713000958e-01,7.341266575454951093e-01,4.994547769996709796e+00,5.633517336226138816e+00,8.925639447057027720e-01
8.324757953220964790e-01,3.067268759549293566e+00,3.803101381702732819e+00,1.246905400760044191e+00,1.767738245948596632e+00
3.856787113069182205e-01,3.111649754825895897e+00,3.093868647855368081e+00,3.697660995012027385e+00,3.699033936062698480e+00
1.307599349665659882e-01,2.560219376268110247e-01,3.504683161985054918e-01,7.747868093379953969e+00,3.117702029461552726e+00
8.153734941584487306e-01,3.021696209906131969e+00,3.643780684850976836e+00,2.643615340973637817e+00,2.084599373384807830e+00
3.094846047240630837e-01,4.605745415037617585e-01,4.201592532231815724e+00,7.339217130482044160e-01,7.856756327564403009e+00
1.669626285743787131e-01,3.436773311132548248e-01,2.057117939827743380e-01,7.169626187051801658e+00,4.964653123282579017e+00
5.358291055353263665e-01,2.842200063749070083e+00,3.561019187448753787e+00,3.028244623466131102e+00,3.493945495416015401e+00
5.192494522963903014e-01,2.406148508997632884e+00,6.297121565139207622e-01,5.368226011187158697e+00,6.703904965359199331e+00
7.027732512908702045e-01,3.502380825721195912e+00,5.564010453873116102e-01,3.973007621161632752e+00,2.051692570614369160e+00
2.022726193011133988e-01,3.827497179955609008e-01,2.393640719190993082e-01,7.342386281918287239e+00,4.671037146566646037e+00
4.220961887945323676e-01,1.621128943429187785e+00,4.117865688542826419e+00,5.130121191789637436e+00,4.325285124674230985e+00
4.441514596740545606e-01,1.479875345690210953e+00,4.846266189255204360e+00,3.857418090164973723e+00,4.702469208118530197e+00
3.553271874805801200e-01,2.152075638341122144e+00,3.877498641778818200e+00,3.706311657068002141e+00,4.427852884461670691e+00
1.444216871153367054e-01,1.538323557280737164e-01,2.028034077530189438e-01,1.869553314690568069e+00,9.902419829064442069e+00
5.841899745576089042e-01,3.191042318738317007e+00,1.337811899037224084e+00,5.582392989292864982e+00,7.078756437838166216e-01
3.277091462379435605e-01,1.035152238766755772e+00,3.183093608144613285e+00,7.154296506013331225e+00,9.572791803344466999e-01
4.397148229154446142e-01,2.486981221745265369e+00,1.383505973168890346e+00,5.170541152491487935e+00,5.790451952349567222e+00
2.348290075674820399e-01,5.616122080431522612e-01,5.903448088899483359e+00,1.214635500276840530e+00,2.809279949886183569e+00
3.456401786737476334e-01,1.666992540625841457e+00,1.991936572006742567e+00,6.529817433439275121e+00,4.643497863584362229e+00
2.563995281078006450e-01,2.024841976810565214e+00,2.573079187659228051e+00,2.303646396652874184e+00,7.511804178791861020e+00
5.677320347595742334e-01,3.129589865819869754e+00,1.336712069865396701e+00,5.753910584074234613e+00,6.290608840514047007e-01
1.583727830179934848e-01,3.568513409252779267e-01,2.062480197127549708e-01,8.058709096611185174e+00,1.593847358415765525e+00
4.644347108718318018e-01,2.722754388519188495e+00,2.193295278900224243e+00,4.406580032886569853e+00,5.495139257316221659e+00
2.789987851975442856e-01,1.823062802144157057e+00,1.362454987536061424e+00,1.718775464181127921e+00,8.818423510125569464e+00
6.194131187727986987e-01,3.470957458151088471e+00,8.361538096752485494e-01,4.964810567862585344e+00,1.269146281153722633e+00
1.979356869223893034e-01,1.093247271946246268e+00,3.540344775833796032e+00,5.569962250280288352e+00,4.262981282184523657e+00
3.195548357126170580e-01,4.938734139314719940e-01,5.763757901594554589e+00,2.168526175470665507e+00,3.703245919431436661e+00
1.284068797204091783e-01,1.931822179763744152e-01,3.210874060942471298e-01,6.114432777260997653e+00,6.724148186352898904e+00
5.812346271787548480e-01,3.007568866787617257e+00,2.920061818101903128e+00,4.079429981930259075e+00,2.666657122661434176e+00
1.392254203905785304e-01,1.769231729389043328e-01,3.802151347460011044e-01,6.763806870845082031e+00,5.702938488205633760e+00
1.449430664313070827e-01,5.758956808710113950e-01,7.001287665569045915e-01,5.683711905148740584e+00,7.147705634796133189e+00
3.734983742652933092e-01,2.876550621886648340e+00,1.372002110114335149e+00,2.644216166570471316e+00,7.131330637604681222e+00
5.829555323995900817e-01,2.427954773671259225e+00,3.800612689683393164e+00,4.732104998445111121e+00,7.213257322024627660e-01
9.861001393206867416e-01,1.463106402250926141e+00,4.202811736498817119e+00,3.669284755910432683e+00,5.798717768654984006e+00
1.253801742679506726e-01,3.925723066265329741e-01,1.349175024073693274e-01,1.320910542645851449e-01,1.009343525812085396e+01
3.848277753048109928e-01,1.456796365370643720e+00,3.317675697692443304e+00,6.192317382117650482e+00,4.075177595547376797e+00
2.912546209309546663e-01,1.855319760489909209e+00,1.681315160124594810e+00,7.220507011712314238e+00,1.333746383743599662e+00
4.334472871836763663e-01,2.733201207585055137e+00,2.283210658685341343e+00,5.522030424753570088e+00,3.188589478880441419e+00
5.274036775691588463e-01,6.242871602726798308e-01,3.419023001940466600e+00,6.047234254010879440e+00,3.592889118985628016e+00
2.152283098014013130e-01,1.735701943460688401e+00,3.864102147291184064e-01,5.024058859704639834e-01,9.353395099436932369e+00
3.790895649206401652e-01,1.303911284406067406e+00,1.895100167703006155e+00,7.443443596823233754e+00,2.598462561226095424e+00
4.765905116689983512e-01,8.933378967800474912e-01,1.102892701029610123e+00,4.221892018984521044e+00,8.613439934042714796e+00
2.405897891973305947e-01,8.627388657529394544e-01,1.129011946219516282e+00,5.513208719707788141e+00,7.312835981736705016e+00
3.058289028569851076e-01,1.907041334743069916e+00,9.350133090276717684e-01,3.646651044300336153e+00,7.874291257140829003e+00
4.298334713223255221e-01,2.036953035239620569e+00,1.666461467461505475e+00,6.581838794318551678e+00,4.187947576087260870e+00
7.280282356720354509e-01,1.014452019720064602e+00,3.127352203733140268e+00,5.857812292247920105e+00,5.133721008038548028e+00
1.361743841501876329e+00,3.160176398745165649e+00,2.993170730993583994e+00,1.134962832793651843e+00,4.428318190425722278e+00
4.462201830365645217e-01,6.178819559271381268e-01,2.503542257558011741e+00,5.791908616273849120e+00,6.825508838915774312e+00
1.186310285017367627e-01,1.951881968967357772e-01,6.287846916760493343e-01,6.530369374159511686e+00,6.028948837230527324e+00
5.205713972721561777e-01,6.482757716870645170e-01,4.212120080449201609e+00,5.535064528518846672e+00,2.856950414184962650e+00
1.211084432096626307e-01,1.387479464759009684e-01,2.440830563658746011e-01,2.528960605185640809e+00,9.647794245558381832e+00
6.125206812533754430e-01,2.917051373199374797e+00,3.562784981582269417e+00,8.553162894173425013e-01,4.905087427565518077e+00
1.721235316256662262e+00,5.901620539001690702e-01,4.116446381955327638e+00,1.254830796144586147e+00,4.998740455305270558e+00
5.417553263168324307e-01,2.996285130475852654e+00,1.056882854959120266e+00,5.120674681924757721e+00,3.932578028316010776e+00
1.242762579396970851e-01,3.366061588273894234e-01,6.205097291608596688e-01,5.744223513805455816e+00,7.157886370046806945e+00
2.659440174080490715e-01,1.519689576646760854e+00,1.530555063467097687e+00,4.723295198391552319e+00,7.410902807574708540e+00
2.988716936665385959e-01,1.421676921487733836e+00,7.756017274356993285e-01,2.891549258659843691e+00,9.034968524962392777e+00
1.877984487464201546e-01,3.984740245187823326e-01,1.938755450975941708e+00,3.339403555931649281e-01,9.669594753033214474e+00
1.338782858139435650e-01,1.884807949154645723e-01,1.522366434081030562e-01,2.758638471465900910e+00,9.556556056376464880e+00
1.956532828691253389e-01,5.195442186867127443e-01,3.761472931801236541e+00,1.600836048841241865e+00,7.969648917768129337e+00
3.839361910581122750e-01,6.201071109120056546e-01,1.798419057847617353e+00,3.098669118560535729e+00,8.937374628910951913e+00
2.894623330713643194e-01,1.299715285656919850e+00,1.394523554418873434e+00,4.538655315014287872e+00,8.016564406325059622e+00
1.454077618804987537e-01,4.911606783011694954e-01,4.801759758743948225e+00,7.158912270751187634e-01,6.302777796107508657e+00
5.677185158956928879e-01,3.144201712748877942e+00,1.402860561234530845e+00,5.664453387202729395e+00,6.086251813220004969e-01
1.255259173439530751e-01,1.586392608260307480e-01,3.563771235007154314e-01,4.645609872665945161e+00,8.348246236145049792e+00
3.710264464415972685e-01,1.920702413134439679e+00,3.168045900229273126e+00,6.235926310881019674e+00,2.079485253607917805e+00
1.768507802510296267e+00,8.767866249676938839e-01,1.552288530871216210e+00,4.970159339350464833e+00,3.845686864175615671e+00
4.853930694774162280e-01,3.205242649166416768e+00,3.038813962793331491e+00,4.479821977459350180e+00,2.203702065822660927e+00
2.699406896168092818e-01,1.478544163735244332e+00,6.929536675147467406e-01,5.164927962930552674e+00,7.312775789771214008e+00
2.927054088220985006e-01,1.371145586341000033e+00,1.979819977069235071e+00,2.973361528549804067e+00,8.787684468344609812e+00
6.684706667664030988e-01,2.535762538132292576e+00,4.315948414654135590e+00,4.100625120549013403e+00,1.907686590265013749e+00
4.081046846347426982e-01,3.475599194868710828e+00,6.018440295680609342e-01,4.678901373037956724e+00,3.151374800967926326e+00
2.006533156643962590e-01,9.071765234823930824e-01,3.095476311063626862e-01,4.162627861698654286e+00,8.636680211905380489e+00
8.321197231006765005e-01,1.051372146038287436e+00,1.675309577224954882e+00,5.263330577826117462e+00,6.950782426869341890e+00
4.149862086901175973e-01,2.888115356136884415e+00,3.182010589799193490e+00,1.802556159864862950e+00,6.118558439690489514e+00
3.074945164067294234e-01,2.554409043213932584e+00,1.434058319125120384e+00,1.083140282123222775e+00,7.797627797542287631e+00
6.703648253978011784e-01,1.388909911429598409e+00,1.171315766532083469e+00,1.564690620788313780e+00,9.361875079301148261e+00
2.544109133435024095e-01,1.286940370442104076e+00,2.943919532896158486e+00,2.166587933228036889e+00,8.337606975322540137e+00
4.178083783808517748e-01,1.864509998102192201e+00,2.815428070954258732e+00,3.580821096281039839e+00,7.034822214512520766e+00
4.208330279148158048e-01,1.741037930724780081e+00,9.946368020180076375e-01,5.426487569547103540e+00,6.541286598218798432e+00
5.876940081999963983e-01,2.816294479315613053e+00,1.705260471926218102e+00,6.118443093323615578e+00,1.605693569933573928e+00
2.590310073412732672e-01,1.628433592130374308e+00,2.151795555677671778e+00,6.904506144982492266e+00,2.740541901203385589e+00
2.132201961973387849e-01,2.069328835321340154e+00,3.200421703140937102e-01,2.599393625400699959e-01,8.878264383802525472e+00
1.263892577695189534e-01,3.961931631536574350e-01,1.322269653051582616e-01,1.365277944981817537e-01,1.009386265923145132e+01
1.712286996588412435e-01,1.234908413765633206e+00,1.676175127899282691e+00,2.424099671986057913e+00,8.966198469741563315e+00
1.475115809603261274e-01,1.947694841706081870e-01,4.447938718301148175e-01,4.818625792798559182e+00,8.186003475483435210e+00
1.402809456491654894e-01,4.265413753676909336e-01,9.869360726376252835e-01,4.950180077615602414e+00,7.951904722185806129e+00
3.715820989302576205e-01,1.941927212845129258e+00,1.903151769333659704e+00,7.010219774977059615e+00,2.989334982297029875e+00
3.109692018985628081e-01,3.445982507047780641e-01,4.719588380949792494e+00,4.029038657596838213e+00,4.921116993878585255e+00
8.001040625035813481e-01,2.630544105976565739e+00,3.353578666627333948e+00,5.128392127658248256e+00,6.589013240084831136e-01
2.458970025611170451e-01,2.060833026783817523e+00,1.391178234665032987e+00,5.277908783508152624e+00,5.997118756123623662e+00
2.241411776394295619e-01,2.001590006666865484e+00,4.095239489135064637e-01,2.550797784421680703e+00,8.521232554030067519e+00
4.543128093351565533e-01,2.364368198063542259e+00,1.961998081128212057e+00,6.551865923484917253e+00,7.880465548554854704e-01
1.220246130478855467e-01,4.739220587029873144e-01,1.262103280544126349e+00,7.716004007793234365e+00,2.388259924678679536e+00
5.683068594896808490e-01,2.473403254007992214e+00,5.834818467642925999e-01,2.845669734090418235e+00,7.895673293770888002e+00
3.722121618934617904e-01,1.929740869017849914e+00,1.938282232479141332e+00,7.150303188617929351e+00,2.356315781757856609e+00
1.206900442343971785e-01,1.368639500363578176e-01,2.334471768588736174e-01,2.328483201911124567e+00,9.723904611371404272e+00
3.837913013732653922e-01,4.233010152313742225e+00,5.042852448390766629e-01,8.920390802924953455e-01,1.311391399068891461e+00
3.539386249101621473e-01,5.007705346633297694e-01,2.552027227873677973e+00,3.164391282638864489e+00,8.499395976410349718e+00
3.987318340427802310e-01,1.591478775001316848e+00,1.013316918135111822e+00,3.373668835087076712e+00,8.782759684730500283e+00
3.846741133527580292e-01,2.952441862423072383e+00,2.156028975806480563e+00,4.696869700583776286e+00,3.382285922259848476e+00
1.893508451128750603e-01,6.306672422557441093e-01,1.436411869556271537e+00,7.935477994338603125e+00,6.955922659743652980e-01
1.016857256364051221e+00,1.539026369803039085e+00,1.434018272817839890e+00,6.039554093881796426e+00,5.904470276034176734e+00
1.840057978495641955e-01,2.977345318482737535e-01,3.215947483077299385e-01,7.516716131339463480e+00,4.032509411727920323e+00
2.038468771705123639e-01,2.737495100162667061e+00,4.095134144691309430e+00,3.038914314466517386e+00,1.048656759253532744e+00
9.247121296275317981e-01,1.448495315314616949e+00,9.817426124970933810e-01,7.488118220767487010e+00,2.585531067380348880e+00
1.312919524652473413e+00,5.312169895674110354e-01,2.390103993085221035e+00,3.498805125182621989e+00,7.279866185322461547e+00
3.776608268214139974e-01,3.131080729175586441e+00,1.615978618566192182e+00,5.640227688255010641e+00,1.085044649482320711e+00
1.973400013072270087e-01,1.221955789944233262e+00,6.502321079076346377e-01,6.371207785863726158e+00,5.757077677475074040e+00
2.765183087283014651e-01,1.550996453205255809e+00,1.904395995714542877e+00,7.290741415067745201e+00,2.232864604895338889e+00
3.598124025756544997e-01,3.763019293901412432e+00,2.997442164849707602e+00,1.099819016617782141e+00,1.544673874607638053e+00
1.481723822149699776e+00,1.177956774874528101e+00,1.321832106914660132e+00,5.730416759634247015e+00,4.369840501632548779e+00
1.187636486823887838e-01,2.002376836384353320e-01,6.460950158461212789e-01,6.598947230081239290e+00,5.906142091029893848e+00
1.176855028201219261e-01,1.591050711763539183e-01,6.724733932393107683e-01,6.652946841277016965e+00,5.806357729148830416e+00
1.064354976000264630e+00,3.222166166601090787e+00,8.316016655355313869e-01,3.473359339778004262e+00,3.948506484667318350e+00
4.071423716015849514e-01,6.025568717505254135e-01,1.694987331572115785e+00,3.252239723406121552e+00,8.851155175256767649e+00
3.245108984649471839e-01,1.048317225992022594e+00,9.476224219455938735e-01,7.818075700068000344e+00,2.467649960958874900e+00
1.373440292171572985e-01,2.045577357810803854e-01,5.999772217650365391e-01,3.437180399282087961e+00,9.176039584189545906e+00
3.154798968173130325e-01,2.202977136127073798e+00,4.549849359698955986e+00,4.081250019614391711e+00,1.903526523648956248e+00
1.746079679199023238e-01,2.572921651645567742e-01,4.013715452306448328e-01,6.885098131449248982e+00,5.591432695094088245e+00
1.410103198025902671e-01,1.679167471542054868e-01,3.356297312618548578e-01,5.224313346618972176e+00,7.853877522566491187e+00
1.645306120837110864e-01,1.071039694871333214e+00,1.257061725967313137e+00,7.765928521228484094e+00,6.299251534321200774e-01
3.476624963303991400e-01,3.077359218392626605e+00,2.453329534724109973e+00,3.290558223410028571e+00,4.221904789044883977e+00
3.739342107202384691e-01,3.031895973100868336e+00,2.233323382541253288e+00,1.948294714754859047e+00,6.038876077916326857e+00
4.634352049881516056e-01,2.402003659222964771e+00,1.939369029345529905e+00,6.503894152677532681e+00,8.632744426151929273e-01
1.790146750472371151e-01,2.327848437271139659e+00,4.710847566874383774e-01,3.961347167314960283e-01,8.388779108264683870e+00
3.338403211319864172e-01,2.323619707348115959e+00,2.482033933737572085e+00,1.969181001166582679e+00,7.630180762088244251e+00
1.255398211222492066e-01,5.086598819995946652e-01,1.390451265586734042e+00,7.824800427616758647e+00,1.396431377686386366e+00
2.683091411704943141e-01,1.078494233092348598e+00,2.645248681922945710e+00,4.414760378549835274e+00,7.494341541833489551e+00
8.604927034126983454e-01,2.613677575769941530e+00,1.062167609534825363e+00,2.746912548675494392e+00,7.582731345268799217e+00
3.181234550509878245e-01,2.275498453958797018e+00,4.490411149994768536e+00,4.117659167975474155e+00,1.642296104221338870e+00
3.559005321803972444e-01,1.399809348101687556e+00,3.754634004911744594e+00,6.250450807669578168e+00,2.644935113193606746e+00
2.182739190954746389e-01,1.013696887726235563e+00,7.235435817829413141e-01,9.133809292094829946e-01,9.825322579184167182e+00
2.260185069383257861e-01,9.962409144960195917e-01,1.533575131035378236e+00,5.683919469776510525e+00,6.824361457469539261e+00
4.471580688679992477e-01,6.395212045709228743e-01,1.847370325110641254e+00,3.601207358775712297e+00,8.430337792381511264e+00
5.866846138189183435e-01,1.804263330006814048e+00,2.179044558342594584e+00,6.901384674007994491e+00,3.914720920240651658e+00
3.921038495786833833e-01,4.047762671653940991e+00,1.620999682356733418e+00,2.084970303364378275e+00,1.591032244036974408e+00
1.913363744946161016e-01,2.274412623730127869e+00,3.103359113622579102e+00,5.587372638203086161e+00,7.719253313663279048e-01
2.242784201265538568e-01,1.100118628966730183e+00,2.765545348933530878e+00,6.950372150682793126e-01,8.927461698400502854e+00
2.947193800759770888e-01,2.824583871013194081e+00,1.060374961179266329e+00,2.859808246137469201e+00,6.929985644057115479e+00
1.984754370487113173e-01,2.708720017964215465e+00,8.647620178039121530e-01,1.026423743276206446e+00,7.505504928184916658e+00
1.642244148166885631e-01,2.926718488773162874e-01,4.117616734629490072e-01,1.059400136432069761e+00,1.002718776476847573e+01
3.000328335975253058e-01,2.765875965403188808e+00,1.458075872766616543e+00,6.047291282494231091e+00,1.918743423508238788e+00
6.176259642078190115e-01,2.838910991636820924e+00,1.215754220732194746e+00,5.220559559778445546e+00,5.102099446071749256e+00
8.142973202713108538e-01,9.551982948177630828e-01,3.069151956518239466e+00,3.083557863666551491e+00,8.107016523146048925e+00
1.860889239548981777e-01,7.348101726295055425e-01,2.385918846077642819e+00,5.090427333550184841e-01,9.344282483472424516e+00
2.449472435342155974e-01,8.983840945666806688e-01,4.245522450856694663e-01,1.403596999282844093e+00,9.931517708591755422e+00
2.998872326472238892e-01,2.489904457054826992e+00,1.239506044838055931e+00,2.120769560655575869e+00,7.669559811896580648e+00
3.012734943029875545e-01,3.915393452847737987e-01,2.051119353332880646e+00,7.266923175303849902e+00,4.242321777890402323e+00
5.718289176284232500e-01,3.179766552114394962e+00,2.264434961315122230e+00,4.465338085388306233e+00,2.284471803879851937e+00
1.239228628257805775e-01,3.151831369122024551e-01,7.504472657429916982e-01,9.944505750030814273e-01,9.989667672410158517e+00
3.273536242007768493e-01,1.339043120526938635e+00,1.743911680492412408e+00,3.431255122619462750e+00,8.792870119523593431e+00
1.819655228302260730e-01,1.115187176813480230e+00,1.173742243661024087e+00,7.026048375563586745e+00,4.357278331844079311e+00
3.339124226077887503e-01,3.765600197668444338e+00,1.474689260857339645e+00,3.549849186764325815e+00,1.143988032928915155e+00
2.075910437701528888e-01,3.527365311131916314e+00,4.604682779120338743e-01,2.516497747861595968e+00,4.337561815061993897e+00
1.940464829944906211e-01,4.673261304334327404e-01,2.223253744776811036e+00,1.407260771971444946e+00,9.441249723570791730e+00
6.167977016210023367e-01,2.190583509455657385e+00,3.652873388011633082e+00,4.766617136981096792e+00,1.625754513296130410e+00
1.036495116185949694e+00,2.832634194412205542e+00,6.594298075042814844e-01,5.023081440050388480e+00,4.369544016159943922e+00
4.717491783101809277e-01,3.127907562010993736e+00,3.448485113097509380e+00,3.622666975698751290e+00,3.764197194503360322e+00
2.725263187877667304e-01,2.377183664177071609e+00,1.149395825912032487e+00,6.205456026094981148e+00,3.713142592390891839e+00
7.588212520571546715e-01,2.589250967794848091e+00,3.004253057481296896e+00,4.563233598542528746e+00,3.047820539272152462e+00
1.840177228560177791e-01,1.818544919941725624e+00,2.694860029080480501e+00,6.545697068768669524e+00,4.538454894221184976e-01
1.120755391880516316e-01,1.378162164888664665e-01,1.929564809032907613e-01,1.328744710002781160e+00,9.992864082791072633e+00
2.256084572111426434e-01,3.450673766570269696e-01,3.759805462205945137e+00,5.279511758256193232e+00,5.237736069281361928e+00
2.739562486738854608e-01,8.184521821159072008e-01,1.620239754680976141e+00,4.172397226460568653e+00,8.564139175938418447e+00
1.813481121496851034e-01,2.228832842530266589e+00,3.756642801470497783e-01,2.717089526488942197e-01,8.565147214076267446e+00
1.860133869409223428e-01,2.197174399855018834e+00,3.511452465190966765e-01,2.342645863082171154e-01,8.636004581285259718e+00
2.447578894334160315e-01,7.648184521648789813e-01,6.683245991679737097e-01,8.738331190518183744e-01,9.908040889481968705e+00
5.019598236226131549e-01,3.105797883756322264e+00,9.327988542643753656e-01,5.332698138563860546e+00,4.549418648757198369e+00
3.879352923360293581e-01,1.039607330154162845e+00,2.631262767095982613e-01,4.693619012739271845e+00,7.996919489228786482e+00
4.016470072362697818e-01,2.508643534723931090e+00,1.356071525387381627e+00,6.129235297855567310e+00,4.284988647622214764e+00
3.475563959798109170e-01,1.852153924569325261e+00,2.758183475298949361e+00,5.635400054564141392e+00,4.884930941589744613e+00
4.569084412632398173e-01,2.442561098265483288e+00,1.720300915725587521e+00,2.566093793284312863e+00,7.786420839018813211e+00
3.998793644125433477e-01,1.705255833739468541e+00,3.728539833829547678e+00,5.530290256342667021e+00,4.129374839478188619e+00
7.257214659639545928e-01,2.866834169592111348e+00,3.374088572447305978e+00,3.862770250843482245e+00,3.631761189745910556e+00
2.568468916536801316e-01,2.079970218919444225e+00,2.014818993607237818e+00,5.949801334839354361e+00,4.384614324498329552e+00
4.007443433742940986e-01,2.737771101217547631e+00,3.245105418440098699e+00,2.662200673072018020e+00,5.017109384547651096e+00
3.019448137801545307e-01,3.826914601234150393e+00,1.994993489690811472e+00,1.277084210864039449e+00,2.890761587208491523e+00
2.514410339373979175e-01,2.946054470939813985e+00,1.600964026306687771e+00,2.161158452990607159e+00,6.454609100165782820e+00
1.282726306142105976e-01,6.468709700621086967e-01,2.643295042435071185e+00,3.428874657082745969e+00,8.057027082281267738e+00
1.152674296286938932e-01,1.928039016340848955e-01,1.528700162379791894e-01,1.575768518170304278e+00,9.939387021424357371e+00
1.567905846203234421e-01,3.927653787865806878e-01,1.696685680167315136e+00,5.409333241668820236e+00,7.193260909888229193e+00
5.214519431406028360e-01,2.367062123026250298e+00,1.780495771618501477e+00,6.311248037299270308e+00,4.398418989690444647e+00
3.400522967589586498e-01,3.513510005440608541e+00,1.519335539600080054e+00,3.684231093065414075e+00,3.511710694398280985e+00
2.659879235749985082e-01,2.487225865860192453e+00,6.157511406837276047e-01,4.216980816499337203e-01,8.295061441064321528e+00
3.428898786618232442e-01,1.773281183790272220e+00,1.364121624776283959e+00,3.610128733859694794e+00,8.445875398252791655e+00
2.218084032360477242e-01,2.921164990592766575e+00,1.298997290375041747e+00,1.605386136158812649e+00,6.659849075820973852e+00
1.176669497524723829e+00,2.384052970243628167e+00,4.873154966656814135e-01,5.241265357551099235e+00,2.829443574845026621e+00
1.739727257362427837e-01,2.953450248365626085e-01,4.018688000052679232e-01,7.901215725261653944e+00,2.673747117365096848e+00
2.552435160842756456e-01,3.646730461982316207e+00,1.606808038068878286e+00,1.978630476018995443e+00,3.272281160508534015e+00
3.969887348147134176e-01,3.216121694095001704e+00,1.613420406483281111e+00,2.512446522365106905e+00,5.703952814669892568e+00
1.840650893959047130e-01,2.431246001686555136e+00,3.972127165808460703e+00,2.684208754192296098e+00,4.027244501996142922e+00
1.780478442034630904e-01,1.578737121111834840e+00,2.918176853260898707e+00,5.769532663084406821e-01,8.164589014174161719e+00
1.985959710117070343e-01,3.558221095249305965e-01,5.573327012704645256e-01,3.126691505124589154e-01,1.006803954348277941e+01
1.657600573518121512e-01,2.000413857757208369e-01,1.711532982481437370e-01,1.869939264053580352e+00,9.894144018805208773e+00
5.249162303165715304e-01,2.005307869709385571e+00,5.389047347174027447e-01,6.004350990071195326e+00,6.171470305876217033e+00
5.952015124346536901e-01,1.564334232829376115e+00,6.441795846796303238e-01,7.894017921504993263e-01,9.155724906059507617e+00
1.259662179923332626e-01,2.137201054089748198e-01,1.697690396226337328e-01,1.857287482097559783e+00,9.882386792815243126e+00
5.669100280451192519e-01,3.195152991693147815e+00,8.204208857630772567e-01,3.787018902412558674e+00,6.589078933765821766e+00
1.469355535954633696e-01,2.809276181321057608e-01,4.347022343629314278e-01,3.234445844000503056e-01,1.012296086955254637e+01
2.505528685078773354e-01,4.415990092271354639e-01,6.101295633512235916e+00,1.868148696756460225e+00,5.516648987035089879e-01
2.903315978398196551e-01,1.609919306533432515e+00,8.110809735563229150e-01,3.357127901527145131e+00,8.775046270978696938e+00
2.581484727939613588e-01,2.836973492400133079e+00,1.288212362822059642e+00,1.326506972286795927e+00,7.204835790965131714e+00
2.293143242912699109e-01,1.001309751140734505e+00,2.991666443086022475e+00,5.327640355718957998e+00,5.805816537688598622e+00
6.685515163847508546e-01,3.212593988161209335e+00,1.030592756609478577e+00,4.851420928970124891e+00,2.126982068499448264e+00
3.050057444647235605e-01,3.298004400067971797e+00,2.891407446928203839e+00,3.617911493476722917e+00,1.969068992330611056e+00
1.614711185909125657e-01,1.451840173483539109e+00,3.633486153664124529e+00,4.693847878611770774e+00,4.843264473449047536e+00
2.474059828811566442e-01,4.147748759465034740e-01,5.359444242451808726e+00,2.432591101694808522e+00,4.565953610863084045e+00
1.305855632695591684e+00,3.488100975020033689e-01,2.851477126159040587e+00,6.238060255284866962e+00,1.303843799923979585e+00
2.083496044214844800e-01,2.416836448319809261e+00,5.983087469874596165e-01,5.186161201374129837e-01,8.244619282897019730e+00
4.291862535515420518e-01,2.656520853049350706e+00,4.059001838022710196e+00,5.294191217603094746e-01,5.254934655965211476e+00
2.275473729282874169e-01,3.415180324639266907e+00,2.543529526263445639e+00,6.280818107684894569e-01,4.191528282344950895e+00
2.602656313038947955e-01,1.461504219996729637e+00,4.241351042231384927e-01,7.825678816038937669e+00,6.276366382814621003e-01
1.688180130531365675e-01,7.678921977046389014e-01,1.759837775481114308e+00,5.477459556799216145e+00,6.946199600350691838e+00
2.278644961396403823e-01,1.495058609590661280e+00,1.423706192894891531e+00,7.025089587034676342e+00,3.696355590327556673e+00
1.031863211964021865e+00,2.055837353241253052e+00,3.317993059511921139e+00,6.667220348108855443e-01,6.573524613272631711e+00
3.873106344631355724e-01,1.903129477937320901e+00,1.631731742006366837e+00,6.301136663662398441e+00,5.328888378122556446e+00
3.063431261719657406e-01,2.557097881492161662e+00,2.662641704471662596e+00,5.829940208046583194e+00,1.498579384033890349e+00
1.924793054023435923e-01,3.876541955607136769e-01,5.695665769969957104e+00,2.246430522582100409e+00,3.113025974577171784e+00
1.853446489435603139e-01,6.198377974005931934e-01,1.292834064284704709e+00,3.452171848972151458e-01,9.927954457042579506e+00
1.323879955726618318e+00,2.667066266104068717e+00,1.632733300153701439e+00,5.353752174402794495e+00,2.319761095364481829e+00
1.746703832944271340e-01,9.091863684635662635e-01,1.945955365553796002e+00,7.423996697974661885e+00,2.382373065930061706e+00
1.605709684625680200e-01,3.160992467586999366e-01,2.669200079101593515e-01,7.882078148528290029e+00,2.594236510875847390e+00
2.772007373912515615e-01,2.104094799073454869e+00,1.641455930325560697e+00,4.653693546509653167e+00,6.390145195554502777e+00
2.810483977497563179e-01,1.059012726774162028e+00,1.812666341089161026e+00,6.711908572858278355e+00,5.111258319602569600e+00
1.527499176686848148e-01,6.132659771059432163e-01,4.183462592324344032e-01,5.712140713923046231e-01,1.003023623717997737e+01
1.203518770059396059e-01,1.918876481001269840e-01,9.330774841270011999e-01,1.978629074446076053e-01,1.002339788286366407e+01
1.396089029115877012e-01,3.003854246968685748e-01,5.640277033055182132e-01,4.351579187395855364e+00,8.593069709461996553e+00
4.452004890447227581e-01,2.574981886573885603e+00,3.265143291555339555e+00,2.755712113621493486e+00,4.907162052890146953e+00
5.346215245598125998e-01,2.876370764380538514e+00,1.121102876963107065e+00,6.792435233530746963e+00,8.705289077098208317e-01
1.247393157761423482e-01,3.896292427286008886e-01,1.385950267311307771e-01,1.311455050031360148e-01,1.009330031283561802e+01
1.028082402311278454e+00,3.434687693622311411e+00,9.570141420567348511e-01,1.076748618134178104e+00,6.063926604035589030e+00
1.776049514472644475e+00,1.083604015251098618e+00,3.448611899736861552e+00,1.628440016608073027e+00,4.565773099415227243e+00
1.984613141605917341e-01,8.616468948301525543e-01,2.217634748701127201e-01,3.256803889945240282e+00,9.244643957989177707e+00
4.754698821020905131e-01,2.781612854452572670e+00,1.418423839189435487e+00,4.830165509203592222e+00,6.031663703886040118e+00
1.678170212657381366e-01,7.289973685265812575e-01,7.736431625673191315e-01,2.419168827757611773e+00,9.552365725491105408e+00
6.458515626430455514e-01,2.852542348917737502e+00,1.168952691396806465e+00,2.051020401368160329e+00,6.378369094989000843e+00
1.775104063310268265e-01,5.766387663285970078e-01,1.166216383079989205e+00,2.456690974327986332e-01,9.970503720412111193e+00
4.470585091100492958e-01,2.405654796472381118e+00,3.260650818892447678e+00,2.043819874626571220e+00,5.736281396869241433e+00
3.449346319476641609e-01,1.415490894347192663e+00,3.165402263741363242e+00,1.372819537524563760e+00,8.011507909797151328e+00
2.672893116130715674e-01,3.506672712769167144e-01,3.764325561126285802e+00,6.255209649106150849e+00,3.218896227258924103e+00
3.998333825255814822e-01,5.216914849781615349e-01,4.496260557882296283e+00,4.392958823845099836e+00,5.647603330667000598e+00
3.495514680155131781e-01,3.422347766125498403e+00,9.696522467663996059e-01,4.599090384318369473e+00,2.892202915068765368e+00
1.150513051709391721e-01,2.075394106626584079e-01,3.077042147934163085e-01,4.535621419609253024e+00,8.435226343176426056e+00
1.815089203013959263e-01,1.991801773153365485e+00,2.381181182611966651e+00,5.323018629616988129e+00,4.845297344291661368e+00
2.299017941703178913e-01,6.982944056854588633e-01,1.148736868196669203e+00,2.042005356869534438e+00,9.743882505639469116e+00
4.323408158405798174e-01,2.567946702517295954e+00,1.645531010175153019e+00,5.409770612711296778e+00,5.450485357295783650e+00
5.321348351975768720e-01,2.643039977494896497e+00,8.193138983833305744e-01,4.782091730383208450e+00,6.896781397626901899e+00
5.834428952821281156e-01,1.557508013287763671e+00,2.540211453246849604e+00,1.882651022530971163e+00,8.656818721758087420e+00
3.770227777453255547e-01,2.729376666527204343e+00,3.206263795515054582e+00,4.519959553697882271e+00,3.855251034481964822e+00
2.980706162309789686e-01,9.142669139426533587e-01,2.496291742350043474e+00,7.545505919903169989e+00,1.213055552645185831e+00
1.311485671195734282e-01,2.818571750242246932e-01,1.599042196811523431e-01,6.271302939146420563e+00,6.509282542444004172e+00
3.948029885219423996e-01,5.181211422249561993e-01,6.227045745164680568e+00,7.160544421421091155e-01,2.076985496068337156e+00
5.903343295007217328e-01,3.224245989717593908e+00,5.322702006094133242e-01,5.359351436709315131e+00,2.132715548689308349e+00
1.323981081814124272e-01,2.329581493632995604e-01,4.361826363239855175e-01,2.506908508138854241e-01,1.009735980604225958e+01
4.925461781644351333e-01,3.567681728435121880e+00,6.372693641440125845e-01,4.316385498978857704e+00,4.085551003399681136e+00
3.291220153997246878e-01,1.787891301879745098e+00,3.369847199918561742e+00,4.852966563236599917e+00,5.490850277306445371e+00
2.937834516062400869e-01,3.103241920987934055e+00,1.353026034853255233e+00,1.774603918393498514e+00,6.577647529524587533e+00
4.722924307400638844e-01,3.826723053612365533e+00,6.204647732423264062e-01,4.353470207799408520e+00,1.285998522246592390e+00
2.703792965885448707e-01,4.960949747716966174e-01,6.088259287875666281e+00,5.045081423750493732e-01,2.578398213864364408e+00
1.436087067232829639e+00,2.999682988311148879e+00,1.040525632285679292e+00,5.312040110745923194e+00,8.630097003604715322e-01
3.193505642046314819e-01,6.759021582168525111e-01,2.620591912443892113e+00,4.472127453102990202e+00,7.779772256777415684e+00
1.770823738896084576e-01,2.560157176497333875e+00,2.296167220623420935e+00,5.534630839171751582e+00,1.928533989525717640e+00
1.000400035910067986e+00,3.908036090910238514e-01,1.497783704669184646e+00,7.011821455421548777e+00,2.475298205863718959e+00
2.624495170732844551e-01,7.863050173399774856e-01,1.486641200671020568e+00,5.085417252945496180e+00,7.578741160115538555e+00
1.591380757403068058e-01,4.799057341882943528e-01,6.765529431852969067e-01,1.502571102372971534e+00,9.932884624803154594e+00
2.833042359540844379e-01,2.043602756969442602e+00,6.706650486206436890e-01,7.112654363642135991e+00,2.494288833269918015e+00
1.349867975189519009e-01,8.750034926383738476e-01,2.569442110407753055e-01,2.625587532495061271e+00,9.401912018446788366e+00
2.453769175647087242e-01,4.714014481788940669e-01,1.220534490775646574e+00,3.210731163130847721e-01,1.000050119546866156e+01
4.820592652555818480e-01,2.559929676318065450e+00,2.979415416373648817e+00,3.489201510132037498e+00,5.873648499774464682e+00
1.976102775509938902e-01,2.010806431833418451e+00,3.557118669148523482e-01,3.190082915186328028e-01,8.973164667396405392e+00
1.624492880761708724e-01,7.226992308838182666e-01,2.159162936776070740e+00,5.262234589391122874e+00,6.913163951875555213e+00
1.744915398992681332e-01,7.321313898562498146e-01,1.138056006604801329e+00,3.244125168724615094e+00,9.082402764609083690e+00
2.469037284525151810e-01,1.018809791841258194e+00,1.449163880944161820e+00,7.249202238799672848e+00,4.078212398958116047e+00
2.396847467671342491e-01,1.362195317418286145e+00,2.584537017470936338e+00,7.016367846149152321e+00,2.108641660874616353e+00
4.354457161436013912e-01,2.557223710559528129e+00,2.249686434458650020e+00,6.225203877032615907e+00,1.078568039096531983e+00
1.590805481493076379e-01,2.973657689996965781e-01,3.393274082758798160e-01,7.467748465082568288e+00,4.171457364808190960e+00
2.064068008776498986e-01,3.538355534549562087e+00,3.142775785168354652e-01,2.580839038133520891e+00,4.235721508294326476e+00
3.382269451758490586e-01,1.854921722150637997e+00,4.611454141004096563e+00,1.724613435815798734e+00,5.767040300548745613e+00
1.653927705322744135e+00,2.570830751180708695e+00,5.506894960163539743e-01,9.255664835922634559e-01,4.959576504204770586e+00
3.010105090599855537e-01,2.091855378689358336e+00,3.060728288020305499e+00,5.887238467174555012e+00,2.943100803041636571e+00
3.002863247682207026e-01,3.537337419441028974e+00,4.691643287065804246e-01,7.302289433741995239e-01,5.700789001289285451e+00
1.307946155104545483e+00,3.492216913445921112e+00,9.024825457318026434e-01,4.338963522489174274e+00,2.476534388927905006e+00
3.819117779044249872e-01,5.348356718190560022e-01,5.265336651866174833e+00,4.942311748700340956e+00,8.289363029387180060e-01
1.153421638000988458e-01,2.983146965619776214e-01,1.520718099461455253e-01,5.059571115232457394e+00,7.950136309410067881e+00
1.634335621144504813e-01,4.831050564800344338e-01,8.285487446984284299e-01,2.133223821411049936e+00,9.737310619811895052e+00
1.472116681084205680e+00,6.894694334008808490e-01,2.457234982534595158e+00,1.645824444053473279e+00,7.777501108762830739e+00
4.596390686665132175e-01,5.880637083720413605e-01,5.189996111345653418e+00,3.340377852152521587e+00,5.241386745503848310e+00
2.986032609117467151e-01,3.411025852301673655e+00,1.516637661339154342e+00,3.867565068989706312e+00,3.442856224968669387e+00
6.430055082683912016e-01,3.195852549040838042e+00,6.567086352205757649e-01,5.667470785238515774e+00,3.208009270631419607e+00
1.661893733182339350e+00,2.589777728852808991e+00,5.579737453676204550e-01,9.917866403552156873e-01,4.821451662400007443e+00
1.042817196326955465e+00,2.630545843842598153e+00,8.304768559673897377e-01,4.933651533235487996e+00,3.466868230049596544e+00
4.117219807569689749e-01,2.585126114037638256e+00,1.507391922538475537e+00,6.486105461405001549e+00,2.864602775770445309e+00
4.639649444683284774e-01,3.788953779571196723e+00,9.124721459722539008e-01,3.383410197054151691e+00,3.805106170459502835e+00
3.571565875246944244e-01,5.061991833224331883e-01,4.816402585866049080e+00,4.434034672897890772e+00,4.638743489033984702e+00
8.345645990100217793e-01,2.235389054878244686e+00,1.915028149489464093e+00,2.679367760690374745e+00,7.619481188795556470e+00
6.194711049970815786e-01,1.544719668135442037e+00,5.219631082320772553e-01,2.823368427318189156e+00,9.130555521655587370e+00
2.893373901909920831e-01,2.197880367519849720e+00,8.333043999857018269e-01,6.590109135455546330e+00,3.685022188992345349e+00
2.029536764667098925e-01,3.532149661154347697e+00,1.403251198165610836e+00,3.735049352922362509e+00,1.377620860927053270e+00
5.203099073528014706e-01,1.385544750759646115e+00,1.885790384647587192e+00,6.906605718625201007e+00,4.442879396531404623e+00
2.061340148784123749e-01,3.542348276738736867e+00,5.065945328647806223e-01,2.536635618477044662e+00,4.216258886947005458e+00
8.919023089129349824e-01,2.097793412530594370e+00,1.793107868369341329e+00,5.525873698755584762e+00,5.418873840961810906e+00
2.038671550245634845e-01,3.472091642044398352e+00,1.029037689845426318e+00,2.255546724854915475e+00,4.573810228846597603e+00
4.592434182894121752e-01,2.760949526663077691e+00,1.209779086101647527e+00,6.748692179573493100e+00,7.014246908187448115e-01
9.235002474917917148e-01,1.808876786058555952e+00,8.521570317948061746e-01,2.685773316863092841e+00,8.069737974164782557e+00
8.558849347315556910e-01,1.801908696505317931e+00,6.255180411323355560e-01,2.911991949000741986e+00,8.776540606092956054e+00
1.782896236571009374e-01,2.124897859756683438e+00,3.395428380118696299e-01,4.518126148412192622e-01,8.750076938085195266e+00
1.916035184341528808e-01,1.854159932388334875e+00,2.671040695255196606e+00,6.529898598476282068e+00,7.570409027909020816e-01
1.614762772866628615e-01,7.583094116357338432e-01,4.602302793648886392e-01,6.886373306254673032e+00,5.135429288499682166e+00
3.301234311855824055e-01,2.280948299990432027e+00,2.904264595620071887e+00,2.194776526548088746e+00,7.004717892589350292e+00
1.348254900167423331e+00,2.604850947612203704e+00,1.441015964286610718e+00,4.493859783046519674e+00,2.316139448368896847e+00
2.305893420065511235e-01,9.464690870898697650e-01,1.646486668736404591e+00,7.825127070561117115e+00,7.702539166199359189e-01
4.835697700617804795e-01,6.178439523742278450e-01,4.907334729043113519e+00,5.760201880718141432e+00,1.531076224077337233e+00
1.194568111007033445e-01,3.138599660662189650e-01,1.613261960841145815e-01,5.425733083618163199e+00,7.572374546180187238e+00
1.825900696924736000e-01,1.841221725163362244e+00,2.693563181352048197e+00,6.513970452488184293e+00,5.316360689392376493e-01
2.787707868154527535e-01,6.274770290346083357e-01,3.094311620897257420e+00,2.674851056334799360e+00,8.514879223168456690e+00
1.606961358001271212e-01,6.439837467235476343e-01,1.314172435467629629e+00,3.766520972409018952e+00,8.762463839529202048e+00
1.266422611789187747e-01,1.323704161432958937e-01,2.194445417617429395e-01,2.334321656075079243e+00,9.736834168146225821e+00
3.854639229330038552e-01,4.873495813527599085e-01,5.833111363732625954e+00,3.128075463862592720e+00,2.096497614056277214e+00
2.471164501594526053e-01,1.021236762955470390e+00,2.042113883877739955e+00,6.546898842401756902e+00,5.171827414175119486e+00
1.173787296669295405e-01,1.460327629804724636e-01,3.633978221531123376e-01,5.914847922195267671e+00,6.993061745103334559e+00
1.419744736891578318e-01,5.396455918561020582e-01,8.521960561641354071e-01,7.377969048028432120e+00,4.062822035869491089e+00
5.301186551256318324e-01,2.097904369035638261e+00,8.983140940858487244e-01,5.333059463859848748e+00,5.545588963161459439e+00
1.903704800941041497e-01,1.803007016217835101e+00,2.698018415400682102e+00,6.578471332738166311e+00,4.691328277986369644e-01
2.609122035818384755e-01,1.671221297250714555e+00,3.790935255547941196e+00,5.327847957259685074e+00,3.505346075423198648e+00
4.744148781458182862e-01,1.887028449041915357e+00,1.138839765919884117e+00,5.352620850001982511e+00,6.276588186793891744e+00
2.931062833031811143e-01,7.212428306491678320e-01,2.045620784073352461e+00,6.924175023615569025e+00,4.030656190749169809e+00
1.230508791105563021e-01,3.003036322457593443e-01,5.666916233474849740e+00,6.635832299175350446e-01,3.775494872677338964e+00
7.567288624759894722e-01,2.401173635637682491e+00,3.932729202727458073e+00,3.420809467663630699e+00,2.894813770267044895e+00
8.137973757878883552e-01,4.893854568294162544e-01,2.121842968457519074e+00,6.497403636555303841e+00,4.882231733688438879e+00
4.185510847833388559e-01,1.713577772824173451e+00,4.370774234194226615e+00,4.600266886623294305e+00,4.504107483099704545e+00
2.868041724392256797e-01,2.457215093966896635e+00,1.373269673918960709e+00,9.189409382259515757e-01,8.137146603787540400e+00
3.100889840741665182e-01,3.743533516054633470e+00,1.957287384936550412e+00,2.142567922211081832e+00,3.022543896239993089e+00
2.412552931447102256e-01,1.574077976829152847e+00,3.093246630798583974e-01,7.652182476969745295e+00,1.462723984414979972e+00
3.739895609127799059e-01,1.608307756097629326e+00,1.172808488317161668e+00,5.157874388018251821e+00,6.879453564571512914e+00
3.491042545666850350e-01,5.004354252453819818e-01,4.543761377990827022e+00,4.524726785593539802e+00,5.200695160081999724e+00
1.664024618544295842e-01,6.143059681585731902e-01,3.541800875511678992e+00,1.171949764646520897e+00,8.211680020785220080e+00
8.341332289136468292e-01,2.492246100688123800e+00,4.438765390943051892e-01,5.326155670731702152e+00,4.281061107667157195e+00
1.333174662459286619e-01,2.611513123340011844e-01,6.886690585095033290e-01,6.392512257276017351e+00,6.265420747263047652e+00
1.606930858437978227e-01,4.990315947344666769e-01,3.450967822452875922e+00,7.299245474083153606e-01,8.413715975345001041e+00
2.608983544706665603e-01,9.140615739447857102e-01,3.405707815764002611e+00,1.972068592047456326e+00,8.130654540773463168e+00
1.503662277380164891e+00,6.386794022211805810e-01,2.347931088187132698e+00,5.348744882676589540e+00,4.921334842294699641e+00
1.704617450009533741e-01,3.210498735591018060e-01,4.919552430743848959e+00,4.512343909641224116e+00,2.752523878762643594e+00
1.668541848693919916e-01,7.285372293938507937e-01,6.902308149190526931e-01,3.606038553895242860e+00,9.009309902988436036e+00
3.622684690247073847e-01,8.099912225228432794e-01,2.719211773939870902e+00,6.036162331142065796e+00,5.382246780438536327e+00
2.913567547738722952e-01,2.259888291321999976e+00,2.569193287125811409e+00,6.379486016546524141e+00,8.472201593639787642e-01
2.555912135847698274e-01,1.534483181856145961e+00,2.675690667740616036e+00,6.354723777777718574e+00,3.918959942255473727e+00
1.081038421219340795e-01,1.392984458231273370e-01,2.142871829259211935e-01,2.760934112804307894e+00,9.538995235566218867e+00
1.927733416359473650e-01,3.327047973356785926e-01,8.644169348580919010e-01,6.253217908419235194e+00,6.428388744553786616e+00
1.219064118899704646e-01,1.309801779337434469e-01,3.890031581840154296e-01,4.910721529492897197e+00,8.119444713088308063e+00
2.853856719655903373e-01,2.121517094054441444e+00,8.768393437415974434e-01,6.993475273416747129e+00,2.497802702847383927e+00
2.116102511689142984e-01,1.895311314448058448e+00,3.554790297938810628e+00,5.652654826826547740e+00,1.695299460875199671e+00
5.452018261950085654e-01,1.702084914352504086e+00,1.676012245150269475e+00,3.025690308073521351e+00,8.594093126299924279e+00
6.597112090634648096e-01,1.299962512642366841e+00,3.443912769210063285e+00,6.262638429956719044e+00,1.222317928236259954e+00
2.711836203282220747e-01,8.956380513659846221e-01,3.254733902461738104e+00,1.881738804707513202e+00,8.411552813428201603e+00
2.593995008554165760e-01,7.597883936399715266e-01,4.683026693779616778e+00,2.136600915642778986e+00,5.889785373372267152e+00
2.799125706755670184e-01,9.360436042174760107e-01,2.976304796646945583e+00,1.661076717862670193e+00,8.832120012061334791e+00
2.230270158279918091e-01,1.111666561736312397e+00,3.242863081528529201e-01,7.026504403100245710e+00,4.879246770403407929e+00
3.901810008839132760e-01,3.549637559724037494e+00,1.969450720431546342e+00,1.185937810418079330e+00,5.277813532429724397e+00
2.726102973083416314e-01,4.447690390103636870e-01,3.084627101610617039e+00,6.006476230043982234e+00,5.397495899857193358e+00
7.802044729569755921e-01,1.687168617098761425e+00,3.767673922714084966e+00,4.776522317658518979e+00,3.185587354390582604e+00
2.536284735596256446e-01,1.922408307581635833e+00,1.146104915754376785e+00,5.816582715681600790e-01,9.025341915369203605e+00
1.779486776475922571e-01,1.517152708069890332e+00,1.908575950337417337e+00,7.041745482069641682e+00,2.398004590274654735e+00
2.976125066070990366e-01,1.426897721981016387e+00,5.191607668829241184e-01,5.542594699018652094e+00,7.151366935323433260e+00
1.574220363567067071e+00,7.358785533605268769e-01,1.605671184532101226e+00,5.837143480856584077e+00,3.796452754079677749e+00
3.854606755135994156e-01,1.485594661276377071e+00,3.761770944703938913e+00,1.383829408823528784e+00,7.339918250489872342e+00
3.294849087134453236e-01,2.441164993876205891e+00,1.983152735908687347e+00,6.210173603849534985e+00,2.977753520244355467e+00
7.235111194279919555e-01,2.010875581603236206e+00,4.176188915888481290e+00,2.485686559938872886e+00,5.324096518433243830e+00
4.234870254804480316e-01,3.587174918185603190e+00,2.246183351705934861e+00,1.283277286065163336e+00,4.986778779397464945e+00
3.329091842755659281e-01,7.174583429487620956e-01,1.828568017762094433e+00,3.272679687234005819e-01,9.642334657484449068e+00
5.983327237372109142e-01,1.619672414287771423e+00,7.847964396003126453e-01,5.283478393891773983e+00,7.152534116320317992e+00
1.995326518945189642e-01,2.014931351500563572e+00,5.409966920128976842e-01,5.722534161737538039e-01,8.886529638323370506e+00
1.243134310886242488e-01,3.885742704763663347e-01,1.389459065755568046e-01,1.323522834970788931e-01,1.009309424035698655e+01
1.239786509813867316e-01,3.872338136647898166e-01,1.405938788201999412e-01,1.338311688459656590e-01,1.009288945860758524e+01
1.875841952606794316e-01,3.512064329653572514e-01,8.867741986822931244e-01,2.861142192275576868e+00,9.466701917747151640e+00
8.986469829020558020e-01,1.208249398998674007e+00,4.379237646580217636e+00,4.715961266875925872e+00,4.891299219645754981e-01
3.353771942147656393e-01,4.614993715626736770e-01,4.630383694715122900e+00,5.264660855773021453e+00,3.364450079132422555e+00
3.861179061769453580e-01,1.225213530184054989e+00,1.087919982380298745e+00,1.763842437837817911e+00,9.592649562760893645e+00
2.249137971196149555e-01,4.930785007469459247e-01,1.281795736820835252e+00,2.084701566226482283e-01,9.864352563866397361e+00
1.701506941029743980e-01,1.603818655495258261e+00,2.589920324133511809e+00,6.781927830214681485e+00,8.549591730158834224e-01
4.664732739989272403e-01,6.147389818548617546e-01,4.962636848876190498e+00,5.721398980440491222e+00,8.252886518987834208e-01
1.053855912627010616e+00,2.931812466837606657e+00,2.373451210248927357e+00,5.086343099965339398e+00,1.888595234283710012e+00
4.906002648305229918e-01,1.190514543711145290e+00,2.232116446661134734e+00,9.344007211403667634e-01,8.839196296567932265e+00
7.135426047502846369e-01,1.071064480612831549e+00,1.913842508131761377e+00,9.567007402939072813e-01,9.091562014516190615e+00
2.637819184309459497e-01,1.015287032861509120e+00,4.949229789022918879e+00,9.666894294629768680e-01,6.025860255155139455e+00
1.316853850583204477e-01,5.216355688626810316e-01,2.610992735207788296e-01,3.153214504295090426e-01,1.006430931603676981e+01
2.340597416567402611e-01,3.151429162309756782e-01,1.927784798211704675e+00,2.645230854797699926e-01,9.716996025111050983e+00
1.713045794349937312e+00,6.545576268934220066e-01,1.034576493809435060e+00,4.602720000582143811e+00,6.263561034786188308e+00
8.847805085129161196e-01,3.159544998351310419e+00,1.705465301348916052e+00,7.481550251748889657e-01,6.201701105738357533e+00
2.627687904889335346e-01,3.496711845167419508e+00,2.814621428262679803e+00,1.589070341948805920e+00,3.075918746232878309e+00
2.249171198926688819e-01,1.596451321316347371e+00,2.150165388927125498e+00,1.005511325337477224e+00,8.695941333193855982e+00
4.110227816774826293e-01,2.572803010327568529e+00,2.722523972476485365e+00,2.358218016815611051e+00,6.836155659530273709e+00
4.806162992048376159e-01,1.888086536033975138e+00,1.559901769464395960e+00,3.547996229791302358e+00,7.604534575082373848e+00
1.120385532625149727e+00,1.061112204849421481e+00,3.264668689753586150e+00,2.654321291145004480e+00,6.568777455281781918e+00
2.270640786461512184e-01,3.848796405001472021e+00,8.413563602056594037e-01,5.191761097857532370e-01,3.525877399691522474e+00
1.697771572361047032e-01,3.934770130940690169e-01,8.355878436556194444e-01,7.638517035323579840e+00,3.331570016297624726e+00
2.802857284138607907e-01,9.267552355574915079e-01,2.182462882363341627e+00,7.056036797192183130e+00,4.122569829806677077e+00
2.643733163263772834e-01,2.854265148912842331e+00,3.193293532024766623e+00,3.289154428515004724e+00,4.089864743350162257e+00
3.018592746240805202e-01,6.719931125959829332e-01,3.225551778147231818e+00,1.820956476117304490e+00,8.415366939965345239e+00
1.575447970407611309e-01,1.965924268913218642e-01,8.488038583215683497e-01,2.722568779306581366e+00,9.547040269775926902e+00
2.923129763352075861e-01,7.726505424706848757e-01,2.538679545092905165e+00,4.456946150820690455e+00,7.743213399146197773e+00
1.883966148084928738e-01,7.807018334220903188e-01,4.812363513805287596e+00,2.025014879342223129e+00,5.732866723091115446e+00
1.186060372679861169e-01,1.427094709284876528e-01,3.137025294880823045e-01,3.553036868038612184e+00,9.140358427297373467e+00
4.179398113546575755e-01,1.181584481533794806e+00,5.476019503541031064e+00,3.332504245097847928e+00,3.200128784434693063e+00
1.239510588512217959e+00,1.908428815995059313e+00,3.813920049768140252e+00,2.198283513237397013e+00,3.503506965599129774e+00
2.593008799913499307e-01,9.692221129147886582e-01,3.145184587291853795e+00,5.559788957374074414e+00,5.395804142008316262e+00
1.448582478690908504e-01,2.452334160540788899e-01,6.915810814934122419e-01,6.245413487618080239e+00,6.496272476167185062e+00
3.241327610544757487e-01,8.607614734964744718e-01,3.518382284049882180e+00,5.407372380395678579e-01,8.360135392864748383e+00
2.230022581340491694e-01,3.458985332167493709e+00,1.637286886014457155e+00,1.299165278128375123e+00,4.807718717493728811e+00
1.436751378103497401e-01,2.613218714185021052e-01,6.192859154367640340e-01,6.851217223954327196e+00,5.494904184576323125e+00
6.807205084747940393e-01,1.856695056943289845e+00,1.976350605298104579e+00,2.342203335701180666e+00,8.760150572835268434e+00
3.407109642160600083e-01,1.484349134654410651e+00,2.988480914514337172e+00,6.436033676229536482e+00,2.382609517786190789e+00
2.447054049156973665e-01,9.296377800386299572e-01,9.273762558753814167e-01,7.591208044503426677e+00,3.509638853026719740e+00
2.021498328776884512e-01,2.216618546580550131e+00,3.310684190460987164e+00,5.518581246371998539e+00,7.186159512802570148e-01
3.499862082592980483e-01,6.434103684481937702e-01,1.387431399405083532e+00,7.646457808145266100e+00,3.118442383952899188e+00
3.225972146994603995e-01,3.086875239961744288e+00,2.154608888064354577e+00,2.313633621967484899e+00,5.843273803955370660e+00
2.685091949652950172e-01,1.040748954393267978e+00,2.297622581814448228e+00,5.378893238706425883e+00,6.502481917650979604e+00
3.747536395705267087e-01,1.873651679175639684e+00,7.756082165397708561e-01,7.380312863858233818e+00,2.986613204897236251e+00
1.429121948788709406e-01,1.835497887576679754e-01,4.051080986870541079e-01,4.120582078325914388e+00,8.797937298653129901e+00
5.937739947648159600e-01,1.757852827655018269e+00,2.184826924617687460e+00,1.612084847023353751e+00,8.271249883630799715e+00
5.709844369670038500e-01,3.617096545536481855e+00,1.206710764526549573e+00,3.437806335721323325e+00,3.359624898297361106e+00
3.948273059408046182e-01,1.225422205775095197e+00,4.859279434116470231e-01,2.027462745223694629e+00,9.670816829491709399e+00
1.590822263390496150e-01,5.763725496504241708e-01,5.239094584625811901e-01,8.962101214095565815e-01,1.001303825369326894e+01
4.198547806533591276e-01,1.187756469960263628e+00,3.570071804586250508e+00,4.507351925623447109e+00,5.792396627572986567e+00
3.430251818733602853e-01,1.571836808843844802e+00,4.148175859704663182e+00,3.741361232882661092e+00,5.621280868436153710e+00
6.720803163844329964e-01,2.112181187874231814e+00,1.937973768115768936e+00,2.048165835798882117e+00,7.648039489096754018e+00
2.691916427306735304e-01,8.824532104071851624e-01,3.807714182839628592e+00,6.087152496843772909e-01,8.106039318910617908e+00
2.789681149523091652e-01,4.931672579431666259e-01,2.264047390191411324e+00,4.309792548899849862e+00,8.219755231630433201e+00
1.585602377538269381e-01,1.480892543058550226e+00,3.263935995334857676e+00,5.844045031467493878e+00,3.269033655157218998e+00
1.944252439169946445e-01,3.416312286287763733e-01,8.548844273658058324e-01,6.969383604077028949e+00,5.254356099222982301e+00
4.763746242983942780e-01,2.077414099068764841e+00,2.405415344631783192e+00,3.511450522528414719e+00,7.052507893759558222e+00
2.229300992782404234e-01,8.624308273469925012e-01,7.234625623644901360e-01,8.008816010520625639e+00,1.395105174467927700e+00
2.584421880599024890e-01,4.786758972091612607e-01,1.133396355917194231e+00,7.101027438835782135e+00,4.773773701155605842e+00
1.734447537847795817e-01,2.919496454746922653e-01,1.192279014895329059e+00,2.870328883055193625e+00,9.422867882305487441e+00
1.959339898912456635e-01,2.071722327984249823e+00,4.840910897325116480e+00,1.333471691362227318e+00,3.636609675558375887e+00
3.189000564625351086e-01,6.597943918594619817e-01,1.632400617906951901e+00,1.382240046921940246e+00,9.638379408198963105e+00
1.456647295636717687e-01,3.832416649295153910e-01,4.625198119480669612e-01,2.515750543304377196e+00,9.653063937586905396e+00
1.088308016613296625e-01,3.026837615754258692e-01,1.254446316985232679e-01,3.598466169552878569e+00,9.084638271944175614e+00
1.696542755198429397e-01,1.611797122879105038e+00,2.651358274348852628e+00,6.730360234344419545e+00,8.758915602640469089e-01
6.379661029315726317e-01,3.270627895836451859e+00,7.151524166648148828e-01,4.490636932567183770e+00,1.771367003737704282e+00
3.601581959741619321e-01,1.482881746403497347e+00,3.646855159886844167e+00,4.419851560596024242e+00,5.724968133821693783e+00
2.059389782178991934e-01,7.512879492978186136e-01,2.003136265286115769e+00,4.742633450657421257e+00,7.650381660108878101e+00
1.843671264736634063e-01,3.103505920094805637e-01,3.972161761036370198e+00,6.110753791928317469e+00,2.391256411527175718e+00
2.673227259276649836e-01,3.206377723951147729e+00,6.527506367938081810e-01,5.142314876844278793e+00,2.170989761149639374e+00
4.125263469370749614e-01,1.834065511481011157e+00,3.270823655297425692e+00,5.884965634340351137e+00,1.481979902410119454e+00
1.220303928089645717e+00,1.186539904603641116e+00,3.286307211897065095e+00,6.098724110268295640e+00,1.207068704725150710e+00
2.565306183699678777e-01,1.319647943255673805e+00,4.746333932070475603e-01,4.005348214454647504e+00,8.496367237508895442e+00
5.200640640873974707e-01,2.175359664789729752e+00,1.268178572309013985e+00,3.738033982800228916e+00,7.576682319769972196e+00
4.749034343887263976e-01,2.147967679868449942e+00,1.724467299117966812e+00,2.938238351575310325e+00,8.366013121124561636e+00
2.389724188459300680e-01,2.430328218305292332e+00,2.627492453954339169e+00,5.856976954020517212e+00,1.305461668393142372e+00
2.047099896050442180e-01,3.960385083502559467e-01,2.960432885726149710e+00,7.886011719949561627e-01,8.911578561290950162e+00
6.960000793292089316e-01,2.126331661264884154e+00,2.765891318621156891e+00,3.666458416710514090e+00,6.957326518214623334e+00
1.648234887768102452e-01,1.202839275827015886e+00,1.955599058739519447e-01,1.940589345527661269e-01,9.766145263323180004e+00
2.554222699499381632e-01,3.356353362134288698e+00,8.780886203257729505e-01,4.901717253994921641e+00,4.964661359380177497e-01
1.602801063695184769e-01,2.766874521103447893e-01,3.775189875603825573e+00,4.335212882070130114e+00,6.156953733891326941e+00
2.497511734702322350e-01,1.924307722047098990e+00,2.711497463195636559e+00,6.400482504656637595e+00,2.212289472488273123e+00
2.389984568201301840e-01,7.099577314613441104e-01,3.566446674640639358e+00,4.126935668486917841e+00,6.793109106398317998e+00
8.988258721521911188e-01,1.726374637573389048e+00,7.906572534736989732e-01,6.532226130617239335e+00,4.564698468146387356e+00
2.844244238144760240e-01,1.177976820821109216e+00,2.062900109752529243e+00,4.314990674651232538e+00,7.855115660919198994e+00
2.700748834718683655e-01,1.676698777822560826e+00,2.706660392147253180e+00,4.599350813639283331e+00,6.565930848215479010e+00
2.854846179999689371e-01,1.855457924664098313e+00,7.830690800279609398e-01,4.889920059448737533e+00,7.207435820181598451e+00
2.187943939727611808e-01,3.513075311371915976e-01,4.101633208690355303e+00,3.786916077544680626e+00,6.375708347441899626e+00
2.527817112426826718e-01,6.956548136781816050e-01,5.273283061502882063e+00,2.736160163783416532e+00,4.554950556875671630e+00
2.611300028532960726e-01,1.211934931212754973e+00,4.227422677891688463e-01,3.786705584617363840e+00,8.776502201135714998e+00
1.426358031158744266e-01,5.924948074878710891e-01,1.060889417123191070e+00,7.874009310129282291e+00,1.733143214964963708e+00
3.229378475808807880e-01,1.281477323220965303e+00,9.040481922090277678e-01,2.948900017902155835e+00,9.141593660073136007e+00
4.526613847999085838e-01,2.192738409162727109e+00,2.184236956483760039e+00,4.409615835046063914e+00,6.968258641468530357e+00
3.275030608705314927e-01,3.150415202329123865e+00,3.722340645426442940e+00,3.206793875930638915e+00,7.256358720772472237e-01
6.131509000099684137e-01,8.471369284901727470e-01,1.601435708299985938e+00,5.685498869911963737e+00,6.775437831544715017e+00
7.165811095048181256e-01,2.244656395478012101e+00,1.177584850001882399e+00,4.062830694611745841e+00,7.352780840114720107e+00
1.664204121660680880e+00,2.594944468378487912e+00,9.169606024023033708e-01,1.283612454262455627e+00,3.587319697583489120e+00
3.175384615941110322e-01,2.326253412768695128e+00,1.998955468707554584e+00,3.728113143229280002e+00,6.889570910740617116e+00
2.975693032348247224e-01,2.373746750850160847e+00,4.248241674495341513e+00,2.664758965400344959e+00,4.453258614983288233e+00
1.461453053982874617e-01,1.558601448670105249e-01,4.578932893877629140e-01,8.113950155370559969e+00,8.555701172735834525e-01
1.228359893095336108e+00,2.806882773872054759e+00,7.814133381448972182e-01,5.046778048782527115e+00,4.735305410096637857e+00
4.486003996658511905e-01,1.668346999481644666e+00,1.329647917185539541e+00,5.964157673113991365e+00,5.673538738064645592e+00
1.599399630408352979e-01,6.385818564314618140e-01,5.050142814353704157e-01,7.710661240892587642e+00,3.050655251859547779e+00
4.189527222991646926e-01,2.920672654506682786e+00,2.505567303474943053e+00,2.414029703084320300e+00,6.456934118597034811e+00
3.633588059397294678e-01,1.205557590398059098e+00,1.438526870396410695e+00,2.268132382202538100e+00,9.391447622629765846e+00
1.026329120526616873e-01,1.183502013480193793e-01,2.771821156920426521e-01,3.654190727455956633e+00,9.057346036880746354e+00
1.712229085366771542e-01,3.325799923141022907e-01,4.976168806653621601e+00,3.657280834621174925e+00,4.209615807824287792e+00
2.375603769333243798e-01,2.709973213114289070e+00,2.668046240326756635e+00,4.195251501480870893e+00,4.291148433810967333e+00
3.006393790142327105e-01,1.869482737803038974e+00,1.799011038824295472e+00,7.075314455587438545e+00,2.387098894723164388e+00
1.396668746576431031e-01,2.781365668939299596e-01,5.521455864576452210e-01,1.625352947109628410e+00,9.928975097715280640e+00
1.824475338980837413e-01,2.569656524731481095e+00,6.419411745842324990e-01,8.366444133896705493e-01,7.881957265373174870e+00
2.013146211007087183e-01,1.134058051851375426e+00,4.619438806645560724e+00,2.489336832107016839e+00,5.563571638686220844e+00
2.874702953173166042e-01,3.559230142253992368e-01,2.526703313380824323e+00,7.669876917078136458e+00,9.568799322898184911e-01
3.188679093241189033e-01,4.049793861859782296e-01,2.846685307032376766e+00,6.925925018728971594e+00,3.996177011807046320e+00
5.174177580039596158e-01,1.486954881370825543e+00,5.261452685818781561e+00,2.217429695887889185e+00,3.408982273204109514e+00
1.010559904872916803e+00,3.068598192350151521e+00,1.537988569198498912e+00,5.035446181187409387e+00,2.114933273599869157e+00
3.421570699185186859e-01,2.917213991076990975e+00,3.778634142370520532e+00,3.998902103918660966e+00,8.584794910351767339e-01
3.118593338137977122e-01,1.107473923809096039e+00,3.097353646373029346e+00,5.827202583640139766e-01,8.694020415528962431e+00
2.143295868817313710e-01,2.955080416393708331e-01,2.896478774723324712e+00,7.256554305470721999e+00,1.544713170562199478e+00
1.443307324868143005e-01,3.139638826763593293e-01,7.435961591108063429e-01,7.313050376544119047e+00,4.390064298103838247e+00
3.702049573711589381e-01,4.280055274524467990e-01,2.246712316358291606e+00,7.298283100521550715e+00,4.223833669364681853e+00
2.001330271142540695e-01,1.247949850263389227e+00,3.313592319925169338e+00,2.261218454750713480e+00,7.657761272712624745e+00
1.631522251161834358e-01,5.625933818477084625e-01,2.288839048658077857e-01,4.940921228110272345e+00,8.095552059069088813e+00
2.786876526569960766e-01,1.563147127379458379e+00,1.067160910803233165e+00,3.873336564991219699e+00,8.135247663674096685e+00
4.456383649463002694e-01,1.169060118787965230e+00,8.839244644196506684e-01,7.839891632668563481e+00,2.597304733858499581e+00
2.203250651790366887e-01,2.366616546843599345e+00,4.151823676080525161e+00,2.935968363574080975e+00,3.812060665968291850e+00
1.559416877753007358e-01,6.323110898137089819e-01,2.612646717509229166e+00,3.920117531423228829e+00,7.808125356553223817e+00
1.806944586317651424e-01,1.589235770747928322e+00,1.800431873125446280e+00,7.177443889017130374e+00,1.532872296134808909e+00
2.800555994476288113e-01,3.038887135060694078e+00,4.210249012166878968e-01,5.707113321325406829e+00,1.706330042737179919e+00
2.192589270370334797e-01,1.115350973733722828e+00,2.748000416606664942e+00,4.826222205503207796e+00,6.750913314344050065e+00
2.599815467976592798e-01,3.411807893516436430e-01,4.050595414649918347e+00,3.439672946055317482e+00,6.606796303622934907e+00
1.487589836327837534e-01,3.008845469030884123e-01,9.273397790998982870e-01,5.207022461149226622e+00,7.760505555438164116e+00
2.614338743913557916e-01,3.819486625336137475e+00,9.306399665168133550e-01,6.318093063371423845e-01,3.662358578437542977e+00
1.349300869796387359e-01,7.913679378304843137e-01,3.378731679215241535e+00,5.999103300317306875e+00,3.777298257404902770e+00
6.322018956328867567e-01,2.145588526350585390e+00,2.793930391707599714e+00,5.889246521962846259e+00,2.383832651243880107e+00
3.024251101685351273e-01,2.641732305706123718e+00,4.492564570019112580e+00,2.607053265117337482e+00,2.436766589145379136e+00
1.118242347940540532e-01,1.183483355263376946e-01,2.184636488093135709e-01,2.600127367389272415e+00,9.613827763797177184e+00
8.651315511870167896e-01,1.558692710465449549e+00,1.693061099004466330e+00,6.977203821339723611e+00,3.090234904406311323e+00
3.287826827799429918e-01,4.947103447763061546e-01,5.316897284686992187e+00,3.514181717633026114e+00,4.131811336139450397e+00
1.272084207112007259e-01,2.895735019398926191e-01,1.326495917019563930e-01,5.019439096880768947e-01,1.010191473693129716e+01
3.763850835058567545e-01,2.486838274523280656e+00,1.839430459891096437e+00,4.565621082541841957e+00,6.242055700622756831e+00
1.610214152201080717e-01,6.723732964948087032e-01,4.548772224854656931e-01,5.576284555800007370e-01,1.002533708158620485e+01
1.528756512719345040e-01,7.579172899973517508e-01,3.026345939459231804e+00,5.244884995014825968e+00,5.914964130698482592e+00
1.648254450958197836e-01,5.748464185448390884e-01,4.734039710198747919e+00,4.241225794927701465e+00,3.948962907047863791e+00
1.689128684187935159e+00,3.089986718837049562e+00,6.480921402692424449e-01,2.246320565575272266e+00,9.369608186948659156e-01
2.156020206692340624e-01,3.472827841286966866e+00,2.233804141906456486e+00,2.931105365878394764e+00,2.427011720418506435e+00
3.112940017470795517e-01,7.307044696843657539e-01,4.996927810051997376e+00,4.668164122207598687e+00,1.374762970593593758e+00
1.910580283058934958e-01,8.340054494854998168e-01,2.203144821755284699e+00,7.145847543428108573e+00,3.285704994105963284e+00
3.628457209713584763e-01,5.600879651729954167e-01,5.330844032852836811e+00,6.906662396316172181e-01,5.913124094214778026e+00
1.848790125958690578e-01,2.543509518470827846e-01,4.524849256289920074e-01,7.995649334802521935e+00,2.201545812646688915e+00
5.425708367667215759e-01,1.756445907024298148e+00,2.095647654317522868e+00,1.072984327267004545e+00,8.925041644106560312e+00
1.228607067057707170e+00,1.465465359338892437e+00,3.229449353858862892e+00,3.472318331050273876e+00,5.439050989531567737e+00
6.866332635862204548e-01,1.691499336885461391e+00,5.622118105402701183e+00,1.942265854201826514e+00,9.079280637965951861e-01
2.320901568828819816e-01,2.744955939589063920e+00,2.386525325746741366e+00,5.279700275059823866e+00,2.079179112524930595e+00
6.889304141968968231e-01,2.173214704196820168e+00,1.762419841812889798e+00,3.122664222721450500e+00,7.339555511545789557e+00
3.029015628938467874e-01,4.433401837618187180e-01,4.550332647384737861e+00,4.469980951197907615e+00,5.022116439527066767e+00
5.930936890155559249e-01,2.417214361554124835e+00,2.534820866662273797e+00,5.524672974464066577e+00,1.492263311934473924e+00
4.885540670509421202e-01,2.262138327819387396e+00,2.678850005829392256e+00,5.815692189129538114e+00,2.875741409196596710e+00
2.050724640668700749e-01,1.623458448828515310e+00,3.433992283765146425e+00,6.182117755849453111e+00,8.853280666933970311e-01
3.568707115973268063e-01,3.484122765057249715e+00,1.518110193840632061e+00,3.933300736968621258e+00,3.422849002669946294e+00
1.834241700124975005e-01,1.336302454589766153e+00,3.342392943539615580e+00,6.974150648462404956e-01,8.040290351571233174e+00
1.835070406302364010e-01,4.223982143760627861e-01,9.086426957365829615e-01,2.092190364912416278e+00,9.783932721667609300e+00
2.875145952917214642e-01,4.167937458084438607e-01,4.081501757276389419e+00,5.875248668505427929e+00,3.598483848598334589e+00
9.336249570083474669e-01,2.830760284091580647e+00,3.736601995757177441e+00,1.863495845812373375e+00,4.543997775658650262e+00
1.469595159450460820e-01,5.150310632878891681e-01,2.367023496118352277e+00,6.441264282872268154e+00,4.933696327904031342e+00
2.321181280014874004e-01,4.141067413455772894e-01,5.329209045088237673e+00,2.652556264586202861e+00,4.335564935768750239e+00
3.262891869258995881e-01,2.461308412511617583e+00,1.162297081728660419e+00,6.833223305739186237e+00,8.364224788649153863e-01
1.553520225548033484e-01,2.990220928389643595e-01,7.752075212055200559e-01,5.565323382042378419e+00,7.430418344813851661e+00
1.843774268814964978e-01,1.845747583718752693e+00,2.710021008320362412e+00,6.449522322238514072e+00,1.233448005663188907e+00
5.954505074587829183e-01,2.563303053929800512e+00,4.730590394681529531e+00,8.689999414930404953e-01,5.593487128046690238e+00
2.343779981316924665e-01,3.649253725088174694e+00,6.387999936688935065e-01,8.673094367269384986e-01,4.614507214917864530e+00
1.540868016678973440e-01,1.060397074509549231e+00,1.279161325410022254e+00,1.278547854784124027e+00,9.555042558342133674e+00
1.230673629280048864e+00,1.743857895233279942e+00,3.264772912535145011e+00,3.224682603220138333e+00,5.333132985132945869e+00
1.292691154619056981e-01,3.840159214701222012e-01,1.229477105815739879e+00,6.077026226465290115e+00,6.501339250702078409e+00
1.853070716340948221e-01,2.441175409451758482e-01,1.978720669527676668e+00,6.332010398759249092e+00,5.829898403255873163e+00
2.042289395713252909e-01,1.785822098699040739e+00,3.474576244529242963e+00,5.875322492911481120e+00,1.564272422493517167e+00
6.049942011733009384e-01,3.543528484884022944e+00,2.786299311376386534e+00,8.231399945627777548e-01,3.557342361268315045e+00
3.095272309719772630e-01,3.054654895419832261e+00,3.144838791564967373e+00,3.061932878497314992e+00,3.928077319273430401e+00
1.406125534199402227e-01,3.919444540066656657e-01,1.797771816378454235e-01,8.100746326030757061e+00,7.652262463904520029e-01
3.023504213314655020e-01,1.448434626510223255e+00,9.321200932329560818e-01,6.851988820844294281e+00,4.908011089313550457e+00
3.963342679762948406e-01,2.465663720491506616e+00,3.113007020869162034e+00,6.006891343038978093e+00,7.498966205691937059e-01
2.311380564856023445e-01,1.513486143576279419e+00,1.312273869510991453e+00,6.876976117016672774e+00,4.189745226893378138e+00
4.228878990163314477e-01,8.158065986501339406e-01,2.210574947944159430e+00,6.655606782270000465e+00,5.025839284777066318e+00
2.098636842083805576e-01,1.179672647366801774e+00,1.192085826160096174e+00,7.713188938549128792e+00,1.725930427339972262e+00
1.083432099212169319e+00,1.653949307201633578e+00,3.296574536377568698e+00,3.262401331977394126e+00,5.001993950324598259e+00
1.518841577216725469e-01,6.032449794996556092e-01,1.572492340685545331e+00,6.427495684206842697e+00,5.723336440057372521e+00
1.111028351984896106e-01,2.569858479118246608e-01,1.456907003452344584e-01,4.954736788578791185e+00,8.040001321872127349e+00
1.432560831736585660e-01,1.904064233528613981e-01,1.557773518637879606e+00,6.772620613704664727e+00,5.210174867834279411e+00
2.334806248591999589e-01,2.537570566489281365e+00,8.373472390172813640e-01,6.800084094971567961e-01,8.114798927784933724e+00
4.717774798723143315e-01,3.123684229668502788e+00,1.998655779053762904e+00,2.874902031012493087e+00,5.126235754657265886e+00
9.190510699687310936e-01,2.841034595095339288e+00,2.063908540688413673e+00,2.030986128207084906e+00,6.043066416440274757e+00
2.949038610765239432e-01,1.771351732520176636e+00,6.792598633818008880e-01,6.107118363035832331e+00,5.666905046709385552e+00
1.463285306233558458e+00,7.547881082915938178e-01,2.346009272201458273e+00,2.865738992779555794e+00,6.733074829833988417e+00
1.141947210628928566e-01,3.344555555967410609e-01,1.929434904877521118e-01,4.431438756443450977e+00,8.501223346478894882e+00
1.109300123333701177e-01,3.293886333089757201e-01,2.823325697648856991e+00,5.409074702719085526e-01,8.979165360316272881e+00
1.026941970309587893e+00,1.136059700221978996e+00,1.582433589120077144e+00,4.276699288867464865e+00,7.744131366650488069e+00
1.104306088832216065e-01,4.513776045537640780e-01,1.356299405414144177e-01,7.643697116089703592e+00,3.312790337545496566e+00
2.299314022633963950e-01,4.016509139318368504e+00,3.221064783693533551e-01,1.140864374285779359e+00,1.992141787383273632e+00
2.941820074340641966e-01,1.795606962885624158e+00,1.308213676266691383e+00,2.927103063017318263e+00,8.458968572300021194e+00
1.372323688228314353e-01,3.841496402700239621e-01,2.840645212475106707e+00,9.856525758650536151e-01,8.958891853606672839e+00
1.872132284717956896e+00,2.082880819870353228e+00,8.454367384921304129e-01,7.627455147054138518e-01,1.971328188098663059e+00
2.623035803895369389e-01,2.647444451611362215e+00,1.725119975098881708e+00,3.813744156819546927e+00,6.029987834391067558e+00
2.175346650692381867e-01,5.501617568040453321e-01,3.844828213557729413e-01,5.707373912000291760e+00,7.189629923799288669e+00
3.597188968010444077e-01,4.269904811765148911e-01,2.386906949502630937e+00,3.507371620375907550e+00,8.900324522603762389e+00
1.426167030835468474e-01,1.239025833144137501e+00,1.043591389294101335e+00,6.212553065065884006e+00,5.727408972055188840e+00
1.166409198488443238e-01,1.713859504806525824e-01,1.163236803942257619e-01,2.344444530638872148e+00,9.715453072481855301e+00
1.044456334170494327e-01,1.335816958206137439e-01,3.064532569752583813e-01,4.279121082807311183e+00,8.626427402639944120e+00
1.326195184859784992e-01,3.575890915906726475e-01,1.399277381418678190e-01,7.772440815573173012e+00,3.011009428422282586e+00
3.312521194655012047e-01,4.636247271184976149e-01,4.382459314356681901e+00,4.862117359772870628e+00,5.000118042490592885e+00
2.557239191755513175e-01,2.278622503080296458e+00,3.552432519502000563e+00,1.254957065393777604e+00,6.500175058882401657e+00
1.029298757141438453e-01,1.273359382400863216e-01,2.906576306065059567e-01,4.123908558141925695e+00,8.740880927221388319e+00
2.892178717301475688e-01,2.213675985148703784e+00,2.971716460617127353e+00,5.429357715072665735e-01,7.626580180873427928e+00
1.432619845035517370e-01,2.055914295495767652e-01,1.112372508402994731e+00,2.468927921791466695e-01,1.000748891106027649e+01
2.816230781469740707e-01,2.109949669608351286e+00,3.455831845238155786e+00,5.694234938013885916e+00,1.792271897928352065e+00
2.862771410342345169e-01,2.160295198833306340e+00,2.777471534369373884e+00,6.342632152273577795e+00,9.897837797503327151e-01
1.922155589694113376e-01,1.850089409828316711e+00,1.188752248514658660e+00,5.649157924026411592e+00,5.762880225998359585e+00
2.477244369838398075e-01,1.547131402663382671e+00,2.712382177265488359e+00,6.730247525278878484e+00,1.611952625311507292e+00
8.740912373461122709e-01,3.154772172754151782e+00,1.960534208442209714e+00,3.532013128091250564e+00,4.687909792998358860e+00
1.214811521902528391e+00,1.592723974984513680e+00,9.559730007645763639e-01,2.957698621505983283e+00,8.701574111772348630e+00
3.028088431687068760e-01,4.322558847515659552e-01,3.780472380874198013e+00,4.852762214272950736e+00,6.103351099120309264e+00
2.247787865675101027e-01,7.538447870269946449e-01,6.134894693368699858e-01,7.889469564729920670e-01,9.947652143788589640e+00
2.964697368971295210e-01,1.261161001016003702e+00,1.998669389457555789e+00,7.432990534532824434e+00,1.901636364219519093e+00
6.393146570951480090e-01,1.654704694654408392e+00,2.298811429439652443e+00,6.946234829458783899e+00,2.525544286619701762e+00
1.450022239645057387e-01,3.221767801922186258e-01,2.721519683096911280e+00,2.315259312909638267e-01,9.154316984675988422e+00
1.051606614029379494e-01,1.323326504998568742e-01,2.814511069831303613e-01,3.589000571199355338e+00,9.100764685482717553e+00
2.443163770587588601e-01,1.147698531421777579e+00,2.315310827867099519e+00,7.322598835323473665e+00,1.653788786747248052e+00
1.438203573609724284e-01,7.029298110033210811e-01,1.497904083974296752e+00,7.555485828673594639e+00,2.687236367862374298e+00
1.114780860080090003e-01,1.795995958453855401e-01,1.240735653573186159e-01,2.603764686312099563e+00,9.609509620867374480e+00
2.843467944734483499e-01,1.373383879782756889e+00,4.514907911869570079e+00,2.269466221546804441e+00,6.135177126792833668e+00
1.854349330957189845e-01,4.375463123539383714e-01,1.691334421650355413e+00,5.194170231601390242e+00,7.494440528273673685e+00
1.698031392234600756e-01,7.801832466290440360e-01,2.679823193261094527e+00,6.855184283132263801e+00,3.256431522101199239e+00
1.660182563152681756e-01,5.911419606696574069e-01,1.369376040101073722e+00,3.985349418453876247e-01,9.877455307455699440e+00
9.029196771560579204e-01,3.431915419911390153e+00,2.117447885296206422e+00,1.685510822149883348e+00,4.782424731381871297e+00
1.831284276371231978e-01,4.434933218433534940e-01,2.074337705983906766e+00,8.202884216671957329e-01,9.595086818857739175e+00
1.199144098917802603e-01,4.302199237530535680e-01,1.449773212924428401e-01,1.779824992507317294e-01,1.007645559981857986e+01
3.228720837592150006e-01,7.082007593289467717e-01,2.865576233533152717e+00,6.085535054832901913e+00,5.573757642584629579e+00
2.883953544081950815e-01,8.285833915586767739e-01,1.203771679460492017e+00,7.846059642211563379e+00,2.487483205763667105e+00
2.359120311764818234e-01,8.769265380570694379e-01,2.469234911327334636e+00,6.534261521831527197e+00,4.491248711556010242e+00
1.550514835006719716e+00,2.625942395274290853e+00,1.168844347353014124e+00,5.311650791681954864e+00,2.474744779730837507e+00
1.114614234219685612e-01,1.387476086901233696e-01,3.231385734252117392e-01,4.667255136567269425e+00,8.322188501517404191e+00
1.556043965343513469e-01,5.016024151266559317e-01,5.046525509809606014e+00,8.302445944616683171e-01,5.779626931509551646e+00
9.620645985875340145e-01,2.491208724356673621e+00,2.303831834988903982e+00,4.985761319690984017e+00,2.395379059235210217e+00
2.466027813665403190e-01,9.530445651780196092e-01,3.205034994220184452e-01,6.111430927513246125e+00,6.713419848830257664e+00
2.990908536591496136e-01,1.090360031662999329e+00,1.711654860655259069e+00,4.509968262834080477e+00,8.114732384707139090e+00
2.189715201753144880e-01,3.422580514673916330e-01,4.094640396950422812e+00,6.271023819994535842e+00,8.589402851726439803e-01
4.643544224026667777e-01,1.980415608686570739e+00,2.012663875357825205e+00,8.621965776466375964e-01,8.816624699814219923e+00
2.413114485652600449e-01,1.604237799018495947e+00,1.668203264232017702e+00,1.806240829644270240e+00,8.836334131484600007e+00
2.545396769652281121e-01,1.648965663579769148e+00,2.809248696616869267e+00,6.497137385397256715e+00,2.619979264421641307e+00
3.397645376983369769e-01,1.637027742279027809e+00,1.444231565749063417e+00,1.699551970636238085e+00,9.255427289280628855e+00
2.500503073854607461e-01,9.272189098191415679e-01,3.291111066920625050e-01,6.044255253337399658e+00,6.844629964049499193e+00
2.527231704797715528e-01,2.270784643409560211e+00,1.443633678927039643e+00,6.726459969200790923e+00,6.885834892319944167e-01
3.108683935363329987e-01,1.809763050554535013e+00,2.565973999712825915e+00,4.735662608340390989e+00,6.416517165115513066e+00
2.046573307184024471e-01,4.237089084981509046e-01,2.621185934191043732e+00,6.696704060623430266e+00,4.342638531929276624e+00
1.922238009362240707e-01,4.734700836424917680e-01,3.466111081807530692e+00,6.340610308342959023e+00,3.399943107463897274e+00
2.771302933996285800e-01,2.639315101262826868e+00,1.190003703157990422e+00,5.659150589640354667e+00,3.971799025950213835e+00
1.881917944785135022e-01,4.858880090275995434e-01,1.499785702625654249e+00,6.602000538686991327e+00,5.670177182896583012e+00
7.074378619703367566e-01,2.842722163943177005e+00,6.049360652304154318e-01,4.857510319564481094e+00,6.130375912210878298e+00
1.270901815333866369e-01,1.696269507640937868e-01,8.585553574243260933e-01,2.476692487385202757e+00,9.604353622090055609e+00
4.055367211865513744e-01,1.723185142025195793e+00,4.016966175752638701e-01,4.617415466727372575e+00,8.050344675486458712e+00
1.301556059965942314e-01,3.219419632480227667e-01,1.984951840052629146e+00,5.909986339387170995e-01,9.597829589461783328e+00
3.349866234172959589e-01,5.371381940170435465e-01,5.405342919826372494e+00,3.341917943324629547e+00,4.069243037138457808e+00
4.850526303148759988e-01,3.432101573517352566e+00,1.208427444006347606e+00,2.324817992536679867e+00,5.618707411296406384e+00
1.182423002950306612e-01,3.229024105370577602e-01,1.272959699279447854e-01,4.545760424326206195e-01,1.008634240262720283e+01
1.285999333603504158e-01,2.474886293450457297e-01,3.231842545563404223e-01,6.007442398600481681e+00,6.864240836539938329e+00
3.143099672541401768e-01,5.585968362191561232e-01,2.615001448970225795e+00,5.744556565176599960e+00,6.522023399364757168e+00
2.206405211805509414e-01,9.437177851561483477e-01,3.527167146464841974e+00,4.473942644215556541e+00,6.152429051969450668e+00
1.761658710399913175e-01,5.250371133121313205e-01,2.832725227497936427e-01,4.843040964235650669e+00,8.168238637484479980e+00
1.444262500756235412e-01,1.166914185763283651e+00,9.104372328846543905e-01,6.706512942947794542e+00,4.963881936444294318e+00
1.013904052863408706e-01,1.379240036264275104e-01,5.325973558367369520e-01,6.881768726749622367e+00,5.355532129286484810e+00
3.000097385424052021e-01,1.875898343542023117e+00,2.559168211321872111e+00,4.724617970950152568e+00,6.307878697514156308e+00
1.847962693136722956e-01,1.166058971696894098e+00,2.432501872675637777e+00,7.041157770592461063e+00,2.449871223422237954e+00
1.436912222705194475e-01,5.653052262980955422e-01,5.097873017689333874e-01,7.263114747582854136e+00,4.488900762607714867e+00
1.800716922993519098e-01,5.109441625970165823e-01,2.316476313621902872e+00,6.934314295622028279e-01,9.436456864213671025e+00
1.021338887488924957e-01,1.167826193960790210e-01,4.379570722284572004e-01,1.737845516603344409e+00,9.874101201166842756e+00
2.857678650732898284e-01,3.521875001044661335e+00,1.084558530577319546e+00,3.281855741019557904e+00,3.905304122897595320e+00
1.785435855392753512e-01,5.285726415540805689e-01,1.604241698724935272e+00,6.567357537008508217e+00,5.495234812884874032e+00
3.144942891492893966e-01,6.667511599791935417e-01,3.297953414834946528e+00,7.163871754139147008e+00,6.110216065781813866e-01
1.880004326684738547e-01,2.975861004945353550e+00,1.295020218372796794e+00,4.621769380963305807e+00,3.714689246209986528e+00
2.232146433819995057e-01,1.003675220712351823e+00,2.299589466512844460e+00,7.003813488942976839e+00,2.971670633775762571e+00
1.264801655344342413e+00,2.726238052785816546e+00,1.359112760343174298e+00,1.215058359810934352e+00,4.864423060689684775e+00
1.466063822656848148e-01,4.654002294703301623e-01,1.516156395698757264e-01,5.582803917149607997e+00,7.397535452633981379e+00
2.780798807564059949e-01,3.173404743610174439e+00,1.979054879577209158e+00,4.480572690643106704e+00,2.857611034304981423e+00
1.431868254599676926e-01,2.595034233734522244e-01,1.186300700183657408e+00,7.901898764575001621e+00,1.777178825715304722e+00
7.153968077594264896e-01,1.146654870837269247e+00,5.820232464939549821e-01,7.828916720210290059e+00,1.954637737226976757e+00
1.948508541282246709e-01,2.976951126481567123e+00,6.865682923977445284e-01,8.915549068647045106e-01,6.940215719379480674e+00
1.148398168838824229e-01,5.483233785425490892e-01,1.997502846580405222e+00,5.267091190381605337e+00,6.959263176566882869e+00
2.573769090998851983e-01,9.506107697837107295e-01,2.258932813034485676e+00,6.985809720394394517e+00,3.031536305576248314e+00
1.330247955384332437e-01,3.186463512547361709e-01,2.661021220501062490e-01,1.625517010270245200e+00,9.928907420842010723e+00
4.167963442195774526e-01,6.134413433187109188e-01,6.308812671378568382e+00,6.743627604827642230e-01,1.789604911100012075e+00
1.905875661744348415e-01,1.851955403235505226e+00,1.152283160917144667e+00,3.751841547860692572e+00,7.749269339780617827e+00
6.890973559452833186e-01,1.021182377924622520e+00,7.688023653607106711e-01,7.809335926271086414e+00,2.649005795205682023e+00
5.673107445224334633e-01,2.430280617575122371e+00,2.836215108982476529e+00,2.380762241239931853e+00,6.678815493276800908e+00
2.170371722823272176e-01,1.017890013196109944e+00,2.036521309021322779e+00,2.245841411929610842e+00,9.086112408645446337e+00
1.163503601371704832e-01,1.760045472292689761e-01,1.790643328306517623e-01,1.364855813755753378e+00,9.986190821279899765e+00
4.207785053612984605e-01,2.190802899135897874e+00,1.482484299532850880e+00,4.135700493389860455e+00,7.617602107755556240e+00
3.270892094673996109e-01,4.088860821251662614e+00,4.831564431134462989e-01,2.125600833685237667e+00,1.032677324814742503e+00
1.690308223779667385e-01,2.368029763597346626e+00,2.122349189701643102e+00,6.086049570843671930e+00,1.102206370945474578e+00
5.621456784257305994e-01,9.257483579067644630e-01,3.396690451674229672e-01,7.856868762255878380e+00,2.416688711747211116e+00
7.103592000653595750e-01,2.367696847711996622e+00,3.462306569069330209e+00,5.462076592812519671e+00,8.144491407412053352e-01
2.852822644768265303e-01,7.146373942387307387e-01,1.151202901932179001e+00,7.994229371802711981e+00,7.953079326265208859e-01
5.122483793935214136e-01,1.878357656930740305e+00,4.052139938101291250e+00,4.277072703197243975e+00,4.995389022009399937e+00
2.806966493630868031e-01,1.933079400787323987e+00,1.331188062143627171e+00,2.064862363435673753e+00,8.800356580561844666e+00
1.828921532078108536e-01,5.717044344040583814e-01,1.052825095922391263e+00,6.676368042572101480e+00,5.646698749624269098e+00
1.043009697934486335e-01,1.295482644237977154e-01,1.816171591063552027e-01,1.134074643810399019e+00,1.001886980013891915e+01
3.654307611281161772e-01,1.495692363697293858e+00,3.766426838802333421e+00,3.098740201110732784e+00,6.642332531780177796e+00
4.149148958148633493e-01,5.063697031926932546e-01,4.451389709122279825e+00,4.209345653247008379e+00,5.940453284354127561e+00
1.642446641883203551e+00,1.005567886234795427e+00,1.867096983186947057e+00,5.764094312967874778e+00,2.230530582242480353e+00
2.159081605048271957e-01,2.565373586358691504e+00,3.165614356170268984e+00,1.458035987118694976e+00,6.122620134764902744e+00
1.016358518929493471e+00,2.931838659094891497e+00,5.937159928307667034e-01,4.427770194139184490e+00,4.992587212892259707e+00
3.200626766038651150e-01,2.953941201827442242e+00,2.589036876510998564e+00,3.444301107770270320e+00,5.044068105708121585e+00
1.126328144033430928e-01,1.625706524771896866e-01,4.356123469750103894e-01,3.606666134629277654e+00,9.088518702477248468e+00
2.949815468169204036e-01,2.208381806348186593e+00,3.274940420591521129e+00,5.491587630066045556e+00,2.459468861086664404e+00
2.787415867061468489e-01,2.708303901681706982e+00,2.395571242762758235e+00,4.312265793913348411e+00,4.823244891379689037e+00
9.992580449796442110e-01,3.730765532729748646e+00,2.606516359578573194e+00,1.133686852582976634e+00,1.950612346947750098e+00
1.825779467743652296e-01,5.529174430062308021e-01,1.049080370170644594e+00,6.252475387284207820e+00,6.378325619922255107e+00
1.214768892150520363e-01,2.294442095729419817e-01,7.031386190149019333e-01,3.962663843168406252e+00,8.815829857162547967e+00
4.319353005488627550e-01,5.513367817591051656e-01,2.071870887120546012e+00,7.745435912857061567e+00,1.721472528544466307e+00
4.217730320739937477e-01,1.521105956954744709e+00,2.197439013110814354e+00,3.870550714170848394e+00,7.803501822736339300e+00
2.957539856951024726e-01,9.122661922867045803e-01,1.049227738074565153e+00,4.433104234052422044e+00,8.398014473157699555e+00
3.393075978355505895e-01,4.111899363399698970e+00,6.399725365385033893e-01,2.034513919794040060e+00,9.027831415566466289e-01
1.537382140198564340e+00,3.150239686900028424e+00,1.415624188927435023e+00,1.604815646875545898e+00,2.884039237074296658e+00
4.012437431988584713e-01,2.008097553092158538e+00,4.281426201867955861e+00,3.712860958946341494e+00,5.109813359897623641e+00
1.731066128407816318e-01,1.869735909331509571e+00,3.044656891036963575e+00,2.268382013956161014e+00,7.181040171142225148e+00
5.144203178393278453e-01,1.639691396043730931e+00,2.586360675054815594e+00,2.122375546988179984e+00,8.684748392630725178e+00
2.609110714859825819e-01,2.473463264585808563e+00,1.064438520461283177e+00,1.390262855421443122e+00,8.010441235392404380e+00
3.868309946828334400e-01,4.007381221635702317e+00,1.766514595539536936e+00,1.616060305624418048e+00,2.423359244547861557e+00
2.897922773458513346e-01,1.112917015558106293e+00,8.755608516728423663e-01,6.081809962499558075e+00,6.290977107725535866e+00
3.909130586920031569e-01,3.551457315852710295e+00,2.332722703296965072e+00,2.490406489915234722e+00,4.187200380327626092e+00
4.811402999093135069e-01,5.529766846442407680e-01,4.350006092943933922e+00,4.917862235958703643e+00,5.174230148832370091e+00
2.956318994826011015e-01,3.599037445582658368e+00,2.621348245264818910e+00,1.953722621485303623e+00,2.836437752182888072e+00
2.445615879691612204e-01,9.462933612586696963e-01,1.193130536034874289e+00,7.768530215287631435e+00,2.215364073184473703e+00
3.012508922031713610e-01,3.600228804620325906e+00,3.755026217081096074e-01,4.394953051081653683e+00,9.699965666363089545e-01
3.808287740585680758e-01,1.126766057973761281e+00,1.164556696521808377e+00,5.283848848430171330e+00,7.159093250347178916e+00
2.893750323478817554e-01,1.164886570600049076e+00,1.950786683512668152e+00,1.802589572433311416e+00,9.332218596311953718e+00
5.937640753234202373e-01,3.729730858169056251e+00,6.562990105079562486e-01,8.902054118010962469e-01,4.402754805536555516e+00
3.313166945492934112e-01,1.652378128965056980e+00,3.111971653054057541e+00,2.435006074974764623e+00,7.995435655981246725e+00
1.861142629532766435e+00,1.471858228113601008e+00,1.807824252960875455e+00,7.345288068603302856e-01,4.877854048387923136e+00
3.322939157770147256e-01,2.495165220169480058e+00,3.221042956534236001e+00,1.823776319572811833e+00,6.552199028580894868e+00
3.926227516213915969e-01,1.568426924331903338e+00,5.195407818949136391e+00,2.874722231009876339e+00,2.620941610608459982e+00
2.194336346677803196e-01,9.454982456335875307e-01,2.230460752168211158e+00,7.001415478937725645e+00,3.774854352474241725e+00
3.505697015494960711e-01,3.997286599900181869e+00,1.210717282496708513e+00,1.958757201555493932e+00,2.481670206197768458e+00
1.078721231582329271e-01,2.802424827829211873e-01,6.174866115542356759e-01,6.879442008619689020e+00,5.323898204580644666e+00
3.339055761807921963e-01,8.545250057099859076e-01,5.824465845295415667e-01,7.978914578626797649e+00,1.563943551534225929e+00
3.863832693862407908e-01,2.311324945991881652e+00,2.308989382580750149e+00,5.333325163534832214e+00,4.467934379053232874e+00
2.295741888104307904e-01,2.661638725911037451e+00,1.666219294638036308e+00,5.383269302420501390e+00,3.630103192436332726e+00
2.610929797379463735e-01,1.838778847659700233e+00,6.347085413061317460e-01,3.994289914520007478e+00,7.801101521260526361e+00
3.290513459136811258e-01,4.169377202645270231e+00,5.230691091270105453e-01,1.081501715579467282e+00,1.290847113753622821e+00
2.413093783850100149e-01,2.883052975955526342e+00,1.121653278404116882e+00,2.153660817056089360e+00,6.679369824765304386e+00
2.385193399835438266e-01,6.620963728987251384e-01,1.361339282347837187e+00,6.208066453253449524e+00,6.426572719719800375e+00
1.997890947529091799e-01,5.795972696656239709e-01,1.832932242075840712e+00,1.892406624707275054e+00,9.517704982750442966e+00
4.114257913113203435e-01,3.601212399295758537e+00,3.684984351046177942e+00,6.326835231922359748e-01,1.446964446657517334e+00
1.979281463373193384e-01,2.143825770308657841e+00,2.671458796834694116e+00,6.151757884112911690e+00,1.086681394803601153e+00
1.484325251332759277e-01,1.034844409846919167e+00,1.263129701380690806e+00,1.695961607546993211e+00,9.470585516437354912e+00
8.105667062146122426e-01,1.398829126433495773e+00,1.970803897002496807e+00,2.055265406029419761e+00,8.599849869851187378e+00
4.643655364127382557e-01,2.078168573434811872e+00,3.638833359920353949e+00,1.637713427004551914e+00,7.324691871127193110e+00
1.252426299717303571e-01,2.807066993465525684e-01,4.697770632113775768e+00,2.908173533555750812e+00,5.553749605710131654e+00
1.616650015970027832e-01,5.779023964015044257e-01,5.150043671570000425e-01,4.871120599650383021e+00,8.107329454277785175e+00
1.155026089905506037e+00,9.867642276623826980e-01,3.156396880740267807e+00,3.005392800123690922e+00,6.795452496667270026e+00
2.110406816117748052e-01,2.035507891735083952e+00,1.223665088785724109e+00,7.017649680207888707e+00,1.292893357670178212e+00
1.517174285942615442e-01,1.108128538886621772e+00,3.520836552253345797e+00,1.377528799574845753e+00,7.830957184486788236e+00
2.312414587697877444e-01,3.526328993037536108e+00,5.982246145419275463e-01,1.797648705256522206e+00,4.971143344193640345e+00
8.962219059614142669e-01,2.732336316306395840e+00,3.514311818490037709e+00,4.142170405004013567e+00,1.026603936981521192e+00
2.134087057389552067e-01,3.805789855983338077e-01,5.414417130257286104e+00,1.985018470734822849e+00,4.556234873380806683e+00
1.445626423484826617e+00,2.285960444448831286e+00,1.121494301491745338e+00,5.103795502027993258e+00,4.393123254688082291e+00
2.739248724674865354e-01,1.846997468411305965e+00,2.768969564684029105e+00,5.586760555593971667e+00,4.598713638982844465e+00
9.909657508363227674e-01,3.190835331672022157e+00,2.100060356480267565e+00,2.278273739003602749e+00,5.345285191299291583e+00
1.332726033643690799e+00,3.457425428679321566e+00,6.102862672259198318e-01,2.156031614535451890e+00,1.311426289996570071e+00
2.145398430513442700e-01,2.153430424602362780e+00,9.840459584386003211e-01,5.494810776423561194e+00,5.478050647884647795e+00
1.460951218002772833e-01,8.493089075922557463e-01,1.998874450597553087e+00,6.318556537025505904e+00,5.333399246887987388e+00
1.289664060137596380e-01,3.385728884489955792e-01,4.376976797740769198e-01,6.495953265529707643e+00,6.117748024435712750e+00
3.099834182209898481e-01,3.833617605399592954e+00,1.830040850404144770e+00,2.400478748796402773e+00,1.852798667422423051e+00
4.637433264296160207e-01,1.263053555695646146e+00,2.746435740853160112e+00,6.295818573158959985e+00,4.592036341624420537e+00
3.124251954062661762e-01,2.997323220626816997e+00,3.285614909632311065e+00,3.150356659700237927e+00,3.895560951793016535e+00
2.213630888909653982e-01,3.031564293912565766e+00,1.781061008622619291e+00,4.933175662829128783e+00,2.170310173607873150e+00
1.416534222940541543e+00,3.546074639262281725e+00,9.151644404480635542e-01,2.081261823602686523e+00,9.055330473728337992e-01
4.209147705475573265e-01,5.748053913731991926e-01,2.390104905398710233e+00,3.203252123742013513e+00,8.628850776101739228e+00
1.788590362459239635e+00,2.282019966767373731e+00,1.150557147105079281e+00,4.434118336448453768e-01,3.754069258173118318e+00
2.523133418658988214e-01,4.066336550811087136e-01,5.081558923514682746e+00,2.124788489261786761e+00,5.636102434066672551e+00
1.017726767232394747e-01,1.442286767387969959e-01,2.933692465234104541e-01,3.356626050679583084e+00,9.228212768008386746e+00
3.523019207842529865e-01,5.013126096438760282e-01,5.053967066721877899e+00,4.870323802149046699e+00,2.673922099918644157e+00
5.509228262469862969e-01,6.054094813819315135e-01,2.503562660488046543e+00,3.000733627075150789e+00,8.889520524944023450e+00
1.453151030718116132e+00,9.447556652184622150e-01,3.064601039948024130e+00,2.476519455241119605e+00,6.431482396110990152e+00
2.185454294574787348e-01,3.210475061680409858e+00,2.670606262746841875e+00,2.869317672709339462e+00,3.509396073113725478e+00
3.304425222641112492e-01,7.880501564627768740e-01,2.538772640090814381e+00,2.949755126838106367e+00,8.803357153271663904e+00
1.169013919609834140e+00,8.666969373520011510e-01,4.510253897631782749e+00,1.042686991441237776e+00,6.696546020182081449e+00
1.309205665285017584e-01,4.626842790173848474e-01,1.937840561229901559e-01,2.332462342498171637e-01,1.007433410660685702e+01
1.396146550521520369e-01,1.573839619454158179e-01,6.363307753575179193e-01,8.010790047982911943e+00,1.715677424732261036e+00
8.356964178601735682e-01,9.691275458029808831e-01,4.929038843194220476e+00,4.042416158832150330e+00,3.746781560743859707e+00
1.037281935446925513e-01,1.333877402169104942e-01,2.339718084210905547e-01,1.653341508232008428e+00,9.910391811269780860e+00
1.893446674615818504e-01,2.519681838349579373e+00,1.284799992514347622e+00,1.988365779485715690e+00,7.512446664321851486e+00
6.742110890116358446e-01,1.641353772951780865e+00,2.365652925634436965e+00,5.656894461817728592e-01,8.975609027489745984e+00
8.278163986544665454e-01,3.418127150375587231e+00,3.237524972094981468e+00,1.781788169344376893e+00,1.787984646808459477e+00
2.339992931222454331e-01,2.158486452065467187e+00,1.422049770820012382e+00,2.394910307636152424e+00,7.902734563900173370e+00
2.660737642399326752e-01,2.979258039481083919e+00,4.062682819668284928e+00,2.374846087020675789e+00,1.712004440760125368e+00
2.237656425658009762e-01,3.404935165621588711e-01,3.749191440697638100e+00,4.407886990375342151e+00,6.366973913043818101e+00
3.017795698989843012e-01,3.685383268486320252e-01,2.701682335408828184e+00,7.437738201512453351e+00,1.957665911215109800e+00
1.108847654648722758e-01,1.851696035981700572e-01,4.754914202802491552e-01,5.638279442086854276e-01,1.007174909576558264e+01
4.063660219336543422e-01,1.463625494397032822e+00,4.870474491114161530e+00,4.859975818880378107e+00,5.709637173811503708e-01
1.312449927494824253e-01,5.177072872431945916e-01,2.641091189846117016e-01,3.034071371840902365e-01,1.005722128426982920e+01
4.607556592928535588e-01,1.430303247516467646e+00,4.176374465215396681e-01,6.061269139116753024e+00,6.375776666324970421e+00
3.329527111586424448e-01,8.089673478770760262e-01,1.699168662249315842e+00,2.252846615156312460e+00,9.416087472788470691e+00
2.406683623738738453e-01,1.441139829937033934e+00,3.188204109050983615e+00,4.513660843992807870e+00,6.113707361181861089e+00
4.144752063059709557e-01,3.293886592854627260e+00,9.654610797086304874e-01,8.663656033071921447e-01,6.834205064414365260e+00
4.583057067681974850e-01,1.173863697614374368e+00,5.458480859303248778e+00,3.772982937462646902e+00,1.543936735587229547e+00
6.299472993145189825e-01,1.291583110176297566e+00,1.856284638597899495e+00,1.848856297969059703e+00,9.125435855739354452e+00
3.753846241481727519e-01,1.786366666056541153e+00,4.621065278911176577e+00,2.734876949036251226e+00,5.193639764069578391e+00
1.899580515051830787e-01,1.249045584078885884e+00,3.759522173984010340e+00,1.762500254973057068e+00,7.408442709751120958e+00
3.435850861264684863e-01,2.989505735756908145e+00,2.062519264416071252e+00,2.701916223702768072e+00,6.127654335453613932e+00
1.042496098581626729e-01,1.326560255628854434e-01,1.884208509089204397e-01,1.174220427276783996e+00,1.001175130530313417e+01
3.531101493731236829e-01,9.277607072878515382e-01,3.133828150034827509e+00,4.774139345478766394e+00,6.486053400755380061e+00
2.382395926091327165e-01,9.237760552615222887e-01,9.324039989674240969e-01,1.251833276503466541e+00,9.736137249154060314e+00
1.103247144342339947e+00,7.371082491812559478e-01,4.491145525222376200e+00,1.141011176857909204e+00,5.407647725243865722e+00
2.553452986565957206e-01,4.265178987379042441e-01,6.034925555333533254e+00,8.788721651932227541e-01,2.542432940982999323e+00
1.659925393877519917e-01,2.557171889222539796e-01,1.426284108146794738e+00,6.877992379849342086e+00,5.164820826951667776e+00
7.704931761468132301e-01,1.565786298782292363e+00,6.943002994321844090e-01,7.351052494114961533e+00,2.311123275328020199e+00
3.885753728431458054e-01,3.218043141379727246e+00,2.489540739170493122e+00,3.278899279323295168e+00,2.907809778008213719e+00
2.691836798070215697e-01,8.848961887353395950e-01,3.408677725407867953e+00,4.114344309815384904e+00,7.021789804128379053e+00
1.751343847862015246e-01,1.654062357763429247e+00,2.661251566786315692e+00,6.703506596966663622e+00,7.788208608050013471e-01
1.518704981902602613e+00,2.374600846653046826e+00,9.947420440027670008e-01,2.593222300486892173e+00,5.730893261744506084e+00
1.015074404497434135e-01,1.313303074035875040e-01,2.298991733682466398e-01,2.227289450652554237e+00,9.737946358388855472e+00
1.619572815899673612e+00,2.709981561678906914e+00,9.673210401116526524e-01,2.820166063528098732e+00,2.041158453610079526e+00
9.112811007093728488e-01,8.664496550862267332e-01,2.316860051715849522e+00,2.980514724405233462e+00,8.121329822643753360e+00
3.757735677518316830e-01,1.441676429851224128e+00,2.110982767382627134e+00,2.519872193493450929e+00,8.785600143889942260e+00
8.167731172086314384e-01,1.525099575386903217e+00,3.373773823051704923e+00,5.548827959233420870e+00,2.916055219807812904e+00
1.115043677735825106e-01,1.432970020918526710e-01,2.174065899697772974e-01,1.355127675754036254e+00,9.981584471292320515e+00
1.410299232560312088e+00,3.372164397401808067e+00,5.504560898291661619e-01,2.180960845576159546e+00,9.314963209160044277e-01
1.276272518070792061e-01,3.558302152526841011e-01,2.489018150061908519e-01,4.981693488949865412e+00,8.037472799709510340e+00
3.039078637895965551e-01,1.674076727155087152e+00,3.378654670120311287e+00,2.888740012457912343e+00,7.102754139890349983e+00
2.849144590454442683e-01,3.033834725540611732e+00,1.722015421504376587e+00,5.259144525216981947e+00,2.153853548895049208e+00
9.560011411633136946e-01,2.013876406228402693e+00,4.367030266665282157e-01,5.408162753322995009e+00,5.547879485496520324e+00
2.459457938724532999e-01,9.937489800265737472e-01,3.494164292987240739e+00,1.254121390990134977e+00,8.229093786595321092e+00
1.678147492131150775e+00,1.275415255553112193e+00,1.994406482808329217e+00,5.297315080707607038e+00,1.465798410647781935e+00
1.680673528053369115e-01,2.366188818854192966e-01,1.969450368410980090e+00,3.571793084529706341e+00,8.693111081947757057e+00
3.268258456618503005e-01,8.370537577279596464e-01,1.264172088121425341e+00,2.875357388495625166e+00,9.294559917519174874e+00
2.719465948775530162e-01,4.330484341376774626e-01,5.969059666472435133e+00,1.658452235317233292e+00,2.517821543183089261e+00
1.549324572204845651e+00,2.780213982626837943e+00,1.661993943002035401e+00,3.265675783478677374e+00,1.640821227246195946e+00
1.287137426603218282e+00,1.507026103819202101e+00,3.341557562170360818e+00,4.841447818687126592e+00,4.409030605208747566e+00
2.889948399756335218e-01,1.582241046004828844e+00,4.435428132310139659e+00,3.344354700332568875e+00,5.243706194804495624e+00
1.908080106237561302e-01,1.460611865177442681e+00,2.571373314104101304e+00,6.726279452921587243e+00,2.545938804241585363e+00
4.278255206016706724e-01,2.694883882391122754e+00,3.569870767095720598e+00,4.937299343550209940e+00,6.176476182072254684e-01
4.409543141294727242e-01,1.628623464438131219e+00,2.756148352838191595e+00,6.714420907247452774e+00,7.644608410363250561e-01
2.718066152959448534e-01,1.342485223833293606e+00,5.647832930199661483e+00,1.648847483610748510e+00,3.104879413373947017e+00
3.626752134962010210e-01,2.130522126347474732e+00,2.413260903331421403e+00,3.353311552784651983e+00,7.552031058508742234e+00
2.635118756909118343e-01,2.094960954784511831e+00,1.877349162980882946e+00,3.977312614635680532e+00,7.096722483974002849e+00
1.032113509816169561e+00,1.174895164339996079e+00,3.212924047284662521e+00,2.900429641948218951e+00,6.869004039566373621e+00
9.889561996264225607e-01,2.098393035044194388e+00,1.495599600345196789e+00,5.248278272695879210e+00,4.642156546639907511e+00
9.938680370259411756e-02,1.033399409156174620e-01,1.582686167714401348e-01,1.052500449359464740e+00,1.002750868575378540e+01
1.081202530823608121e-01,3.385446985288349531e-01,1.232030284591481284e-01,1.476700832368109950e-01,1.008325932626369692e+01
5.609482834401816609e-01,2.423678482916196142e+00,3.463021398286490804e+00,3.216772069685115198e+00,4.843230829622945599e+00
5.327683087161074749e-01,1.784543373932127253e+00,2.319539666746123885e+00,5.101058070073626993e+00,6.606508974741440277e+00
5.300765686572719293e-01,3.794206743509057844e+00,2.073665959848211671e+00,2.535187954997868420e+00,2.196992238833808564e+00
5.517209520776502618e-01,5.960473886521115983e-01,5.205247126240808875e+00,3.261054046227978453e+00,5.079469186058409136e+00
4.125099321607617053e-01,1.227024696207165810e+00,1.261232221890633109e+00,6.065920446414271971e+00,6.493065322875626322e+00
1.558743656056636451e-01,5.524213095519910910e-01,2.550222774398976711e+00,1.448808925614037957e+00,9.102570778033268084e+00
2.910398271093619926e-01,2.963211935859423551e+00,1.936902210338399266e+00,5.502479243924200958e+00,1.217197067715193759e+00
4.082264769579904140e-01,7.500786360199543923e-01,3.478825023923111992e+00,3.574572956221429010e+00,7.549645678143027894e+00
1.666149190110163270e-01,1.596041831118198751e+00,2.633326696810240453e+00,6.750341879443939597e+00,8.643020254329106811e-01
3.475400149562278274e-01,5.088641329549016268e-01,7.330164228987159358e-01,1.925988547711216636e+00,9.791043373231509861e+00
1.027672256990457417e-01,1.423712375171393985e-01,3.574458841124039665e-01,2.188266614522115017e+00,9.745622522042337366e+00
1.781441312968036206e-01,3.008873162184109162e-01,2.599768337493726378e+00,5.351007518687216802e+00,6.609031574116864149e+00
9.804174003515178093e-01,2.469286579988139607e+00,2.114767981412954523e+00,4.874191673518806667e+00,3.399569252359479599e+00
1.860454208552236588e-01,1.170133214882310480e+00,3.570943997322412411e+00,2.380836313929073356e+00,7.472232440327443825e+00
1.930154907485237992e+00,2.193599269386871775e+00,7.077374664309085128e-01,8.224544520950116677e-01,7.454597584218405348e-01
1.470292477817833898e-01,1.511091798811090792e+00,4.380601544458068375e+00,4.695129333149353101e+00,2.159747626858243397e+00
7.882695326048132500e-01,1.150407932374332809e+00,6.192687912736543066e-01,3.413701435355063651e+00,8.738083181972092106e+00
7.557622160241798115e-01,1.949514814659346396e+00,1.642664369054729567e+00,1.996637495030600729e+00,8.456365557109027264e+00
1.158697570781768438e-01,1.234456494178242381e-01,2.847206426331061468e-01,3.731851254338186763e+00,9.031127948598809851e+00
6.492496214253560272e-01,2.623241429326858665e+00,3.251939816587626542e+00,4.668210843484886574e+00,1.216250814462081609e+00
1.572678247944240937e+00,2.444501310575083686e+00,3.840875474097713127e+00,2.022524476695354512e+00,9.095924012876420717e-01
1.199235884097102023e+00,2.372048078707739371e+00,3.015653072347345809e+00,4.742143855494563631e+00,2.798464371446197863e+00
2.834888622712637973e-01,3.481503804148653014e+00,2.621582489398567972e+00,1.462018427215003191e+00,3.883271137203599288e+00
6.116224294390442129e-01,8.568712538219437347e-01,1.532947162189564505e+00,7.605877097267020659e+00,2.015604850993513164e+00
4.114255969801837720e-01,4.025709901514033184e+00,2.173465682424434497e+00,1.280860721400985058e+00,1.904530148092176134e+00
1.113273006619835526e+00,2.330110413372047606e+00,3.678460721921168020e+00,2.037903216277491936e+00,5.816551353272935820e+00
7.034237734450690116e-01,1.996263159893239658e+00,2.834536537387622346e+00,5.177619292058492029e+00,4.755594909510079127e+00
1.973039789819219236e-01,2.024271503230128388e+00,2.524708385417722134e+00,5.007093081418482861e+00,5.183376485558357061e+00
1.249268391688127755e+00,6.242568197595408375e-01,4.879365716550271515e+00,2.558955700203108030e+00,1.083994389257002977e+00
1.539205077267407074e+00,2.397387845947402507e+00,1.290778746776763297e+00,4.980765314742869876e+00,4.482673228287609390e+00
1.095660987358080540e-01,1.217716014968931171e-01,2.297477449308557573e-01,1.513290311920704845e+00,9.951921168593434786e+00
1.958590228662380195e-01,1.615583208614394417e+00,4.024344943964559995e+00,5.913175610620318157e-01,6.831955701511353674e+00
1.015581395159852240e+00,9.394134970797856088e-01,5.206061472851088112e+00,3.246102036437866989e+00,8.820659985332801600e-01
2.228144766427796464e-01,2.768164293755574601e+00,4.461267986618550729e+00,1.764004374910491224e+00,1.421465713712912082e+00
1.255373072855533456e-01,4.438879805996100991e-01,4.459448072719129463e+00,1.560610785556403313e+00,6.715339452804023779e+00
2.261721077323411988e-01,2.625471059877052760e+00,4.208543062415844638e+00,3.197436570688540147e+00,1.595325470885727404e+00
4.754348178092170363e-01,3.772072658944000345e+00,1.769975991166637286e+00,3.488514171460872948e+00,3.179057165762458226e+00
1.611420678665861639e-01,6.221514499866119818e-01,1.264019981945457394e+00,5.348684005784055451e+00,7.415943375211229593e+00
2.068217855085367485e-01,1.113477981796847871e+00,3.653822240555438583e+00,8.025050397511892530e-01,7.956364954252592270e+00
9.950214124520398440e-02,1.093025704460734576e-01,2.028139127049836676e-01,1.407130916137219856e+00,9.963151435572171977e+00
1.022584865563239548e-01,1.145478911923189930e-01,2.266331273711035543e-01,1.537140514350970433e+00,9.937118733949935390e+00
1.040449015196765331e-01,1.444964545081887097e-01,2.898261501915437854e-01,1.933177775523882591e+00,9.830123082520067612e+00
1.089751604024123827e-01,3.343598863420276235e-01,1.832880374246035338e-01,2.703284605989613731e-01,1.008221129275749917e+01
1.707380282195737065e-01,1.075308210736614978e+00,2.383296471637828429e+00,6.488931519923038849e+00,4.369795992197664347e+00
3.240805545862794346e-01,2.317176366892737871e+00,3.294348545480868751e+00,4.908750587158392520e+00,3.842087059628744861e+00
3.107011956154935861e-01,1.074931205462920314e+00,7.521921820709314144e-01,4.261686613815283131e+00,8.588263218191446668e+00
8.361923515730080858e-01,2.235059041552894588e+00,3.324840532845654284e+00,4.618828848994061431e+00,3.864319137265521231e+00
1.145841292999293243e-01,2.154769300012244204e-01,1.347383517027268329e+00,3.006114996103846249e+00,9.192667437684336917e+00
3.334103309272165583e-01,3.564972964172680392e+00,3.423424233173810727e+00,1.525472119412358607e+00,8.693153089345657669e-01
4.011024786394090658e-01,3.003104201813803886e+00,1.331618693799441422e+00,6.035176898018618452e+00,1.609196771438242690e+00
1.535978100120256817e+00,2.742084835214174010e+00,8.286316273860914183e-01,1.222918622105127584e+00,3.415619917938013117e+00
5.558530753234718347e-01,2.372103915696892162e+00,1.973541819732581359e+00,4.373582909811713826e+00,6.304345609145776130e+00
1.551433706020508119e+00,5.857850018021995009e-01,4.579847354676783944e+00,2.895142632908497049e+00,8.171578023296485194e-01
1.274929701920012870e-01,1.427549926624510079e-01,4.137400442606724571e-01,5.577685683543937678e+00,7.430566692597457390e+00
1.572137007374259987e+00,7.736387467128709172e-01,2.796525659055173030e+00,4.189503681703497406e+00,4.354602739195842176e+00
2.608730068265719404e-01,3.515614848432568884e-01,3.397532884539546494e+00,6.659723803115838336e+00,3.082761390768857357e+00
3.296369082093927316e-01,4.876526460460598456e-01,5.468267503626313086e+00,2.598471877225011273e+00,4.165554422697070436e+00
3.415956429405311856e-01,4.383666734304778045e-01,3.818095777784755285e+00,4.823349225216320590e+00,6.144576045704289946e+00
8.033889579027733152e-01,1.077438517694928821e+00,4.648605244307972839e+00,4.974068046336095783e+00,9.456382703576984294e-01
6.262035624858859340e-01,9.953084578924060732e-01,1.458535286827852273e+00,3.808894285428851667e+00,8.313761613253968008e+00
1.639324039786554665e-01,1.319841354900943342e+00,6.166560548314259371e-01,6.898551075853009973e-01,9.621387403524520820e+00
1.152977549896834653e+00,9.925117993661713989e-01,4.851295928687838099e+00,1.425262150259923644e+00,4.627614429097020476e+00
2.968636586778167219e-01,3.543086611259784746e+00,3.413293531870043029e+00,4.940962450386380822e-01,1.505784828102166184e+00
1.179355522960668701e+00,1.072555164138498274e+00,1.025094697525733123e+00,7.071536788323263600e+00,1.179514353920720016e+00
1.003102933753977077e-01,1.168056260417152520e-01,2.377209849628471039e-01,1.758181985294872129e+00,9.879320590020535420e+00
3.240883219440493512e-01,2.806104803226578959e+00,2.839044055305598224e+00,4.121350523416870359e+00,4.433587335917371419e+00
6.576174852745459987e-01,7.922157608073139290e-01,5.091585706875709327e+00,2.406925954265637380e+00,5.192093501054822369e+00
7.908032057426476191e-01,2.175281504184438219e+00,3.023147895922529749e+00,4.763274436207136198e+00,4.410117069073288931e+00
2.935723697441089408e-01,1.529443667711612331e+00,1.332493130676269288e+00,1.529418547164331343e+00,9.374204043596821023e+00
5.740166197738452158e-01,2.002484142394827416e+00,1.104910406894819674e+00,5.794394172371974960e+00,5.640284907801905945e+00
9.308895520131497126e-01,3.395493546178430133e+00,3.304655372839086613e+00,6.393539093226250358e-01,1.707367707233187648e+00
3.040517672825525097e-01,1.006570711497071002e+00,2.083827398033135658e+00,1.493626091886389728e+00,9.271896866243370283e+00
2.922395516753919509e-01,1.339725180897446855e+00,2.937335610824242105e-01,4.686533926677410200e+00,7.985148368713034905e+00
2.354341128412348605e-01,1.175006298948346295e+00,1.934411854035396061e+00,1.018481956473386907e+00,9.314484471335955362e+00
1.314448309523838843e+00,1.495475537247621833e+00,3.692275200332062912e+00,9.272371011159412646e-01,6.391025466739444383e+00
2.546002263426960788e-01,1.546707337756458411e+00,5.679601582936863124e+00,1.054466892719226889e+00,2.456992544583032512e+00
5.841743046685489160e-01,1.594516305770317111e+00,2.978475433644176551e+00,4.046547700510879864e+00,6.462952992409686459e+00
1.294351163629707147e+00,1.471642017702312399e+00,2.190161899824302427e+00,5.221586423264025001e+00,4.457190534118399050e+00
1.278194660626861268e-01,5.383418893025049279e-01,1.605985260196392650e+00,6.748396403090556106e+00,5.016718254970379931e+00
1.278239230650048297e+00,1.664716337482010644e+00,3.209006414749656422e+00,8.182473342656463311e-01,6.859311963633139442e+00
1.894259211451614633e-01,4.149946380287496961e-01,9.189064979871559569e-01,4.296614389134247425e+00,8.600844095330563377e+00
1.864608533967650805e+00,8.078670714062099467e-01,2.888542127396767523e+00,1.167188770078761095e+00,3.319594547352690217e+00
3.188526998881126562e-01,3.268468908373266313e+00,4.061510929379373636e+00,1.260843216223728191e+00,7.662114552954580882e-01
2.660584027523660300e-01,4.091108590671598932e+00,3.773223107995146153e-01,1.158441065971961059e+00,1.437972165432205740e+00
5.382238785650215185e-01,2.524815825930340818e+00,2.016844990964715922e+00,4.808588286515565358e+00,5.396459605235706114e+00
1.031967296071377022e-01,1.154165997546479916e-01,2.954987412219287624e-01,3.124832655432944417e+00,9.356160596301046795e+00
4.932558711685690600e-01,3.434856516944027938e+00,7.851085078846317122e-01,5.535260284696646771e+00,1.592363836814173261e+00
5.818340539707620440e-01,1.915311019391150671e+00,5.388389826293265017e-01,3.589062233082983777e+00,8.817675959783871420e+00
1.096587890010085609e-01,1.939538576904105138e-01,8.365288930690655267e-01,7.527599369830612730e+00,3.620220726151917923e+00
1.947979394937467301e+00,2.099827138628593826e+00,1.043716733811499653e+00,1.688603416552288961e+00,1.789458439750249319e+00
1.585154395620423651e-01,5.836410275281677107e-01,2.327836162241847973e+00,5.157810017540844783e-01,9.327523583145392649e+00
3.358470423441951569e-01,5.954849543072681106e-01,5.268249895054904819e+00,4.530167681380242506e+00,2.379173969260790500e+00
3.303489886460960756e-01,2.104918373217191885e+00,2.605084479168465972e+00,4.665594509532675183e+00,5.458153164307553595e+00
3.781064532691814639e-01,1.101153930582974505e+00,1.589007303405973959e+00,6.506669203800208301e+00,5.542446060497383087e+00
3.462409578621977735e-01,1.323874256930850590e+00,2.588990097096069753e+00,6.958414941800405096e+00,1.652434315117420560e+00
1.556848124854047111e+00,2.642547501150080524e+00,3.603904108989088417e+00,5.994823339341784907e-01,1.243329564707817303e+00
4.600138927793341326e-01,1.796162194167931769e+00,3.722080922920748769e+00,3.529820073236141109e+00,5.935619625176202341e+00
9.826816217074581250e-02,1.012036353815514433e-01,1.474192363354372981e-01,9.539909115242793947e-01,1.004044082570684182e+01
1.805672557235190601e+00,1.120154419034791848e+00,8.380824387049916613e-01,4.203283862605275978e+00,4.596392824892955531e+00
1.173101220325365179e-01,3.258410104993771927e-01,1.205618738543627444e+00,7.776052630314991276e+00,2.257314999875595696e+00
1.530748513999476312e+00,5.433427468366628377e-01,3.287671479927479101e+00,3.991708915274973624e+00,3.531155544791713563e+00
1.303554578931257257e+00,1.389258818448174893e+00,3.296756650966037760e+00,9.872038019162674427e-01,7.250176982546335580e+00
4.337965613874670279e-01,3.876709978064771800e+00,1.725139303991215289e+00,2.582997308151875338e+00,3.248544486826347111e+00
3.258036542721021167e-01,3.979500038965302799e+00,1.931372516849844789e+00,1.409058284690046126e+00,1.443892044627899551e+00
1.228480127348548168e+00,3.283487646538411298e+00,2.209219490033851763e+00,1.085929888248504671e+00,4.211811975665301411e+00
3.954835812956514762e-01,2.859186770849815762e+00,1.436519640164193090e+00,4.858274333106476384e+00,5.271569963730637021e+00
1.148145488665536007e+00,3.444916382532539512e+00,1.012947541816750396e+00,2.750540803298069825e+00,2.134547492751607045e+00
5.380818663618066600e-01,1.041467043276968374e+00,3.340306546483524208e+00,7.961039179179930647e-01,8.443951416340192750e+00
1.055385941588557336e-01,1.189552544673082857e-01,4.325443517416320827e-01,7.618674109929491678e+00,3.494743538660221027e+00
1.498674909206305361e-01,2.770942963456277663e-01,3.253126937667886187e-01,7.124455411920414427e+00,5.000879618936846072e+00
8.462856607235775819e-01,1.296106869033710307e+00,4.364043072028293224e+00,4.665325231352678514e+00,2.028510167156730493e+00
1.593252957555567617e-01,2.664297622339774074e-01,3.520830725991201948e-01,7.629333902378939491e+00,3.613377102085535864e+00
3.212301202616587581e-01,4.101505963788047104e+00,1.610628293054894744e+00,4.340000540498496484e-01,4.885600668048463158e-01
6.650971859200069947e-01,3.153424188484300394e+00,1.553374133586913786e+00,5.409721669103355168e+00,1.633760159712841720e+00
1.811749077226916249e+00,1.200346062374525014e+00,4.569663298161765752e+00,1.596208706209786721e+00,7.711820427496185459e-01
5.299156483881790614e-01,2.405464747555807303e+00,1.839700932551440626e+00,4.708914471019889803e+00,5.976761120703149466e+00
6.327433202722976269e-01,1.100930007062713933e+00,1.314033005007247734e+00,7.605183188566984498e+00,2.794817037856171638e+00
3.000223762869714261e-01,4.145375222313726127e+00,8.915116473682288545e-01,7.974807211409992158e-01,8.024885965800352405e-01
4.304930365526315472e-01,7.704263319474109473e-01,2.136819954582185321e+00,5.023456364927258555e+00,7.359012845137408831e+00
3.842009682938801740e-01,8.117175878174809345e-01,4.237546712144161454e+00,6.155329010390913069e+00,1.989368327312199813e+00
1.099263980523957462e+00,7.356037089075048163e-01,5.556085602119036793e+00,2.643066262491488683e+00,1.009547600479940410e+00
1.792575536478509812e-01,2.276895899756638253e-01,3.910472668935143781e-01,6.207727708164734182e+00,6.720917204808229073e+00
2.605281975369720948e-01,2.711190465918517312e+00,3.973497780992069739e+00,1.711381095156392584e+00,4.075437488976825229e+00
1.098309216138450672e+00,6.253706278327167967e-01,5.641023466713545709e+00,1.252277525265257374e+00,3.402114460044695754e+00
5.163240692906614360e-01,1.709965946154615057e+00,9.690741391594113185e-01,3.335660789511214475e+00,8.644466950335983668e+00
2.372759656229184999e-01,3.016907589535577916e+00,1.522962114915375365e+00,6.757782142374194612e-01,6.727582960063410944e+00
1.869634203657006832e-01,6.985171824833034115e-01,3.915574124958155489e-01,1.024328340185209019e+00,9.995275766618538782e+00
2.486704451751517164e-01,5.434991703085694237e-01,3.231933713242994166e+00,2.291934498016245936e+00,8.260892808936080911e+00
3.332161114557211645e-01,1.003025211586199283e+00,4.829901969615586488e+00,2.508935850297387304e+00,5.516010931876356160e+00
3.231877701948210335e-01,1.266002262586862548e+00,5.556073246580693237e+00,1.525973009533959202e+00,4.099124121396969578e+00
5.566049998976674296e-01,2.385758756224331201e+00,1.970974943000658453e+00,4.385798923727897147e+00,6.277926217420979782e+00
3.222500944842214832e-01,3.788443245182836261e+00,9.707499323001083091e-01,3.058339333615604172e+00,2.743195559221972779e+00
3.730561393450148588e-01,3.418647027173220554e+00,3.988663857905818233e+00,8.822210333793342185e-01,6.560408648205220405e-01
5.695694710611396427e-01,2.650870276592740993e+00,2.255491730290966057e+00,4.866728473543909139e+00,4.146075608951069746e+00
8.659750501865155492e-01,1.383803105808823597e+00,4.300693452021111973e+00,4.787560775176996408e+00,2.427574245039900269e+00
5.570318241990697139e-01,2.993603164105495207e+00,3.203160431588443657e+00,3.774243942727232515e+00,2.712382218926920441e+00
7.275530572628140513e-01,1.506937051369496405e+00,4.201075255039868672e+00,3.451732745165480676e+00,5.454550479355453341e+00
1.602015357965043796e+00,2.543686218673794297e+00,2.727810536711981815e+00,3.628832892804341181e+00,7.327826957554812726e-01
4.695654943765206757e-01,2.270999621214837561e+00,2.233355151370679081e+00,1.582560235074101262e+00,8.516590603426504202e+00
3.157504420432863945e-01,1.421043188929035361e+00,2.697861001992181595e+00,4.664470559592016841e+00,6.980884394982474817e+00
1.659246689038097911e+00,7.513010825911047297e-01,3.126877072451818229e+00,4.053477830707795881e+00,4.150621505028221137e+00
7.695955083961951715e-01,1.718006321715307205e+00,3.491698997264442106e+00,4.537627730113562130e+00,5.373921531098917015e+00
3.566725324518167373e-01,4.188448124294218644e+00,4.749085916654396944e-01,1.257076222856254422e+00,1.371564053260152294e+00
2.046283082048577562e+00,1.781972134306703426e+00,1.105130922190506126e+00,6.181448999451160109e-01,2.394152392896224057e+00
1.621634365668528810e+00,6.226120624025877071e-01,9.856071056665471897e-01,4.309545519409579306e+00,6.812691934391724935e+00
9.903196826675043918e-02,1.241758017503860057e-01,1.059010203257955418e-01,8.503812303646200998e-01,1.005365573129510359e+01
7.032934555124309428e-01,2.887835909412857394e+00,2.539057442724134805e+00,5.196809539854340798e+00,2.763362195071811467e+00
1.201358773387299461e+00,9.599619287090914721e-01,5.926579262252468228e-01,6.075669304795498604e+00,4.576658145878312212e+00
5.575278976338238213e-01,3.301526266613614258e+00,3.556571831725461319e+00,4.251502645363991029e+00,1.683608851960943120e+00
4.466931879122778559e-01,4.041564174453251113e+00,2.001415392497154944e+00,2.417208321836203488e+00,9.303272857427279385e-01
1.640088243434028703e+00,1.237954689363182981e+00,4.287529200866077028e-01,6.444152920478363189e-01,6.381071047222186543e+00
3.390789731938819163e-01,7.242496465262618921e-01,3.221807417904612336e+00,5.394286072447086688e+00,6.221275429758573949e+00
8.908598253791902843e-01,1.145648784273774812e+00,4.950217855268323142e+00,4.128006990799587328e+00,1.878530739955849516e+00
1.211419055052488231e-01,1.392259043067667346e-01,4.590704175006600218e-01,6.544493912597187268e+00,6.052660110096113044e+00
1.247156001033716405e-01,3.885340452298803315e-01,1.383590958154058415e-01,1.314373886966214988e-01,1.009349692126566111e+01
1.972783699221628995e+00,2.370504182371584001e+00,6.940967722399955520e-01,1.120486523830163783e+00,1.412984002143316875e+00
1.998833044291606631e-01,2.301202021898172578e+00,1.333409710370095702e+00,4.093699478199519071e+00,6.658912226156809666e+00
1.814060419423634829e-01,1.483765774825927197e+00,5.297434321050641381e-01,7.167881974347162233e-01,9.514187379397412769e+00
3.156968231507387146e-01,1.088072835757299961e+00,3.354880285136249807e+00,3.280924812365895615e+00,7.785747443737237816e+00
6.666100300718473814e-01,1.836123302161420501e+00,3.004172910897895843e+00,3.968457899850471815e+00,6.428662390399596305e+00
1.483285984478997621e+00,2.443008675766900506e+00,1.395024058910178333e+00,4.790825467617581879e+00,8.787016400604772404e-01
1.602501912915973437e-01,2.332970572454727276e-01,2.415293064476927931e+00,1.390672131100797237e+00,9.286315266402159097e+00
8.136852929115144795e-01,1.221320548138770112e+00,8.820759164691123200e-01,4.694458657925792977e+00,7.932822794779498032e+00
3.728444898946287056e-01,3.792954848129554080e+00,3.065898213382498572e+00,1.005880567867801556e+00,7.969940059212725636e-01
1.879520458469341460e-01,1.576810015130377440e+00,2.995409185283608000e+00,6.584910235223987662e+00,4.376998946371424282e-01
6.692136096874784501e-01,7.522583646410927471e-01,3.808109945107510441e+00,5.576202196623137652e+00,3.839534937856452057e+00
4.298548195910254499e-01,3.175524798464265164e+00,8.621572047572426678e-01,5.944873336900626803e+00,1.088447991312901042e+00
1.121354595144674393e+00,6.165531065800995414e-01,5.551539561948589885e+00,2.275048560049598656e+00,2.377280514701888947e+00
2.219518082540209158e-01,2.531097892595097765e+00,4.678040760648632279e+00,2.401569515083984196e+00,6.023353408590336189e-01
2.832972155535010694e-01,2.521707184206176233e+00,2.798464386298367579e+00,5.701964801198304400e+00,1.470744768633453603e+00
8.248175888829218927e-01,7.032419526292736922e-01,5.546392078664073466e+00,2.918590700312297948e+00,2.866189860604288153e+00
3.629850894833913655e-01,1.192192108872166756e+00,3.621581764339403264e+00,6.510307814307815022e+00,7.709472262472427673e-01
3.672823029118776894e-01,1.711445432280950030e+00,6.194049778167786124e-01,4.048618419088894527e+00,8.444821940154700002e+00
4.231692561682978138e-01,1.147301809285969920e+00,2.447251335429713404e+00,1.659810462223315408e+00,9.005897021094011023e+00
2.007650160249436488e-01,5.338293778200680073e-01,1.654046310375664408e+00,4.604107996114417567e+00,8.123264727500794535e+00
2.178605355759578865e-01,8.154244963417665026e-01,3.543629539403581941e+00,3.294657064059829832e+00,7.390052054541611071e+00
7.057133122207304154e-01,7.700559546382984566e-01,4.454011087662343549e+00,2.556936727067949278e+00,5.884114006909094918e+00
1.146820001414366186e-01,3.774869581126953921e-01,1.424548910596365459e-01,1.256796548346984232e-01,1.008357162273339824e+01
5.048309318385260092e-01,1.308985327799367493e+00,5.258683862542168796e+00,3.418708983679499269e+00,2.436483015161522658e+00
2.333081221587288701e-01,7.870846914534851413e-01,2.258573981137603326e+00,7.031055357893337465e+00,3.945643295248387528e+00
1.991493148104960254e-01,3.908002047414769753e-01,1.313169915677335542e+00,8.000748768334460692e+00,9.891700673435708246e-01
3.268098156147750677e-01,4.163164744784199733e+00,1.042401040380074528e+00,8.603238794464230788e-01,6.975696174737311406e-01
3.864198269840297684e-01,3.799077318722392960e+00,2.823793108022709220e+00,1.650056634992884685e+00,1.774152248494600626e+00
1.942554498642985239e+00,1.474459458724469485e+00,3.475051554766879214e+00,1.144288315848487114e+00,2.326069125595244369e+00
8.836369963814114659e-01,2.945383407313449275e+00,4.215284772136898006e+00,5.674886405983090576e-01,1.032458480430832548e+00
5.047296506596228305e-01,1.696567177228910595e+00,2.867135280608988257e+00,4.916091842465246664e+00,6.299139646303514084e+00
1.499880235345524560e-01,1.565462297064772912e+00,2.490999718675006303e-01,3.257633280000277742e-01,9.411755169133829924e+00
4.333958810415604601e-01,9.321763984456610252e-01,5.052948968865226043e+00,8.121642787286711407e-01,5.430316078216999465e+00
1.315451143554090097e+00,6.327012704422402267e-01,4.735821493783272551e+00,2.104277888560870835e+00,2.236301415051944019e+00
2.695904492940905395e-01,2.434411558588147173e+00,3.001982520662407339e+00,5.520610140636394547e+00,2.041365811533863983e+00
1.137045178900186082e+00,1.710958981397242784e+00,3.853296739088377110e-01,5.436335779110487820e+00,5.308153556154135089e+00
7.254969029292805960e-01,1.285269033406198691e+00,4.732014083585641906e+00,4.110488764272527185e+00,1.275148770205556614e+00
3.802500852666338416e-01,3.360803571130887679e+00,4.133586493630645009e+00,7.687267389308616305e-01,5.976810375961978394e-01
1.077517897287023907e-01,1.137486650975909203e-01,1.873359697457023521e-01,1.236233505862204929e+00,1.000656783831726138e+01
2.777593351955518486e-01,3.602484799533401727e+00,2.632901536283413169e+00,1.825772703985221845e+00,2.669326594097467087e+00
9.719667281477757381e-01,1.621889764205713735e+00,1.120702528324634795e+00,3.614244594737779703e+00,8.553851519704567252e+00
3.036121969863893044e-01,1.626324368550292387e+00,5.426563487660091667e+00,3.305960451369605035e+00,5.814732251856985501e-01
3.303048255801123156e-01,1.734146487327875796e+00,5.864571625815003131e+00,7.444957700052391436e-01,9.312030020872315017e-01
3.673247622761874331e-01,3.982028335428263066e+00,1.637091283259139107e+00,2.503936455428707131e+00,7.829113888056329351e-01
1.418434750978179393e+00,2.416996538895828106e+00,1.172182155602455644e+00,3.704834183907786294e+00,4.812599130019481919e+00
1.112301732557128553e-01,1.729458084411106267e-01,6.562862791348708091e-01,6.365622336755436983e+00,6.267530166829555327e+00
1.133781441701349202e-01,3.699192137338230824e-01,1.351975361971352319e-01,1.401213639597188865e-01,1.008363567941617589e+01
3.689846252674159333e-01,4.184136255753224454e+00,7.207103120348686831e-01,8.465772021644708545e-01,1.908793442094760762e+00
1.507952421221113948e+00,2.424171936259344129e+00,2.341224566401564289e+00,4.103388500484251189e+00,2.037881249078899781e+00
1.719488070701034488e+00,1.642711595602197372e+00,7.322555973962137088e-01,5.326646406365046715e+00,1.963767730441874804e+00
2.741484216555902242e-01,2.944189306460714750e+00,3.257717457505741265e+00,2.569889420816749759e+00,4.053393087221683899e+00
4.096884246138350893e-01,1.740442773356876138e+00,3.753817348407580745e+00,9.077135692220318353e-01,7.863288126197430117e+00
1.113624055901092508e-01,1.346303785442438117e-01,2.458288567833881999e-01,3.030266648178741917e+00,9.418037815413045521e+00
1.861129725590527084e-01,1.667492225525536220e+00,3.959906274693179906e+00,1.885629612167598390e+00,6.467191138921568161e+00
1.860512687442297697e+00,1.127916636375736026e+00,3.616296305180329185e+00,9.161746756022359772e-01,8.893757977055289921e-01
2.937286546960332090e-01,2.713971999578465688e+00,1.461022497534457454e+00,3.441046049582544786e+00,6.541756663543941919e+00
2.498597167342621606e-01,1.696015275480128093e+00,3.074018078497829709e+00,6.572163757937486750e+00,6.368109662984458019e-01
2.954031381672295176e-01,8.009404915367007716e-01,2.223919918743257007e+00,6.577965872318088714e+00,5.370362501448255443e+00
1.084486556544830976e-01,2.515018559791152297e-01,4.821828536666931120e-01,2.388326749663476078e-01,1.007602184389175548e+01
3.561631773104106391e-01,2.567919569294015769e+00,4.709360641726125785e+00,1.171683922601988614e+00,3.815752133153960113e+00
9.849412638003242348e-02,1.064220121840511735e-01,2.144738842899009124e-01,1.927520319783264213e+00,9.831287225689312237e+00
3.549191540285341895e-01,3.810128941393209345e+00,4.906836331440490029e-01,1.341547624601241440e+00,4.611510873546816214e+00
4.035934567490783165e-01,1.624499053343984034e+00,1.143134070505117172e+00,5.257047504511741742e+00,6.889220916193106170e+00
7.763421450794285583e-01,2.664196103779340241e+00,4.097455136822400590e+00,2.853418529347806931e+00,3.912687128694701144e+00
3.854103117382092769e-01,2.955993642067138438e+00,4.373898308559231118e+00,2.807064416023386855e+00,1.264024581314827200e+00
1.151260607886354537e+00,2.813808828411402008e+00,1.593073976824719518e+00,5.369012921367527724e+00,2.100235636976818032e+00
1.737424302577391944e-01,1.143643422704794688e+00,2.695170153000724600e+00,6.975817229395021357e+00,1.852175586109019445e+00
3.049437771624328164e-01,7.770935027594011446e-01,1.516613353494893790e+00,2.978683431231439194e+00,9.278347568551167157e+00
2.592624653052439387e-01,2.449421724501245290e+00,2.659982184166333141e+00,3.157104974173841949e+00,6.350977612673749384e+00
2.247425929513720000e-01,2.034636541908287910e+00,2.671009084136096501e+00,5.539529370123935870e+00,3.503084018864684790e+00
9.431062624464501276e-01,8.669036229561428719e-01,1.988435484656748464e+00,7.601902083058003079e+00,1.103117896649344010e+00
2.786766078591287332e-01,4.812381901295649245e-01,2.783431149446549124e+00,4.762085208009270154e+00,7.396534910812083474e+00
6.876739190619255426e-01,2.145268745520732434e+00,2.120293480370641248e+00,1.827565279611310878e+00,7.692873849690477606e+00
1.703951298873917775e-01,2.024854957958027502e+00,7.054315425435748743e-01,5.965344357672454079e-01,8.814289277436511583e+00
1.205129453601311740e+00,3.636577031531080806e-01,2.798122542592420103e+00,2.963848685894633128e+00,7.088817694343822140e+00
1.071119737847027187e-01,1.587608897777514905e-01,1.091094849244455822e-01,1.872689380916252810e+00,9.854739598293086544e+00
3.333067083116280638e-01,1.098578171767203404e+00,2.179611484035678171e+00,1.696297065134761972e+00,9.104976865247145668e+00
1.481156840913044670e+00,3.869511129198422994e-01,6.106700563367291057e-01,5.029976209481080041e+00,5.193515835150630089e+00
2.266238470379544345e-01,3.168152957777677692e+00,2.274830540096876685e+00,5.717295650589080402e-01,5.561386154261016124e+00
6.514492783376801821e-01,2.664187946809639662e+00,3.701531295869019633e+00,2.857031946371951570e+00,4.459254440499412553e+00
4.277421219985773071e-01,3.216685766569001181e+00,3.207247062692559325e+00,2.125605714335382146e+00,4.921124907959288031e+00
1.816042555421693017e-01,1.792071705995384123e+00,2.323435472276548230e-01,4.067540768677749830e-01,9.225636073922892422e+00
2.954859370140233699e-01,3.376101521728959831e+00,3.818692173598806860e+00,8.638479396240608121e-01,9.002887292756247550e-01
1.237781149170910783e-01,2.397857890043543772e-01,3.150933832907516496e-01,5.095589580352004155e+00,7.915166757593009805e+00
2.891089645169807598e-01,2.857520810932066002e+00,3.903173448422941227e+00,3.157361853212414360e+00,2.508481500152279331e+00
1.003401967958631041e-01,1.126598887021986045e-01,2.262366318918151431e-01,1.552286983228323258e+00,9.931022093703418818e+00
8.842224325173739796e-01,2.556853587072245748e+00,1.873922911539927627e+00,5.969801482936440529e+00,1.213199341852790658e+00
8.630136014802377575e-01,2.305704156301709773e+00,2.798018251641539056e+00,5.526666200141626462e+00,1.704366716045440544e+00
8.461219354431557260e-01,1.316666200627981453e+00,1.936523377864717954e+00,6.947289797291563040e+00,1.570658767381456045e+00
1.961935648219099437e-01,2.017482637366828424e+00,3.921814194517742713e+00,2.455108459102515184e+00,5.551660182043365310e+00
1.158832647348411043e-01,1.383796818308796750e-01,4.453558704716560901e-01,4.882463090142472595e+00,8.126804109514040420e+00
3.592525278303806413e-01,4.029752898928156135e+00,1.311907790164050791e+00,8.141000098918518280e-01,2.928031069313123957e+00
2.849683024389739194e-01,4.844874398914382208e-01,4.406914767496799001e+00,4.668622556631370379e+00,5.003892757226661381e+00
1.109048513431377947e-01,2.149557620968995941e-01,1.684286003992831460e-01,2.898986570115400507e+00,9.463962904243977903e+00
1.007613972325692164e-01,1.339304771012907458e-01,2.931363976986145481e-01,1.664898517719503479e+00,9.900986792911471213e+00
7.034282646534950612e-01,1.836974911025071266e+00,3.951298443559346119e+00,4.607399631151774422e+00,4.123775838731132737e+00
1.176642955958570186e-01,1.444064067635215665e-01,5.091566000288795246e-01,5.756703008021191614e+00,7.178794815611079017e+00
1.121806324230086860e-01,1.585792023308952581e-01,1.136019265662117361e-01,1.697703433935722428e+00,9.908454529807107392e+00
2.946121777494711269e-01,2.878464450143308095e+00,2.055916265881289728e+00,5.452988989286390975e+00,1.944465249530074047e+00
1.822967466685314064e-01,2.621352918976146418e-01,3.700314791333172426e-01,7.953638173478259077e+00,2.257134090438335239e+00
4.569460724797337337e-01,1.852428109664981060e+00,2.634876442190356105e+00,5.739961812638699534e+00,4.523614821799184504e+00
2.259313896749328698e-01,1.914141857155291726e+00,4.055437563569580739e+00,3.799205287654580321e+00,4.538747266015679571e+00
6.964118376119359244e-01,1.373622373321749857e+00,4.423093350936391666e+00,4.685712845200038501e+00,2.244853095168470425e+00
5.104537116447314116e-01,2.848301790294303970e+00,5.429824109082412864e-01,5.255799318606407589e+00,3.505296854126082717e+00
3.384805099616035040e-01,2.170531506800760013e+00,3.546256351930992423e+00,5.819494309571471291e+00,1.035607351635225326e+00
1.019712496424203252e-01,1.233384448005285794e-01,1.565867801280195204e-01,1.097112782606836978e+00,1.002305837461413063e+01
1.743416986368201416e-01,1.313233185304666595e+00,6.075036868428600467e-01,7.755040393733801274e+00,6.517825332534915583e-01
2.928776124639007605e-01,3.531359540970170352e-01,6.007591680252640565e+00,1.349328761628722839e+00,2.100017755579667522e+00
2.497462551515213514e-01,1.153580317394164556e+00,2.121722138085242459e+00,5.632067989081214421e+00,6.378517428998875971e+00
7.489932833302924697e-01,9.587183320239143214e-01,5.463271029054275196e+00,2.794259702133964574e+00,3.324899341153812138e+00
2.346813004309519779e-01,7.335405490453683619e-01,4.529077879199107315e+00,4.469173787785380547e+00,4.291963051835561593e+00
3.159470187244746708e-01,1.059711839040488934e+00,2.092276563589397842e+00,6.577616134799774805e+00,4.435467561840213513e+00
1.985812290528094493e-01,2.700886433656140007e-01,1.200294661344320613e+00,2.970132993741330996e+00,9.423509749621375775e+00
1.043627770775057417e+00,4.431286478479180002e-01,1.532534129157747227e+00,4.498801615382579833e+00,7.366377794149350677e+00
1.844522115995292089e-01,1.899565010528978082e+00,3.166356536070733529e-01,4.597806096972267831e-01,9.088383819707004818e+00
2.286973212704143388e-01,4.620667727460328056e-01,5.092125486926428302e+00,4.699341363941530680e+00,1.186774122601110371e+00
1.209281705519031636e-01,2.842308673486075299e-01,3.044149567513145249e-01,2.591391397369556593e+00,9.588771485852072729e+00
2.693407982068196094e-01,1.530002937001872843e+00,3.163180558164600420e+00,3.487492841519865827e+00,7.246739634316938350e+00
1.073087443254239215e-01,1.118220270324127713e-01,2.228230451663787415e-01,1.483014416560889170e+00,9.956261874774510190e+00
4.395376500183192370e-01,1.365642094844479404e+00,2.342868961384089399e+00,7.052210394266397842e+00,9.130314129881844654e-01
1.998680767525067015e-01,9.992428006535067908e-01,2.575453649993555860e+00,7.039749960809165152e+00,2.679371051249351598e+00
7.741298203306116177e-01,1.219365791123117049e+00,3.623638292430980457e+00,5.885923820394483919e+00,2.844920811023644358e+00
2.204450737953325690e-01,2.906400124325111634e+00,3.623312054990670994e+00,2.200809165111441423e+00,3.639437785614588527e+00
1.186893893130887834e-01,2.830776756638535008e-01,1.209591381750613065e-01,1.455461743430886079e+00,9.953758348610584505e+00
1.111221963787230871e-01,2.093623252459366202e-01,2.254494159960168664e-01,3.825901480700476309e+00,8.956352857416348456e+00
2.534890332703627069e-01,8.531422439470953689e-01,2.166967271760261937e+00,3.865808447901618816e+00,8.173979026764174094e+00
1.883362595395139671e-01,1.861635160222484764e+00,2.641819304995309814e-01,2.893341072734782471e-01,9.128810809741787935e+00
3.331659621812302907e-01,5.394824801367714695e-01,5.255348067665203793e+00,3.190529968469860478e+00,4.488103688363664467e+00
4.114247504002550015e-01,2.696847200647606080e+00,4.174091736774571793e+00,3.667169111611862764e+00,3.118210239159562303e+00
9.845054980246805698e-01,1.800392967414411238e+00,5.778108420839180859e+00,9.575684212094177639e-01,1.245896509633051652e+00
1.471816298610950091e-01,6.369413833975476891e-01,7.093289443284318541e-01,6.071859323027188893e-01,9.935192674919793632e+00
2.340537925297004884e-01,1.711331552388854149e+00,2.705034073323143939e+00,5.118543101802044859e+00,5.621311533744481892e+00
1.093621970908109781e-01,1.217135200984844901e-01,3.009855372389938499e-01,3.189918418266523670e+00,9.331453948092910622e+00
2.060496877172087737e-01,7.212479458480007821e-01,1.954738193298283244e+00,4.433455596715566216e+00,7.994863013423327835e+00
2.867385403503476260e-01,3.684580423283948303e+00,2.590924485963538526e+00,1.739768541245825695e+00,2.202330461119490934e+00
3.751153733605919749e-01,1.557450850087486405e+00,7.375884125455870466e-01,4.037124906697311388e+00,8.045589906217376353e+00
1.785289577015441442e-01,7.026309710775875406e-01,7.582265277561351935e-01,7.500494361065658033e+00,3.785521552212246288e+00
5.922919227991740865e-01,1.820005966208462889e+00,2.264800285440190297e+00,6.453429757666310884e+00,3.639925685276665046e+00
2.834334176835070496e-01,7.956215083195007365e-01,3.054794076040586503e+00,3.991379858315627693e+00,7.342031472850369056e+00
1.992328209510042525e-01,1.269631533942690238e+00,3.893630677541374485e+00,1.243773668684725831e+00,7.385306585096799381e+00
1.696436030044819743e-01,2.244783489892353767e+00,2.848830861337924958e+00,5.778207268256744911e+00,9.052525338376510300e-01
2.888566019843916144e-01,1.959403708870822491e+00,3.420226035248637331e+00,5.461294689338317632e+00,3.560222444355100269e+00
2.663650774822161615e-01,1.128428035900599369e+00,1.084844430893425304e+00,7.801165627814953041e+00,2.209082119896697893e+00
4.235712675514687331e-01,5.350267648657092145e-01,6.250203409359159856e+00,5.736174999071130820e-01,2.094486913709760145e+00
5.846499355355071481e-01,2.045757414691323550e+00,3.899317986636774425e+00,4.653682456716230043e+00,1.700554397440351861e+00
2.828320765818909677e-01,9.610565351286577407e-01,2.274653634576159433e+00,3.944538193127530068e+00,7.972251895034611735e+00
8.069344095341548506e-01,2.349937885682428895e+00,3.719212052650999301e+00,4.130998683306926544e+00,1.006050436482121002e+00
1.052757382485696613e+00,7.713129947529013819e-01,3.105435071505678213e+00,6.602084571210666830e+00,3.309642031369965487e+00
4.697574595609080306e-01,4.274911014338070636e+00,1.564856726701336687e+00,7.633710959436225130e-01,6.425540891337694349e-01
3.909293254737910006e-01,1.308024520075223851e+00,2.712875060622157442e+00,4.086462479336445242e+00,7.207291356659715653e+00
4.129596705308682392e-01,4.189575542447687706e-01,4.655501116358777836e+00,1.382929170340116531e+00,7.097052809243745486e+00
7.963531357960386137e-01,2.890257586816789459e+00,2.923298796669655086e+00,2.924341581725054873e+00,4.284789565807012757e+00
8.598856862389645528e-01,1.232275632238763574e+00,5.231207918823918668e+00,3.154478667014672943e+00,1.108849763712460135e+00
1.181795638178279317e-01,2.042101817670346486e-01,2.242015778606856469e-01,2.921508929991672776e+00,9.469221574251887930e+00
4.409590562032364436e-01,1.571316973239481829e+00,2.859935228413355457e+00,5.430319099525769744e+00,4.577401760803660125e+00
2.839575667146729820e-01,1.683775468248425833e+00,4.616097867944419231e-01,7.589969959744891526e+00,1.874793404786833539e+00
5.386538624705221601e-01,1.974276485710587004e+00,1.765982727279551412e+00,6.641144805731023837e+00,5.649482316954751449e-01
9.139115820213800090e-01,2.412992203977931460e+00,3.966076677002872586e+00,3.040025323538817936e+00,1.923755558078523720e+00
2.858996887741674930e-01,3.852235571653886304e+00,1.876918122179721538e+00,1.740376063966619036e+00,2.251924842936721571e+00
9.266413298832362200e-01,1.429317654580582353e+00,4.428778117376284129e+00,4.484260265821362168e+00,2.868266298961822613e+00
9.738891103279072592e-01,8.797017261346697925e-01,5.350098490998770551e+00,3.372312362437015043e+00,1.219009864647565111e+00
3.209049005320310788e-01,3.708182684123833006e+00,2.274318204897559426e+00,2.206553314923011211e+00,2.769990440268320864e+00
1.142966460880830315e+00,3.279107237719393275e+00,2.684694195878595924e+00,3.542563703491854898e+00,1.855124103094648813e+00
2.191845282469850886e-01,1.463095006262751463e+00,5.433197492835946107e+00,2.862413078382224363e+00,1.630866594457716534e+00
1.717017183761438415e-01,1.441994019520897785e+00,3.664199300101009804e+00,1.629676394627517899e+00,7.280397688542746160e+00
5.597519895805094237e-01,1.799630057247870063e+00,2.512192022292706994e+00,2.884138064929009371e+00,7.389099063091605579e+00
2.309584924294631469e-01,6.996378624872860996e-01,1.941963865671376244e+00,3.701682194909789114e+00,8.541236880585250546e+00
2.185427024173676180e-01,2.072890413297215240e+00,3.042756021587190496e+00,5.988616497915703718e+00,1.352982202401912692e+00
7.945425455711949692e-01,2.994678965908744939e+00,2.839945327530940755e+00,4.013476692907257615e+00,1.872139992290571264e+00
4.783503974340874709e-01,2.268422201553606410e+00,3.932234182003530032e-01,6.763292717196286441e-01,8.379710025464913059e+00
1.444668712166538027e-01,1.325516247663332425e+00,1.560366986578499926e+00,7.165579078194960871e+00,2.802592095037556685e+00
5.292618363791046221e-01,1.716494183788504380e+00,1.833104719577895558e+00,3.053454229634476214e+00,7.886504517267051817e+00
2.950560467734557601e-01,2.150301914590966756e+00,4.726097899851552597e+00,1.418776335859050830e+00,4.641119921314155405e+00
3.137890670616400590e-01,2.424276707134461972e+00,1.534926559267441926e+00,1.493670167175465968e+00,8.234210724944652782e+00
2.029685706043037052e-01,2.203917177358399648e+00,4.258331137810304590e+00,4.271336026935206753e+00,4.379056598848618531e-01
3.814324878992814694e-01,1.953902637468307724e+00,5.753310442467642005e+00,1.083303540288112821e+00,1.508078146750390092e+00
2.517791488823600266e-01,2.568864823051033142e+00,2.743377314745901518e+00,4.760984221536179284e+00,3.896377318489447017e+00
1.111160951697121924e+00,7.439441669373632049e-01,3.005538127740321919e+00,6.629623169009692063e+00,2.785235688937269583e+00
2.099258634116923927e-01,7.832417419564554617e-01,2.068554855393964331e+00,3.861962818256096330e+00,8.274369979304331935e+00
9.912101164039310852e-02,1.132256762303303493e-01,9.896812284862534226e-02,6.161808917198217106e-01,1.007715249332940566e+01
1.290927887714228506e+00,2.476214698560643690e+00,3.964951702293064262e+00,2.024884005088404049e+00,1.621931878457608667e+00
9.942658204621815377e-02,1.299977921061205577e-01,1.087141289440113484e-01,9.541508651612419234e-01,1.004065300485543411e+01
2.010684653782038034e-01,7.720363604577100691e-01,6.967554457838667226e-01,2.590213599926066035e+00,9.571122193064541150e+00
4.841764578774980232e-01,1.555988768454943161e+00,3.104490905619211816e+00,3.781503501094455988e+00,6.587342849864446848e+00
3.733129954873740664e-01,1.978452903597543999e+00,2.059024638300804622e+00,5.866779091315069472e+00,4.408718061468253957e+00
8.757089232119199540e-01,2.954312633146094935e+00,2.660701346856295668e+00,3.715796644058138476e+00,3.412855818671088670e+00
3.089856232474810227e-01,5.772921981126516444e-01,1.947860580175976741e+00,3.676283948711922545e+00,8.575101501044622765e+00
2.579950100814439873e-01,2.846451999246429221e+00,2.920242474561046908e+00,3.317448821144369564e+00,4.625542949132865900e+00
9.033701747485902711e-01,3.284491169727313586e+00,2.852704870350839528e+00,2.977284512165010444e+00,5.929784054962361495e-01
3.453472456748843400e-01,2.929726425207709983e+00,4.530095921325096420e+00,2.143711224113599378e+00,6.358308195117879924e-01
6.090700541216271802e-01,2.342717737557539870e+00,2.734703736912361460e+00,5.299335951735741013e+00,2.056386127215786619e+00
3.343819185605063082e-01,9.266309366635713252e-01,6.619199364315158096e-01,7.860523566271070628e+00,1.013761233043439347e+00
5.449065212408694681e-01,2.074968982214105750e+00,3.539278904760625011e+00,3.854980981967072395e+00,5.708629788412867612e+00
3.456876203519914648e-01,8.526184338294725551e-01,4.855174428226671779e+00,3.981859275241594442e+00,4.661879245027088281e+00
1.159422050239209967e-01,4.069634582930564681e-01,1.795420174669302149e-01,1.575921359695363899e-01,1.007803734338937396e+01
1.569839616735237975e-01,1.334585057162369859e+00,4.161409050905728435e+00,4.665468776946095630e+00,3.782665358118535881e+00
1.055052445828324803e+00,1.899513629149844451e+00,3.595672519742811435e+00,4.150312937321596785e+00,2.504203674420971026e+00
6.910210564304943848e-01,1.695960756403355862e+00,2.361225741881638029e+00,6.409400404939086471e+00,2.265866922037586662e+00
4.734959418077363535e-01,1.324306721905891049e+00,4.170834399809198345e+00,5.261820331199580814e+00,2.504302338337724976e+00
2.241589298921718154e-01,2.580977147385782544e+00,1.529009608802724740e+00,2.225351027376074597e+00,7.153569864850106264e+00
2.806964804977866157e-01,3.696040098899722182e+00,2.263292094246745378e+00,2.699969166842225654e+00,1.238202182599387635e+00
2.578985927437971171e-01,2.570663619809232525e+00,2.857192266526218383e+00,4.824669094571711447e+00,3.585246553244825662e+00
2.433272580847327671e-01,1.528266489485834878e+00,1.356335125392146512e+00,5.773020215421411194e+00,5.978716572417701158e+00
3.566351695998647986e-01,1.683237125934833323e+00,1.723083218136715722e+00,3.698859893102387275e+00,8.342525231917854001e+00
4.430871381547523691e-01,1.568447627281305268e+00,4.083335128501372147e+00,5.338654023762413381e+00,2.784633168915951362e+00
4.021128600094869832e-01,1.730374190884464758e+00,4.361419103824696109e+00,5.451385652041921048e+00,6.863240028158252848e-01
4.039606994282723407e-01,1.421275551965604622e+00,4.010689870209033892e+00,5.413310832802242345e+00,2.609484195299335951e+00
7.648902327090175701e-01,2.225003888771563076e+00,3.559850326902122220e+00,4.608853904619150121e+00,4.118215634902949729e-01
1.275797974820571445e+00,2.294127268464170477e+00,2.630056309373533630e+00,3.756460362813874632e+00,9.666476456845156662e-01
9.929569379007892049e-01,8.110539238312088894e-01,4.117872659455355411e+00,4.882833162880870326e+00,5.146056961361017201e+00
3.886756691311517575e-01,3.856018740357080254e+00,7.638893559667196964e-01,1.850103528409660747e+00,4.295263645649039397e+00
1.088322723236633538e-01,1.681773968716041845e-01,8.169642105615132488e-01,7.171504957027474703e+00,4.642929907211556184e+00
3.308711531051835575e-01,8.234266463361989974e-01,2.495886543328965423e+00,7.136786151789178412e+00,2.348433196968188863e+00
2.527002113458399757e-01,3.074318816090214401e+00,1.910878918832894069e+00,5.166314154850084606e+00,5.357045070938279974e-01
6.676987176525875922e-01,2.354764382684759294e+00,2.954987550588950018e+00,5.095542080654627881e+00,1.573821037874270079e+00
1.135254268731331895e-01,1.293553479093858538e-01,2.722166192698979303e-01,1.751326962879405258e+00,9.897505137782344420e+00
1.076066283527706613e+00,1.486062849942151987e+00,5.054963632756139802e+00,3.767431770596600060e+00,7.235853181947773383e-01
1.208302676784701879e-01,2.100291445932513379e-01,1.345892379477978962e-01,5.348407013932113818e-01,1.009538570462904161e+01
4.013051422818507685e-01,2.776688250419600656e+00,2.985586714926911966e+00,3.514511614261252692e+00,4.734243845703260511e+00
6.727429868500232057e-01,2.584311629431309321e+00,5.044918453861944041e-01,3.556688717505065433e+00,6.695434829036881474e+00
1.528294416379345044e+00,1.465973873711391207e+00,1.876144336175124216e+00,6.510614267341425787e+00,1.079266678378232092e+00
1.508346293105148339e+00,1.397606324623431817e+00,7.042299213324862972e-01,3.430626450962902307e+00,6.745751212340661773e+00
9.225340493041981338e-01,2.070652914276312817e+00,3.926530833410291965e+00,4.601642203009990162e+00,5.150676598398040706e-01
1.284815102846802171e-01,2.567337826776071585e-01,2.647312485755751732e-01,6.984531291796873376e+00,5.210265624148378016e+00
1.053547727321588606e-01,1.400282430823530377e-01,3.110658759332625145e-01,4.820373447900577091e+00,8.173665561302843940e+00
1.535116871127627736e+00,2.553498406260963804e+00,1.462739155426795223e+00,3.581330311650991582e+00,1.453455503457287135e+00
8.286075126599355967e-01,2.157650508939888745e+00,3.783998228549831033e+00,4.305166741582707957e+00,6.582475650223168495e-01
2.096250924039784747e-01,3.351967953449224713e-01,3.595464229903020392e-01,6.847140200592638060e+00,5.743896203913638310e+00
2.962601795617386125e-01,3.829368284570598746e+00,1.724927502382334499e+00,2.829484179332059757e+00,6.798701312736433744e-01
3.211439001402746629e-01,4.159048355860884172e+00,1.063869386230188008e+00,7.256771065194846937e-01,6.738514101057886396e-01
1.084386445117993425e+00,2.166782505165517403e+00,3.044544172843245189e+00,5.244879593221441816e+00,2.012165143251262833e+00
2.044347696401565828e-01,1.230950418180968731e+00,3.495932706341015717e+00,1.212076820066424476e+00,7.971661650184221237e+00
6.588445990577096456e-01,8.968345554091301519e-01,2.757717518292535530e+00,4.509433858777566861e+00,6.999006164434063315e+00
1.126491807517523647e+00,1.962131523597165472e+00,1.441645274434673496e+00,4.964359964606895659e+00,5.931980260092685420e+00
6.434854195250987452e-01,2.446049117739763634e+00,3.530599298983122303e+00,3.466972061262503679e+00,3.403026076684924295e+00
6.602494445012960789e-01,2.840452034101173417e+00,3.229244411652878899e+00,4.122339753057884693e+00,8.766823184011665049e-01
1.281066640124797484e-01,4.381581962221832716e-01,2.158902451013612889e-01,3.478112867830833177e-01,1.006580801595104013e+01
2.820795912289664753e-01,4.076370107214380312e+00,7.997348828489899697e-01,1.063931255950925969e+00,1.759280478116447277e+00
4.510077357586331215e-01,6.062224533434786844e-01,2.455570630186084458e+00,7.656787733831559528e+00,8.419398779985289849e-01
9.866738356911948227e-01,1.602967340910456784e+00,4.413515403684309391e+00,3.114794256817060347e+00,1.866153390794542011e+00
1.012272501914645240e+00,1.780769747677429127e+00,4.421737706915716437e+00,3.092133221695755552e+00,1.682349633473488648e+00
1.336041317430332054e+00,1.547918777879394803e+00,4.694334558815564051e+00,1.151917592256132661e+00,3.728119416023015997e+00
2.574379078786472874e-01,8.215621542949298473e-01,4.952390557163292684e+00,3.327883536475749082e+00,4.782401213705001375e+00
1.869913742389000821e-01,3.143194641181549231e-01,4.244467381288162144e+00,1.676838149000879019e+00,7.268643244917569746e+00
3.902091397132366746e-01,3.804991062121445555e+00,2.021824769957764723e+00,1.738414793506739331e+00,3.680036057945950123e+00
3.902063956986886462e-01,2.098443489814288743e+00,3.776912687706848182e+00,3.979608342337902727e+00,4.773876969128558301e+00
1.743995887286248214e-01,2.579303323170168971e-01,3.399050376263773598e-01,6.733183607306756358e+00,5.805547756337426257e+00
5.985999656107131583e-01,3.283078188913750139e+00,3.726728585340205235e+00,8.690492766911166456e-01,6.974153579743233022e-01
1.473494605348881770e-01,2.518019839327692577e-01,1.099898968794664977e+00,9.745168986469281425e-01,9.927193490125343800e+00
1.025376674392514342e+00,3.353148243261534933e+00,2.523067397783042676e+00,2.809171726610161457e+00,7.622341122118755363e-01
2.718199266536130976e-01,3.509381052285859504e+00,6.492917071817383423e-01,2.265333041210162435e+00,5.017593644322398738e+00
3.127655404942873973e-01,2.304532192626338905e+00,1.135716198647019004e+00,1.734172405943644302e+00,8.438791826755872805e+00
3.381991343885167867e-01,1.201422166480943243e+00,3.223261793364704086e+00,4.602398996135774745e+00,6.104181322532950205e+00
1.967169323525187474e+00,1.557406227457882375e+00,1.035480909690335682e+00,3.316354486601151397e+00,1.514095696011810821e+00
1.408906475658707302e+00,2.625474254826850373e+00,1.916454624197067469e+00,2.495123377365164874e+00,1.958478188906725093e+00
5.284646455857325842e-01,2.696177860129252313e+00,2.825289058119446306e+00,4.762259809959404677e+00,1.193169976468721805e+00
3.489753329795206027e-01,3.440043579514809879e-01,9.475749323235729271e-01,7.402706575426083457e-01,9.986114139759003194e+00
1.953704018313560997e+00,2.146033787864399578e+00,1.198408347852535583e+00,1.702427856096246916e+00,1.048901411559833630e+00
2.607307327492629501e-01,4.565356017072623729e-01,4.556619307452077550e+00,5.390078678638855258e+00,2.442765027880208439e+00
7.623053762934124400e-01,1.702240857308539468e+00,1.913239583709046787e+00,5.918764335274595112e+00,5.217969339700081477e+00
6.696261150708893162e-01,1.404010077021911718e+00,4.142459469295626917e+00,4.725946878815993735e+00,4.604565753848855358e+00
2.593901781321068523e-01,1.152971962606526457e+00,1.386860198729154892e+00,3.321685363673335889e+00,8.961816406749832709e+00
1.098837893024188078e-01,1.777498969381681726e-01,3.830557136307895516e-01,5.805552779997377399e+00,7.107429217382886577e+00
1.120364654670353399e+00,2.600203044317529688e+00,1.416611326555714534e+00,2.459356237656568744e+00,6.790089144386220354e+00
9.977041521693292836e-01,5.516473762503957268e-01,3.320697467418769477e+00,3.867052617110264379e+00,6.553539549654725960e+00
3.404823469629082444e-01,3.517766870304672278e+00,2.487523461353920773e+00,1.772398018018252586e+00,4.155798278283764802e+00
4.143482783865787278e-01,1.694844164686539978e+00,3.026784164265289512e+00,4.656703695423464850e+00,6.211970983080302489e+00
2.479243168331403124e-01,4.220400215565651147e-01,4.797557701962641197e+00,2.296453310665775405e+00,6.104251362208351850e+00
4.232000996760510447e-01,1.890174542094297028e+00,3.084469453945719142e+00,5.670699072410563257e-01,8.462890154264458786e+00
7.788175089283352337e-01,3.150776364551922448e+00,1.205762225209696892e+00,5.830546223923726679e+00,6.501605377688126630e-01
2.069935696489531574e-01,2.746506260019120904e-01,1.118521475582096469e+00,6.837977703156707499e+00,5.517994833724224613e+00
1.275212068947733646e-01,2.391278145224486340e-01,8.001811622641168409e-01,3.859896179921491033e+00,8.883348434387558612e+00
1.001624437749980112e+00,8.005996142027974605e-01,5.293641068036949449e+00,2.976320263666194066e+00,1.120042918355270700e+00
9.869275427621564123e-02,1.178937678155587837e-01,4.239038431146731623e-01,6.071380165292331377e+00,6.727913557863523408e+00
5.546172769670473235e-01,1.763564112134622608e+00,1.723994097825421123e+00,5.872871188208433679e+00,4.984146034887872112e+00
5.307113214549212810e-01,9.584277472824175304e-01,4.874979432215260644e+00,4.864510745631167588e+00,2.051850897498429305e+00
3.557847398727257970e-01,4.886797966535763038e-01,5.206172852061586198e+00,4.230022394250358531e+00,3.469830489972349330e+00
1.050888451599817225e-01,1.791685821540593138e-01,1.619435929050519474e-01,3.417972179233492724e+00,9.200192342832847814e+00
1.230753315503707035e-01,1.808250090661528697e-01,7.410189744689602565e-01,5.204685350100628938e+00,7.767436064730792289e+00
1.419458621064547121e-01,2.858281069139699260e-01,4.372611787143058315e+00,1.901120376485845087e+00,6.860961826745240799e+00
5.252532774385134662e-01,3.157626399868946887e+00,6.997115477012523233e-01,3.643605982137642307e+00,6.627581397996610946e+00
2.893367157289179481e-01,2.332137936261259981e+00,3.675279824678089113e+00,4.572475239554814053e+00,3.413151821805726627e+00
1.170156603359690795e-01,2.346124546073144468e-01,1.802213210406262700e+00,5.162368151734218813e+00,7.329516800470325499e+00
8.618904063500478774e-01,1.279860595587721139e+00,5.363120808896197911e-01,7.511338382860540897e+00,3.349567672534365492e+00
2.182191079194056305e-01,1.086110834287903781e+00,2.941384002021336652e+00,4.831181599993772835e+00,6.423627713372175307e+00
1.294697039658715187e+00,3.387867075970190989e+00,2.603894161645281535e+00,3.130768054442182091e+00,6.960778502966868952e-01
1.051802681965305075e-01,2.646725991449568327e-01,1.095655263839410365e+00,7.898389437502911115e+00,1.515145351441691046e+00
1.564798480236763822e+00,1.956491719822074593e+00,1.252325066178543000e+00,5.213677820820967312e+00,9.354351313523322498e-01
1.224464124721885705e+00,4.809879485602484017e-01,3.928530543244828088e+00,1.060053676944846757e+00,6.407783846553109619e+00
7.004927539226444289e-01,2.512068964595038256e+00,1.947220175144670939e+00,4.490784019286247819e+00,5.425082871428626774e+00
3.544073869058555482e-01,4.041772954250983929e+00,8.972433635734422541e-01,5.367900831440242104e-01,3.232373300549223671e+00
1.004588141614901897e-01,1.176774287103099503e-01,1.069534622665146983e-01,7.120843224671773442e-01,1.006910809644025662e+01
1.198114683700273408e+00,2.072469553666503206e+00,3.822229623389802100e+00,3.389635186940840317e+00,1.561580391317791694e+00
1.342491040983832207e+00,1.662459379024351813e+00,4.036517635076330990e+00,4.602407567724530857e+00,8.545911296210617625e-01
3.080080016503030649e-01,2.204985579334687529e+00,1.212151420733847296e+00,2.841470163667707105e+00,8.191129886761164158e+00
1.188618370839318455e-01,1.508826415977344848e-01,4.992971394124922080e-01,5.229538563871143353e+00,7.783495505991340657e+00
2.527301309937477480e-01,2.068168922099831608e+00,5.421238942921362103e+00,1.365077339411955304e+00,9.073599988010527806e-01
2.264268511501688896e-01,3.602814880785613072e-01,1.946573509189250872e+00,7.456536544359465779e+00,3.121050881988301828e+00
1.330998678965847004e+00,1.460412716806900324e+00,2.876564829083596564e+00,5.516269054276388140e+00,4.038070316297389439e+00
7.980201688662137416e-01,1.910917389827233137e+00,2.576746128869316976e+00,4.178284578194226384e+00,6.818625995239230519e+00
8.148797111780875513e-01,6.341832108910863131e-01,5.139352076868833663e+00,1.851419331629712506e+00,4.972739688933119240e+00
1.740786418118206447e-01,4.653960109093553954e-01,2.514301144259795784e+00,7.165637171634699598e+00,2.644879363113018300e+00
7.926595479580186288e-01,2.186308338470972057e+00,3.671376119239619928e+00,4.428655687862562473e+00,5.269850506351962949e-01
7.052227514092119787e-01,1.640316023265800505e+00,1.703356360326701235e+00,5.933306833468327213e+00,5.072555343736365074e+00
4.337184786783766510e-01,2.268514480711128378e+00,4.322302256904818840e+00,1.856046178904503074e+00,5.972269177272942819e+00
3.047779123274119151e-01,3.751098515612076412e+00,2.304675088194076960e+00,1.851114776220846636e+00,2.477148193400611209e+00
5.151391596867144207e-01,5.678680664219147856e-01,6.325334665249403798e+00,8.123085040768263099e-01,1.761353104868111474e+00
1.616991316077011298e+00,2.790119233568276513e+00,1.772341942510101021e+00,1.610890676941484578e+00,5.599632227512030269e-01
2.382146139017642938e-01,8.682897269660364570e-01,2.843748230140882849e-01,1.909607340015605281e+00,9.825744686128189187e+00
1.598969206295287826e+00,1.951699167148091885e+00,4.381498948119985748e+00,1.301009427702041199e+00,7.604404018576202962e-01
2.235631290567144935e-01,2.899323649801907599e-01,2.441595781457784664e+00,6.558062032156720456e+00,5.041372744476519507e+00
1.698254022347380543e+00,5.819919857660634799e-01,6.424085500069496302e-01,5.319422293727475548e+00,4.353635815511857743e+00
9.179677753764312609e-01,2.349560969889262552e+00,2.911724834706912457e+00,4.204507069517735118e+00,3.528818798706159221e+00
1.924896004102184977e+00,9.063068894402823705e-01,1.471892458717118712e+00,2.680523900193241271e+00,4.686217197072891416e+00
8.329071127103724326e-01,2.649760801670268950e+00,2.941735276302819724e+00,2.067165607680544248e+00,6.844293932498361599e+00
1.006900009073962987e-01,1.311326015303524994e-01,2.605313051132434610e-01,6.587571806258157858e-01,1.007109244929675107e+01
1.442659875722030804e+00,1.874154382405761154e+00,2.844934738500481064e+00,4.144331931569857908e+00,4.330479387218042042e+00
4.250628087669570121e-01,1.474751157319222239e+00,2.251771754243678370e+00,6.107042847504543515e-01,9.386673803033716013e+00
1.536149953660652934e-01,2.916567110130597884e-01,2.204494265973603095e+00,7.202557398522976273e-01,9.461520548823981969e+00
1.104665200896872146e-01,1.518473799712151406e-01,3.467287402604963820e-01,5.302826818691123378e+00,7.703785743156490895e+00
5.178360644946418123e-01,1.484508826359498102e+00,2.128156848913115962e+00,5.495987963686602029e+00,5.597321580561662735e+00
1.294717842579933831e-01,3.231028925996630163e-01,2.752724975107100569e+00,4.825876514017997998e+00,6.907337061961031033e+00
1.361620733703051145e-01,1.731689070952409926e-01,4.161854337315624708e-01,2.975165471252946947e+00,9.469038110013535459e+00
9.957161360001241801e-02,1.133420082323127187e-01,3.969193470050869088e-01,5.792050303595672744e+00,7.107335567106538576e+00
2.537517331525205866e-01,1.084035548307998420e+00,3.318497668347244911e+00,9.148565954353511387e-01,8.486097747652852519e+00
2.823627210226061779e-01,4.177410073687384262e-01,4.474658236433272762e+00,5.232040453306971983e+00,3.784510380120542639e+00
1.090740870385173977e-01,1.563711488141279193e-01,3.411360552670956170e-01,5.025877056918058194e+00,7.983021590528461608e+00
2.867198316073848452e-01,1.896742383510373164e+00,2.085274779431292469e+00,6.550610378518173960e+00,3.602816205824630469e+00
3.251728938463244178e-01,1.260741580381425475e+00,2.758748305603897055e+00,3.912906842206022251e+00,7.677123141616668534e+00
9.842907331629195677e-02,1.012879614299612291e-01,1.177170834540882949e-01,5.598825364176024388e-01,1.008154749024621744e+01
8.688441544764831104e-01,9.963674946851125425e-01,4.867956424130017723e+00,3.233900437992006882e+00,4.707245291920647112e+00
1.170029507997455420e-01,1.286358692867769216e-01,3.055376777197834071e-01,4.468277949103554469e+00,8.501386294070288230e+00
6.472917413034383616e-01,1.447943612967450777e+00,2.398693761502749489e+00,4.793645913740383513e+00,6.075130214316186716e+00
9.178234644348994831e-01,6.126312003339298151e-01,5.844391542958551788e+00,5.703138283047117785e-01,3.202153821769343267e+00
6.210288323663314403e-01,1.548966471429686464e+00,2.436791583164775510e+00,5.441614959764944359e+00,5.255040837780108554e+00
6.471127111111258934e-01,2.448674019333388241e+00,2.320772662095947680e+00,2.631249398784256677e+00,7.472035340408639925e+00
1.417371466927230816e-01,2.346833207103468100e-01,4.902674430225465452e-01,6.507794741602661581e+00,6.150331183608576779e+00
4.856105264218818496e-01,1.708676777916434908e+00,1.913814222095830964e+00,3.050408355662185045e+00,8.399606946905386451e+00
7.810355985260410971e-01,1.828672478542021640e+00,5.265039094660470376e+00,8.867366683324011678e-01,4.699726939422268046e+00
3.316325775858632308e-01,6.267013630098902111e-01,3.684911242783890373e+00,5.359511132778273179e+00,5.273386530795762361e+00
6.885561550927415952e-01,1.681963174850827247e+00,2.273175552044623515e+00,5.460682677113458006e+00,5.390422127062891811e+00
5.176655701942970422e-01,2.324121392320802393e+00,1.318064232157617255e+00,6.493348276674609565e+00,4.908261353565373852e+00
1.629602892497600042e+00,2.230135748898317338e+00,2.880573529673276401e+00,9.724971291561497200e-01,2.920556351888755398e+00
6.673612096955170436e-01,2.620614473219985641e+00,3.077372856884579733e+00,2.283675317516902670e+00,6.696627437191823518e+00
1.644826140641224121e+00,2.088063845181319600e+00,3.259510821209988585e+00,2.203846766904855592e+00,2.091733619338726591e+00
3.420901202608885860e-01,1.516448359654149591e+00,2.163051181322848127e+00,2.998076608828664114e+00,8.198817182071383769e+00
3.366702674074174562e-01,1.996619511019692039e+00,1.746141048379050043e+00,6.464498304656062899e+00,2.794602151669537182e+00
1.768008784142808820e-01,3.354100442815916017e-01,9.970743196591538293e-01,4.659891911487946459e+00,8.295023614792951250e+00
3.475498110268160357e-01,2.722683017075016032e+00,6.943047011185590200e-01,6.495513566879497214e-01,7.751673779133900766e+00
1.385574037327566566e-01,1.683245295419278365e-01,3.856097053505811445e-01,2.860008277872827076e+00,9.529918579710997761e+00
8.330019488795370464e-01,2.141134569491224049e+00,3.806479680930920040e+00,4.220205726046581951e+00,7.166705863459857939e-01
7.402849072829176258e-01,2.231714610386355435e+00,3.491169632773560849e+00,4.737978538743762513e+00,4.809123551937847241e-01
1.224036852554235832e-01,2.763793137581902482e-01,4.430467757485365698e-01,2.939430247514219774e-01,1.009333267480232088e+01
3.656457015547494027e-01,3.146460664527921836e+00,3.567945726421467789e+00,3.121963041064605981e+00,2.609393714815475107e+00
3.622441380682610568e-01,3.945126049580864880e+00,6.087002019356905214e-01,1.956880485788939916e+00,3.467054873885771826e+00
2.946841998515921102e-01,8.526768027048233778e-01,1.647496861883025687e+00,7.182611678619189810e+00,4.271919658375691320e+00
5.211890928277616020e-01,2.024659416636579223e+00,2.093047585560478208e+00,4.563900539300528969e+00,6.827592846841708862e+00
8.966325623047730620e-01,2.478329726503328168e+00,3.496138436463858579e+00,4.616680208001547214e+00,5.455382550466194580e-01
1.244586607482921714e+00,2.053385518348814998e+00,2.866665900817944923e+00,3.019627164008134468e+00,5.844728475192151329e+00
9.981392649324458133e-02,1.402008937342292261e-01,1.176686616890292164e-01,1.182606603709887461e+00,1.000592689015638115e+01
3.140854686583092192e-01,3.266394309353900738e+00,2.357486857106171563e+00,4.429739030236778952e+00,1.776808081643989290e+00
3.998396979149655417e-01,1.990475095828554863e+00,1.632395133868263848e+00,5.651618731624335368e+00,5.506292979335759341e+00
2.521939165605053823e-01,1.346148267694599499e+00,2.708297888329231906e+00,3.882814571631257206e+00,7.435291527464151784e+00
2.841877607563468855e-01,7.503635414990786900e-01,6.052728524090129625e+00,6.496248389673729973e-01,1.010400740819243026e+00
2.954362788040750254e-01,3.134624404631057182e+00,2.997991422937121619e+00,3.157525373377272793e+00,3.650837963308912748e+00
3.546524682360657210e-01,3.722342060924016316e+00,1.945033244030749175e+00,3.435735824066398436e+00,1.479099488497241488e+00
4.347181117262873262e-01,1.539797117271874738e+00,1.743170940110503331e+00,3.056411899842056634e+00,8.691605132364827568e+00
3.021987758756328746e-01,1.261659528082415216e+00,3.309525991246109466e+00,6.517862183502846740e+00,3.013437943733290769e+00
1.130394880031790339e-01,3.336996103596154839e-01,1.144388264776119296e-01,2.557251993371816301e-01,1.007858854241425028e+01
2.422101984527644247e-01,4.263305777051873968e-01,4.821062695044529889e+00,3.570821610901861121e+00,5.011363515298532967e+00
3.682862293239482221e-01,4.062941135077991817e+00,2.011848654711107631e+00,9.124676282620367562e-01,1.088862933919854781e+00
1.440077199290897558e-01,3.214480391953369320e-01,2.634959144158923294e+00,3.793261768996433858e+00,7.982691993817248033e+00
4.418507560316065619e-01,1.015417658360477038e+00,2.943380822803343122e+00,5.720726598779763528e+00,5.666420758001719626e+00
3.028474079878156755e-01,3.558798117643060532e+00,1.260611923546621327e+00,2.040614880385275498e+00,4.869223478717350950e+00
2.066765949977978634e-01,1.308860217556794270e+00,3.810675321143337069e+00,3.399600205259699859e+00,6.427483884698479422e+00
2.215974975027300564e-01,5.452918577337413364e-01,7.131829432910814504e-01,8.009511658585768856e+00,7.821824854632839497e-01
1.026989336768480143e-01,1.159123211335078008e-01,3.373310354563946456e-01,7.092672997368288934e-01,1.006571486132141224e+01
2.062870361747599635e-01,1.137856452683724928e+00,9.090654873665687807e-01,5.645538106583977367e+00,6.889032811265854761e+00
2.059142170136509797e-01,9.101155960465513450e-01,2.342365025780377863e+00,4.105704975762458631e+00,7.883359836509050922e+00
9.908581707528867355e-01,1.745218903127394139e+00,4.517612289497824563e+00,9.157044815112167502e-01,5.758041578310113984e+00
1.855669187425973976e-01,3.925047779765902245e-01,4.905111890270640318e-01,5.239714990761809688e+00,7.753818607823132147e+00
6.483602496995201081e-01,1.555008109754371537e+00,5.383023208862253384e+00,2.508677978953147925e+00,1.092838618451998478e+00
2.332181961920796742e-01,4.413957998979208264e-01,6.437533263979455800e-01,7.932284191982620136e+00,1.884324528896792028e+00
4.463159320397765972e-01,1.287030718382558225e+00,3.353204158789641287e+00,1.301597607297798831e+00,8.081097867673841861e+00
4.797033056532157280e-01,1.837014977716678432e+00,2.280277648306677563e+00,6.504790497294414386e+00,4.383254436210682670e+00
2.491885142035930867e-01,4.032448930496698725e-01,5.923676182262983758e+00,2.058639202797996504e+00,2.199202595587421705e+00
3.960611731340641928e-01,9.028118867008836368e-01,4.567817050650670119e+00,5.018177142899836518e+00,3.905467687173093339e+00
3.298669224974341008e-01,3.070904075490756391e+00,2.990216866209588709e+00,3.373862220195891659e+00,4.049736999642632007e+00
3.996712339106751055e-01,6.941920851275413806e-01,1.392304028688629014e+00,7.746114324028899212e+00,2.252384706047453111e+00
1.250039366540846852e-01,3.288871112204109215e-01,2.471570996751856764e-01,7.023479882124872731e+00,5.066806584794539603e+00
1.667710836153050602e+00,1.539085831602313270e+00,9.362212042067974416e-01,6.417854653189653646e+00,7.759209310770305290e-01
1.106930883364168061e-01,3.517667382499827244e-01,1.283126907130130168e-01,1.812745681352839755e-01,1.007901759874335212e+01
5.772363290881911135e-01,1.186349811744768834e+00,1.810496292630991100e+00,5.410860098268696738e+00,6.893507344904153733e+00
4.945266831415376929e-01,1.622982184967154407e+00,1.867723343767332178e+00,5.959028389823435745e+00,4.971485995041041051e+00
4.047698372285745139e-01,9.554556881661619983e-01,3.489793203987186843e+00,2.423349694001386112e+00,8.059074769097106739e+00
1.534240974578906236e-01,3.904758329266828643e-01,3.983115927075883134e-01,7.739137673796508743e+00,2.925870332211083724e+00
4.366259276157017921e-01,3.476778420023490135e+00,2.500941767074440047e+00,4.188509442320038190e+00,2.131670910464185553e+00
2.258924698685997878e-01,5.633325228410468455e-01,6.465489734388507603e-01,8.008015242125695821e+00,1.110476496815699043e+00
3.622100046019122166e-01,3.857759159277141858e+00,2.097112092813159023e+00,2.388219511746764390e+00,1.979717094978240111e+00
5.344399088744871129e-01,2.814719965329083085e+00,3.208898623735566336e+00,4.079921847497107734e+00,3.972677461568518087e+00
3.321609674304024096e-01,1.191183724089661222e+00,1.272014189694996356e+00,3.483789501964297930e+00,8.723112985937115482e+00
6.483288216479674571e-01,1.099142642842423578e+00,6.935671527406539472e-01,7.435002981173671976e+00,3.185968522133025616e+00
1.382521969155604824e-01,3.522562770714968705e-01,2.430557508551496326e+00,4.533474731964057369e+00,7.532771529666564270e+00
1.110414245346754286e-01,1.570456675354691412e-01,1.241899074302267536e+00,1.844786468709954663e-01,9.928908604450136011e+00
3.764501168083445037e-01,9.165859988353804999e-01,1.062327434733550735e+00,4.704736123617922594e+00,8.178142937937995072e+00
4.418156948240870019e-01,9.592530356986905815e-01,5.612213261326655100e+00,1.982885703091018526e+00,2.942465218857636344e+00
3.995996230700232243e-01,5.248742415448629517e-01,1.917152807220853461e+00,8.008931895314384874e+00,7.031638142838321226e-01
1.720151593411919644e-01,2.883205424083461477e-01,2.724136504845269813e-01,6.250274412593448403e+00,6.606279910396283483e+00
2.544335562762455871e-01,9.740047660726544043e-01,2.238635386606984579e+00,4.063237632737993543e+00,8.041312718322270570e+00
1.615976996185795600e-01,3.782501143162746438e-01,2.893977732774306588e+00,4.052248116043691617e+00,7.538334562121431048e+00
9.925368202299214571e-02,1.209455407821128647e-01,4.899423039938534119e-01,2.654721416074469431e+00,9.551673629610606397e+00
1.842803990278871984e+00,1.579131794689278889e+00,1.675367927295537074e+00,2.409248036403794480e+00,4.857660854428595520e+00
3.031786638062562433e-01,2.716719008560080972e+00,3.390316459488404099e+00,3.404334353187546736e+00,4.508876026193828324e+00
1.779143330266133860e-01,4.095841314174322734e-01,4.200751281341820742e-01,7.643234052892379005e+00,3.439297041646705910e+00
1.499069519197263056e-01,3.751844378492924514e-01,3.474650209706403037e-01,7.427174436673837477e+00,4.021542197800829221e+00
4.099083594349129389e-01,1.531258344040143271e+00,1.461250982320146941e+00,3.518725685039657325e+00,8.208654527292432945e+00
3.531780256215028002e-01,3.825995542797132387e+00,1.304092997046983893e+00,2.640397897704258146e+00,3.151902584683460073e+00
1.155581279347040136e+00,1.714493628336616782e+00,5.486373149381329473e-01,4.347401666976157486e+00,6.995078970234685833e+00
3.122149868029328590e-01,2.190824599866305622e+00,5.457926216617476456e+00,7.161835169008978763e-01,1.372446705261702871e+00
7.363449319538208915e-01,2.675540347993569323e+00,3.219270226958899972e+00,3.982188763451086189e+00,3.795952971378402374e+00
6.747106875924790970e-01,2.124883097730412285e+00,2.074454501908400417e+00,5.350380837984095805e+00,5.131034404263068893e+00
2.449801425423168977e-01,9.876367547695421578e-01,8.417105245479298281e-01,1.873423968413495677e+00,9.668752031566462790e+00
2.516679394351121202e-01,2.294284253307158128e+00,3.286786554946877992e+00,3.166772025452036399e+00,5.863995295928773999e+00
1.143208069595472498e+00,1.171960050027199829e+00,9.498078388463115918e-01,5.168806676021373114e+00,5.521762515878642752e+00
2.188765998319519290e-01,2.490033969545589976e+00,3.212454629729936340e+00,5.134990675544526262e+00,1.289843128337752276e+00
7.175811374194880354e-01,1.227697739119648190e+00,6.577248469901411099e-01,7.749945203536834804e+00,2.884183044806494678e+00
1.533176371157686790e-01,3.483607754902739995e-01,3.036117799161032860e+00,1.198866793026888589e+00,8.786113005166050982e+00
5.661528754263511765e-01,1.325375172203724583e+00,2.080621743156393588e+00,7.364961479578966852e+00,6.549417494273277462e-01
2.234412448367532611e-01,1.214170818004452368e+00,1.564548103412826130e+00,3.656152802699902615e+00,8.431556978912141176e+00
1.378151352511472749e-01,1.895287988783239674e-01,9.509405651411610982e-01,5.558294668707385533e+00,7.358792255289915651e+00
9.073106183890423670e-01,2.465411321334417760e+00,3.533337318151850148e+00,4.107173053557952258e+00,1.057353902181849215e+00
2.666838476885005083e-01,1.573783348546832439e+00,2.461458956342061910e+00,3.730697360305433641e+00,7.415612226057886502e+00
1.314852751758298632e+00,6.426932014721020714e-01,1.681578442442827281e+00,2.941890236430297012e+00,8.990544051220860311e+00
6.558719253486939849e-01,2.309755471744807387e-01,2.040739355696512103e+00,7.166485005397617236e+00,3.315875640494492238e+00
2.639077653037714133e-01,1.020277674641198562e+00,2.021236558606325673e+00,4.813539990542131441e+00,7.646822510054223088e+00
2.053680586439604605e-01,1.611873317575616582e+00,8.543511872170511667e-01,8.552905038608658028e-01,9.380314434579043237e+00
2.061990537816950353e-01,2.671416608784468183e-01,1.808733684140148457e+00,2.595774799066066230e-01,9.833279347588767649e+00
5.492376517972418215e-01,1.459005114445124374e+00,1.659205474783227885e+00,2.148381056474614414e+00,9.386066959600697146e+00
3.101415242038618181e-01,4.072281564295673562e+00,1.699589807652133633e+00,4.191474660045615419e-01,6.737342826985218691e-01
3.180463575760107964e-01,6.611009055797545386e-01,2.198345805184840351e+00,7.236123351779411017e+00,3.935470609680883136e+00
3.134233089472682199e-01,2.239781402122027920e+00,3.276715612953708501e+00,3.162395878286829998e+00,5.871113641720467236e+00
1.044373700304532387e-01,1.466973005867857338e-01,7.794310456187660829e-01,3.160777987610700612e-01,1.003476877335235251e+01
5.155357002799276778e-01,2.986088784576818700e+00,1.279687324062318110e+00,4.296582251734765379e+00,4.164175816791959583e+00
7.644263810752619515e-01,3.540102611876213334e+00,2.642406398559626890e+00,1.151205284539373874e+00,2.465788224651803695e+00
3.956474668404568185e-01,7.368236108765326975e-01,1.191717817303115989e+00,7.671647233582335801e+00,2.108492990144099632e+00
1.290713667950597887e-01,2.988924499680636337e-01,5.822206390162614209e-01,2.525413362832902298e+00,9.620179327910465261e+00
5.756311994160679957e-01,4.294933020093232301e-01,2.257332782371573199e+00,6.914274364731840983e+00,3.582112603862820599e+00
2.400692816492641102e-01,4.545181648646758887e-01,6.025759040137655953e-01,7.853170447704904689e+00,2.554416474382187552e+00
3.821540111044036125e-01,9.274105574575203237e-01,3.500046126471269670e+00,2.372213119950582705e+00,7.998305345629423968e+00
1.098573837673048281e+00,6.033608975320285950e-01,2.146206397912764796e+00,6.012496313776794388e+00,5.915735844573626778e+00
1.053404748894633675e-01,2.108838019687142573e-01,1.167902391595734279e-01,3.520600491421797429e+00,9.131285456014690993e+00
6.224385486916884647e-01,2.750778333445691004e+00,1.046223420281217065e+00,5.587263978995315128e+00,2.575420587950552065e+00
9.396016420714389250e-01,2.211302774474551036e+00,3.787942720280191189e+00,4.042626857796255635e+00,2.301388593537553540e+00
2.692699886670876785e-01,2.624700962722299025e+00,3.795486975798082252e+00,4.051686788369708303e+00,6.192910840169761899e-01
3.465789779022468431e-01,3.739691523922393124e+00,2.651558397763487562e+00,6.814429528587735430e-01,3.025506167286144077e+00
4.614711731974222020e-01,1.290456823329463543e+00,5.148156623329906978e+00,3.848261022217024152e+00,2.034763764493307203e+00
3.065429803935335040e-01,1.038549458807149772e+00,4.009417215686925218e+00,4.791008890340160420e+00,5.411912372372523983e+00
1.302960522791097031e-01,1.798162079123279411e-01,1.327256669457604066e-01,2.087132409849072889e+00,9.823290716955852986e+00
6.360287199177481199e-01,9.420906047180301890e-01,4.839519898061129588e+00,4.023630892802856351e+00,4.704170886025361042e+00
9.065603220743478907e-01,2.415823287202190972e+00,3.496129704916760783e+00,4.399876777060780064e+00,6.094498236481533660e-01
1.490775784520422143e+00,3.111709023265970320e+00,6.851197569684066568e-01,3.015213290119834522e+00,5.417118840382712186e+00
3.369556812310937066e-01,7.735289048738934747e-01,3.187592550559365634e+00,2.695760821669547891e+00,8.237289955576427403e+00
3.651690035800218559e-01,4.680631027168096203e-01,1.088611288268642063e+00,7.917299915800580123e+00,1.796954836220886920e+00
1.218397066913611715e+00,2.294713111430405572e+00,3.123797446585745874e+00,5.073793650746907247e+00,3.110435312520008377e+00
3.471936193353408751e-01,1.699724575251518210e+00,1.998875586675504135e+00,6.668747219744058263e+00,4.413549896936552308e+00
5.528726145755245014e-01,1.752453501315173634e+00,4.444762373772303654e+00,2.524186287839969012e+00,5.667043845324240436e+00
6.085480725088626697e-01,3.012888624807144033e+00,8.184780440624666031e-01,3.525859069068353779e+00,6.817628494661633454e+00
4.168239262889997798e-01,4.216724428781766232e-01,5.557595490093577340e+00,1.532096027096752966e+00,4.613140085984332117e+00
1.004010154589412451e+00,1.094572731889954742e+00,1.231247249617298145e+00,5.310441254010966894e+00,6.609011750149834441e+00
6.695504798616456199e-01,1.461880776124763415e+00,2.661703588565711431e+00,6.479177762648747674e+00,2.846030163729049711e+00
1.077550691454176174e-01,1.692399907012234750e-01,3.227521628259043540e-01,4.637109218914032382e+00,8.323328227446031846e+00
1.333821317777134308e+00,6.809994794406750707e-01,2.598995650479959618e+00,2.836756226992235952e+00,6.905171570101923173e+00
1.184493957665418762e+00,1.268835833386096290e+00,1.022353492603104375e+00,4.649423802472007594e+00,7.721516270327793308e+00
2.997702504710736404e-01,9.632990193107394683e-01,3.195007503006610516e+00,6.701547514561711161e+00,2.509682791316228290e+00
5.142862629650017947e-01,4.526196650545405431e-01,1.407437702493898879e+00,7.674185739312775922e+00,2.118565788879231970e+00
1.160579870026606647e-01,1.492230976201605885e-01,5.266422503310249636e-01,1.459592055846401282e+00,9.948612393228394524e+00
1.569688236596962438e+00,7.167549128025505478e-01,3.040778792283991727e+00,5.745210183282710936e+00,2.217751920024895629e+00
1.238818283389667041e+00,3.037673529592197941e+00,3.281375482588302361e+00,2.545720151397156350e+00,6.866717523024216119e-01
5.490074714950180512e-01,3.367153257800076460e+00,8.413723222337152752e-01,4.009157149026282063e+00,5.723341219066925056e+00
8.018299650478523111e-01,3.819392815666237784e+00,2.719950849393558023e+00,2.333445847009594676e+00,1.934619490197183822e+00
2.556990551543661949e-01,1.432162570283571412e+00,1.661137653080711818e+00,5.701591081508068370e+00,6.126984277457546924e+00
2.961851520157259832e-01,1.017294370017606253e+00,1.639765878291975953e+00,6.359007877858630309e+00,5.932402370890533128e+00
1.365897532960826721e+00,1.027657376284298874e+00,8.534318284888978701e-01,3.753489808471113687e+00,6.683512391280593157e+00
4.844475350284079829e-01,6.409729049611490037e-01,1.021467711586559801e+00,7.977880418638408244e+00,1.116467900035692296e+00
9.830135246592816567e-02,1.014334932422117086e-01,1.493676913482304969e-01,9.736353778228311606e-01,1.003779136220164681e+01
3.238866915906000177e-01,6.914751265895040522e-01,8.309833401151451859e-01,3.501777514361496202e+00,8.935606024140689385e+00
4.880063519912263836e-01,1.376348664568762814e+00,2.695279346114293428e+00,6.401531535793783867e+00,3.511412252683198343e+00
3.987162026482289900e-01,2.026007697494053517e+00,3.286316439159020941e+00,4.063629491100021696e+00,5.994487031445736136e+00
2.442144511311682975e-01,5.415149035999966554e-01,1.965587604259939614e+00,2.915614123084589782e+00,9.130944835025413653e+00
8.508634949400537550e-01,2.048502544029902062e+00,3.081818970265944202e+00,5.340196360779486007e+00,3.913807352936305328e+00
6.654799544830820590e-01,7.677288091360530142e-01,8.270666069080455651e-01,7.736644689786097651e+00,2.640295960572093925e+00
1.443662607365038264e-01,2.439637668131844073e-01,1.612153253527214281e-01,3.732816954748245930e+00,9.060430128875935907e+00
8.158339354762205176e-01,2.018945102682431880e+00,3.516859085361180970e+00,4.049393359265684111e+00,3.599114349535541546e+00
1.406704107676328253e+00,1.838306967311018614e+00,4.423060293824541134e+00,7.223316364404932521e-01,5.038247851554746859e+00
2.954236144588022195e-01,7.434668992097956952e-01,2.812619298912772514e+00,2.560117482558200930e+00,8.522643720993224647e+00
9.188757579345124826e-01,1.597802281359788967e+00,4.271266054423827008e+00,3.356151107399094169e+00,5.142330658798035081e+00
4.281298345346811196e-01,2.280363335397209479e+00,3.149539165147802411e+00,5.485955191901449091e+00,4.280875902724288196e+00
1.522203605640935820e+00,6.986682839808402434e-01,7.737474082464542713e-01,5.001307000838350447e+00,7.319420723941093776e+00
1.538288155246520184e+00,2.320258568298239954e+00,3.292911709620678806e+00,3.303920883054547009e+00,2.802908991166247699e+00
4.469656717775656873e-01,8.959351598469884603e-01,4.542407187091600740e+00,2.663806703958953470e+00,5.912261506935410083e+00
7.344167997471915399e-01,2.098661823972353346e+00,1.936562029309754296e+00,2.490854217228093859e+00,8.297700652620676465e+00
3.487836195712221699e-01,1.632322101042503304e+00,4.155405219960522700e+00,5.859029616500871285e+00,6.111280876749749513e-01
5.521241090304388477e-01,1.723173344765445369e+00,2.365562115859667802e+00,6.755172601569372048e+00,6.770768820598189741e-01
2.724867454356131868e-01,2.727811495407344022e+00,4.549919098743709256e+00,1.755662432464291545e+00,2.206454951005640375e+00
6.568524750822993807e-01,2.725845340852029786e+00,3.186502012900158665e+00,4.300244396591610396e+00,2.130111403274996373e+00
4.391989837647768957e-01,2.147309098203448396e+00,3.841979351988631830e+00,3.884361253925307178e+00,4.082475595023448811e+00
7.307800838402140897e-01,4.382583330541974243e-01,7.209290487302990602e-01,3.183468548163427059e+00,9.241017046480868302e+00
1.245847311214992592e-01,1.977343401282528890e-01,1.232867893887984179e-01,2.858336875870347349e+00,9.513363442988579166e+00
1.241043678832959074e+00,2.924897297898448212e+00,9.925609654781191171e-01,3.462330575494933615e+00,6.352587920341168370e+00
7.823615097553889841e-01,1.561924115691015302e+00,4.882805905050196849e+00,2.965073589479794602e+00,4.348416237499493242e+00
4.094677489507555501e-01,9.400615421585493126e-01,5.933580128233781892e+00,1.032681087571070355e+00,2.599384111306243472e+00
3.235107983658906949e-01,3.198916258706805849e+00,2.865792465687630131e+00,3.642099028462359112e+00,3.122690694090024532e+00
5.045100885371722743e-01,1.198140725030321097e+00,3.174587132025588510e+00,6.676972882257979691e+00,3.461946026227582074e+00
7.207825793287312433e-01,3.487991187510490310e+00,2.370316250363926347e+00,2.627743219209629721e+00,3.275475200063246106e+00
6.545513308893161630e-01,4.729713991375620319e-01,2.493591405944987738e+00,6.865144419266949072e+00,3.726985857796285551e+00
7.549753459133679012e-01,2.398240217307812117e+00,4.299420631556293060e+00,3.758940647458053341e+00,1.354586272608572228e+00
2.214667061083701038e-01,4.516478477248195844e-01,5.542569639095140666e+00,2.584259838048750701e+00,3.244439173907057494e+00
5.024127590160408774e-01,8.859559462395456553e-01,5.476837030300185205e+00,2.933971993016834201e+00,3.439028921564162733e+00
2.560733438663481132e-01,4.485691879759287071e-01,5.109716931015603869e+00,7.246565062378312883e-01,5.846772060595823994e+00
1.902352158603961563e-01,8.511650268623777160e-01,1.384046382934553954e+00,4.471805104832251132e+00,8.182015820892504010e+00
1.917006217962674786e+00,1.278126719691281776e+00,3.599937736564418955e+00,2.545236434212555743e+00,9.727969351846007529e-01
3.479064591327086786e-01,4.164642982837650109e+00,1.062470108271080127e+00,1.260282593393156514e+00,6.950928735729543506e-01
6.537590059977248513e-01,1.209765469643194091e+00,4.845205227157028283e+00,4.769216275416547468e+00,1.076226267431036776e+00
7.107220582456853508e-01,1.891612984761894101e+00,4.964559377855365163e+00,1.930711765806557789e+00,3.640003495266109113e+00
2.434911144036839836e-01,2.417189734507616983e+00,1.654635294911388721e+00,4.865552726284047003e-01,8.098513979269588603e+00
1.208855620536596898e-01,1.833491230320464238e-01,1.338949519936937504e-01,2.520335243418625470e+00,9.654629928551615947e+00
1.261079133350640591e+00,1.308229255986706807e+00,1.331544688750229133e+00,6.566229880448415379e+00,1.161507389988862382e+00
9.646853219278255231e-01,1.022162690815306973e+00,4.023442842843469869e+00,1.489238753753044486e+00,6.402976324026564470e+00
3.345992847649443269e-01,4.183002213350051512e+00,7.862903779958446693e-01,8.865879553211414299e-01,9.989801746463317089e-01
8.851674445007244874e-01,1.374290230322914752e+00,2.787382094535657551e+00,6.525520535731027749e+00,1.062819537549109405e+00
4.296797256008773047e-01,3.196548752275521377e+00,2.912658016035126973e+00,3.767041643262396988e+00,3.967438318012924015e+00
6.143782753546636055e-01,1.406826802221694317e+00,5.441511217406894474e+00,2.461990720097773533e+00,3.377663289565751015e+00
6.821200804351430502e-01,1.795910205564506201e+00,2.453239908768164224e+00,6.722398521677223293e+00,3.325855250024876142e+00
1.251113654743622128e+00,3.128724238877581332e+00,1.494122720102977198e+00,2.407839007220228478e+00,3.803986971410293627e+00
3.068995487121426446e-01,2.301844491125683234e+00,4.925743662655752253e+00,2.722778184530156409e+00,2.128796971481255795e+00
1.623472852219177975e-01,3.787177210715966247e-01,3.724693953192644291e-01,9.700299531847669243e-01,1.001587252507686721e+01
1.271812533183626082e-01,3.017652859742419591e-01,1.649131962730843171e-01,5.789764182933195613e+00,7.149005098831830551e+00
9.035943058927952132e-01,2.070758612255073849e+00,4.000503585140595675e+00,3.943780150683091179e+00,5.305571436263798457e-01
8.332725865147774247e-01,7.306613073999357333e-01,1.206552302048621073e+00,7.458626814756057932e+00,3.322532462945924525e+00
2.498210747906560725e-01,6.195715508613089950e-01,4.350433079496463407e+00,5.174800273582511601e+00,3.915141404512710199e+00
4.794638218765871485e-01,2.170053097957183319e-01,7.360945977882302760e-01,7.962689943997627751e+00,1.580813923586308345e+00
1.112866442318731774e-01,2.126488403918761483e-01,2.451810249387492480e+00,2.590647463119394867e-01,9.308257399709184199e+00
8.980168091314564283e-01,4.266354106318850370e-01,1.838116687403587246e+00,7.343979093110359457e+00,2.678622714670961358e+00
8.892177547687378780e-01,7.491419960103242737e-01,4.825574820320472469e+00,2.925310771730970316e+00,3.708652835857309871e+00
1.410389720710832018e+00,1.802494053795191009e+00,2.003377113350567118e+00,6.805669903639610663e-01,7.245394307066296058e+00
8.219788999293519138e-01,3.142826538496402478e+00,3.171070335296001907e+00,4.704983085423493527e+00,1.327618106033475964e+00
5.158520581614524092e-01,1.472213308192936498e+00,4.797454842865350066e+00,4.006855281905410848e+00,3.693430388753964344e+00
1.454004296122095863e-01,3.092780358484522596e-01,7.112715746711071318e-01,3.421052394973884136e-01,1.003729637159628041e+01
3.163105242498089886e-01,1.014326155054444012e+00,1.575929641047244090e+00,7.075075725433184637e+00,3.994840291806804444e+00
1.339340924730756166e+00,2.500729790516527107e+00,3.835301950886589761e+00,2.076639274485185815e+00,9.240853501477150900e-01
1.318182861849195586e-01,4.320306460637186596e-01,3.272266355738773225e-01,1.713247194560297004e-01,1.007622923395431513e+01
1.313315486736440274e+00,1.485599449421940665e+00,1.563574538459154395e+00,6.830802039705186957e+00,1.067280332416731925e+00
7.097656252050854597e-01,3.037509701475696211e+00,2.491516052845033968e+00,5.235202316715695581e+00,2.054781940325866696e+00
4.137954178719055465e-01,2.414500148805570845e+00,5.497001427785906280e+00,5.992170554940970950e-01,7.371673548286935551e-01
2.555129179945197504e-01,2.344496768169762380e+00,4.304982457249329819e+00,3.489674751786762119e+00,2.922910850891260015e+00
3.864345289210491252e-01,3.919498938046757086e+00,2.144493715624330665e+00,2.526266325959229508e+00,6.838361514276435349e-01
1.453076434010319495e+00,2.363021462575738862e+00,1.499545784937218018e+00,6.031647634662003377e+00,8.345073518462904349e-01
2.005533338644228947e-01,1.709997077699398016e+00,4.028346074010832112e+00,8.098094162564388743e-01,6.694662006364201723e+00
1.074854515814835931e+00,1.475554821833855446e+00,1.690267269135813155e+00,6.989655327202711987e+00,1.572555406546077394e+00
3.244646634716216727e-01,1.253718744039545419e+00,2.855991214519456811e+00,5.730269909380955262e+00,5.450205157089330399e+00
1.149399547180687819e-01,2.500759997832207038e-01,1.930112312004974018e-01,7.457336862663553889e-01,1.005666134749351492e+01
2.111102447448338915e-01,2.604961439944125878e+00,3.728270893622431803e+00,3.459490435828789678e+00,3.203888853589334840e+00
1.123484953563912869e+00,2.092781710498649694e+00,3.321781795895414113e+00,4.387874004600367250e+00,3.839877330813748380e+00
4.239648154140674419e-01,2.861408621397520058e+00,4.675262544156775668e+00,2.731722663033650189e+00,7.631600785841958778e-01
6.520485938569973161e-01,8.080068097050949749e-01,8.356100963523205305e-01,3.068016428426487696e+00,9.253722338646797496e+00
2.368634663698662712e-01,7.727278864283996240e-01,2.243171095708715868e+00,4.631128467474772137e+00,7.578649292753915745e+00
2.644819915637804386e-01,2.350460662476902218e+00,2.821264425319510938e+00,4.324196701355922379e+00,5.288545194317072706e+00
4.034707381772190127e-01,3.964308419123059313e-01,1.674787443601475800e+00,4.446726397053776481e+00,8.296281437528634228e+00
9.850955595693088040e-02,1.000224525493989686e-01,1.286514987770461804e-01,7.099425387064601800e-01,1.006907453959715504e+01
9.835324103342339697e-02,1.001018501466916510e-01,1.318411119249451313e-01,7.745260317533528838e-01,1.006225863095715845e+01
5.289883805543731388e-01,3.484323833212552124e+00,3.418652122264295823e+00,3.467339722294894955e+00,2.335470758916139200e+00
3.255621207754753055e-01,1.997769566962042997e+00,5.407984569647432238e+00,1.979571536540576382e+00,2.274302789869621311e+00
6.524969471508863528e-01,2.185303149378446275e+00,3.376430866617170068e+00,5.014743813713329779e+00,1.204312898971775736e+00
2.458528521632950548e-01,2.772887786419883316e+00,3.819575962741502906e+00,3.205590875106511195e+00,2.753144256478881946e+00
1.118141963330403499e+00,1.552228593426506764e+00,1.136141937709957528e+00,1.666502301741701997e+00,8.548857739575288051e+00
9.831502348088685950e-02,1.012641860213589345e-01,1.549023418654871254e-01,8.207317412756123254e-01,1.005691740914244114e+01
3.015696446802146879e-01,2.189623452007237070e+00,8.664812327903135269e-01,7.155123825040295316e+00,1.198748934152789491e+00
3.795908860247713124e-01,1.617510357485978600e+00,1.385426285371023303e+00,4.669393878228158101e+00,7.467483636400864100e+00
2.187532267413026810e-01,2.357902095040947277e+00,2.760084813183179442e+00,4.322665521694197821e+00,5.053688152835763781e+00
1.790816274044586265e-01,3.970652684693082302e-01,2.393466790749234629e-01,6.343122904701514742e+00,6.439112500166291220e+00
4.322711387456944498e-01,3.993226978362498958e+00,2.194126093545791356e+00,2.228898383884325707e+00,1.332182108803694920e+00
1.438555125803130386e+00,7.156567073979500648e-01,4.004133514152917073e+00,3.801501339055421091e+00,1.129557376341696839e+00
3.570562987413843370e-01,4.377127922548197381e-01,1.236609762744348417e+00,6.197156803211008480e+00,6.290403157453261507e+00
1.341570095799486051e+00,2.681675908236131334e-01,4.762378368543430440e+00,6.603937095565092230e-01,3.352092915787645122e+00
4.268418534954168120e-01,4.178266678146776769e+00,8.391359616280320566e-01,8.862162247380415137e-01,2.714315285282181023e+00
5.733273083235767009e-01,1.280383312609157720e+00,4.976739091374810187e+00,3.837431734167733755e+00,1.545875578835542941e+00
9.523389649531968093e-01,2.427476338120561294e+00,2.479581889877685796e+00,5.239627182570248287e+00,3.942634643695171803e+00
7.175055738876765510e-01,1.299251247345309279e+00,1.772826547149653376e+00,6.751069304819915295e+00,4.507137958405294853e+00
3.376306234032845355e-01,1.371035301084617686e+00,1.904084406936222384e+00,6.943004917910410079e+00,4.104446324087037468e+00
1.037680974510136078e+00,8.882316302190340629e-01,5.545764324475932483e+00,2.535216267862151263e+00,8.680472765208999686e-01
1.459733670060437305e+00,1.567042920787367732e+00,3.173269102237366468e+00,5.450299561601331000e+00,9.957753170631402639e-01
9.676152779131161896e-01,2.101148099323349783e+00,1.163800789807042824e+00,6.264938499374485659e+00,1.471659314684151454e+00
3.313493710209382548e-01,2.081668073417035636e+00,1.649293202274346726e+00,6.768853583685776165e+00,3.263006567500652544e+00
1.066772371358438165e-01,2.056847598810036537e-01,1.101165191365878759e-01,5.675195777962706023e-01,1.007970837583603618e+01
1.159594606662082139e+00,9.410153311043849556e-01,4.345529949618825327e+00,3.283066635218175655e+00,3.367079228748385500e+00
9.342179603119988851e-01,3.573209170200132512e+00,1.575795110838303481e+00,1.058724628814929458e+00,4.507085160443976335e+00
7.294682176484841296e-01,1.107320788747402807e+00,1.945918335387044618e+00,6.791209032022694103e+00,4.638100339388658178e+00
1.080045454500498797e-01,2.595209452288310126e-01,1.091589742647771921e-01,5.666268486368684520e+00,7.266940517567514135e+00
3.827692781449689718e-01,1.287201430137998814e+00,1.874073898857179676e+00,6.909160852156349897e+00,4.356193164032108101e+00
1.294112061426172744e+00,5.971822769570989120e-01,1.272526984651676907e+00,5.153383790963209421e+00,6.688568820458431929e+00
2.020105267258418824e-01,5.945721653750863922e-01,1.102205234840642145e+00,3.924078252491179697e+00,8.846375221995206317e+00
2.842631222512989608e-01,3.447069788052473660e-01,3.544261230327762302e+00,4.295024381984823836e-01,8.544358858384221378e+00
4.100587544151597097e-01,1.341017182174948585e+00,3.043330458032535990e+00,8.735102244891780332e-01,8.463048138946733800e+00
9.824668227709053292e-02,1.004685607674374315e-01,1.391963454093714525e-01,8.655125568280537252e-01,1.005184269422969479e+01
1.886363479187260550e+00,1.366352665953386891e+00,8.745155399597468460e-01,1.408502849583470384e+00,5.694848667244531981e+00
7.597606404091142851e-01,1.768820171253517870e+00,2.495634877829676856e+00,1.013247070469742273e+00,8.172148839048684721e+00
1.239394860579126734e+00,1.690253229526784917e+00,5.083090992566831723e+00,1.109822750606257014e+00,1.052710954995304871e+00
9.004863550488977353e-01,1.777302599835772545e+00,4.705580258019916862e+00,3.709844659171755321e+00,1.341895271837766357e+00
1.115899439981316299e-01,2.968627058146330322e-01,1.061783107646713908e+00,3.698734526621013430e+00,8.885968075563891233e+00
2.222274553709167877e-01,5.469780663745752447e-01,3.976454401931156513e-01,7.612321909271557274e+00,3.446623372745529323e+00
7.233347316131057969e-01,3.152143524140072817e+00,2.570279340997387418e+00,4.843224545853486163e+00,2.137218277351866202e+00
1.026006520085377627e+00,4.391767415035778832e-01,3.658925806092620525e-01,7.122693585701087571e+00,3.348238033632676025e+00
8.204027846629177168e-01,8.934886521335883014e-01,1.216993151845515264e+00,7.223939700680845899e-01,9.641389283413047906e+00
9.580605235296070221e-01,1.267492827037439485e+00,1.420783892770795198e+00,7.239697899857727492e+00,5.806643214524906949e-01
1.896857839066574403e-01,2.190643069114326380e-01,4.180191646743585121e-01,6.263088167028636022e+00,6.674933044515724667e+00
1.328973094104106689e+00,1.723131501183879255e+00,3.660695075719643476e+00,3.469628049635389733e+00,2.507564807365988635e+00
1.151478854891759163e+00,2.728548220702866622e+00,6.164001881681451245e-01,5.446849117577864163e+00,6.357018929658824202e-01
6.828149973082632274e-01,4.986997400824274562e-01,2.575809557022302076e+00,4.150755859493984623e+00,7.908531269296381616e+00
1.053480884115912897e+00,1.389340707621180337e+00,4.472533926279490757e+00,3.924394978010924184e+00,3.141107908626885159e+00
5.045162650240773150e-01,1.003340386160894715e+00,4.082503536788903098e+00,4.365727750286074738e+00,5.098943887034737443e+00
1.130017599881993073e-01,1.535800489463379215e-01,5.312309180934631225e-01,8.154486407453760410e-01,1.004084897452895930e+01
3.959518705175436026e-01,2.013133210903175208e+00,4.193018502025380734e+00,4.379024931531607656e+00,4.403329327289174699e+00
1.686281194283342000e+00,2.221043550205437533e+00,3.809807078877557540e+00,2.867962466012369038e+00,1.859570920451559584e+00
9.914523751670344387e-01,1.119351144163130529e+00,5.378572636809938246e+00,5.033249431700926868e-01,2.476007009285575489e+00
1.746863136094412017e+00,8.020338159395419275e-01,3.231782569708486541e+00,5.497263594221156957e+00,1.162222194595903479e+00
1.748077564257741079e+00,1.500932882469246277e+00,2.220158812560381278e+00,1.524683678937084563e+00,5.004592875598035562e+00
5.285226862366089184e-01,1.141220471407182968e+00,4.308848393845587488e+00,3.639541626231445282e+00,4.604667659755361520e+00
1.317190002377806257e+00,1.120932540623021501e+00,1.061615708206389286e+00,6.267422134383251020e+00,1.174194384262836621e+00
1.472631828103705409e-01,3.419320327693684547e-01,2.008666971788690137e-01,6.502407703540434625e+00,6.130477424536407760e+00
6.913447726047794450e-01,1.696168562371739075e+00,4.980220394148921592e+00,4.142056239309725107e+00,7.166847196093444339e-01
4.745793030448411942e-01,3.728097809356153980e-01,3.484809427266744475e+00,4.819320213620570392e+00,6.709258014415622640e+00
1.787628534934712743e+00,1.004374321186669139e+00,1.719937994041966345e+00,1.961221762451061945e+00,5.875773655522590566e+00
3.536179156527194944e-01,3.188264818659487521e+00,1.914315008361775483e+00,4.511845503961736448e+00,2.324688468268793162e+00
2.729995208040311150e-01,9.982391454157356625e-01,2.040175957245153882e+00,6.676856094835430966e+00,4.995978218915320568e+00
2.624818587091646283e-01,7.484143075019088487e-01,1.241596046494385819e+00,7.066071085276280250e+00,4.482935148917320589e+00
1.085890262477203105e+00,8.198026259131285798e-01,5.307715656905878987e+00,2.962698649037041942e+00,7.144860621635531484e-01
1.174547156728812658e-01,4.301905034321101828e-01,1.416182578561170136e+00,4.330887221661986253e+00,8.270313672816024919e+00
3.841863665353312252e-01,2.326616973237482622e+00,2.899450272755905278e+00,5.453826836436639347e+00,2.939087760014527095e+00
1.235912570467559535e+00,8.790460416218011108e-01,4.545461232448465005e-01,1.942692618025311901e+00,9.101485286135503117e+00
4.773819131853386244e-01,6.267053159281957830e-01,1.141032000985215289e+00,7.719501427798710402e+00,2.918592391594114321e+00
3.442143616448697374e-01,2.836612468602108805e+00,3.254392899238702341e+00,3.854849031802390691e+00,4.061646710507618607e+00
1.027132562628156609e-01,1.155374537304689753e-01,3.405223062108559406e-01,6.296629617252362809e-01,1.007202198297891904e+01
8.961389484994530807e-01,1.043978854747998675e+00,3.610456882718055205e+00,5.730068148834925879e+00,2.982289321306279994e+00
1.503269932853388502e+00,2.403140526697138402e+00,3.943435285794505418e+00,1.043132181650555212e+00,2.952745130033677334e+00
9.855357253537457007e-02,1.072392482081770543e-01,1.967792494570640149e-01,1.367032521500592512e+00,9.970322920344052875e+00
1.528853311116732172e+00,2.611114764657548992e+00,1.178937576187175651e+00,3.950586520359901321e+00,3.376490042153589055e+00
5.076169677554025483e-01,2.199241744975553470e+00,1.131282766209390056e+00,4.515694036245262666e+00,6.440718991861425380e+00
3.009014470163436927e-01,9.138497854878504523e-01,5.790831632899688941e-01,5.721278249038037167e+00,7.106856718485555113e+00
4.569262234323163696e-01,1.356302265764183446e+00,4.413039978368145988e+00,3.534251705342981609e+00,4.470969882816098639e+00
1.496158668338084086e+00,3.097386355289881266e+00,1.372840057347411546e+00,3.346662654497746914e+00,2.408070552321153635e+00
1.015760972735890860e-01,1.052510807578176805e-01,1.638545662839027695e-01,1.120190687921942541e+00,1.001908737821517548e+01
1.533031216645151795e-01,1.994823796977921448e-01,8.401218763949479529e-01,4.495839732474694372e+00,8.468104511512843047e+00
1.124892404688004444e+00,1.135861937246319009e+00,2.913449150363986107e+00,5.566558728438063319e+00,2.451411318807810602e+00
2.073892545799052023e+00,1.036002528861585503e+00,2.418812098562977297e+00,9.139169048970474662e-01,2.294247688826621001e+00
3.232260927566997233e-01,2.258409878638294455e-01,1.188556707613403818e+00,7.780224982971910563e+00,2.906812240367473432e+00
3.690607403966250644e-01,6.488027890516011587e-01,4.554569089901740142e+00,5.903109080822184218e+00,1.396830863540199363e+00
3.580506782683056666e-01,3.020489715845642298e+00,3.069905794516866404e+00,3.747101483621090523e+00,3.880340385889940347e+00
1.037071946442111453e-01,1.534135835112099278e-01,6.077827863498967975e-01,8.455109184242614040e-01,1.002217564297431096e+01
1.038573488652936527e+00,1.258198630289260489e+00,2.910471740266896035e+00,5.069994875507932264e+00,6.146920881627101707e+00
1.617333031610341809e-01,4.189677860237872586e-01,2.456889843558805464e-01,6.481787760187054381e+00,6.235356915323993832e+00
9.877672690476436979e-02,1.012166260390250649e-01,1.446298746703340854e-01,9.108078476293943737e-01,1.004654093870531639e+01
2.010549207858343124e-01,7.618511349449389458e-01,1.721124098557112347e+00,7.509344847550518232e+00,2.670345683053300334e+00
1.794566508914960112e-01,3.018523998178550549e-01,1.551910199561853609e+00,4.770318000473055875e+00,8.001273789443581919e+00
4.575027646769477818e-01,9.538550684419514480e-01,4.303131320026616358e+00,4.810502730226224877e+00,5.071154542285635003e+00
1.472234631719424314e-01,3.170586591766630935e-01,1.236880743378406367e+00,1.125383429943285885e+00,9.884178822460432556e+00
1.213097526347288735e+00,2.054645912226118032e+00,3.986927498774540002e+00,1.481297294564880351e+00,5.226520458100630151e+00
3.758076620466246909e-01,1.267550412505874302e+00,6.596489758979493523e-01,4.908279036503617299e+00,7.586856698349054184e+00
6.276207608575591346e-01,1.644291398747434796e+00,4.379760731493519188e+00,5.341245442551969980e+00,2.285414272904801258e+00
1.648334162102020328e-01,1.014478759837384336e+00,1.904525544148200966e+00,3.140398557147004777e+00,8.635381617064689763e+00
2.814395275448955402e-01,5.870058246447611427e-01,4.105550090366442362e+00,5.637674732288147972e+00,3.959642296990569132e+00
3.911035835269834893e-01,2.732349698948305594e+00,3.574581319229339194e+00,4.314097523506342569e+00,3.346051712268791611e+00
2.801687335899045173e-01,7.677258112528660972e-01,9.216542570266070822e-01,5.689065939248563630e+00,7.101794199187320800e+00
2.491466669038558956e-01,9.852475289274680303e-01,1.088979885924728608e+00,7.991076993430487718e+00,7.128310496280169106e-01
1.424759635579256001e+00,2.440581060189444429e+00,2.105358467604714789e+00,4.046497804031697676e+00,6.752728069988289672e-01
7.646496877365080991e-01,2.337314067937136919e+00,3.651607384014549318e+00,4.235324900850092611e+00,7.033138760997388328e-01
5.902826582416222934e-01,1.215645840673372557e+00,2.516040666899707290e+00,6.442781029972422857e+00,3.546839521882053425e+00
4.310588091557678858e-01,5.269014266862918072e-01,4.462310221838960089e+00,5.141266853711226936e+00,3.511090713912455197e+00
1.369395853520814832e+00,2.985269360619806189e+00,7.524147189344601028e-01,1.183506929700507637e+00,3.650397302215868223e+00
1.516694490105453985e+00,2.167976682906096464e+00,4.145747686954880606e+00,6.082105666953320222e-01,2.062134832171253152e+00
2.988823459159178908e-01,1.026713638520274197e+00,6.946242584811956888e-01,5.903238961795763906e+00,6.797568750166801621e+00
8.706833128738065142e-01,2.040336834975208014e+00,5.753573184502168703e-01,6.847115677293022173e+00,3.882751427894291840e+00
3.639022864330461182e-01,1.001960034485850137e+00,6.773096669887482824e-01,5.877597729580678276e+00,6.981022450675316904e+00
6.857851793494165182e-01,1.729528921941079211e+00,4.993981639557190100e+00,3.157056190519339722e+00,5.106309360935011865e-01
1.001125539011800125e+00,1.262743127625355122e+00,1.653790295845829039e+00,6.864333322127620818e+00,3.759369375520438705e+00
5.028289107478547404e-01,1.834636029987666728e+00,3.381413678001023992e+00,4.474626386391420851e+00,5.192757897491913077e+00
1.098949737111324376e-01,1.357788578091421727e-01,4.805751723754032589e-01,6.754490309430378758e+00,5.640961193881437907e+00
1.361722223313093227e-01,2.276960819246701406e-01,7.269333456224293943e-01,3.230768311434665474e+00,9.294532883243183718e+00
1.665868838685822917e+00,5.228252254570482371e-01,1.492776203328478823e+00,2.425579737492702836e+00,6.917376272040311136e+00
1.527464289636843775e+00,1.039647797480012903e+00,3.855696209297736488e+00,4.076569503899168723e+00,2.659533731703202175e+00
1.429129952934267589e+00,1.618426858054617945e+00,7.562905335039999954e-01,6.191934369028401441e+00,2.776191059033995323e+00
8.725462766746673315e-01,1.928800737834280632e+00,3.371695985916812077e+00,5.016458953953041089e+00,2.388860469168423428e+00
4.150533113580581190e-01,1.483591186343179880e+00,3.971102857154452437e+00,3.956712339179173199e+00,5.243307076040385262e+00
1.372393157583637335e-01,1.482700722640047653e-01,3.074943368190063975e-01,4.360647921134053639e+00,8.623757812543134449e+00
1.018439654773554803e+00,1.609466624038259353e+00,4.793834763493453721e+00,3.690713145105882997e+00,1.422861198206609501e+00
1.221403099979782247e+00,2.404871394358413017e+00,3.192591376063315334e+00,2.642459223391918410e+00,4.715782095710313371e+00
8.548434135744763518e-01,6.318942942339268454e-01,2.689804369729583033e+00,6.688329569329257041e+00,2.208694827097676061e+00
6.234623215088094250e-01,2.304794960331716158e+00,2.914869935287208502e+00,5.032388149279402256e+00,3.556133839000198638e+00
7.932672490041335900e-01,1.818186064163625382e+00,4.752868084326886233e+00,8.167488265122551105e-01,6.469914803482738286e+00
3.791583372919060113e-01,1.101187141795513469e+00,1.992843275115439905e+00,7.334922185185883237e+00,3.558926737914187566e+00
6.356669419536929988e-01,6.553530984430780970e-01,8.927536371786908287e-01,7.888790132664330379e+00,1.206728716693244552e+00
2.582988102582196577e-01,4.938721893153683040e-01,5.847368174259914841e-01,7.938581381980629459e+00,1.551170197644311299e+00
1.259201779463440918e+00,7.736422512618403857e-01,1.126501614229468151e+00,5.077274635443028927e+00,5.702190221111311352e+00
8.432827058728989966e-01,4.373264313655612634e-01,5.780140103223716963e+00,2.291221745825677392e+00,1.056875810000533988e+00
4.887819794698925469e-01,9.918112864381924965e-01,5.264937546617574959e+00,4.714365818177583378e+00,6.469034761244658593e-01
2.819113907294003574e-01,2.022258524856554551e+00,3.317759196696020929e+00,5.408480041227889501e+00,3.665355717889270615e+00
1.101283114458408541e+00,4.058859256349753308e-01,5.132243665621960105e+00,2.822302314199971018e+00,3.134747485401364830e+00
1.551163531206283697e+00,4.060488378994011049e-01,1.416265075986071320e+00,1.161521762616545050e+00,7.302264986263066859e+00
4.258526532097138828e-01,1.425456453172423199e+00,1.949234306754526580e+00,6.031946977099852170e+00,6.275981686194336717e+00
2.441215403566152631e-01,1.464680249315506666e+00,7.114981668371196388e-01,7.694043181530986431e+00,1.615225112544093067e+00
3.258472410521230933e-01,2.393473567035885541e+00,5.197844129645945443e-01,3.665670640836950156e+00,7.560975322511636065e+00
1.025084642395153622e+00,1.422243764356035056e+00,5.408317393011503604e+00,1.011430110219911249e+00,2.045248133658024159e+00
1.122922618210083545e+00,1.320389519059939065e+00,4.968363569752806796e+00,1.040994699290837211e+00,2.844198895545840600e+00
3.465440154601525657e-01,8.168044865826041834e-01,1.507601930111817312e+00,6.094854513021644493e+00,6.324825104271202036e+00
2.116302486115193837e-01,6.248153185491658324e-01,1.423645270396490581e+00,3.762849490488837656e+00,8.654318003919366120e+00
2.568301129841623065e-01,6.230471783627845594e-01,3.209658598480269465e+00,6.477690697039652612e+00,3.998219060029482463e+00
9.420288089694235367e-01,1.888709920025885003e+00,4.106060186389304256e+00,5.862146845124997618e+00,9.457996823078645976e-01
4.650069195579230596e-01,2.728973331662326585e-01,7.670017912830604523e-01,1.144117717704102422e+00,9.888850261028300892e+00
8.344013407595678444e-01,2.606769484792450520e+00,9.572816620115147668e-01,6.058487703799702473e+00,3.093582734134302292e+00
5.337160323735028467e-01,1.512771946641224385e+00,4.221664371762197554e+00,1.448619807490724831e+00,6.779221733863590060e+00
1.764060886418927776e+00,1.661174343541827136e+00,2.078216620104591517e+00,4.425841357431716361e+00,3.306191833446257000e+00
5.504434146536862915e-01,7.858655675968645449e-01,1.954964434740702472e+00,5.699575297552350150e+00,6.700836386794471800e+00
9.615791517809073596e-01,3.298415396628149310e-01,3.799523964723918179e-01,4.828126333627774436e+00,7.701993371080293471e+00
3.616214735038429939e-01,1.855209706569413530e+00,1.725903998869020128e+00,6.684546036467719610e+00,4.385023972029760131e+00
1.379996110045005997e+00,2.224554825238846956e+00,8.962495113317461293e-01,6.082993073431659070e+00,1.611184581082518052e+00
2.690381291315313561e-01,1.160038118373724503e+00,3.308139408884471777e-01,5.306027176795317324e+00,7.503328020818587518e+00
3.934194448843048031e-01,2.065926318703862119e+00,1.557115795848926343e+00,6.665039169722896339e+00,4.235726037803834387e+00
7.606305398280257535e-01,1.716018815491156868e+00,4.215796803200323239e+00,4.464515564751745380e+00,4.247889978229979491e+00
1.065700377106334057e-01,1.181567575065109454e-01,1.068167259406843095e-01,5.446775722027509259e-01,1.009059071558028897e+01
9.962521551728018010e-02,1.174414248006117045e-01,1.014467091640284396e-01,7.194633436055318798e-01,1.006792805146891112e+01
7.067074004008162547e-01,2.166839706871138027e+00,4.684931420750070963e+00,6.947063063506586644e-01,4.023726231177354506e+00
1.146961217987154891e+00,2.321610411771710236e+00,3.078079821122379656e+00,4.677515483225962001e+00,3.411283031935190557e+00
4.283696122455663557e-01,1.156545861616570914e+00,2.229939227548541236e+00,6.917298780603737818e+00,4.146975988920623912e+00
1.004338528537057768e-01,1.236336849920048470e-01,1.074965845500549383e-01,7.983640579032459383e-01,1.006065859609567603e+01
9.303619330968990742e-01,7.662976083882289124e-01,3.090168289319520145e+00,4.965524542355653992e+00,5.887173471677384917e+00
8.236959014990012928e-01,8.521801456498352412e-01,2.093513970468444452e+00,7.801877454816704471e+00,8.222062336057407439e-01
8.222917328673703397e-01,1.318417559963720453e+00,5.503528095618195337e+00,2.803500830215642559e+00,1.182659540838186807e+00
1.110707371848357550e+00,1.383421085206902879e+00,4.555213735559592969e+00,1.737226563759570741e+00,3.182692171234612566e+00
1.720148378170755388e+00,4.953291962903672019e-01,8.086740963947176564e-01,3.434935152537106795e+00,6.009061730493100661e+00
4.298372621795693571e-01,1.574511663398681094e+00,4.357058784611132829e+00,2.345002749668156916e+00,6.091068507879965566e+00
4.608535518794235064e-01,1.980082309702299925e+00,1.051596062179936286e+00,4.963901208457562220e+00,6.234021174581276803e+00
9.582766820906865046e-01,1.475337225098751537e+00,5.445677554557362576e+00,5.534979296708237850e-01,2.166681172296004654e+00
1.076132231932894534e+00,3.097472186169296648e-01,5.219412855200753043e+00,7.159886517766864689e-01,4.113331176327537086e+00
1.527224532092176235e+00,3.032104479672643293e+00,2.719380728346493470e+00,2.100335898445075067e+00,1.354242843847813793e+00
7.923968980517006599e-01,2.294726841682857010e+00,3.379263353408036963e+00,4.653165063107031152e+00,1.134295587912167003e+00
1.207508544920639970e+00,1.318251794303025859e+00,3.259226290790267377e+00,3.688542067065139207e+00,6.076841739804782705e+00
1.064261012947679053e+00,2.517762017524840079e+00,1.743636446866277279e+00,4.933939793378542937e+00,2.429504512625501267e+00
1.932436286342010145e+00,5.387682648803953089e-01,2.654109267382641413e+00,1.555891651962321154e+00,2.920762628693979845e+00
1.273755337300862767e+00,1.692190975774359618e+00,4.082681273226591578e+00,1.860688748264364367e+00,5.555745621545757906e+00
4.372917297030147754e-01,2.550652121269630701e+00,2.497263694068892370e+00,5.704333899802227492e+00,1.455750623003401856e+00
1.073552759364288789e-01,1.183447981372839353e-01,1.097745601411353189e-01,5.675060019623717755e-01,1.008989187674000299e+01
8.950227824415777356e-01,2.445743179664086497e+00,4.740970962728930260e+00,8.341597790161385806e-01,2.006172183798040631e+00
1.624678073883600304e-01,2.849187085452661305e-01,1.200316419903951326e+00,6.007529825626329867e-01,9.965790263490099221e+00
4.447587190346474761e-01,3.531606321004665094e+00,2.301361969666623430e+00,3.502251284015149846e+00,1.438423465680042979e+00
8.624366949852925179e-01,1.998619935161434658e+00,3.807420955348152614e+00,3.754380910283272588e+00,3.329266615627013426e+00
1.111035936410154967e+00,1.137581400946620525e+00,5.069006516772567750e+00,1.753222895641952439e+00,2.486694230869759714e+00
5.427749005523967440e-01,1.245883255446461835e+00,5.630556462492500636e+00,1.649160276409640247e+00,1.658068906283830302e+00
1.233146537631554018e+00,2.825840209502240796e+00,3.489103204219909049e+00,2.390717994217911535e+00,1.264918474417283667e+00
3.829554426894558050e-01,1.418951940438810011e+00,4.180875318225105275e+00,2.556446953047637027e+00,6.466155776506425923e+00
8.520369893841956976e-01,1.605581625766860254e+00,2.614798030142324592e+00,6.524595419272094077e+00,5.513112939367448284e-01
3.403654765371388335e-01,1.332469177194230525e+00,5.414982245893007473e+00,3.307352568023312678e+00,7.285573351568302991e-01
1.554035252583678250e+00,2.385299132970383429e+00,3.807798087891861805e+00,1.968899095804022892e+00,2.363264852147228812e+00
7.545837338741593348e-01,2.165351200611065341e+00,3.580118860573138218e+00,4.598334212238212260e+00,6.558428073007666059e-01
2.629687406893960744e-01,1.083347982392233178e+00,5.901547991345232447e+00,2.273188512077947365e+00,5.403632001222391512e-01
1.793437659532975958e+00,1.931688292520882699e+00,3.251913893989579307e+00,2.797869600032856230e+00,1.514830559185980974e+00
6.649929652835473437e-01,2.137824398326943154e+00,4.768786994029788673e+00,1.438700542351610601e+00,4.727895450084173667e+00
8.010304119253677246e-01,3.001692480082242209e+00,3.768462670492938038e+00,1.249987015688156511e+00,3.935611671850558935e+00
3.512331067522833083e-01,2.444750029430862615e+00,3.710215835140518337e+00,4.220814403652597413e+00,2.324762735373745670e+00
3.192107445721969472e-01,4.435801286283167499e-01,2.105192942576294080e+00,7.903506910488772519e+00,9.762836268016087393e-01
4.306254632300194896e-01,2.344325321084872904e+00,3.899027708589407615e-01,2.004475168554507469e+00,8.343118650737856967e+00
1.492927507432810774e+00,1.477980512771603916e+00,2.373980575348932476e+00,3.621210597198236236e+00,4.479929969779385068e+00
1.028697348310559034e+00,2.327419092567485137e+00,4.323039610903594898e+00,1.011911290200910196e+00,3.174245814895875650e+00
1.352664847582240482e+00,1.616805444365434719e+00,1.967373165592608553e+00,6.080181715592882341e+00,2.100363418991039399e+00
5.457488627322755192e-01,1.137780213264450335e+00,3.944813599066548271e+00,2.631744023634225549e+00,6.994338271226172132e+00
7.992036868823405582e-01,7.258615575852567225e-01,2.896295166450867598e+00,7.071200962382851785e+00,1.583460828309709578e+00
1.877497186640006310e+00,1.378358039367935994e+00,3.529024449102958538e+00,8.211800858058682095e-01,2.768299732302041072e+00
1.477344407590661657e+00,2.391609425170057257e+00,4.070062984854301291e+00,3.779111111572460047e+00,7.903557493745936302e-01
1.939567486725294998e+00,2.168061057826162763e+00,7.287646075312768090e-01,7.542818690113501923e-01,1.049546100510893254e+00
6.307218604343240997e-01,2.091268034315971747e+00,2.795407298553982844e+00,4.522651342943792230e+00,4.945086055419882776e+00
7.679421563347275104e-01,1.575607598499570328e+00,5.083776864613683166e+00,2.056163706305137229e+00,4.119972020756828002e+00
9.700156691099399708e-01,3.217513258017896227e+00,2.304438667010461739e+00,1.088812765380841263e+00,5.289983627939762734e+00
3.603214487410212885e-01,9.539019896022797873e-01,4.524709997171175502e+00,3.383992202829808615e+00,6.029004433717901179e+00
1.269888362684079286e-01,5.683638449038502793e-01,5.353766421116725738e+00,2.943496569067896029e+00,3.267269620508538086e+00
7.258646083004512972e-01,1.573491054773451969e+00,3.280102505309786753e+00,6.459731603439403003e+00,1.915525605084230198e+00
1.387375236598796580e+00,2.119650768852287204e+00,9.215944117040644201e-01,5.715692535234392579e+00,1.368287816122857770e+00
5.118053824041951527e-01,1.756927144371468241e+00,4.498267688486142113e+00,2.056317648247865115e+00,5.798557224539047539e+00
4.850377045084043326e-01,1.034312348234202483e+00,4.403311774291282177e+00,4.273864700336114097e+00,5.243791736655863289e+00
8.985138470352356244e-01,1.931036259181515113e+00,4.094584016777292668e+00,5.867666210329876009e+00,9.563076364795383144e-01
4.521448451244896027e-01,9.689222176949590093e-01,3.187269271154644201e+00,2.367382121860348576e+00,8.373791850694651373e+00
2.243239859408744374e-01,6.575825835864489433e-01,3.774398381610474917e+00,4.655393770913011764e+00,5.929335085568050445e+00
1.077663322603509055e+00,2.331726397087898750e+00,4.994997475463806680e+00,1.278966441857891656e+00,6.199691573121934862e-01
3.716784583532367625e-01,1.369843425832466988e+00,4.044231251069702715e+00,2.480000169125534892e+00,6.755831733183099708e+00
1.356634944085241212e+00,1.918878126589874222e+00,4.162826667427657945e+00,3.245678477673162643e+00,8.966053132562532557e-01
2.365661752623325342e-01,6.962308854671741543e-01,3.704503739458414380e+00,6.414915491746273624e+00,6.908409714977803429e-01
2.271663540543032989e-01,5.778496885549734285e-01,2.975380781643841122e+00,6.789394185923937286e+00,2.963238376738140278e+00
1.303614329227771873e-01,2.249906357907108523e-01,1.226871994854603853e+00,1.884747538084204255e+00,9.679870635195038986e+00
1.827807907942761156e+00,2.249603886234102568e+00,3.254524062641538595e+00,2.720215691801736391e+00,1.305906536317565259e+00
1.510728066191014296e+00,2.714989274906465244e+00,3.491752540967864249e+00,1.693851545647058199e+00,9.450144483886133706e-01
1.533427514266981206e-01,1.968928481407166142e-01,4.850735537682692722e-01,4.552126474578829018e+00,8.474545892366101896e+00
1.557431876630329892e+00,2.839308055047923940e+00,5.630661455017709205e-01,1.152577432380819999e+00,2.957183484632707415e+00
1.551676659499235278e+00,1.304558285316577138e+00,3.025633464560966601e+00,3.354121290756259199e+00,4.464201015338002065e+00
1.758207866994251911e-01,2.280071615224861792e-01,4.607649051208940749e-01,8.024078670044211492e+00,1.976932165721665413e+00
4.601121857011957195e-01,2.829248742657461069e+00,3.659004485405691565e+00,3.649629629683801113e+00,3.070518043930833940e+00
8.765215750479909973e-01,2.871783477141438112e+00,3.797913528944317996e+00,7.413417705606695218e-01,4.225974312086507645e+00
1.013919516239398522e-01,1.234981537124739404e-01,4.601257163813905482e-01,7.654409216072760591e-01,1.004714447446904302e+01
1.017763119742082223e+00,1.172916535055106291e+00,1.513523853260904328e+00,3.308936785537525793e+00,8.166141457756507904e+00
1.634640806473875774e+00,1.564352014046706874e+00,7.070809691192390112e-01,4.865057759766054701e+00,5.961013284606061724e+00
1.009247611959456642e-01,1.178660776535574162e-01,3.952638261259153185e-01,5.954364242026460197e+00,6.896040014666870555e+00
1.901088692735157792e+00,1.741092618629760391e+00,7.341535523561252274e-01,8.646302097164491052e-01,3.882614093969771307e+00
6.165143609705909800e-01,2.222337995082648288e+00,3.054942372894900338e+00,3.505252486993589489e+00,5.270605568826586484e+00
5.394123075613573848e-01,9.407540383724438682e-01,4.021732010139447588e+00,6.048855383077232695e+00,1.088698365954016367e+00
4.728903042753818120e-01,2.360572168046546793e+00,3.053594988228839568e+00,4.428221582696600933e+00,4.966162940207266452e+00
3.919197688452479844e-01,6.458337370792019971e-01,6.552473625768271415e-01,7.927718194761800063e+00,1.892495722373106481e+00
6.671201598292499924e-01,2.019432296064276322e+00,4.910613584304460488e+00,1.311100068512085270e+00,4.841410645484636177e+00
5.354704697280348036e-01,1.902728871776993458e+00,4.247212599335035144e+00,4.653801870191763612e+00,4.753592029380969697e-01
1.129452580701087339e+00,1.783198613090472451e+00,3.158178358851760237e+00,6.465506772658244472e+00,9.190030099670075669e-01
1.558397927830458718e+00,1.275155998089559706e+00,3.224369842567053279e+00,4.719101264443178678e+00,2.591366771059535612e+00
1.380880458931466881e-01,4.107941564774830745e-01,4.784658214583884295e+00,1.449250464413001760e+00,6.172330565265821356e+00
7.277979072319029630e-01,2.814314185854293271e+00,5.642530087073873712e-01,5.327069468789392914e+00,3.939264742844960310e+00
2.040545296554716614e-01,2.788120379826164008e+00,2.157777794462882426e+00,4.914085388471748139e+00,2.880667340834186962e+00
1.600674210369793293e+00,9.906559995552872699e-01,5.401565288790306951e+00,1.244314272703381352e+00,8.441954956011206157e-01
5.579296791725465443e-01,2.479236512330319275e+00,1.679341141270616733e+00,5.698501576808262747e+00,3.290495574299538539e+00
2.930972389260080302e-01,1.493281043881415915e+00,2.866892101015969807e-01,6.402636652660574690e+00,5.520264129991054425e+00
1.590967734564747993e-01,6.870717496375160493e-01,4.579284596315639888e+00,2.578123239679760648e+00,5.987478278895522976e+00
4.468500400440081344e-01,2.131334024750728418e+00,2.986669831554423560e+00,4.959484010354128003e+00,5.150458664208580117e+00
1.567267838596047846e-01,6.393415149953272092e-01,1.813915499977849788e-01,3.855269758760502263e+00,8.847892076478515833e+00
1.045294928105539728e-01,1.619864507936490949e-01,1.157973043542784852e+00,3.410588675091201782e+00,9.034765565455558090e+00
1.156781127013371879e+00,7.943610715703597336e-01,1.383872548962338023e+00,6.983637855810227002e+00,3.406571664805923216e+00
1.181071184019756998e-01,3.199214457289837887e-01,4.311942769788989160e+00,7.620361623790545824e-01,7.185649025285246516e+00
6.967234193575809753e-01,2.215556420618095324e+00,5.137430906098395811e-01,6.597150553898103453e+00,1.938577148187962340e+00
2.417593484110303337e-01,7.353142478198686494e-01,4.786088149403422420e+00,4.964566538435856380e+00,7.810272829133197980e-01
1.816365157525809959e-01,3.519316406044468715e-01,1.753649679518489046e+00,2.062825567767939017e+00,9.433133652770411715e+00
7.421580983249441710e-01,1.871661450317276820e+00,4.579970318330103929e+00,1.331030134757269723e+00,5.215370414102363128e+00
6.036246601337849071e-01,2.428602389855694099e+00,3.551566267954351375e+00,4.759284094335431092e+00,5.500601563400291383e-01
5.726204530248271141e-01,3.217529123267298008e+00,4.464086819979610210e-01,3.888181673921760506e+00,5.049224542428534690e+00
2.518241724065571341e-01,3.139485992556478866e-01,1.050727056627348555e+00,7.374313996240960734e+00,4.286543151575219035e+00
1.422029396057927220e-01,1.626136688931519025e-01,4.548795010646018988e-01,5.508950840513390901e+00,7.533672666138327756e+00
4.543181262960130917e-01,9.066984992957608513e-01,3.254999405816019653e+00,6.703732745012800365e+00,7.703644292146610839e-01
3.230654074663961151e-01,3.537292068846165094e+00,1.626968635754918235e+00,3.731937362632470112e+00,6.209133631712036028e-01
1.055481416956589369e+00,2.289193044829024526e+00,4.890906229597533184e+00,7.558528315201131775e-01,2.126661346615053461e+00
1.133482990444806271e+00,2.444161717411018842e+00,3.286993331642620308e+00,3.967807043970808856e+00,1.477998595395043857e+00
8.685663347172898341e-01,2.181256408408702718e+00,4.781945470592738445e+00,2.623548782653465583e+00,2.903217350190333779e+00
6.645223719786307326e-01,2.727107658430697690e+00,2.331738890601645853e+00,5.103130030254019900e+00,3.186057748611539786e+00
1.688823866444943533e+00,2.364876882580865480e+00,2.799577230426991026e+00,1.802069557629142116e+00,9.138877190245304760e-01
1.345038070667738950e+00,1.447513603945094207e+00,4.672394895951595295e+00,1.059399184333411847e+00,1.939302749737322529e+00
2.125414718720760598e-01,3.141988837227400744e-01,1.491178007648936710e+00,1.555763643884150893e+00,9.795330513848860221e+00
2.726543121082715126e-01,5.206071933277915953e-01,2.250260063241477759e+00,1.977319929370961349e+00,9.200286404184465638e+00
8.082994949973648646e-01,1.376531157188605636e+00,3.389910258857509628e+00,6.343742224883158976e+00,9.772517939679236099e-01
9.574476667610691827e-01,2.537941387281378969e+00,3.034573729675539955e+00,4.190540949230357803e+00,8.198265319668092133e-01
4.899465855479865906e-01,7.221983555282452949e-01,1.233687377472515445e+00,1.294250317237757963e+00,9.645483825130558131e+00
2.239472620430737471e-01,7.533950257463434275e-01,4.429651303356178182e+00,5.347530980150969171e+00,1.766772972300477917e+00
1.267782320076469516e+00,2.369775174714950694e+00,2.255597061707854234e+00,3.830370056676644541e+00,2.878255364149251427e+00
2.013073806900662177e+00,7.441038681635201435e-01,1.284938571856036882e+00,1.898419177388376733e+00,2.813169417449418397e+00
1.896370087531297211e-01,3.715983462949710159e-01,1.869626100873888586e+00,2.156971256831604400e+00,9.341345236521330975e+00
5.401439147346833725e-01,1.908718270169857512e+00,3.392719863228138344e+00,3.897439202197650943e+00,6.051848932715711449e+00
3.761774138827282954e-01,1.136524206507846246e+00,7.829580108280476125e-01,6.591364689129910026e+00,5.215226152607668197e+00
1.003845781109939050e+00,2.132836500086541243e+00,4.595472990376004319e+00,1.839039141040787806e+00,8.751440457641584958e-01
8.381682796340428343e-01,2.150665061734380323e+00,3.816463302657597811e+00,4.170817353463871946e+00,7.610288230007340449e-01
7.383850715298810874e-01,2.225606594130868032e+00,3.472593560875937957e+00,4.670985913657021982e+00,1.313368634433925264e+00
9.807860185197116165e-02,1.202910504955073540e-01,1.180013582896288632e-01,7.797508469768441586e-01,1.006063595955058609e+01
5.236095393871236237e-01,2.398386664710078442e+00,4.292231074132268343e-01,4.869319131037827653e+00,5.519072437986237034e+00
2.027460389272545960e-01,3.596063375254979766e-01,9.396494994324748884e-01,5.297960171382208650e+00,7.728319329277182348e+00
2.970404440113156852e-01,1.940713015976611056e+00,8.321093715294475279e-01,5.924165175157872554e+00,4.985639712512813126e+00
1.898439051773418873e+00,6.782786909836482359e-01,2.640433182733870954e+00,1.205296138805633355e+00,3.211069765636922035e+00
1.037277247204079655e+00,6.258060645463640048e-01,3.240436329202825760e+00,6.126231790300117552e+00,2.111040958877758555e+00
1.028317631645523089e-01,1.149478614515469788e-01,3.312608634624406023e-01,4.854003848769124829e+00,8.138348347500340196e+00
3.873728213389502906e-01,1.843351011333560496e+00,1.490147007614730956e+00,5.148231673876678904e+00,6.831124249247716662e+00
6.249373970628959718e-01,2.068076048347935902e+00,1.650647708267625191e+00,4.152138131087033557e+00,7.164448853110047644e+00
3.256551803945749723e-01,6.444244715377900334e-01,1.553856403562813737e+00,7.175367969041069216e+00,4.475734600768747740e+00
8.520553101977327293e-01,1.921145172241969679e+00,2.480142112646700259e+00,6.259034238214640666e+00,7.725446453255584434e-01
6.831861454385868004e-01,2.028579596135836383e+00,3.068667038002833358e+00,5.901927887031470199e+00,1.082006638489193318e+00
1.181840536077445769e+00,1.607732102952669440e+00,1.253386001929351679e+00,6.755732557566298979e+00,1.174884352563903889e+00
1.800912731457365579e-01,2.672001139613924825e-01,1.749146580380767979e+00,4.008189824438719739e+00,8.552486185736283275e+00
2.061102722362271045e-01,1.363452538300129024e+00,7.552406169892249554e-01,5.345886825471137804e+00,7.030832246613965886e+00
5.051219775715773963e-01,2.686556926934949630e+00,1.568807092213261312e+00,5.549627250820149627e+00,2.372047274448582321e+00
1.549031631105350026e+00,2.973627734787709365e+00,1.123541569895581294e+00,5.011929474344501756e+00,1.832943722501235495e+00
1.015963855629887086e-01,1.214775295319451553e-01,1.042913498764763552e-01,7.955648497338754233e-01,1.006162811243677879e+01
1.501895886352428711e-01,3.665245835302648469e-01,9.970759018527995954e-01,7.603267825674883795e+00,3.346237937610201385e+00
1.513351968963519145e-01,6.057854038807393149e-01,7.657581123423133906e-01,7.283888001829962988e+00,4.355966443644595287e+00
1.455743292125378785e-01,3.772210949238871125e-01,2.480409932662199779e-01,6.273527095985143909e+00,6.506927654207892431e+00
1.003071035216572371e+00,2.213076634116798225e+00,3.450771056922522728e+00,4.472516865350973703e+00,3.986074066639620384e+00
2.496974528924173209e-01,2.370477067087431333e+00,2.025944274445949933e+00,1.068577996833559585e+00,7.921125780452013210e+00
1.634431524763450216e+00,2.161038281238430336e+00,3.550973102665201608e+00,3.663730618303187470e+00,1.545013452002687249e+00
2.966618260662423068e-01,6.189394899364852876e-01,9.583844148960730669e-01,1.137990708065271361e+00,9.879140009077749696e+00
1.019292603435592248e+00,1.806477117283223244e+00,3.441890912433648531e+00,4.768088880941372842e+00,7.060689311764545284e-01
1.332967642363916960e-01,2.394889120363289936e-01,2.581832753067772490e+00,4.210786461461319408e-01,9.246061825026757219e+00
2.961617371967903423e-01,2.300414294167151930e+00,5.052365845665248933e+00,8.619630804129182478e-01,3.168729825300193426e+00
5.691100472690162615e-01,3.237351059999248548e+00,1.120287618270700891e+00,2.244290984134082567e+00,5.492113946038098327e+00
7.197689413125767377e-01,2.309770642931744611e+00,1.685572673631653418e+00,5.656234690172576407e+00,2.670323937579035967e+00
1.458667145323634617e+00,1.863473954195397742e+00,3.668630550194989848e+00,4.187954413961884725e+00,8.134336020546384383e-01
1.113978095015167646e+00,2.221606963040907878e+00,3.986830680093411239e+00,8.620927127472366447e-01,4.112213113847915658e+00
1.790718352250109335e+00,1.559292856842304564e+00,3.095415766603473617e+00,3.386122523640302528e+00,1.347690863927182070e+00
9.163054649253271622e-01,2.407226605443815615e+00,4.180305098711809109e+00,3.395506857908153542e+00,1.354818925118895345e+00
4.863466967390281948e-01,7.725093074237575630e-01,7.180540643050843386e-01,7.556864341782360661e+00,3.241924298019600581e+00
3.504839011972166185e-01,1.538063157841264683e+00,1.092262424587443714e+00,4.811437409131890774e+00,7.789457187615797196e+00
1.013675262099041241e+00,1.039316403546578060e+00,2.956791285914128320e+00,5.985697126957205683e+00,2.830792672405402666e+00
4.128319441140601009e-01,1.784254967008075399e+00,1.337571576002630769e+00,4.965421614634502490e+00,7.326115696265640409e+00
3.128652173249126811e-01,1.566817232624090339e+00,1.132040482388049440e+00,4.894896230324756736e+00,7.475349922078357245e+00
1.172447358824800556e+00,2.274523545381580192e+00,3.613073676502347453e+00,3.282340661536327531e+00,1.748684701732388103e+00
2.317339485543464805e-01,7.027396912449568323e-01,5.499881997031796921e-01,7.965268419270050693e+00,1.602843245302446817e+00
1.298523914106514132e+00,1.717018329633602791e+00,4.012873820188770146e+00,3.325143379131442867e+00,3.722855361099681293e+00
1.149341093560604321e+00,1.360527205367611181e+00,3.256971417504564759e+00,5.560102649554590215e+00,3.364140223340611691e+00
3.726620316460160787e-01,2.608530154566409465e+00,4.984383343209401573e+00,1.267322602831212786e+00,2.525916104545508301e+00
1.359897818685416482e+00,1.685136180036744369e+00,3.426835132526364625e+00,3.918007021900549169e+00,1.051421748770048792e+00
7.978780212990790321e-01,2.684647172360290490e+00,4.068470682101350100e+00,3.389485853644400137e+00,1.599933545263168000e+00
3.500429436551987239e-01,7.236951523652173091e-01,5.977216203787027560e+00,1.862957410706528760e+00,9.777709735147188663e-01
1.102366044742698892e-01,1.815264992133949207e-01,1.351858214465707642e-01,2.396777783829692421e+00,9.674751239236979217e+00
1.205659743360292913e+00,2.762003330750979035e+00,3.590532764311471059e+00,3.178493515533705960e+00,8.115597439138406699e-01
1.167897876302516208e-01,1.616057302649850924e-01,5.220598982862086901e-01,7.097529824093776973e+00,4.946991342326631624e+00
4.191700947193023330e-01,1.674093146683089284e+00,2.767704724269128391e+00,5.250931053724564812e+00,6.056202164044540481e+00
7.260877580772371331e-01,2.831233383616010180e+00,2.104697202599453032e+00,4.207618712134588712e+00,4.194928117438434079e+00
4.471567102992732856e-01,2.569481653056111981e+00,2.806153689167804277e+00,4.713559018355517161e+00,4.479391198319708778e+00
1.844393787412514918e-01,2.197866190469976111e+00,2.192678323839009735e+00,5.774166429196312400e+00,3.435865617277008788e+00
1.088533390418957858e-01,1.601307094917815976e-01,1.242728531255697239e-01,1.121325118272205712e+00,1.002076702524182750e+01
6.440371586613897747e-01,1.202681268799603131e+00,2.611483227533829776e+00,7.235072984832984666e+00,1.705973939505594839e+00
1.418094466242781904e-01,9.536054433340762637e-01,3.169634654676422580e-01,8.434005188333348890e-01,9.831439015744969367e+00
1.561410427409431201e-01,4.631919754789993737e-01,2.568821139971873557e-01,3.960454328948916913e-01,1.005413118670343486e+01
1.459086290445922529e+00,2.860515633090767285e+00,2.179060088768562053e+00,2.378062165536427131e+00,2.541332014998755273e+00
1.211013275801451128e+00,1.425974469194544847e+00,3.269857826722798233e+00,5.268945994278840139e+00,1.986468219523298107e+00
3.552720443779324166e-01,1.604570318389792805e+00,1.312287793345149778e+00,5.041439784259891255e+00,7.453454085118280226e+00
6.056136779658616298e-01,2.934805806573042464e+00,3.739633367918376194e+00,2.212689720441947117e+00,2.784088758922696805e+00
9.823857098533715637e-02,1.149389796424572369e-01,1.156645338913851739e-01,7.376746745824188656e-01,1.006499552878804238e+01
3.817531833289559140e-01,2.967504035857020384e+00,3.899815722293622500e+00,2.266288118096702497e+00,2.505070897216746140e+00
1.482864307339705201e+00,5.259110302950034121e-01,4.797370757537924746e+00,1.086331805874927392e+00,1.591106490518057415e+00
1.314659688368173540e-01,2.092874915049262596e-01,6.071478140895579800e-01,7.166968558812524925e+00,4.806509156182917408e+00
4.233667355480049688e-01,2.567034611481141759e+00,2.977215658009394694e+00,4.861253496291191745e+00,3.713010271769743298e+00
4.955744185425481341e-01,2.603142139914852660e+00,3.858884408024121804e+00,2.148448092271148191e+00,4.717764762271100309e+00
1.476478696598099827e+00,2.375542187199455757e+00,3.181368542680384603e+00,1.460587950423588133e+00,4.323947616062767452e+00
6.912984285955311448e-01,3.517930427772276492e+00,2.015645130965924459e+00,3.462835526872544811e+00,1.397635999932089756e+00
9.658440928310043638e-01,8.674933818399581664e-01,2.836157568525620398e+00,6.530297474024830073e+00,1.493330131083059342e+00
9.661086558249545320e-01,2.481802385963506996e+00,3.828919928030632747e+00,1.033340461433690516e+00,6.698599282861686710e+00
1.361305015964551501e-01,2.429210940258517137e-01,8.705210308070685521e-01,1.553702954718089169e-01,1.003091654453597137e+01
2.351513260369683112e-01,2.177082053891918889e-01,5.809656442610177107e-01,6.528736138944055689e+00,6.197168384873667613e+00
7.718791317847499833e-01,3.415377470974330087e+00,7.249346942932173299e-01,4.386321106601237751e+00,4.456640880059824283e+00
1.003096538482826788e-01,1.801319554291432312e-01,1.147153269080332660e-01,1.314270269770087873e+00,9.979432372929347039e+00
3.362085332379760594e-01,3.199359817126949057e+00,1.437476356032187041e+00,4.844889543537816756e+00,2.178054127340178336e+00
3.491322785418556340e-01,6.631295590423282871e-01,2.755887703990617332e+00,3.045831362119499897e+00,8.735416763973494980e+00
2.340432267078670914e-01,8.317390864637681513e-01,5.390137981752065599e+00,3.472432365028240042e+00,2.394760899944376131e+00
9.956559783058962498e-01,1.560410035466377909e+00,3.038786505221585443e+00,6.226480447395989160e+00,1.003484983881768322e+00
1.146774129333314879e-01,2.721192894153244834e-01,3.995030692400793004e+00,1.049045301411558162e+00,7.624999412134972232e+00
1.064595651868609716e+00,2.537388689041552681e+00,3.132382290343659559e+00,2.418542048984736681e+00,3.350169329403296814e+00
1.194206973615341838e-01,4.913842445882006804e-01,2.611933614229997036e-01,7.393722870765715882e+00,4.092612680249416712e+00
1.003745498609310977e-01,1.206064832547893290e-01,1.098854648062219663e-01,8.248019389445686578e-01,1.005706688119103198e+01
7.294130048637388342e-01,1.494424360602933044e+00,2.389329722082116358e+00,6.668273253983018733e+00,1.539956386121879683e+00
1.261214546469317521e-01,3.313547624119899115e-01,4.071731083247693839e+00,1.651310154053314605e+00,7.351550757644862877e+00
6.502433551378200560e-01,1.952199549711415960e+00,3.140069769066119232e+00,5.995089121179507430e+00,1.145132344074836439e+00
3.434415702833283901e-01,6.724284146378871618e-01,7.074638041987272308e-01,7.866508200893307823e+00,2.067882589330352516e+00
4.985504878327440270e-01,3.067476173789172478e+00,3.395696249661575017e+00,1.696294924569718532e+00,3.475528236652357883e+00
8.254366346649424369e-01,4.002549884397314628e+00,1.132219372477266450e+00,1.688732660603801783e+00,6.384575340032703217e-01
5.395470312550521008e-01,1.286147593143323498e+00,9.964924452815964173e-01,5.405148025327068950e+00,7.461988073406720545e+00
6.904889923404029517e-01,2.263876251858031541e+00,3.292400811197496058e+00,4.940955519865804391e+00,1.051398465895162504e+00
1.114684993014690845e-01,5.553803321192387621e-01,3.168666884035236109e-01,2.788714236746122843e+00,9.441185917721924170e+00
1.049894198609401391e-01,1.411403239570702683e-01,1.334785342705608058e-01,1.076278438058684950e+00,1.002911547608749743e+01
4.923093885100980338e-01,2.194295162658961740e+00,3.810694586970836961e-01,6.868540455732306427e+00,1.700286907521351143e+00
4.811369274299402976e-01,1.649717656805427257e+00,1.666117039623866480e+00,7.427341641792978955e+00,1.374827330353714183e+00
1.234875177247842570e+00,1.605677477107041451e+00,3.466720289218190754e+00,6.220362691635551222e+00,8.115743094450396100e-01
1.321348064645864184e-01,1.657922495976635047e-01,3.405990758518436246e-01,4.935236226766033241e+00,8.116494559620605287e+00
3.369552814717941547e-01,1.242603017764731810e+00,7.605067189795053917e-01,7.644283590124148375e+00,3.298183624530859337e+00
2.181552652032530404e-01,7.834198867727394378e-01,2.241701635903599499e+00,4.178861153612071000e+00,8.014264777693497876e+00
3.489211140220364604e-01,2.986198335754342459e+00,3.821498552713351149e+00,2.044354603582438479e+00,2.670232310558271926e+00
1.189474650354930718e+00,3.899236706382031015e-01,5.247404271885891092e+00,8.160902003596559595e-01,4.080938568922342746e+00
3.190711726233586010e-01,1.161452034054705429e+00,3.084741249321381051e+00,3.604406098452714424e+00,7.228021112584607444e+00
1.017794380862818704e+00,2.446920425711038849e+00,3.393039584943501996e+00,2.380174218663704266e+00,3.407294789553753311e+00
4.179330556101790717e-01,1.797090766269365814e+00,1.664784772559880777e+00,5.339215057699908229e+00,5.705812547854602457e+00
1.031561453976078679e-01,1.277020665323458370e-01,1.096674902139265773e-01,8.957141294441764989e-01,1.005167294826940427e+01
9.917104347252816976e-02,1.132037377064283451e-01,9.891959555680759908e-02,6.146776213675340106e-01,1.007734918578371186e+01
5.470222342291812812e-01,2.078251982709907519e+00,2.122669662520700218e+00,6.203873457011066961e+00,1.949001253981267112e+00
2.088223901192325371e-01,4.484778700606256718e-01,3.290935144298391402e-01,5.501753742778824119e+00,7.562562495036324606e+00
3.320945127662379703e-01,2.129396751973006374e+00,1.895928639894492562e+00,3.781763842453394808e+00,7.294966106444804588e+00
8.752180509881526405e-01,2.147289659070672929e+00,3.894272785065990394e+00,4.121239495223652405e+00,7.879995937440847920e-01
1.476064661903578046e-01,9.214597618472348817e-01,4.263386866335558412e-01,5.603254989330756608e+00,7.121830691279106951e+00
6.108900129816821067e-01,3.809030669682549775e+00,4.134345408906113795e-01,2.195585081437632091e+00,3.372603020194456125e+00
1.418499763323455565e-01,2.693016325603656558e-01,1.550548730224238225e-01,4.645288825359962459e+00,8.378364603537788113e+00
9.740790627936374291e-02,1.015344315191452629e-01,1.438355380912470782e-01,8.388812299130006256e-01,1.005389509807635129e+01
1.142900093679736440e+00,1.031494700155231925e+00,1.286305417807694695e+00,6.618707311620977141e-01,9.659354324596170827e+00
3.963283175182902296e-01,1.284320834971177216e+00,1.161053906075242281e+00,1.250472381235527841e+00,9.547083123411955086e+00
6.903378291464516980e-01,2.834621229983024016e+00,6.584241851613734653e-01,4.342571856084777693e+00,5.508781850121434509e+00
2.672724342448604684e-01,3.308136369334976123e+00,1.276856410296896671e+00,4.650720125387573844e+00,4.802789578419200955e-01
1.188908316282732081e+00,2.089778497889616116e+00,3.474526281117829907e+00,3.271511831926364966e+00,3.586223504965368569e+00
2.891177799000834714e-01,1.634223756425152052e+00,3.341433765439779657e-01,6.854453881560915285e+00,4.678855921857722144e+00
1.875957048491536661e-01,2.975309254434482242e-01,1.055323681085559073e+00,7.644914582697079020e+00,3.143912566308814771e+00
4.139653284955512880e-01,3.875722987330950886e+00,5.420048186145070002e-01,3.526694853556888720e+00,2.430702359253583023e+00
2.969070935534519062e-01,8.797604623098800314e-01,3.498603092875332443e+00,4.892121965889538515e+00,6.236667297137269195e+00
1.087241892442365687e+00,2.355393557751205513e+00,2.649420588382969566e+00,5.218239739428584656e+00,3.374976047090763487e+00
6.202853910037091634e-01,1.156597181297121857e+00,1.565395776970467612e+00,6.067346170081567180e+00,6.049337951116160461e+00
1.172489752231406390e+00,9.124061161861214408e-01,2.147832638949236816e+00,6.673496796360939065e+00,3.063261248563807104e+00
5.331058869838166681e-01,3.371675035712592639e+00,2.785014734139560577e+00,1.286819945321179937e+00,5.000354004863514668e+00
2.914043256230662848e-01,2.203156285399776149e+00,2.577535788583001253e+00,5.200913380061359170e+00,4.832984061470390280e+00
1.616210585707845149e-01,2.792816652117698362e-01,3.450881641289037516e-01,7.809662739850603330e+00,2.930270328672953450e+00
9.881455542547856741e-02,1.221129038298514324e-01,1.591421209968210404e-01,1.007473884591135072e+00,1.003201232809335686e+01
4.343468942401620958e-01,1.737762374196059278e+00,1.101210618373493766e+00,5.402955384866416466e+00,6.134328269623903651e+00
5.679012810222585639e-01,2.525100398330501150e+00,1.798072060368624436e+00,5.599346234112291931e+00,2.632176019713989845e+00
8.340952672797297129e-01,2.996725826168229467e+00,4.054877407864800887e+00,3.156361145532934565e+00,1.155246328410424184e+00
4.251820294993174931e-01,1.551885193551677755e+00,3.693022481610046537e-01,2.935710778772235852e+00,9.207995519852845590e+00
1.180445022857090853e+00,1.530620264894819282e+00,4.914957502193114891e+00,2.338988410282147434e+00,1.244764241983628006e+00
1.020260010089474034e-01,1.361316159040344420e-01,1.144190498114715515e-01,9.165550731605492940e-01,1.004672781683810001e+01
2.204576420033537709e-01,7.672049035612895640e-01,2.431887878675925041e+00,5.265350919935222862e+00,6.603220424632628927e+00
7.360369186622266469e-01,1.251593087157888196e+00,1.567723790927975314e+00,6.095633264210714941e+00,5.604850060895849140e+00
1.599418349113556070e-01,2.722750498977123401e-01,3.486567929150225509e-01,7.805613056831971264e+00,2.930612055869441956e+00
1.119819079666998646e-01,3.392301412873652278e-01,4.905380614336857903e+00,6.614904582083050988e-01,6.033567611171630318e+00
1.065766783019532760e-01,1.195380443616161636e-01,4.266188711846624071e-01,3.992153182891255425e-01,1.008514552392314023e+01
1.151995175037431596e-01,2.460651907433009100e-01,1.455361293795296995e-01,6.459037977035031464e-01,1.007010269209055053e+01
3.384164706916011900e-01,7.994232171054809211e-01,3.360061097497184512e+00,6.646155692634752477e+00,1.641618748893204138e+00
9.283403750557222001e-01,2.033508693201253159e+00,3.862172377435808102e+00,4.653998245773401266e+00,2.978145659035224213e+00
4.646362459393944544e-01,2.429826695903415601e+00,1.394163485178990136e+00,5.263381110413461350e+00,4.497541566556971127e+00
1.052776005160242390e+00,2.465448263378319016e+00,1.036882055654194890e+00,5.599238223052968699e+00,9.061159058560377400e-01
1.037313407648373875e+00,1.181227457821076632e+00,2.867422812041308777e+00,6.496879140302416644e+00,5.499773335994541101e-01
3.569510808406051172e-01,6.520127750658849530e-01,2.671103281549329189e+00,6.858779124982443243e+00,3.838707052682791332e+00
1.183722925543446713e+00,2.839837881343688863e+00,2.800551493313148121e+00,3.915550755237680924e+00,1.030558542398329447e+00
5.426533583414862028e-01,2.394294169316282694e+00,1.467936262404178294e+00,5.845030890539455015e+00,4.010309390990843603e+00
6.027762368347745481e-01,3.250717897303633919e+00,3.446305248540681987e+00,4.361936785710794240e+00,9.256341155193921200e-01
3.149209200237196860e-01,6.436608423259793099e-01,3.253332803366948855e+00,3.614641963447036144e+00,7.549823627456368591e+00
1.018819079688860485e-01,1.955555367561130908e-01,1.524658178524588015e-01,6.424206567567389836e-01,1.007151932803419214e+01
4.065530893722008043e-01,8.499583279064770736e-01,2.007461938611112995e+00,6.744893874444766624e+00,4.243044770534089238e+00
3.548216228961589835e-01,7.509982438199145349e-01,3.887110969764733692e+00,5.963039013475396111e+00,3.394101669576189639e+00
6.604487562178558147e-01,1.043188218935623635e+00,5.702180563270808022e+00,1.773011781771856921e+00,2.833126093943559631e+00
1.742554895876767540e-01,3.901829692149145767e-01,3.228830368647394033e-01,6.567243692748791162e+00,6.070926819879595371e+00
3.864592339548841293e-01,2.972905181467895286e+00,2.530751281346373727e+00,3.345886800721120657e+00,4.411655328585678326e+00
7.277652111199541807e-01,2.217486761214015445e+00,1.603424186932096429e+00,4.616627356276669758e+00,5.981552532808841249e+00
4.649316836606072201e-01,9.635153042034096948e-01,3.204134209367281994e+00,6.581222917075265855e+00,2.146740595877414393e+00
8.396713748528022991e-01,2.623390496832622265e+00,4.115191704958536256e-01,5.849990483681410502e+00,3.509379030345543438e+00
1.438187755317824335e-01,5.202004701441244050e-01,4.646838278400981181e+00,6.459012482373167607e-01,6.613686945069984446e+00
7.239920381466258270e-01,2.231908682544403444e+00,4.774829861714661838e+00,2.646903291037098427e+00,3.462876567763554903e+00
1.235159722479208799e-01,3.713080628932586835e-01,3.829194460561132995e+00,1.194859078724606283e+00,7.821201682365993335e+00
9.964918706710934604e-01,1.020675577399390077e+00,2.116841238003840164e+00,5.079907089936464892e+00,6.174085408839384392e+00
3.376009752769530414e-01,1.084144485234028288e+00,2.916343957977360457e+00,5.258126377409621632e+00,6.045272138824629771e+00
7.705690231365027731e-01,7.812999070625790132e-01,3.790377856294161685e+00,6.353718951413499738e+00,1.126140067963560254e+00
7.083453549381950598e-01,2.688591365137594558e+00,4.277455137817248954e+00,2.497383356166279267e+00,5.618924875904838245e-01
3.762956892882759474e-01,1.477117455538833335e+00,6.058510172559975482e-01,6.466635514045004918e+00,5.253537095153100189e+00
1.679171626242907112e-01,7.162722900854852082e-01,2.204070981790348660e-01,3.080284685883757145e+00,9.291028536126269444e+00
2.523056659520347411e-01,8.212159700720749189e-01,2.096755719718906619e+00,4.675833031381292137e+00,7.761469078733760796e+00
7.834781196033639983e-01,2.204351678174239826e+00,3.629344396397358619e+00,4.502852745959600611e+00,4.605855502370563848e-01
7.526502254552365212e-01,2.234890213490661193e+00,3.515237608374256695e+00,4.669849092044692007e+00,5.230259695805243858e-01
9.823691788084372434e-02,1.043240491813060139e-01,1.539833697661520950e-01,1.436637548955060684e+00,9.956548642627430112e+00
3.270433823125046269e-01,2.948342786686230621e+00,1.450829296482072372e+00,6.156097430404878779e-01,7.222683921629190706e+00
4.766431692032315759e-01,3.307673040319038638e+00,3.160324974686619104e+00,7.828460409522577379e-01,4.265329624324157187e+00
1.803758837869209541e+00,6.759282835759923280e-01,3.166822270342328771e+00,1.971129208514512010e+00,5.052543573359262297e+00
1.084094790727205826e+00,1.621180273184958498e+00,4.621741917511942965e+00,2.659632315153348525e+00,2.064170587058344442e+00
1.174619867613483137e+00,1.562973661315147922e+00,2.658811451235804757e+00,3.593022834918087494e+00,5.418353339135679292e+00
3.320121112515986295e-01,1.169541159999158308e+00,2.783247261217691726e+00,5.716927270169764874e+00,4.953757255545048643e+00
1.068348323768908648e+00,1.488442596427073550e+00,5.474704636250351975e+00,1.248522836964079286e+00,1.204099704131081472e+00
1.938391714744694960e-01,8.916416729301382960e-01,2.471818678454791307e+00,5.439320122784891076e+00,6.206798682136461132e+00
1.308847500212463544e+00,1.736852997078849770e+00,2.459949534660580195e+00,4.666023801996256992e+00,4.351865996325402719e+00
1.660746532088110405e-01,3.593798194509232324e-01,3.384409467112570180e+00,1.114429413521761614e+00,8.432379725059426789e+00
1.069059830680185591e-01,1.313037920217735577e-01,2.584691650851334010e-01,3.520182123507145988e+00,9.144427084971432862e+00
3.321265087931937199e-01,1.498649212818866872e+00,1.554533718597521430e+00,3.897429881617839431e+00,7.921620814906095376e+00
1.046165974001752735e-01,2.042126353551001472e-01,1.226499103406413771e-01,6.158245197149804229e-01,1.007350697911966719e+01
1.951931769361336944e-01,3.369894784174699565e-01,1.038872598742414555e+00,8.003161120871398637e+00,1.197492273689269027e+00
1.366372181449970191e-01,2.357960674575573512e-01,1.739420975008997727e+00,4.777087937439595144e+00,7.806501744350912375e+00
6.429731744889812806e-01,3.894522370627519159e+00,5.835802701308969720e-01,2.802216764076125077e+00,1.473740238874206021e+00
6.987775327654230928e-01,2.365320356275408376e+00,3.674263289822829570e+00,4.246625665666346805e+00,9.523003662263047620e-01
2.194205550020245088e-01,1.715726371235784864e+00,3.430002852123706258e+00,2.777349994842214898e+00,6.829602976970151396e+00
2.886580604441857378e-01,3.748238943238826337e+00,8.362997239099551061e-01,1.188615369635994456e+00,4.461334457005484921e+00
4.425455748218488639e-01,1.892596545428969268e+00,1.769187926498331009e+00,5.062903350946149850e+00,5.821362459783199661e+00
2.449505840159377501e-01,4.820253200298030283e-01,1.426150962239697506e+00,3.683444256551273721e+00,8.939759170460900961e+00
2.629226014469144834e-01,1.627320719373444469e+00,1.176833028148538851e+00,5.820665100709558892e+00,5.812914626687873287e+00
1.528398997403522586e+00,8.697516298976213367e-01,3.285004895964158678e+00,1.653664299890653888e+00,5.696700070338799549e+00
1.627226354921676998e+00,2.572551759827143236e+00,2.064287005588454349e+00,3.313698995629212440e+00,1.940129070576594117e+00
2.050305920908943591e-01,4.220167000258701062e-01,1.331787799470986577e+00,7.925901156985500684e+00,1.398356754968419713e+00
4.443566891064513746e-01,3.477338972512640236e+00,3.580441277615344475e+00,1.654673881847350758e+00,3.156570181266604269e+00
2.943145165862599555e-01,1.645823270285969642e+00,3.324882775463857687e-01,2.057494689954550537e+00,9.170898414491869488e+00
2.674678392780018843e-01,5.950916079136514547e-01,6.463067399846856853e-01,3.601483930467710870e+00,8.945564121159049975e+00
2.418804126269976096e-01,8.542239401491256157e-01,3.680628680157083554e+00,5.255664094768436101e+00,4.787449736099050668e+00
4.466643228498530238e-01,1.815548113527873042e+00,4.359971542020796065e+00,4.244189990033783388e+00,4.114867066699515519e+00
1.506584363687918149e+00,2.968180855635625282e+00,1.576143497767289681e+00,1.520997105441696196e+00,4.748395123379659744e+00
1.834543410951902986e+00,2.308958106342750671e+00,1.963419768623807515e+00,2.895358140601826058e+00,1.542981711747269946e+00
5.835908901835387130e-01,2.667212999289094721e+00,3.151737578224176772e+00,2.752910661180511198e+00,5.061590360683208445e+00
1.195221741319868691e+00,2.467240541787943275e+00,2.911150557676986939e+00,5.239782722348840238e+00,2.066471712165818708e+00
1.063294492327279350e+00,1.922492105705606580e+00,3.724472606127267493e+00,3.548327591039593276e+00,4.512341595429625762e+00
2.567580081626043564e-01,1.377048690260496810e+00,8.683960654660434209e-01,5.684301973101200112e+00,6.661232491666106981e+00
5.719260719670927751e-01,3.254820236627444352e+00,9.066446334811706365e-01,3.776549585453484958e+00,6.429901883948419439e+00
1.568057864486164521e-01,3.196333368270931619e-01,6.057304227984539047e-01,6.021062583073994112e+00,6.854799711861113032e+00
3.397514178917113714e-01,2.814752373577590117e+00,1.707067380662421474e+00,1.808017881767514767e+00,7.066807836484934491e+00
4.826741701492942571e-01,3.446090687647400674e+00,3.257372087158628027e+00,3.863948896012060708e+00,1.184381938747427476e+00
7.569207870691951889e-01,3.829054048324759818e-01,1.903604203113157478e+00,5.096790159560443456e+00,7.605214810351306198e+00
2.589186707560323653e-01,1.607828633360517845e+00,1.148156789775508280e+00,5.807372581223252617e+00,5.881648285217782934e+00
1.966109518508319387e-01,9.044424131116839405e-01,6.410912711426390853e-01,3.195874705136859451e+00,9.129863589571902693e+00
1.566290789438975206e-01,3.924670849457654320e-01,2.745388056009414157e+00,5.622357327604825095e+00,5.960471075360659121e+00
1.325457749736303481e-01,4.400555370684287593e-01,2.355456824369403623e+00,5.200680803681567710e+00,6.841315253913025529e+00
5.228495656262318603e-01,1.343791767414989291e+00,3.562576430126689786e+00,5.341661793566923500e+00,3.386756592215254713e+00
1.182216093024567594e-01,3.020287900555216343e-01,2.777606398027291368e-01,3.312132122810566570e-01,1.008414141455945234e+01
7.711976462000390553e-01,1.051592928532939730e+00,6.339760873771788097e-01,2.863892224584535739e+00,9.271754594665710059e+00
1.241475345223333610e-01,2.515145469162185510e-01,1.494530722605756923e-01,4.389213524736075733e+00,8.552919720617312649e+00
1.867092700131787852e+00,4.694999391142556378e-01,3.052086494335683575e+00,2.734501160085459404e+00,3.175225892147867768e+00
2.342666532041716154e-01,8.290562750022596461e-01,1.856897687146786824e+00,3.978402689822489791e+00,8.467054777267614796e+00
1.666706194254908624e+00,2.170643611528193517e+00,3.493611425230684020e+00,4.127621952550634354e+00,9.524320191271058444e-01
5.856766947516611754e-01,4.435992783968313091e+00,6.937668905581781953e-01,1.529019589568598070e+00,8.646629853907852326e-01
3.758634820806597832e-01,3.864663361977155986e+00,2.121609756614858622e+00,2.753488511073129530e+00,1.063757412936640501e+00
2.468652978381043750e-01,1.449966482411762847e+00,1.858158091808878254e+00,7.492075643932752271e+00,6.317808972256423461e-01
3.426036399178030156e-01,1.863328106957387043e+00,1.735674215565750078e+00,5.927759823637614112e+00,4.829588088393050427e+00
2.037190661904007272e-01,4.633732460414481391e-01,1.457538021027948716e+00,7.779735800547297409e+00,1.934313069399910878e+00
1.957239877893987234e+00,8.173070442932409696e-01,3.714152207580635690e+00,9.000808784125140516e-01,5.243077664918273761e+00
1.473749982234306311e+00,2.519682799792434036e+00,2.216839502693547015e+00,3.546875003815360916e+00,1.403172389197235415e+00
1.449072361779238705e+00,1.850436148100161660e+00,8.371497475111168152e-01,5.811817140706895479e+00,3.259931189183710387e+00
1.353525284364287262e-01,4.172587298804086853e-01,1.327694510744773959e+00,7.806568113370304651e+00,1.750140788264413105e+00
4.830441449848065227e-01,3.821887651765542016e-01,1.334261084695084421e+00,2.720804309197792037e+00,9.262028895369349257e+00
4.566776858356015323e-01,2.464158997245810223e+00,8.711197670514806424e-01,4.886245193215430049e+00,5.209145201477983989e+00
1.017524291683300053e+00,2.976612364996153115e+00,1.697727971569374938e+00,4.204999156435056840e+00,6.564695455836982996e-01
4.489289608649675856e-01,1.210827609339095723e+00,5.071158060274355783e+00,4.183180665305301638e+00,4.535711651733805860e-01
8.635711112731974115e-01,2.116114820846985101e+00,3.892812495226413372e+00,4.097575485771628223e+00,8.448532984852793470e-01
1.132337298646859836e+00,1.775616837376945867e+00,1.516306520999639140e+00,7.133748560898435898e+00,9.805951187956841730e-01
6.784830059475099873e-01,2.208777343091593792e+00,1.461488932497290394e+00,6.543555581368508456e+00,2.475820844154601907e+00
4.265121650608159065e-01,2.112996609070397991e+00,3.756835173910800574e+00,5.649114619254744341e+00,2.868439075968526542e+00
9.755060754872013629e-02,1.017578803455581743e-01,1.447963326240023774e-01,8.481407314045581458e-01,1.005295587615017716e+01
3.369384277034386255e-01,1.813507309017205582e+00,1.473372636958217852e+00,7.220270094458527410e+00,2.916094184208059659e+00
1.387281888457137402e+00,1.476790530876369356e+00,3.514780246782926998e+00,3.754899846993232870e+00,1.207410821872637596e+00
7.581349116309653580e-01,2.360557694544895391e+00,3.500327052107849557e+00,4.519273065937490230e+00,4.700112022121060162e-01
7.239057404780293581e-01,2.187864720517422867e+00,3.567599361346922127e+00,4.750809265686206651e+00,6.711796238582790064e-01
2.673701452913226362e-01,7.812781939824331445e-01,1.754069880897213052e+00,7.428563838466448743e+00,3.400262211073111107e+00
2.024133874616727835e-01,6.617482266664025392e-01,2.294092918867031150e-01,7.751007344412264466e+00,3.219276990755905121e+00
1.839501611917561952e-01,1.734225510471162579e+00,6.915228638469520517e-01,6.990215908332077177e+00,3.044239156611261876e+00
1.097058496209602357e-01,1.463063351794762212e-01,4.915275142222527704e-01,7.845958631411199535e-01,1.004501832780740322e+01
1.016000537163165851e-01,1.810853120349927292e-01,2.911963251972894962e-01,2.016444399202073967e+00,9.800105896130613559e+00
9.823490377408940211e-02,1.159227180375218408e-01,2.930673964515401742e-01,3.807053339853382123e+00,8.951521836143029986e+00
8.575415860230244380e-01,5.979927149862940272e-01,1.745336762408977727e+00,7.743090231649719435e+00,1.551449691332097869e+00
4.069415918462379045e-01,1.928491857692210099e+00,2.208413566328829791e+00,5.809585962590126940e+00,4.263149376573397653e+00
2.192452164356616662e-01,3.540479531966868598e-01,2.828844827069768364e+00,2.174279450254300805e+00,8.870940142204821299e+00
1.972049828355556533e-01,1.243016510593407009e+00,1.568463774833856572e+00,7.187638795526962276e+00,3.316481361709199494e+00
4.109259990713901023e-01,7.956530191360112747e-01,4.750247483205501942e-01,3.679306518938876724e+00,8.908800819483523981e+00
4.498373513085354714e-01,2.569002305928788310e+00,1.536414886187885687e+00,4.856123558719676936e+00,5.795601048634268615e+00
1.602054331628921080e+00,2.184188368043443962e+00,3.315287637044192603e+00,3.351481762909846118e+00,1.249091556434058115e+00
2.252965689882397426e-01,2.113201357051502083e-01,5.739282653891663033e-01,6.499773362960031164e+00,6.339602160467071812e+00
9.847818821645741572e-02,1.028563808485226244e-01,1.241984734433201620e-01,6.731441172087289093e-01,1.007227276994662901e+01
1.362602205004804556e+00,2.267622101742296170e+00,1.033637937894089864e+00,4.470059642018873625e+00,6.269014669614635160e+00
2.328493357440863387e-01,5.201031107890430327e-01,4.829768437049873242e+00,4.898487894117288910e+00,2.021831820820021441e+00
1.235865561995707074e+00,1.409730399188953598e+00,3.066805633035325052e+00,5.062149531093932175e+00,3.985618549906192243e+00
2.335753041482327430e-01,3.075907901473724504e-01,2.402458005432997479e-01,4.948082784535116296e+00,8.187846126298083504e+00
1.109163354336128449e-01,3.071626804980317482e-01,1.613313258602029066e-01,3.267315266923140893e-01,1.008357208890113732e+01
1.528583952276541535e-01,8.963150612108480297e-01,2.482900446644089154e+00,5.734198513672877695e+00,5.750211244442809289e+00
1.818941387261404086e-01,1.302274778661441035e+00,2.114253747567358399e-01,7.329646639198669433e+00,3.457983635467348549e+00
9.756464780769531775e-02,1.059612346657951149e-01,1.573548580239598760e-01,9.539768486819474314e-01,1.003895637454547618e+01
1.536360050050600834e-01,3.986627079376264815e-01,3.423696032212940388e+00,5.908417788991025432e+00,4.295121306248124604e+00
1.011527588819351592e-01,1.173365776328905707e-01,1.262899960587381687e-01,8.135521590604752884e-01,1.005868117864424960e+01
1.005360219059544952e-01,1.469899438688584414e-01,5.926996461742592981e-01,2.915388118028871545e-01,1.006139230627490555e+01
9.029387470504561808e-01,3.424058625680839185e+00,3.720132745577298561e+00,9.528082493815168696e-01,2.222821162087420088e+00
3.363268511630079782e-01,3.387328547248484867e+00,3.809273714531654420e+00,9.673658660334951698e-01,9.272984433570812257e-01
3.219075919442789813e-01,2.206860345418240499e+00,4.569833619381106438e+00,3.997910823016331605e+00,6.377186912546077835e-01
1.250954670150779546e-01,2.234792649235839979e-01,1.792050594934128327e+00,4.613718551080239649e+00,7.896346552644138761e+00
7.700205593632685197e-01,1.904040728394273518e+00,1.531937504442457909e+00,6.940333735615728195e+00,4.036491907171888549e+00
1.557258181840287081e+00,2.283570118951093519e+00,1.449450160358210615e+00,2.576254979055543792e+00,2.979944600881433647e+00
4.548602619033985106e-01,1.499892567618883010e+00,2.584882315785362206e+00,6.261796691332102149e+00,4.745740609198223936e+00
1.739002551926418949e+00,5.646034525260968939e-01,3.904946390311663684e+00,8.767308956963861810e-01,3.861805553754110498e+00
1.525774368159589223e+00,1.875021818008168140e+00,2.385538568495501721e+00,6.115610219887183341e+00,2.094794188710229488e+00
2.735642758387175633e-01,2.417531589517191160e-01,2.157394869637229151e-01,7.429410146559936479e+00,4.396283531753590879e+00
5.210296209731632988e-01,4.459378412019123772e-01,3.503355040698217238e+00,4.903337238692464517e+00,6.015279362762735005e+00
5.128773791202246857e-01,2.676661076024680064e+00,1.169139725115972306e+00,6.104049231033938483e+00,4.159704802961154968e+00
1.642024403453078152e-01,5.683820218855077933e-01,1.639029420851278562e+00,3.832195336286504439e+00,8.562282634938432224e+00
1.591905653594197778e+00,1.807586042205841181e+00,3.416640367765863218e+00,2.978039376873173438e+00,1.774701507225608710e+00
5.215865210110162131e-01,6.852400240216103278e-01,1.600703358044888169e+00,7.647513159987150644e+00,2.774393097056800261e+00
2.392656926353048386e-01,2.245287800162915737e+00,2.913648597466023560e+00,3.896334659663088118e+00,5.738264707287213717e+00
1.097749096099609467e-01,1.249258431950966003e-01,4.250847327463150305e-01,8.003343830461031594e-01,1.005794012384105685e+01
3.439084567009668136e-01,2.465707559703165519e-01,2.782885165217388934e+00,5.329930354950040972e+00,6.172754691433050667e+00
4.537087580819713084e-01,1.729103065296025310e+00,3.816760684626258282e+00,5.430115929095228999e+00,9.645885898526254110e-01
7.980646444959736963e-01,2.180029611685271540e+00,3.675708037059858491e+00,4.389973539178835260e+00,1.097104822554879178e+00
8.270496476506493666e-01,9.373933922849075895e-01,1.459037366309900996e+00,5.633891492830859216e-01,9.085353786317224234e+00
2.563077228588434009e-01,3.220875861714802113e+00,1.252285676171867701e+00,4.234762528948696314e+00,3.099284373187592312e+00
1.653668707339568944e-01,7.427265350077656425e-01,2.078299096280498137e+00,5.285385533715704298e+00,6.849542235943232527e+00
2.336948496111387885e-01,2.011187124216111233e+00,2.865131388121725742e+00,5.121503298400189585e+00,4.376826037702949534e+00
3.389794495409885755e-01,1.969923752120262828e+00,4.316760569563692584e+00,4.279497664857312422e+00,3.410197784294247469e+00
3.003798876074288415e-01,1.541408971194965671e+00,5.312459887766607380e+00,2.997319128530396615e+00,2.101326968920486760e+00
1.222441119277564991e-01,2.434690359898997736e-01,1.416881284562644672e-01,4.189093436613803512e+00,8.706846785990142834e+00
1.923061026161839715e-01,4.124369721428765012e-01,6.278707604317186330e-01,7.421499756241527024e+00,3.928232753174786485e+00
5.946579350793423924e-01,2.910934608027668347e+00,3.584944195229299968e+00,4.663112525148751963e+00,8.363188989817706975e-01
8.741369594037113888e-01,8.655593018469653899e-01,5.387599966432840226e+00,2.886425641654359886e+00,1.946763449324779183e+00
9.351376696184214854e-01,6.936587967650017506e-01,3.361957532422510386e+00,6.055157639361442357e+00,2.023134799767690506e+00
2.932433214623391127e-01,7.736377331458882400e-01,2.382815084703430397e+00,4.688215106998529613e+00,7.210726028521661668e+00
8.975536645916508682e-01,1.646146785409657420e+00,1.612084066076813427e+00,7.307123783210732526e+00,8.635779498244400276e-01
9.216501792501311519e-01,8.907545169386416051e-01,1.666583891980793819e+00,7.583146414796193557e-01,8.919235028846387081e+00
1.168884294562415382e+00,3.079508472396412344e+00,3.827074609371708291e+00,1.900352028657554593e+00,1.137008299048656079e+00
9.817601276173287816e-02,1.236227339144004705e-01,3.756063949249187628e-01,6.634293346213072651e-01,1.006119094987836604e+01
3.736170202366464466e-01,1.150438499637151946e+00,5.931931280205221535e-01,4.087608577019006262e+00,8.414564082774990794e+00
8.562936466190878004e-01,1.810063488190728265e+00,3.293790921982338915e+00,6.466081417526197583e+00,9.216798168653770329e-01
6.575936531822164088e-01,2.260841370036529074e+00,3.190054128573676095e+00,5.022283485485361076e+00,1.356156876051128890e+00
9.970826644601771260e-02,1.779314943715343822e-01,6.526030690425015379e-01,6.827805091503940105e-01,1.002555295737424679e+01
1.593119217137489441e-01,4.012570017425530211e-01,4.715018785141662505e+00,1.451501382774243787e+00,6.321411975245633919e+00
3.401803568778630771e-01,9.341523631689259144e-01,4.633455877781547549e+00,3.807552337762892591e+00,4.813324325233296008e+00
7.937891746206292565e-01,1.993275103073778753e+00,3.700642572574823319e+00,3.998408506228289028e+00,3.442711574579381484e+00
1.442750266129162240e+00,1.149322202407384585e+00,8.041956708493606110e-01,7.725001985689189610e+00,9.485242090424760297e-01
1.578320727353810238e-01,2.196327389303029953e-01,6.529001932424749466e-01,7.747634361686044357e+00,3.195692708887904132e+00
5.581799512921038486e-01,2.256165829793928435e+00,3.152142525643184534e+00,5.465342303819465286e+00,1.901632285943210432e+00
1.153401383360268539e+00,1.766620633691463382e+00,1.399938048768327725e+00,6.964217855327065720e+00,1.073335304983597638e+00
7.814404068748760368e-01,9.980565008096650148e-01,1.611516806667579571e+00,7.467845980609939538e+00,1.576935783439346039e+00
3.455083939789605485e-01,6.335340870768774169e-01,7.456791127519281082e-01,3.149073889678306593e+00,9.149591357647594236e+00
9.876740668999708372e-01,1.017928325673012280e+00,5.369610165830728477e+00,2.598438001467472169e+00,1.287006417184797691e+00
2.081386626352988711e-01,6.831632623903902690e-01,7.318405381640784579e-01,1.821891558436564917e+00,9.798129902119823598e+00
1.064220235346496485e-01,1.785660113786549652e-01,1.274605946745046015e-01,2.875316984958676603e+00,9.480242698791608191e+00
9.759317506050101121e-02,1.021317387632614954e-01,1.496130896565322499e-01,9.707024462132132214e-01,1.003729375197881879e+01
3.154692288565073000e-01,1.573734221340994832e+00,5.185276295815998360e+00,1.179395714643048265e+00,4.914574689661355578e+00
3.437084561712226427e-01,1.658935967833908620e+00,5.346894780041945516e+00,2.890918946264103617e+00,1.966314051716412159e+00
4.097211596950887103e-01,2.325882590827755170e+00,2.758137463822502689e+00,9.269232850016447811e-01,8.054147544829634242e+00
1.842315557417625760e+00,1.723943193547664565e+00,3.511803238109494352e+00,1.631637815030562821e+00,2.004694644071156162e+00
2.291246110525142210e-01,6.468259154970579239e-01,1.138963433755641574e+00,5.633736217342721453e+00,6.952566421477727410e+00
8.397997061706339306e-01,6.310048434351552826e-01,1.514328242158944349e+00,7.200949488257657460e-01,9.132577608231715161e+00
9.884172945480217409e-01,3.297785619348132080e+00,2.628250280543644735e+00,3.731923337746161806e+00,9.101972188699942734e-01
2.790091222514342051e-01,4.817655938527753978e-01,2.602683360899307186e+00,6.009083948985725065e+00,5.895878667576401888e+00
1.050303959514035768e+00,1.628628978900413582e+00,4.451148057355391430e+00,3.053696038680239866e+00,5.882320021684825928e-01
8.469851283031180067e-01,1.926667640965776362e+00,1.113190040326361263e+00,3.578358360296148177e+00,8.503957274729327054e+00
5.735794518605243919e-01,9.800655892619266618e-01,1.594956209055638174e+00,4.589161960834119425e-01,9.676390222605396829e+00
6.604759467147311991e-01,5.740458329478658195e-01,1.211561142530478863e+00,4.693723475502776799e-01,9.665001164222887908e+00
3.166034332799146922e-01,9.019317427272277587e-01,7.514073441009959664e-01,6.411374216396028558e+00,5.988070871433186504e+00
4.693325643911804845e-01,4.260846905396606488e+00,8.622226586101450208e-01,1.967698876183120449e+00,7.818337405390355377e-01
4.100221768394693989e-01,4.009369789951192864e+00,1.107905158492842546e+00,1.600164309044375122e+00,3.467881712027778285e+00
1.302522764593194271e+00,3.932250741300640229e+00,1.003516267232735570e+00,9.347980707508468656e-01,7.585542146112695949e-01
8.909315284511896138e-01,1.867131693308196949e+00,4.097847759011588487e+00,3.943119543683564654e+00,1.139364690128896518e+00
3.169879904716836894e-01,9.970009862340756257e-01,1.806380624773580745e+00,4.964651447939258944e+00,7.128826084678570929e+00
3.100800728431707953e-01,3.242522459273536661e+00,3.410048856623744129e+00,1.425258013259869561e+00,3.815162255545860859e+00
3.598716051835678664e-01,2.431033712374126132e+00,3.404394557567994362e+00,4.476667031394891083e+00,4.516895557762375724e+00
3.859001632505322799e-01,2.254325549204490020e+00,1.046694310013402074e+00,5.162533248051468959e+00,6.588427837368423745e+00
1.464516499539319783e-01,2.048378214759619120e-01,1.161439482426718461e+00,5.317407683621999226e+00,7.533631272869233619e+00
8.671566862526938202e-01,1.996738818564652407e+00,3.185775278584551895e+00,2.448172643311111063e+00,6.712985329381178090e+00
8.000383263356631858e-01,7.309414344355771309e-01,4.226128660386658353e+00,3.841967549986972763e+00,6.247687445456730160e+00
5.170753527318132647e-01,7.688062159542232710e-01,2.965019701196113022e+00,6.334605856440087557e+00,4.244956666575038007e+00
1.417640932940671950e-01,4.643528444492910912e-01,3.933062790496502092e-01,1.129310569643324769e+00,9.994452304917363250e+00
8.432316529545988981e-01,6.483743018341011632e-01,2.496740667577312944e+00,4.906557828038970115e+00,6.580335606843756402e+00
2.057846355472075506e-01,4.814499007691596666e-01,1.668297693706744189e+00,5.930662552028102219e+00,6.351965840639905103e+00
3.904318406581372969e-01,1.431714675726611263e+00,4.029761816621631354e+00,6.186771405369883681e+00,1.933867782613840403e+00
5.087263413383047439e-01,4.197488577938254251e-01,3.448398958391561298e+00,4.897115451092518335e+00,6.082982588225683607e+00
5.411143318686655324e-01,7.533945122224177116e-01,4.315367828553729801e+00,4.868444036160253674e+00,3.715774219732371542e+00
8.807969248258946671e-01,1.796007966167702641e+00,2.003364819989554402e+00,4.869056194305705354e+00,5.428725720502924013e+00
2.568914308716275796e-01,3.377752129587688890e-01,1.573274042353784541e+00,5.785795074195584142e+00,7.033532419359199039e+00
1.622529688023519601e+00,6.906302091827758449e-01,3.144588521137716697e+00,4.725599701301555378e+00,3.766543023813203384e+00
3.569244522770816386e-01,5.920487281571672478e-01,4.913179885762991583e-01,5.813063923311655445e-01,1.002970537973602383e+01
1.015468058767144743e+00,1.482032661313379407e+00,5.925160226133973751e+00,6.828654045769951830e-01,9.227932283202773256e-01
6.263248941739165687e-01,8.663153907337066695e-01,3.132491951852428347e+00,6.454369558483855407e+00,4.053626706663884249e+00
3.392204807467500416e-01,6.932695953535762401e-01,4.237980643301503259e-01,7.019083657503444318e-01,1.001972432443463212e+01
8.583544786418619843e-01,9.859807839600467361e-01,1.777760979872561986e+00,7.392180994557550733e+00,1.833408961459513709e+00
1.566286487118492277e-01,2.554632017361846419e-01,1.464657514830697060e+00,7.765702582483513083e+00,2.150399889733270786e+00
4.219033290099398759e-01,4.857077303116130729e-01,1.256638451543792279e+00,2.434857391856569464e+00,9.433003039327248374e+00
1.622435651255718758e+00,7.323461998656011218e-01,9.381387119569211119e-01,7.655254743041055576e+00,1.230452605989281967e+00
1.060643363226341451e+00,1.542771330540327002e+00,4.291173172733336649e+00,2.817836423371845811e+00,3.691320381333352163e+00
3.683938989285197030e-01,4.512841371787776890e-01,9.338236900808994934e-01,1.947441293957073105e+00,9.794928266415293905e+00
9.828200605597624262e-02,1.068168905602121521e-01,2.903495759799592513e-01,4.400287730252744112e+00,8.521413511115071060e+00
1.661786774557485913e+00,2.450539838360194178e+00,1.684126303812114589e+00,3.552516268165777369e+00,2.500893086022037526e+00
1.777780267986869500e+00,1.009348256564917001e+00,2.993531787372997410e+00,1.277999085745519015e+00,3.256884054019810737e+00
2.858247533893466530e-01,1.255635141113550679e+00,3.384679463925698961e+00,3.862864506696622735e-01,8.422380923572497124e+00
6.837469814978838212e-01,2.132630169489527550e+00,3.042885638564624351e+00,4.860879462101395099e+00,3.239097972775525136e+00
1.331929839261767612e-01,2.804303956413406462e-01,1.600640197729165104e-01,5.152260135770545091e+00,7.879415690668476024e+00
2.025271252647977138e-01,2.495188967886716735e-01,9.579401029267415879e-01,9.332891870561050851e-01,9.989446055188686557e+00
1.301407620356183514e+00,1.688263654027084115e+00,3.312019118046808597e+00,4.407027313482530850e+00,4.049422421555775031e+00
2.435536357879247715e-01,2.546941195221679610e+00,4.086413760710374099e+00,3.746845817541264001e+00,9.101531088003718128e-01
1.535925146965501920e-01,2.524070865854216028e-01,9.148211622061631632e-01,4.788577922761096950e+00,8.156665486483968053e+00
2.931802246819302238e-01,8.929863337307086812e-01,1.504120316716494488e+00,7.670362454947340147e+00,5.774376609429083818e-01
1.131367665842298448e-01,2.197279264861419779e-01,1.081991833053291413e-01,4.408239884158709820e+00,8.519691398933385784e+00
4.385923305706391773e-01,1.811560131206809032e+00,5.549088181634290073e+00,9.473768702452829427e-01,2.483857002441399509e+00
1.285269091061122249e-01,1.681898942678871911e-01,8.657509227390333129e-01,4.749752149765592790e+00,8.173428246794584240e+00
2.885938824296178651e-01,7.470115056653250374e-01,3.551880521119654133e-01,7.650311778917064931e-01,9.895502607424502273e+00
4.136262965759030519e-01,6.577954171615820744e-01,2.695248284250954640e+00,6.341147801539197104e+00,4.752888270952281502e+00
6.279525631916913486e-01,3.423053046092203289e+00,2.516456398109427894e+00,2.685794962118892126e+00,3.180085931184196024e+00
4.058034221389642537e-01,1.199024964705943219e+00,2.665219120716904921e+00,3.346124586158240710e+00,8.415531201779330672e+00
4.227719005424122045e-01,2.137863907244246686e+00,5.136413447505425722e+00,1.871604874067421376e+00,2.937646655812309326e+00
7.996347801109709996e-01,1.522542692418612731e+00,1.578033624981212801e+00,4.184170924792218749e+00,7.352244890699230595e+00
1.185500823718261376e+00,7.217397783979562220e-01,4.128119229794461553e+00,4.189422097379906340e+00,5.600465651410195811e+00
1.207342794972174338e-01,2.567580381912392129e-01,3.112188404235473715e+00,5.647562207535683498e-01,8.755932190960946215e+00
3.010664019242550449e-01,8.162934712984895036e-01,5.021360486159123226e+00,2.642247464257591716e+00,5.494188694739908563e+00
9.008567489127652372e-01,3.582849196424205740e+00,8.291877678756718328e-01,5.166681423275034213e+00,1.180454208265457439e+00
3.822191310868017222e-01,2.706765496125594694e+00,4.651841322325235950e+00,9.807398553682360465e-01,1.307781637199989966e+00
2.899406340388025471e-01,6.251637570873962435e-01,4.397993948920891683e+00,4.562171924206239737e+00,4.459898754586743230e+00
5.316216780722029522e-01,4.106967948253965162e+00,9.331877059349664716e-01,1.567653237027703428e+00,7.519119034501839938e-01
1.748643283032316198e+00,1.749187984750721014e+00,4.290291759104949421e+00,2.008975996337083014e+00,7.247736212807036615e-01
2.598447647753328038e-01,7.484427149510667343e-01,1.345857303562557172e+00,6.716209123888883248e+00,5.091495836280547138e+00
7.256012874717968630e-01,1.207877878841138841e+00,3.195779523533750943e+00,4.041211141191067391e+00,6.269431501748899294e+00
5.009702787038476934e-01,6.484187491703709005e-01,4.154895477367961831e+00,4.272641340823741807e+00,5.994074650757452716e+00
8.137114438157724283e-01,3.510644621940541832e+00,3.299319938334552837e+00,1.647552741377565244e+00,9.217387922672364287e-01
3.234041865759508250e-01,2.467905195416198794e+00,2.389389835513484606e+00,4.681535664529697272e+00,4.790744023146307207e+00
2.391015555402427883e-01,4.410426643645910527e-01,3.815818143613063373e+00,6.450553010458196290e+00,1.374043995345418656e+00
4.205026829787914533e-01,3.320117034739119344e+00,1.105901318799090038e+00,5.193347233762892756e+00,1.589418172460753231e+00
1.925809413335676512e-01,1.156711827569411266e+00,3.041018894390639105e+00,1.117909296157642451e+00,8.458271413823982954e+00
4.508182211768928527e-01,1.863431496952445920e+00,8.572675858268586913e-01,3.507195983653558891e+00,8.729027565969438740e+00
2.290108815849741797e-01,2.048617617832592774e+00,1.446130102275384965e+00,5.199988992968941126e+00,5.708613291148273206e+00
5.852033848279933892e-01,2.700716867358381457e+00,4.221359328871448824e+00,2.637096171003988410e+00,1.582016448065151071e+00
2.609770552619947726e-01,3.785902632359655628e-01,4.352724452492157781e+00,5.975658573512744098e+00,6.437776365131089307e-01
3.159766845200706609e-01,1.121660124374682432e+00,1.022827530258227036e+00,6.609384509810397601e-01,9.685690150280310107e+00
9.554346846459225162e-01,2.225295402797879518e+00,2.351466828132764864e+00,3.903911783533058788e+00,5.037679958313451500e+00
1.472404392399194462e-01,1.994756210185643641e-01,7.571938898214535252e-01,5.955505760039280005e+00,6.890827623947480163e+00
4.806017609257821621e-01,3.607098953140630559e+00,4.689293763810611360e-01,4.238660387911663996e+00,2.436269194859386200e+00
1.124758450547517080e-01,1.760929375772922467e-01,1.422980035091878870e+00,4.290421732437065039e+00,8.334085385913125421e+00
6.631524353528539528e-01,2.658542698808266991e+00,2.498888212056037172e+00,4.716644125080796002e+00,3.814248117961752005e+00
3.491391506049036364e-01,2.416278141057838003e+00,1.622501612923551217e+00,6.458555174089167572e+00,3.025289385323719493e+00
2.819932567457392736e-01,6.840318440896362429e-01,1.175954083969111164e+00,5.586876074099956568e+00,7.176500103769805960e+00
2.433294023749163482e-01,2.855223794064494669e+00,3.059846350809499960e+00,3.877901693825477114e+00,2.992492149277900637e+00
2.575686388546384320e-01,7.080899245689599164e-01,1.319318334782355606e+00,6.649334688347136257e+00,5.333192034007438131e+00
3.071136831821683066e-01,2.876882763920186603e-01,4.973531177465139175e-01,1.582268503919268099e+00,9.907202634488850634e+00
5.745804414898325607e-01,3.334730729446143460e+00,2.534288721198567185e+00,2.792061918065699810e+00,3.315671678852904147e+00
3.969972269367524342e-01,2.703831393385358162e+00,4.668849841694654224e+00,8.516244539876209885e-01,1.394538213498165646e+00
1.142568039978728439e-01,1.696892240691184606e-01,9.530347949528623630e-01,4.809588976910987412e+00,8.048671177026658796e+00
1.021418741328489421e+00,2.064307225388280376e+00,2.754741966844783896e+00,5.457678025025968438e+00,2.096908790657079358e+00
1.800163914814326138e-01,1.012229518655403782e+00,7.724972782029235763e-01,5.035450067869416735e+00,7.692414077125242500e+00
1.062672570781078463e+00,1.226562282664024117e+00,1.324745364508284506e+00,6.243156264166226599e+00,3.073143292352880973e+00
2.203868398762817704e-01,1.409911523992823934e+00,1.119265205094754467e+00,2.887740274588837419e+00,8.878755065453487916e+00
8.792627126375019975e-01,3.072985240453419920e+00,2.704694033882764970e+00,2.279380929832303337e+00,4.260554151723598082e+00
8.222992004895710583e-01,1.518197427041500180e+00,3.090520375240039641e+00,4.731003945949534106e+00,5.505724887001840706e+00
2.420914722280485820e-01,1.022158717890007784e+00,5.512723867345515671e+00,1.253653782158598462e+00,4.286098342965776631e+00
6.239704599889980274e-01,1.674106420579678289e+00,1.121291831113511384e+00,5.175535496355801790e+00,6.644218580030769594e+00
3.198787056441322330e-01,3.034926566755845379e+00,3.929334902284590036e+00,2.276647906344916983e+00,2.925171204112559487e+00
3.418935082261700953e-01,8.913346551038237031e-01,5.201085173050161714e-01,8.041683261556755724e+00,5.092055743577038607e-01
1.042001414246147145e-01,1.140981817423991768e-01,3.128247193784183811e-01,4.140011784132192396e+00,8.728275223958618767e+00
6.238600842861290463e-01,1.497085861878007185e+00,4.304780960793078037e+00,3.656499076448193275e+00,4.098086247811670191e+00
3.126613429723252846e-01,2.680449195214584357e+00,3.911868331974021729e+00,3.838686237450949612e+00,5.694374087464884049e-01
1.447431090210062221e+00,2.889608097147836840e+00,2.673049179816432197e+00,2.735408864261759998e+00,9.430407575610244564e-01
3.181719964630791431e-01,5.585033472558470491e-01,4.667752499325903415e-01,6.339523644221233267e-01,1.005097812978562288e+01
9.821713196075719521e-02,9.981613252383089718e-02,1.289236627900262888e-01,7.230142368962579891e-01,1.006724479038804532e+01
9.507905119152960660e-01,1.531625647315064898e+00,1.961489337857390547e+00,4.146980944353883203e+00,6.731224688663226097e+00
3.805194199473800887e-01,1.387477261863306444e+00,5.651684949289816906e+00,1.714863954177227923e+00,3.061466150263275843e+00
1.942595765941829422e-01,6.695127501600521835e-01,5.917930318628354058e+00,1.309464674664288175e+00,2.442123933061338459e+00
1.758550278176876924e-01,9.483535855719502639e-01,5.233777957050365970e+00,3.605702429925360164e+00,2.488749263469947515e+00
1.348905441555784401e-01,1.753264464240279763e-01,3.784954195707612157e-01,2.458627967411802118e+00,9.683302676952180832e+00
1.050959672433432190e-01,1.433963008497999292e-01,6.485193197887308969e-01,2.377227651089834914e-01,1.006043799247176018e+01
8.626416369156303388e-01,2.407182863475884727e+00,2.825201409085743798e+00,4.076500013680230516e+00,3.416993140495656167e+00
2.570147413476136511e-01,1.268429658962934692e+00,5.328055760594656576e+00,1.490466497960042158e+00,4.535676983119250494e+00
1.797275649765890604e+00,5.917525826770796415e-01,3.906497700107128157e+00,8.541995636079318110e-01,4.687420411851828561e+00
1.557537877539278748e+00,2.254275490163257789e+00,3.990795047454407385e+00,1.621533225324657268e+00,8.036870503923829734e-01
1.700933208920412998e+00,1.945336992218386296e+00,3.290750112656962045e+00,2.672115889789693277e+00,1.796948636040249347e+00
3.046777189117889084e-01,8.495779613274054842e-01,4.616258874244643096e+00,3.974893691190565903e+00,5.273143608468151555e+00
2.271714651173359079e-01,6.077435111033060444e-01,4.942391096749835455e+00,2.282042263717049657e+00,5.725834610441591366e+00
4.556814788195761023e-01,3.180259797517948517e+00,4.394769932220352615e+00,1.416692734808293386e+00,9.863399682551752257e-01
9.682641200795180092e-01,2.364852984077687736e+00,4.322599228159314855e+00,2.332035109567704101e+00,7.845099835089360818e-01
1.768410690317220313e+00,8.819945367225587862e-01,3.339471347985879301e+00,3.851265445687717559e+00,2.603141491175866129e+00
3.012173992836744696e-01,2.201676098564719908e+00,2.974971043313588748e+00,3.845690739354137300e+00,6.191788902533053474e+00
1.295585553697873760e+00,2.908674190922579506e+00,2.574801489625562656e+00,2.031160598487513624e+00,4.819887885284767748e+00
3.850873926312373685e-01,2.879926256880189328e+00,1.852066494850784562e+00,5.973150868484572662e+00,7.684130857934009518e-01
2.359631918267543482e-01,1.372261953973852977e+00,4.404428729814397592e+00,1.937157063779634480e+00,6.348779665162005870e+00
3.441266589116801500e-01,2.037284593846281577e+00,1.794092916938717863e+00,4.054814332094003326e+00,7.265969460710618222e+00
3.227992115595930134e-01,2.395482217470054909e-01,2.992111786710759613e+00,7.086778047567249272e-01,9.002943911118721942e+00
2.395482081823614440e-01,3.466806552087480231e+00,2.268523618728704339e+00,2.894501200556755194e+00,2.745737649457853369e+00
3.169274816791489147e-01,3.266506624928560143e-01,3.417496669872929438e+00,6.810878569743076483e+00,5.455809009712526692e-01
2.684242377316026773e-01,1.547351342102822658e+00,2.775850504131445629e+00,4.371425666713697034e+00,6.670814470143930919e+00
1.114751800134589910e-01,1.557357793237605370e-01,8.210708679211741190e-01,2.800124902966277807e-01,1.003044622570627453e+01
2.980536507090089104e-01,8.570727090139771409e-01,1.979509976839298080e+00,4.131307760197397982e+00,8.192046360688475914e+00
1.065016305996928647e+00,4.221916560151782183e-01,3.904231192043818299e-01,7.414164513770740150e-01,9.512509216819745816e+00
1.545683656602207634e+00,1.254361482930374860e+00,2.356418746689261656e+00,3.848197820911322786e+00,6.402952115512761999e+00
7.420293627292819938e-01,1.163479030223322219e+00,1.620619089302266280e+00,3.707230874802217024e-01,9.329084375848994526e+00
6.813555859429740735e-01,3.394178211156973379e+00,2.485803654547320996e+00,2.061646224582879938e+00,3.047772952252020939e+00
2.645161920330466043e-01,6.076574121907993842e-01,3.327248371341505084e+00,7.036467268240721218e+00,1.331045866422136958e+00
4.895802937607425243e-01,2.168047244685857855e+00,3.682463050262533955e+00,4.226093752108058155e+00,4.434371764393823412e+00
4.479150559212745630e-01,3.303370466411970519e+00,4.290211630156062661e+00,8.152689714192300485e-01,2.130652133794671776e+00
4.465738687248037575e-01,1.701815362311131230e-01,5.905184072951707996e+00,1.793644789154513974e+00,1.315739363006198648e+00
9.068812743748542182e-01,2.911489617806336749e+00,3.809956816822935188e+00,1.100651973853021381e+00,2.476558396168890397e+00
8.319702659528405153e-01,2.797758230551597780e+00,2.377600237852044440e+00,4.473060218443666969e+00,4.764986989124809114e+00
2.655670371375276617e-01,4.173409587088613426e-01,2.409019232985258441e+00,4.256433370149011353e+00,8.014032553656162960e+00
1.078017144666014948e+00,2.295898288434632672e-01,3.650944212145475820e+00,5.380086539335039220e+00,1.409428731051051598e+00
2.267267289490520477e-01,6.411695759911937298e-01,5.203512487925904040e+00,2.234876704169660666e+00,4.574928767502966842e+00
3.555302653087930587e-01,1.889344946016742854e+00,1.612524508773530041e+00,3.414043233488056384e+00,8.125148596355060704e+00
1.032666850202378361e-01,1.688023884107739403e-01,1.321366914780279789e-01,2.677729414524566032e+00,9.564429572837353177e+00
4.614334501308166581e-01,3.147699823309212386e-01,6.174917540208291200e+00,8.194090655835908343e-01,1.787124400425627924e+00
2.488790011438521410e-01,1.225343054422752376e+00,2.632048336525962817e+00,5.026591582330260266e+00,6.600669193830150938e+00
6.754736689576243958e-01,2.098109860323886799e+00,3.586806407639701266e+00,4.630461421110731557e+00,2.773522352183128703e+00
3.165056435994055839e-01,2.443774897314291650e+00,2.807174809202267252e+00,3.638690747628321898e+00,6.108619488023594890e+00
1.274934347219745856e+00,1.438915883081852920e+00,3.769249671906535148e+00,3.793348662509464120e+00,1.087994773225050338e+00
6.133073284305599060e-01,2.320347187445944925e+00,2.670726226020104566e+00,5.689225103062408806e+00,2.761999872366060149e+00
2.886875013916925803e-01,4.205257741962855067e-01,3.173811967194328343e+00,6.957720162245513151e+00,1.394528880931890980e+00
3.582692865674639848e-01,2.921756452439896456e+00,1.744145783120503612e+00,5.826683271579110368e+00,8.682318006630780349e-01
2.132401052989372769e-01,2.201905390980868571e+00,2.589614013479446974e+00,9.551273451894438660e-01,7.673929392283628914e+00
4.455726870911289605e-01,2.426396455121335727e+00,1.310905773339236857e+00,6.637347818310070480e+00,2.923853884999162656e+00
1.426759635102145429e+00,1.424472357156124191e+00,4.186157147118428234e+00,4.238002644974876443e-01,1.090406032745897535e+00
8.269378611294961878e-01,9.374448914751880579e-01,1.458789601623447840e+00,5.631643113899678088e-01,9.085563042964983183e+00
8.214328537243759110e-01,9.353456175983131393e-01,1.446625308982707026e+00,5.476260341639124229e-01,9.103930935018903270e+00
1.644869367723624576e+00,1.712624974968983027e+00,3.212490368334903756e+00,2.457322998542572190e+00,2.020471719928714105e+00
7.290918998741287016e-01,1.972710220791545455e+00,3.092595538863419868e+00,5.032905845797904121e+00,3.987234619278215320e+00
3.118029934234899936e-01,8.520979918743625259e-01,2.647181115938987972e+00,7.329283371052847329e+00,4.451514651430739655e-01
6.842386224638837833e-01,2.585053649254298147e+00,2.082608398077074874e+00,6.377517555263452209e+00,8.170219019016782269e-01
4.248602666482839130e-01,1.752936586289692178e+00,4.348938731591986961e-01,3.743086268125419558e+00,8.156598811504016666e+00
3.210532191549539949e-01,2.567895395046134732e-01,3.785937296819116504e+00,6.406097316978853762e+00,1.082788385151245647e+00
6.006780980279644577e-01,1.515793085181592836e+00,2.558931057765490458e+00,4.218184835754414941e+00,7.063475281667725980e+00
1.824150822728522137e+00,4.122431418891571164e-01,3.862160971619273298e+00,8.304592775448982334e-01,2.326684387723423786e+00
1.169752482772711405e-01,2.471625147382828236e-01,4.538637859473916847e-01,1.737508950172317324e-01,1.008336910428820588e+01
8.997056069522457733e-01,1.134603787392334473e+00,1.550316577796799766e+00,1.135302441455363409e+00,9.059533470051702508e+00
1.279300190176607677e+00,4.775577082334326873e-01,4.499069858881047379e-01,5.967288315949190292e+00,5.317337053096975907e+00
8.781183022910435954e-01,5.982138996658148411e-01,5.657099945167990640e+00,1.669355116072731793e+00,2.508276541159328410e+00
7.649657458497506335e-01,3.016004631283164983e+00,2.779291306913493464e+00,2.435092704690442478e+00,3.886194917190674225e+00
2.862122583514150609e-01,6.620060995559413630e-01,1.669072438835593086e+00,7.930136203297845299e+00,6.503572260657636273e-01
6.244104894359282509e-01,5.836340563797649539e-01,5.796032200184359162e+00,2.762273925969001453e+00,9.366334197582756316e-01
9.049253459606683148e-01,2.123035481178616291e+00,3.083874680999217688e+00,2.960806756513425064e+00,5.729944834200776604e+00
1.135494314464529308e+00,1.440405117093895404e+00,2.515665532806292681e+00,3.933705951775737120e+00,5.825254358044700709e+00
3.035343432958720333e-01,4.938276603632423267e-01,1.736874002388376859e+00,3.946075028346031299e+00,8.739478114722048829e+00
3.561369668451376813e-01,2.972010326149305826e+00,4.618501572988557236e+00,8.732100881559050620e-01,1.730764183229008157e+00
2.245163625083944070e-01,6.205149709167812055e-01,1.721366220249045620e+00,3.746383473224716543e+00,8.670744357415506087e+00
1.141867090496540421e-01,1.567229871758881732e-01,6.705093224624364412e-01,2.928718953771343170e-01,1.005951017549895887e+01
1.005382633941711706e-01,1.152229380198834252e-01,1.086833955588902140e-01,7.085585108743113203e-01,1.006830795968673620e+01
1.690188719335357082e+00,1.742672332129452606e+00,3.781485331867676880e+00,3.176814466447031471e+00,1.243261124146580077e+00
4.188665724343081931e-01,1.971640672868083755e+00,3.073525088711105635e+00,5.534852447732617087e+00,4.937028043122420939e+00
1.567307198871666918e+00,2.364817896327898517e+00,3.246000231404474690e+00,8.181712841646304746e-01,1.197564212982572984e+00
1.479549765055384380e+00,7.248156395423973608e-01,4.537114044828760129e+00,2.236912311509418494e+00,2.490163341845251566e+00
1.180687945247971271e+00,2.241815942982848586e+00,4.127847009446852233e+00,2.345456169784513989e+00,3.400545640989392382e+00
4.288780149765650807e-01,3.454944353503594634e+00,2.623638467137597630e+00,4.238596939400514074e+00,1.543407172627253354e+00
2.465411252047953194e-01,3.975130739046461859e-01,3.492362526372941200e+00,3.403269639070598984e+00,7.542640098406192983e+00
2.338746405918051552e-01,5.902224967271734180e-01,4.971116561446579096e-01,8.997848720680429180e-01,9.951962306289813043e+00
5.291750964274071212e-01,1.912957739627736409e+00,1.951548407531197071e+00,6.582888020276507213e+00,3.797791504113290362e+00
2.003065559606011237e-01,5.227758722886712839e-01,3.803323463018919437e+00,5.320141165512472625e+00,4.768202876028262871e+00
8.819339243000239303e-01,1.913653827248209316e+00,4.082765057523662477e+00,3.976238300334840936e+00,2.056349629048169092e+00
2.131507684923145129e-01,9.190483537322993168e-01,2.080962944074717047e+00,2.939750764955300077e-01,9.485893524958509460e+00
8.350310687972286594e-01,1.098583509937319569e+00,2.695563286817802773e+00,1.458616672967306016e+00,8.528903633488909009e+00
1.105696561565447711e+00,1.864167252974109124e+00,4.526768415764757414e+00,1.952285466903721955e+00,2.665980045136523646e+00
2.779469755407925624e-01,1.507412086458054468e+00,5.755216474238416424e+00,7.668557436187986021e-01,2.533826803265571748e+00
3.756895969120175316e-01,2.914237435315151892e+00,2.151176400136486588e+00,4.748127806221916103e+00,4.449063016239172441e+00
3.312258438041599806e-01,2.006838291894701420e+00,1.266317701143045538e+00,7.262429724337223114e+00,1.938567933102342433e+00
1.244860051043661819e+00,3.314654228093472543e+00,1.144864812413666222e+00,2.410607181992861392e+00,7.671406238119327092e-01
4.405968365880551518e-01,2.484475124054010386e+00,1.502483737048992518e+00,5.960470390879190283e+00,4.041291737440420917e+00
1.059776097607587064e-01,2.221552458169228639e-01,1.036670160464840118e-01,5.774631703902958213e-01,1.007565850042362854e+01
4.859987032656892247e-01,7.661998113933898846e-01,4.273468153166906092e+00,5.158678023961693171e+00,4.538520834633564149e+00
1.171261522279969824e+00,1.378214774948592236e+00,3.197298737883522257e+00,3.712499533647966032e+00,5.350420910417863496e+00
1.792234134782718424e+00,2.152366805687303319e+00,1.722801292128606443e+00,1.244898547789890619e+00,2.892995964899806260e+00
1.743582516239036151e-01,4.640435261236502962e-01,3.612511063069925754e+00,5.365237410099672033e+00,5.004880768308993311e+00
4.485026620612940773e-01,2.408961022933349572e+00,1.364027449760058852e+00,4.194221570353118267e+00,6.214710300425418943e+00
5.595357715726609893e-01,1.403889207582554199e+00,9.528360096463927009e-01,4.137937695855736564e+00,8.192440959606059891e+00
1.592122637972204657e+00,1.797945301138087260e+00,3.834148750016209917e+00,2.963710783202359700e+00,1.304296314880505125e+00
4.001282351650515268e-01,1.252738606463093429e+00,3.547241159639773489e+00,3.848327659189023198e+00,6.897015546063101077e+00
2.998319961811175549e-01,1.082123063593617873e+00,3.773445541501862621e+00,4.752052268007068037e+00,5.723346178149046004e+00
1.034123703222006585e-01,1.216487785974655206e-01,4.648628179436397057e-01,1.896509654484916374e-01,1.008306340594796424e+01
3.602771840744393161e-01,2.036453510902163089e+00,1.073540934757771570e+00,5.795382989152462194e+00,5.530874183684836076e+00
4.921589715113784402e-01,1.394444708760758767e+00,3.673496795536966175e+00,3.807607261044043234e+00,6.292195058920222017e+00
1.903241238002772728e-01,4.938004067660645147e-01,4.647701446863162111e+00,2.269348659266692270e+00,5.944440543903374952e+00
8.783369459070559104e-01,1.395434485217252440e+00,1.654709256022851571e+00,3.630144377529136435e+00,7.148230416620700467e+00
5.272013365928124307e-01,1.395292770927933024e+00,1.011641112644211526e+00,4.072600078016369807e+00,8.064828159819217746e+00
5.120517396016566192e-01,1.621879504301992903e+00,3.040480232714453113e+00,4.167533936339116174e+00,6.360448202032336518e+00
4.562231067618803815e-01,3.444150596550192400e+00,4.095097853792536213e+00,7.085197346820213404e-01,1.874231789454708030e+00
3.035783799142003914e-01,3.387537859876720070e+00,2.678737963716537607e+00,2.784799843029333033e+00,3.368248422870586456e+00
3.642381989171110668e-01,7.548538750455897617e-01,2.643277540933456571e+00,5.638811639925727981e+00,6.309847051720359090e+00
1.007158131130477252e-01,1.319163185485877077e-01,2.604321164850313397e-01,4.388969951910469902e+00,8.533964866376136271e+00
1.426476570395611709e+00,5.459547672441468213e-01,3.853716544249341958e+00,2.664367882000372667e+00,4.069835640936217303e+00
3.074439497567966195e-01,9.759980124191477424e-01,2.411315487133434576e+00,3.755849457846920814e+00,8.065591803914816893e+00
1.364577131452999192e-01,6.085507492813200248e-01,1.586126893368458579e-01,3.000213909408636415e+00,9.347691288523966691e+00
4.395391587518926446e-01,2.391813311855375823e-01,4.545060445070619792e+00,3.055380310358329243e+00,5.798687215032194864e+00
5.803214356851214006e-01,9.952676451667044066e-01,5.320773666993190432e+00,3.459287267903676799e+00,1.688761255420261786e+00
8.255970745677203571e-01,3.118743998603356715e+00,6.248629985038445245e-01,3.401813365716109150e+00,5.470410414243239927e+00
5.610702543738665948e-01,3.882411905865827961e+00,1.552885823613520344e+00,4.798651043105346958e-01,2.383842696144675255e+00
1.035758953439863017e+00,6.861546632099418952e-01,3.883096537734413989e+00,4.761768438247233171e+00,1.927431201521621507e+00
1.242130268013341698e-01,2.379000806633135845e-01,2.192390315558975455e+00,5.197199330441164555e+00,6.974957308010645285e+00
3.909339970767377048e-01,2.837704536373652164e+00,6.477833565898266643e-01,2.497150565349658180e+00,7.308010498154050794e+00
5.537691526136602205e-01,2.129685035223089162e+00,2.732908564470831081e+00,5.024045325259339556e+00,3.874528838298640476e+00
4.089610441888025805e-01,2.622004755928787567e+00,1.041701189280318962e+00,3.406244072964144554e+00,7.350564516059396425e+00
1.064956930085190628e-01,1.221502099684637216e-01,3.879739922862829316e-01,5.880589419727459966e-01,1.007361774252504105e+01
1.421223693870935278e+00,1.480690248301810730e+00,2.777715317976247711e+00,4.309276909624990104e+00,3.463185512593191184e+00
4.390317241809874038e-01,2.507679088382050114e+00,3.863226067444737399e+00,2.967701847897899370e+00,5.207965635613419408e+00
1.712749691426070642e-01,2.494305709230233981e-01,2.025906533374197238e+00,2.461151825897239798e-01,9.670945285873514763e+00
3.602824986189138157e-01,2.174559760428275812e+00,9.487801427520545783e-01,4.373627228692397395e+00,7.292555992238141549e+00
7.094045421669661344e-01,1.418933436396907499e+00,1.179051685264581817e+00,3.746988860540357180e+00,7.928740166337428619e+00
1.774986713883283385e-01,3.990634884574866814e-01,3.504043320411776019e+00,1.387272382696211448e+00,8.253375541226086298e+00
7.165657604052494412e-01,1.011835081221405197e+00,5.155556840699262011e+00,2.640737840039291573e+00,4.329189801567854268e+00
4.011315664193587649e-01,1.556785778869545389e+00,1.150889777480906595e+00,7.720721121788067798e+00,6.381580977102410124e-01
3.313827902828848648e-01,2.012827696218726814e+00,1.305556881135472747e+00,7.167127224632309890e+00,2.394848102034198956e+00
1.886486894031942807e+00,1.841646183050481778e+00,1.302855764272848216e+00,5.361262087696274659e-01,1.141563314479226321e+00
6.358047840034928289e-01,9.179167322232302251e-01,2.100935368189894792e+00,6.741588060236058055e+00,5.085385844728815385e+00
6.405048869295983938e-01,3.411864205746824585e-01,6.084011361363512727e+00,1.071497856435079665e+00,1.263885888662199308e+00
1.127296758019455725e+00,5.428316496423832849e-01,3.219173722231653656e+00,7.285483554559868402e-01,8.457093536016751401e+00
1.178305991610705927e+00,1.269252197021731643e+00,4.722422408170296571e+00,2.596322706780648470e+00,7.459149479060616095e-01
7.090009963019356931e-01,1.720865438972158490e+00,1.666529625110821478e+00,3.627658012021913514e+00,7.128620190645764687e+00
1.366833765972542691e+00,8.947328970239881718e-01,3.607324965990800880e+00,9.258442708241776398e-01,8.258883436861655269e+00
6.353376244108521753e-01,3.475199045160152211e-01,4.658816847187405408e+00,5.533772582786734340e+00,1.621294949791406870e+00
4.049225931292697589e-01,3.651947446013627196e+00,1.296881188663925322e+00,7.354830879941686161e-01,5.517260771974997979e+00
1.451728954383486814e+00,2.494079173596119858e+00,2.691490389824046314e+00,2.356950003322320519e+00,3.084446962479366228e+00
5.599846092007672027e-01,7.076205306467789891e-01,5.555514360831090848e+00,2.528558371252944248e+00,3.383645298996744710e+00
1.000671231774049819e+00,4.540634316233372880e-01,2.414748494379024280e+00,6.663666150299666135e+00,2.230254498407342467e+00
6.708326906114517874e-01,1.349814209710526125e+00,1.188385633219987358e+00,3.634850674864712250e+00,7.853713829974893201e+00
3.238937595115408685e-01,1.158394879524794474e+00,2.655596792558029051e+00,4.256821768533304962e+00,7.189612407502296243e+00
5.138349369122299226e-01,1.121872236571544779e+00,3.499991485273866942e+00,4.157246877211092650e-01,8.354417534116693744e+00
2.527568419226242091e-01,8.418142908588015505e-01,2.225605177570869841e+00,4.225763343067221456e+00,7.879723875587771431e+00
9.768505357809810496e-02,9.975626329837923578e-02,1.336232110755337099e-01,7.849133613285397271e-01,1.006006275928504046e+01
4.043794234566531198e-01,1.731102978084949617e+00,3.166629425134045217e+00,3.710970536830546784e+00,6.066781285436298354e+00
8.690402267358288135e-01,1.196145879733061967e+00,3.104514663552674136e+00,3.322676740389625571e+00,6.306746809086120287e+00
1.957915405136593789e-01,5.106696357477621406e-01,4.005042354505379265e-01,8.101687339355089224e-01,9.998184254642962898e+00
9.991280144826348852e-01,4.511029826576110069e-01,4.336503433456813994e+00,6.007498488105125212e+00,7.339975417163064897e-01
7.117731875678711129e-01,2.846346407471208373e+00,1.781897894787500602e+00,5.950429852795382502e+00,2.287301151877381145e+00
6.559193767613363812e-01,1.176420632098053920e+00,2.527120413759482265e+00,1.929807600297183567e+00,8.412504038558425989e+00
1.164405892623204597e+00,2.208729630457355153e+00,4.064993324177238243e+00,2.316030856408305638e+00,3.853244648858599852e+00
9.321383370296949522e-01,2.689803394595254193e+00,2.435220655816075386e+00,4.523751647160590750e+00,4.786995783955932393e-01
1.625240282918443691e-01,2.597764929109501741e-01,4.748847922430496915e-01,5.667080914631525523e+00,7.259063610838360603e+00
1.284875103274099706e+00,1.738846477437740790e+00,4.326178554562278400e+00,2.276771599362816811e+00,3.891843510690524255e+00
4.003510984258106253e-01,2.494803611011468192e+00,3.515315990684578118e+00,4.541417048503034515e+00,2.315160893569777389e+00
7.109228224779785554e-01,2.353166051309791840e+00,1.405043349600370917e+00,6.575478095035501624e+00,2.621692966276413461e+00
3.316828637847996086e-01,6.711415091885686302e-01,4.907339001912855991e+00,3.445918414266707419e+00,4.009951190865558956e+00
9.899431981562633043e-01,1.752642095390274157e+00,7.862042133825039025e-01,3.968092258670234962e+00,7.418559730039839373e+00
3.676510959010585999e-01,3.090019081511401033e+00,2.647161940625022858e+00,4.337706210705639442e+00,3.472088429802372644e+00
2.103694288476638530e-01,6.880811445628076672e-01,2.712171259710664639e+00,4.645742861750885133e+00,6.945160517019195012e+00
1.768360302985222954e-01,4.023286812778014143e-01,3.400160233031336965e+00,5.878894136577367924e+00,4.283866121118211190e+00
1.420477210053683992e+00,2.862336679076302737e-01,4.648677111995647593e+00,1.914300466024805303e+00,8.531053832604110765e-01
2.466830716658382217e-01,1.611058068472472904e+00,4.700130954863557697e+00,2.439884405693470093e+00,4.997460983220761932e+00
1.040705333207558175e-01,1.631234980309575200e-01,1.972126539182407212e-01,3.127272918392350665e+00,9.354277633741030940e+00
1.333789154497843354e-01,2.331466487894311990e-01,1.368373773117561032e-01,3.932689135942167624e+00,8.902335555264739853e+00
6.033989177965392026e-01,1.809441755417129816e+00,3.222039218048062814e+00,3.944848922460571838e+00,5.751122156972231281e+00
1.784902659577262130e-01,3.721619678250881469e-01,3.162914177534282167e+00,5.408007924949960632e+00,5.554192624935470057e+00
1.250830359239140321e+00,3.393357705730107199e+00,1.026151382971567827e+00,9.125380158158469257e-01,6.636399742451116746e-01
3.675671516728797883e-01,1.266168809650142002e+00,4.119455154786095363e+00,1.905217650004675356e+00,6.561914891429797336e+00
3.863756345938668124e-01,1.856889756505952782e+00,1.013994655894701502e+00,4.992424346004138869e+00,6.360754685928244889e+00
6.139218341553946967e-01,6.806343841940523109e-01,5.535117800210725747e+00,2.085822288578817574e+00,2.944759603639090173e+00
3.575971176608371271e-01,2.992729745803229591e+00,4.586596045628243523e+00,4.980987326091743661e-01,1.911660696153816286e+00
5.930557203567676794e-01,2.244561471818408371e+00,5.225167090909502043e+00,2.024689701674464271e+00,1.396561950529013219e+00
1.108153106800489285e+00,3.026449447007270699e+00,1.250942798198338979e+00,4.146250811572318451e-01,5.564231176420799230e+00
4.492489950635571994e-01,3.442944944172520394e+00,3.436235267871274868e+00,3.283375384268895747e+00,1.530941902361010465e+00
9.928341127004711719e-01,3.256960342774841699e+00,2.375365621183233689e+00,2.016433712322255989e+00,4.539746164891178992e+00
2.226364161694901478e-01,2.159512782878721282e+00,7.945268681946524580e-01,8.924079306667591638e-01,8.732674417427810809e+00
3.281609580045493080e-01,1.424235638830540607e+00,3.059274521555930271e-01,6.263635806777681836e+00,6.106472264560045105e+00
1.299638553367798155e-01,1.623436854838397614e-01,2.978054710371966785e-01,4.676226329201726983e+00,8.342052125958311137e+00
5.135241235459891973e-01,7.746117502760009321e-01,9.717974401985365329e-01,5.505470381457760354e+00,7.386001816666877495e+00
6.142473464987507903e-01,8.317081096963212516e-01,4.700144091837796800e+00,2.703769402850384473e+00,5.741317035686320125e+00
1.993007312096186867e+00,2.049237260550949014e+00,1.743497351625575176e+00,9.183049225964496909e-01,8.136464842132609121e-01
1.508246639014716450e+00,6.143090735345214659e-01,4.469222222140834866e+00,5.630235081881206360e-01,2.333311180094413739e+00
7.066270134646321921e-01,1.959292220917308036e+00,3.070407795844714904e+00,3.628225385596987262e+00,5.656182249567677900e+00
1.060279706495143720e-01,1.380111438226911125e-01,1.188509089795774520e-01,1.014948454141846090e+00,1.003403373591041436e+01
1.810805994355256521e-01,4.750432463230823688e-01,4.378923683629365016e+00,1.917147038919098989e+00,6.661889356270234153e+00
1.219202977140767530e-01,2.342264161724029181e-01,1.331218873013148840e-01,3.905279984754822298e+00,8.912357487569130043e+00
8.689242561898087303e-01,2.805262734818914971e+00,1.125958695027996503e+00,2.634341504958672253e+00,5.376764929191629072e+00
1.966650571058198849e-01,3.337109895720440367e-01,2.429136465935990419e-01,5.549943227654722477e+00,7.414779618572594266e+00
5.022206616638140719e-01,7.468477866573697277e-01,1.223758846045846171e+00,5.176800815835584935e+00,7.645142748020717249e+00
1.358457238408812939e+00,1.706565704169568765e+00,3.435105243536450637e+00,8.006320037959440139e-01,7.050382862784313254e+00
8.952610469607027444e-01,2.640596977447736027e+00,1.715388569316958378e+00,6.151081446228736205e+00,1.102734723672919248e+00
8.102441139635108147e-01,1.109530198531786693e+00,1.491364070151906862e+00,1.662686080027846236e+00,9.117322153764492398e+00
1.799643077878952391e-01,2.807854391414170703e-01,5.045035713795913423e-01,5.865700431886262223e+00,7.008656846557886233e+00
1.243348352279139757e+00,3.566773326125908028e+00,9.351059186693901903e-01,7.783208223104737256e-01,3.146686777710510530e+00
3.782149344531868795e-01,5.987527703747066443e-01,3.831291926410285598e+00,5.791791213193839383e+00,2.997177658171825243e+00
1.372618541796202796e-01,2.040201207211811418e-01,3.652309768713110638e-01,5.157579464604562958e+00,7.848668847061373910e+00
3.936856812906159853e-01,1.503187074604788176e+00,4.445202923037956388e-01,7.533548526252774380e+00,7.905930145789592522e-01
3.223926508470176810e-01,1.447568117980197799e+00,3.438118184973489644e+00,5.660065238153264566e+00,3.366683946328633326e+00
9.431387205166074095e-01,2.740313318605351878e+00,2.546077038622311495e+00,4.247244178706327311e+00,6.998042394118524356e-01
1.021113242316904035e+00,3.052133839854458852e+00,2.491325588823135373e+00,2.799975581911059219e+00,4.667548347187798541e+00
9.918720747338282129e-01,1.191690358423303397e+00,1.543271570114289393e+00,6.376971149652116644e+00,5.441408668643540558e+00
2.809783065546667125e-01,4.248850921035710604e-01,5.014276621093361364e+00,3.652892448721158480e+00,3.758849083834605587e+00
1.592967646208674204e-01,2.920590016227875285e-01,2.691276902057238463e+00,3.653429748275076605e-01,9.207926687338821026e+00
1.217078095765823154e+00,9.488460255470305693e-01,2.210767168912979752e+00,6.234885191441433605e+00,3.143200309141651605e+00
7.075194960182961124e-01,2.371525913379694650e+00,4.550487768145041301e+00,7.274360608111791748e-01,6.234629885462316778e+00
1.084061366901827445e-01,1.321240499329691953e-01,4.587731475930777458e-01,5.130133393403307096e+00,7.846840884403921912e+00
9.799250864584065912e-01,1.999261323517716127e+00,2.000588173892156263e+00,3.731072676372944930e+00,6.272150585310286353e+00
2.193262183581183855e-01,7.338471834886820533e-01,4.220313357670623766e+00,5.570007869561552916e+00,2.540837205365696683e+00
1.302565836442952873e+00,2.495458472499520131e+00,2.430745480110747536e+00,4.191470033702235476e+00,1.204738068940799600e+00
1.128786036884432270e-01,2.444182767440209458e-01,1.334446477060740044e-01,4.069108858973443432e+00,8.775002434556144593e+00
1.932808840122491878e+00,2.082245186263373515e+00,8.376876072194147094e-01,2.567986826867386441e+00,3.413373428247864716e+00
6.679113067200697085e-01,1.312226835256570245e+00,2.518010645250680746e+00,4.659022438325862936e+00,6.882826951943262550e+00
2.793326181559069865e-01,6.310552429187182844e-01,4.778683374405062523e+00,2.858507547198116061e+00,5.089054875149908064e+00
1.362153260497081630e+00,2.673016274196188924e+00,2.704140595193061269e+00,3.117718467569116303e+00,2.062832690136159552e+00
2.083901654451385532e+00,1.586243438802153793e+00,1.503701304862016030e+00,9.031729702689085260e-01,1.079775046610269573e+00
3.557141726747974353e-01,2.478779559684506584e+00,2.569970771802235543e+00,4.110263343461549645e+00,6.058518526331341469e+00
5.183383684373418232e-01,9.772205290547768541e-01,4.624170365995008858e+00,4.947443821247849094e+00,9.671930434559175005e-01
1.082305747115690775e-01,1.609496233466558290e-01,3.744938381044869979e-01,5.599395533894922394e+00,7.355042778689680816e+00
3.341090648104296790e-01,7.739321197306793243e-01,3.926395382634313425e+00,5.230592133687332002e+00,4.287108232617641512e+00
1.512251040857456097e+00,2.150567721114159614e+00,4.108025488412287984e+00,2.473675883902140438e+00,7.753034500465698642e-01
1.654545737623536461e-01,3.487292164978789133e-01,3.903026782070373013e+00,4.043126066462512380e-01,7.955336805274761502e+00
4.568713735860415737e-01,2.503786871449182438e+00,1.728169794837581152e+00,6.495815282689710202e+00,2.235328719277760445e+00
1.653863591020534318e-01,2.870317114239841483e-01,4.958196357254837094e-01,5.783477603975695658e+00,7.121436382557013722e+00
3.120350667040712733e-01,1.064303826861693114e+00,1.394664075484581600e+00,7.592129206600395364e+00,1.605935050995114244e+00
1.831248850969158792e-01,2.127708504356657926e+00,9.958980563118978724e-01,6.914159666692065720e+00,1.012361965658095553e+00
1.130027790010947608e-01,1.508286527824431733e-01,5.754662028457838696e-01,7.224199512859001970e+00,4.596108667336607390e+00
3.741671616942123246e-01,1.885755779517164221e+00,4.887350826697361761e+00,4.144857288713982513e+00,2.123984211816504430e+00
7.014006646026198499e-01,3.445739197545060195e-01,2.455561551192074976e+00,4.279694516488811828e+00,8.019263783256747047e+00
1.027023883963177342e+00,1.750326681063956835e+00,2.231905206209220172e+00,6.527187008252561817e+00,4.221585780327790971e+00
7.227761865774274819e-01,2.255086090603530380e+00,3.403810070929853548e+00,4.815108388177439025e+00,7.967082820180986236e-01
2.185799394176594079e-01,1.638014761712950573e+00,3.248802460852851404e+00,2.147631062798318169e+00,7.561709703472664579e+00
1.679969114692579701e+00,1.019414901213083757e+00,2.941194328607374064e+00,5.037232828331279499e+00,6.444081702541991641e-01
2.582588900093163997e-01,5.321848190604403506e-01,2.669502791808216813e+00,5.955180679569963331e+00,5.749253565759271822e+00
1.902748876600772188e-01,3.981672448526438202e-01,2.261560430123845666e+00,7.562836249756955453e+00,1.000509498343379100e+00
1.396856592041220813e+00,1.983438246595247145e+00,3.299440253802009781e+00,2.003021768229026112e+00,2.831539567979605820e+00
8.027931022940277828e-01,1.100478734978038942e+00,4.127955898706369808e+00,5.674458781064872781e+00,9.599774631835558125e-01
9.839724279634214366e-01,3.575274869328950444e+00,2.144660568710305970e+00,2.941118162988492379e+00,2.738785374370114933e+00
1.622765952969981385e+00,1.695012042982689149e+00,3.336943501162946912e+00,3.260061089837628767e+00,1.599741500719526144e+00
1.180021683628547313e+00,1.174323798605718672e+00,3.519004300597272206e+00,4.010181519948591955e+00,3.942692332946324818e+00
3.424730061209184107e-01,3.267206543675225117e+00,1.981068433379428839e+00,3.223497761897553548e+00,4.909259229148707604e+00
4.057365346910434267e-01,1.682349216051361118e+00,5.043910101325950635e+00,6.858671635344140149e-01,5.410472610401909854e+00
1.526987921715444063e+00,1.030757233456181199e+00,3.743421744229511905e+00,3.528345807012287061e+00,3.244076605662885804e+00
9.555532219709977904e-01,1.985818543906241906e+00,4.176316258306257190e+00,3.624091269406488625e+00,1.274570284992525782e+00
6.636707206158953820e-01,7.221586732324367652e-01,5.789181941064659220e+00,2.148230796601649395e+00,7.027169083794222448e-01
1.781940262031611044e-01,4.686952684931593449e-01,4.361961312114122080e+00,1.882693588823777242e+00,6.708169807667221818e+00
9.729151261362348202e-02,9.841275419560543969e-02,1.219037947132853156e-01,6.446486621133943329e-01,1.007362592741157137e+01
2.292642482263068660e-01,2.590608491133106206e-01,1.046121593493356317e+00,7.483830638427640736e+00,3.765765279978207314e+00
1.204636872068516329e+00,5.612974417688416651e-01,5.132235129479985503e+00,2.644129361078456419e+00,1.721810406528984982e+00
4.859030455877301757e-01,8.377604897830942532e-01,1.741188856546795449e+00,6.972093851549637122e+00,4.540374455800332498e+00
1.552597052547274037e-01,2.497464326775182264e-01,2.112481895712370328e+00,2.734111363996659660e-01,9.599624563549781442e+00
1.909548722554618827e+00,4.567405752674819075e-01,4.677375632443477871e-01,3.194142972304671702e+00,3.980913178353289616e+00
1.033080607281674501e+00,1.033551924086044238e+00,2.397201533962919129e+00,4.579320708778426230e+00,6.291354228664444825e+00
1.138923233909184152e+00,1.811636164989915976e+00,3.617485744679253212e+00,3.850580438596798327e+00,2.131923630898677757e+00
1.408207609635810653e-01,4.499188149059412112e-01,3.270917010113205237e+00,5.293098762216259523e+00,5.506780874871387788e+00
7.694363815970755027e-01,9.202090077629518916e-01,1.518320262947042698e+00,6.215811834725398555e+00,6.198789658960166982e+00
2.657226007845727711e-01,3.430076235035604881e+00,1.832603686624773687e+00,2.201450026550670014e+00,4.563657038043038128e+00
5.961258214164885105e-01,2.930634898330962024e+00,2.646101298691311499e+00,5.016101316690179779e+00,1.477300265708286098e+00
1.049441056727658528e-01,2.213278253599131884e-01,1.053132318469418988e-01,4.494128692601916164e+00,8.446221868009830658e+00
2.253030488846070878e-01,1.524063398024776639e+00,3.288642360213129390e+00,1.745772408771915085e+00,7.832798029667203288e+00
6.657199915359310882e-01,1.063619348503767270e+00,2.830470907058143304e+00,3.907708155023526531e-01,8.345891664263058729e+00
1.349067638793391422e-01,1.758580862648536358e-01,3.030261606021397158e-01,3.949273610168089199e+00,8.906009676855177304e+00
1.176472836639428365e+00,2.758854667177518483e+00,2.541412653824236756e+00,3.350325191179989837e+00,1.468754235438180844e+00
2.069600959633649317e+00,1.796589705367033662e+00,2.780483602102604479e+00,1.402389677382142708e+00,6.744344675399737143e-01
4.618990357931933577e-01,2.818554889658110962e+00,5.155824666546287460e+00,8.364278491163273932e-01,7.318457036214153222e-01
4.265019995872093017e-01,2.548554644574995365e+00,1.036672514211262497e+00,6.780703414807592644e+00,2.523490214084983307e+00
2.446964429925489182e-01,7.007797538705535789e-01,4.948715635339730134e+00,3.584478380509295903e+00,3.813454630706649695e+00
1.093336043965081328e-01,1.765684135553683420e-01,3.374403744146052819e-01,4.688652196522020255e+00,8.293733126437558667e+00
1.029725848064465765e+00,3.998073205178990785e-01,1.897216071918688129e+00,7.541713790943965989e+00,7.078075941062034193e-01
1.468940457224958029e+00,1.056798692571328635e+00,2.010606444988122465e+00,4.564873065200814928e+00,3.606759066387289270e+00
5.185096614164531603e-01,5.203347665608432093e-01,4.271374946767101832e+00,4.893694948552270496e+00,4.776176057600687308e+00
3.168659634647673640e-01,1.199995906229856191e+00,2.942913945930876185e+00,5.262440395459792697e+00,5.340851198943580513e+00
3.680098517001195724e-01,2.462103438423135504e+00,2.491652872303018018e+00,4.273701198599709983e+00,6.081345237001433368e+00
7.330107448179508101e-01,5.046201805098642357e-01,5.245661597847236735e+00,4.812047637672484335e+00,1.003151442898379209e+00
1.077708131160694638e+00,1.832425292224712177e+00,3.206171741472743086e+00,4.502247843757117174e+00,2.447464551916843423e+00
9.448072640702209757e-01,1.854052376634341970e+00,4.906724828914671654e+00,3.445983792376436039e+00,3.531445461201572211e+00
3.454251278618095666e-01,1.052107578657218045e+00,4.920992068084000692e+00,4.507951196892889811e+00,4.322836862571352023e-01
1.711966604879627540e-01,3.634342061215695141e-01,3.820046259368957697e-01,7.262527828274519592e+00,4.540767523248750770e+00
1.699088171310760842e-01,2.249685073688757475e-01,9.866269667988094572e-01,7.961076278168428111e+00,1.354400374616636649e+00
1.005331068459157651e+00,2.241621246995740613e+00,1.931438095375574315e+00,3.178855162261048140e+00,6.833072784925569465e+00
1.358291045029541566e+00,3.396072101397422216e+00,5.338591205363092396e-01,1.633341186569188697e+00,2.532828812524292594e+00
8.530407865860627492e-01,2.575355770314865289e+00,4.313410570421050139e+00,2.152449449485239974e+00,3.841223968845175030e+00
3.137884483909327837e-01,3.884410947124613545e-01,4.103776496321855483e+00,4.706891917896804500e+00,5.205495360099956059e+00
9.943899329951535471e-01,1.535512702894088255e+00,2.754017163028528614e+00,3.701651844398279767e+00,6.084760520404884687e+00
7.127117227905988006e-01,2.320435048066364470e+00,1.346601559678831883e+00,2.101887865609958439e+00,7.614468363976791387e+00
3.470758515831016133e-01,1.137903976033768583e+00,4.500238159625637557e+00,3.519604800718908688e+00,5.658390831415089473e+00
3.104303962521670068e-01,1.082762792594536450e+00,4.550171318772367357e+00,3.656139864042591281e+00,5.417976475100505951e+00
4.033406897348020825e-01,1.192393627240623255e+00,3.441856575896429238e+00,5.109108958047030136e+00,5.976725839549245300e+00
5.959415466165549624e-01,2.302394451868004843e+00,2.568432057321027528e+00,5.779527157892569100e+00,2.998773565629222926e+00
7.893288359874452986e-01,3.173007685726954019e+00,1.029673196321909012e+00,4.218110830797671795e+00,4.753360146819706422e+00
1.767931013442498867e-01,3.937952395021635521e-01,3.062865054357307715e-01,6.213783373667672194e+00,6.552369665212653516e+00
6.628097973750159966e-01,2.509791367649930827e+00,3.681074043275424312e+00,2.861023755252433354e+00,4.796059523975409356e+00
1.248303739339174712e+00,2.355882715527659599e+00,2.441340530513030238e+00,2.777232802970003966e+00,6.135036660444042944e+00
8.437730970423404919e-01,2.658621918578860654e+00,3.049175243482135755e+00,2.943380721036783498e+00,3.701523229950264060e+00
1.040503456135535160e-01,1.174372822425677754e-01,3.238965745118721484e-01,7.369884052975992361e-01,1.006497240321709796e+01
3.862716333053701212e-01,2.056174933213419820e+00,3.846522605999670441e-01,6.129335989922425343e-01,8.909137441986489492e+00
1.499573106466892403e-01,2.897346583711072898e-01,5.158495125304840556e-01,7.291586778019202519e+00,4.455318946622454312e+00
9.930719612443755784e-02,1.132725526600027038e-01,9.969423908287729230e-02,6.135025338115820404e-01,1.007760321884556376e+01
5.462440128951631113e-01,5.420302417740721079e-01,4.232644598877734587e+00,3.620161511380334485e+00,5.589691388134396810e+00
2.360161933938102474e-01,9.963809396648249939e-01,1.873750243427931617e+00,7.738500609677152475e+00,5.479646924344504511e-01
5.181431205462918577e-01,2.051359351054151681e+00,3.898729773290366740e+00,4.755289915755795072e+00,6.533738324268004716e-01
2.589035213635169086e-01,5.321991120723645885e-01,3.802286890315134560e+00,1.873200241016841350e+00,7.869924361470284957e+00
5.769225125927432973e-01,2.235093717754011777e+00,5.246099253130166673e+00,1.547320798353639892e+00,9.510641339761939372e-01
2.349991165841450735e-01,3.749593450511325421e-01,4.091683482391880178e-01,7.157821029516767020e+00,4.777952758438366310e+00
2.236438309586707140e-01,4.389889316263255736e-01,3.575059333605201228e+00,1.642772107759134625e+00,8.140610399117718998e+00
3.670804814518011661e-01,2.522487299339875033e+00,2.264351328122008233e+00,4.323971665221717942e+00,5.030647809661690673e+00
1.534032557929436991e-01,2.745678309659357330e-01,2.591719693819321435e+00,2.738513294644810969e-01,9.277185028364394626e+00
1.073616517904631140e-01,2.820538084107867549e-01,2.989486941537166764e+00,4.831474714919684610e-01,8.841404757354494492e+00
1.209960322193559673e-01,2.702389821716955631e-01,1.765052372904524769e-01,6.935416999585181097e-01,1.006032723853655497e+01
1.171087653980790844e+00,1.124115753107655546e+00,4.944891217181314857e+00,1.558979206472808743e+00,2.890678104312069951e+00
4.080059484749343213e-01,3.034105221748959025e+00,4.730973716111557259e+00,8.465789341378289201e-01,9.620015945853939154e-01
8.636464519399584816e-01,2.207406973412748830e+00,2.147905399576263363e+00,3.152714364167664485e+00,6.835292788659566909e+00
6.346677783258857231e-01,1.978668525895068475e+00,2.249106744743093689e+00,5.827904577091518767e+00,3.330457786339350967e+00
8.087099794755995275e-01,2.306395805059099580e+00,3.679840304485845870e+00,4.274482802370738632e+00,9.098318890711196705e-01
1.141083459862431315e+00,2.581877401697611596e+00,2.276502858230225801e+00,3.736639793147309874e+00,4.719299961361797635e+00
1.320997162811649916e+00,1.658189295365016802e+00,4.233055071763010879e+00,2.179328874584067322e+00,2.430490801007145318e+00
1.789991556132678741e-01,4.324117273633638625e-01,4.136285058554381777e+00,8.564052706848048757e-01,7.599120684199995424e+00
4.789916124531169439e-01,2.162715254000968645e+00,1.682616840837122485e+00,4.296275233884435885e+00,7.276467894223833888e+00
6.319001159955670577e-01,2.046192948770549247e+00,3.649199204303617883e+00,5.125300505918072957e+00,1.395955963228439511e+00
1.073973886592014759e+00,7.656331812731393960e-01,3.700223406577850316e+00,8.556078476995807591e-01,7.595836957943883583e+00
2.000767707580764776e-01,4.109388178673403225e-01,1.807106762860173355e+00,6.279719784927809023e+00,6.078329235223424831e+00
1.486549618930463890e-01,2.214150336067687297e-01,5.891984729341376292e-01,6.631784456472860079e+00,5.856577886223418794e+00
7.447187010188327516e-01,2.432437152404469227e+00,3.138277093835328824e+00,3.121471436797254029e+00,5.178761564755032687e+00
1.499485467680624629e+00,8.184260055193059991e-01,4.153522321268260598e+00,1.677596825620556009e+00,2.587996145048096164e+00
2.831593092100758713e-01,5.406996580394393126e-01,3.058868192342345083e+00,4.303465521942173133e+00,7.226758542090261805e+00
4.615397337515609877e-01,1.846274365703876263e+00,1.403203338143335976e+00,9.771266880340410133e-01,8.774361782917649677e+00
8.175542585983823773e-01,1.512372004666173275e+00,5.037760774062091329e+00,1.905668058309280877e+00,2.248865171582568934e+00
1.089927947496625027e+00,9.822796698523593717e-01,4.521201590626406031e+00,4.716250161103234362e+00,3.031709434435071682e+00
1.130866255984015606e-01,2.215362671378302006e-01,2.447372285586899565e+00,4.987880515064354592e-01,9.280775897332725677e+00
6.557933744857492586e-01,1.343580008532058612e+00,4.266823594117685303e+00,9.227589654011080222e-01,6.700990504330216702e+00
2.727097617718776679e-01,1.734271132155053463e+00,5.121873465936115366e+00,3.148132953174593407e+00,2.727988184649954295e+00
2.031007442041740330e+00,1.723774081773902456e+00,2.898577825162804711e+00,5.908904646550179329e-01,1.291440849946755565e+00
9.077549290003715798e-01,1.046278392245928002e+00,3.683888928558745945e+00,1.660181350102141407e+00,7.055724800868052426e+00
3.433735783641950201e-01,1.338849885736811851e+00,8.217158961992714339e-01,4.995612883085549072e+00,7.904427650346351975e+00
5.299525089174488279e-01,1.685433466612288544e+00,5.913372838541093302e-01,1.043747360318122652e+00,9.239909582780445163e+00
2.009931807984508545e-01,4.596562350805246666e-01,2.743797932604127077e+00,4.830592765435755886e+00,7.088817903081525706e+00
2.908218880115674421e-01,1.827364301132943236e+00,2.996876223972527509e+00,1.959054417086882882e+00,7.921662051086546974e+00
6.068467572814835176e-01,1.260215705438799461e+00,6.211289627729799534e+00,1.019228580862884259e+00,7.156664672163115526e-01
3.104639582874210157e-01,6.437853616457569483e-01,4.051492958707036074e+00,4.724048873816098393e+00,5.220788157176510680e+00
1.701768165170212677e-01,5.678753157889785408e-01,1.398152832793802425e+00,3.590029624816775122e+00,8.894696266940536944e+00
8.388947008606191247e-01,5.540265364773349077e-01,3.227740289570375065e+00,6.543777420571789349e+00,3.203769744920272444e+00
8.531560245579887791e-01,1.010460341634901393e+00,2.831967293990977907e+00,7.674498001371143907e-01,8.631636975968838499e+00
1.991975598783682466e+00,8.372290368924371062e-01,2.773147197360195548e+00,3.474862989107640132e+00,1.315664745241894362e+00
5.030216884116200937e-01,8.110134716825574408e-01,6.257537281877811886e-01,5.549281355412627903e+00,7.170858783761520527e+00
1.547499689841906445e+00,1.697772839536402900e+00,3.935177558464721059e+00,1.289824033924178215e+00,2.596606157879436161e+00
8.365824654532596494e-01,1.509646395259462315e+00,5.049831540507132566e+00,1.920023696432542115e+00,2.261930991830968907e+00
5.664962772145599734e-01,9.571271547057411677e-01,2.326143889657179109e+00,7.043803183095778131e+00,1.885658713440002243e+00
9.785135272001367623e-02,1.188058569807665388e-01,4.785775672571720429e-01,2.958149572418312112e-01,1.007369242405438570e+01
1.952590590341118926e+00,2.009123996019298808e+00,2.641384364981953503e+00,1.509116269026961721e+00,6.851394843625779885e-01
3.207042720234416500e-01,3.007775485083345135e+00,1.919489964063234133e+00,4.117624028739107267e+00,4.845310907052462035e+00
3.364437325912509325e-01,3.884216629111580499e+00,1.054813979766665577e+00,2.086519030560489707e+00,3.342207621141797702e+00
1.299299416492638581e-01,2.713344539526577615e-01,2.870051117474122560e+00,3.874064822909725203e-01,8.986768482935682201e+00
2.593600902440305056e-01,3.550777544546449560e-01,1.394193190715233177e+00,8.568712121270287696e-01,9.822223514454226034e+00
1.236051807790825130e+00,2.063643859428125893e+00,2.807127142827115396e+00,3.909596410582361514e+00,4.879645550845921775e+00
7.097422715436664253e-01,1.860030459295825223e+00,1.124817747304696525e+00,2.889758940987587010e+00,8.007936263635656360e+00
4.600419731314731586e-01,1.856346358649327399e+00,1.694119086132067853e+00,6.357899350820369833e+00,4.526599136345967445e+00
7.501425351111266071e-01,1.816715994277712909e+00,2.479051488931506064e+00,6.742664629223195760e+00,1.390514116661821786e+00
8.397590616369132732e-01,2.871612675833171480e+00,2.446599070127664088e+00,2.888303362248864747e+00,3.750785401329018054e+00
8.645649685683428620e-01,2.741019948366155479e+00,3.040525953600583531e+00,2.925154664621265610e+00,4.077574526614269779e+00
4.421104596551740928e-01,3.740606516275406523e-01,5.624455797856714234e+00,2.188530888347180792e+00,3.123175770709037735e+00
4.272871406879850120e-01,4.131711528615239715e+00,1.547748303184198315e+00,9.617576382560732995e-01,2.457611686444503452e+00
5.284867110477968755e-01,2.139697850194112405e+00,2.341859935581354524e+00,5.460703983681826301e+00,4.488614598456399207e+00
7.408505380281329433e-01,3.017228937047560233e+00,2.598511342617257913e+00,3.287239297034959762e+00,3.510358140031953678e+00
1.287873898340304413e+00,5.800836149053942847e-01,3.854883635263165687e+00,5.055122599880800038e+00,3.268878126548214080e+00
5.191059610341911545e-01,2.469581658263691804e+00,2.193382676301609990e+00,2.601777068093325873e+00,6.916390661431372600e+00
9.974498171982691674e-02,1.175725417621854285e-01,1.032153617573737803e-01,7.137646159372491583e-01,1.006859409799664640e+01
1.026386143647784327e-01,1.492291518319223687e-01,2.828264115072480211e-01,6.680547761026818243e-01,1.007066343919226270e+01
2.168156925855293515e-01,3.377398988078315067e-01,2.191402607243136291e+00,3.542365933661641542e+00,8.616922815367100696e+00
1.044779064844715055e+00,5.366304376451953573e-01,3.907947155516859006e+00,5.710236496722891353e-01,7.195956584016421687e+00
2.417773072421804947e-01,6.297476945986567598e-01,4.816895382218130628e+00,2.510172487854024137e+00,5.500338216288318094e+00
7.490962975153832026e-01,3.435609953356432378e+00,2.694794098048188147e+00,3.597928424295867345e+00,2.509122502159518930e+00
6.743157914158179889e-01,2.174652811573510647e+00,2.729236839592420250e+00,2.696451605937863594e+00,6.827729424994859464e+00
8.527684763517178190e-01,1.682455132806611076e+00,2.977404608137729003e+00,5.017200710662887531e+00,4.373035886137730088e+00
8.439776333031316913e-01,6.337837075893885119e-01,4.048332275492667165e+00,6.216672155182735082e+00,1.755229425623561657e+00
4.180294172705357747e-01,4.050875577327756716e+00,1.299710441140176087e+00,2.837942186815845425e+00,7.760482259667473848e-01
2.721694116355494186e-01,1.313388030339111889e+00,5.059893848662270877e+00,1.567407866702835495e+00,5.277012625513860300e+00
5.499396415045758602e-01,1.738034904292223182e+00,2.361595033714732228e+00,4.487612173227176982e+00,7.223859102766455820e+00
4.538466672330089269e-01,1.970915940340260741e+00,2.299668419533223318e+00,6.025622394209761978e+00,2.884429624663464864e+00
1.755804095887003591e+00,1.492159637064046640e+00,3.527907990332844523e+00,1.390566817166734248e+00,3.162518445904379583e+00
1.363667999467260417e-01,6.368918051991984131e-01,3.956229770433679072e+00,5.466862377575969489e+00,3.715197330159654587e+00
2.027461281109086688e-01,4.000596755003900107e-01,2.709864109553248745e+00,4.275748068721632933e+00,7.464196544698628699e+00
1.273015377069581344e+00,8.427244796685287032e-01,4.975702284352017557e+00,9.130291509378907211e-01,3.590108866180804714e+00
6.981254167440126279e-01,1.754657836675539428e+00,1.690395665386437152e+00,4.700703424036920097e+00,7.171416535295550787e+00
3.270508184721536704e-01,5.356829944688799028e-01,1.196648471516077450e+00,8.012597677951571740e+00,7.264699496590412142e-01
3.448933869756977133e-01,1.511968844987434668e+00,5.420243819462653434e+00,2.627354274450131921e+00,3.423656427396168489e+00
1.126827882921079604e+00,5.433181078533572128e-01,2.946248617502264633e+00,2.048804739884090065e+00,8.430944330966456235e+00
9.908100381858331307e-01,1.670941647306355859e+00,4.011557803094182972e+00,3.585487324919213847e+00,5.493522545085268050e+00
1.054602065586025955e-01,2.168007851944478148e-01,1.131534342054573844e-01,4.244442940605392955e+00,8.646736533787171552e+00
1.371865625069093042e+00,3.329745695201429823e-01,4.686548226090574865e+00,1.287878356315339534e+00,3.054007070689797931e+00
4.465077327154961528e-01,3.287097513628629564e-01,5.480434330481846139e+00,3.354832105282691046e+00,3.489612473585467001e+00
6.513251672604343234e-01,1.532183775945597404e+00,2.960007432738218203e+00,2.137732089906015265e+00,8.046806167104312735e+00
4.391039397230672714e-01,2.199891429335551596e+00,5.012506997094932970e+00,2.029284060708294923e+00,1.333949838351791595e+00
4.228072919000469554e-01,4.009412369670654286e+00,1.502769361077815891e+00,2.980240236154236833e+00,6.909601490526950940e-01
2.253169315003689388e-01,5.433570808389232010e-01,1.283670157939048373e+00,8.054734648539701780e+00,6.400085703341156229e-01
2.520081551108876994e-01,1.658301081575094038e+00,6.841914154243365909e-01,7.583107652498306095e+00,1.410804123443323510e+00
1.279489868093687255e+00,7.814493891252561886e-01,3.405141291955600114e+00,4.651149650222827781e+00,3.217433515074860750e+00
3.675829009760360755e-01,1.759444174396992189e+00,3.090167434642703714e+00,5.688728393352546320e+00,3.170456041196937136e+00
1.866361284425825384e-01,1.325906724498480349e+00,5.004323641326740457e+00,4.201900997965938522e+00,8.968872283672946200e-01
2.016090117895281142e-01,2.358525442780579962e+00,4.756862940034561227e+00,1.920475483357128921e+00,2.418361995499567652e+00
2.399838364003088198e-01,1.081134071071564007e+00,2.723430762448637132e+00,5.043679580300846066e-01,8.746753179934202649e+00
1.597676980277060732e-01,2.724501669999824238e-01,3.841102463449086457e-01,5.517440914446525291e+00,7.456217143010518633e+00
3.341017548114585400e-01,6.651333233212806118e-01,4.295645207261017617e+00,4.372214548740829265e+00,5.217179465842175290e+00
1.199317985390662422e-01,2.558254710248988317e-01,2.804748714358389350e+00,3.380574651052034585e-01,9.028099410929486979e+00
1.138068709928781730e-01,1.307906690060834376e-01,4.839644574038323155e-01,1.271460422458366990e-01,1.009316719163063603e+01
7.799613983342670309e-01,8.715266044010965274e-01,4.387531619023761209e+00,3.843829489724634119e+00,5.476267892130133319e+00
8.599543036804768725e-01,1.642605516710105684e+00,3.755214345241616236e+00,2.031456857278170158e+00,6.546562516628759099e+00
5.436237992901293836e-01,4.415780618252438394e-01,4.982463059836909736e+00,3.565650872376479263e+00,4.930726898389921509e+00
1.434687687335056416e-01,4.503945879640248728e-01,5.205516601546387179e+00,1.200518101752795053e+00,5.107311997973505768e+00
2.317899222052256514e-01,5.545922175236159823e-01,5.750370923153442781e+00,1.853191032206478628e+00,3.035295846706304701e+00
1.148876164755117252e-01,1.676044133995794050e-01,9.843127447274965247e-01,2.477111503405418524e+00,9.555167512367221505e+00
1.249916388255232907e-01,1.987743054975068535e-01,6.781723377149867504e-01,7.568936648712080384e+00,3.655703018498136281e+00
9.870175288707010164e-02,1.095796294389596859e-01,3.466971396982671538e-01,5.143513415435430058e-01,1.007477887862998678e+01
2.702218166856967807e-01,2.308051297336823016e+00,5.011801999918542805e+00,1.595042611920751030e+00,2.588212589555263232e+00
5.260790424878886151e-01,4.404177536255722281e+00,6.942769629388785280e-01,8.588967194664247629e-01,6.919538865869789834e-01
1.115114983407487603e+00,1.635722203627756777e+00,4.690686143648953532e+00,2.693700087060942217e+00,5.725113746143333238e-01
1.529657391315518034e+00,1.690022196709026980e+00,3.152913671892482839e+00,3.557751742889314617e+00,4.080124922612585969e+00
5.173326518738432522e-01,2.451277695818649072e+00,2.223009378385281121e+00,2.704618866159445911e+00,6.952016601523420825e+00
6.811727514261640692e-01,1.449792709726049456e+00,2.479467315181749232e+00,4.411948427737192091e+00,7.432602437442961119e+00
1.277610840041382145e+00,1.919544673808985635e+00,2.376483898081092505e+00,3.912485144281156124e+00,5.812567124773617699e+00
6.314807887448844470e-01,2.274696241806639208e+00,2.723917710286495986e+00,3.338416964309011803e+00,5.672214011164539826e+00
3.728716206325016769e-01,5.767379966409819092e-01,3.941259242502736626e+00,5.775692892496370412e+00,4.009744293730311604e+00
1.948220252152222665e-01,5.004127449823116969e-01,5.655154422340507026e-01,6.917832121308411075e+00,5.293522126452861798e+00
8.872684943435362737e-01,1.550012660740078374e+00,2.218686888989864769e+00,3.880023778640103949e+00,6.333552909131845432e+00
9.930783719675861931e-02,1.152003851650398036e-01,9.926798368477460222e-02,6.782693129896439910e-01,1.007185101166895436e+01
7.047955324444821201e-01,2.161947467209580864e+00,3.281312566425745203e+00,4.717798639135600602e+00,2.786337232334893610e+00
4.657708211623947658e-01,1.104795099553312676e+00,3.142171456058904244e+00,5.821288111406956567e+00,4.658888003993327587e+00
3.490783069723516485e-01,7.500124874826130661e-01,1.653803569493314640e+00,3.268433011164786350e+00,8.956615566214985336e+00
6.511071912078597590e-01,2.216894092946210648e+00,3.146779120064871371e+00,5.193471720321455543e+00,1.577442913938162494e+00
7.878142306215237811e-01,2.756074938801349461e+00,2.112051022495940789e+00,5.278060939827847520e+00,1.683938521838240332e+00
1.867039915784539095e-01,4.521125412598245297e-01,3.737919950792617740e+00,5.787061425317789443e+00,3.707186540047562318e+00
4.137025326169134209e-01,3.145667845467761126e+00,4.386449687631746031e+00,1.439973215932590644e+00,2.157870027139447533e+00
4.352337385385985913e-01,2.782819147245127134e+00,5.040155870982045982e+00,7.752855445512066845e-01,2.041007425542342268e+00
1.584821684133031483e-01,3.337695146537725810e-01,8.707413494973039736e-01,2.316306152197215251e+00,9.667350032025504802e+00
9.528728657328859875e-01,2.352289291223476742e+00,3.517152292584619033e+00,4.245492216979402045e+00,2.184751671341711443e+00
7.864220886223938223e-01,2.003921141772601278e+00,5.261576285566737177e+00,1.530512830190172036e+00,1.252157967769482294e+00
6.529844049067971001e-01,3.483334037219614210e+00,1.763433586577977774e+00,2.577308265876618876e+00,4.039690530971469684e+00
2.206501489462244781e-01,7.946132148727939049e-01,5.383154705128943007e-01,6.654125855078614649e+00,5.782989844806495583e+00
1.284113194925543544e-01,1.105967182920681635e+00,4.759510221399081864e+00,4.535557128948770611e+00,1.750959761344284216e+00
2.228316899957759334e-01,4.532327987672304381e-01,5.069184076256971316e+00,3.430489655556914652e+00,4.331241423701181148e+00
2.646927479405964401e-01,2.555778039900969745e+00,4.672966628369812803e+00,2.160021999426856354e+00,2.158356964562146540e+00
1.059772243949435699e+00,1.259241890655870666e+00,7.507451226154681079e-01,7.793503187629604589e+00,1.232798771746003164e+00
4.032259884817830931e-01,3.977211104147746035e+00,1.833928466989803940e+00,1.943411138001430283e+00,2.524412971450214815e+00
5.174018229177431705e-01,5.225151344878662396e-01,5.216620467517286031e+00,4.799751459001744713e+00,6.169096903365929307e-01
1.289523925546949945e+00,1.486264307023759335e+00,4.795817784368540337e+00,1.065332519907065123e+00,3.835583619662725319e+00
1.073650384407453945e-01,1.123031808679169352e-01,1.862717954214563876e-01,1.177581515860686157e+00,1.001535507242754086e+01
1.091645922819143077e+00,7.261650141609561349e-01,5.477948872233783462e+00,3.101521563429029626e+00,8.898725062437802258e-01
1.122650001073858039e+00,4.689626756776617000e-01,7.554018243990887616e-01,7.815956845353001725e+00,1.155048762396564399e+00
3.231033917004531020e-01,1.264736755771412202e+00,7.762117444173365355e-01,7.882518095295542260e+00,2.199040421902254572e+00
1.893614108350376302e-01,1.126021377055741901e+00,2.046787515593499140e+00,3.528928762171882116e+00,8.329100508869096586e+00
1.010377178652706737e-01,2.105209764161876940e-01,1.239675470802484719e-01,6.299004373618086738e-01,1.007103253343982985e+01
2.872283732095312070e-01,6.798675259513579094e-01,5.718761759655235366e+00,3.008362029428228279e+00,5.480639215036733347e-01
2.164057124564469636e-01,6.297940962499641859e-01,2.035686096230413522e+00,6.378489666782101164e-01,9.596551881372947790e+00
5.011513625142576256e-01,2.209239627339165235e+00,2.244421350951643745e+00,1.331984015968214363e+00,7.912642483529417348e+00
1.642843391425526711e+00,1.232191305314986884e+00,4.108640961621955690e+00,7.252840028205775891e-01,3.900570797756563124e+00
1.030244491387603822e-01,1.212433403539395493e-01,4.081474720540265166e-01,5.777732335767043814e+00,7.124015114563491124e+00
3.743493549223300132e-01,3.185387697470270396e+00,3.996468248054594330e+00,7.097517798538641731e-01,3.385808420932979068e+00
1.306584322380872631e-01,7.544797241556476797e-01,4.895668177852676273e+00,3.707559239676109897e+00,3.819754123737141072e+00
1.588935916644597324e+00,1.711182419194371196e+00,2.294956500640617847e+00,3.474888482689643787e+00,5.147252969310184056e+00
3.994529805709243764e-01,3.084695793709635314e+00,4.546129486160904953e+00,6.381356490737162268e-01,1.985094342557053082e+00
9.916964162563372820e-02,1.139613290672237406e-01,1.161560502222191704e-01,7.326510058372646128e-01,1.006685104298502154e+01
4.282354724415369240e-01,6.166030495993919391e-01,4.510716237593122457e+00,4.733085210089447159e+00,3.399910265906917584e+00
1.099532976440380366e-01,1.265643408026616845e-01,5.086484575687949539e-01,1.955466480889788805e+00,9.815106399378782598e+00
7.383987767238902045e-01,2.816962552484557403e+00,3.309551709098550454e+00,3.588788266614255651e+00,4.550772860835294864e+00
8.049247749922596729e-01,2.356235219840598916e+00,2.283673825125230650e+00,3.904325468491499862e+00,6.663035148740402924e+00
7.888310420893732688e-01,1.840997418421423504e+00,5.225728078591002301e+00,9.304306591245959934e-01,1.511359583816263896e+00
2.050113711711104569e-01,1.261550834244852037e+00,4.732616164004439518e+00,4.488548897801231341e+00,2.607884839287756051e+00
5.809079123059950334e-01,1.019993278875662490e+00,3.112417037880526038e+00,5.691526856406760260e+00,5.725987209045667825e+00
1.555942130383017208e+00,2.750647930371382888e+00,1.347428449895436087e+00,3.755653641670556042e-01,2.089682514268827340e+00
1.358955457214158780e-01,4.402681913040943362e-01,3.616177236221002289e+00,5.628813128553359135e+00,4.405445560087406953e+00
2.863298791190287407e-01,1.095446573753029451e+00,3.209814770193851086e+00,8.000381248692132186e-01,8.295416013513150943e+00
3.124832711449496703e-01,3.680807352766049423e+00,9.653076212465707684e-01,2.637938375362403942e+00,4.011174160509280995e+00
1.466687682268856263e-01,7.504320632200018881e-01,4.201187084210888933e+00,5.313169088888498592e+00,3.227163549328510239e+00
1.000973323543093096e+00,1.633309107317231890e+00,1.927363448536446366e+00,2.469935871575493103e+00,8.038298264095596224e+00
2.346729625554500875e-01,6.742220679722576993e-01,3.860770910718633431e+00,5.650192350763334481e+00,4.214768988388900794e+00
1.312124317942585938e-01,3.236758435485456165e-01,2.032947927985437608e-01,7.295060448838979195e-01,1.004821828270556061e+01
3.183846209600185162e-01,3.176943598286945392e+00,2.520357862092125423e+00,3.152319249759231390e+00,4.522837629846732099e+00
2.816944716056972720e-01,7.226783688778872783e-01,4.839486803920582503e+00,4.686583471615971774e+00,2.296887650767779121e+00
5.610161974902465598e-01,1.297854603015896169e+00,2.928172637300187731e+00,1.517821148455350988e+00,8.544148015577135880e+00
3.796818232973689922e-01,3.015887508315657772e+00,4.420906703381087155e+00,2.090470474709992921e+00,1.743415649366401254e+00
8.363468227750914252e-01,1.457965350733634757e+00,1.093546791789167472e+00,7.103938044025217557e+00,3.024755860310994304e+00
3.210962248627194926e-01,7.904414205230106960e-01,1.560238825552693109e+00,8.347107345107201981e-01,9.750278916220491254e+00
1.318103850158069967e-01,3.961722326053416232e-01,1.964740089781984445e-01,8.806827497787749204e-01,1.002404875294919506e+01
3.634700045243710598e-01,1.156219488844578702e+00,6.094181995616297920e-01,8.265665258256886805e-01,9.836254462726341075e+00
1.097125896441115966e-01,2.035764045999506888e-01,2.196509192819301237e+00,1.936814539960380888e-01,9.469794990490283837e+00
1.282867956684910216e-01,1.703094223206777502e-01,6.553101666115480617e-01,5.529079754977218597e-01,1.004992750119074785e+01
1.941502939710825437e+00,7.901940140362528897e-01,8.380694743081080755e-01,5.652069159382833163e+00,1.546071713917575252e+00
9.729632333517802822e-02,9.821647954742705744e-02,1.179120116942820873e-01,5.611215332706597225e-01,1.008030213239382533e+01
1.182702361778406264e+00,9.116918706532042282e-01,5.288656185408681765e+00,1.106441421040985862e+00,1.374097367107708578e+00
9.719335795891721752e-02,9.825488739166990393e-02,1.210099859773859921e-01,6.335578083080117828e-01,1.007448142010194481e+01
7.844665520790466973e-01,3.486773001153948393e+00,1.618741158840337313e+00,1.941479200314511377e+00,4.961908633532029711e+00
1.175043668317905743e+00,5.331084001386041660e-01,6.298858134423950261e-01,6.286715147972893325e-01,9.046028753971466330e+00
6.125354699343245057e-01,2.368670282866196519e+00,3.077456140975105559e+00,5.061637202029525717e+00,1.407751898430748883e+00
7.194372056283114825e-01,1.998989915454364441e+00,4.341883398687865991e+00,2.560126320674664502e+00,5.595193799554634140e+00
1.170315016557191390e+00,2.216369899217126793e+00,4.117612097361349477e+00,3.535365602719782174e+00,1.115432800375376177e+00
2.194489757733223134e-01,5.100731569493458517e-01,1.692318244246024062e+00,2.098862782342883815e+00,9.577782250350288962e+00
7.732600149467928619e-01,6.493540737202849744e-01,5.400167340337279853e+00,1.571268173687689007e+00,4.918261494866552397e+00
1.992952577052964636e-01,3.936504362098981469e-01,2.721483024964046926e+00,1.107805832293546899e+00,9.104382177966476419e+00
3.368562450117191243e-01,2.108416884913894673e+00,2.796199961256971456e+00,6.228661043267787356e+00,2.827540541125901807e+00
3.720575168226745721e-01,2.684667468039159566e+00,4.184042980371197373e+00,2.982756933993163884e+00,3.744459663845841391e+00
7.425662378137984909e-01,1.934039109761160891e+00,4.588830703526550536e+00,1.995572150420445778e+00,4.629495909715673818e+00
5.860570578393071717e-01,3.985865899418742364e-01,3.127962821358499790e-01,7.299911611630581776e-01,9.978782658277790318e+00
3.399343197127012717e-01,2.466180920529887022e+00,4.794306897842767201e-01,8.194221425035168593e-01,8.383609240392891238e+00
3.713490303203530463e-01,3.484564722567016659e+00,3.724837021417595206e+00,1.193843732913751232e+00,1.314115821321000022e+00
7.660579380347070089e-01,2.239163983380694667e+00,3.543725178805703369e+00,4.646051462880199878e+00,4.837477461127513978e-01
8.497002532175035316e-01,1.859042170411344896e+00,1.052599178736412178e+00,3.920507556866681842e+00,7.760946736312105187e+00
8.009158968762732922e-01,2.032371744163190108e+00,3.638909619045021859e+00,4.781508157910682399e+00,7.486133774088640225e-01
6.399626258316996052e-01,3.016507919756074574e-01,2.899357558684316216e-01,6.910969898405178169e-01,9.907132513664361539e+00
1.420401124802187054e+00,5.785916145571150526e-01,4.630486714167779461e+00,2.267733122519693278e+00,1.007503936371496822e+00
4.506482186144040725e-01,1.413658526984139741e+00,1.326650693041998785e+00,7.440018906176208091e+00,2.927438915393626218e+00
9.721801367578981889e-02,9.825251217963774930e-02,1.206708875226928657e-01,6.284851621594439441e-01,1.007494139692609991e+01
9.728686789380332212e-02,9.822764289425314765e-02,1.181391312501942348e-01,5.635536538041663324e-01,1.008010786417955096e+01
1.238774319205944163e-01,2.341832856811831010e-01,2.134263977901170062e+00,4.643476886621532351e+00,7.599205763150083115e+00
3.234730440638771132e-01,2.764819299438947109e+00,3.383865392509711967e+00,3.656022557178884469e+00,4.054211135968815327e+00
4.751148044364185141e-01,3.399476207751123802e+00,3.337671236059168489e+00,3.829399408198745025e+00,1.413914074844738966e+00
7.058441565737630929e-01,9.997224878049999486e-01,1.824678656984728198e+00,6.133104579224053499e-01,9.108509162306845042e+00
5.338331205144976055e-01,3.296451190651514818e+00,1.319829995492300290e+00,3.167605508233150235e+00,4.807009277717106954e+00
5.697984521352286169e-01,1.797707952109194540e+00,2.517905006730507100e+00,2.076924350211108106e+00,7.794480613950005576e+00
4.415144046183185900e-01,3.068058934057695808e+00,1.545335758163923323e+00,4.217960465047812413e+00,5.559445718831153016e+00
2.572378733808980411e-01,4.588167056811807698e-01,1.512302493732565534e+00,5.220755802955995506e+00,7.545968394417563729e+00
3.366857548899980790e-01,2.240590363305960953e+00,5.267683542253258189e+00,2.399038967494593333e+00,6.190976989165142275e-01
1.817337250245014690e-01,3.743908374955782770e-01,2.669582196773571781e+00,1.313732967514887218e+00,8.985094271798356402e+00
5.203338668545274270e-01,6.134015142598824299e-01,4.946292912333546177e+00,4.358429589208354216e+00,3.882188277300608448e+00
1.120151622130964447e-01,1.462899694761662928e-01,1.310373788238146375e-01,1.105495421033152015e+00,1.002546119070775887e+01
5.133049549241880394e-01,2.211808026717863918e+00,1.945943742364179219e+00,6.653538698242041249e+00,2.387188462005498835e+00
7.686715188467874160e-01,6.458344849103809793e-01,5.390199690972588442e+00,1.568321711103023874e+00,4.935770817731640392e+00
2.384586668566965328e-01,2.065739846473724217e+00,2.496229086675259001e+00,1.320998496573243752e+00,7.994142396824674535e+00
7.291922070237772946e-01,1.119073193997875304e+00,2.003238383397121680e+00,5.687942444616117754e+00,5.733797608192864104e+00
8.590703223500256724e-01,2.070815103793244294e+00,3.931739583082793921e+00,4.006506244908679903e+00,6.278622515076481836e-01
4.312487635855299928e-01,2.781152897728397910e+00,5.902495916515597685e-01,3.991915436207368550e+00,6.431541420429952360e+00
6.519788537421159491e-01,9.427734373131777534e-01,5.726866753106767405e+00,1.550976852425985264e+00,1.521368722090143732e+00
5.286693310587384786e-01,9.811723074158611446e-01,1.925312523879891380e+00,6.187425029575310376e+00,6.271844589509152357e+00
7.733527494304168748e-01,6.494205182418183453e-01,5.401241797060997385e+00,1.559771334424942646e+00,4.919532434865864445e+00
4.561803442326512470e-01,4.152212589175658941e+00,1.609263771860733216e+00,7.855321529764225374e-01,2.498853143476679861e+00
5.722449873918453722e-01,7.811957437496092060e-01,1.066301035167683819e+00,4.239789380905416571e-01,9.702534137652312651e+00
1.387096540810191236e-01,2.643942534925227683e-01,2.641671656288818060e+00,6.287614032290720356e-01,9.160386347141940888e+00
3.732004332781495570e-01,3.347555122954449125e+00,3.963124430252486619e+00,1.589791021772745561e+00,1.493859743638517701e+00
1.061879821948966823e-01,1.242682089052203759e-01,2.088002660527786269e-01,5.378241808227798293e-01,1.008749373108056524e+01
5.372590452181082998e-01,1.458456982426604265e+00,4.407082148989220016e+00,5.476825041947016359e+00,2.499484567299814053e+00
1.090878513081126489e+00,2.055673555665748609e+00,8.648947323869320414e-01,2.860747147588811323e+00,7.728016306822292236e+00
1.853736827574277157e-01,5.312041416342263567e-01,2.086780749784893918e-01,2.784498070527780200e+00,9.543159885786039354e+00
4.891868541849643814e-01,2.279796108713051606e+00,5.746138063396724505e+00,9.885868098078048893e-01,8.367511669103295802e-01
5.111338233223871041e-01,7.797205324365783508e-01,1.239705475958399417e+00,5.505849883621662499e+00,7.344261323155152787e+00
1.357342758703652841e+00,3.068616925677248863e-01,4.651385577088511525e+00,2.816051314751444323e+00,2.242767498242953295e+00
1.809336745342467356e+00,5.174419677071282475e-01,1.172058934896374804e+00,3.945702622237172275e+00,2.364716200294886495e+00
2.311419222438020338e-01,4.840351151029641530e-01,3.022287973685747975e+00,5.931282414276059178e+00,5.061581090624444279e+00
9.113664946951876011e-01,1.688861251446474698e+00,3.018631233185848917e+00,3.932895693914235657e+00,6.139409087128304243e+00
2.972646665107039898e-01,5.811441406322739311e-01,4.010382109508817017e+00,4.381426297928295632e+00,6.098188948908472184e+00
3.332371887326055493e-01,8.231058179566936861e-01,1.186269989859222163e+00,1.642675371490515346e+00,9.630490525629101128e+00
1.499004596848051429e+00,8.188928210156296572e-01,9.145078828232127144e-01,6.862125362754186497e+00,2.420913876218617311e+00
6.528003277785350278e-01,1.804507342364656486e+00,4.678210718550874225e-01,7.442601755631545579e+00,1.372981866403931051e+00
1.318375328320421924e-01,2.229654204828990516e-01,2.180810968449197418e+00,2.525602089852071463e-01,9.515429777196469985e+00
3.710284829517604410e-01,4.740187982441831371e-01,3.396916173769352287e+00,6.405891117479729502e+00,4.054989362843909539e+00
1.802667910762952408e+00,8.276018996828903296e-01,8.248648417515765940e-01,7.278507143083073672e+00,1.350828673359959042e+00
1.109260411388559575e-01,2.066661004120308731e-01,2.245748865886895373e+00,2.078311514754742628e-01,9.440291237835307214e+00
9.948935608819337029e-02,1.151355067424809087e-01,1.000005547975775511e-01,7.437660908398852078e-01,1.006567305894303210e+01
1.064971340871924688e-01,1.608709872690537723e-01,1.457627287456892407e-01,1.237490514824625132e+00,1.000036947914697905e+01
1.932419414236479505e-01,4.690310818077213506e-01,3.609903144637306216e+00,1.827731254342784828e+00,7.954259051447087003e+00
9.821274007056848832e-02,9.958037709167699703e-02,1.269402373707713694e-01,7.326566404259884369e-01,1.006641298559585351e+01
4.297407314662957667e-01,2.380902571160341985e+00,6.655083208152413610e-01,8.055484103170517107e-01,8.243946997171862634e+00
4.475055775433752769e-01,1.934302660734068091e+00,2.373722350532769809e+00,4.405712263197973044e+00,6.174690272814116199e+00
1.525260306325999515e-01,1.803784245779517237e-01,6.881834842696789023e-01,7.414528102567889967e+00,4.201046277087454150e+00
1.963013400807226860e+00,4.142418242035325604e-01,1.408385879728759615e+00,3.263318034112058896e+00,3.881702035520365079e+00
1.238998033402131771e+00,1.181116253938879979e+00,4.270361441561153271e+00,2.139956208628439160e+00,5.578300823020345689e+00
2.917276978700621415e-01,1.456086880654277937e+00,1.489084542053187965e+00,6.761276175110027431e+00,4.822505456557280468e+00
5.895419907118909508e-01,2.644791807172436116e+00,2.994376214804675751e+00,4.291663137513388016e+00,2.996138405146197670e+00
2.271935790502632724e-01,2.970371479162625672e-01,2.489708019148696161e-01,7.079897727285446862e+00,5.185844480400201739e+00
2.104720862878753929e-01,2.709938501190177207e-01,9.931853327064824599e-01,6.930098766908001195e+00,5.177873918315491153e+00
7.886751642611677937e-01,6.401724746017989354e-01,5.470966520498086183e+00,1.127121503141702341e+00,4.812683564114598411e+00
8.505097035519117998e-01,2.118785669489912316e+00,3.897306834584874924e+00,4.077450557096604200e+00,8.478811599700711854e-01
1.473469055176075404e-01,1.272592279427583017e+00,4.942463336497546766e-01,3.687298716667541054e+00,8.531509123995654420e+00
1.716894383024727411e-01,2.755760545695543628e-01,1.776405953666490900e+00,4.207087133036880644e+00,8.314380509239553518e+00
6.030009074628034371e-01,2.107336913345021490e+00,3.414497137589184828e+00,5.382380973979112859e+00,2.276656347767166633e+00
2.382064136166332780e-01,2.227471398304705641e+00,2.626575018035055553e+00,3.015913549994888587e+00,6.874861770152649321e+00
1.031691995712733068e+00,1.227706861458212728e+00,5.047205758334336601e+00,4.401126841065737594e+00,1.182565857169050716e+00
4.325682246109487927e-01,2.331387990875727123e+00,8.377945149887557896e-01,6.630635439509210194e+00,2.964680743238232719e+00
3.568988338182826348e-01,1.976749539693356095e+00,2.647504832108598993e+00,6.632769506346391175e+00,2.576997499321538321e+00
3.354220403272691331e-01,2.913311802390221583e+00,2.931164049045880127e+00,5.071944041295283867e+00,7.769932413684321748e-01
1.031040725051150242e-01,1.471108090462378559e-01,1.298953998575295143e-01,1.119625685810751392e+00,1.001729868546629376e+01
1.062927205372408812e+00,4.176113290722266447e-01,5.254303562991443854e+00,5.269585677323055384e-01,4.412893158577223751e+00
1.477998429853550899e-01,1.897082048236006513e-01,8.877512422382709545e-01,1.795277955998942632e-01,1.003215013324870419e+01
4.692462317873645206e-01,2.134187321549843919e+00,8.507679734589504994e-01,7.534893888959927066e-01,8.577442815262864784e+00
1.689258792742329263e+00,1.117405894593927140e+00,3.830630885141964814e+00,1.444037581317203722e+00,4.328337751340992412e+00
3.651386863145514861e-01,4.071344312232389462e-01,1.699389325729436351e+00,4.120374932911780697e+00,8.574768193743903311e+00
9.510536393230125674e-01,2.014333386709201257e+00,4.151104588643618420e+00,3.701552044629969451e+00,1.085853417728476877e+00
7.529971812931410824e-01,1.936106577406352836e+00,2.934558164293718630e+00,6.333389334569090146e+00,8.954114539180537680e-01
3.434906621494011048e-01,2.734654282552684723e+00,2.385077201039503159e+00,4.694767156855749413e+00,4.681041693073196619e+00
1.185905249882405615e-01,1.975284501522401315e-01,4.620268805887876029e-01,1.578001098971281435e-01,1.009302278076564008e+01
3.671109923956279442e-01,3.739119233857085778e+00,2.275594441146383762e+00,2.503053509568540669e+00,2.715929227012401359e+00
9.826540316529553953e-01,2.581935130874525974e+00,4.310674996117234592e+00,6.420038683095210530e-01,4.389427976117098673e+00
9.771263344823122310e-02,1.151789837989493637e-01,3.462557548826004639e-01,4.685458804959336199e+00,8.278225495659652822e+00
5.653333767171988544e-01,1.629329678042102492e+00,2.920967102712093588e+00,3.960495958123391613e+00,6.704598855768442611e+00
1.110325026530939452e+00,6.409391420264214378e-01,2.534743853840237815e+00,7.170460915870988661e-01,9.259442070699584804e+00
3.739811943174025100e-01,2.247500792742160414e+00,3.855160528481356597e+00,5.109767656873273722e+00,2.845856597508956920e+00
3.358289189806532571e-01,1.742626037407711159e+00,2.972960109050965194e+00,4.111589681600237967e+00,6.784116113609393039e+00
1.123280516504958776e-01,1.237719395138629774e-01,1.123157771350079964e-01,5.326427119037600022e-01,1.009768859546548470e+01
6.437921089584519585e-01,3.014338804752111578e+00,2.023978115210056661e+00,4.827636754119793316e+00,2.209170436105559521e+00
1.013004118222631672e-01,1.184681679675037708e-01,1.051798729516482400e-01,7.957623221112338774e-01,1.006017526830426156e+01
1.164897850241806143e+00,4.171703140039700886e-01,5.395096508241439714e+00,2.085448152591423021e+00,2.522022647929373917e+00
2.936424514748537939e-01,1.227102348033034529e+00,1.468589226757309518e+00,6.484058929933989468e+00,5.734506266472176428e+00
9.302250604550226232e-01,1.018035142645490332e+00,6.074169614559988162e+00,9.528280294531236150e-01,6.621463238595071132e-01
4.713752523331699029e-01,4.327270419903100240e+00,6.952558576607703600e-01,1.012603795305321075e+00,1.218000132739840646e+00
1.052951512410842394e-01,1.260524903230245131e-01,4.787002194837847169e-01,7.133903496489466534e+00,4.826395187073321047e+00
9.853012557476117927e-02,1.116895462879577278e-01,9.902292142886751081e-02,6.160382868839919812e-01,1.007590362091529457e+01
1.912992225305187310e-01,3.630137286319856105e-01,2.400780244663034968e-01,6.818096714829644078e+00,5.744858260155442764e+00
8.173254141416950169e-01,1.651973266080689173e+00,4.870524800221120110e+00,1.763389533646634977e+00,4.679545714966947045e+00
5.252378228652986314e-01,3.440967598703209340e+00,3.321207329247148898e+00,3.984692116595417222e+00,1.586919943297420588e+00
1.992488621028159212e-01,2.642796691962797651e-01,9.263463478239089000e-01,6.871324852678400319e+00,5.334471769141809538e+00
2.119723061390277608e-01,7.052357544518236265e-01,1.686702113748498544e+00,7.680414600978836326e+00,1.596321182983140741e+00
1.417160216660554806e+00,8.639858840891805336e-01,4.154409418219689343e+00,2.645582442854718774e+00,3.514427298442892589e+00
1.359259192983619302e+00,1.676019237634115200e+00,2.762437182016508785e+00,4.437784943258384907e+00,4.585272891136145113e-01
2.318229133415842802e-01,2.998499992300523997e-01,1.444743559172083636e+00,1.568510776854365130e+00,9.838432675318346199e+00
3.241561683610242328e-01,5.936644405844805350e-01,3.447362213846781209e+00,3.928668641460722810e+00,6.745896678252049306e+00
4.147726722144620681e-01,1.508377950146583268e+00,6.198590405023499672e-01,7.060334917643060315e+00,4.729176078399083494e+00
3.407657925443207669e-01,2.601230902899565045e+00,4.664082639222205451e+00,2.562092804884628983e+00,2.428141171549614175e+00
6.821665594429470181e-01,2.516570526162580368e+00,3.044762774161978047e+00,5.059876321933685972e+00,1.578792237883482885e+00
2.915640662118901827e-01,3.547412198264185523e+00,2.345802540238402845e+00,4.691280877890666723e-01,4.328144185936125155e+00
1.178232101307791074e-01,2.384927173132128098e-01,1.234932292422209754e-01,1.638675866568292339e+00,9.923980932762482610e+00
8.486747533495729856e-01,1.469866420895593384e+00,1.719001299122302928e+00,7.264761637135751293e+00,1.611416837145880354e+00
8.306945026478083083e-01,3.809847421337597684e+00,2.093913835078263563e+00,1.679367703187532257e+00,2.399607335301469302e+00
4.574289654948073824e-01,2.293051571121785592e+00,2.576038187076970853e+00,4.275316169830338353e+00,6.278067732188626238e+00
1.979130731974459712e-01,2.845567129691913832e-01,1.669027370774591512e+00,3.594289754938531978e+00,8.887484777541940772e+00
3.712045159758905477e-01,3.541860834908006517e+00,5.516111456475516484e-01,4.323828062691861263e+00,3.093782101852940780e+00
1.012856137131203482e+00,1.876301306770358224e+00,4.353328210360441375e+00,3.294131270478170670e+00,1.558499631856218315e+00
1.576525574083104786e+00,1.531805038884067383e+00,2.392485640538158265e+00,3.971335846332412434e+00,3.421363866019256683e+00
1.251207354667347171e-01,1.541595594403457059e-01,5.424291671751629851e-01,5.844139255116243881e+00,7.061005727023542455e+00
1.511044388683667083e+00,3.334147037768823374e+00,1.603534911095948701e+00,8.723383839490266300e-01,1.030111372556343330e+00
4.081861469965853417e-01,1.472304797676119215e+00,5.897838732855766875e-01,7.026885876540682752e+00,4.875456187592580370e+00
5.628247974989643021e-01,2.891380482415203179e+00,3.016632582351019387e+00,3.280586237563531071e+00,5.242878223644200197e+00
1.518932934906141730e-01,3.447171188729894475e-01,4.595610255669601685e+00,5.267609584389753685e+00,1.707935545330026672e+00
4.332042518260707520e-01,1.432993956583211936e+00,4.921969416487320892e+00,2.378666738053181184e+00,5.182682922786288948e+00
1.774438221646101599e-01,2.820932577547418107e-01,3.415464505763744496e-01,7.890080920556493460e+00,2.588773012480853897e+00
4.577541297786879015e-01,2.425625057149759289e+00,5.017534657581188995e+00,1.230333173282075698e+00,4.178011950677547048e+00
1.590508829262484436e-01,2.509874767091196945e-01,1.994338567489071457e+00,2.727335559121596420e-01,9.671267341634754544e+00
1.727301729324046131e-01,4.466362125609316114e-01,1.058918585640179044e+00,6.391772273155640338e-01,9.950624930328185513e+00
1.396991143983223604e-01,3.520508989782298870e-01,2.178034970483568311e-01,6.827720405053696595e+00,5.494186693221925211e+00
1.406219604881199237e-01,2.450860592168029872e-01,1.292251872158756365e+00,9.171093050928218471e-01,9.849569017110153979e+00
8.663170971113108854e-01,8.839041542454473266e-01,5.594717480301842016e+00,2.815155568835163269e+00,1.056995056622434426e+00
2.148046903579583500e-01,4.984032827730401904e-01,3.527358890815587289e-01,7.929820369263625324e+00,1.913131853013183781e+00
2.123793321336400752e-01,1.956438094703937480e+00,7.509086869129673047e-01,4.799724379344632474e+00,6.786547623415492225e+00
3.728969005183830898e-01,2.853756863046107206e+00,3.009048822803736645e+00,1.718727762413620352e+00,6.294999444122600707e+00
9.767382215534577139e-02,9.947061561286651976e-02,1.309953652273829761e-01,7.536140199834439057e-01,1.006346683274630749e+01
2.102572525809194293e-01,2.747051303615660744e-01,1.378673177070029565e+00,1.536838657344715031e+00,9.841452460055965190e+00
9.802985527211152128e-01,2.567599967817888906e+00,7.771875051166438064e-01,4.753072826242769722e+00,6.801955566979835055e+00
8.973415559825650423e-01,3.794949601351323309e+00,9.327411480842120461e-01,5.917588755300010606e-01,9.612911700833092210e-01
9.796153432488059476e-01,1.512776928843989177e+00,2.965936264374263498e+00,3.811069180991743632e+00,6.121577915453700669e+00
1.521489097916150224e-01,1.911817902838195693e-01,9.430192048731562693e-01,1.135943400134473036e+00,9.972908166135376007e+00
1.070064958771047570e+00,3.799604391085338762e+00,9.611701509221708406e-01,2.908860869535568217e+00,9.442115712480172451e-01
9.697243165999171188e-02,9.806252921945593504e-02,1.211710898740040593e-01,6.386421403456449264e-01,1.007380278597391765e+01
1.046583499480522039e-01,1.386087011504601174e-01,6.141809559694567655e-01,2.198669956988678620e-01,1.006489816681349225e+01
6.575667210004962904e-01,2.238944649538199272e+00,3.267761557939374839e+00,4.985140499662312763e+00,1.139781364478387404e+00
1.530151433562663144e-01,5.086287883455883341e-01,3.178789686829119332e-01,7.801013769547326504e+00,2.674093047913288057e+00
3.514831693952894520e-01,1.670926224186078723e+00,3.084529621800677468e+00,4.088922399498671645e+00,6.828100079153712976e+00
5.257039317907935549e-01,1.706627731665603109e+00,4.421196425940776109e+00,8.334909402014731850e-01,5.920819414892790178e+00
1.124463616400808386e+00,6.430102448683212568e-01,3.866636413701332042e-01,7.516059358472394258e+00,1.504723862114043076e+00
3.408412836901328902e-01,4.024377177301118991e+00,7.705482927945128679e-01,7.768396289519486908e-01,3.258125132846337202e+00
4.187515966311952664e-01,2.144140606626608658e+00,4.034489985837178772e+00,5.614585454736021219e+00,7.259872765333741373e-01
1.041519637437849255e+00,1.203363567407024881e+00,1.426714765182791389e+00,3.896275992881178318e+00,8.322358969749345192e+00
1.733570510905645956e-01,6.181231853822708455e-01,4.763760981437230591e+00,4.106529443504797428e+00,3.928382803486186070e+00
8.870675291505359938e-01,3.439672203105267889e-01,1.201848430734445028e+00,5.597246708798286008e+00,6.861360412233197259e+00
1.026560834090805674e+00,2.111339592596645609e+00,3.628791804189770431e+00,3.054459825965556874e+00,2.841268705748285051e+00
2.233622995843307091e-01,3.654897197303775824e-01,2.113709644123968001e+00,4.086060546136448757e+00,8.376790517428386096e+00
5.683497282418373819e-01,3.819092837534002749e-01,5.858009575852778816e+00,3.066163392678757038e+00,1.878610968220246757e+00
1.051011801613297575e-01,1.143065476435873862e-01,2.671249432319585670e-01,4.183290006141355377e+00,8.703354785535768912e+00
9.721501090112801002e-02,1.029368156109364829e-01,1.250258719192658408e-01,7.163837366980069232e-01,1.006688171668905341e+01
5.041668765033537891e-01,2.591518423438795793e+00,3.601899347006724650e+00,3.768729494936982505e+00,2.010984693401248080e+00
1.891174253912810022e+00,9.131587471778013221e-01,1.504879633930543470e+00,1.666849784010316471e+00,3.931902101036540031e+00
1.180389269193346247e-01,1.315169393506882556e-01,3.158899126845248206e-01,5.239292988897961578e+00,7.788911516997128359e+00
9.832919256980669764e-02,1.132923771167756027e-01,9.888942947565031172e-02,6.378523954160612019e-01,1.007432498161922396e+01
1.567606233491476431e+00,6.868599666528503178e-01,1.281678957549789333e+00,3.042595203312245644e+00,8.292560110859756861e+00
8.510216360949950376e-01,7.394337448330088325e-01,5.026421875618928503e+00,4.583745997887103130e+00,1.105476501625395791e+00
1.028244823190678919e-01,1.188647492670702605e-01,4.691072626656658251e-01,1.654542356376257350e-01,1.008187069528989710e+01
5.602269371937491638e-01,3.555977372218863231e+00,2.249214108797174205e+00,3.730524304231543908e+00,2.226883564780085756e+00
9.201026217468377677e-01,4.043367078872269760e-01,4.903430370443039310e-01,7.535913398446170142e+00,3.493872473173039506e+00
2.060154176129160575e-01,3.937189784528963288e-01,3.944113954649012932e+00,8.773758347061113572e-01,7.921406296034115613e+00
1.413147664506317902e+00,2.947848823583835820e+00,1.875898193237165223e+00,1.034722477562192378e+00,2.102980580597008764e+00
1.057695544508013008e-01,1.880898771256884205e-01,1.186515492214900436e-01,2.954693292201923338e+00,9.435158661594224228e+00
3.424977325167107289e-01,2.532594818917859314e+00,4.572779633217847639e+00,2.883451758760486872e+00,2.825226866021686156e+00
1.857291588619943035e+00,1.434366011404310415e+00,3.403773911526388307e+00,1.667431904128352960e+00,1.646477426670378552e+00
9.884084029243909164e-01,6.560403025890998441e-01,2.147463332250360235e+00,6.279011965876584611e+00,5.738885650512035141e+00
3.765862801235616009e-01,2.897668976089801340e+00,1.843180495784437323e+00,4.171385116787948100e+00,4.909808029765601489e+00
1.564202682097278307e+00,5.246793709194393918e-01,8.284430778618447899e-01,6.068601358815620905e+00,3.848465743686669160e+00
1.099581617579490495e-01,1.388792278529702995e-01,4.429007030138754630e-01,5.341379195263577628e+00,7.653068446477647058e+00
1.203684451951259726e+00,1.920052523633516639e+00,2.615328301862974048e+00,6.199175035896154817e+00,8.844549991836196945e-01
9.606332794209448966e-01,2.519707360752651226e+00,2.386894050373849385e+00,2.552442991816296303e+00,6.076776286101406299e+00
1.088632552291219496e-01,1.284593757227578681e-01,5.572095554330626088e-01,2.580767362672441223e+00,9.587856581489457852e+00
9.805579271592284041e-01,7.129929266894149409e-01,4.472455034568956656e+00,5.769759132364175258e+00,7.030837700870723461e-01
5.535536195640115009e-01,3.156218798283996207e-01,1.965468981315819041e+00,1.919840695212595483e+00,9.365087480593468072e+00
1.789667458155832058e+00,1.950019292509556301e+00,2.903183278331844530e+00,2.878112378078841793e+00,2.724076028705691765e+00
1.062331760492946503e-01,2.326023968633852967e-01,1.061428638795233331e-01,4.721013913594322098e+00,8.252108243432319412e+00
1.069375132616358637e-01,1.144915191163922569e-01,2.044732536136991130e-01,1.297840139211467347e+00,9.989528673734282549e+00
7.846095651684656946e-01,3.795862381489581439e-01,3.722177946920098845e-01,7.718486944176259357e+00,3.168692335652487202e+00
1.011423451354794417e-01,1.203846382774488716e-01,1.061384535293006248e-01,7.816374413719687775e-01,1.006144536623767927e+01
7.126176906986703141e-01,4.913899044012773887e-01,3.978260043786523870e+00,3.375419109395916273e+00,6.759497574454294444e+00
1.778801014272408387e-01,7.037291887725474204e-01,4.509053107399038085e-01,7.289554874264383422e-01,1.001396917102369777e+01
4.191595481502848330e-01,3.553625176920963469e+00,3.751101163436910468e+00,1.380175023012712998e+00,1.284810571852131877e+00
2.362937521370100935e-01,6.421945989541977262e-01,5.233972438334573596e+00,2.058088742610114874e+00,4.575483771754575102e+00
1.455325598124053821e+00,8.564028864680444109e-01,2.447054674312571620e+00,2.807629242675298009e+00,6.761419964196703880e+00
1.848010790620689292e+00,6.975555193890019545e-01,7.734270692591266316e-01,6.029179016312736117e+00,9.287840366228219402e-01
5.387998888782209450e-01,3.293586683469034160e+00,1.865003663237070342e+00,1.885697452661330153e+00,6.252827845426223163e+00
2.504373474127669086e-01,3.925341838889440105e-01,2.780273144082201053e+00,6.976447300182688771e+00,3.083550995507588599e+00
1.013125316114031005e+00,2.989382415633693668e+00,3.307668399378814517e+00,2.826127487527161808e+00,3.148349455185289969e+00
5.118874004130343769e-01,1.420038842429617532e+00,1.490737550739685391e+00,3.196480795596397861e+00,8.460938364899071473e+00
1.007890427779331854e-01,1.203454517474976254e-01,5.113961600107875816e-01,3.396706143278472201e+00,9.182943799064711143e+00
3.159083857536144624e-01,2.581370546202749860e+00,3.935024898777338631e+00,3.936823337897931818e+00,2.952980345441656773e+00
4.326549966093910515e-01,3.721463529824850625e+00,3.316623959354433993e+00,1.148429695108652560e+00,2.060598866513810634e+00
3.351106989401524405e-01,9.295564182475239967e-01,2.754714887431680026e+00,6.092229101010603998e+00,5.474955808916175393e+00
1.049359506503550810e+00,5.030986279015196017e-01,5.785924670381866974e+00,5.488764408961024355e-01,1.475494912867150621e+00
6.800890989834236233e-01,2.676680064457951147e+00,3.632968842714482616e+00,3.784031734456279938e+00,1.829634267923376800e+00
2.651324574911675946e-01,1.446433700137363498e+00,3.314309344874470042e+00,4.941743092589804931e+00,5.197735563433766082e+00
4.016382304127084080e-01,4.092424788777536682e-01,1.486999607057406525e+00,7.686991956434646944e+00,2.718824313640983092e+00
1.132389959721637362e+00,9.593743825274778647e-01,5.550359271951240459e+00,2.013146100996750398e+00,1.431320778188402087e+00
2.711077970321441599e-01,4.714927879339071981e-01,3.765296629254280880e+00,5.317773911214629390e-01,8.255351967200883934e+00
2.920772022041809857e-01,1.933211704008049203e+00,8.717987657274741675e-01,4.686680429913332446e+00,6.952680268327004143e+00
4.068023508299717372e-01,1.708136602213917055e+00,2.580371981712752394e+00,4.638206908004377738e+00,6.852705823375274008e+00
1.798557453905466619e-01,2.550208065975899663e-01,3.908064795939804048e-01,8.041204629754524547e+00,1.678123788661112670e+00
3.035774992668118233e-01,1.477292880009381859e+00,3.384996709523407699e+00,5.069812430185068663e+00,5.016391334160624993e+00
7.595971400347307778e-01,3.589543439134642022e-01,6.038157184657129584e+00,7.742768645250763804e-01,1.907714001358085554e+00
1.428993380362088006e-01,1.882281046586273821e-01,6.228955503418901474e-01,6.001035641652844532e+00,6.857023359401588358e+00
6.444881875622838763e-01,3.776380978194378013e+00,2.751272528924095795e+00,2.246307364692338826e+00,7.177207239810301509e-01
1.198249942004737889e+00,3.698784827825375654e+00,5.200345940297137481e-01,2.118279777255701823e+00,3.202252535120279298e+00
1.482261109095110441e-01,2.536014376279500104e-01,7.859313554869379326e-01,6.526484379330618424e+00,6.044644909576722291e+00
1.846343292543133341e+00,1.993187053752795368e+00,2.013467825363543184e+00,7.886608504278459497e-01,1.258257445690082355e+00
7.381283089313395163e-01,1.681707089031337476e+00,3.459701781280921651e+00,1.187165308061350455e+00,7.649321228623971791e+00
1.789129546785673153e+00,5.010142417628117295e-01,4.501669739866888342e+00,9.098188568384977248e-01,9.289354941203247229e-01
1.148051316144620415e+00,6.414701286087703958e-01,5.164943341004024191e+00,5.791349868311880256e-01,3.177057180064589925e+00
1.349260805722308221e-01,6.768681750369988093e-01,1.869732106714941722e+00,4.160124663478574902e+00,8.123978409668040968e+00
7.854745230759925256e-01,3.447791311207397680e+00,3.556955291750716786e+00,9.646667018216508183e-01,1.139112699622388369e+00
1.430630439770621321e+00,1.745375322444619126e+00,1.555483269609154728e+00,4.904696093274857560e+00,6.189769300627138371e+00
4.003730181799886600e-01,1.673507245557588563e+00,2.564044716899153808e+00,4.638123544505251772e+00,6.910000072275122029e+00
1.631227462637866665e+00,2.360938541223752907e+00,2.572766157839597057e+00,4.047517496404275050e+00,1.247773295214358980e+00
2.218190283128418927e-01,2.735046576159876786e+00,4.082381472447509374e+00,3.106233146322038952e+00,1.486623220985021865e+00
4.665304347232913651e-01,1.678963956748314335e+00,3.252355206590856973e+00,5.989414292444681820e+00,3.744866845244896325e+00
6.194557619040648166e-01,2.059250181630651877e+00,4.074641759983611777e+00,3.345736016194199358e+00,3.721953698296565971e+00
2.889974939213307836e-01,8.568960635154208028e-01,2.146886848111204671e+00,4.401298619694118841e+00,7.875969148968800404e+00
3.588418206181271941e-01,1.798933584002135655e+00,3.342423367376474719e-01,5.345363818240292941e-01,9.219707405422271407e+00
1.349769934557677242e+00,3.153021026244994474e+00,2.497988514760669077e+00,2.004297491071651116e+00,1.953887426640703806e+00
6.708485701356929898e-01,2.698962889745963878e+00,3.451553529093666750e+00,3.400010822580468606e+00,1.869241311457761956e+00
1.518598591902213579e+00,3.048046775451086710e+00,1.947816890339218787e+00,1.044403142325294631e+00,1.807023492307401558e+00
1.952044198742054482e-01,5.632322877353994617e-01,4.021877501472509442e-01,5.764540750286142767e+00,7.133912134104877012e+00
3.383566617319659353e-01,1.079507360962764118e+00,4.621904835384262888e-01,3.747547707676730511e+00,8.815377813047680533e+00
1.925402300297462121e-01,2.872255606729498645e+00,3.942034762733367614e+00,2.527397813670070992e+00,1.829356269669955681e+00
2.744862664035235822e-01,4.765678848394978573e-01,3.671589551632902459e+00,4.308428795701132463e-01,8.364150204159169988e+00
1.115505336290757432e+00,2.333599623646117394e+00,1.695814068745779668e+00,3.413554274249154474e+00,6.397635488764708001e+00
6.907581889925987761e-01,2.225873303423682170e+00,3.193960518275297478e+00,4.865833420962339950e+00,2.699722351577770407e+00
2.776992703482009106e-01,4.338305976293483912e-01,2.806523349039720117e+00,4.226684925245360880e+00,7.735327395305803044e+00
6.171934901540910845e-01,2.185879782516347625e+00,1.088534250787161595e+00,1.654292822980751199e+00,8.109148788109500572e+00
9.925796626471319883e-02,1.169402562044959404e-01,1.001406047905236685e-01,7.441150974019582476e-01,1.006466078126987362e+01
1.344672847932729398e-01,6.046440470776238696e-01,1.622290236856757550e+00,3.529295479635085719e+00,8.732445511353670753e+00
9.830286329409224089e-02,1.132423655846573340e-01,9.884293016215936478e-02,6.372128673463075543e-01,1.007435597019235374e+01
9.832886121275084823e-02,1.132914947746694323e-01,9.888862907969087068e-02,6.378378006384047838e-01,1.007432598432542825e+01
3.774931380298754413e-01,4.079282788688342265e+00,7.312740138645408283e-01,9.496944340297680531e-01,3.134177815544938017e+00
2.407911251962381594e-01,1.016428999789812604e+00,2.479079940855239084e+00,3.865682374068557969e+00,8.011343272858001185e+00
2.816940908931777066e-01,5.311588011229995132e-01,8.726778135070122344e-01,7.386672889814850151e+00,4.135059916373431399e+00
1.608346535561912261e-01,3.107875758003290634e-01,2.819056757328747942e+00,5.777659044715295344e+00,5.592310397218319018e+00
9.831778299876222649e-01,5.746460578522887275e-01,6.606860402688895517e-01,7.762718640967054995e+00,2.535000012296996452e+00
7.937854906706197644e-01,4.338585608882652433e-01,2.125178654958580271e+00,7.038863395958006031e+00,4.061138280704216008e+00
1.366257909574521312e+00,9.819796267566220926e-01,1.117605569453741676e+00,5.554147218807946373e+00,5.413846937024825223e+00
1.689063008183619541e+00,2.542376741553643349e+00,9.318331658972911491e-01,5.640161787849735653e-01,2.448293899721644351e+00
7.502609771311128384e-01,2.233882974563994317e+00,3.506034687207823630e+00,4.647382528692587833e+00,9.858112956470259647e-01
3.048722733517206240e-01,1.600946633589562795e+00,3.514431895288387953e-01,2.986570372615504620e-01,9.479648686207220010e+00
3.512915127280953342e-01,2.504496385949990689e+00,3.029203856471947010e+00,3.830399827941984192e+00,4.314550085023856063e+00
1.111255403698065969e+00,5.361602074754159286e-01,5.061859730642975563e+00,3.330967075044744430e+00,6.475007194164275059e-01
4.382604364970295041e-01,1.042001863632179948e+00,2.500634604659202065e+00,4.468231642501251599e+00,7.434457445688307686e+00
1.151315894076308188e+00,2.891650223258531494e+00,3.704832129679037411e+00,2.123612199046349236e+00,3.689988121850959590e+00
7.959291513905235593e-01,3.311345389204694900e+00,3.338655579733727397e+00,1.063602678803055701e+00,3.071449269018256878e+00
3.823767983111563407e-01,1.937957144257369757e+00,2.901342811020527712e+00,4.729054204983521359e+00,5.912438130742160070e+00
3.244918147513640716e-01,1.823845809036636734e+00,2.458283581056786016e+00,3.835822818709558213e+00,7.453653340773531255e+00
3.508607853724344250e-01,1.942940291587632373e+00,8.386874622978004457e-01,7.568703178141715782e+00,6.150376380219957362e-01
9.757386177172719943e-01,1.730461656213823751e+00,3.260205691021336172e+00,3.392701004959620015e+00,4.968678732782239038e+00
1.908827159409578200e-01,2.674235020777877114e+00,3.667174064508973874e+00,4.051917971214794356e+00,6.380958549338424657e-01
1.937920410268637039e-01,2.706838854819332507e+00,4.376477631772165644e+00,1.184541636665440878e+00,2.641862244372045865e+00
3.526883634628553144e-01,2.063695766961053391e+00,3.501634069434099494e+00,4.652637458901053513e+00,5.052860880629309825e+00
2.699822418628442522e-01,1.419860769712622650e+00,3.115504944543409094e-01,3.015085102827816388e-01,9.610402351154837319e+00
5.900282458038275113e-01,5.506373879238154467e-01,6.318695031663078332e+00,1.091243843533704183e+00,8.726708337085657963e-01
3.202431346602083728e-01,1.950627108663969711e+00,2.414538718040626364e+00,4.431960654163221491e+00,6.108034907794321455e+00
6.114177047808497800e-01,2.363100523232528172e+00,2.592176777297616752e+00,5.643883261879488522e+00,2.967926622597044428e+00
2.598075263843134808e-01,3.689961006934689536e+00,1.536534080689805348e+00,1.528340624995296659e+00,3.925979034084406294e+00
6.110455119748496866e-01,2.131389499470089710e+00,1.220806835543142510e+00,1.625554350173607387e+00,8.212158085587775602e+00
9.634581498098511165e-01,3.647408606019383881e-01,5.650451927903671567e+00,7.885566679598311479e-01,1.326590727742865683e+00
1.753191255241879354e-01,9.631636612360487959e-01,8.179153360327748867e-01,6.959305985139403461e+00,4.715555915682315025e+00
2.884798490338716936e-01,1.182968679136578549e+00,3.354777801308079788e-01,4.153569527812799755e+00,8.679732468248243293e+00
1.427157520628926368e-01,1.664179334730363224e-01,4.062639038683076298e-01,7.589634917948779425e+00,3.687087268157147157e+00
5.631338051008987211e-01,2.379665224167760051e+00,1.587163121670763122e+00,5.100864552098657079e+00,5.652439333325649962e+00
7.715707043148732902e-01,2.100899797723208007e+00,1.344177582161102169e+00,1.828820965542612420e+00,8.280043947511728675e+00
6.029940301733283103e-01,2.150119135995426589e+00,2.190802221424699603e+00,4.219213905102900064e+00,5.759619720430197987e+00
1.290307013518803003e-01,1.677948644361323682e-01,4.046938544769315138e-01,7.666971179237692446e+00,3.395053055860842495e+00
1.127221362811205108e+00,3.453893570318336437e+00,2.306902017881252487e+00,1.764399982679136558e+00,7.502794906085403781e-01
1.001832248352399812e+00,1.993408089843979436e+00,4.251595051238130196e+00,3.580754388861026705e+00,1.370857902051224375e+00
4.146919228250480760e-01,1.820491629675563328e+00,4.916113535365180809e+00,2.359094472051881830e+00,3.704643878379582311e+00
1.503007034866160052e-01,3.011621359806436748e-01,2.195764637533922925e-01,7.425520609657193516e-01,1.004932878080343350e+01
2.859217217998593630e-01,1.526123097808105733e+00,1.885350152568782800e+00,3.897332274249611039e+00,8.004075763707646729e+00
9.844572639411898196e-01,2.712450575756673476e+00,1.981177296453882519e+00,2.494562352619766887e+00,5.570204405197923592e+00
7.787496649560372575e-01,2.089560982257129940e+00,3.444998723656593764e+00,3.511322382839727752e+00,4.185406867969882150e+00
6.905797662459725039e-01,1.872471275428219561e+00,5.232259695126552757e+00,2.426783092149674470e+00,1.077876328560492425e+00
7.823018748091357111e-01,2.149850869445368851e+00,5.204645197679960589e+00,2.112657866092366277e+00,1.648420186508910312e+00
2.025819873510199098e+00,4.147026531138548466e-01,2.240456429891516610e+00,1.085753875429352977e+00,1.454393368635781725e+00
1.864147680785025019e+00,5.577793556628795058e-01,2.748528278465180996e+00,1.149502173587426013e+00,4.009911463171523138e+00
7.412758723513772630e-01,1.813158206941248407e+00,4.273980460261792125e+00,4.322866986639300357e+00,5.854548509680834734e-01
1.019797025400924317e+00,2.910975719718421839e+00,3.843882346866032584e+00,2.843485417789755498e+00,1.454447547095185644e+00
4.636829418750105791e-01,2.502500782562829595e+00,1.784162007810728978e+00,2.196517342275935647e+00,7.181680705496681583e+00
2.713263845225681870e-01,1.425201080067879822e+00,3.065893417020013612e-01,2.955203877384037225e-01,9.605565438581876947e+00
2.366585144220408887e-01,9.342310401203205439e-01,4.004639936068467243e+00,3.724603265104622363e+00,6.205179992584783477e+00
1.051548187225855413e+00,5.981792446524774043e-01,3.733968917473617921e+00,7.444909917131288246e-01,7.736114727612957154e+00
1.437817227851400093e+00,3.073652450093071309e+00,1.968546359770032561e+00,8.325299460555020126e-01,1.123866023646051371e+00
1.567983592355957356e-01,1.829115260110299734e-01,3.521997793193959447e-01,6.639894730897032638e+00,5.918493158290974776e+00
6.203630182866908260e-01,3.972681129178877169e-01,2.362581982819107473e+00,1.128623961216799421e+00,9.298693287578396749e+00
1.042066965745737095e+00,1.676775975950816067e+00,2.942504036710810400e+00,5.287932004355543114e+00,4.438278793404954570e+00
2.069202837160705855e+00,7.203386362568681145e-01,9.259062565391525945e-01,6.154404673570006423e-01,3.933704059579084866e+00
1.696452678055269392e-01,2.089564629362248571e-01,3.671088341732630100e-01,6.918826307174603230e+00,5.429088057428814729e+00
1.774794123482430042e+00,2.291367620457494869e+00,3.174232355260438454e-01,1.514715117144452172e+00,1.716025614643800878e+00
1.328666282512675600e+00,2.432817864537879959e+00,2.112632037565070675e+00,4.900042116876917930e+00,2.352454490856409564e+00
3.799146340847741610e-01,1.713729391706776406e+00,5.422571251717233087e-01,4.981194242924945614e-01,9.310365486072612384e+00
8.533138249883365223e-01,2.940674702020778852e+00,3.474218988735537028e+00,2.578060750739532114e+00,5.277290760149881965e-01
2.867763010098764997e-01,7.325240768918759304e-01,2.037747868605206847e+00,7.622831151837064390e+00,8.375341094134886033e-01
4.782752495347117883e-01,1.565894532733748123e+00,5.839541967866523464e+00,6.071306331019004077e-01,2.482734600943511616e+00
1.340247955991090478e+00,1.253133243863231883e+00,1.012060449561825282e+00,3.728825638549410293e+00,7.432100693474433584e+00
9.006496439602448278e-01,2.398606077798336678e+00,3.992467584600686070e+00,2.888016203971049745e+00,2.383259399683607782e+00
3.708961641088519556e-01,4.203137266589040522e+00,1.255362065889723766e+00,5.013061067969588613e-01,6.487251100291175909e-01
1.820129594460068168e+00,1.373907215923559466e+00,2.230622901983189799e+00,3.923298518420150316e+00,1.815045204385534072e+00
1.088894759634854381e+00,3.630393340272501046e+00,3.258880806696646815e+00,1.426313033138978170e+00,2.425921816966008393e+00
1.053223408735678573e-01,1.360735519927798454e-01,1.140440822810620258e-01,1.140919042177534370e+00,1.001633815503379132e+01
1.342813583289981905e+00,1.893747292721227771e+00,3.817786926332354280e+00,2.589171680799048136e+00,2.691502072878825036e+00
1.467810967774971997e+00,2.559877997718321918e+00,1.189453802077859557e+00,2.278095862947553840e+00,3.062445100746565618e+00
6.492697661922194330e-01,2.009648198793539287e+00,2.620226755294621235e+00,2.007457895990164776e+00,8.034411910377295740e+00
1.258869530347311305e-01,1.460015218113114299e-01,3.978598049460614905e-01,4.760591477676702432e+00,8.256180450982775199e+00
1.097360292574374036e-01,1.223777198950964373e-01,3.229951686940151778e-01,4.126906970582909118e+00,8.746091679896684568e+00
1.210910092822648609e+00,1.340864315603236046e+00,2.105787354791928134e+00,3.529313922586368779e+00,7.274979093591524837e+00
2.288641618178279269e-01,1.084191336225232671e+00,5.368185899212219780e+00,1.112904947613362339e+00,4.216366028985950365e+00
1.433427184918600883e-01,1.813741343709109610e-01,9.089652213854000351e-01,3.148416472558386303e+00,9.319772884423342063e+00
1.042055576469545497e-01,1.319507119083658253e-01,3.231669891549812101e-01,4.721887897702296555e-01,1.007980701669176327e+01
9.573492825482754487e-01,1.806710605714930695e+00,3.337918523506479662e+00,3.901700244162180642e+00,5.904313044971896574e+00
5.307040758323010587e-01,1.804853937472368663e+00,5.803352273182053267e+00,9.651380494108112718e-01,1.771226210783829913e+00
3.641002096557454104e-01,2.473022738303127355e+00,3.589699679983849201e+00,4.832531962486677379e+00,3.179657395035492939e+00
7.844207746740872178e-01,2.774552987391287306e+00,1.948242097965807940e+00,3.980709895095582596e+00,5.668372395889955229e+00
1.686247834359222708e-01,6.282435234030270266e-01,6.289617053052098949e-01,3.372443277732191991e+00,9.084203904767857551e+00
4.431813891001776806e-01,2.478906085329405595e+00,1.423091488344352173e+00,4.936875883394653108e+00,5.978659446827000679e+00
5.379464005458374221e-01,9.054015286152303776e-01,5.888918144431339208e+00,7.279321231000027703e-01,2.141485869749552684e+00
3.622631114454000212e-01,9.770626045905742574e-01,3.640883245784660271e+00,4.782730694069919686e+00,6.080189824127199216e+00
3.528368473547989770e-01,1.877372922117293674e+00,3.267397137083645653e+00,3.281007289024182150e+00,7.126948913191359480e+00
9.979964784138752876e-01,1.664728921913081638e+00,2.816749283487727240e+00,5.741680558214056873e+00,3.975470650699988173e+00
2.944357492424857226e-01,1.524029329886110284e+00,3.535106649235558063e+00,4.914315174225893479e+00,4.693979240663164632e+00
3.808782885301559840e-01,1.388754583207236992e+00,1.456038294093289442e+00,4.967861102429514730e+00,7.479745349420578115e+00
2.203873168276635486e-01,3.920335808105566588e+00,6.608438491059490660e-01,2.123247561664240557e+00,1.685990795396514752e+00
7.937636190809330694e-01,3.075281749577347234e+00,3.402620248833422512e+00,2.223348653771949568e+00,9.078108798604240803e-01
5.438829265019788917e-01,1.139587302519754264e+00,2.361018765109040185e+00,5.978410889802026063e+00,5.943413310024308061e+00
5.930372899374640738e-01,5.463271899670846254e-01,6.321014950313284864e+00,1.122166456289760861e+00,8.240182005945204669e-01
8.990456958343531202e-01,3.383966353762544621e+00,2.543598330146481956e+00,3.822251591013714478e+00,5.978655175159106605e-01
1.826699834212119067e-01,5.255265603321438439e-01,2.190501877837087719e+00,2.309955107914097028e-01,9.511642528173370081e+00
1.039646384985432742e-01,1.626761452836148480e-01,1.869249386656405276e-01,3.168001721082225774e+00,9.327884162730589068e+00
1.427336146795869176e+00,1.829032366775852347e+00,1.332114459552546926e+00,5.494758982873740649e+00,4.157926172833399825e+00
8.667206633938341342e-01,1.130048154971842411e+00,2.175493102676151480e+00,2.164230714278922107e+00,8.410489788754150098e+00
1.098413784107529351e-01,1.622496159356902889e-01,3.323561780734587967e-01,4.738328823474386553e+00,8.236576825814632130e+00
3.171773999109425146e-01,4.434222703262063470e-01,2.104893049855339981e+00,4.048014922597919174e+00,8.405555337938196203e+00
3.323291844194537492e-01,1.066116033827917420e+00,4.581819071360168749e+00,3.618427874014482626e+00,5.673243723700745811e+00
7.717804097368584637e-01,2.249324339498829595e+00,2.505966679930148988e+00,2.440086117376369490e+00,7.432887807627791332e+00
3.810231898757297508e-01,3.819934305536317520e+00,1.099556879134091725e+00,3.012162416207545768e+00,3.189229392929118223e+00
3.372609542785734993e-01,2.884320625312994046e+00,2.742335341062730691e+00,3.334075347688147950e+00,5.313057180503520271e+00
5.633633657272840711e-01,8.752933749514655304e-01,5.909598418640690909e+00,5.012435673879558351e-01,2.335851285649289899e+00
1.866387257349976792e-01,1.924262007664397478e+00,7.481687058716897099e-01,4.406664380581473139e+00,7.114930540340683507e+00
4.589900953559351016e-01,4.240417091903255775e-01,4.279098819208949855e+00,3.940528844769887407e+00,5.735773990008714129e+00
1.012413454687203784e-01,1.084609380418110752e-01,2.553368970821826012e-01,3.436061591538827731e+00,9.185828385230701443e+00
1.290220913346654896e+00,7.562824158681386022e-01,7.983385864044525437e-01,3.253930344912134398e+00,8.372113589085707019e+00
3.052226357164202208e-01,2.600124988081554900e+00,1.176996570514829754e+00,5.822602553608839493e+00,3.252143641283366637e+00
4.107367365101439183e-01,1.557643860804502456e+00,1.327129914221008011e+00,4.698329538900705593e+00,7.734662598186002214e+00
2.763135237104563657e-01,6.349794463563231961e-01,3.567727054348929006e+00,5.556419949354363119e+00,4.809152249946980540e+00
1.144569318067614194e-01,1.387746508428241710e-01,4.620290595348455764e-01,5.436168266858106612e+00,7.539626857117302627e+00
2.570491053379827529e-01,5.802485837048785289e-01,1.906263787442822100e+00,1.047488794316674188e+00,9.552780485711101832e+00
1.374324061265162211e-01,1.084932054726811312e+00,2.595575035610264703e+00,4.167442472121209107e+00,7.269692838689087111e+00
1.141627575978245990e-01,1.614328247177373998e-01,8.054486223580957782e-01,1.240315686658835181e+00,9.932143458110790135e+00
1.486404688563113030e+00,2.918137961874582409e+00,2.035013531618432125e+00,4.870473971017310610e+00,8.658138289481434047e-01
2.755759790862203906e-01,8.778654515561494787e-01,2.175289967917803047e+00,4.806246832546416492e+00,7.163083417676428866e+00
4.402052392228117395e-01,2.099352150779436599e+00,1.689191993769990630e+00,4.186823561869678301e+00,6.977058738424970485e+00
4.349681024300876553e-01,6.546366401375837141e-01,3.498166450422171447e+00,3.567568240257636525e+00,7.280620776653620396e+00
2.457587145293848863e-01,5.352267608900709295e-01,3.265087645378940362e+00,4.683497298961539101e+00,6.741572462662274390e+00
1.105316132605436374e+00,1.504206933050638240e+00,2.484355056654740768e+00,5.014682673617248732e+00,5.784985184382054335e+00
3.901799843702459247e-01,2.498485508779859199e+00,3.742850211560686535e+00,4.342706484038077797e+00,5.445456908583374833e-01
3.691841494066616658e-01,3.793471077321951324e+00,2.838712381546288910e+00,1.752964540256535031e+00,1.211127648431515436e+00
5.988196331179410636e-01,8.110469072192720841e-01,3.240934454235044448e+00,6.587145703676474895e+00,1.751669598049543586e+00
9.040374715661210203e-01,1.619448887007930882e+00,2.902824971537620424e+00,5.396310463780115363e+00,4.863716923854909169e+00
8.507956721183862481e-01,2.670785121910787652e+00,2.841018739930587067e+00,1.973210570827931276e+00,5.067492756831956768e+00
1.746419532308653544e+00,7.538620173003036662e-01,3.671845722368709097e+00,5.076673799491106642e+00,1.015432609183024582e+00
1.271096840415328055e-01,1.666695422543048033e-01,4.178212303457770060e-01,8.039430961680645638e+00,1.405534953283549493e+00
4.494615516625005691e-01,1.331507756054954195e+00,4.283339311724377652e+00,3.715288246250728399e+00,5.700079324681709636e+00
3.905696011962848102e-01,7.493087063733311348e-01,1.829493548447664875e+00,7.908271604929190346e+00,1.050440090951536121e+00
2.217188589132453036e-01,6.159408403819641720e-01,1.449688972481909754e+00,7.954019848894525069e+00,5.064921060505966910e-01
2.928092855211714141e-01,1.182566710477871208e+00,9.651236286952601384e-01,3.730769668379486426e+00,8.711769504035828504e+00
6.138877366000288216e-01,1.134004019700521670e+00,5.997681404500990077e+00,1.537335234879755985e+00,6.014671407875876730e-01
1.041987191928894357e-01,1.233746137915255336e-01,4.957321517854592074e-01,1.250912898514879579e-01,1.008192451398134715e+01
1.262610147044670006e+00,2.283516922574867269e+00,8.694828573065145338e-01,4.393344556583357097e+00,6.411883246825887284e+00
1.193583212113141362e-01,1.924207623092207831e-01,1.667818476134979022e-01,3.174623472943944424e+00,9.347359685686052799e+00
1.449768335055290569e+00,3.409359809653381923e+00,1.453478398752716227e+00,7.517439521401607649e-01,1.053219750501919627e+00
2.436472605447092543e-01,5.440652196878095204e-01,3.106751383087741125e+00,5.022107749202928240e+00,6.543101452014626673e+00
1.248504139845514782e+00,1.964353765848628308e+00,1.876805934297462786e+00,5.126797329717166285e+00,1.238410981177201275e+00
1.085910234902135452e-01,1.838807144366805812e-01,4.665366286218566860e-01,1.252461624096240789e-01,1.008098949732932148e+01
4.856236756803530841e-01,1.496536531366031930e+00,5.262037696876404880e-01,4.791164248894929756e+00,7.272575462983999373e+00
9.450544208470451624e-01,1.248695788060807388e+00,5.508100377968927042e+00,2.830500413921673619e+00,1.611094730754174087e+00
7.616956921744062470e-01,2.590032979735722218e+00,3.374709570181400498e+00,4.362521295129497823e+00,2.228997350658300292e+00
3.302890795995966355e-01,1.043297791801486518e+00,5.625692565417140578e+00,2.761114020782969192e+00,4.216507503605593787e-01
8.501821115759002900e-01,4.576701905909891788e-01,2.064196286623202425e+00,7.507008004132008416e+00,1.939342404316805712e+00
1.091171492891624961e-01,1.262890497685749680e-01,4.361610798434976677e-01,6.742511122133548085e+00,5.663551488994119865e+00
1.061695223609808059e+00,1.665726420372054539e+00,2.703122162936053563e+00,4.674959575099447484e+00,5.705030341793802862e+00
2.348566259320098437e-01,7.088075217443879916e-01,4.667607841608371722e+00,4.274107560428346275e+00,3.738378900565801466e+00
1.416763999615565206e+00,1.800259465097209910e+00,4.231647352039041299e-01,8.007919260831086739e-01,6.694872141613652516e+00
4.217944226123335749e-01,9.628160994801004957e-01,5.095842370266384869e+00,1.752560496480409569e+00,4.920869581192536479e+00
5.490270755079268428e-01,4.981795626389998732e-01,3.639521996349633692e+00,1.076221843817832813e+00,8.125505400588382443e+00
1.071257793075449105e-01,2.377080548804278159e-01,1.095076483856426697e-01,4.297051670270823465e+00,8.602846149919397334e+00
6.898843996336960771e-01,1.432569635327503033e+00,2.870064063495733730e+00,5.806879335242709494e+00,3.513951153014605477e+00
1.140305146595958385e+00,1.119411846265870425e+00,3.447719335142186647e+00,4.733527710497285490e+00,4.387860749141612615e+00
2.428617608322461985e-01,1.147540662803755218e+00,4.456999625835672552e-01,4.696113983345202136e+00,8.043443328772957202e+00
4.511596369695546893e-01,1.195407353178238985e+00,5.364423763717164562e+00,4.048350548333151444e+00,1.600385248137228711e+00
9.150474954312411979e-01,2.760105658916114368e+00,3.259365796359753986e+00,4.291001255957295868e+00,3.356924046857479471e+00
1.524406662316322159e-01,1.878484065265824954e-01,4.013892973204513104e-01,7.402625923692863097e+00,4.281980299550746771e+00
9.611066623680735166e-01,1.719251112501743117e+00,1.294710394995487235e+00,4.713270398734697331e+00,7.137441317685765618e+00
1.129988196577701665e+00,1.725744180001383521e+00,2.960257234724111175e+00,5.221075611733244415e+00,4.207303819752459262e+00
1.374275944475205291e+00,1.948919878972600772e+00,6.409033776382812020e-01,8.511556624735507892e-01,6.634159451587530398e+00
9.168331382321026624e-01,2.671838478091062452e+00,2.623111749766326550e+00,1.755601055521081255e+00,5.250129705706144456e+00
1.085615928697645671e+00,1.683084586581117037e+00,2.316176067153407736e+00,4.712914897834755479e+00,6.034159701947637622e+00
2.480336471009936261e-01,5.678175656142014915e-01,4.472678649667266804e+00,3.680719943878891787e+00,5.409124028284653107e+00
1.497671548227662353e+00,6.328209622173565085e-01,6.643179850008036347e-01,3.044844618071735454e+00,8.662822309922823649e+00
7.679820013153512148e-01,2.779412987882704300e+00,8.497611240306646163e-01,4.594464648790705930e+00,3.812807733860340331e+00
4.079281488172300518e-01,1.520072551406966621e+00,1.681148109181026085e+00,6.863493283150345903e+00,4.649380267038373482e+00
6.667040366964396281e-01,2.430831056838274939e+00,2.424490564834201667e+00,5.463647949115841840e+00,1.400544850392101859e+00
1.267809952085689196e-01,1.676760743121098740e-01,4.744984273512579676e-01,7.968302555787561303e+00,1.932999780701123216e+00
3.606840250642665002e-01,1.528632169595144807e+00,3.435718930776364144e-01,4.135025239559234622e-01,9.589516772303415593e+00
9.505737012881821935e-01,1.497460489272052664e+00,4.808889628746876532e+00,3.837357488044774279e+00,2.040835912672037900e+00
1.631769294293163031e-01,2.953274643166549085e-01,1.423289252979793862e-01,5.117844922844444255e+00,7.930874269944608201e+00
3.109852389699752639e-01,1.443451145659272905e+00,2.491105023831412524e+00,4.115243710416899958e+00,7.694892939036527046e+00
3.286259775112949644e-01,1.346835041709615544e+00,8.832139600975887905e-01,4.680528096013421901e+00,8.058788911262585231e+00
1.881458233765285759e-01,5.516008356804013024e-01,2.981319819430249929e+00,3.952027018582838114e+00,7.455050036505721955e+00
4.626361263050789985e-01,1.099807990949906777e+00,1.882913797079926121e+00,3.098084844471480359e+00,8.552963267040073703e+00
9.719557900893315283e-01,3.528719573105593366e+00,4.935968885611420331e-01,1.212814085511971340e+00,3.304864265104218379e+00
4.006777958255094418e-01,2.566008123323166856e-01,2.765710840418837968e+00,6.181016504958632751e+00,5.375590593018777064e+00
4.184474572072062193e-01,1.796041025083363163e+00,5.440629028924990340e-01,6.494669579579747110e-01,9.140396454021757933e+00
5.125838711593470043e-01,2.113669114153894579e+00,2.566654129014859897e+00,5.115512204067824698e+00,4.129802618892991717e+00
6.998259090269736138e-01,2.249043910639755062e+00,3.357160490471126302e+00,4.877588003928877036e+00,9.133020709417445371e-01
1.462969106233588112e+00,2.604115109073531720e+00,5.071239161745502155e-01,4.075420397667241623e+00,3.383916297477294943e+00
1.857608322396489819e-01,3.664895353895164520e-01,4.688469363229997633e+00,4.598849858207413099e+00,3.662987540992955537e+00
1.032559873797394973e-01,1.159426573803351568e-01,3.261013051078697211e-01,6.645827499710427189e-01,1.006879440366414968e+01
1.032902641285414091e+00,3.814105362010792533e+00,8.588738496682655210e-01,2.943973620858098439e+00,2.416829070611250962e+00
1.168290468805266435e-01,1.785446218276368069e-01,1.244297450332730870e+00,6.451475724766896569e+00,5.917278943066844654e+00
2.251734949533387986e-01,8.033628891766201319e-01,8.055264639964164752e-01,5.302658098018019572e+00,7.465188129081553825e+00
7.528084551908524880e-01,2.396021867776384706e+00,1.696261009344568693e+00,6.675401999076210124e+00,1.113041212820118808e+00
5.065348886799578842e-01,9.419017219385852346e-01,5.757361536189799622e+00,1.358482988178393303e+00,2.701083884330525375e+00
9.410775553037392660e-01,3.201712681193525256e+00,3.057849695359236009e+00,1.652443378959239206e+00,5.412788655385581960e-01
2.116693173499211156e-01,7.009729825641615175e-01,4.998229073376320386e+00,3.801409489775963824e+00,3.379549577374671543e+00
3.455318272677851410e-01,8.726887168975574482e-01,5.290877923517257386e+00,4.398780951948498164e+00,1.096955232298936211e+00
3.567117796386565232e-01,1.757111242158178488e+00,2.444115333772124199e+00,4.693176291355285912e+00,6.997274469547332565e+00
5.917241259486542004e-01,2.028355456518831090e+00,2.776768106755877596e+00,4.548661321068396823e+00,4.987954610905156017e+00
3.788027004987828961e-01,1.233423682333968374e+00,1.545571028596335328e+00,6.252149387732717223e+00,6.283082304535444251e+00
5.469966249320502572e-01,1.046505139821382935e+00,4.324577076178236723e+00,3.020280342018115238e+00,5.562958338764457444e+00
1.787190279806963655e+00,1.879222486688814531e+00,1.339792619543699992e+00,2.750181342146433838e+00,5.610008975901286554e+00
1.738515230334636286e+00,8.725403161844393907e-01,2.535711678043560013e+00,3.378344791902649913e+00,3.536302463643232308e+00
8.351597853858686582e-01,1.792813721274326255e+00,3.608804166201259545e+00,4.527003335328672051e+00,5.446304895197551232e+00
1.632948587115103101e-01,1.038925380069309901e+00,5.955465074666386194e+00,6.070162480502053759e-01,9.388558781145794896e-01
6.284140730561763588e-01,1.359799877899110276e+00,2.656967724525738372e+00,5.533311773419986146e+00,6.014348909266347576e+00
1.127260503502427014e+00,1.793158043762507647e+00,7.984916517625808563e-01,1.034899138291428544e+00,7.754245109563746574e+00
4.601604077565845108e-01,1.000085456453454258e+00,5.075591422054811730e+00,1.462364141504482573e+00,5.079623204320427021e+00
9.682027386136873304e-01,2.585734742834113309e+00,4.631495670758194017e+00,1.296204559145333723e+00,1.402246330805120067e+00
3.761000900792757506e-01,3.074554031873950155e+00,1.749614018099600043e+00,5.113377005177883738e+00,1.271348499336378612e+00
1.252754789899645782e-01,1.583461228854938785e-01,4.504034933251173101e-01,8.090878328025116417e+00,7.221274434395500430e-01
1.209110177842041001e-01,3.414201121296869257e-01,1.128258414070699017e-01,1.629987186869766846e-01,1.007729735536482352e+01
4.706082339040776885e-01,2.043358786534066329e+00,2.737244472249707794e+00,5.320110658587184460e+00,5.047131806443719171e+00
2.561784627527276537e-01,8.392578924038778254e-01,5.837220527769484413e+00,1.525605275649866144e+00,1.516934952313368612e+00
4.803690511396225826e-01,2.335439907965238149e+00,2.239953242198629013e+00,6.229393301234901870e+00,1.424784741939951527e+00
4.190407205343203434e-01,2.290000688215926949e+00,3.549593610107476760e+00,4.928891721772071577e+00,3.891906138042871888e+00
3.695529424435052279e-01,2.255238341738457386e+00,1.447989957592756838e+00,6.529632755876781047e+00,3.880413672638406641e+00
2.876874146752609329e-01,2.245023466093753139e+00,1.089695183561518954e+00,4.818632880105273131e+00,6.213896091862015858e+00
1.877614542584625790e-01,4.244916340840186875e-01,5.568846213611315932e+00,3.394018298605945283e+00,1.365148104892000891e+00
1.748554440359950668e+00,2.361634310510701162e+00,9.767295973952689891e-01,5.988375799663153920e+00,9.869129674085057591e-01
1.356062584139111848e+00,1.222826166938912662e+00,3.959384688684173259e+00,1.664830473604713035e+00,3.930990318688681651e+00
1.295466827734153004e-01,2.085154127763624299e-01,1.766827277088951265e+00,4.257481577461566857e+00,8.230654014207088309e+00
2.430582744320561317e-01,7.010109420321384288e-01,9.347565356261275937e-01,1.069604914422155328e+00,9.839117510955292190e+00
8.381510828643532474e-01,3.122037732518052611e+00,3.518431667131641571e+00,2.081449401711182201e+00,7.181594673736708678e-01
1.598402255727489896e-01,3.277917919491594723e-01,2.700352703757459283e-01,7.979618010323883404e+00,2.090491732330743702e+00
2.947066295396296165e-01,5.949984784707007535e-01,3.993623874077562697e+00,4.279255650365419328e+00,6.187462501767592826e+00
3.772063607948562547e-01,3.960473856812188664e+00,2.098752395423851613e+00,2.038919317941711551e+00,1.342573198609673168e+00
1.222266086545497732e+00,2.489734419533671250e+00,2.645198711418424331e+00,4.014425262764071078e+00,4.210123053181772157e+00
8.022986587996168151e-01,2.400220212843570344e+00,2.482783794065272609e+00,4.286647866580683974e+00,4.076152200942216197e+00
3.409441003876091392e-01,5.763366362591417769e-01,5.075365813497993983e+00,4.300520113966735281e+00,2.549806368843741122e+00
8.502523174868787947e-01,1.836680068626809881e+00,3.543625156069954318e+00,5.089118860060018790e+00,4.108557455967511096e+00
7.975419583169592874e-01,2.512619814795560291e+00,3.805949383463415714e+00,3.471479493487493517e+00,7.490402856208726590e-01
1.617136483028834282e-01,3.250115263225783480e-01,2.773155084276764937e-01,7.944612239423317845e+00,2.304518880955501281e+00
3.469358072994785380e-01,3.278803821907980698e+00,3.700690196904526719e+00,8.905787509314736505e-01,3.407113388463752113e+00
1.631910407750328806e-01,4.021183236504157765e-01,3.928363165887632569e+00,4.963803516535368665e+00,4.991754114450824176e+00
3.339264139419364508e-01,7.198088809236949936e-01,6.025561958691690201e+00,5.417993228586627241e-01,1.366233035434986531e+00
4.408594173520231640e-01,2.042840879098749340e+00,2.117877964504349286e+00,5.429536846144922713e+00,4.787386474507928646e+00
4.129422854368541840e-01,1.128342539471607786e+00,5.254427507688514076e+00,2.177522913823287443e+00,3.907148082425270008e+00
7.479177233289611149e-01,2.633408474200918725e+00,1.080982962181376239e+00,5.800827590541485002e+00,1.376644007447704876e+00
2.442439607421567072e-01,1.981335959201211416e+00,4.445741266457627905e-01,4.767338784718785583e+00,6.918469459846679825e+00
3.750492027531168171e-01,3.160066021916092982e+00,2.321607609094078484e+00,4.962451108887657725e+00,2.148142411219316816e+00
4.005479265775950815e-01,2.570428403642210480e+00,3.609968072718792165e+00,3.302408623114441610e+00,4.847114332620670041e+00
1.282456707178490363e-01,2.892873090163273764e-01,2.217553580696337290e-01,6.667276456247105187e+00,5.851262501163830620e+00
6.607495456975054360e-01,3.158452388980073522e+00,2.939060062258572081e+00,4.500515997837394089e+00,2.534102772507666579e+00
9.696778157718322078e-02,9.801806006921327807e-02,1.202825115639699766e-01,6.537093633319237540e-01,1.007251239508430274e+01
9.700946481468658567e-02,9.841668052985322324e-02,1.207933469747384664e-01,6.341919807420318689e-01,1.007418104549323168e+01
2.069539388431508586e-01,3.828703078739452703e+00,2.244727527408614698e+00,5.584055106032022042e-01,6.822726941206526119e-01
1.438066451233301013e+00,1.977884599043063352e+00,1.261544398879877571e+00,4.171700391661108953e-01,5.960653182294656460e+00
2.566528865176807561e-01,2.076039243320342287e+00,2.225479062350628645e+00,3.987955742091795042e+00,6.606245478965078632e+00
4.845397677779457180e-01,1.008652836385702800e+00,5.984086566622691672e-01,8.039436442262466898e+00,1.007497554956741537e+00
1.691444125637840412e-01,3.833675042704313141e-01,5.223790598282520570e+00,3.804443235519771260e+00,2.750187838171170185e+00
2.061392483070057791e-01,1.133386592632992018e+00,2.293065667367020666e+00,4.849466609692956176e+00,7.040666599550641003e+00
1.201372738150341846e+00,2.771296649336658646e+00,3.299473962446946462e+00,4.024457409666908347e-01,2.145684000809312320e+00
4.724829696187987094e-01,2.289031025149324439e+00,1.554519897926800676e+00,5.835591434712621428e+00,5.135218791398169280e+00
3.214383497225850594e-01,1.130520752980905375e+00,1.197174152377968204e+00,7.474146244747404744e+00,2.881950497834011138e+00
5.034444449849442282e-01,1.791465094594316243e+00,7.226593305128786726e-01,8.757677716693076375e-01,9.183181188976307752e+00
1.399295122589272466e-01,2.894196748873889002e-01,2.089245379851426554e-01,6.165632398775665379e+00,6.690877996388809201e+00
1.919560005232752720e-01,3.041594227102659698e-01,1.648784774565273503e+00,7.210748210196215702e+00,4.261802741061019084e+00
2.078984915379514797e-01,4.014066122822201876e-01,4.472626812840494459e+00,5.350599730775607021e+00,2.714788736183558981e+00
6.729401052195498334e-01,3.202143109100188845e+00,2.872448947334109270e+00,1.980604778719129655e+00,3.697683553802640688e+00
5.637085346386361273e-01,2.220029529690574321e+00,1.412374944451720404e+00,6.400047758148576627e+00,4.091059098350716461e+00
2.494100107267952782e-01,5.250673564612268196e-01,5.076941655351327576e+00,1.357240610996486074e+00,5.603276573783271708e+00
5.522475500511075941e-01,2.264198032556326901e+00,3.347575230401822033e+00,5.103920509435005748e+00,1.926782924712471701e+00
9.450123121304092599e-01,2.046274049192218669e+00,4.175343781930253684e+00,2.916191028393186002e+00,1.745732003048406700e+00
7.433521969078731306e-01,4.068172264734296384e+00,1.219873898840366788e+00,1.260773721685768400e+00,1.283012903277012562e+00
1.148129951862554954e+00,2.654722097129963210e+00,1.905138229334497835e+00,1.515977985035890541e+00,4.824942688498308208e+00
3.512827472417351937e-01,8.828965335121961022e-01,5.358879723335902234e+00,4.279577187936967064e+00,7.351280371423837279e-01
3.094366613168395563e-01,2.458098220820678748e+00,2.635959287946117335e+00,3.770800958395312374e+00,6.112063555699520201e+00
1.277771907126480366e-01,1.646919630589424310e-01,7.361900172041960788e-01,7.464074434865275443e-01,1.002639913904007329e+01
9.938530452657692860e-02,1.135147384645815855e-01,3.484700512855848364e-01,5.736547249901902568e+00,7.180438058280486757e+00
4.069234158445731442e-01,1.809517304963220941e+00,2.225280562090733216e+00,4.704589622996709686e+00,6.240654139391575761e+00
1.039199249890268018e+00,3.540072389520748430e+00,2.690389876451563467e+00,2.129518826044962232e+00,2.128043160691895253e+00
6.742397745557837663e-01,2.757950905557517540e+00,2.624985165838531920e+00,2.500992615893945725e+00,5.284223855360965949e+00
6.456128735050747913e-01,2.810284857109421441e+00,4.836757916983822070e-01,1.209532540415380497e+00,7.239781194383333229e+00
2.056222655196560667e-01,1.327873641697883134e+00,4.952702020590898258e+00,3.512729492063803693e+00,3.473645539641347035e+00
1.330103317633903048e-01,2.464811416386642196e-01,3.303587212063183287e+00,4.979166007022393536e+00,6.045855773468086447e+00
1.800266984454304275e-01,3.565293177235563382e-01,4.615161174271660727e+00,4.647416342132254741e+00,3.796129446915458061e+00
1.652074200276791582e-01,4.126917016860652265e-01,3.996100036960183122e+00,4.940795244850958667e+00,4.878198583827026980e+00
1.833157352763394421e+00,1.455569961629668896e+00,1.723596142058717584e+00,7.693041541641609804e-01,3.909096164080940294e+00
1.469123536088198012e+00,1.711655022474943166e+00,1.747435400762999969e+00,4.224148533872034150e+00,3.338687969522406540e+00
6.778015075834191716e-01,2.988672970373354332e+00,1.298043517236819433e+00,7.014635978846974762e-01,7.240682829148870958e+00
7.954289299201233732e-01,2.197139651654020920e+00,2.720490595051691329e+00,3.980287255987251971e+00,5.941668665306782948e+00
2.212363999903970702e-01,3.307840684615824145e+00,1.950226213289875554e+00,1.875286049159212931e+00,4.954715866263894597e+00
3.368355841931546246e-01,8.841705490121480882e-01,4.510867778631140190e+00,1.941981807916126179e+00,6.488318637658998966e+00
4.379467447299139615e-01,1.990933768882213517e+00,3.181198146782386438e+00,4.717737450654206910e+00,4.293708323415378558e+00
7.471715645927160532e-01,2.311844250183694882e+00,3.333279414518373951e+00,4.818273805938243726e+00,7.997975094209099911e-01
4.257691784086187758e-01,2.735350533054384137e+00,1.573625623022999687e+00,5.111984376462888058e+00,4.636087080147965445e+00
2.916517184859981904e-01,5.894090117700236942e-01,5.568689470569159639e+00,3.533685130416315268e+00,8.064388208793331625e-01
3.560714115622363174e-01,9.202524166805646777e-01,2.902582454369476928e+00,6.240579260283293017e+00,4.315546409519043003e+00
2.440706336392023668e-01,1.342774180895915936e+00,3.011704842071498689e-01,5.887982675898932428e+00,6.650163880204156719e+00
1.700180346623952898e-01,2.280643619903886810e-01,6.723871575008617540e-01,6.721260376944231396e+00,5.813216322328243812e+00
9.856828004555212575e-01,1.882566380998618616e+00,1.102288752114951809e+00,1.995465114774439108e+00,7.612625680983345688e+00
1.072077527633587546e-01,1.230527174485037817e-01,3.738155324601424301e-01,5.847905796525126654e+00,7.054729091234108296e+00
1.512026870483252905e+00,1.116998155801419035e+00,7.483767012035646982e-01,5.694348925516080628e-01,7.139785328593818647e+00
3.014970990882130386e-01,6.093476045988979184e-01,5.982193509576008594e+00,1.987052798580316804e+00,1.143488230276874740e+00
4.460266079710895060e-01,5.419283247786826907e-01,5.501179700784779136e+00,3.234672645556131432e+00,3.792243687409929009e+00
5.722132073815487940e-01,1.459356727473949844e+00,4.689139408374566997e+00,4.672060175586479680e+00,1.196179751230716848e+00
1.095055443277092699e+00,1.770622351361962110e+00,4.065326722581873220e+00,3.878579414525694435e+00,1.086488474063319165e+00
3.267848305077160065e-01,5.932143112529237872e-01,1.905921447591932161e+00,4.434221143061285453e+00,8.005435178374625593e+00
9.882033881169854928e-02,1.071057876550967347e-01,2.599350281136105778e-01,3.843886869921674165e+00,8.929811169093719414e+00
7.175385937378886414e-01,2.100275814550712550e+00,3.124478656127410936e+00,4.509389235239492422e+00,4.453329430001145006e+00
2.707050104706001381e-01,2.700404403761290428e+00,7.904753243786731831e-01,5.674158968224189081e+00,3.109586502298026467e+00
1.893558640284885297e-01,3.453669791457599780e-01,4.845646046421304476e+00,1.338517038896449129e+00,6.239982014347938311e+00
4.219270681995532790e-01,9.712931860732347822e-01,4.627890842391397364e+00,5.109666610228867256e+00,6.405352705270294100e-01
8.995313143169296755e-01,9.204357205775550721e-01,3.109321374892470846e+00,5.507520551959869337e+00,5.510552807387430363e+00
7.352223467748784103e-01,3.333969647759996935e+00,2.614305394791625936e+00,2.662067185283086168e+00,4.530445953616856869e+00
3.023857133855417656e-01,8.654968534583955542e-01,2.401922550453969407e+00,5.851165130434749173e+00,6.339331173561824073e+00
2.038116990538241247e-01,3.128426642669251967e-01,9.025077573826980615e-01,8.079001270109333888e+00,9.245988752323811566e-01
3.983365310284587846e-01,1.147944156436463414e+00,8.626992303924608807e-01,4.461796745629158956e+00,8.295439929182945704e+00
2.354126850806364246e-01,4.450605738257680244e-01,4.686929136486202019e+00,5.168536475770456384e+00,2.397860492220774908e+00
1.306953634130732400e+00,2.279218716058664551e+00,2.231767867155435514e+00,4.820913166945780759e+00,2.338558019285077005e+00
1.587589343520407204e-01,3.593696592831437941e-01,3.189898432554946428e+00,9.554315970343740805e-01,8.645041622559892502e+00
2.772662295689607426e-01,3.704057170584700853e-01,2.707031086351742388e+00,3.646136851033104698e+00,8.371207926253724452e+00
5.042353733681490535e-01,2.649186439292016360e+00,3.031485365066596493e+00,5.581927279985617218e+00,6.176856869488067669e-01
1.234978922637631094e+00,1.286835872020314353e+00,4.767300716389692106e+00,1.804706793708195089e+00,2.567575401816452274e+00
9.710574289351886490e-02,9.886441682352448135e-02,1.288970708474430071e-01,7.926126639701324139e-01,1.005873845745286488e+01
1.090838654673950359e+00,1.183254436801941534e+00,1.586449262316791398e+00,7.314709154031197258e+00,1.683760741049602272e+00
9.722215876434836535e-01,3.505392028387719350e+00,2.955946856742903250e+00,2.571681220388184030e+00,1.270652395495936560e+00
1.071705820388447972e+00,2.650164376744561512e+00,1.278907146818237361e+00,5.607511966899482170e-01,5.927165744325663788e+00
1.982552698252572354e-01,4.601041340981576466e-01,2.288596291693237306e-01,7.903816064194510105e+00,2.418371446529097746e+00
5.088992270478364111e-01,1.239286604827601668e+00,4.592003091843802842e+00,3.458777149510336990e+00,4.411722263749310535e+00
3.050858335274223565e-01,1.720665459596316005e+00,3.118530931072655221e+00,4.042027013037587935e+00,6.637049798051789296e+00
3.032361183488118672e-01,8.325617706406756025e-01,2.338256552336789529e+00,5.818839684061970274e+00,6.476471635152630135e+00
4.281808117326804108e-01,2.393359343113286908e+00,4.083869317089227735e+00,3.402853708937955801e+00,3.043603674517398883e+00
1.425814806591472472e-01,3.012878116064716671e-01,2.458889460738451771e-01,6.723629947664209183e+00,5.790487910606776367e+00
1.039834482172236507e+00,1.559728800801214899e+00,4.542244731232813137e+00,1.660972903007677415e+00,4.435288772743713359e+00
1.251508864978081725e-01,1.459994895110808821e-01,3.589988540051383126e-01,5.941911633709135110e+00,6.977578013868912521e+00
1.514494881935438908e+00,2.374867137103473524e+00,4.021610824348748281e+00,2.993437308610370273e+00,1.699987595265786133e+00
8.281635952298371794e-01,1.905152046143391953e+00,1.659718037796668488e+00,4.658428188752082200e+00,6.108415668184905556e+00
5.151886308293336381e-01,2.299867207720902584e+00,1.140442219532594059e+00,1.213011569703834169e+00,7.951234534194125736e+00
1.560113347568090836e+00,5.481133132370280547e-01,1.046642837385052038e+00,1.611366638266846785e+00,8.696736149043664099e+00
7.822926274730399587e-01,4.874969027163809088e-01,5.626705169855099165e+00,3.722013308198822035e+00,7.333638196595175796e-01
1.444946298591670342e+00,1.772461187184638742e+00,3.664034570054214290e-01,5.467471258568529224e-01,6.827005611395736473e+00
1.184913536116803057e+00,3.320152177901227297e+00,1.253570645228510028e+00,7.454166120487444314e-01,2.002590807091584768e+00
1.004753161890080126e-01,1.200006925718599821e-01,1.048743990584657670e-01,7.573666077679269693e-01,1.006400842952677976e+01
4.783288674714452626e-01,2.067824357977933847e+00,3.302836818640329852e+00,5.830813479564433521e+00,3.055880309657994509e+00
1.193803313971179003e+00,1.068677886465278615e+00,4.755320422012864867e+00,1.369691643541076198e+00,3.950439401296721442e+00
4.652728698845400856e-01,2.743464027995638599e+00,4.046781953726493519e+00,2.805992492562817020e+00,3.572223419397057675e+00
9.888659652503877240e-01,2.132477330431665319e+00,4.089107358532372949e+00,3.121685527556041340e+00,4.057096918054276635e+00
3.366604770377849554e-01,6.981670332261988854e-01,6.109279308829782984e+00,5.622507990901316477e-01,9.945362063521918650e-01
7.979063798954100228e-01,2.349824844940181290e+00,2.094345830778834738e+00,5.728098870654617869e+00,1.267623867705920171e+00
2.937086398362322992e-01,1.633535177758841606e+00,6.564664716591985805e-01,4.659720442030621967e+00,7.557626069118846601e+00
2.466628495841953761e-01,1.660233601618477106e+00,2.810225210143504349e+00,5.655255419739202871e+00,4.428356391738784481e+00
1.265365665788340532e+00,2.148319756106917389e+00,1.703731150503291047e+00,5.160174753701940453e+00,2.897118144184898547e+00
5.611963140052972365e-01,3.723307120133777737e+00,1.138622888896484220e+00,2.151163164639839032e+00,3.091474801346201673e+00
5.734247677314674441e-01,8.822466556614954047e-01,5.800647706034444795e+00,1.471438687452051308e+00,2.450219347325002239e+00
1.242968441876847407e+00,2.498736837920743969e+00,2.498905462230419428e+00,5.367248959675334774e+00,6.232614892207065660e-01
9.698457812916523313e-01,2.715551008868518412e+00,2.230926268206185448e+00,2.862066053709233060e+00,4.774375509565153664e+00
7.046694582775598903e-01,2.476747594204812053e+00,4.576826660659508050e+00,2.523663566071760567e+00,3.137978578374446936e+00
1.009907365401074147e-01,1.402793257026622720e-01,2.451238341622384576e-01,6.704702442083094738e-01,1.006998759584851832e+01
4.285276177637924455e-01,9.159701012356954442e-01,1.965691002173875601e+00,7.567395818372468774e+00,6.750826728564527368e-01
1.016298458935481985e+00,2.714905258179534986e+00,2.572026347800551616e+00,4.218728478359306422e+00,7.854692734752333205e-01
6.880165074978232820e-01,2.457506189105267858e+00,4.595877285610379559e+00,1.317937197357831991e+00,2.809468097636454331e+00
5.083885640122944860e-01,1.253255157081532456e+00,4.739246932345614560e+00,3.290363931467780390e+00,5.375455665924484094e+00
4.361234623617016859e-01,2.713268839873843596e+00,1.420907991425505390e+00,6.109333233072985259e+00,2.645659340840283313e+00
8.458837964716831026e-01,2.143103315293253708e+00,3.830717339310389047e+00,4.202422161468738260e+00,7.483641449363584996e-01
9.154254921108198051e-01,3.286035015594308994e+00,2.845890692650426601e+00,3.758108176423838209e+00,2.725664207292766150e+00
1.614772098097658759e-01,5.296238945602278481e-01,1.491286460636167543e+00,4.358989508450079597e+00,8.264294548924784323e+00
3.040633927969101924e-01,2.491885771476858302e+00,1.231908492264975230e+00,2.983043724066496871e+00,7.021980787309222372e+00
1.054229265962898093e-01,1.457416027578154749e-01,5.083990744503175119e-01,1.264180912101159626e-01,1.007836880182531125e+01
6.489169472427867014e-01,2.538279304192847974e+00,2.218341643572805388e+00,5.798203851999613079e+00,1.521788120355814566e+00
2.436138302020156021e-01,5.454911208293652392e-01,5.912817382165401980e+00,1.551702257132809848e+00,2.132661369635060034e+00
1.871205167486750032e+00,2.328968287290941852e+00,2.695691136758829654e+00,2.784329912176576105e+00,7.964118041351964106e-01
4.247148064062917783e-01,2.909801256457112295e+00,1.606100504891394110e+00,3.373840488109584701e+00,5.776070005676244179e+00
3.526092230460493582e-01,1.215908609666523699e+00,4.005926973085108145e+00,3.823432167883777932e+00,5.635987496538564123e+00
7.782680866665071528e-01,2.348239962783262413e+00,2.415259326170422494e+00,4.942386238903735851e+00,5.541193630316641361e+00
3.788848576530968737e-01,3.059606843957179745e+00,2.788773269934246901e+00,2.342973654783063964e+00,4.316774104148310087e+00
1.174060629348031015e-01,2.389238746539052993e-01,1.326199046969525619e-01,4.354286351299951896e+00,8.574333368189122950e+00
1.253616114821308469e-01,1.429346747777519577e-01,3.591556438030507614e-01,6.126681723808570013e+00,6.724864240839582230e+00
1.138732109455041108e+00,2.637886758173546120e+00,2.242913938256687612e+00,2.686735790273880209e+00,5.870356418278533717e+00
9.303440864457459547e-01,5.555049865086870708e-01,3.365609359200348205e+00,4.594516872681667863e+00,6.525450035520635517e+00
3.667174470537178932e-01,2.717051108418626182e+00,1.027497801751657613e+00,3.610660730867056412e+00,6.568107564616331828e+00
9.766104808240734236e-01,2.838900140416888540e+00,1.460896343505929673e+00,5.209072601799475066e+00,6.918568148675342533e-01
4.556010187477808060e-01,8.533295052018471383e-01,3.139754426056290626e+00,6.218465174629998593e+00,3.913885766078498918e+00
8.317195901688932969e-01,3.816412458912639583e+00,1.397200730152045267e+00,2.383141078237141830e+00,2.742167223192665926e+00
4.276525522163896476e-01,1.578187223333990419e+00,5.241390625178024010e+00,2.415441405201930625e+00,1.980141934235879475e+00
3.695819760139563703e-01,1.551428831463740554e+00,1.194221302955407182e+00,5.641799237667181721e+00,6.010867014276572995e+00
9.399781568014062838e-01,3.857602100866131867e+00,6.598306187130857925e-01,7.936346884894682763e-01,2.175783855267134026e+00
1.201311502865144210e+00,2.207597233006419302e+00,4.433467326257962249e+00,1.292767825396571757e+00,1.764298436189229990e+00
1.254760853936494502e+00,1.534642504561086529e+00,2.310155433289594828e+00,2.158390830774291391e+00,6.905154802008469872e+00
9.203738813361364013e-01,9.800879034490408426e-01,2.004708310788493097e+00,5.973335026939829540e+00,5.905951261262040397e+00
3.501062450378260582e-01,1.738299990108476800e+00,2.946197017908131155e+00,5.751559135025416047e+00,3.483092910341734516e+00
6.231293114642046937e-01,2.251097218228685470e+00,3.030837897958026605e+00,5.156398205563600179e+00,1.961613460329331149e+00
3.095618363983100307e-01,7.020723236834625069e-01,4.578789581478753590e+00,4.661845604549370137e+00,4.388852653790721980e+00
9.210358760682968438e-01,2.793823561326401972e+00,3.968722270130151664e+00,3.466386338427580593e+00,1.475150339153291856e+00
1.295328246113879533e+00,2.451118452858039642e+00,2.723865368524597930e+00,1.476057735425178485e+00,6.935347174408089899e+00
1.464963081892364238e-01,3.437195030250781436e-01,3.409148223702461733e-01,7.933231433507645036e+00,2.233278606005660638e+00
1.614774112166716513e+00,6.676741473153672279e-01,1.316656690154462961e+00,3.917510389803788851e+00,7.083585465096031264e+00
3.570516511129871451e-01,1.846289119304622028e+00,3.135288651036226781e+00,3.360669674005517304e+00,7.259678169370556766e+00
3.428980102910471617e-01,1.053935285341345951e+00,2.498369022503140080e+00,4.056051150533647842e+00,7.934202113396184863e+00
1.717622789777415004e+00,2.557287065681726812e+00,8.979650350201870967e-01,1.187465389602549770e+00,8.240934827404273744e-01
1.789389693852578289e-01,1.112172614784046942e+00,2.959745856653893448e+00,6.267192955000944643e+00,3.690120460981472839e+00
2.029926685482345561e-01,1.990797023940784838e+00,1.124076812773319167e+00,4.540307979013043393e+00,6.843546915831760558e+00
7.300613265638498106e-01,5.145660288734985599e-01,5.787673080887356214e+00,3.530779165099439787e+00,7.875311346423550241e-01
3.425054610646846021e-01,1.355856925855550843e+00,1.318444677434770451e+00,4.417523545975851063e-01,9.514439729335991913e+00
2.048792861031729640e-01,5.686488306784663882e-01,2.150933341390978137e-01,8.048134377584897692e+00,6.878934631062123550e-01
7.295053877960393507e-01,2.269896532313615101e+00,3.405379862809811975e+00,4.848815822493965477e+00,5.122668213390629832e-01
1.039055519715477605e+00,9.132690415536748318e-01,3.648852879517644254e+00,4.333752776493544623e+00,6.154790757615514529e+00
1.393220889133736928e-01,3.125356154438541090e-01,4.804713546158865256e+00,1.906349610901195035e+00,5.957136020417034494e+00
9.720205357149910852e-02,1.010251178811655687e-01,1.428411408298733976e-01,9.886261303162204861e-01,1.003442263602975260e+01
1.257924420610638361e+00,5.720297999495371766e-01,4.409386161241365620e+00,4.499681417195450450e+00,4.622974925573234195e+00
1.274565285831537498e+00,1.413290728901489324e+00,1.200717350024463892e+00,4.728458527326422356e-01,7.773327908815847564e+00
2.817114798614581694e-01,7.145155723234967171e-01,5.996583129297203385e+00,1.382217171667595501e+00,1.260581515984856349e+00
1.838480654521405633e+00,2.055000974600108776e+00,1.637873326076095370e+00,2.433196470355155849e+00,3.118964425447196653e+00
7.237503187989902109e-01,4.164913601170338042e-01,4.006428601271957213e+00,4.041227757215034577e-01,7.344385335358857070e+00
5.481097702730495236e-01,3.581754749332321630e+00,3.191979796529430757e+00,8.500282954235960364e-01,2.740718777206000212e+00
1.261777591862703218e+00,3.012165226992756573e+00,8.462136533427930818e-01,5.023090705218315577e+00,7.040763097849302987e-01
1.359183170820129627e-01,2.062109121289829317e-01,8.721028348300561284e-01,9.310098934657378145e-01,9.996965965816928090e+00
5.619998628135887131e-01,2.966013983743549964e+00,1.588393685856646309e+00,4.077035976552854990e+00,5.097375919177780546e+00
3.315099041430034643e-01,5.725561264707497156e-01,4.191735646244708846e+00,5.788796739187145768e+00,3.563114043329582259e+00
5.605458974891454060e-01,2.721028967585136904e+00,4.482594044563635194e+00,4.139987452359411013e-01,3.971954762464686706e-01
3.689716586302860812e-01,1.690992251631612930e+00,8.040038815083709878e-01,4.153100128632055466e+00,7.567939620137878798e+00
1.427825839489521020e-01,2.946258501768586613e-01,3.062586377153301287e-01,8.063733101185439622e+00,1.271802498400326442e+00
9.705906413165259206e-02,9.873346686357063751e-02,1.258915758081248226e-01,7.465238168442485112e-01,1.006382415159493426e+01
1.953647407123470792e-01,2.872630819732904239e-01,3.166206363337809027e+00,5.816633860656132526e+00,5.186815572001028940e+00
8.363031830328166993e-01,3.316166374564665897e+00,3.231512325300982980e+00,3.165719673152556535e+00,1.407601714083161593e+00
3.331954153749731029e-01,1.591020685057394468e+00,1.611776771478268033e+00,3.740618795326861701e+00,7.750512363886077338e+00
1.546273680065888279e-01,2.923345298061312825e-01,3.156284425382767100e-01,7.604677031360313144e+00,3.699475205956869850e+00
1.465970342945492888e+00,3.267371792772249428e+00,2.338613319590077122e+00,7.218626588170580227e-01,1.072818432293132007e+00
6.212196066376555192e-01,1.040753603333595123e+00,4.926394440055465118e+00,3.738556746330597313e+00,2.911976915773124119e+00
2.607123324202427761e-01,2.264041526645566460e+00,2.585211174648153420e+00,1.520880398517213461e+00,7.223029335178932975e+00
5.641273212187573050e-01,2.817437474589321145e+00,3.768569759603993319e+00,1.018138296782339802e+00,4.166790174315274875e+00
8.987367982622903595e-01,2.876257928461757096e+00,3.178907219379204729e+00,2.906187704082590972e+00,3.737184016535899378e+00
1.678473368916844066e-01,8.295890855802092734e-01,3.384573990953949174e+00,6.377706063478696841e+00,2.590220103711376343e+00
7.361404904901041046e-01,2.703496433134561894e+00,3.884347000033181896e+00,3.784738908498377796e+00,1.320002950976876033e+00
7.248345795336239572e-01,1.917525463961321730e+00,3.737943488004964454e+00,4.106021424542561249e+00,3.439832711136047827e+00
2.156853238175684417e-01,4.600082828220952713e-01,1.252954528890630526e+00,3.848903765471732186e+00,8.843307238509208190e+00
1.970282540489105338e+00,6.412452224731710615e-01,2.325742021665694548e+00,1.209229093177498937e+00,5.458617711498421343e+00
7.662346099601171634e-01,4.731075721010278845e-01,5.576004460757221892e+00,3.891728531726895479e+00,9.638232395943978625e-01
2.174842504250084629e-01,4.617058320383827796e-01,3.786746765019681771e+00,1.763542501298726028e+00,7.880269221266424040e+00
1.405421104520584663e+00,1.844364961296372396e+00,4.956165567549916107e-01,6.869255692223333876e-01,6.840112136308952984e+00
1.198806669459717839e-01,2.812245920664040999e-01,2.735668255779586389e-01,8.090293329211190709e+00,4.615667856796292767e-01
9.819633478642028623e-02,1.018084430170349969e-01,1.196175373917195556e-01,6.393612136429344117e-01,1.007474665389226054e+01
4.426275531846700084e-01,1.019948133860757222e+00,3.719698188069582745e+00,1.637702148721890794e+00,7.890396601742922122e+00
1.567135663581647798e+00,5.679452116735529410e-01,1.013515481007255747e+00,3.476789809597731207e+00,7.768220639028224461e+00
1.268433295885067480e+00,2.036628241756316182e+00,2.820749766336413611e+00,4.014898702327845292e+00,1.631878247616171063e+00
1.213001681546669097e+00,2.110950014579997980e+00,3.203508369304121306e+00,3.151302249496732877e+00,4.734086387093332071e+00
1.168858842785714808e-01,1.819119204981087257e-01,1.170539222667000168e+00,3.550252717981679407e+00,8.959131223644888564e+00
6.943896173411584494e-01,1.626486281298567871e+00,4.558295947561601835e+00,1.064416929182619986e+00,5.263545651922409974e+00
9.620494907740249069e-01,2.639447557000471178e+00,8.864231933814035180e-01,1.470994880161927476e+00,7.392792634094328186e+00
6.172042056701437795e-01,2.222116989392372233e+00,2.839111002082602031e+00,4.498092978240159745e+00,4.469759413459795105e+00
3.134874302415022740e-01,2.956470482244863973e-01,4.711424612277824053e+00,7.084090706308195928e-01,6.794308934513551002e+00
5.120119478381620626e-01,1.572484929084176475e+00,5.766321931249703603e+00,6.079482248680880829e-01,2.792642952644455612e+00
1.176165850368469767e+00,2.259609799668349073e+00,3.483402823632583134e-01,3.601742291890062675e-01,6.985303544027173572e+00
1.017600302303545590e+00,3.205873536037737281e+00,2.537188667350042337e+00,3.804963351840833674e+00,2.141876664773254557e+00
3.593780310701197855e-01,1.448123204451433610e+00,1.406027218920313127e+00,6.128708374790754476e+00,6.086577643206242172e+00
2.450322064494868668e-01,5.538757466485869640e-01,5.557731599473001438e+00,3.460177427291769359e+00,8.096243356177996731e-01
3.784178198217005296e-01,1.082948668740578935e+00,4.655137073500814182e+00,4.675573797909521545e+00,3.093639542464072800e+00
2.271864232648124760e-01,3.234075688936174364e-01,1.585867079913587219e+00,3.149461510076406512e+00,9.019965138632485946e+00
5.841003548206993301e-01,3.200648743887624992e+00,3.841746878514465280e+00,2.129995126003127126e+00,2.228161540152682640e+00
1.112528077316385922e+00,3.088857206672335654e+00,2.831979670212672495e+00,2.277512786468074868e+00,2.752640250922522291e+00
1.904457729285285172e-01,1.057272477231877783e+00,3.315748932099096269e-01,3.003887574532639881e+00,9.079628933784160694e+00
3.850767944249027797e-01,7.967713846501376374e-01,5.851279739930278501e-01,7.461840384667772774e+00,3.320065903847339683e+00
1.555225783456580135e+00,2.922083115922772478e+00,7.769484430468923675e-01,6.169303861669888089e-01,7.823931205264829103e-01
7.682148754172153371e-01,8.227432776701097961e-01,2.756192881386839932e+00,1.373224125920256222e+00,8.467407971465261696e+00
3.776282946118573181e-01,9.058961884847860357e-01,4.423450106120562886e+00,5.092739769179877918e+00,4.111293578755885747e+00
9.804641973620380202e-02,9.909906679563108833e-02,1.238194190746810669e-01,7.228336662576010374e-01,1.006727356624505632e+01
6.063395946826251048e-01,1.721245196614870077e+00,4.089635537060462234e+00,4.579854745801275939e+00,2.417054480732746757e+00
9.787563347685995785e-02,9.984184763240176730e-02,1.335013405532895214e-01,8.545418236763744346e-01,1.005248533263641875e+01
1.248639063505118940e-01,1.607498799930607847e-01,6.265274638702791332e-01,5.335162950279388472e-01,1.006010928166997154e+01
1.019371209869662648e-01,1.447031952063485838e-01,2.458545042281360116e-01,3.535314776532248349e+00,9.128146809439744658e+00
1.206137214838526872e-01,1.387425691510901782e-01,4.618002106720939248e-01,8.051346778181876829e+00,1.294023058914144375e+00
5.119855136200132106e-01,2.467207004864327757e+00,3.727764285230787511e+00,3.857022385071937620e+00,3.532702854253880531e+00
6.602017157014015147e-01,1.496125785662612673e+00,4.919700728772804510e+00,2.543630210035562111e+00,5.121573534453332854e+00
1.674584880172199419e+00,9.336053994194912775e-01,3.558642675166307168e+00,3.460981627910145964e+00,3.185373415949217080e+00
9.935009767978334461e-01,2.119846407507224306e+00,3.214290401447075674e+00,2.636617680682240117e+00,4.991834418854209865e+00
9.392016078122077394e-01,8.307173573840073155e-01,5.405086483337809611e+00,1.324753271120856279e+00,2.458162298352974950e+00
1.564481159196608351e+00,1.758412846916135974e+00,2.104100848526044842e+00,4.469177412705770180e+00,5.535538755785739395e-01
8.439509213071729743e-01,7.348014794961301721e-01,3.137826772157020105e+00,4.635446768709750920e+00,5.560806914312562022e+00
1.168415629661156974e+00,2.504111391032147083e+00,1.381591393336084383e+00,2.073768057883868643e+00,6.779478364614056396e+00
1.031936318813365894e+00,3.689297849368740057e+00,2.357277718047448012e+00,1.114191704860198140e+00,1.229097153495300576e+00
1.709452011336882071e+00,1.823752764847775376e+00,1.169851608732315640e+00,2.710067452238927643e+00,6.336671179503265527e+00
3.802967863722294672e-01,2.007762729395160761e+00,2.974413089782341757e+00,3.120686269116494493e+00,7.081177302372427818e+00
2.601160409424864706e-01,5.714474275528114156e-01,4.886912029925651879e+00,4.936325442849354594e+00,1.731423906247721023e+00
7.945012336287204935e-01,1.600655272572755861e+00,4.576921783526802123e+00,3.490567066467938240e+00,2.140971480894101830e+00
1.169912719783788191e+00,3.377952581400943455e+00,2.387745508545968676e+00,1.930764874653571717e+00,2.271522835444732102e+00
1.751372001628122455e+00,9.951758604171921929e-01,1.838602217220384194e+00,1.071864337775877640e+00,6.073004594501185238e+00
9.920786547490029195e-01,3.555951380059210187e+00,8.516056838324258527e-01,1.668566159381277725e+00,2.530088686142689447e+00
9.994840718698545512e-01,3.761056139205423587e+00,2.263422859806448084e+00,1.016553971110402133e+00,1.763027555546900604e+00
6.263309768646376785e-01,1.941375332049867009e+00,3.317243407314535375e+00,4.482890029671721344e+00,4.076402805472560509e+00
2.370321760935876765e-01,3.783924553072401942e-01,1.154584686762782919e+00,3.861756230320042782e+00,8.816802538292375147e+00
5.903873903680887381e-01,1.958776958144785585e+00,3.141971072993549718e+00,4.616176585036922297e+00,4.384573130202856994e+00
4.462779630344546056e-01,1.315466415717147841e+00,3.639331778658448258e+00,6.216023587921160054e-01,7.691546668089330296e+00
1.294510957170485588e+00,1.436991529745775820e+00,6.347762163235968202e-01,2.972594779903302342e+00,6.854437445895824155e+00
1.586440957265317753e+00,2.356248803850509166e+00,9.534926602318261057e-01,4.290659650783598345e+00,3.798664081808261539e+00
2.396508747912502457e-01,4.706877021543890427e-01,1.680233311602855828e+00,4.921059270946276598e+00,7.626066667562474422e+00
1.592877683656638954e+00,1.888734282813219867e+00,1.322723895307742037e+00,3.640343247148567496e+00,6.204546346443504667e+00
1.762033393416050919e-01,1.168656746571067551e+00,3.422474999097505854e+00,6.387091956833023332e+00,1.577319429164322884e+00
8.850255297742457561e-01,2.347012730996435703e+00,3.111458647905254171e+00,3.612901657199711458e+00,3.626633898245120946e+00
1.186940873421437892e-01,2.549431148008937664e-01,3.276748210860129795e-01,8.088346008957090660e+00,5.627019733607331320e-01
2.285732707869201907e-01,5.386338797889288488e-01,1.168376275789170693e+00,5.547226283625087184e+00,7.177811952523223127e+00
2.365639577504022040e-01,7.199144990267815070e-01,1.789886227249778194e+00,5.528650801686630700e+00,7.113821375468859287e+00
1.523971186164344294e-01,2.031058805509214638e-01,8.594570070470179957e-01,7.800044281562161785e+00,2.732278514461870422e+00
1.287632423495591316e-01,2.799553545754578376e-01,1.834820062009531183e-01,7.981317999653816386e-01,1.004622588552950901e+01
5.117202631535601176e-01,2.250834589937249497e+00,2.920757867401466701e+00,5.614501587449466591e+00,1.746807531821789716e+00
1.196419111098007831e-01,2.720821404155041590e-01,2.039071521970861056e-01,6.616768115847633247e+00,5.921133026620532647e+00
1.556875690909360621e+00,2.606496504251193613e+00,1.177201805325146067e+00,1.517467550490023687e+00,5.816282633189405082e+00
6.195911635293973596e-01,3.513781654084713768e+00,3.422855101456002025e+00,3.493524783906953868e+00,9.306553618914379378e-01
1.911386503526277258e-01,5.105823200493990743e-01,5.654637194475305328e+00,3.086508886229076598e+00,1.143640674764985210e+00
2.546778742619889013e-01,6.551128881271780502e-01,5.948988672935501931e+00,1.962814977745237055e+00,8.488178884145937131e-01
2.419383267055629783e-01,6.453232902638916801e-01,5.936808617175031166e+00,1.900164756160061641e+00,9.439753411262590266e-01
1.188279009622450033e+00,2.205029526486215641e+00,3.287775568648504398e-01,1.101683542505517588e+00,6.939546775123940137e+00
5.435103586729854719e-01,2.571353003358739731e+00,4.439578390793577967e+00,2.089152502943568024e+00,5.353746179073987088e-01
3.585438094545038146e-01,2.949991453825357102e+00,2.686905314872713113e+00,2.511997719097537551e+00,4.822088291409113658e+00
2.407339838327311188e-01,4.787361397471380231e-01,1.762599576102569676e+00,5.022996031852041021e+00,7.471729122215922558e+00
1.020797063732631765e-01,1.325598330703076921e-01,1.134292278091188627e-01,9.860722080111425925e-01,1.003776067572506747e+01
6.001262478787868782e-01,6.540988880571619868e-01,4.313511534322182150e+00,2.620267223627362529e+00,6.209365932397592047e+00
2.079875018378967710e-01,3.456621847067083420e-01,4.189307435498627719e+00,1.150281261259988419e+00,7.291211692664062660e+00
8.389596485315633512e-01,3.471903112157116666e+00,2.240634313201340433e+00,3.482782251396443041e+00,2.371939726233642798e+00
2.739045741559621439e-01,6.552449390234265092e-01,7.389433662596089913e-01,1.112328496574577441e+00,9.923930711407075833e+00
1.503956860068511148e+00,1.441419458595510239e+00,2.251279883546029925e+00,4.033823148992910390e+00,5.701111802145324425e+00
5.314122013923042731e-01,1.567981228062039545e+00,5.534167408167410152e+00,2.638467397935992498e+00,2.819171756355897340e+00
3.279696738045190241e-01,7.436100546798029010e-01,5.127184862774102569e+00,4.877896349411384946e+00,1.076832377944812569e+00
2.809043371550085100e-01,2.603061284207956572e+00,3.106156106335227651e+00,3.046170237479126630e+00,4.873444856593529551e+00
2.322083876714066131e-01,3.702218620206305655e-01,1.169391477350061326e+00,3.752825181966477075e+00,8.827345191914533373e+00
1.295855111017753192e+00,2.416755025178619398e+00,4.292230682904847328e+00,1.165430534486566971e+00,2.679211512619898983e+00
1.020756506165409333e-01,1.897563807575562145e-01,1.033178343312426972e-01,3.220168478036856463e+00,9.303151173987327383e+00
1.156433849973483308e-01,2.821424023490006205e-01,2.402657043090315470e-01,7.638939225732792160e+00,3.440253464066087119e+00
3.167538897664567421e-01,5.670866278868081922e-01,2.372097381817487971e+00,7.096455090072110394e+00,4.264170551155880950e+00
3.811912858853803154e-01,4.200736784941408786e+00,1.200507553710433717e+00,6.594983596236985157e-01,1.274148467403320772e+00
4.872604603067047790e-01,2.936261219331221639e+00,4.019891329034257055e+00,1.457711740323211158e+00,2.178309576778687973e+00
7.651522546293049176e-01,1.859396250379062865e+00,3.992996737123599260e+00,3.919077492367777360e+00,2.448655628188372901e+00
1.287064718715384082e+00,2.277058525536928890e+00,4.401795060064633169e+00,2.466886900308178809e+00,1.160326892638424034e+00
4.934028167281621080e-01,5.317369265414615409e-01,5.964916976448943586e+00,6.991268885664039257e-01,3.512760615842982048e+00
6.835550700726684692e-01,5.861527371027386302e-01,1.790654208690769966e+00,4.196360096102367265e+00,7.983515166707316091e+00
7.287494157965418440e-01,2.853290575467677836e+00,3.437165296262368663e+00,3.457043551493833800e+00,3.332208965927376365e+00
1.121773564542690171e-01,3.054704823486407705e-01,2.007951162048115523e-01,5.313485502373115565e+00,7.670280506172667323e+00
1.680805767857236344e-01,1.105734158747513129e+00,7.886896550091292424e-01,2.433724365463101336e+00,9.295800230308277179e+00
2.517824753854821518e-01,7.564536604984942736e-01,4.495605784444153485e+00,5.131827166443851951e+00,2.949761554272446240e+00
2.008456560359545562e-01,3.599691891090810447e-01,1.905031390453670037e-01,7.844906811529702928e+00,2.943350888074641514e+00
9.699873034715396358e-02,9.833405646936557720e-02,1.222808959671946583e-01,6.866484089978178718e-01,1.006964835191237384e+01
1.061148870226794605e-01,1.795141567893937529e-01,1.067923942501607798e-01,2.994404642711962161e+00,9.417728415831607691e+00
3.187786403602667074e-01,8.262472202147808087e-01,5.618391020114104073e-01,3.761828770535352806e+00,8.933725906248724868e+00
9.306399145528683192e-01,1.722465219687316251e+00,5.225973973260089167e+00,6.287533677911023577e-01,2.577763767508275183e+00
8.653116018338163906e-01,3.841902041872422569e+00,8.300368641762472244e-01,7.987928408056692575e-01,2.541254767023880756e+00
1.103182092986613461e-01,1.393407795044425412e-01,1.119055011608636740e-01,1.118781972680765513e+00,1.002878015093628328e+01
1.929293874988253776e-01,4.467328627788512141e-01,7.216130478354471078e-01,1.108115842313551980e+00,1.000291281351917760e+01
3.370979915019965967e-01,6.105856068262374148e-01,2.216029159855092967e+00,7.392719494107552691e+00,1.791719902657221475e+00
8.169930633773696549e-01,8.683808084069770672e-01,5.523395082848145954e+00,1.716425120884540911e+00,1.943295243270665829e+00
4.506737016882784719e-01,6.631704788268413253e-01,1.598210487792408818e+00,7.671631418926473600e+00,1.512554036090588028e+00
1.836213018471632430e-01,3.192735837749434147e-01,3.992560617846406590e+00,7.826900617972538665e-01,7.657397366856971921e+00
1.241429708270584520e+00,2.235855658369014787e+00,4.235865829162687390e+00,2.493645857833611146e+00,2.985091151294025469e+00
1.467075356940163777e+00,1.644310102027924492e+00,2.690286077053770430e+00,2.852349610660723567e+00,4.999208697695885384e+00
9.743818724692063227e-02,1.000632513525669121e-01,1.532457344302710356e-01,6.499485320533395782e-01,1.007274945297466218e+01
9.983910618716469731e-02,1.305717508532411864e-01,4.514890610473886179e-01,7.159185438097199761e-01,1.005075529027951298e+01
2.321667668431597331e-01,3.541647908269643930e-01,3.734609362947611810e-01,7.221718454977340329e+00,4.610468414780696911e+00
1.045986518245421298e-01,1.927215461154627163e-01,1.065754904814047860e-01,3.502918717052719622e+00,9.144564559518125080e+00
1.614232766212001513e-01,6.461888194172620281e-01,7.000195794754346945e-01,6.611651354875258679e-01,9.968304358725252001e+00
4.230439532344841269e-01,1.659069127901410923e+00,2.543510779954031520e+00,5.527950536423577255e+00,5.954524384094010969e+00
8.614232456689034922e-01,3.217138117387006613e+00,6.177472156764007849e-01,3.939387210619798019e+00,3.021644658172943032e+00
5.523112814861900199e-01,2.716142276873810157e+00,4.498211861377851228e+00,3.553140208188615423e-01,5.059629322396445028e-01
6.110567224559202426e-01,2.676189701113715014e+00,2.664804097112389414e+00,4.543973183140073147e+00,4.463575123518748633e+00
1.173915333263283456e+00,2.591848497217886127e+00,4.501038767579853328e+00,1.182778029598736680e+00,2.049523090166903927e+00
8.727525479730590119e-01,3.516750274301368440e-01,4.343636551613188068e+00,3.291462755967581533e+00,5.201843334918907935e+00
7.719218814290805808e-01,1.982172797550541432e+00,3.262603583059863421e+00,3.518397139172948496e+00,5.145822827342502848e+00
5.563270955078404301e-01,2.545164055103031231e+00,4.293850583786009700e+00,2.747239079818094787e+00,5.968449680096866716e-01
6.108984327819440008e-01,2.491878704107248488e-01,2.387990722815685807e+00,5.461582793423361615e+00,6.570011469344079202e+00
1.055533905181350818e+00,1.524574938499949184e+00,5.470580895537841215e+00,1.332920262849039972e+00,1.130467355115607475e+00
9.408152799717259818e-01,2.403566845243847450e+00,3.448446879406478427e+00,3.712422897762873930e+00,3.985170805408614347e-01
3.062293202711605100e-01,4.448799077535247060e-01,5.638766290961253702e+00,3.769204879397022090e+00,9.079127522388945604e-01
3.836385153341289600e-01,1.733715377140260694e+00,2.397719523389568952e+00,4.320706360165770477e+00,6.475878311497786477e+00
6.868205679774426198e-01,8.665097966588102274e-01,1.846289270412855954e+00,2.058976995235821672e+00,9.287948134306548198e+00
3.385118425840519807e-01,2.915932178229971861e+00,3.263925537201538774e+00,3.232265697684052697e+00,4.448170041436361188e+00
2.356672729243304287e-01,2.891016051628136907e-01,5.866861195342126578e+00,2.377943790308566729e+00,4.415328278409388352e-01
3.338897852349392847e-01,1.485097451518783362e+00,1.126347040545687239e+00,5.627457475636397533e+00,6.153987372253349797e+00
9.116221019411061555e-01,9.216668653339230577e-01,1.650613379269992187e+00,7.371034110807226369e+00,2.794646610235126172e+00
6.976996702049625965e-01,3.526869847380762035e+00,3.502781371675287136e+00,3.124950851009436814e+00,1.681928547607069557e+00
1.124408021540775238e+00,2.142673877291877638e+00,3.849867838900782768e+00,2.804628154541137786e+00,2.250189569663370914e+00
3.893794692531565849e-01,2.571544478964927993e+00,3.410122640065496480e+00,1.408114588512018539e+00,5.299643821073611427e+00
3.526508383587330098e-01,2.930052340290371315e+00,3.243757354833304962e+00,2.725254587772400594e+00,3.976716443702149828e+00
7.743221485769313794e-01,3.324053347342743159e+00,2.572149270151760092e+00,3.975544530460850545e+00,8.707229923266134319e-01
1.972972954174820881e-01,3.468606047353600119e-01,9.898419614047422321e-01,6.871266402246845928e+00,5.379490800964853214e+00
1.946983007744748639e-01,1.740437696558955194e-01,2.540667384529284867e-01,7.966466887742977399e+00,1.921088695219350218e+00
2.452448558107270249e-01,2.573592488656471389e+00,1.237834852823959109e+00,1.316261668360890313e+00,7.635697551834375929e+00
6.274919670688847706e-01,5.213654483679004414e-01,4.862526052894145856e+00,2.836960139993472740e+00,5.469328740649550546e+00
7.388150193691974676e-01,2.179271467566268328e+00,4.431625715708116253e+00,2.256037629323490723e+00,2.934068993167004091e+00
8.225959590818368028e-01,1.920759675510211650e+00,5.044964429573922438e+00,6.355188418444746024e-01,7.398461396773894361e-01
9.957914165035006704e-01,2.609628839215162088e+00,9.664832619547689685e-01,1.177535466518015106e+00,6.415305121642479236e+00
1.042586097859028671e+00,1.435488725437692015e+00,1.089651761860277901e+00,4.857215836602144066e+00,6.516541574465790632e+00
2.326505722360438233e-01,5.472036424801030030e-01,5.729405077498713750e-01,7.446499004151652557e+00,3.907632916215285857e+00
3.990078889054338163e-01,6.633411056805889050e-01,1.620521424526024212e+00,6.161176099512951643e-01,9.762081290290756996e+00
1.178181268730756209e-01,2.856634117330163480e-01,2.590566464049686157e-01,8.037732639516127264e+00,1.302572696505556182e+00
1.202737316854393529e-01,2.809077798750001520e-01,2.748578188415476964e-01,8.088965253817063328e+00,5.130761179556729834e-01
9.767050504503814734e-01,9.242890006652735302e-01,2.338148454600832871e+00,5.215027724277941701e+00,6.644092216802537365e+00
2.311512288403744786e-01,2.633608888170459572e+00,2.162169850496308054e+00,3.569031656862807544e+00,5.688296522373663677e+00
4.082769887293789535e-01,8.680211569878629740e-01,2.416894050689998963e+00,5.428295001593438585e+00,6.158253733562338184e+00
7.856380969572854811e-01,5.239991140590034568e-01,4.057627806870854670e+00,2.495955070058029079e+00,6.561952903279400395e+00
9.798655790895960394e-01,2.733099137563248959e+00,1.496615654148203189e+00,5.664345842135382725e+00,1.969836737293912732e+00
5.829835560090095292e-01,2.357423302117361619e+00,3.345260586969263539e+00,4.063068946839944573e+00,3.262315821581406983e+00
1.456686616531226997e-01,2.184877474355981231e-01,2.785029675567484153e-01,5.351357605282510477e+00,7.690268103654213760e+00
2.025895393117549959e-01,5.216992990129747376e-01,5.242754310021601194e-01,1.119253781326658093e+00,9.985404003441621157e+00
1.753612322213198849e-01,2.885340927957941171e-01,2.264366438907921275e-01,7.017810488704386174e+00,5.217684867939114568e+00
1.548938823788424735e+00,1.586745642696560488e+00,3.242053427318141168e+00,4.018163904790316820e+00,3.681551802172665422e+00
2.902714008268122425e-01,1.117021166079156469e+00,1.335440417972148408e+00,7.232550615059317956e+00,4.333639334319292047e+00
2.358921375911453289e-01,2.471121761564497366e+00,1.901111819494419874e+00,4.234122032812774883e+00,5.918182475910437113e+00
1.815258911881345583e+00,8.470117653656541457e-01,1.115948363193964621e+00,6.667204015944748541e+00,1.230506515488428931e+00
9.968746139674304896e-01,3.645683764010072547e+00,9.780099834480597831e-01,1.316521442095549776e+00,1.009114011611385031e+00
7.943771817575080441e-01,7.479957693602586888e-01,1.861835744437577711e+00,1.071995191102025569e+00,9.350615505798364424e+00
4.769203519772170496e-01,3.263562714762274108e+00,1.080489161741413628e+00,4.403839498867935021e+00,4.199372151793382635e+00
1.275881285310599633e+00,2.377956939524524582e+00,2.840752996329717117e+00,3.002119923401214141e+00,4.527757357521229764e+00
1.081460006554765263e+00,5.642110224482044245e-01,6.606078267883912503e-01,1.771761045853255334e+00,9.075888609950256480e+00
4.912497162881014345e-01,1.901210781594381505e+00,2.052975941830857298e+00,3.239953344847446015e+00,7.531500777453571160e+00
8.040699426476649592e-01,4.044775769034703927e+00,1.464603619179382310e+00,8.119189295527238226e-01,1.149325359819335146e+00
2.576659039660028627e-01,2.441425542172897423e+00,3.025202881241263686e+00,3.028067244415200143e+00,5.465155396457850756e+00
1.119981235772041561e+00,2.160491430497941234e+00,3.818950007215009990e+00,2.845037434227571271e+00,2.320114326887142475e+00
2.130765738405146492e-01,3.047579763985191481e-01,5.529139534215677720e+00,3.401522408632489558e+00,1.665770849373205742e+00
1.820520445907095886e-01,1.070261141609805788e+00,5.020646498371956312e+00,2.599716632067528455e+00,4.368361872889961361e+00
1.922230113129327345e+00,5.938462261356728389e-01,2.520770324097667547e+00,1.400846322680309841e+00,5.196043379925085581e+00
3.946860861085772498e-01,4.368783868044709973e-01,6.074144068291325027e+00,2.172654442830504795e+00,8.934345389397239101e-01
4.006651652954746901e-01,4.238289083112237066e+00,7.165893618237344498e-01,6.276283985780470864e-01,1.712414483326740511e+00
7.746931272538094548e-01,3.638913419358500434e+00,1.274243389895093781e+00,4.201495032776525917e+00,1.072931016511443403e+00
1.950504591102720231e-01,1.834765652439608319e-01,2.485151137302517022e-01,8.005140277618355782e+00,1.639214136970844171e+00
1.166459634448915317e+00,9.481832487946316723e-01,2.805042288403074124e+00,3.134342102130923013e+00,6.647490304270891492e+00
1.130534031489592639e+00,1.605931256389643957e+00,1.822299840194200549e+00,3.393156930406640570e-01,7.556072264226322055e+00
5.424934886941286116e-01,2.380783351822549854e+00,5.209992389361677745e+00,1.845924179840489288e+00,7.172582136976533018e-01
7.919846880700688319e-01,6.699120014262973655e-01,3.549763124907228118e+00,6.030277317746930876e+00,2.006299617744860875e+00
1.113291622439134709e+00,8.725627946306029337e-01,5.301345113662097042e+00,9.792481944677771111e-01,2.505163746713610973e+00
2.234910896802497771e-01,1.599485174913077845e-01,2.671098371263878057e-01,8.042117553067068769e+00,1.527631615622145445e+00
4.407106463611409897e-01,4.101543955098090888e-01,4.348190974445695467e+00,3.162150654457283050e+00,6.122510059606896426e+00
5.654387052425480231e-01,8.373234158679309092e-01,2.795952963089681109e+00,1.301356790329139645e+00,8.456293122191702594e+00
3.742853777062745690e-01,2.444746916835091266e+00,3.261190666462431942e+00,3.682263422590534407e+00,5.385869687322399457e+00
6.787880198809648213e-01,3.368546802997827605e+00,1.929925052635834692e+00,4.369351447763058616e+00,2.921004251983822186e+00
1.019687839817131486e-01,1.246862111352700780e-01,5.426696292104924435e-01,1.527515818087879229e-01,1.007218524062608900e+01
2.889767955841424651e-01,1.999791703447922231e+00,3.026816856704459102e+00,3.395427181997117572e+00,6.280459771431837979e+00
1.037220684960315775e-01,1.842921496798939351e-01,1.084777326816184218e-01,6.175388687657663578e-01,1.007411948550558023e+01
1.310252425369218265e+00,1.160250404723484285e+00,4.400701012681382807e+00,3.774190209657600104e+00,1.055786900327859490e+00
6.609466171024047654e-01,4.724320265803629848e-01,1.326226089736073366e+00,7.233931205356937788e+00,3.213798278040203904e+00
2.772134889250111867e-01,8.156919526510265639e-01,2.163343370718064929e+00,4.440834463790426234e+00,7.788149685417290691e+00
1.605104018017095568e-01,2.361234612340934458e-01,2.531590953244478026e-01,7.245114801551972405e+00,4.602970604040923952e+00
9.834311230615586097e-02,9.975856407840326401e-02,1.394508845124530494e-01,9.779348688840971970e-01,1.003692492736635700e+01
8.493604008808128825e-01,3.840560913870270099e+00,9.149835729740052326e-01,7.485509112653012664e-01,2.645514583074652482e+00
3.399519816152316576e-01,1.804882316986444968e+00,1.082366884505175042e+00,3.737282181789457258e+00,8.359154668393546928e+00
1.311239880588698781e-01,3.149652818139228594e-01,1.565702377351906871e-01,8.081190986988449509e+00,8.142317234740205079e-01
3.915682453026422261e-01,5.018022666556725131e-01,4.620010391677435990e+00,3.464309357665925404e+00,5.576671492209044345e+00
7.246223683056879361e-01,4.890293277176913089e-01,2.711844541204747827e+00,3.114636463954107537e+00,8.831664528155734217e+00
5.223601226677718756e-01,8.965187311717057739e-01,6.147317613203790110e+00,1.730394097458540559e+00,7.791717408013554280e-01
7.854463321623293970e-01,2.440563687356518963e-01,5.125005953241733359e+00,2.201796856208591002e+00,4.144842809664311289e+00
1.426055530507546465e-01,2.504505044754955501e-01,2.102929158147714972e-01,6.614170847364601258e+00,5.912210556901809966e+00
1.202896793347222104e+00,8.417341929251180854e-01,1.296354309736235111e+00,1.066484708023951677e+00,8.325258532868904382e+00
3.241865432699093663e-01,1.795342693825987768e+00,5.455855950690565948e+00,1.992153053936172258e+00,2.903236195428533950e+00
1.191726963843175169e-01,2.073777456025948651e-01,8.723058517113699839e-01,4.803580046425275918e-01,1.002020425320958275e+01
1.608062029852010133e-01,3.817134394231100902e-01,1.329535889941096727e+00,3.075830381863274621e+00,9.208069252895576540e+00
3.848972324041282089e-01,1.331910643047220510e+00,4.158757486733852815e+00,2.422240306786521025e+00,6.203987474655505707e+00
7.348246607083895876e-01,1.309617866004993081e+00,3.407407001272966252e+00,1.438633558352153896e+00,7.422977754400101880e+00
1.715581709233823027e+00,8.473853138097332538e-01,3.386983079185209800e+00,2.578580596186922147e+00,7.441761210717089403e-01
1.629845987245107652e+00,5.655951626718656033e-01,1.922294521552424307e+00,3.841581182514079096e+00,5.712692213806199071e+00
9.784503204182325165e-02,1.002100648821009632e-01,1.395193843553407809e-01,8.966162887649329338e-01,1.004707612986229748e+01
1.066200808205174821e+00,1.129631591142271629e+00,3.623002905240392924e+00,2.002103638950989861e+00,6.352451585007580448e+00
1.882786643440538810e-01,2.435046673333629841e-01,1.464889862560918354e+00,3.631643868968812416e+00,8.939410510691528700e+00
3.412885427190532894e-01,3.167905753576336636e+00,3.281091233376744132e+00,2.803608340149572609e+00,3.709471036775748853e+00
3.432430575991990418e-01,3.200093136381890524e+00,2.812214005759712254e+00,1.792538835828387356e+00,5.207727272261093887e+00
1.847649527627717725e-01,2.747666142596555394e-01,1.914686009293965485e-01,6.561826904749644029e+00,6.082466041262176049e+00
3.770671843554440628e-01,3.878926563601537980e-01,6.179966130070058128e+00,9.959272441658468811e-01,1.757557401793233165e+00
3.615843382230680692e-01,2.248046025668795078e+00,7.081332136230384933e-01,6.719891576436771707e+00,3.753521031669695862e+00
4.066224061969336834e-01,1.478719606238596995e+00,2.427735163132600071e+00,4.374163280537665344e+00,7.608903340259314696e+00
5.790478179739197984e-01,2.412923205468813670e+00,4.835723727898477264e+00,4.947227816001792955e-01,7.553573962995761004e-01
4.571384645679489322e-01,2.798629334754278108e+00,1.323576338311591716e+00,4.840718915968827751e+00,3.875412455235602849e+00
8.856222080061146862e-01,6.440674287851626545e-01,5.209398422627145031e-01,3.066169208458136897e+00,9.052255895619634174e+00
4.819973631598388208e-01,5.069592409920898879e-01,4.901394651375848177e+00,3.319717117102850334e+00,5.039495464597359309e+00
3.186520222936406466e-01,3.309252042066919142e+00,3.504085208879692992e+00,2.894233772300943475e+00,7.282170792206832388e-01
5.843990016719450287e-01,1.525348283976800889e+00,1.922697253854446897e+00,4.273641769130390955e+00,7.253770160050228455e+00
3.424096185823104488e-01,5.449768519166289238e-01,2.018013042731781059e+00,3.036153692775058310e+00,8.769449085374688480e+00
1.324415784339606217e-01,2.737693973372464784e-01,2.592436936324956642e-01,7.708469018008608842e+00,3.191236870840238993e+00
1.505635780972799098e-01,2.048783450483174506e-01,9.082013881775685693e-01,7.864930487763246880e+00,2.199728632049547272e+00
1.338881518198616227e+00,6.159965124337271059e-01,1.364718650477866557e+00,1.761890570503555464e+00,7.929567172295409527e+00
2.075895109892889612e-01,1.405936006577112041e+00,7.462942936286871554e-01,4.411397479567245483e+00,7.938345931577552861e+00
1.322824403305666419e+00,4.059923115755667000e-01,2.035368922648262746e+00,4.020610961283204610e+00,6.043636368082916377e+00
1.102176351666671827e+00,2.057196565524079812e+00,1.541824306291879276e+00,5.067846023888257001e+00,4.126500210283448489e+00
1.365425604189954567e-01,3.591589511163698623e-01,6.120364085930611875e-01,8.006899214737075443e-01,1.004160508510746475e+01
2.032020422047294828e-01,8.063930628895047414e-01,2.407878864645971007e+00,7.497181740927785221e-01,9.166655583514156547e+00
1.294173233194407580e+00,1.717314762093379965e+00,4.558199894995042634e+00,1.883930615319757251e+00,4.885005542113035615e-01
3.656856506003647311e-01,3.593393596859991046e+00,3.610614505583574996e+00,6.701576320163120659e-01,5.473270791753070963e-01
1.580860319255867341e-01,7.681445361186950427e-01,6.887170024352948783e-01,7.090180338856053588e+00,4.753473928728014997e+00
5.412890167690417309e-01,2.602265124124554241e+00,2.282260880770007994e+00,2.742415161218262565e+00,5.847274175718310651e+00
5.017581685501673050e-01,1.179427537286440453e+00,1.552883660539324140e+00,7.142181672397905245e+00,3.049374288114326426e+00
5.817849548383918767e-01,2.748162097672189663e+00,4.390266573392524130e+00,5.733877240894876826e-01,1.165190679499122695e+00
4.675020372812832004e-01,5.248964827587372373e-01,4.401722742648542130e+00,3.372590237759022003e+00,6.052440526005973709e+00
1.689823537701101053e+00,9.260164175493275085e-01,3.654596057820640453e+00,3.586444120975913474e-01,1.701359886158567480e+00
1.496894397073539551e+00,1.184369515218445468e+00,4.045538184882250476e+00,2.147233411443566276e+00,3.296672391583844064e+00
5.171516211978123279e-01,8.248164674878898373e-01,1.671705509363516917e+00,1.016776082661811964e+00,9.438082670131910490e+00
1.073196784353267041e+00,1.687929692290503381e+00,2.657889476569601506e+00,3.522440679571530620e+00,5.563067560208846629e+00
6.405931825545833069e-01,5.504582526649161034e-01,5.765853926186611744e+00,1.734718426504828104e+00,2.716137069550631278e+00
3.273122953539239766e-01,2.924888301769725807e+00,3.023415341058344197e+00,2.841063260781854005e+00,3.962275730042133404e+00
1.755027590553004946e-01,2.148680535615931753e+00,3.408134570185699097e+00,3.279949307502859845e+00,5.479756164413554842e+00
1.703593228927457348e+00,2.992064205312069181e+00,6.608326460140028225e-01,1.619546256240267601e+00,1.341874420736056672e+00
1.816156334563625574e-01,1.439350104075572290e+00,2.840195412150023024e+00,3.012378536184070033e+00,7.610219669952125621e+00
2.011127242245132341e-01,1.742173909476814941e+00,8.413017774165922891e-01,7.234848904567534156e+00,2.349183552795175434e+00
1.835588239490461571e-01,8.325125450314533326e-01,7.377078858599317446e-01,7.484173396344221629e+00,3.720044328797820210e+00
1.297432401252557099e+00,5.788822200667442797e-01,1.379976767969540941e+00,6.434713822806285677e+00,2.823929832172688226e+00
1.260978768241558523e-01,1.737623241979069366e-01,2.141407229383133215e-01,2.058748852786172812e+00,9.795314734812127000e+00
1.307272524860802199e-01,7.836335021980772586e-01,2.611319967482419457e-01,2.544221855186521886e+00,9.481791266885364777e+00
1.590186937353259333e+00,8.123715550017119869e-01,6.524356615473205778e-01,3.997920322863769194e+00,6.719782436316192431e+00
4.136035767804662755e-01,2.490452578683019169e+00,1.790339783027339760e+00,4.883252460086813684e+00,5.995116261491344467e+00
1.743462697150847340e+00,1.821563270086572484e+00,3.453965309660338434e+00,9.110016358752409671e-01,3.331168883685715176e+00
8.155235823726185718e-01,3.871735481616132013e+00,5.622629505185782195e-01,7.612938329631194767e-01,8.728654426316566628e-01
1.519026001315583851e+00,2.005146478716431258e+00,2.482066170738121080e+00,1.821126881893688765e+00,3.652097974691943527e+00
3.083351884176553925e-01,2.637732517202010296e+00,2.658404887082868484e+00,2.411788683139963307e+00,5.965863876396634069e+00
3.207605300201269438e-01,6.249848940071804915e-01,4.177443111431181855e+00,2.771692270245211365e+00,6.571952601053941301e+00
4.401598790972752751e-01,3.479927080196160150e-01,6.278021518393982481e-01,2.622370259424343653e-01,1.001416667121132420e+01
8.604859726692014599e-01,1.596601015531939671e+00,2.695291337241510377e+00,3.824479658146603178e+00,6.190438105394214574e+00
1.675835161798093498e-01,2.431586578182855507e-01,3.420534860877716965e-01,6.359870338102031617e+00,6.436805035465806846e+00
1.998629904144587632e-01,2.259247544010930309e+00,1.864544003258185478e+00,3.030830757325029268e+00,7.267269916545433972e+00
4.064974172670647312e-01,4.245193953864432324e+00,7.141455885183900509e-01,8.910457160926592568e-01,1.567458789816775999e+00
7.549692664008453846e-01,4.728605014883579538e-01,1.896415677335038685e+00,2.347435977856422440e+00,9.178992348136388202e+00
7.199667247554691896e-01,9.451858459454455241e-01,3.007002967813832139e+00,6.267614923725316478e-01,8.141063018486331515e+00
1.186453024440979193e-01,2.512609190279334603e-01,3.920212739315734884e-01,8.045369346637436081e+00,1.185762573144855114e+00
1.027556213423060777e-01,1.273124402422637358e-01,5.260850807788904904e-01,4.027723315574804341e-01,1.006392463192485742e+01
2.845817519160048215e-01,2.763799797810611913e+00,2.208309685884835005e+00,3.534743814918320126e+00,5.316265970360516846e+00
5.603921730087526587e-01,3.641523517155940581e+00,1.887553650296553087e+00,1.161484928283765150e+00,2.700437087943242442e+00
1.225373448775930324e-01,2.923628124668911088e-01,2.110169191986949189e-01,7.400960887241728514e+00,4.211931162698865805e+00
4.642627027219837221e-01,1.076007226449848586e+00,1.376915584851243768e+00,7.047494651687103762e+00,4.524337422246463625e+00
1.517127506287754002e-01,2.496977894723079738e-01,3.429994953987509643e-01,7.432965058777657674e+00,4.182348993465053510e+00
2.888443770009132550e-01,2.620742094870835537e+00,2.428188391646135980e+00,3.843601061893441528e+00,4.866061632870104958e+00
1.425387310001928753e+00,1.221053219595769734e+00,3.443468239178400836e+00,3.399457642433015625e+00,2.650024832533587116e+00
9.995130033206064413e-01,1.971133433338051688e+00,4.602185361271104114e+00,1.765837555250907798e+00,8.084384356481888467e-01
8.204047083516717853e-01,1.495525080099493698e+00,2.063605795808840071e+00,1.484226963204748673e+00,8.340107103664117005e+00
1.670310375950234960e-01,7.382919891444661431e-01,6.843630594344225493e-01,6.866678691042029214e+00,5.309130668528898589e+00
2.220510482163761123e-01,1.601012363482705814e+00,5.102828889638648668e-01,7.646510690913943087e+00,5.677131269139235048e-01
1.172630408606091246e-01,2.327636773184532382e-01,1.567097123250950075e-01,4.381394159375845199e+00,8.541762844898139306e+00
1.194085726554760418e+00,3.270305479338139421e+00,1.025365904642825843e+00,2.293029059581815243e+00,2.708583278620551038e+00
3.053683348476437520e-01,4.620178206551051603e-01,6.128771318476042396e+00,7.036838664233553420e-01,2.192267854515316916e+00
1.245485309445304667e+00,1.604651581271334893e+00,4.583221760126517275e+00,3.984472508907159760e-01,4.645399529083706902e-01
5.501737616399047237e-01,3.475160945528044110e-01,4.332471207198707042e+00,4.134666407936031796e+00,5.553946282650525923e+00
5.373405668584404493e-01,1.543354801496254369e+00,1.359348738653205046e+00,6.547693733534509342e+00,4.528048654379279725e+00
5.089994801932126167e-01,2.840327693702700440e+00,3.971117855241116601e+00,7.292373066115964697e-01,3.103436575552551258e+00
1.949761976709993627e+00,4.763499241850396304e-01,3.242396176620879533e+00,1.252325854631784141e+00,3.085751323247157618e+00
1.439208871172320270e-01,3.833337658965432215e-01,9.644245274885461239e-01,3.287663763279970564e+00,9.171374031988197117e+00
3.683802926127054400e-01,4.316725856614456180e-01,6.101511860556319000e+00,2.029905157064531451e+00,9.875563818325523435e-01
1.129134362610469122e-01,1.483822712390583942e-01,7.170807738712010604e-01,2.960175374134615955e-01,1.005032999585216302e+01
2.220244534839651840e-01,1.957014661507234132e+00,1.644368374595360560e+00,4.826210597863605400e+00,6.193339065750251393e+00
6.397369795049001606e-01,3.593423129143707317e+00,1.942831973765884790e+00,1.153605782199414564e+00,4.342067737377415249e+00
2.742224358300422438e-01,1.153878757438332014e+00,8.916179979085577800e-01,9.470708904318145827e-01,9.782511447096895907e+00
8.486087988987327524e-01,1.836960467011684583e+00,2.717649944402862339e+00,6.516400042910748258e-01,7.044957782861575701e+00
1.740832394390715299e-01,2.926899435986314302e-01,3.572092713412396425e-01,7.835438667085209197e+00,2.890522586159354201e+00
2.737997694900254908e-01,3.791187269228247225e-01,5.257625516508201535e+00,4.130619301980445357e+00,2.493523681366690781e+00
1.004280558757740360e+00,1.911730637159839041e+00,2.783344295820348258e+00,2.417573426748329091e+00,5.996349151703231684e+00
6.790910676129580104e-01,7.043693117795195580e-01,2.477091291545792551e+00,1.710987414852975563e+00,9.125500856155388973e+00
1.226094502609579862e-01,1.647720938625018838e-01,2.129102855474674372e-01,1.990554250255214486e+00,9.821794609068975390e+00
3.980626176151244033e-01,1.717019256877990063e+00,5.676301179697833543e-01,6.061736743185097254e+00,6.150445994607442124e+00
5.501012463749643810e-01,2.717458397213831311e+00,4.428472369345834103e+00,1.101212086482370900e+00,6.113520598646074999e-01
5.227310735889801885e-01,2.806915652696114982e+00,2.665971113840981843e+00,6.220035254589700635e+00,8.957793132477692710e-01
1.495576673821940594e-01,2.611753377463676973e-01,3.288350952954286477e-01,7.584379243595130937e+00,3.713513476353275777e+00
2.849301415677438776e-01,4.651114069990269773e-01,5.432951632920722806e-01,7.366536475411958884e-01,1.000236448394547750e+01
2.457762648298885133e-01,2.582097379820210037e+00,2.389803097379359365e+00,4.551612275785799966e+00,4.440273360347532616e+00
5.257313175529567673e-01,2.662175399055901615e+00,3.865286050155652742e+00,3.895012551900890685e+00,1.903324695201813910e+00
2.380317535072598856e-01,2.892382648914602061e+00,2.329136062134789409e+00,3.062556978988936862e+00,5.101316387918891415e+00
2.997117629924838655e-01,3.508188843334819840e+00,2.831951133922438579e+00,1.119102146289279842e+00,3.618307196446443275e+00
8.686089088463490038e-01,3.995360665888224583e-01,3.286948295956345412e+00,6.317924220450004569e+00,6.147406208013467266e-01
2.356585741135192036e-01,2.036916128158335226e+00,1.476318497976103039e+00,3.148155267108282640e+00,7.808853475957203472e+00
4.961168712524852142e-01,3.434207911388326706e-01,4.191241877953159722e+00,4.313198905594274990e+00,5.572778894835499486e+00
4.452272775028764396e-01,1.050809429083721547e+00,4.104016262900326950e+00,4.489079213813673697e+00,5.517620143602218086e+00
9.414765589438128801e-01,2.788407158757844506e+00,4.141287501692911377e+00,6.963250671145754245e-01,1.000207438375687818e+00
1.716782118410883906e-01,2.572559201660068462e-01,3.101311143519438485e-01,7.916248525105542555e+00,2.334334128197431024e+00
6.273916370970163969e-01,9.792380723497705608e-01,3.970811292625654687e+00,3.832276566550075980e+00,5.943204227003402451e+00
1.605779749359358965e-01,2.915287233426949731e-01,2.217660604953463621e-01,7.653932971580083233e+00,3.457073897744108670e+00
1.115865636361709906e-01,1.766980993876384742e-01,7.752665697679915757e-01,3.759818718312714636e-01,1.003902820202238821e+01
3.631192823039959827e-01,4.055927478923624374e-01,6.043403905821311817e-01,8.630987086502184269e-01,9.966994375596998523e+00
2.417114191304220450e-01,1.402494511469483396e-01,3.988724177680536553e-01,7.849577162835514876e+00,2.631473703194597835e+00
3.328727138917806916e-01,1.250344149895692647e+00,2.042877405987304051e+00,3.775404284718771208e+00,8.429494447855581996e+00
1.145078875061819268e+00,4.773267855427271167e-01,5.567077693072475242e+00,5.702349859675015509e-01,2.126660584427829459e+00
1.069108148680721487e-01,2.309685856555130368e-01,1.524079613370606379e-01,5.260934120025186900e-01,1.007752721241898186e+01
1.402881673354589465e+00,2.654139208975552222e+00,1.727503621034732761e+00,3.349187251727798298e+00,1.896558347646939868e+00
9.933896267444461969e-01,2.229539609299606262e+00,1.603166817996132920e+00,1.045812257992711380e+00,7.413852275467704978e+00
1.367374169843367682e+00,2.745002235398953383e-01,4.658569057387099477e+00,1.603975774027946777e+00,1.601081792194916087e+00
4.801829332724557586e-01,5.877985448385212308e-01,6.195567179408214109e+00,1.026309019257936495e+00,1.204052592541339228e+00
2.589925508201897930e-01,2.058274068637286458e+00,1.455340575109235646e+00,3.440458910213449517e+00,7.711148675318016288e+00
6.602368266170897115e-01,6.755568355322510987e-01,2.275872822896799264e+00,1.583042573143778498e+00,9.349253348015121645e+00
1.114047244276989757e+00,1.734548464783921551e+00,1.766397521227829337e+00,3.383239253118715539e-01,7.487578388949469144e+00
9.405372013976611711e-01,1.981148471404298839e+00,1.387878262712154420e+00,5.861280083535273633e+00,5.386190375501847427e+00
2.011655160050833113e-01,2.366864419375248385e+00,1.021489969300890088e+00,3.879835988430241134e+00,6.853917902526451833e+00
6.021590277612854925e-01,4.634939038413711243e-01,3.098548829101252178e+00,1.883803146682868634e+00,8.648139883394062366e+00
4.853394663232137862e-01,7.933271321883073046e-01,4.741045422303243662e+00,2.052601899801615559e+00,5.609440240325589855e+00
5.317102036833063483e-01,2.446727386799316672e-01,4.560624172194828851e+00,2.383406477726250028e+00,5.951187570711759633e+00
3.069137135314452536e-01,3.683936859558218480e+00,2.739426923583672124e+00,8.830879449081673327e-01,2.715245492216904033e+00
1.297408753396957215e-01,4.563848352681262321e-01,4.016933732941750934e-01,7.135999255906626537e+00,4.754276939610671882e+00
8.511640460329470415e-01,9.447516109520275318e-01,2.467001278918761198e+00,1.728211832713632434e+00,8.612945524271346187e+00
1.564581554897438664e+00,2.951025354205626172e+00,1.372947317891465957e+00,2.481027866868185772e+00,7.622978050083819568e-01
1.069145593712057751e+00,2.735701042934881144e+00,1.408264201025176465e+00,4.236620372674653190e+00,3.504039660325418470e+00
7.220872225218619711e-01,8.501188577871512386e-01,2.216588962062493007e+00,1.648511877557274463e+00,9.371820321528851139e+00
3.959349949824992332e-01,3.796292961996012294e-01,5.939727284088872628e-01,9.767253983563010111e-01,9.926353684410779366e+00
1.700544230362858178e-01,5.753493892622256745e-01,5.476115978476856938e+00,1.077520972898831753e+00,4.525837365510334109e+00
1.764481704521277061e+00,3.372212583533267805e-01,8.223032205787954574e-01,4.021459471811843933e+00,4.748608479595949561e+00
2.969026919503888751e-01,3.207699649732321134e+00,1.050654157334015348e+00,5.189571870295632827e+00,2.081106650360022403e+00
1.153679187991016875e-01,1.467322141066693675e-01,5.229236484763881698e-01,5.635073872674444928e+00,7.280672185579677880e+00
1.972261947029950946e+00,1.379346658334837272e+00,1.602278619836699614e+00,3.144868598025220674e+00,2.385258679638295298e+00
1.043800365047338752e-01,1.241424278454445890e-01,5.275420964679782276e-01,1.386043532599621764e-01,1.007639459226475154e+01
9.761402365297099371e-01,2.055129013858858045e+00,3.399740304408081837e+00,3.337654953150907655e+00,6.045685862092822660e+00
9.458171431758162218e-01,9.150240002682847873e-01,4.692306587960951347e+00,3.980470769922737961e+00,4.857832086206907540e+00
1.833876448807057358e+00,5.969800784874501609e-01,3.827715896924891670e+00,9.689474952848367018e-01,6.332940824032856630e-01
6.441359499597467675e-01,9.891138695348635768e-01,3.653473510788878276e+00,3.939979682298648367e+00,6.345659660946400216e+00
3.685988746497861346e-01,2.948755465552501676e+00,2.124047094677304681e+00,3.549085316165816462e+00,5.251579034278774927e+00
2.899421867918610118e-01,5.887116230366240544e-01,4.100920205234886318e+00,2.829530081912394301e+00,6.688981444231243856e+00
1.488453859185253636e-01,3.111254762489211179e-01,5.487062471692267795e-01,6.796940210272560456e+00,5.529714178701875760e+00
2.805501006740989123e-01,2.281354170669656511e+00,2.216314325732063217e+00,3.055291987211836702e+00,7.000520018040841563e+00
8.623318836660269771e-01,3.877108520826332949e+00,1.282255285598863814e+00,9.951902755166200931e-01,7.930903322264071242e-01
6.116437110279279166e-01,9.663834100260846327e-01,3.917619583108941761e+00,3.873604432794996111e+00,6.064498250277932989e+00
1.142348337569967676e+00,1.649807581423764269e+00,1.868737155061939825e+00,4.906416674705342817e-01,7.369355701625122990e+00
2.007581365864365530e+00,1.726922844560292880e+00,1.348105156694412887e+00,1.292237659855013598e+00,3.070291649360981978e+00
4.950329796425821938e-01,7.264543042394461247e-01,2.120896725469746169e+00,2.987275832987230650e+00,8.565014707578075814e+00
1.516907971625191531e-01,3.338482715182199967e-01,7.396079496197124348e-01,4.949993403852090967e-01,1.003297051528296002e+01
4.374242523464885180e-01,2.234755378890493027e+00,4.859612258117757655e+00,1.467724595343343985e+00,2.532487788160316722e+00
1.453132958982173317e+00,6.555122650998550515e-01,3.740375462973880349e+00,2.087083404662256392e+00,5.205023506145479928e+00
1.285348611843600275e-01,1.611361992404597432e-01,5.673239990382744624e-01,6.987175773910468735e+00,5.163994726560814819e+00
9.797691991533826750e-01,3.393527412316203140e+00,7.560446937255619337e-01,2.234467280857034499e+00,3.168109005428150216e+00
2.051918554930100003e-01,2.301503024347394621e+00,1.946423282412415245e+00,2.998920651667707382e+00,7.169292994261724061e+00
3.021654957607075032e-01,7.584809690063734067e-01,1.236482103073528904e+00,7.868224529710557746e+00,1.065609432068018947e+00
4.392980753781948189e-01,1.803892733121748915e+00,2.669863373250195071e+00,4.765816842901342554e+00,5.734052207235732723e+00
9.658705190690860531e-01,3.984791444760004131e-01,4.640176845687121521e+00,1.896609325108397748e+00,5.130273804610250288e+00
1.252697309205989262e-01,3.603716545441259522e-01,2.571749972686764862e-01,6.238927405913214486e+00,6.509215286292961089e+00
6.275758763688352726e-01,6.822850909121865870e-01,4.046031979216191843e+00,3.851443995103426055e+00,6.983999784205073169e+00
1.149839540444859809e+00,1.055944445250286412e+00,2.134853890948570587e+00,5.413750559506058657e-01,7.794233797599670055e+00
1.526203614935316200e+00,5.923958390347174863e-01,1.089389047399915267e+00,3.996841760241183650e+00,6.305876231131326115e+00
1.305429577452520640e+00,7.383531500415962956e-01,1.542192662225333688e+00,7.500841168848933371e+00,7.202590784495009890e-01
5.849459325637224039e-01,1.038012194158612900e+00,2.676455504041697520e+00,4.767874879355348483e+00,6.936823507931246802e+00
1.600840696380166350e-01,5.745065789382737265e-01,2.260898376676716115e+00,3.465205085000232499e-01,9.381627884615047819e+00
1.336709770765029948e-01,1.665840611397197968e-01,1.504810125007769450e-01,2.043539955499964478e+00,9.830837341977172628e+00
2.832663471086352969e-01,7.124551344892301463e-01,8.489785756695177321e-01,8.080952731922067755e+00,6.760108803396081001e-01
4.092166183019739778e-01,3.077205201595305972e+00,4.604410526488067923e+00,8.823650345366589320e-01,1.720676934633696087e+00
4.171688342403183647e-01,4.279468311731423613e-01,6.220048844661399956e-01,8.686925242275778114e-01,9.913165913651724281e+00
1.186637820378572267e-01,2.948325119680694772e-01,2.538851423229699922e-01,7.391424887636046215e+00,4.206788543863899221e+00
1.773603464428542331e+00,5.569872775401866205e-01,5.264002574141708468e-01,5.917465253661486457e+00,1.374364699493379138e+00
9.907261614755115409e-02,1.325062143250080871e-01,3.731430225047938087e-01,7.068191864734403751e+00,4.982647632793832493e+00
1.650333848176511298e+00,1.041678158351248440e+00,3.865837375016103916e+00,1.303962368601249366e+00,2.004955798943432121e+00
1.892574429606305397e+00,9.705056378400906958e-01,9.557644955407996745e-01,5.263858560823541310e+00,2.019931008991410870e+00
1.138572603254907056e-01,2.425056016039420781e-01,2.753807250213764046e+00,4.511861851106775956e-01,9.055740642428752096e+00
1.202802066272187775e-01,1.562774698530849382e-01,2.205028759794087079e-01,2.079063158199892403e+00,9.804731469328510585e+00
6.991596732491192068e-01,2.109325037936293334e+00,3.664368587034495306e+00,4.281897358727075442e+00,4.439891087734763708e+00
2.444617208104346573e-01,1.380164267484985441e+00,3.982214292759401197e-01,3.323395886710880376e-01,9.646755214184537408e+00
1.488283991926331762e+00,1.003911034365796651e+00,9.834522127758311694e-01,5.099987478560864318e+00,3.124564276173078525e+00
1.846253396406684066e-01,1.046027340696753960e+00,4.959437950248418936e+00,2.811760188968467133e+00,4.499470646932146600e+00
4.982843024198791992e-01,1.719353840816941315e+00,2.686497304219860105e+00,6.522333596054250116e+00,9.939558455912494983e-01
8.046206489493187286e-01,3.844774015640576970e+00,8.445692835002829302e-01,7.314550267756704249e-01,9.886086931084767659e-01
2.122698769687143272e-01,8.173431833636628507e-01,2.750632584598604158e+00,8.809562446826959548e-01,8.904264162754859768e+00
1.178019003977594403e+00,7.689205114463324442e-01,1.061371071910489183e+00,7.077237391184588056e+00,2.841035741596871222e+00
6.699555474053715542e-01,2.040396663708263780e+00,2.226156909898619141e+00,4.090470011769204106e+00,6.839708044622062388e+00
1.458326150068987859e-01,4.973042892157783501e-01,2.074461153843538241e+00,2.588693591741072497e-01,9.515481390885543789e+00
9.791272131893795638e-01,5.084090968989434245e-01,1.270188190518846127e+00,6.773693902118123944e+00,4.842823623732794402e+00
5.614609908220440371e-01,7.818379838621074551e-01,2.202952542063148833e+00,3.639393299931955816e+00,8.078539876425891109e+00
1.297347834824740254e-01,4.563531190602633236e-01,4.016414860791902575e-01,7.135797644075228874e+00,4.754777260704768693e+00
6.723801018318809053e-01,2.501242884755460416e+00,1.002002765593736466e+00,6.300610020926277421e+00,3.114571993371838765e+00
1.298584358689483853e+00,2.962451515097801025e+00,2.075807458200575883e+00,2.250173088081254935e+00,9.857516427124636271e-01
9.508853107054866527e-01,1.292310443259672370e+00,5.022105403793117873e+00,2.496952957104908943e+00,2.439731116309869829e+00
8.827324833594059061e-01,3.833348036648601909e+00,6.418016688322234486e-01,1.360958141121025200e+00,1.405010343208328294e+00
2.556748523450196320e-01,3.506563517532937380e-01,3.221278248142815381e-01,6.314104534224870946e+00,6.491036463581193239e+00
1.103620196338326309e+00,4.240114598785479139e+00,7.416367784041654199e-01,1.801894600182468498e+00,7.701258496550658084e-01
2.421678881691300411e-01,1.950744399639602555e+00,1.742310429513563186e+00,5.363957773124227835e+00,5.539690699811223418e+00
1.362575152699350145e+00,1.269635221067665798e+00,4.928515571488674141e+00,6.441205520485476788e-01,2.881039931221541117e+00
1.532178065546942358e+00,3.121748575850980423e+00,1.833073191383206568e+00,1.135533938808721111e+00,1.946370548587403215e+00
6.874135066076245693e-01,2.497190918448858987e+00,2.488938977751186776e+00,4.079350167233694258e+00,4.950568565669197341e+00
1.182132882445976751e-01,2.235161322471050926e-01,1.356819219332680293e-01,4.808969806024653293e-01,1.009472892626845919e+01
1.475293291448250610e+00,4.865661591220483695e-01,4.798426261726835840e+00,9.544704065500189127e-01,2.259663086570316892e+00
1.444130874084112781e+00,9.386776682845143771e-01,2.997539110714835697e+00,4.220030407084880864e+00,5.192369365103339796e+00
1.858986927262237243e-01,4.735804087468897805e-01,5.015358434044289160e-01,7.798395152935876595e+00,2.890125699833157924e+00
4.519111896028514819e-01,2.218748250513686404e+00,1.664418641542892541e+00,6.884595328144572868e+00,1.898203320882029033e+00
1.557800390268747615e-01,5.474440296262454986e-01,2.213350850487893595e+00,3.050768853364665967e-01,9.421574649629393505e+00
1.974346080659465374e-01,2.297766595098382492e-01,6.002996226548986680e-01,6.517549262340276428e+00,6.252873046053323058e+00
1.181479314380104173e-01,4.027763892408151025e-01,3.061882994585566897e-01,5.204977895201770899e+00,7.752844916035618539e+00
8.277831407604238079e-01,1.632711529575142873e+00,4.663583909557913465e+00,1.694015498270424525e+00,3.936030752869120075e+00
4.073173079426484211e-01,2.730439252234015068e+00,3.343300435155226236e+00,1.931194841211189450e+00,5.002558465873669036e+00
5.464187263971778119e-01,2.775333217685377996e+00,4.413235612006881858e+00,6.121096276863503549e-01,6.654597898593821448e-01
3.372788252944178833e-01,2.940968432266164889e+00,3.121806016059497590e+00,2.729758214573878128e+00,3.772725468002011251e+00
2.121338588636847988e-01,2.909018963632173937e-01,2.400338237426057564e+00,3.743313723855850483e+00,8.296186925741034557e+00
1.531260485059697252e-01,1.488257882845802849e+00,2.625355038289340470e+00,3.408818267825033388e+00,7.453075233697588509e+00
1.374892930775424738e+00,9.263211845239369691e-01,3.528576424606845841e+00,1.687619771358036758e+00,4.771093423164049163e+00
1.921630273339043349e-01,1.261390409904443066e+00,5.444643954847823153e+00,1.987304068690949554e+00,2.928352517317556636e+00
5.758005010262163825e-01,2.691608957900971433e+00,1.148322577656757604e+00,6.135741425351817213e+00,2.522023016540649643e+00
1.495269065014728227e+00,5.238900886692848813e-01,4.902193987925864249e+00,1.004735764984412860e+00,1.412232979411705669e+00
3.441249280789948628e-01,1.917041273643590227e+00,1.213606156829895255e+00,3.582320457343423303e+00,8.275063795022701285e+00
3.761619843931560125e-01,3.139807896158892220e+00,3.196163476837742046e+00,2.154120338930558543e+00,2.882528365221173505e+00
6.150966198460187107e-01,1.291466518707643285e+00,5.164395890348738583e+00,3.446881505572017446e+00,3.694445240637461936e+00
7.866355890483843760e-01,4.515686033191284032e-01,1.940168410752579842e+00,3.785616427016965435e+00,8.499949764298460053e+00
1.322890995215989962e+00,8.449477081547311919e-01,5.052748556922170842e+00,1.269885534228542223e+00,8.858421084143390800e-01
2.370892131702828365e-01,1.930072781838045648e+00,1.607271297340090666e+00,5.428420922978866692e+00,5.572405941109151328e+00
1.397715555903563389e-01,2.452406137008664166e-01,4.519356996164591855e-01,4.705314965262451521e-01,1.008332920228542307e+01
5.456438441669888562e-01,2.862115319568001581e+00,4.331127275055417059e+00,7.913965937023452746e-01,1.045341323260656763e+00
1.363850702612330767e+00,1.817855648413697400e+00,3.268267493905479437e+00,2.058707886257621134e+00,5.135280686803834982e+00
3.240892121081982435e-01,2.917252399930310158e+00,2.995101799239694440e+00,2.874603025393403843e+00,4.020945230597941844e+00
9.414191766145263429e-01,1.370867513570653173e+00,5.015728818475437834e+00,2.396475262846903931e+00,2.325675262305162416e+00
2.316125845074653022e-01,5.624046873752348574e-01,4.607435760020567095e+00,4.806238042174845404e+00,3.350537485685341377e+00
2.241055403791932243e-01,6.828255464485624149e-01,9.315874894578638488e-01,7.922199741169555054e+00,1.111564526611377168e+00
3.412039165389817996e-01,2.848267920046013479e+00,3.381896515850784990e+00,2.481679893486947286e+00,3.768220577504878488e+00
3.448526894690985278e-01,2.012480420601855169e+00,5.371018028814944500e+00,7.694470036912125499e-01,8.639786781317911890e-01
3.467416386013241203e-01,7.265495162942090523e-01,4.575194041663239730e+00,3.554778490460207774e+00,5.540628876772499822e+00
6.248949390612077437e-01,3.874493629024758912e-01,5.399495640595831425e+00,2.447955616238275844e+00,4.758835401848007685e+00
1.079135662290851450e+00,2.157063273650036805e+00,2.042755623595691183e+00,4.990032591764543390e+00,3.877818386569536813e+00
2.425210633349706713e-01,5.800512981519165834e-01,8.979708824352803376e-01,3.337593345997194039e-01,1.002271584709130892e+01
4.706659390259744780e-01,2.041969808769635186e+00,3.426915674465984551e+00,4.898984014593925629e+00,3.047221587346780503e+00
4.823220602817396285e-01,1.238582779962611014e+00,2.065748623691519459e+00,7.088050171538733402e+00,3.626971530563356971e+00
1.914339875610743036e+00,1.016218982585230579e+00,1.130980007234969387e+00,2.292440682902912030e+00,5.064558059853966121e+00
8.263082868186393259e-01,1.399906772331782179e+00,4.778745172667222540e+00,4.067204555122990506e+00,3.917549420871235810e+00
1.983681116517733933e+00,5.077081237337057740e-01,2.379750225625650195e+00,1.943006860889569420e+00,1.691117627934707768e+00
1.460372650911492709e+00,6.135318128638299617e-01,4.933263786342139134e+00,1.161719941921066646e+00,2.039863710351530912e+00
1.498272406687660263e+00,5.245188189348427565e-01,4.913525822373520313e+00,1.006539959879090063e+00,1.177281173457349839e+00
2.909494011818666848e-01,2.134019510772592110e+00,3.326258003382101869e+00,2.578224982377163244e+00,6.621395106567719679e+00
1.696702016103602828e-01,3.136998581407006714e-01,2.391410802948510383e+00,3.485183442013066735e+00,8.373739941547862387e+00
1.472597523327622282e+00,1.363253689677394354e+00,1.368342004085012498e+00,6.611040436506562479e+00,6.977963091239074434e-01
1.850114787654839332e-01,2.364469541408538988e-01,3.126815689558986033e-01,2.473893264467203590e+00,9.673891745481812521e+00
1.147011209385557229e-01,3.049640997576436030e-01,2.339827178854618217e-01,5.501927650963234662e+00,7.462592800369001189e+00
4.199136225783505205e-01,1.524347358937937047e+00,3.313777764408542215e+00,4.685267554442804183e+00,5.743491517160453697e+00
7.498688495001883947e-01,1.497096094210244477e+00,3.021848462394844947e+00,3.946865294063972129e+00,6.609443999115439006e+00
1.363295011052359396e+00,2.275982377125464584e+00,2.238230778949967803e+00,3.933411181192142170e+00,4.248132157028766898e+00
2.296667786627152041e-01,5.981847566384466131e-01,5.477011600431362481e+00,1.035203026859586428e+00,4.331686188471656429e+00
6.335423710443768286e-01,2.736934672934766333e+00,2.011373363368063938e+00,2.465980404914464685e+00,5.662934686494695669e+00
1.566733043733411490e-01,5.294913701163833641e-01,9.529502685119778382e-01,5.930731691730761312e+00,6.837037726570485141e+00
1.439032150077862449e+00,9.203049949795812923e-01,3.009555611240451789e+00,4.230614327065906011e+00,5.192957571935161276e+00
2.530139440542891749e-01,1.019249507833698498e+00,5.728874529657577597e+00,9.643377287416730059e-01,2.731314403269256008e+00
4.827341538361963336e-01,1.886080538054461186e+00,3.053245988409222011e+00,5.725223256143331163e+00,2.509824736199576911e+00
9.580678080292845955e-01,1.706133160237208068e+00,2.451894393725409849e+00,3.511125400641111227e+00,6.180297224167971670e+00
1.487041033059447459e+00,1.253624041440641879e+00,4.491305575407451123e+00,2.805743593713756479e+00,2.445346932824453923e+00
1.834493604903988939e-01,5.430037342053954941e-01,6.137174871991027958e-01,7.616580987930676727e+00,3.400619583240412247e+00
1.139181647719878093e-01,3.517241739128360578e-01,1.619834632934805119e-01,1.943476916379119679e+00,9.819177970709896286e+00
6.572598416076496086e-01,9.258020299726412716e-01,1.067879142339613674e+00,4.536182446841893423e+00,8.215589630192107862e+00
7.997177223012921221e-01,2.938201019014528903e+00,8.728041171756792949e-01,5.798950434480058647e+00,1.254825806685061718e+00
5.199718258781211855e-01,1.773772605270193647e+00,3.463925135874746708e+00,4.559644715738093268e+00,5.289918625812667585e+00
6.259633832012855281e-01,7.765295284946445165e-01,2.285920354941826993e+00,2.939973484065198761e+00,8.270673284803468306e+00
1.591519643044849497e+00,1.154433992115348140e+00,9.394944274649492666e-01,6.468051542322834635e+00,2.171442352341919957e+00
1.645255110031070278e-01,4.549537100164713910e-01,1.026925202520146074e+00,7.018870586949091717e+00,4.899419305141420544e+00
1.299996804668969164e-01,2.926466606809530746e-01,2.779713303790202761e-01,8.078543461576970230e+00,9.327301460944470435e-01
1.653594622499166444e+00,6.573299233759121174e-01,4.444764120902020998e+00,5.671580462049231608e-01,7.894127539891407919e-01
6.700628506875541124e-01,5.597822735299116115e-01,6.334965441229559957e+00,9.699489885729368766e-01,8.457501972417706959e-01
9.052402861475074003e-01,7.310511519162200544e-01,2.226279907972926519e+00,1.938000284933498296e+00,8.302882794794603782e+00
3.370528747539834891e-01,1.932292067459697060e+00,2.490039087066589385e+00,3.928166366967748679e+00,6.583805432891068676e+00
7.100108304119090441e-01,1.645431340976189372e+00,3.018173669488151134e+00,4.944387186780168086e+00,5.886754542515616251e+00
8.846692569562549791e-01,9.248303091851899360e-01,3.436090011450017023e+00,6.076182077924990210e+00,1.120671691875530618e+00
1.149005960529342119e+00,2.276451880895254298e+00,3.186526189792115993e+00,1.198484612380612990e+00,6.284239062222694017e+00
2.248021385153418095e-01,1.908015211763789409e-01,3.687333418160787524e-01,8.096410186479815252e+00,3.917558555867435288e-01
1.185601941360329370e+00,2.463052148722983059e+00,2.773951636635095586e+00,4.244917517082653191e+00,3.389347520195891583e+00
1.454106421034067287e+00,6.253670275628153696e-01,4.061164673248441659e+00,4.375057567934014457e+00,3.471529978223442559e+00
8.318989669862085767e-01,3.179804224793646439e-01,5.428840639580068128e+00,1.655687564874426476e+00,3.416103331228279583e+00
1.668012020626583380e+00,2.374073552017509137e+00,3.760473329585734881e+00,1.828413852259317407e+00,8.347867877914701973e-01
5.123021995779617477e-01,2.751081859483094583e+00,4.252097837282306614e+00,1.714044429980710937e+00,1.096679659519498751e+00
1.314503455538861554e-01,2.845641309354157711e-01,2.911545063409652911e-01,8.021083475024704867e+00,1.563319326364001283e+00
5.214114913735112822e-01,6.191494066124425544e-01,3.629367736214986540e+00,3.874417167039652110e+00,7.305739326520136245e+00
1.327788217472788856e+00,3.374176773444071298e+00,2.888728009988331902e+00,2.157946895356387618e+00,9.479850421376436742e-01
6.285335440702686238e-01,9.642151751145799921e-01,2.903655291218542267e+00,3.656416416790308155e+00,7.219396500598389110e+00
5.321651734770396214e-01,2.143354781673781240e+00,8.917665683498501306e-01,5.103006334749144557e+00,6.589542006111916983e+00
2.160748213455494504e+00,5.056832086909772705e-01,8.139070353869826135e-01,5.272969347807717755e-01,3.452638770857106021e+00
2.438873523522669395e-01,9.562845544852653923e-01,5.798876900574169824e+00,9.376477826734433973e-01,2.437308940407252766e+00
2.138944899751537010e-01,8.054209286487737929e-01,5.755624979238620043e+00,6.886179208750412561e-01,3.104457353547275034e+00
7.459299627423132684e-01,8.324314183605281414e-01,1.070397461347016854e+00,3.956625419750134043e+00,8.608204089105354839e+00
1.944475521513382987e-01,4.823740040147679320e-01,3.152651953351446323e-01,3.686281498524829336e-01,1.005662853264690426e+01
6.136100219129280164e-01,1.896523557713979624e+00,3.757126012675259474e+00,5.036755765007182362e+00,1.008180798170289494e+00
8.133959996467086118e-01,1.042049150524602563e+00,5.037658925111925257e+00,6.894918129618997638e-01,4.703138839947822447e+00
8.546042132971304328e-01,7.254021117699970267e-01,2.255838854993374110e+00,4.360499027990420551e+00,6.870684582136801666e+00
8.762868743980256614e-01,2.847608798632428329e-01,4.770090417847572262e+00,1.298938375325393579e+00,5.514358863187377224e+00
3.754959679947187934e-01,3.129231072981001338e-01,8.565622760631820265e-01,1.134674185241852262e+00,9.926153364245672961e+00
2.514873061601352600e-01,9.888630898443214745e-01,5.722178773095120796e+00,1.054263467412806410e+00,2.828987281945992915e+00
8.745705414553959223e-01,9.273077187495475382e-01,4.592205503785758758e+00,3.907414320380828254e+00,3.603905987036267966e+00
2.544007191768540288e-01,1.841271328934161455e-01,5.292771911488072245e-01,7.925626816339019776e+00,2.104842820062102771e+00
8.276625700281787790e-01,2.323161292638827591e-01,2.194028437414627053e+00,6.667027589079895122e+00,3.417173664491651497e+00
8.970748192588091641e-01,1.377848578688978254e+00,5.439574931557177528e+00,1.421571090159331030e+00,1.079193339916563632e+00
2.370855622622001502e-01,2.166887901928925553e-01,3.863456944210150734e-01,8.052779574235358950e+00,1.089490080407126138e+00
1.142887169812043524e+00,1.145000740061228761e+00,5.322551182710116180e+00,2.447897847437264574e+00,1.331886846695965687e+00
1.128938923591445542e+00,5.808046774155728453e-01,1.102417122005685091e+00,6.224425173542997847e+00,3.986783100471586128e+00
7.967038132191791577e-01,3.061978357519797189e+00,4.201583994705309633e-01,5.256285442843054767e+00,2.393227342841804273e+00
4.082877141617668459e-01,2.517972971857489473e+00,3.493612264277620838e+00,1.846506997959303176e+00,5.393250716417719914e+00
6.614805009054967044e-01,6.672822973041958594e-01,4.323442677352801411e+00,1.157732155391127282e+00,7.137497572544345914e+00
1.258451847592378936e+00,2.565926162126467069e+00,2.838212687746035634e+00,3.887297657501513903e+00,2.385509977477649812e+00
1.066165596800811854e-01,1.984232419086084942e-01,1.148451687486222172e-01,3.641289286827254390e+00,9.062088717129318738e+00
5.099766517167514390e-01,9.962896767299014300e-01,2.351599084077010904e+00,9.407927420865558332e-01,9.127338424158876862e+00
1.082133885179239058e-01,1.971775596035694189e-01,1.163065140854975671e-01,3.551160552089387412e+00,9.120170193869682862e+00
3.185977786152451863e-01,1.304733404927201690e+00,5.100328519621520895e-01,7.759003854846852732e+00,2.806604878558412786e+00
6.505191373696072032e-01,2.864757319650191647e+00,2.822443022653626343e+00,4.347568715903967984e+00,3.310972928929019510e+00
1.516341572428998807e+00,8.192281594810573164e-01,1.597583126408545162e+00,6.116250526648839170e+00,2.221298683749560077e+00
5.407397200013117633e-01,4.407547253101775642e-01,3.710128404271846758e+00,6.219390023836058212e+00,4.127269258556855114e+00
2.402568019170237545e-01,2.167997952522219274e-01,3.821863157007698852e-01,8.077325743328973573e+00,9.477369366218564295e-01
2.278915191741140711e-01,2.679114396746693494e+00,2.968630453208635611e+00,3.346433619019434147e+00,4.911904079761274744e+00
1.082140062960203375e+00,6.247673358325227522e-01,5.100098522609186169e+00,2.074147654541083075e+00,3.284322778129913356e+00
1.512968550274141066e-01,5.649830130492239366e-01,2.383725145753900210e-01,8.328146404562721816e-01,1.002631091229458704e+01
1.707865661114726930e-01,5.082826453818748424e-01,3.826217647590886450e+00,1.413030353831225661e+00,7.690884248667622103e+00
6.845235452000689724e-01,1.596047221238512837e+00,5.393294716293017821e+00,4.003111745273911559e+00,1.029942317177042099e+00
1.176853384098103916e+00,5.410975137118346767e-01,3.305902608380813401e+00,5.598004617765856672e+00,2.057185657187352579e+00
1.017754710861237699e+00,1.704344649637276721e+00,2.534909480812598037e+00,4.063505617650124080e+00,5.448023249514932331e+00
1.558615502857770563e-01,5.274506100689421162e-01,5.312618450357956768e+00,4.059202834526332460e+00,7.499534931071845101e-01
4.475904838476927328e-01,5.132014430156074392e-01,3.991382078404857481e+00,3.930146123087687293e+00,6.375302735544178923e+00
5.422306298512169498e-01,2.605996877883780538e+00,2.976806156874570508e+00,3.395891427679343266e+00,5.539973831131685067e+00
9.561471962204795005e-01,2.093765276374156770e+00,2.495080689017409536e+00,3.460831194934486099e+00,5.082477497700239155e+00
3.638585824106372879e-01,2.366512969898484364e+00,2.810104139785364552e+00,1.689090953320554256e+00,6.868873603333118361e+00
7.337018521315409325e-01,1.063480031568961204e+00,5.922585243523865728e+00,6.118496875460783802e-01,1.835105217372305919e+00
1.318312640286992687e-01,3.248037203808975537e-01,3.053692214757519174e+00,9.569450902146423577e-01,8.723857469130972930e+00
2.341290455799304171e-01,2.661537211255021962e+00,2.160405170285167209e+00,1.618165728650124535e+00,7.006762048805561527e+00
1.751885390823960109e-01,4.400896185641303138e-01,2.883956076493608744e+00,3.620063287326248602e+00,7.914211074404566837e+00
1.032006208745855469e+00,1.989325937977783010e+00,3.673344245812144582e+00,2.901061059814624254e+00,4.465183420961666982e+00
1.364294347123026219e-01,3.450705592748712913e-01,4.219375926426082168e-01,6.364779220108743196e+00,6.315965808106429158e+00
1.716243290373747232e+00,8.400224653809706954e-01,7.008688321436972180e-01,5.874689141708080875e+00,1.926898829055279760e+00
2.154997324542495818e+00,4.308325623646386271e-01,7.185097646125744308e-01,9.644351130915469472e-01,1.815783167553665312e+00
1.064963974026743587e+00,1.619511928295396253e+00,2.666022509103560090e+00,3.824294512970637161e+00,5.871851987600671841e+00
3.559433618437293778e-01,1.985331210877899544e+00,1.603205511502246994e+00,6.705290231299118275e+00,3.157765385596719376e+00
1.108267925844257096e-01,3.707862215326037658e-01,2.180244974109504241e-01,6.497001996957232350e-01,1.005077770086370492e+01
8.208385839776987103e-01,2.697264615203758265e+00,3.886927767037282155e+00,9.983867246997806255e-01,2.975780196325246596e+00
6.173524592104461250e-01,2.651750291809727322e+00,4.429476489367114134e+00,4.559016911671027739e-01,1.819219366424271067e+00
1.952042755470483060e-01,1.165543445259973110e+00,2.999011912817678649e+00,5.831562171802276318e+00,4.518942521706641458e+00
7.853206192607051772e-01,1.378818970722821113e+00,2.239664835458391678e+00,4.611936110740426642e+00,7.410293007283651257e+00
1.791756009982373277e+00,1.928819277092778561e+00,1.491031154735396935e+00,1.167956020275004336e+00,3.189649328746124723e+00
8.847577363867946687e-01,2.005616033088052585e+00,1.588333545521339873e+00,6.107196672965224060e+00,2.062074025309538428e+00
1.738133594993036546e-01,1.751610601678914136e+00,8.822856922813236968e-01,3.807444268566639867e+00,7.894560048754724946e+00
1.225993168285699930e+00,2.447304031058972651e+00,2.708182087645714553e+00,4.229255490610579926e+00,3.396739211833629035e+00
4.077885628326800571e-01,4.254578274728927134e+00,6.022272835446232930e-01,5.384575897679699796e-01,1.669399089929338054e+00
1.006926179098539265e-01,1.110749540876544844e-01,2.733717728059545382e-01,1.240057088267633834e+00,9.991995606156743648e+00
9.615717036037925158e-01,2.871544340100490089e+00,3.608360194132092413e+00,2.439196938785146429e+00,3.261718361543135547e+00
1.636523014323968850e+00,1.037554430917510873e+00,2.183096902048717869e+00,3.899805421729152677e+00,3.439463407942735529e+00
3.515038720824679164e-01,2.479311851688601465e+00,3.576729536415383492e+00,4.363901458051914872e+00,4.071724437826662601e+00
4.361014937491954901e-01,2.305748929702965189e+00,1.761550226026368016e+00,3.170310433736243549e+00,7.250735172861365818e+00
5.912149847332393016e-01,2.342146470447233675e+00,4.058571480642742202e+00,4.356152462312667062e+00,3.610988494263061455e+00
1.853721399930087887e+00,4.557702768454952036e-01,3.238903544428575643e+00,1.397729717493626511e+00,2.038920238228556503e+00
2.811220425599333383e-01,1.490087367509726590e+00,2.492133041548719063e+00,4.256340277007116590e+00,7.291056418269190154e+00
6.286173943174628853e-01,3.414146433953414217e+00,2.466352182816389238e+00,4.182183237875448434e+00,2.736434134162774257e+00
4.227248367803188023e-01,2.038107762577249016e+00,4.391771278955157065e+00,3.234109599704599880e+00,4.874953768692002143e+00
1.789486208161450986e-01,1.073919048977998614e+00,3.848241285738135176e+00,3.051578835784229060e+00,6.757874827602849521e+00
4.002114138854078185e-01,6.837085303807878267e-01,2.015794272238381701e+00,3.035585835632123697e+00,8.724905625070242365e+00
1.932058768734686627e+00,7.411596901053363329e-01,8.755476248348644797e-01,5.406548858569161453e+00,1.657681674242331926e+00
5.475955425161257439e-01,1.953702627349991561e+00,1.974439844722043702e+00,4.975383971974804531e+00,5.828377828831707852e+00
8.420537218996636541e-01,3.133804047936224357e+00,6.163640582663052481e-01,5.256197803730929152e+00,1.223112929205914412e+00
4.395227428279351312e-01,2.148917448148089715e+00,1.805453819290566031e+00,6.895252417327986549e+00,1.952301382281271147e+00
4.854966037779864241e-01,9.199863810349299120e-01,4.166245484147753864e+00,1.400464566869042082e+00,7.352264670103495270e+00
8.712772744708988659e-01,2.178993278548234436e+00,2.967919459425862883e+00,4.629210483061485526e+00,4.805882102012553503e+00
2.003816740712294653e+00,1.806044552940115677e+00,1.111890274987959115e+00,1.808492546447046045e+00,6.489451310407314821e-01
1.751040499244309823e+00,5.035400898414311710e-01,4.800671895023874036e+00,1.214607186559740537e+00,1.553412637144964581e+00
4.588036464667684111e-01,1.986734502559817983e+00,2.053391450103273730e+00,4.703448613999394290e+00,6.150260172399407921e+00
5.419145393048158121e-01,3.084310021792251888e+00,3.477855396088360251e+00,4.715303071773838894e+00,2.496971965491441292e+00
1.815250219769330431e-01,2.213189624560591429e-01,2.735946429308260819e-01,7.561103425811751322e+00,3.694486596261588041e+00
9.581815638552615422e-01,8.805699097031920441e-01,2.655382031807599574e+00,2.428538693884823019e+00,7.468832745218185742e+00
1.257878147021758375e+00,3.154473290916403716e+00,2.562896155965992406e+00,3.005531950396870045e+00,8.350659527408673677e-01
3.490999801056506868e-01,1.164018771592423063e+00,5.494036247993877353e+00,1.354696096742565192e+00,3.274296021487068220e+00
1.439287218555610759e-01,2.524390008785168393e-01,3.685418917104072989e-01,7.398206663490463519e+00,4.316293936212966642e+00
6.660521704551598532e-01,3.677485148950863092e+00,2.259495938836174389e+00,3.249267517867882926e+00,1.632427893309252198e+00
3.818423330002021499e-01,2.825762567253621071e+00,3.196998798578101653e+00,2.898668453052736460e+00,4.040854983591999350e+00
2.487816891695724952e-01,2.137089495009078632e+00,3.312843653280521661e+00,2.782694287692430990e+00,6.225834468218294226e+00
1.742619762693111418e-01,3.780095074619297391e-01,3.270473399302670003e+00,9.931266576634426579e-01,8.589203916504093428e+00
1.847055083344376403e+00,1.514810012856985022e+00,1.538827867079100020e+00,1.911213703463394697e+00,3.680901175500967071e+00
1.979099794669819001e+00,1.997868723761798249e+00,1.081611320867546189e+00,1.404287216971508379e+00,3.197776539487931391e+00
3.165693461909728779e-01,1.287897941852929273e+00,5.858814112691068665e+00,7.537504958630065754e-01,6.995288409777580263e-01
7.318368931321475035e-01,2.038607264443265343e+00,3.136834022767228891e+00,4.831387319284876192e+00,4.787600630647319555e+00
3.540318843933341064e-01,2.005755519848306800e+00,1.653832014472616407e+00,6.911287799051177849e+00,2.091599445560085702e+00
9.192159046369884345e-01,2.799740668554465461e+00,3.599472911195684244e+00,2.653244799426203837e+00,3.547164438368719530e+00
4.066965868087716318e-01,2.688397359786545593e+00,3.267010732739846102e+00,2.133924293200204936e+00,5.294092585575426391e+00
9.054124738815225726e-01,1.113752718973131994e+00,4.581405904668622853e+00,2.136155630564112951e+00,4.765949381864210466e+00
8.643302789113017637e-01,2.308804751367273145e+00,3.869259139321739482e+00,3.203133168600290404e+00,2.512172118355167516e+00
2.630489056430282413e-01,1.236879459922779922e+00,2.768128481929560625e+00,2.643944414211777172e+00,8.321830635488577599e+00
9.836110571997340735e-01,3.212293158474269994e+00,2.258472293750560134e+00,3.033957687753876975e+00,4.280557449003038251e+00
2.384456428926086113e-01,9.208428372006874918e-01,5.805475101479924405e+00,5.418116160904079548e-01,2.626078339376312520e+00
1.584733623474351705e-01,2.566126511388749920e-01,5.640491611034345043e-01,7.029027541365260312e+00,5.084131590535155176e+00
2.027152769382639941e-01,7.585371631668940129e-01,2.933562962452082701e+00,5.822928299748425518e-01,8.833178495285048726e+00
3.388984377126640357e-01,1.147537592563141917e+00,5.524782876390748498e+00,1.293938415144076926e+00,3.212732895695181945e+00
4.468855282359689984e-01,1.570421423347861278e+00,2.762439009178055738e+00,3.381767311076031013e-01,8.220757028892027307e+00
8.782395713788861968e-01,3.204997071459345648e+00,2.639509058000706343e+00,3.601086101680862850e+00,3.110102809490058462e+00
1.989237381982648933e-01,1.302762974545240926e+00,3.058471668308851754e+00,4.660396381511904274e+00,6.089529206660214911e+00
5.377440662970698337e-01,2.858572142951261608e+00,4.167647966131704962e+00,1.391046974218136167e+00,1.284868362644429940e+00
6.086846610854360629e-01,1.166245971879462884e+00,3.003401422205696836e+00,3.357548785203658515e+00,7.228441762247812541e+00
1.016871108701818405e-01,1.790026255998173055e-01,1.030946252141822367e-01,3.062096920604844286e+00,9.382571004705614115e+00
6.915325040077604513e-01,2.544826277469195208e+00,4.551626595620098747e+00,5.331214480506289988e-01,2.216141951025511148e+00
7.601329029163020889e-01,2.146263929544905746e+00,2.971258247463774982e+00,4.704339568639820612e+00,4.492897113354668903e+00
1.107088494160634179e-01,3.814213272734574556e-01,5.574207082702167249e-01,7.325716803436149505e+00,4.279638168143517163e+00
1.019736840484083973e-01,1.174736398712426799e-01,3.385220379260797663e-01,5.071149482832940869e+00,7.920193204058623593e+00
1.102230875486325257e-01,1.262332573518034073e-01,1.142300893701062858e-01,1.006823045203007361e+00,1.004155639027071167e+01
1.816987307824727393e+00,8.511264677652826682e-01,2.146151299572265359e+00,1.820016841254707529e+00,4.146876530979677788e+00
5.330072892110819804e-01,2.877680652492065061e+00,4.161651258530105757e+00,1.443476952908331334e+00,1.077697965424959881e+00
1.759100340550125985e-01,2.553131429253177598e-01,1.738079696750471026e+00,4.551554249816764930e+00,8.108265899685836331e+00
3.577563904491862790e-01,1.972128068475093920e+00,3.524958803874469027e+00,2.833954822448091271e+00,6.743922907578232540e+00
1.453750326667362369e-01,6.163354024033065315e-01,7.391348401173316596e-01,1.208910606347680661e+00,9.908294036540102212e+00
2.252805779678678233e-01,5.047576085202877261e-01,3.651585322559826263e+00,1.798662203852634089e+00,7.949264719666770951e+00
2.289971802141904378e-01,1.465066735272788634e+00,1.016601229614866542e+00,4.186551244274248518e+00,8.097131082379423361e+00
1.201964333170805421e+00,4.264770909422941347e-01,8.052051237932860150e-01,3.972498799369090783e+00,7.894708412190783342e+00
1.442223761287972028e+00,6.445924673705319963e-01,1.308851864210094584e+00,5.982877412508146975e+00,2.592836158113488665e+00
1.654138483957564576e+00,3.073183888137591246e+00,6.484763829537678603e-01,8.108912462695954115e-01,2.658807741166934413e+00
1.009064246850292612e+00,2.262494181002443483e+00,2.548334440399797174e+00,4.050955223744542089e+00,3.456064527522842766e+00
5.350663184714630205e-01,4.056261840775647443e+00,2.027300255924617378e+00,8.086396315841144489e-01,1.845159957420474672e+00
6.147362499862409901e-01,1.575581334421835678e+00,2.779938282768944724e+00,4.888556174394824261e+00,6.102673392641351668e+00
4.350269569778913437e-01,2.208128773663197375e+00,3.322452385558231303e+00,5.101757113777110497e+00,4.687693567288750529e+00
1.167349339642628436e+00,3.893227405397893026e+00,2.048597963047387616e+00,2.506255350475000032e+00,7.639552729739754744e-01
1.836468279194066466e-01,6.119640734562854512e-01,1.815543846461106003e+00,7.417233544079668839e+00,3.215446699861633117e+00
2.541760658041535836e-01,1.957417468926708759e+00,8.035624744922985618e-01,6.990992224885547834e+00,3.028830926795608836e+00
1.784492315860153111e+00,1.131209283591564585e+00,9.115481179385154231e-01,5.794922880276115684e+00,2.527040201943447251e+00
9.987185347093920085e-02,1.159061296185693729e-01,1.037171067598184060e-01,6.908823820087497403e-01,1.007069667032485150e+01
3.089076625652945607e-01,2.840559432345139523e+00,2.542401638058195967e+00,4.192739993259092302e+00,3.537620416003034229e+00
1.107824180223884319e-01,2.840399581239846927e-01,2.075309084940616389e-01,5.243459542139790486e+00,7.746842896982160553e+00
5.512737423397034986e-01,2.250239462793487188e+00,1.534825633166810643e+00,5.021706735021044921e+00,6.117977897302571577e+00
1.746824112217606029e+00,1.522220936134978775e+00,2.131160393134453823e+00,2.687535076262969280e+00,3.547184795600970109e+00
4.920668387777369923e-01,3.220530098454348789e+00,2.957812590341477144e+00,3.866181152022571954e+00,2.722204781173314103e+00
1.176294149288459323e+00,3.453106782510450667e+00,2.181251250335928038e+00,3.148365730123256157e+00,1.978184271672474903e+00
2.137561512924121665e+00,5.245842822824204887e-01,6.144309764018360820e-01,6.276486296160531664e-01,1.516666658704897586e+00
2.218246151363262031e-01,1.455161389919015891e+00,1.551680738642201574e+00,7.445061068705465246e+00,8.273456412925754844e-01
9.897448586003011750e-02,1.123910528575121082e-01,9.997190281477050244e-02,6.126629949011098697e-01,1.007714287021020105e+01
1.427419498859442970e-01,4.153290743157320719e-01,5.250979407838117785e-01,6.976663237410122953e+00,5.180966386499237686e+00
1.194127339713402902e+00,4.255855798273429080e-01,3.845476919333279398e+00,2.997837553669166599e+00,5.113582462573507570e+00
3.433660877912698695e-01,3.042829278614831434e+00,2.973581386742389920e+00,4.120251927350336629e+00,3.154088474910305084e+00
1.286246350295933427e-01,3.441503535763424937e-01,1.250591972586390654e-01,1.333041421965786288e-01,1.009947911440240098e+01
7.311278177478175433e-01,2.326539749824104941e+00,4.581465260297276743e+00,6.511308564901807650e-01,2.566758065058427185e+00
1.798505837138219265e-01,1.873825455528157047e+00,8.666493018043264218e-01,7.272051943884666469e-01,9.003295755294788094e+00
1.774270686255356166e-01,2.480592609646708468e-01,2.379811484994026061e-01,7.381862146691294591e+00,4.260223390329712423e+00
1.345013174140739620e+00,2.366634282947929879e+00,2.958545704931371922e+00,3.555546503029244576e+00,3.740956017595190364e+00
1.333626667067877136e+00,2.260782852711506585e+00,2.125713611066214259e+00,1.672940115730201960e+00,5.028618052973174990e+00
1.951156822660569334e+00,4.400111804971434948e-01,1.772123511040216481e+00,2.411411526122980487e+00,3.247736183190104153e+00
3.871456542826265390e-01,1.859273943957492126e+00,3.182784781665457974e+00,4.011586593414186552e+00,6.759939021240191082e+00
3.185981901962192109e-01,1.922330477271270821e+00,6.950847105379580615e-01,7.206992945351455848e-01,8.930441984337344152e+00
1.084888758978886647e-01,1.858253671849700028e-01,1.045916580704447929e-01,3.537592464405213022e+00,9.123903104339259329e+00
1.259194052723197621e-01,1.629568422861966126e-01,1.658470613727728304e-01,1.302299488829092411e+00,9.993384786922218765e+00
2.891208060331266205e-01,3.836423215239994078e-01,1.909837330341217498e+00,6.696768143157859399e+00,5.586026226239769521e+00
3.422589236776607535e-01,1.067792941872963919e+00,2.736662424707865693e+00,3.971178216753655121e+00,7.562420739902243838e+00
8.921236852914756765e-01,1.706250386631115612e+00,3.382538141908125073e+00,4.026406701675450783e+00,4.645456884214024029e+00
1.248286122227794559e+00,3.398519400550925162e+00,1.540906833370959905e+00,2.385391981406909334e+00,6.657220717629501738e-01
2.404216032630393240e-01,1.810751910760507233e+00,5.084871884488003424e+00,2.466106963617717529e+00,3.219315942154655996e+00
9.176545004839974373e-01,3.973778167389773852e+00,7.250852560380821599e-01,8.066489849719377103e-01,7.825944997453951890e-01
1.039644339348072821e-01,1.579655337452116337e-01,4.028814997266522147e-01,3.247036084289883551e+00,9.274715864191856340e+00
1.553891093202753204e+00,3.497436291073071413e+00,9.805611008824519637e-01,6.599892046349353780e-01,2.034041931091390421e+00
5.829167055709729706e-01,2.561258249132679854e+00,4.634600134705274321e+00,1.294910759351449059e+00,3.838912908473627539e+00
2.166531484799107676e-01,1.083674899248790569e+00,8.703908258383334928e-01,1.309474125860926375e+00,9.737236386553480116e+00
4.889301994202509549e-01,2.141732439876650851e+00,4.847847950181658483e+00,3.548878726448403409e+00,2.379105277226327253e+00
2.342285128688991191e-01,4.414815474437596143e-01,2.678129477910161427e+00,4.845983633277223923e+00,7.276816068627574907e+00
1.671978308308150751e+00,2.025721796432530475e+00,1.473653414199289857e+00,5.324121849678830287e+00,8.487783623668985200e-01
4.595362290837454178e-01,2.435679701445683243e+00,3.216436073966323583e+00,3.395774370592069324e+00,5.495587729782181796e+00
6.858386325716365750e-01,3.747082410015557752e+00,2.020744999614277226e+00,2.767833241745777606e+00,1.997630477423705697e+00
7.610230865641072207e-01,1.870575038761384645e+00,5.364011561470871214e+00,1.012761086640594055e+00,2.009385836567048056e+00
3.437021382049206819e-01,1.791217867300602506e+00,3.416271708896303494e+00,2.429717417302673876e+00,6.763446862229641532e+00
1.085051339712693186e-01,1.996719350047359565e-01,1.336416041975786728e-01,3.634821626716406406e+00,9.076891184022688464e+00
5.340580947474093954e-01,4.238493390586446363e-01,2.029151508130201176e+00,7.084074453961673790e+00,3.893117828784078416e+00
9.818669478342918755e-02,1.003708691813587212e-01,1.341934460581361566e-01,8.474569415720271115e-01,1.005350613519443215e+01
1.640437678913836961e-01,2.503062483140262029e-01,2.121594884267708758e-01,7.169627716030212206e+00,4.784432543082496991e+00
4.129598670887863476e-01,1.760608132984079699e+00,9.478737608555057870e-01,2.681271944781535854e+00,8.879033633173536444e+00
4.098527037343921986e-01,4.238469102501065677e+00,5.515359344227541705e-01,7.397918247344811293e-01,1.936866849533829704e+00
1.374823649069515152e+00,1.133627634388573169e+00,4.637377016913044159e+00,1.315259066260896947e+00,1.520018289802733680e+00
1.574321631607596750e+00,3.143718405884824652e+00,6.030449834197363357e-01,1.194178347852354882e+00,1.131994463307997467e+00
5.540200468053708693e-01,2.103551523190282158e+00,1.533122744143037730e+00,2.903295576753476936e+00,7.445521357981069066e+00
6.782180031980178381e-01,1.772524246550349014e+00,4.475011269807668945e+00,4.274086248489885165e+00,3.490527239543766314e+00
1.307282301242856937e-01,3.517872618383941496e-01,2.120924932985446265e-01,1.322142908557984164e-01,1.008606989476009197e+01
1.042971590786704456e-01,1.507241360121449880e-01,4.832297233667791625e-01,6.304804185431031271e+00,6.384207169222689160e+00
5.591685650225343140e-01,1.575850378788931749e+00,3.526997234269452886e+00,1.923197479498039764e+00,7.784183578657802194e+00
1.110670598437733941e-01,1.785290485474988198e-01,3.195551846579854915e-01,5.081838980781899551e+00,7.919540262447109846e+00
1.643138757275182105e-01,2.599874186172881352e-01,1.973651648366767652e-01,6.537680388933390319e+00,6.076362752685488644e+00
2.239921468012368577e-01,1.294951716106527373e+00,2.419679020735144626e+00,3.202642134924536421e+00,8.153261792551646181e+00
4.369645677074818768e-01,5.412285741156992458e-01,1.732679213249503691e+00,8.073148968467510400e+00,5.969292861529482686e-01
6.841526341617033546e-01,1.877949569408255748e+00,3.825446275700677301e+00,2.717079462122681033e+00,5.343414040666994325e+00
1.480301808567414945e-01,5.076801306016067716e-01,6.197464611104001042e-01,1.055662920399982774e+00,9.991848948176665246e+00
2.000079255382585686e+00,1.179268838311778866e+00,7.536528272790545824e-01,3.286674622265493451e+00,8.753168881722415140e-01
4.723724578014071307e-01,3.181058159802515384e+00,3.703012056629901849e+00,3.333237179557019481e+00,2.148409107139249485e+00
5.057042449387570970e-01,2.135812702046242073e+00,2.071710731835473940e+00,6.285796395663946434e+00,4.361356325096847897e+00
7.377675726053595229e-01,2.236303782620719716e+00,3.433988105893549747e+00,3.206486951354577286e+00,5.306002120778916975e+00
1.182011513441001860e+00,2.540434824443420059e+00,8.194405723343640702e-01,6.259378785380895316e+00,1.228069871414801062e+00
1.504018198680966645e+00,2.235202641318665862e+00,1.917478472494981823e+00,4.973549570810749110e+00,1.797359560309064408e+00
9.839794662356662891e-02,1.007025591306471429e-01,1.374869391776739891e-01,8.952072736503676742e-01,1.004780039513137879e+01
8.145851367448484481e-01,2.434885663801759748e+00,3.515685368564032132e+00,2.827718891650079946e+00,4.397412213593820951e+00
1.517546043400818945e-01,3.062535027066786708e-01,4.329703842017723070e-01,6.578391596631398386e+00,5.948026720165239034e+00
1.129629047523897256e+00,3.167573423785962738e+00,2.293875163661311944e+00,1.776615916520091654e+00,2.589171634602124961e+00
1.990571688163006725e-01,3.664660338446584231e-01,4.005094895522938181e+00,2.682755863788292672e+00,7.235748702897661921e+00
4.696867013832122795e-01,9.746131188246426325e-01,3.052881066600179771e+00,2.545651359206889452e+00,8.004145196849149713e+00
9.696787102447367024e-02,9.801891546150666434e-02,1.202972875477958115e-01,6.539686369349381190e-01,1.007248967824238051e+01
5.714038403324427362e-01,2.200105084480374451e+00,5.343175809565670953e+00,1.420637028648684463e+00,2.529973695719305304e+00
4.065793793017671298e-01,5.303136540296241597e-01,7.783154887293063373e-01,7.404642865331618751e+00,3.565003732485377608e+00
1.336247251252169199e-01,2.417529351772486623e-01,1.580416743237968435e-01,5.876794914573322259e+00,7.020601457762571052e+00
1.104162740136276910e-01,1.465592790274200807e-01,6.227043837081378541e-01,2.527624714723175625e-01,1.006380967734596332e+01
1.869516031266415412e+00,1.452581978355587777e+00,1.529307474690949631e+00,2.847077293038643653e+00,4.864941781819421607e+00
1.002163668487997955e-01,1.091894783184678697e-01,2.985404601363419452e-01,5.542106912613676828e-01,1.007740170806323121e+01
1.916322622186054925e-01,8.090983298041203309e-01,1.507506080807298421e+00,5.852005993187828992e+00,6.555051184935724251e+00
3.031514341835642168e-01,6.852719083864884375e-01,1.009132113216909765e+00,7.774636489076797830e+00,2.711208005305580926e+00
5.082126821239258962e-01,2.590793771674176682e+00,2.332406428132512310e+00,3.047595739533425885e+00,6.920255802346589213e+00
1.112120868092334236e+00,2.433172597626680034e+00,1.861458822164232751e+00,3.428161033077271380e+00,7.064121715256150402e+00
1.362809086578512519e+00,5.078658319628786000e-01,1.752904250064846181e+00,6.174559324547286288e+00,1.408196110872624418e+00
8.246941983081002014e-01,2.381288983724644481e+00,2.019061942893063399e+00,2.458453024075277327e+00,7.358615595039440294e+00
9.186067408127230882e-01,3.083361036098884789e+00,2.461896412036287174e+00,3.960612161393531672e+00,3.290734407827144992e+00
3.419114330321309514e-01,1.590066301837310014e+00,3.120361549395233247e+00,5.058128100101526137e+00,5.815028496531132518e+00
8.541158267949444660e-01,1.693145238371029926e+00,1.172981374883105499e+00,5.414063015998231698e+00,6.496129787520975363e+00
1.553932347089362898e+00,3.951071774562753824e-01,4.618631557193403125e+00,1.266523799791718474e+00,1.925660799203567031e+00
2.687209780441369156e-01,2.358355832608816982e+00,2.212748421656951070e+00,3.710206674318990316e+00,6.415646822590709064e+00
4.431502134092039635e-01,1.602891071598283812e+00,2.810619369580547033e+00,3.390222318230862175e-01,8.134801518610430549e+00
1.176487629306103511e+00,2.463602208472073674e+00,2.862850810417629344e+00,4.001224110105122911e+00,4.543167201734162219e+00
1.115577108022432595e+00,2.500090415600383587e+00,3.975939484826990888e+00,1.693548901631486636e+00,4.809135063923948294e+00
1.504904489464470085e+00,2.788264548517469521e+00,3.004023634322217085e+00,1.179101439552930009e+00,4.179204888403535989e+00
5.221740720592531471e-01,1.114867327971072353e+00,2.099083445199476650e+00,3.800639926005317193e+00,7.735881236176886055e+00
2.575985301953669926e-01,6.713818661402074506e-01,4.270128761633219305e+00,3.707073441720169504e-01,7.484076021113571286e+00
6.772901579712137243e-01,2.274054897169784706e+00,4.415068757631841478e+00,7.620147518857549596e-01,3.714002947329649640e+00
2.058872274905671484e-01,8.146802170336945315e-01,2.325563935625300171e+00,5.163113695991325081e+00,6.904652172326171566e+00
8.995884697743936620e-01,9.479538919876838721e-01,5.856630691144459888e+00,7.089330489513712141e-01,1.990573575077036139e+00
2.816573379227000351e-01,9.095247960834517142e-01,1.524341413658199196e+00,5.393654746720189408e+00,7.394357671803530430e+00
1.870654075612652623e+00,9.298015330390594357e-01,1.672958229156330301e+00,1.984641298130356057e+00,4.439691027673983825e+00
1.805928928906841646e+00,8.505972643318064907e-01,2.425996850502706970e+00,4.721640495668181003e+00,1.544516294285880331e+00
2.962714286977180533e-01,1.287349123474726742e+00,5.677599133353367078e-01,3.436765270519205107e+00,8.813348235454462554e+00
3.656895668889573736e-01,2.810623415655585600e+00,3.915987946540937514e+00,3.356336576418712081e+00,1.238109727609510990e+00
9.918813775457287207e-02,1.157655214276995526e-01,1.053472894584718267e-01,7.009416678154110070e-01,1.006948299943424452e+01
1.314335339063979591e+00,3.356570237286935932e+00,1.632510906168035625e+00,6.831091543663774246e-01,1.762921848927625490e+00
7.242895987682631542e-01,2.604032313779220065e+00,3.398394364486949204e+00,2.337869496730748509e+00,5.377098255596198584e+00
2.092584939255696386e-01,2.482231036724404372e-01,3.012016027813974595e-01,7.902206964244268050e+00,2.367251739203316774e+00
1.752937604904796887e+00,1.683750768556157018e+00,9.661487520826421704e-01,5.561148412772012328e+00,1.206248925822324125e+00
2.081345679544700733e+00,5.459262038538299500e-01,1.627474175039545834e+00,1.132557877125908163e+00,1.327059412517846981e+00
7.493592597133331701e-01,2.978472646255288403e+00,3.005276696182350715e+00,2.450044646137369941e+00,3.729815879997234074e+00
5.356682696408949784e-01,2.822847531758025497e+00,3.152642966827380100e+00,3.010161182098970656e+00,4.409779775708752680e+00
1.380504734896524366e-01,3.915787132781352042e-01,3.600146256168718084e-01,6.186909250308629815e+00,6.592528517032573809e+00
5.343737383050239931e-01,2.418470486231227845e+00,3.056940473784579559e+00,4.568158270730651616e+00,4.625519403687408548e+00
3.908553690285456739e-01,9.058056253780777389e-01,2.075775110647447352e+00,4.229401142827589055e+00,7.777928421505697187e+00
4.886627455564175326e-01,2.581013889189204935e+00,2.406048470839330378e+00,3.049398332819415192e+00,5.590754975672696858e+00
2.882166882146218190e-01,3.145906676132997681e+00,2.938784465439670868e+00,3.409764492475129138e+00,3.273848410193642700e+00
5.383557948069672694e-01,2.443182086480352844e+00,2.555712025553597222e+00,3.287472373688148153e+00,5.616629487678748589e+00
9.600471134101268289e-01,2.467978642968334579e+00,6.104744667211140507e-01,5.786984881985413942e+00,1.884219722880672743e+00
9.135025558118485822e-01,3.308643714028208560e+00,2.460717401307912056e+00,3.714843180377157328e+00,2.419515975536610686e+00
2.953348431860295387e-01,5.715142122659785384e-01,4.689108376812970214e+00,4.520337382326056641e+00,4.342290767198117685e+00
1.363006558058152962e+00,2.078660629704616625e+00,4.386804206375034099e+00,1.045650584035636710e+00,9.789304619325912560e-01
1.383754113265564856e+00,2.427003851059443829e+00,2.416657665015986112e+00,4.705523711919875396e+00,2.506721373262803532e+00
3.494539320543075811e-01,2.833117752679885193e+00,4.892292443368487120e+00,5.647684248167018639e-01,5.644770423203251397e-01
2.460282063441918687e-01,1.149801092212672016e+00,3.393669589052032975e-01,3.549964473896276562e+00,8.864162465247613198e+00
4.043557694200140551e-01,3.180439756787037275e+00,2.969612996428784513e+00,2.950333704222734443e+00,2.854870839183103026e+00
2.238909546107623050e-01,2.698844316616832550e+00,4.689593379596511014e+00,1.377537672357899146e+00,4.910627132518287086e-01
6.605381098458618094e-01,2.346836279453277552e+00,1.304366020762054212e+00,1.720546754909711318e+00,7.480290592019750662e+00
4.272689646542283670e-01,2.734618378593015042e-01,8.970047270476781964e-01,6.667053955604845150e+00,5.782401605001896705e+00
2.482517563327120980e-01,9.554267146373681685e-01,1.875310575226003307e+00,5.954195661659032801e+00,6.327022669479535288e+00
3.039130100389147993e-01,5.370897913745210639e-01,5.270197051489986961e+00,2.540450618491810086e+00,5.064963715370303099e+00
9.527458795376118061e-01,1.711777242297990886e+00,2.903143062432897548e+00,4.924168267997698578e+00,5.566861835191138752e+00
8.273787249549517941e-01,3.068545093396982448e+00,2.579315740635188536e+00,2.898844448697264209e+00,4.915455087070874640e+00
6.896649943288091222e-01,7.244525385717081045e-01,4.958932912472098664e+00,4.627362653878378751e+00,2.406529461187657315e+00
1.668196760975240722e-01,1.677495467565724430e-01,2.262019263996604967e-01,4.266499167688490246e+00,8.682170294124036403e+00
4.930428194636449213e-01,1.976760414703579327e+00,3.158192002329966996e+00,1.285317062516436515e+00,7.017283351148712711e+00
1.155200882346384267e-01,1.297344722019393715e-01,4.372219378095407727e-01,1.387181297605695196e-01,1.009993202331570217e+01
9.450146370244902894e-01,1.721275324003852525e+00,2.819972040873148345e+00,4.631607907441333438e+00,5.314719339700330281e+00
3.451686490806890051e-01,9.772823228264897466e-01,5.806501652459576945e+00,1.689714570827486106e+00,8.470580966904878162e-01
1.070583313008255821e+00,4.141659483410129461e-01,2.498571896277464344e+00,7.068050065286717754e+00,1.452451767581836251e+00
1.019357910290068642e-01,1.814317361531892492e-01,1.062168194310249142e-01,3.322644815513398520e+00,9.245344386357853494e+00
9.591020548903701481e-01,1.889054329334742377e+00,2.534318898778587403e+00,3.130021549060567398e+00,7.181968042729540258e+00
1.541605106182622587e+00,2.293581621416545424e+00,5.714440540774551325e-01,4.743992539310556644e+00,3.053865572932568551e+00
7.797933490723605310e-01,1.911385193068589450e+00,2.526431132323063267e+00,2.738105790274572460e+00,6.666069205991240310e+00
1.271864718229578084e-01,3.381867235321263654e-01,4.800630693735403298e+00,4.531892623845044099e+00,3.020053904252812504e+00
1.116592237658895342e-01,1.289370706144986334e-01,3.769037096698926170e-01,5.245901785466286604e+00,7.756342014791123951e+00
3.272124372401358228e-01,9.755586269191381943e-01,1.806496845254879302e+00,4.024150299295770949e+00,8.105067024887635085e+00
1.056708546043867575e-01,2.418900038154415677e-01,1.491797017454689067e-01,4.484328960980318080e+00,8.459037641048436029e+00
4.243737716470096233e-01,1.824725910740584212e+00,3.250970068462273765e+00,3.085434853146889367e+00,6.857235492574965896e+00
1.185388836395592671e+00,5.220693897390312754e-01,5.472065887874960843e+00,2.782028281032991934e+00,1.302287105477252460e+00
1.563407861176786318e+00,5.732552499242036248e-01,5.151051198356576322e+00,8.661412316652743471e-01,1.722634732549838343e+00
2.082728485442524757e+00,8.079103949968480247e-01,1.374367372500417961e+00,1.997884638020199111e+00,6.515669907890466739e-01
7.085617982689924599e-01,1.127480297108666818e+00,5.278625167396553408e+00,3.935844939571350398e+00,1.722286957762670934e+00
1.457814090074908808e+00,1.418965776616421870e+00,1.992179682507261074e+00,2.589741425912961414e+00,6.130951587588926444e+00
3.126042189102198332e-01,2.077151123896686880e+00,4.744014968770200902e+00,1.176804333070795572e+00,4.986300651023600317e+00
7.951645939094467153e-01,2.800857036964639057e+00,1.815948785619042827e+00,5.282460785456109420e+00,1.892856842010387286e+00
1.459234977148856360e-01,1.398068861400600105e-01,5.818854362472799524e-01,8.030285578014343173e+00,1.268958246150807989e+00
1.309171937517313200e+00,2.530810787479132351e+00,3.133082552823837741e+00,1.772440875440301156e+00,8.086509632512380863e-01
4.274839993533150473e-01,1.828491362321098546e+00,2.398657993637384855e+00,6.044500876408410051e+00,3.798891793202867184e+00
1.177387002259166898e-01,3.372002650577727856e-01,1.385099811341623521e-01,1.396193051700288512e-01,1.008039820217488192e+01
1.875879005282091727e+00,1.759076491728573943e+00,1.793361247417464055e+00,3.774751093113667411e-01,1.148135668505739782e+00
2.444893714748767044e-01,1.150995050430752675e+00,1.194138909546621274e+00,7.795916750218411018e+00,1.722362791212400213e+00
9.468234650740408043e-01,1.429370403814257173e+00,2.148746012865283994e+00,5.883314333650352168e+00,5.284955955793232185e+00
6.478372313295071017e-01,1.111294337797641862e+00,8.936057179322962618e-01,1.057873816452706839e+00,9.772073902051056749e+00
1.223621099316880789e+00,9.519538674639608233e-01,2.718397565891299994e+00,3.857934069903587115e+00,5.106462750784309890e+00
1.158220341573385354e-01,1.299350012342246063e-01,4.370908109847032597e-01,1.419848000147729550e-01,1.010028384809298352e+01
1.862867909513389986e+00,1.806440275937863271e+00,2.636658034044333743e+00,2.938193025596772312e+00,1.911262100952750398e+00
1.997042911089986217e-01,4.379707576983238870e-01,3.338120867394558378e+00,6.723223678996272490e+00,2.254753730730837180e+00
1.719611095004000667e+00,4.749139668262289948e-01,4.181149952598580022e+00,1.175240918180552319e+00,4.214029285373529277e+00
1.455685381840454706e+00,3.804034475565529760e+00,9.113849653740687673e-01,1.293632619014927432e+00,8.253490712361155612e-01
2.063814171700455447e-01,1.912633168467908762e-01,3.077363776398110429e-01,8.027308900909408962e+00,1.623334629215470670e+00
1.521857745614266788e+00,5.316870495853897038e-01,3.382538010713131982e+00,3.679927895059009302e+00,4.250699824601079868e+00
1.124676329099042915e+00,3.507831897522037501e+00,1.896134833146363441e+00,2.966247581943570744e+00,1.251401680864098864e+00
1.042057123471848312e+00,1.648814453337949404e+00,2.396847175245385042e+00,4.051629344203940164e+00,5.836861821580206389e+00
6.352576157634198806e-01,1.133139598905106737e+00,3.469762049252305136e+00,3.886304465518100049e+00,6.178547817943754517e+00
1.985728870837173976e-01,1.827427429630946176e-01,2.917514980313725137e-01,7.982593116360163776e+00,1.885855279391108530e+00
4.879603151961576790e-01,3.109195684059962606e+00,3.172636044727286553e+00,1.886981159871379488e+00,3.346998708193015926e+00
5.544630265335597219e-01,6.845917990774057493e-01,1.871308772015547239e+00,1.752224527255220377e+00,9.209458825811154270e+00
1.469570857462648927e+00,3.624413274746045133e+00,7.707400854742274543e-01,6.109546607287983377e-01,7.880344329651514101e-01
1.083564150713055341e+00,1.141803966000180193e+00,1.457507488582073574e+00,5.535718327742197076e+00,6.131320206662300265e+00
4.282181201830630446e-01,1.963945192819363417e+00,7.141286404802124066e-01,4.451581291575670285e+00,6.911765646935631224e+00
1.868265488572986577e+00,1.961406858195738234e+00,9.445825826841270922e-01,3.582909546884334162e+00,2.612364971645357858e+00
1.815280192699048278e+00,4.005881136658009378e-01,2.346568232918887276e+00,2.669628982037298925e+00,4.130447974476219031e+00
8.576053755757979680e-01,2.582991774733788937e+00,1.079624892792653279e+00,1.629218480563495275e+00,7.766780840359345461e+00
1.180394963795141638e-01,2.296784460707218534e-01,1.493693098899234184e-01,4.313789756562815825e+00,8.600087960986234847e+00
2.147919233338497769e-01,9.893997514192091058e-01,5.773134472778910009e+00,2.062466456334079989e+00,7.445581217272839725e-01
6.502697298706139328e-01,2.440371322320002423e-01,1.863389317530845801e+00,1.798498370378454947e+00,9.230675987225820833e+00
1.144308870199998385e+00,1.098211448943141155e+00,1.209305268193417326e+00,6.108000160400683498e+00,4.502928803786760525e+00
1.394082048850314726e+00,6.571944865182302031e-01,6.641921881780257220e-01,4.056239000423896290e-01,8.377746524411275431e+00
1.339243337475012563e+00,4.052899669073475764e+00,1.117160865337112785e+00,7.659379303334239442e-01,8.065890902649108796e-01
4.968039342177019702e-01,8.023701628677435416e-01,2.056539928779956838e+00,1.935020687533037576e+00,9.073056645114972341e+00
1.289687572515010761e+00,1.466139688251680395e+00,2.243313044900319575e+00,5.779936412325275441e+00,3.881508898469291591e+00
3.777908840126928958e-01,1.669686835862733698e+00,2.684939795945485930e+00,8.673320242468671726e-01,8.243191151340614198e+00
1.176433621062439761e+00,3.059759592434325270e+00,2.649860148878354416e+00,1.167404806574866338e+00,4.690845080277109780e+00
6.211712645933865629e-01,9.699622141295292099e-01,6.729979211419279128e-01,7.984142902660339658e+00,6.029694404278949094e-01
1.787591372278777513e+00,1.623100996786046357e+00,1.830447052283552756e+00,4.091142661335978481e+00,3.246137283449455513e+00
1.829505956978191517e+00,1.503014072870448636e+00,6.739052806192434852e-01,5.768169180741996804e+00,1.417950066232347428e+00
2.730643226531146994e-01,3.930348955674892064e+00,1.385960651210356609e+00,1.160089414430398369e+00,2.618398529621445814e+00
9.916594915554707290e-01,3.375298043592752428e+00,2.418015590671087622e+00,3.244483490693779615e+00,2.595260369310051551e+00
1.869833754023664252e-01,1.626572425347170836e-01,6.001820110777641437e-01,7.940321333839842843e+00,2.124159592388290108e+00
1.979502925046446593e-01,1.715438359083638620e+00,6.946646601591829340e-01,4.094576332075310354e+00,7.824812276837724845e+00
8.874868094561374487e-01,3.729930530155025625e-01,2.181475293182528308e+00,8.655675610470263681e-01,8.693101626876330812e+00
2.020874940568535005e-01,2.933283965615934852e-01,2.386034972478930927e-01,6.754064123421820831e+00,5.788974454131404102e+00
1.105962615257682219e-01,2.138841000652017543e-01,1.320749982016508339e-01,4.052362869731840789e+00,8.789215699049972130e+00
1.947022829563420432e+00,1.194991928597004316e+00,1.945494557283594439e+00,2.356558945439071628e+00,1.144602290097570529e+00
1.315688889676355500e-01,2.599658521837258651e-01,2.644081597058941302e+00,4.787585280115875808e-01,9.173179746851815253e+00
1.872606313192844707e-01,1.224501241746135616e+00,2.734203516536289680e+00,4.110503122930453834e+00,7.103320051636652366e+00
9.692146493821837683e-02,9.783062517137812442e-02,1.216007692408418162e-01,6.766408114860532619e-01,1.007042152786789657e+01
8.683660177356817833e-01,2.102958335969172143e+00,2.898292919336600715e+00,3.805281047607633305e+00,4.818159746376180053e+00
1.443909903038687270e+00,6.007216358866174222e-01,5.846619429525101719e-01,5.939954224506230673e+00,2.851852016076572127e+00
4.005577340163978262e-01,9.338402708619092385e-01,2.884288955686517220e+00,1.888193235710107221e+00,8.807837870978689310e+00
7.630256438915345996e-01,1.793903958558054512e+00,1.291087297442898407e+00,3.806520003479773262e+00,6.978108014840499251e+00
3.753252874648645432e-01,2.105590329704035035e+00,4.537377317595980841e+00,9.313955264936651934e-01,4.843890749402225637e+00
4.682177744377634676e-01,7.261606785687838572e-01,3.983277407857770402e+00,4.279113204770501611e+00,5.966392072129684365e+00
8.483357133965737651e-01,1.727000478939822115e+00,4.105205481200703943e+00,5.588527436657461323e+00,1.749485172595769633e+00
3.944181131091397674e-01,3.616135522240180755e+00,2.709196878199414016e+00,2.910671692983906489e+00,2.497584650772267878e+00
1.336469442831556664e+00,1.822713435737641108e+00,2.705612615479629834e+00,3.678890050435911441e+00,4.986613647674800198e+00
1.173406596023646387e+00,3.478994854567617256e+00,1.559161753486602464e+00,1.889419188575417463e+00,5.183941406255784257e-01
5.004545935603559315e-01,3.176631154938159174e+00,2.553723377917189286e+00,2.818671205202718966e+00,5.079650883333881595e+00
2.430267391974912927e-01,3.224493952703532118e-01,2.015982218522285319e-01,7.052387420233819704e+00,5.292727472078052386e+00
1.254760916860381048e+00,2.102183373006692779e+00,3.767372923321397504e+00,2.928000824458603990e+00,3.943970885240612123e+00
1.268420876631462857e+00,2.978613752215660604e+00,3.024642645602940050e+00,5.335653199472953911e-01,3.284509447395802084e+00
1.711190371451777770e+00,2.402665214288248752e+00,1.027700750057579437e+00,5.770762856105964289e-01,3.446686745254684325e+00
1.276524884194775999e-01,4.899084070071608732e-01,4.321099589273868169e+00,1.515580323456618528e+00,6.963449067801709802e+00
2.058715901302101692e+00,8.975240311747650912e-01,1.018914107007645287e+00,2.372991420217990477e+00,2.512025850480762212e+00
1.763802610265630399e-01,5.438491948806627452e-01,1.948588418666557409e+00,7.624219736243833978e+00,1.985370123103156637e+00
1.823980287844261805e-01,5.548686447377342290e-01,4.654422984441138667e+00,3.454108615259628978e-01,6.547376653371501654e+00
3.106027586786707095e-01,2.050523864365883853e+00,5.216491913335057795e+00,2.457465047317501039e+00,2.341414940168302650e+00
8.795644220712893757e-01,2.591024337316770065e+00,1.013572179728577716e+00,1.741111405673603230e+00,7.704217598408455991e+00
1.020350726971375410e+00,1.898880768790936147e+00,2.580281768897387806e+00,3.746039116698870686e+00,5.738944168236241872e+00
4.340667022806776743e-01,1.386563838386579040e+00,2.664768350316407908e+00,4.699509744744051254e+00,6.366808586148080096e+00
1.197304946932107039e-01,2.371567283811499283e-01,2.552687970781796878e+00,5.708942759616314477e-01,9.214831840425420140e+00
1.025660427712321354e+00,1.704930571958758190e+00,6.737051479221050077e-01,4.343410326489891005e-01,8.386947464924688234e+00
6.270994753422758361e-01,2.963606593947702983e-01,9.149869072778695767e-01,1.843959766282154300e+00,9.741608381451850818e+00
1.906058543944366690e-01,5.704284484888987317e-01,2.120893012615908124e-01,7.502808556907961446e+00,3.775544417002394404e+00
6.997933702404983691e-01,1.184231913737506581e+00,9.580457487386715432e-01,2.941349056679589680e+00,8.661999398179627718e+00
2.301665994905178758e-01,1.697443930364692377e-01,1.689595086932653700e-01,6.027609908589646182e+00,6.931675323106452957e+00
1.029675827568607538e+00,1.175697185659808186e+00,5.126998863151823294e+00,2.484290788403682892e+00,9.136813899301763353e-01
6.758515588786146999e-01,1.717742369530388169e+00,5.496141599526366051e+00,1.417401749930498722e+00,5.407421367102456244e-01
1.173071471227995488e-01,3.960762963463270170e-01,4.015475717823391300e+00,1.070061469599301818e+00,7.566865122975456437e+00
6.541025702180216506e-01,2.819258814782005018e+00,2.737218064952298580e+00,3.570126319550528837e+00,4.315573157340925725e+00
3.438810509856640163e-01,1.565431510494929013e+00,3.265480355395570022e+00,2.516612321906148697e+00,7.417806014506485468e+00
1.998463581915020937e+00,4.482582451444129257e-01,2.023927102129982725e+00,8.669745040769196720e-01,2.375035204505632436e+00
9.563501635517963617e-01,2.257406774487161982e+00,2.860847331960089335e+00,3.407263655570660799e+00,5.109136447365711931e+00
1.187743665039385554e+00,2.367667969181323162e+00,3.127509840490271920e+00,3.208977979012312076e+00,4.724386156660981051e+00
1.353159249816960674e+00,2.390089032218900122e+00,1.307344831932084617e+00,1.185713544956640719e+00,6.673545414559518996e+00
1.695932741889409345e-01,3.872918909143653332e-01,5.215682275475088669e-01,7.822628617089573133e+00,2.672062966876870060e+00
2.248962803584169667e-01,1.834565813458627070e-01,3.680582274229905471e-01,8.093985691567645802e+00,4.596569863100083975e-01
5.349810806428715315e-01,1.440518281160951597e+00,3.869856860825823919e+00,5.930952656814267421e+00,1.073748918933212559e+00
9.534405367422361666e-01,2.577465994327442722e+00,3.010255411384816782e+00,3.533601143602695061e+00,4.054754825098177307e+00
1.577769736352872543e-01,2.800141807392053650e-01,3.781863142773641551e-01,7.999988231678242023e+00,1.978563932532505065e+00
2.031134444063891653e+00,9.528030316739308780e-01,1.643443012457122876e+00,1.986995807154108284e+00,6.078065477093080871e-01
1.096239673460203568e+00,1.759425934587077966e+00,2.217401954012610865e+00,4.186688750566951889e+00,6.132324160419192260e+00
1.497299640520153297e-01,4.648902546455648821e-01,4.228815444717256788e+00,1.334028929300289157e+00,7.233631334598391582e+00
3.301136683863988286e-01,1.940946659991062528e+00,4.526817603662061096e+00,1.258225070721791905e+00,5.179559587231302942e+00
1.275298251997380561e+00,1.009122721910842513e+00,2.505563424784198912e+00,3.886187560347277303e-01,7.310181202358747576e+00
9.054485587292411264e-01,1.787037034190244178e+00,2.444615845532445597e+00,4.264734569817987264e+00,5.317682574356706660e+00
7.791816989655431236e-01,3.047633362984684791e+00,2.555331513478658945e+00,4.282448798372705312e+00,2.778933665516193585e+00
2.260143254450931172e-01,8.830057871684170445e-01,1.759092015945924903e+00,3.705280558784273648e+00,8.649892013551388814e+00
1.860080716147096136e-01,4.495852465687105726e-01,4.402820769202740792e+00,1.507054998715280369e+00,6.886508203241254122e+00
8.587330534452202180e-01,8.808365497200426608e-01,5.459596860748543001e+00,1.008631366291418363e+00,1.684727706997861008e+00
5.320818832659947040e-01,3.376852338678744125e+00,3.351502535007940597e+00,1.686333306796570453e+00,2.262032079919142014e+00
1.384149881627654066e+00,6.922010242412117709e-01,2.140746258502407073e+00,4.043192607825298879e+00,5.735996513589537216e+00
1.071161342070593658e+00,3.596879353771581744e+00,2.470928685181208451e+00,2.234915489572827152e+00,7.166042485212690272e-01
5.404060374766441743e-01,1.722775202452308640e+00,1.695393576066993591e+00,7.106756610277320085e+00,3.274473321658089908e+00
5.895505601150128339e-01,3.026776215886327615e-01,7.303093380806866541e-01,1.747008732031797296e+00,9.820863533982988614e+00
4.175041552962940883e-01,4.269451695335242825e+00,1.013030558984462592e+00,8.140493883571677802e-01,7.442848423716759143e-01
4.575588523934260854e-01,2.493203250835283935e+00,1.194181638728154082e+00,1.662645250719539058e+00,7.847438309693467673e+00
5.730644914275024870e-01,3.006429613796381517e+00,3.270757247540168500e+00,3.480997925541025495e+00,3.509349432440080019e+00
1.425312960903015735e+00,2.218736159607321401e+00,5.471934923345712631e-01,5.463201186437983914e+00,3.055675107025180193e+00
6.228739137434029516e-01,2.867773685712764919e+00,3.009762257200854219e+00,2.887561634808962108e+00,5.053665693778037316e+00
9.570832807878393300e-01,7.422371875020682408e-01,1.977073087537292828e+00,1.781487780723749914e+00,9.101476710632137923e+00
1.635282558577493717e+00,1.015082044500612568e+00,1.449984125115645339e+00,5.460293421355416399e+00,1.061478890290272759e+00
3.442658088782426518e-01,9.975768229821772026e-01,1.806261326098042241e+00,4.006651696168214372e+00,8.180933536635414782e+00
8.325157298774835679e-01,2.803724953566566480e+00,9.390318990004473676e-01,6.781915292403865259e+00,8.571825420219765235e-01
1.032931871135756463e+00,2.517233745057493532e+00,6.468046086767005320e-01,8.632110522321259083e-01,8.238038063061104310e+00
6.531788171926838915e-01,2.161799616703782956e+00,1.297275781533895334e+00,5.908622724304555263e+00,3.793478059720574613e+00
3.272507425672827597e-01,9.890834635690080034e-01,5.830718490164871426e+00,2.827309537573239773e+00,6.803637749379816135e-01
3.420327251876167374e-01,1.815502603072910892e+00,2.440859262690708853e+00,4.419241001698505755e+00,6.961934501341675130e+00
1.158360046290816570e+00,9.894230312789152881e-01,4.790044052214829762e+00,1.611289730810450349e+00,3.169222661344690994e+00
1.360190239784542010e+00,2.313629238035884050e+00,1.803154944864636233e+00,2.942631630655254238e+00,5.220501357447089319e+00
3.935423357785617915e-01,6.064371864580098137e-01,1.598185669014496435e+00,6.651532566022826387e+00,5.404621991543554493e+00
3.103071017242901575e-01,2.801752287200521607e+00,3.928121765832877532e+00,3.628955147070670684e+00,2.072984111001034524e+00
7.433759590136440609e-01,1.777038926915125883e+00,5.454119703884251713e+00,1.117647406419321143e+00,7.880554127684344934e-01
3.438354123035736176e-01,1.879655217251595012e+00,2.404388886056859853e+00,2.722548463040223243e+00,7.680127111711341215e+00
1.361801432068028728e+00,3.193880569862698859e+00,9.079432387159599438e-01,3.270476317471678662e+00,1.746290950759025851e+00
1.985455078386601402e+00,1.789363940910193795e+00,9.998338196041596238e-01,1.501883992355549369e+00,8.783091955103027315e-01
8.113635680215276480e-01,1.643704500842308125e+00,2.632393545648197275e+00,5.408011897086458797e-01,8.147691467464383663e+00
3.162461745352699305e-01,1.373325227051017894e+00,3.912930115416216381e+00,4.794811996512238217e+00,4.940338830426468597e+00
7.080050085611375721e-01,1.516816942140164937e+00,3.809684599022959084e+00,3.804708438126526371e+00,5.188272227798905512e+00
5.371998268311879432e-01,1.830019117990653976e+00,1.752620177365385556e+00,7.126973983415374470e+00,2.287200273369671244e+00
3.417070019236550515e-01,8.258905342072949685e-01,3.301882835990666010e+00,6.362131876611385906e+00,4.330582312698183500e+00
2.434865891989513309e-01,4.401713122355138674e-01,7.567333280871684220e-01,1.107714438110073418e+00,9.983488876237130327e+00
1.592344880288921738e-01,4.298692959640267319e-01,3.125252075331047763e+00,1.594705658086932987e+00,8.527237058783471824e+00
4.184760677905183801e-01,1.333848871695947125e+00,2.464420323425138726e+00,3.524813181387716821e+00,7.903387812157005143e+00
1.123878861692188424e+00,1.624265805402257401e+00,8.502077120092035312e-01,6.771423894466739313e+00,2.658791336120156501e+00
1.010890664309765263e+00,2.470372847936142868e+00,3.348120035242098336e+00,3.752718143463503964e+00,2.973355380153329452e+00
1.132841209000953420e+00,2.390987576953009786e+00,2.163057478418135560e+00,4.037413299624928342e+00,5.943736430226542744e+00
1.304745579483058471e+00,1.136929059633689176e+00,3.092816623766251549e+00,4.925051956926535190e+00,1.193198483880244964e+00
8.264153269898462106e-01,1.922240680002235358e+00,3.434333736212808574e+00,5.654698177499231981e+00,2.829726253271521941e+00
1.110992333851664182e-01,1.460236817672005694e-01,6.923881904740221138e-01,2.997139272790821929e-01,1.005541429513302631e+01
1.231314970349661753e+00,4.040754319548008899e-01,5.209567635954178044e+00,4.201270594299954531e-01,1.089588561573095582e+00
1.240989053743608128e+00,3.210505086418031784e-01,1.612456856997902754e+00,5.944625559948506499e+00,4.417864868243463583e+00
4.749205525608038436e-01,1.671453814347789946e+00,2.932254215194446623e+00,3.999541112274171084e+00,6.372059172476384425e+00
8.621524786050398514e-01,1.307704689645730944e+00,1.564706954163213037e+00,4.248280417557269040e+00,7.752357770741705956e+00
9.701945160370174792e-02,1.035442527767827803e-01,2.535134788072440082e-01,3.755067632751238005e+00,8.986165135765640244e+00
5.921638113226479483e-01,1.492546862301769028e+00,4.799761631657413652e+00,1.372062713998477124e+00,5.216681197052103869e+00
4.000116877635495061e-01,2.007840501407646805e+00,1.977301830720786580e+00,2.653444410351301297e+00,8.142118252959845037e+00
3.308357668905790305e-01,2.600059715418166384e+00,2.907441717739517539e+00,4.645908647744927400e+00,4.316109582488214969e+00
2.221854115057005918e-01,1.866973711899433674e-01,3.687576961118753660e-01,7.001934860893448409e+00,5.337786883429336271e+00
3.112788160580828301e-01,1.036856970811376177e+00,2.382551212087055781e+00,4.667022946554197027e+00,7.164936979628239833e+00
1.390216937421968169e+00,3.275547157142610466e+00,2.770289818445181851e+00,1.068017914988975248e+00,3.271111012943299201e+00
7.875403799547120443e-01,3.516164895863494788e+00,6.746796619921309190e-01,1.208810104953997211e+00,5.829458693049323514e+00
2.885194984677831309e-01,8.984524775963749210e-01,5.702319055778661827e+00,3.165473842039687735e+00,1.031750577582406292e+00
4.110376287816466245e-01,2.623084353181617256e+00,2.835026526896239574e+00,4.655387065987404149e+00,4.139513115505462082e+00
1.336547612819536823e+00,1.720797705576418535e+00,3.951669770076376320e+00,2.130193992412494630e+00,4.986056931338385567e+00
2.531021208027413039e-01,1.071988062113711226e+00,5.580639014041606671e+00,2.048259760316045508e+00,2.556860226155763360e+00
1.256621007559732384e+00,1.197610375562838447e+00,1.809073827386404432e+00,6.697531560723022359e+00,3.980892463972792061e+00
1.047851257865031610e-01,2.094164973680087694e-01,1.054056917486645290e-01,4.142522206640996352e+00,8.720945022000410773e+00
1.191069377708146693e+00,5.834680746516214267e-01,1.440589592363135329e+00,3.334235227656769496e+00,8.892142059251636255e+00
1.767058922217402905e+00,4.973212031869695404e-01,1.313984085945991920e+00,2.800174841414460047e+00,5.348021991980725254e+00
2.308614585249815221e-01,2.293685794503645070e+00,2.569132248636107452e+00,4.914433329734135825e+00,4.384936880582512408e+00
1.117352618154415556e+00,1.493494948835776936e+00,3.528542121381270213e+00,3.783842366672231172e+00,5.847264161406363847e+00
3.692191728603403389e-01,1.844377964489529287e+00,5.486431425694817676e+00,1.717818742888422401e+00,4.874856673115691708e-01
1.245176381178517033e+00,2.512498128649633511e+00,4.076650234913017812e+00,2.350808724663381977e+00,1.925325972228226767e+00
1.726266892416176368e+00,1.828331289976372176e+00,2.280638603537533449e+00,3.286107468783008301e+00,3.258432454538320311e+00
9.447489091850544973e-01,1.909328218784956732e+00,1.588599248891337634e+00,6.689027712925189384e+00,2.772612358876096472e+00
1.122599492257990050e+00,3.569336993012148351e+00,2.134565527196824686e+00,1.844124367528581665e+00,2.070614604752854859e+00
9.963430748924853586e-02,1.196669456710835744e-01,1.047057327921530751e-01,8.453994063617337185e-01,1.005331853225576744e+01
2.437063160638857084e-01,6.180285688776199216e-01,3.000369648156037794e+00,4.575789728496839182e+00,7.016238219026789125e+00
1.316868937651731075e+00,1.693920886941022719e+00,2.487609918842743184e+00,3.095605509534631761e+00,5.695564225635471267e+00
6.747571026953531614e-01,1.383374927770752993e+00,2.696053215915045875e+00,5.047648558730105428e+00,5.808175390878180799e+00
3.861124502219586141e-01,1.247774692299925547e+00,3.840189412360954346e+00,1.646290610253346554e+00,7.446788221453489065e+00
3.444529255475471952e-01,1.006900128702613584e+00,2.321719581089871642e+00,4.138388445706342011e+00,7.661576427201659101e+00
1.693077155171122117e-01,5.162397619198900722e-01,1.199414106550202863e+00,6.078679165408599872e+00,6.513018645866450740e+00
2.433191075199922504e-01,2.326394079415585736e-01,2.600183508955521972e-01,8.094068606684656331e+00,5.259118833338276566e-01
1.294855742222231987e+00,2.385910050474010280e+00,1.327725630216518349e+00,5.517668437379636970e+00,1.964113177554488443e+00
6.978801521129029961e-01,2.006409117712288026e+00,1.455191733438954138e+00,6.765879120148063919e+00,1.063363757355033412e+00
1.080419771280575425e+00,2.379796960055216903e+00,5.574577568311835929e-01,5.291532267637233389e-01,8.387868298598325723e+00
4.124108126237810978e-01,2.654939823068819482e+00,3.436743030817210887e+00,3.980869489267917949e+00,3.775508266395442014e+00
4.390377801078325648e-01,1.543827006629936882e+00,3.069715918275720323e+00,6.711655525892222585e+00,2.111083082182299453e+00
1.497746864368333597e+00,9.106521205625877080e-01,3.090949245875659557e+00,4.986645170587058473e+00,3.698373592600772142e+00
1.111262123943585367e+00,4.479453123950262738e-01,6.054407124432621412e-01,3.352133196804038207e+00,9.013347482024506974e+00
8.250945626157463186e-01,3.670710658740977017e+00,2.563532832368879966e+00,8.218911716086648722e-01,2.490373249007904022e+00
9.398318380149066620e-01,2.538395729871998796e+00,4.144515882023233289e+00,1.458772413144844515e+00,5.432564917664069348e+00
3.655285353708890295e-01,3.033949932833065244e+00,2.703374213064314802e+00,2.419800053908009563e+00,5.737618019059181229e+00
1.365481958824318554e+00,9.210681426551492468e-01,3.046573876243209966e+00,2.641053650849072731e+00,4.955830742824560708e+00
1.238951748397167263e+00,1.221122209691457572e+00,2.165618976352091885e+00,2.484166516778509859e+00,7.503251779661057164e+00
5.762890164695471107e-01,2.647702381419952289e+00,4.376693632876826889e+00,1.389155089802018628e+00,4.158236129057100605e+00
3.083866740096543047e-01,4.249054278764696768e-01,4.445042597890058289e+00,4.607727724295337168e+00,4.552868526272016325e+00
1.601316771155359309e+00,1.595965410214746916e+00,2.536829700855737002e+00,3.204167951588532848e+00,2.496927721106906084e+00
8.325192339449720702e-01,1.852808408739307966e+00,6.991455164064304117e-01,6.964467518867618168e+00,2.855127589276547528e+00
9.724464866564383470e-02,1.002252593791796431e-01,1.465452649544776720e-01,1.011728193281802080e+00,1.003119317203233152e+01
7.920632988335477576e-01,3.225633502015966325e+00,3.005709902533231670e+00,3.125614511076195701e+00,2.307984676654579737e+00
1.397466678184603017e+00,7.925102015149922963e-01,7.247795231574905017e-01,1.288980044199851793e+00,7.780358359473576790e+00
1.402112869585798061e+00,2.096462112707737191e+00,8.413439315614080760e-01,8.797832740919385719e-01,6.042997738385082585e+00
1.023738920795774998e+00,2.075740240267060610e+00,1.759246214270873132e+00,6.302908385593947393e+00,5.804858281183414848e-01
1.317602479773223756e+00,5.257611825317222154e-01,5.466569208181592643e+00,3.184442547790127254e+00,1.001076039460355283e+00
1.271798543919903768e+00,1.844664649115402399e+00,3.350377871574040434e+00,4.019717309595566057e+00,3.338280100679237972e+00
9.479779973729604015e-01,3.366683234277571657e+00,2.219354912026675564e+00,3.571932802212950619e+00,1.810499133557059936e+00
1.111648456821262343e+00,2.810665747860223718e+00,3.358085957408027067e+00,7.050597712235546766e-01,4.818558448914460612e+00
8.764253204347038917e-01,3.244956134930752079e+00,3.321589746591910863e+00,4.074956118550987938e+00,1.524567120712755575e+00
3.420517435690111352e-01,6.608582316460612782e-01,6.027522388455173186e+00,5.059077255766193382e-01,3.095152820660096005e+00
1.782197385342541907e+00,1.291284720062870761e+00,5.096315413422533025e-01,5.770526720458000192e+00,1.300795306516574934e+00
6.184224596840585120e-01,4.490556848204150242e+00,8.129459661284836880e-01,8.198479364644581935e-01,1.227162191629588728e+00
1.903932846851316696e-01,7.539614383016416399e-01,1.885399696089892885e+00,4.871320153415960696e+00,7.552768577153146978e+00
6.993333781291976026e-01,1.647404292041810381e+00,1.180410958237524177e+00,2.136455602052974356e+00,8.533253870459427404e+00
1.530494355392070793e-01,2.909715658051203468e-01,1.623919529073584833e+00,6.377737851411059644e+00,5.865000065365167714e+00
5.558908569155210921e-01,1.310986235956152601e+00,4.288905963612393180e+00,3.672778744280949859e+00,4.858240323375218495e+00
3.069702130977060017e-01,2.617679973348034039e+00,1.450755667115846137e+00,6.209043568141277447e+00,2.500455140344935323e+00
5.806558991309114237e-01,1.640909047333368065e+00,5.590764260289480703e+00,8.429211779528480442e-01,2.873393988958359291e+00
3.387398607535805906e-01,1.404191537247034827e+00,1.743188620041514092e+00,5.655054701371142301e+00,6.800282813384844083e+00
1.282526683635222486e+00,8.240107388390105481e-01,2.016910668555586206e+00,7.175116361692081668e+00,1.046993333408861915e+00
1.078580207475795749e+00,2.577672910156184827e+00,3.939711023328517303e+00,3.075374133612041927e+00,2.357228456426160079e+00
1.495082331233902329e+00,2.077148622007905843e+00,2.208860316048101513e+00,3.143606069290878047e+00,5.629277491890539942e+00
2.118865152266368457e-01,2.104883903969803627e-01,3.307468713010532357e-01,8.030883078483920912e+00,1.422391217639101368e+00
9.521526907062773937e-01,3.507427899380932690e+00,2.523292748423407339e+00,3.127008672216474938e+00,8.182970523882930891e-01
3.994865912990236412e-01,1.193237776502547476e+00,2.144643730903378120e+00,3.478363566556808895e+00,8.320118042933819069e+00
3.277466350995108524e-01,2.365080296992951858e+00,3.369375781222662791e+00,5.113655350444476611e+00,3.205537823286208621e+00
1.666683990780651325e-01,2.519505459200440112e-01,1.489924884875969857e+00,7.622768404461263358e+00,2.854621433265168484e+00
1.022782057821645801e-01,1.170673191850925693e-01,4.599196252300588039e-01,2.469336609376086011e-01,1.008218666494547122e+01
4.469760548988631066e-01,3.295843361993366472e+00,1.218563339558321967e+00,4.742385714845087641e+00,4.174763506883480524e+00
6.876268648333326849e-01,1.192835707321339811e+00,2.108418375547299828e+00,2.820108045071790137e+00,8.461548561410026537e+00
1.144525721899720239e+00,3.617399903133619254e+00,8.280867219448195815e-01,1.294014243368897032e+00,1.166094277441016569e+00
1.545736350033442008e+00,1.960231784486929030e+00,7.787769766552690154e-01,4.979308828110654339e+00,2.540636542124992570e+00
8.360054054497385589e-01,8.423054380653132167e-01,3.974566924735753126e+00,4.436625546626877359e+00,4.762256225640895124e+00
1.133418856849571082e-01,1.141659105477148134e-01,1.315374163264800278e-01,5.555117535334249679e-01,1.009794391185473827e+01
1.534752761783305886e+00,2.464452885433574991e+00,1.037852979698416167e+00,4.993546767219800842e+00,2.757258805145696545e+00
1.022961967885363865e+00,9.274456719048433939e-01,4.411593755650701887e+00,4.141368050464087958e+00,4.756898305817919059e+00
1.259975997653946855e+00,1.002048062296483577e+00,5.183604567648817607e+00,2.116190990908603187e+00,1.778979377226836300e+00
7.124574469803688359e-01,2.747125668796384534e+00,1.150630347169881329e+00,6.156614878285345149e+00,1.998117935613581420e+00
4.485429392666850368e-01,1.311530806381472791e+00,3.695968921472793767e+00,2.076553478152417309e+00,7.092019470892401145e+00
6.974194040177325027e-01,1.323420314346306803e+00,3.438693309662876452e+00,4.576090515716571439e+00,6.294956454151063419e+00
1.630312929353948448e+00,1.096656701518301524e+00,2.043928673592890544e+00,1.603753111359645267e+00,6.707469165842454117e+00
9.007714907892212519e-01,2.129307530798568493e+00,1.396095936402976578e+00,6.911306737686760293e+00,1.398193478115129729e+00
1.389736780736088528e+00,2.052358036090931925e+00,2.029306618244964611e+00,4.856571510298780758e+00,4.644418346215201332e+00
7.923203958006521663e-01,3.120977857693474800e+00,2.467120007600789311e+00,4.485374918152802870e+00,3.777685997924423500e+00
7.586081693441770746e-01,2.499037542190877481e+00,1.833353784485845184e+00,2.947185458707400230e+00,7.263227898555427942e+00
3.145715904495408610e-01,5.668127427955708120e-01,4.972991687936911376e+00,2.448154669754992963e+00,5.873594159246284363e+00
3.105686290899701829e-01,8.522774707961711105e-01,6.048166940335664599e+00,7.510663175219975951e-01,2.049658338634721133e+00
1.323993259564746616e-01,2.926263100859941568e-01,9.151161278482673467e-01,5.429459048726238635e+00,7.485099052072827774e+00
1.785727838094453457e+00,4.442674370755778090e-01,3.644841431280853694e+00,3.214193019223385406e+00,3.000707804522470212e+00
1.205686712259358639e+00,1.240905171425829678e+00,2.070198924914712357e+00,1.619792317708231622e+00,7.388351209347530535e+00
9.587869526737482495e-01,2.493928433715343118e+00,3.963962636843981535e+00,3.297233745922622195e+00,1.003691600589009525e+00
1.683668391969742606e+00,2.154613230080592245e+00,2.823095772463172892e+00,3.422022056266857959e+00,2.003604906511964767e+00
1.268681646108166916e+00,6.453762393001547526e-01,1.523368688905632151e+00,6.552188614162713698e+00,3.670333910001992272e+00
9.716103718942636913e-01,1.146288356821779875e+00,1.739659137415430878e+00,7.219672948446953953e+00,6.972250299375183369e-01
8.593266022456484965e-01,1.396870905008943398e+00,3.091430212314328241e+00,4.014990711009862601e+00,6.089139754349529809e+00
5.295045488216290064e-01,2.217463099528947268e+00,5.349603311699367758e+00,1.237836454635382832e+00,2.622733142724285038e+00
6.968691102977419005e-01,2.215099950270396967e+00,3.569444088944160320e+00,2.026013550481178260e+00,6.616322520323474343e+00
5.354399548684520838e-01,1.839148671538596513e+00,3.169804004114869400e+00,3.483143863422155651e+00,6.218439940449826508e+00
1.578773723789699712e+00,3.531018946598592501e-01,4.868539440216556047e-01,5.432987275093856816e+00,2.608641509911576062e+00
3.399463974323503335e-01,7.007867663489133481e-01,2.741864609872046721e+00,7.016143375004975979e+00,3.810707007934251767e+00
1.610375772324683374e-01,5.252461572875650742e-01,9.895200499627906376e-01,5.840724554022436621e+00,6.907928614918552590e+00
1.910361933375543941e-01,2.255952328638278215e-01,2.815072697610143115e-01,7.814228295091865562e+00,2.737420213311280381e+00
1.101697390921115849e+00,3.022814426764424578e+00,5.026996880305366622e-01,4.954537904570893048e+00,2.004656610064832645e+00
1.848166479539328499e-01,8.638528781492997854e-01,4.983617931449899174e+00,1.344692315542742822e+00,5.515720320288092005e+00
2.952893341267907590e-01,3.301921899681144801e+00,2.819970525533161965e+00,3.627129738776402768e+00,2.002799152224670642e+00
1.172780913180764717e+00,2.429757583050809799e+00,3.017677610041485270e+00,2.919847039747875073e+00,5.653964089870473941e+00
1.405019835517798965e-01,3.142023954485310133e-01,1.056537662172183811e+00,5.806885067140340695e+00,6.992660090364515746e+00
1.631061312858534729e+00,2.181293677218773652e+00,2.219260074154800755e+00,2.237900198421216125e+00,2.901345739346810504e+00
1.533659821208995133e+00,2.975136679104167570e+00,1.340459081178061673e+00,8.019682337085612955e-01,3.393798512266668066e+00
2.640764625911671826e-01,4.006896270933917314e-01,3.178879050860850874e+00,6.876337508975837842e+00,2.669577429030171700e+00
9.830505158774329733e-01,2.677085790241836349e+00,3.739755286697719505e+00,2.888777768388700817e+00,2.893657124211863607e+00
1.386976694666849141e+00,2.013503035093771931e+00,5.611480117118207156e-01,5.546186421873004591e+00,2.280027796292238840e+00
1.718158929086148479e-01,1.344407419066743214e-01,4.031213039429690781e-01,7.747142932336063659e+00,3.148256793926561770e+00
6.012367739814092893e-01,2.226343178463341399e+00,2.300703048784985771e+00,2.295897768214302026e+00,7.475964368214945921e+00
1.213255896681342955e-01,1.509370563163714429e-01,1.537988419506903792e-01,1.282890644016577042e+00,9.996470353067575587e+00
4.890466708267596774e-01,2.823412040970816328e+00,2.931668527283786574e+00,4.351280551836339328e+00,3.450476283121332699e+00
2.203791246924343139e-01,6.115570316994092259e-01,4.433036199279044354e+00,2.055527600880088901e+00,6.444964674931657811e+00
1.191142089517320368e+00,2.597156691361737657e+00,4.372219136552972785e+00,9.124448315830477885e-01,1.013445419127829039e+00
7.761881201497551341e-01,1.557042332612631474e+00,5.200744506357009023e+00,2.955123379016058482e+00,3.033267769885823029e+00
2.319907295783377732e-01,6.850059035483612169e-01,3.049979235337999306e+00,6.732468441868946663e+00,2.689997905621088758e+00
7.661978464459981986e-01,3.706859517946576421e+00,3.362443371544469262e+00,1.521240843465498926e+00,2.029309422066341906e+00
2.934437943216566813e-01,1.296631218652589457e+00,1.165056528084258414e+00,7.500564449990841709e+00,2.269153410443320418e+00
1.578433288565880943e+00,1.583169614457272667e+00,1.218562657630041457e+00,4.693027060189191246e+00,4.364249771277242118e+00
1.049509446555171088e+00,1.122133750068274871e+00,1.683740798076331036e+00,7.111304792183361201e+00,6.148348144070403531e-01
3.054993367675643001e-01,4.571918636877450037e-01,2.666309604534046862e+00,7.132987804824582057e+00,3.616505484110000168e+00
5.370860405157753537e-01,2.711311910546506443e+00,1.297202869716878482e+00,2.144932449589057377e+00,7.266718256291320621e+00
8.010973198198858558e-01,1.172917277758078969e+00,1.852624663299348384e+00,7.467716601277612831e+00,2.254582665697334676e+00
1.030591798840937878e+00,2.237519417234432151e+00,1.047390747941186806e+00,6.206231021255939950e+00,2.043275752702212511e+00
9.616429857233088629e-01,4.301068350674327467e-01,1.544843063944181694e+00,3.375452828362162094e+00,8.695505683647848372e+00
3.646869541188096919e-01,2.194417303633458438e+00,2.881229080342245563e+00,4.998550327496502632e+00,5.048927888162172195e+00
3.472106378384495207e-01,1.285896001403267208e+00,4.981178481567071437e+00,2.329073229125720790e+00,5.042389517303100810e+00
4.101536969514126829e-01,1.371207244013537219e+00,1.404497721023279189e+00,6.173317930632344464e+00,5.664876615892340261e+00
1.188587236697417948e+00,3.621711386656707998e-01,1.597953266214442225e+00,6.009261295311061346e+00,4.637865602448385083e+00
2.021744857174868848e+00,7.004062856969970330e-01,3.699670627357606101e+00,2.651577532190486863e+00,1.139357619867362281e+00
8.602624640855434102e-01,3.692955767928649102e+00,2.404521257894388420e+00,5.780025590225172927e-01,2.567202150786585868e+00
4.972485958999294242e-01,1.164454386272653963e+00,4.855174075561990321e+00,3.650749524301095672e+00,3.544117029650665884e+00
2.927655113636213891e-01,2.346459040904873838e-01,1.943091823846231914e-01,7.987558406875331585e+00,1.752056263748201781e+00
9.895932853739535240e-01,2.171003355731646600e+00,3.572647988461188362e+00,1.710004065214977720e+00,5.912335250646927776e+00
2.630628433926885390e-01,3.771072628832780049e-01,3.176345339022677017e+00,6.848682993537432928e+00,2.862921666402359566e+00
8.532610332815160348e-01,1.539455699126836885e+00,3.988241653522628383e+00,3.704065825043834970e+00,4.786510418175820014e+00
1.612402895549110760e+00,4.400923804985698573e-01,3.870518683073078670e+00,1.565148825602342031e+00,8.348673143481861736e-01
3.023721852680326672e-01,8.822797916719467004e-01,5.455611938364828717e+00,5.311482123102136965e-01,4.934850548696995354e+00
2.023115335220212474e-01,6.082339411077590796e-01,5.755706001729364196e+00,1.075954538752636136e+00,3.097721778075682053e+00
2.070933107003936957e+00,8.874891351913155590e-01,1.436402815198899230e+00,1.376558201747282606e+00,7.517345611572073816e-01
1.253017968758799894e+00,3.183697399547861906e+00,1.738173589143150011e+00,3.269129657619330054e+00,2.452804437281348893e+00
8.758296922141262097e-01,3.283632751747553313e-01,1.355811609385141558e+00,1.257560988363395804e+00,9.161638103222880858e+00
1.427009543119960533e+00,2.912899953092024319e+00,1.403673838991615908e+00,4.245005590892739988e+00,3.045814874686972651e+00
1.038307063248152584e+00,2.792246724862220475e+00,1.442546645407703609e+00,3.817866877755666799e+00,3.398422707378363494e+00
1.290051971337777159e+00,2.091691446253071796e+00,2.482634282627668387e+00,2.652350103173139129e+00,4.613334994172421766e+00
2.359559071091382187e-01,3.927776049413233550e-01,4.496677077263777633e+00,2.719747043758247163e+00,6.461659532163876563e+00
8.414938674355442183e-01,1.538758615557974441e+00,4.477964110431710054e+00,3.193746664232959720e+00,3.735476744314046194e+00
2.155985234513665194e+00,4.378100423291989007e-01,5.626151027766106427e-01,6.507303876244276974e-01,4.534289284798012076e-01
1.350521225533057645e+00,9.485380041931756878e-01,3.805346354130779041e+00,4.185415125221139121e+00,5.219707570195533108e+00
1.477352497319275093e+00,1.787142804963217202e+00,2.282680277273880343e+00,3.208121566000341485e+00,5.900065045159246679e+00
1.660979872545208791e-01,5.255963878536809020e-01,5.974666912118278717e+00,6.361674832886312636e-01,2.182700767883753556e+00
8.592023828228906313e-01,9.215415070409915810e-01,4.157589552552443557e+00,4.315605102118220238e+00,5.212363261947784210e+00
3.091650836199522079e-01,9.237578956547841669e-01,6.007083303024866261e+00,1.276561987567735423e+00,1.896405810687181059e+00
9.164540507813875303e-01,3.210014115854199268e+00,3.721080782161886980e+00,1.330238272672494837e+00,2.237770910304151428e+00
4.376498535331374562e-01,4.418842445932567031e-01,1.096453958239117732e+00,3.006812185184046804e+00,9.401383801694246145e+00
4.823930257058570703e-01,2.402765460677812825e+00,2.582864292899868186e+00,2.894881749090794987e+00,6.134340770119159458e+00
4.159353157150833535e-01,3.402407151380402173e-01,3.337508519820344244e+00,3.778538133614499195e+00,7.484369201523358939e+00
9.284269047301978439e-01,4.090820806116783892e+00,7.182495363489671547e-01,6.005321578767452984e-01,2.690013070546530827e+00
6.857718074446650380e-01,1.224080666005217033e+00,5.583916805121027949e+00,2.868868879505069636e+00,2.004184757112755122e+00
4.157153512692635666e-01,1.771652746995965755e+00,1.432596051183901986e+00,3.072682691465489224e+00,8.405928660222766524e+00
3.849566119130219954e-01,3.807419213274804815e+00,1.436722227362204674e+00,1.696331021567514918e+00,4.272106903326237770e+00
1.326131128601162334e+00,3.078728388618566569e+00,1.604593609327208847e+00,2.481894791587295757e+00,4.272065547996789725e+00
9.276163483725496928e-01,2.547899674467955400e+00,3.399047401728857221e+00,3.253997719685456591e+00,2.775722881051060575e+00
1.759806244381278140e-01,3.504383480785308036e-01,3.562433586358816129e+00,6.560221970440338168e+00,1.796361010842874251e+00
1.004446859349972465e+00,6.204940858832206363e-01,5.322049926921486040e-01,2.011586699279552803e+00,9.236833073656926629e+00
1.193482090609794488e+00,2.702675588075117652e+00,4.112581467452207207e+00,2.409826090648297559e+00,2.843794211092683710e+00
6.226829072717305902e-01,2.583878229911447111e+00,1.212685838362185020e+00,1.940976600608765867e+00,7.541633470478306123e+00
5.770709719179984987e-01,7.130237048972299929e-01,4.121691744349045727e+00,4.806339642589705363e-01,7.159599525832386568e+00
1.904520433305240956e-01,4.468788966602295631e-01,2.438033732361202688e+00,7.288442299768082222e+00,2.417867934563596499e+00
1.860708099600221210e+00,1.411396695244225619e+00,2.826874142762668463e+00,3.304651478410400411e+00,1.906669208763554391e+00
1.688131891157446551e+00,2.742361513836348408e+00,5.459873926939952105e-01,5.151740653461215347e-01,1.463407910727652750e+00
8.145941774047398276e-01,2.270237556684565838e+00,2.780099055795809182e+00,2.337133225843050166e+00,7.190027313617373572e+00
1.394341777185920395e-01,1.823095582932905967e-01,7.476998505432148612e-01,4.832887765204316288e+00,8.157643294536253364e+00
1.088157946116211222e-01,1.664585458141110696e-01,8.829751663081559787e-01,4.540869503884388259e-01,1.001039841027902533e+01
1.824977655723517556e-01,1.906928230154527892e-01,2.632744565701456985e-01,7.409147577564654696e+00,4.180736748635400346e+00
5.993313015458843207e-01,2.595417792432323623e+00,2.521638349742770124e+00,3.505985509453794613e+00,4.761383147371626379e+00
1.142699658116459183e-01,1.934596248008266517e-01,1.147566822563806516e-01,3.159999759926904961e+00,9.351490843619711057e+00
8.164108806450429690e-01,2.342648541899974846e-01,4.913384161139421336e-01,7.834659482198735869e-01,9.487617536392875195e+00
1.158249424864961963e+00,1.406452173987305265e+00,5.644164357355505146e+00,6.535334295973247443e-01,1.500278413115810672e+00
8.191161791798873271e-01,1.665117660635706098e+00,2.839825901038952161e+00,5.300978688936755390e+00,4.302261731067615891e+00
2.525014143062052629e-01,1.470543085618754242e+00,2.103872241791773678e+00,2.260853116145967512e+00,8.764256715003870823e+00
5.811719873199441277e-01,3.105563880312045555e+00,2.590810710355376134e+00,4.907007080959445489e+00,2.966765659451307435e+00
6.854582663006403287e-01,3.428527329677900415e+00,1.965900515938974191e+00,2.278900934606300055e+00,4.502361634352089581e+00
4.767275179711690791e-01,2.780632870443358495e+00,1.797843884243677914e+00,5.030063986486621452e+00,4.909789847611995661e+00
9.914215275059873322e-01,3.762607948549329118e-01,3.251107080401293370e+00,5.803376534630458217e+00,2.165264633798179794e+00
2.135725923713501506e-01,4.828711845913615242e-01,5.589820900089010003e+00,9.893982960683228578e-01,4.422899897523143053e+00
1.130300177626368807e+00,2.194200349410629247e+00,2.650088471894389563e+00,4.317902541398876082e+00,3.564884763695581604e+00
1.439279055588873479e-01,3.864912549224848726e-01,1.013691604584885386e+00,5.753017613056385926e+00,6.985871863843028606e+00
1.173512553944406012e+00,1.305392186228533369e+00,1.415734279816132091e+00,6.844092454296349715e+00,5.505813227985454361e-01
6.625075440947194583e-01,1.880528316941010747e+00,2.452517182057977863e+00,6.620130929528656338e+00,1.624015413257799745e+00
1.192855292682776458e+00,2.139421951535708466e+00,2.711026908319825957e+00,3.456355322084015746e+00,5.567393498889805947e+00
3.368790435561331287e-01,7.794436267489549541e-01,1.793672647193530922e+00,7.233608049687476615e+00,3.701753267264365821e+00
2.604055497792203688e-01,4.287008047195044469e-01,1.100828761390551191e+00,5.949808012268958279e+00,6.788801972529399542e+00
1.329722313398177536e-01,3.801751310751542712e-01,5.137047385566232194e+00,8.560025552417502848e-01,5.473975072454162039e+00
2.466786987016117705e-01,7.617128326721958054e-01,3.250597588196795673e+00,6.627423061262479820e+00,2.142698613104659700e+00
6.680496507797784034e-01,7.478437823321106848e-01,5.628296139775224027e+00,2.188680837111244060e+00,2.240643095623033432e+00
7.933923774817512875e-01,3.718260976405913798e-01,5.563807482394698134e+00,2.360792977921734703e+00,2.198931352239329673e+00
1.129599748650940705e-01,1.194095828321549008e-01,2.408330641101567304e-01,5.295294860719519381e-01,1.009644473120398089e+01
2.904684348192358434e-01,4.295997707328472193e-01,3.954184900349081211e+00,3.293872993466345989e+00,7.232029883567375528e+00
1.724151931537145632e+00,2.093087126356360184e+00,3.269815148504615188e+00,2.513019634839450234e+00,7.046633404439300863e-01
2.246619974927385466e-01,3.761766265137410636e-01,4.197068510475586933e+00,2.298528942041481393e+00,7.161075748046902945e+00
1.491328710167596272e+00,2.201414109259118845e+00,2.173103994622597845e+00,2.949411447074614223e+00,5.508915610047963263e+00
4.071709283219023812e-01,4.133836464309842640e+00,1.233221357956346687e+00,2.192376341067762358e+00,8.225549776461693607e-01
1.452772646022999714e+00,1.143075928627028448e+00,2.279181584969927954e+00,4.832082187520645000e+00,2.273307591884171419e+00
2.279933589183098519e-01,1.721699302693942557e-01,1.226532838385110624e+00,6.976869272426960755e+00,4.907336716444476998e+00
3.587941122093025736e-01,1.921985489938177638e+00,1.344388087288347133e+00,2.628182627611619804e+00,8.546351161688717113e+00
2.205997608144744382e-01,4.238454468345549953e-01,4.695027941739044586e+00,3.358470416409605974e+00,5.549374530480769785e+00
1.689975169509547737e-01,2.698053143041044821e-01,3.762882019724380633e+00,2.111331911178393916e+00,7.652293624163201358e+00
4.815537056650811554e-01,2.502672732779946951e+00,1.346773097342985004e+00,1.981299081424636288e+00,7.415023668964270342e+00
2.394025336337517185e-01,6.090870788272635394e-01,1.260167336205451294e+00,6.438536756829356555e+00,6.134735056843543255e+00
2.546975664992287558e-01,5.527622526593367613e-01,1.603491867235820489e+00,7.099267812652721332e+00,4.621457993628396821e+00
1.555266423288095057e+00,1.609408874989845195e+00,1.979417548341295685e+00,3.601508820686075030e+00,4.097841580777419779e+00
6.638295554429252121e-01,3.298511116686259736e+00,3.008585368999557641e+00,4.674124967462013558e+00,1.442747389850041362e+00
3.306131443615176746e-01,9.273438792121431185e-01,2.162677240495948450e+00,4.650773016213902267e+00,7.221221045937552319e+00
1.799001614074401179e+00,4.726840796805178435e-01,3.550558681418618967e+00,3.071180823590045073e+00,2.816897056025100099e+00
8.226480947104475305e-01,9.025805111404765491e-01,3.366857583073149751e+00,6.992656434058476478e+00,9.907609839177715649e-01
2.221954073005501518e-01,1.185595081736425138e+00,2.983630710671091979e+00,3.312780455973917793e+00,7.512223177547902253e+00
1.000172182586359204e+00,9.150894079395452962e-01,3.026056716976867289e+00,5.078829520710915091e+00,6.398816546434444419e+00
4.371463603106593987e-01,4.215736493978670119e-01,8.398979827669774689e-01,6.925258168530843861e+00,4.880084120700150407e+00
1.601008547209910926e+00,1.156277986295913829e+00,3.556597755147934414e+00,3.724538025543219000e+00,2.761275888298672765e+00
5.386215130003165763e-01,9.276102744364861374e-01,5.150702143083894846e+00,3.981212612293534292e+00,1.379752467292883367e+00
7.995610412397576860e-01,1.801557715051929520e+00,2.351210880596844799e+00,3.459540004956248360e+00,7.302270747709796339e+00
7.113731956618880581e-01,2.691759712522029613e+00,2.026523782333910617e+00,3.283502031169733826e+00,6.778666224071788982e+00
6.389217476454928102e-01,3.011200771114019403e+00,2.809840385171491040e+00,3.248748741296357601e+00,4.769768676482629033e+00
1.423793511860269034e-01,2.821977621804341307e-01,1.490616609502654288e+00,5.547988512836573571e-01,9.824700059250657702e+00
5.536991287622248237e-01,2.123432526951804178e+00,2.115618395311249511e+00,3.444875731007916109e+00,7.350898337022350404e+00
7.078290753471523367e-01,1.273811955971656973e+00,2.392471889547482355e+00,7.035399556563341150e+00,2.720154583662331760e+00
5.845966011495572490e-01,5.149438848494244381e-01,5.891240178951496986e+00,1.067070871902679574e+00,9.078695723874538048e-01
8.008109817749833326e-01,1.241046277431779199e+00,2.410607513365722987e+00,7.375710016759771115e+00,1.147114959135844936e+00
2.324048651715728275e-01,1.690182606434099677e-01,4.115270569489468677e-01,7.991751758199524325e+00,1.874083018174786508e+00
3.008362626305786103e-01,1.359689085873754033e+00,2.412811751739051935e+00,3.569666767681784147e+00,7.924313075492769087e+00
1.230027839453853744e+00,1.196223334251598658e+00,5.199236320739483830e+00,2.338471735627520864e+00,1.119411187239788052e+00
1.512743790460924442e+00,1.662288097241448659e+00,2.230331354644269126e+00,3.891140281477555085e+00,3.876479099180437426e+00
7.628963611326011751e-01,2.255906440312552608e+00,2.689733185786660208e+00,5.665548852969890525e-01,7.722194209295614620e+00
6.963692856012939636e-01,3.619677150266271237e+00,1.904207797231497912e+00,1.932281352914322792e+00,4.123841390253303985e+00
1.804348427443181135e+00,2.100921125304331838e+00,2.766382978183815400e+00,1.208722486791932393e+00,1.471373017565031915e+00
3.323032074864856744e-01,3.467871799428723811e+00,2.421353061115455230e+00,4.744408522884563384e-01,4.533965780955503178e+00
9.334241759381356474e-01,4.359255825390223049e-01,4.301669618953792629e+00,4.905820643377567514e+00,1.375896243590154278e+00
5.171019623547487010e-01,1.949164609578521556e+00,4.867824372837357139e+00,2.762502474604179969e+00,4.418099278815717845e+00
3.369681113449487508e-01,1.973713570743191870e+00,3.995828283018242999e+00,2.773090105023225505e+00,6.097521219352969091e+00
2.030575278497284142e-01,9.244574759460932878e-01,1.623208983325319599e+00,7.057454368811838741e+00,4.275757343435572899e+00
9.317236552708092479e-01,1.576374101720750875e+00,1.735819012467190614e+00,5.822407457078189630e+00,5.817144123688169799e+00
1.288590387650757896e-01,2.873627131368808318e-01,3.200827269298950561e+00,3.924960272578448262e-01,8.669698417688843861e+00
1.432490546334075632e-01,4.528869373961983968e-01,5.071301560312405421e+00,1.408555725979590445e+00,5.452174633052580432e+00
1.755531263333924841e+00,2.606185203612563228e+00,1.034856204371014332e+00,7.386177612334340337e-01,6.398399251525612730e-01
5.318434898573279890e-01,1.576844349591698169e+00,2.683571851425276211e+00,5.159908405604281434e+00,5.565134151969951759e+00
1.022192575176946172e-01,1.055016717326998921e-01,1.831408431981884077e-01,1.998587714877756216e+00,9.815444591166231803e+00
9.461683942862431085e-01,5.046278083962373318e-01,3.073099587201860938e+00,2.133668633969807882e+00,8.673676661406824806e+00
3.932878292397499198e-01,8.682190300665060256e-01,6.105823004258416731e+00,1.811436816388414250e+00,5.620626743012647752e-01
1.334464602790399912e+00,2.948622943550212483e+00,2.211578829259742918e+00,1.193606571060273680e+00,3.021676061357752019e+00
6.862410305077111250e-01,6.960626290948583872e-01,6.115164922537549508e+00,7.096515647632468671e-01,7.015156974722185357e-01
1.908701284928410846e+00,2.407613970988680574e+00,1.040660378281629939e+00,7.626632849395651448e-01,3.389175422047981723e+00
1.744442645152689320e+00,1.763028557829676712e+00,1.869940714279437977e+00,1.561264930503575288e+00,4.561106371885943922e+00
3.413652365509020625e-01,6.829035257273500248e-01,4.568662103263702257e+00,2.341175904098216964e+00,6.131213196291274592e+00
2.917524668213865580e-01,1.030550222682782069e+00,2.451129395432819269e+00,4.817378395678629133e+00,6.799325611346117348e+00
2.192621670619604446e-01,2.077985661078285973e-01,3.494683019387646583e-01,8.080685836837744773e+00,8.428516332550274326e-01
3.258986391170724528e-01,1.484513654774234581e+00,2.493709806570363341e+00,3.554867166815679269e+00,7.740693251624252369e+00
5.776459212686186895e-01,1.724034131435342454e+00,4.820063365341153983e+00,1.527250487802307877e+00,4.372196650684412766e+00
3.894208713852349568e-01,3.964117333631780760e+00,2.068391400212944209e+00,2.331347392222957726e+00,8.201009144537645401e-01
4.068737598671913758e-01,4.801672344752758725e-01,8.168584807611777299e-01,7.429952020580381067e+00,3.616074628639966093e+00
9.745731955668387458e-01,1.575480830174951219e+00,5.097154235503808195e+00,2.779536048770564705e+00,1.936580526492288623e+00
2.327790821586708525e-01,2.146223401707953449e-01,2.502708456109616897e-01,7.686572595453256440e+00,3.290731059830862559e+00
1.490800280168275593e+00,1.691766526774937551e+00,2.306733977345035491e+00,2.796104682688538734e+00,3.946979773871592823e+00
2.412289284393651645e-01,1.798565359085393389e-01,4.118409866497801941e-01,8.055324195269314203e+00,1.259085362367679872e+00
1.365162999360240159e-01,2.209682634456492378e-01,6.738787679856027557e-01,2.356559644447059565e+00,9.694891425794100570e+00
6.562386602372198841e-01,2.308933040979272433e-01,1.651604444993941101e+00,6.915350115161477795e+00,4.187015028340406175e+00
1.412790993856616606e-01,4.301356901629205254e-01,4.494895439495116385e+00,5.521305966022675982e-01,6.895409544920730660e+00
7.204509690818736711e-01,2.727165616967339723e+00,2.157182116374992908e+00,3.109139695954053817e+00,6.510612837295798094e+00
4.885398926594827218e-01,1.804012482925563265e+00,5.224483221073649375e+00,2.789716217895199524e+00,3.107484693003268905e+00
6.360361423296685413e-01,2.081549565044096717e+00,2.825452070250784598e+00,7.396263619596392669e-01,7.425798725447486426e+00
5.656886281114794635e-01,2.359678026165015208e+00,4.442204941418941289e+00,2.817116568193279935e+00,4.492091033944018541e+00
1.712665043597809689e+00,2.094360265741984417e+00,3.054097215103689145e+00,1.250057570616337710e+00,1.507648956726908240e+00
6.185725890819132600e-01,2.901732253698444008e+00,1.824854138151619232e+00,2.830858252818495124e+00,5.382422443941104362e+00
1.927593993762067637e+00,2.597004138315683441e+00,9.289543988780359918e-01,9.963739930196454653e-01,9.391639361307340117e-01
3.999193717792171032e-01,5.644298788998021177e-01,4.652357226111416111e+00,4.059466609453306951e+00,4.154762341065199038e+00
4.482312537137507769e-01,6.100406025485561878e-01,6.264470705373790693e+00,5.675401065988197047e-01,1.086918723050396496e+00
1.097742267004377270e+00,2.386346210391224965e+00,4.699640456850577408e+00,8.330123653266616746e-01,9.504739837147316850e-01
9.939885943082822362e-01,2.109923560048418523e+00,4.872399256937965717e+00,2.286789528252634263e+00,1.629884227355660187e+00
4.623929243619808727e-01,3.306520170425415017e+00,4.464581816703234729e+00,7.109153499160083545e-01,7.816128594028928234e-01
3.304559494072129011e-01,1.258085087798483048e+00,5.741256601632073853e+00,1.158420383141518961e+00,2.274444493451390326e+00
1.613470232529490289e+00,2.357115052791410648e+00,3.295442352676440034e+00,1.726106877310708221e+00,2.010650641088857604e+00
1.762150726341759732e+00,7.904438455358506754e-01,2.769069228904549540e+00,3.877167703340560934e+00,3.973943319238055327e+00
2.903875134886432785e-01,3.840516956020585404e-01,2.073552078715157343e+00,6.706496538860260870e+00,5.202561735939405629e+00
1.840432237491577139e+00,1.925449725168247195e+00,2.487165179063938414e+00,9.240739512641957809e-01,9.822121986720397935e-01
8.914153859721564155e-01,2.367555595306628513e-01,1.164389120743882122e+00,1.364790823839307166e+00,9.289596886494198458e+00
2.144223880067048227e-01,3.526269366659511295e-01,4.320035593500811899e+00,1.869542239802889583e+00,7.111664313656270053e+00
1.023638731150018355e+00,1.108938986099998303e+00,2.797312694925651932e+00,1.037315986790988465e+00,8.151905434090910063e+00
1.896891128575616703e+00,1.636406355829721493e+00,1.592482980360381939e+00,7.341251352306473743e-01,8.741691788346162006e-01
5.061863954811790522e-01,1.411919615261882921e+00,9.708572942217690294e-01,6.722721624616093905e+00,4.319273672930833641e+00
2.040464687533582455e-01,2.567058717872993112e-01,3.312460821162255820e-01,8.063938686595115257e+00,9.819905569275088064e-01
1.157500023770822839e+00,1.131369434540133279e+00,5.200970391928956715e+00,9.014395084940172165e-01,4.922231961443169768e-01
3.747096988754674562e-01,1.366656935649941396e+00,2.012394976661000534e+00,7.428912590737723143e+00,1.953284344694814934e+00
4.307355949770912407e-01,3.178133697562030235e+00,3.465506859720536514e+00,1.877009566088818859e+00,4.790593351692508328e+00
8.690980217088022375e-01,7.753257002363156403e-01,9.525730526270133058e-01,3.467523101262480978e+00,9.074850713623630938e+00
1.210305809593651860e+00,1.963647618878531231e+00,3.288606673998470953e+00,2.229066292755948808e+00,4.887132543259977702e+00
1.997276327365180293e-01,1.664445802736541635e-01,3.050333836012655286e-01,7.912387326560350154e+00,2.333132098777129571e+00
1.027264628298467208e+00,9.945832996722077102e-01,4.692076514027902157e+00,1.754837525292467060e+00,6.019413367664018466e+00
1.107356689183319531e+00,1.092900742459309793e+00,4.487099041723935144e+00,3.512284176788524448e+00,4.972448548032358140e+00
8.455569767430594075e-01,3.161630106895436221e+00,2.373050381103563922e+00,4.290828412632930799e+00,3.526163714876560107e+00
3.191166183507591070e-01,1.717853356755584926e+00,7.435452045832715573e-01,4.741565440093932438e+00,7.557530555738199318e+00
1.997988656847118072e-01,2.816683456650779793e-01,6.567241087018909074e-01,7.780203784837111058e+00,2.982908931553275522e+00
4.591167687033530509e-01,6.055601071515797074e-01,6.187529962923751015e+00,1.203091389879860307e+00,1.488275264379805618e+00
7.558330941803390601e-01,1.951296497521706197e+00,2.433476716769818804e+00,2.606620570264289505e+00,8.174156786240674322e+00
2.304625679182769893e-01,3.836198859096656699e-01,2.999121301611315182e+00,2.770127124391463802e+00,8.467156700352942877e+00
1.974452453651229789e-01,4.555133445023660244e-01,2.776764678676214571e-01,2.173529884613248697e+00,9.751649657990300923e+00
3.880931967370433444e-01,2.212671547162617713e+00,1.588411088261497017e+00,4.812437958642192370e+00,6.156743465270758442e+00
1.112445880103053009e+00,8.458656606979286785e-01,1.138020922379141986e+00,6.744269212724930185e+00,1.590790889735159697e+00
9.886554311955118024e-01,1.468066150010683746e+00,1.486109209195068059e+00,5.836107835677781353e+00,6.166954373537823386e+00
1.661889514774368415e+00,9.207461118730095873e-01,1.259413447983243950e+00,4.239481771113966069e+00,3.693034863529974565e+00
1.867802496558384762e-01,4.592758031876559288e-01,4.054132111777337677e+00,1.239817601915196965e+00,7.548783629816075091e+00
9.317183709656545743e-01,4.859018246578662437e-01,2.100847491339901119e+00,2.389537285365197494e+00,8.400952740511247185e+00
1.280870520825178938e+00,3.209633960659826979e+00,1.877231973863905612e+00,2.182954148055795685e+00,2.120119886981747914e+00
4.115485609399235911e-01,8.090281347686476554e-01,1.360732302886100253e+00,7.523298121223734647e+00,2.246430883988479899e+00
1.038616786850623253e-01,1.062596033051273897e-01,1.423441754898923384e-01,1.087853674510279367e+00,1.002733463305668593e+01
1.336099253735890668e-01,3.613555277802735777e-01,3.965451802807340442e+00,2.152587319729672988e+00,7.320396220150976241e+00
1.321594495013488912e-01,3.168213783281050300e-01,3.669002304554937588e+00,2.006047917090776789e+00,7.797507868744354198e+00
2.880936593258669465e-01,2.182434546189794489e+00,2.253296540635790546e+00,6.284979803156366174e+00,2.204282991688737869e+00
8.519739717818157754e-01,6.664851490845918880e-01,3.746820718963498553e+00,5.168443825883819898e+00,3.854887554836827768e+00
1.939817571408598285e-01,2.256915896415698231e-01,3.024319869897856838e-01,7.918954713867139006e+00,2.331996486175214045e+00
4.842824019369922350e-01,1.088518244232561605e+00,2.011374623801744921e+00,7.403962456082969545e+00,9.974861924673225078e-01
1.958641872869726352e+00,1.437182651464520955e+00,1.410980698036635728e+00,1.028973853280625850e+00,3.260546059815372377e+00
3.078756965889783981e-01,2.637984586240043949e+00,3.092951498312633163e+00,2.467380378643018179e+00,6.065297239879309465e+00
1.068300283674958190e-01,1.464101106649514650e-01,6.753774577634656939e-01,2.768817067770513729e-01,1.005103150482226226e+01
1.579866349747688803e+00,1.015708135098038589e+00,1.020363954826248643e+00,5.451660546911887728e+00,8.619532332869146440e-01
1.581756371637438985e+00,1.282541058520966226e+00,3.154132849048135068e+00,2.836941982279733487e+00,2.272289575229403447e+00
2.428882988313692259e-01,3.771445426128627876e-01,3.610483054858183660e+00,5.190555870896344182e+00,5.712244105842191999e+00
3.301026090591044904e-01,9.031804331852323342e-01,4.382821188823841752e+00,5.197785169321496035e+00,3.837447306175578277e+00
2.528750275647840828e-01,4.287186724494252421e-01,5.775265253783235408e+00,1.393034596003517755e+00,3.399184524162063514e+00
5.865736398266205853e-01,1.058819664849641962e+00,1.962399440705689946e+00,7.336219146059914209e+00,2.209905912054113131e+00
4.393802332045390058e-01,1.322888926887716643e+00,2.657261660908914802e+00,4.556700128364512992e+00,6.767431109575887227e+00
1.408578311229491842e+00,5.146782948911526878e-01,4.166586587735809921e+00,2.290887674421145270e+00,3.209460864481562314e+00
5.704086653642064242e-01,1.989036063702333268e-01,5.606946129936725143e+00,1.010643230498242673e+00,3.729362442404196010e+00
8.743451123762566723e-01,1.247466899740460322e+00,1.506549911086625393e+00,6.652683110336306882e+00,3.982552485509580187e+00
2.030997136877142228e+00,7.370757299986990807e-01,3.493057721043935082e+00,2.709501212565796902e+00,1.024446845466561840e+00
4.045492054715920105e-01,6.313288890719889190e-01,7.026391082155101220e-01,7.852195174269269273e+00,2.187151673550773445e+00
1.034727500947479756e-01,1.638849805635690104e-01,3.427342428649924333e-01,6.061984202528647003e+00,6.750333915526902651e+00
1.383053448376604377e-01,1.465012276734077579e-01,1.717511732557344684e-01,2.229312809567824072e+00,9.757666513758735505e+00
8.183550363548877105e-01,1.994513601118772961e+00,4.991477479475554091e+00,2.890629929166948830e+00,1.115449927267796459e+00
1.408411764554307943e+00,2.220044009353582481e+00,2.196602730814922744e+00,3.542097402717348409e+00,5.657361019072216557e+00
1.409585367120598010e+00,2.078395930426170324e+00,2.515189153340825268e+00,3.152933728799840463e+00,5.012150631091166098e+00
5.891333742083896263e-01,1.855408967406064313e+00,5.739905203986540805e+00,6.945758446848606660e-01,8.681529963323511012e-01
1.393790387619021631e+00,3.391807860761425264e+00,5.427239904731007147e-01,2.430402927588210638e+00,2.949412673521141670e+00
2.757401506600788421e-01,5.915496614116593221e-01,1.364887693756900777e+00,6.668051028374627265e+00,5.678645329950128051e+00
2.075506351500116864e+00,7.780292095867569202e-01,1.461830563757234414e+00,1.066223151845415940e+00,1.519850947487000115e+00
9.095826678630728468e-01,2.307317433790585959e+00,3.902443331187511077e+00,3.262323674436462095e+00,3.309920175143643561e+00
2.077488498070375611e-01,4.905289980709430786e-01,5.858960573543829042e+00,1.521032486322346777e+00,2.839184060544583055e+00
1.370393218829118798e+00,3.109574733971780525e+00,1.744706453195539630e+00,7.939383347635994292e-01,4.257432162291586053e+00
1.137021620955511736e+00,8.639082014424123157e-01,3.551400416924821890e+00,5.203253653187626782e+00,1.404384713853054745e+00
1.004319545344184578e-01,1.122180228079967673e-01,4.132184997874269183e-01,4.158276873186173006e+00,8.699721311090348408e+00
4.103910775545799305e-01,1.236676732685893176e+00,3.394586046678884195e+00,3.653043206305575552e+00,6.760923165202435747e+00
3.665355469213509298e-01,1.487415430064330968e+00,3.726490519941871860e+00,3.888905450036579392e+00,6.665074285383339792e+00
4.260336095018348312e-01,9.554226048077909539e-01,2.020139201597438205e+00,7.355589503332256029e+00,2.454573808653149225e+00
9.424894416472586745e-01,3.010624431035846094e+00,2.502179546403869637e+00,3.016600824874719589e+00,3.395202745222184681e+00
1.505272212474390248e+00,2.137985335096252104e+00,2.058509484713870741e+00,4.998770800734481767e+00,1.728103328845030262e+00
1.747299472719506253e-01,2.673794721333055402e-01,5.077116454937393719e-01,7.172636157420374525e-01,1.005043301970311909e+01
1.599420885103981727e+00,1.971216866898618969e+00,2.124441667783438348e+00,1.928988995682718643e+00,4.829647552333059757e+00
1.011791672732097025e+00,9.874473809607213770e-01,3.835058029527425028e+00,1.043453685940460618e+00,6.550927503365876703e+00
2.736039670153010972e-01,3.387592685172182261e+00,2.233553237903462385e+00,3.043768995881791728e+00,3.577939986214181634e+00
1.085544970819612431e-01,1.163762610850853918e-01,3.145286277089539007e-01,4.804809439999468523e+00,8.194580892910941827e+00
1.817429604753871830e+00,1.729094432690439165e+00,2.240010844361882469e+00,2.678634302202608897e+00,2.724958775966293434e+00
1.133108613842567669e+00,2.780873870436720630e+00,3.639676637665792303e+00,1.625724157301822848e+00,3.749027550740193782e+00
1.711835344592901986e+00,2.743517800066467949e+00,2.507451612098132721e+00,9.655062494011179552e-01,6.740521057376993586e-01
1.468210114254451526e-01,1.488536827744052493e-01,5.722873032714205221e-01,8.082752302672687961e+00,8.626348052987579118e-01
1.192080855338248258e+00,5.996482848070605609e-01,4.490387227811861059e+00,1.615230760825758560e+00,3.872819907669666328e+00
7.741752146615683561e-01,2.097087915859979557e+00,5.289493740760227602e+00,2.258502767334377381e+00,1.287278319250081404e+00
2.295453521960266752e-01,7.674211740865869436e-01,1.324498489646220190e+00,6.894815820096573233e+00,5.110614815110920972e+00
4.933902461711414666e-01,5.142075595663152532e-01,5.551509350089239625e+00,2.136036416998710052e+00,3.428349198785292540e+00
4.532003154983415549e-01,2.080263472565309080e+00,2.836442216213444500e-01,7.099810602908744883e+00,5.819013852569816514e-01
3.543840516989966716e-01,7.464520683494570985e-01,5.349894931756421279e+00,6.601181105549158712e-01,4.663765786799857871e+00
4.642625423787661298e-01,2.475435034151301839e+00,1.022384382094529975e+00,3.850102659778496861e+00,7.429668833208176615e+00
6.896749475191781276e-01,1.021061461634379608e+00,5.207957677113022044e+00,2.428342795931373477e+00,3.938377981240134940e+00
2.057506517431107351e+00,1.105014146898127603e+00,8.638746351333153051e-01,8.127224078916776007e-01,1.863828115455995915e+00
2.571641342575284317e-01,2.565656148130842418e+00,3.354604364110469028e+00,2.668214405405851419e+00,5.150231421547595723e+00
1.010668171020806749e+00,4.896903258248059276e-01,4.111583331633080540e+00,5.232609893884494490e+00,5.511121899804846125e-01
1.028077564369385577e+00,5.311018041456362360e-01,4.656111139783695840e+00,3.886600964479315579e+00,4.395453477622721650e+00
5.953525857354295958e-01,1.793617581628247803e+00,4.522668295847327435e+00,2.756325659097022207e+00,4.366284526898736473e+00
4.732600789796866936e-01,4.143866256444071472e-01,9.365001810937640947e-01,6.983378904098061390e+00,4.644070075999909619e+00
1.769276903343927732e+00,1.697763518398901272e+00,1.788462685982081579e+00,1.327432564934842629e+00,4.436302064184864946e+00
8.793405114308685544e-01,3.151637648541343761e+00,3.011544680337856938e+00,3.019341176968050267e+00,8.756091259453788744e-01
1.145586077522994795e-01,2.053882833978212252e-01,2.617745100756510457e+00,5.519872965492308436e-01,9.171769412230851515e+00
8.196121266271552130e-01,1.112753293694513479e+00,4.014149736902100085e-01,6.953045376505722963e+00,4.951919794614654258e+00
1.802407280224906483e+00,1.809286958239122445e+00,9.501925758031961600e-01,2.328268657896690907e+00,5.561501700751937172e+00
1.207317477251622195e+00,5.417620907812289444e-01,2.290620183290601020e+00,4.507140685979607930e+00,7.043061215791658114e+00
5.025542300038770005e-01,4.175230975871995209e-01,1.027566256995555261e+00,7.078965337756537579e+00,4.525999440948015540e+00
6.445279964264463146e-01,5.270608046087885690e-01,4.412167069792402252e+00,5.730476239168991626e+00,2.888181992455403080e+00
1.482343745211709196e+00,1.756673301417956079e+00,2.967468065176890768e+00,3.569056628882831816e+00,3.243745740495976193e+00
4.682334865620302877e-01,3.197790896864879162e+00,3.965454410849173161e+00,1.741381932291889312e+00,3.931700712104747364e+00
3.998235924935639729e-01,8.564015810888382374e-01,1.886311107879066640e+00,7.437452191316803685e+00,3.142978580655420018e+00
1.038638208326278178e+00,9.006341258618313361e-01,5.052467077577084353e+00,3.444448329299359290e+00,2.864226577396885798e+00
1.179390164112062156e-01,1.696870573278297378e-01,4.563737568468233530e-01,6.043818557614170750e+00,6.755990441183115536e+00
3.204728370902655277e-01,8.263362489211826256e-01,5.948247573601295635e+00,5.573390066766540363e-01,1.437967451689823983e+00
1.943977703825263692e-01,9.502967287179929778e-01,5.154758609316030693e+00,8.564227844982660320e-01,4.976356015602799943e+00
3.511962319927903198e-01,2.870750451138678550e+00,2.414035739863718444e+00,3.833797842868602590e+00,5.213303028672280348e+00
1.435156225639689920e-01,3.865070058557064647e-01,1.235954800215653515e+00,3.992485866001970418e+00,8.640894686801960489e+00
1.063278745197369979e+00,4.698873281077642350e-01,3.813749477730595139e+00,5.622798380508164939e+00,6.702387148589870058e-01
4.964407402530238711e-01,3.142259667111892085e+00,2.257403050073638617e+00,3.822680215829341144e+00,4.015705435487260999e+00
5.574054039176816744e-01,2.631616610945622381e-01,4.751442854688541217e+00,4.073826570720842533e+00,3.761999461296400060e+00
1.154706296864976278e-01,3.019097386229000479e-01,1.572403302768117461e+00,7.788121640915329102e+00,1.305781270321084708e+00
3.740057020955027678e-01,4.714779842866303472e-01,5.262636231358102101e+00,4.279942569066010449e+00,1.942956338699024288e+00
1.128093962280836582e+00,3.645884737479817783e+00,2.106638104578806292e+00,2.211242979315624968e+00,6.039490321891002322e-01
5.706526674258892706e-01,2.446749195934304622e-01,5.340157825384230783e+00,3.541552327910238329e+00,1.463526353525992807e+00
2.027115375308950473e-01,1.677103620088893798e+00,3.295806619062663145e+00,3.316023085982020557e+00,6.605587607730144306e+00
1.080591187723898006e-01,2.100677507013148926e-01,1.204455328738109898e-01,6.440025850841950561e-01,1.007134056851359283e+01
1.360745793057136721e+00,2.201737906997711214e+00,4.225397122323061971e+00,5.003914393249206949e-01,5.465081532575800649e-01
8.132003536008381994e-01,1.804785032762967534e+00,2.841771935060607213e+00,4.098106926573208852e+00,5.139766588023224614e+00
2.987203567688000994e-01,1.420243915692505354e-01,5.918869951989785827e-01,7.712264246786432409e+00,3.021827753437062114e+00
1.224398413228754007e-01,3.708411550059963480e-01,3.693897089657651733e+00,8.430216295263145421e-01,8.064420253481603851e+00
3.354778787481619839e-01,9.116173842485990608e-01,4.408916978243673235e+00,5.226906777624867217e+00,3.716810913054313659e+00
4.741364941091984475e-01,1.429669917343460162e+00,3.335661988524208255e+00,1.956178769316792909e+00,7.826305504632709464e+00
4.605957603817885104e-01,2.221967306421583910e+00,2.714257653768838097e+00,4.373408286687330282e+00,5.184683289106876813e+00
6.524254381546755743e-01,3.961702901746792183e+00,1.566309826929630500e+00,1.209493699139555289e+00,7.367375251918746315e-01
2.129175026283752215e-01,6.330175496135506119e-01,5.414739426903836694e+00,2.333815553772240037e+00,3.594311936543312047e+00
5.606038990893175145e-01,2.789032444160680413e+00,1.477909803017553481e+00,4.752734932784539623e+00,5.504569479387056319e+00
1.952489871721769799e+00,6.162473824916820941e-01,3.197414819383151974e-01,2.010897331392572873e+00,3.647156611531839676e+00
4.146729666729092045e-01,3.313152330090253228e-01,2.258005414643449615e+00,7.600672140701857593e+00,1.514537228411164005e+00
1.867611074619356382e+00,1.118677474451071685e+00,1.863097076892223702e+00,3.154513701403087289e+00,5.077445346701687789e-01
1.736555867131490238e+00,2.126784276606623170e+00,2.463939467920185145e+00,1.948755471764958891e+00,1.412663047742554578e+00
7.978876993152742569e-01,1.997464725253364159e+00,4.600263117187573414e+00,3.039757996263153572e+00,8.648533223281840154e-01
7.308268041077637944e-01,2.250787537890577283e-01,5.596880640186776112e+00,2.498804739306845768e+00,1.184859136378377809e+00
6.626414920100922590e-01,8.234190289846791133e-01,4.789372857320475241e+00,4.292255939653460750e+00,2.996089126147667425e+00
2.479081484132490965e-01,3.787819310746025625e-01,3.996957389440145114e+00,4.888786369405819343e+00,5.278477121443859055e+00
3.490039973152426755e-01,1.086592061640421436e+00,5.046871958844244332e+00,4.288263090789943277e+00,2.708183110144733785e+00
3.042413092042424716e-01,7.057294476702988817e-01,5.976314620760089014e+00,2.070409676357621631e+00,7.366722187730041504e-01
1.074907371419139501e+00,1.831337687805852266e+00,3.029465768568643913e+00,9.246793304471568886e-01,7.950805022412864353e+00
3.725592038947301843e-01,2.946821609966785882e+00,8.993578517456940480e-01,6.035499610228922229e+00,2.263667171452619087e+00
2.280557135133179092e-01,3.017858691899673040e-01,1.193428871258956470e+00,2.964381484800015620e+00,9.396108820393896721e+00
4.720149506817958862e-01,2.979601442673444622e-01,2.011188368426141793e+00,4.941954554038350267e+00,7.641063569174843195e+00
9.517726155984420622e-01,7.362490065356178670e-01,4.525344718244554976e+00,3.891036590614609825e+00,2.878427250538674098e+00
5.166566532501826181e-01,2.980004573245945920e+00,3.311518224645433328e+00,8.423933091703272869e-01,6.526256034847279786e+00
1.229437908390516032e+00,4.880217114726004279e-01,5.216314967534252389e+00,1.779227242946046506e+00,1.956655764503386408e+00
1.624310390968404461e+00,3.853661494930711862e-01,4.803895787427454600e-01,5.508746684255830806e-01,6.970031734882473629e+00
3.491085999322048883e-01,1.457149581372719105e+00,1.765294172557199559e+00,6.278849655790932793e+00,4.943986085719179968e+00
1.269395133317383628e-01,4.483507604997052365e-01,3.953322225984106986e+00,1.158970558484489599e+00,7.649845168476525181e+00
1.892484887038891617e-01,4.962107175621748856e-01,4.117604848472168122e+00,1.634858724045364031e+00,7.284742378512938821e+00
1.332112057777058711e-01,2.102452245552754451e-01,1.297355596140332135e-01,5.277790505505555174e-01,1.009665810792581553e+01
4.604072277759677645e-01,4.444439715281769399e-01,5.468681628338225575e-01,7.812875452343758020e+00,2.199034152028270572e+00
5.853510109226192082e-01,2.115506002653767759e+00,2.797899179242462786e+00,2.789975616140342396e+00,7.291144661736414179e+00
1.781005944462666357e-01,7.049223473655641392e-01,3.952391672995222205e+00,5.133825789868998513e+00,4.564168592534310953e+00
2.846175969292201180e-01,9.492847487008977403e-01,6.131866769314712862e+00,1.221031052288299890e+00,5.863883271714158685e-01
1.228212413461264862e+00,1.740642639898792865e+00,3.042003644644495353e+00,4.314803553997679231e+00,2.408072056231930436e+00
1.539112944215098866e-01,6.011001140967018319e-01,2.818396562064836797e+00,7.109537216066770249e+00,1.175217380603122752e+00
5.252494900080014739e-01,3.114137377375690630e+00,1.151964881031727561e+00,5.562424131105919933e+00,2.931781043449596780e+00
1.084907485620322382e-01,1.242531669535953676e-01,3.933290936443722963e-01,7.689934572382159939e-01,1.006091608747699517e+01
2.465216412976036497e-01,5.825052953124726374e-01,3.486123661731347134e+00,1.866826749038376754e+00,8.094006358662060308e+00
3.537493239984592086e-01,1.349830644518331457e+00,3.635957271031466487e+00,3.559525530826909812e+00,7.091897183163922591e+00
1.851746809440966368e+00,6.437340071462029911e-01,5.622790141203104497e-01,3.977339494672014641e+00,2.402107951840187106e+00
2.183258030374900738e+00,7.071913100965079302e-01,5.408716741754981960e-01,1.379063421677207302e+00,1.996474256289836324e+00
1.725083642244364501e+00,1.403210018833199513e+00,3.363272204193789250e+00,1.922111619938510874e+00,4.916548060040772938e+00
1.672643655776262506e+00,7.337666866940556476e-01,1.029385415140039228e+00,3.809812658193055590e+00,4.559575730005170691e+00
3.461850108504058721e-01,1.012753030003155974e+00,1.704105594572996374e+00,2.775822176303539557e+00,9.239175720534621661e+00
2.069879365712013475e-01,1.548013493089563375e-01,3.002484311121359495e-01,7.808975290265275149e+00,2.867289956624107461e+00
2.473394920607669689e-01,6.047215145081888954e-01,5.546015558911569165e+00,1.383543600544757890e+00,4.236381443799085211e+00
1.522407072157456742e+00,3.593288539413486582e+00,6.508003847477625836e-01,8.505789586355927412e-01,1.669631259491653363e+00
4.294674196601144245e-01,2.428643388639550871e+00,1.713363846896532205e+00,6.195311583662165944e+00,4.337407108670437772e+00
1.113142340659586393e+00,1.615328913648045761e+00,4.666358971800230293e+00,1.669746633160754223e+00,2.827273304740959059e+00
1.865782637021027313e-01,3.315021642720163975e-01,2.972580758150293878e+00,6.764272894669080216e+00,3.215653439336765729e+00
1.288840227370451563e+00,1.556658882822184786e+00,2.860483287017575815e+00,3.764643596706618300e+00,4.050499778132001794e+00
7.823506583444468365e-01,3.395579584699589537e-01,5.785734628880715213e+00,2.238677547055313521e+00,6.880443506896904982e-01
3.752975243092036006e-01,1.458167254879748409e+00,2.320186298180003881e+00,1.294071119816971205e+00,9.291653086409562334e+00
1.893763481729788145e+00,8.058677981576970462e-01,6.779672533495021414e-01,3.093734336776010618e+00,4.170571636728309883e+00
3.189790636140469871e-01,1.480964052648195750e+00,3.002584564254105803e+00,4.892979123988685508e+00,6.130895450693754078e+00
5.144537585636805854e-01,9.834726670226808798e-01,3.373798042470555814e+00,3.910643357942893417e+00,7.312278212990809934e+00
1.061546258757207539e+00,2.835953270060713294e+00,7.616771244916354933e-01,4.493979613420529873e+00,2.040520756040088202e+00
5.386452328647599597e-01,1.146245145709025248e+00,7.420591062640964353e-01,7.064451175559400831e+00,4.718152241285062942e+00
1.722559602480434160e+00,1.814830931790474944e+00,2.721217096077014119e+00,2.445803118714552138e+00,3.561720379599615516e+00
1.302311467873525919e-01,1.353829024600394504e-01,2.894203489408115892e-01,2.574404418061039035e+00,9.647735152554982818e+00
7.297227291036609831e-01,2.147168223728062486e+00,1.981146118046866134e+00,2.363120475808856202e+00,7.544965372033483497e+00
4.222219514484352176e-01,2.860382333809616373e+00,9.917123868856766444e-01,5.074577277591057367e+00,5.337062002709818564e+00
1.717287743172799253e-01,3.407258938786730806e-01,2.053576198474786452e+00,6.167374405378889257e+00,5.813282319299232448e+00
5.267925387372385249e-01,1.064094813603942757e+00,2.101882984640400576e+00,5.207176962677642962e+00,6.713353549959113487e+00
2.555567969946129225e-01,1.479280410968571435e-01,4.699096610964192955e-01,8.031216318412733202e+00,1.473609440863962394e+00
7.633765349325751792e-01,2.216619586350728976e+00,4.555878698595087428e+00,2.753482878156486624e+00,5.274554562308414463e-01
9.687026341174356792e-02,9.762156528719645454e-02,1.178957289601038905e-01,5.995637015347963228e-01,1.007695817868427568e+01
9.892481417597590032e-02,1.137010402687596844e-01,1.009616927721466301e-01,6.697440337469425797e-01,1.007213588269828008e+01
7.197442445398396504e-01,3.181249025197554481e+00,2.570046690033748416e+00,2.824510438640734922e+00,3.752377113634003614e+00
6.158349241592295797e-01,2.883683823280520198e+00,3.282889271621333815e+00,4.648229862619218111e-01,4.451911802800378126e+00
4.378446133345111901e-01,2.966261527293173828e+00,4.273087101294695600e+00,7.545877739810336049e-01,3.695374462521405778e+00
1.879508598215415605e+00,6.433326170281458145e-01,7.813256265997166050e-01,5.894546834382830447e+00,8.696630672535905493e-01
1.485911175284627683e-01,1.822671979562021372e-01,1.235286410287073755e+00,8.458010526120532946e-01,9.929895713283910297e+00
4.784287146200369989e-01,9.407210873468905277e-01,1.412669401798353430e+00,6.230891534346237215e+00,6.018467730698685791e+00
2.217398434818789177e-01,1.651435271172007890e-01,3.600794212486246315e-01,7.533693223830495889e+00,3.983955741991076049e+00
8.986857709568225605e-01,2.468648819251208160e+00,2.662576027260557421e+00,4.081590309224668367e+00,5.107037392117675267e+00
1.809922075862931967e+00,1.468309250349785433e+00,1.630076169094923255e+00,2.560371781337724251e+00,2.997291605697254280e+00
8.806469356939679027e-01,1.599677256579568052e+00,5.448643501508118270e+00,9.246528660555519696e-01,1.478139572892404496e+00
3.160875953460331456e-01,2.472581615924052567e+00,3.735098067902282271e+00,3.998618825726357517e+00,2.672848684269730768e+00
7.345854427009103071e-01,5.547175406791121643e-01,4.016717979337220079e+00,6.269497527794120728e+00,1.459455535468315857e+00
1.073211388906589736e+00,3.452213063601310417e+00,4.620912888506482075e-01,1.194920013264206826e+00,3.615383056343003609e+00
8.166865229163253748e-01,2.420879391913506762e+00,1.683819598058048594e+00,4.234509499296479795e+00,4.934801993479887905e+00
1.786065435520652056e-01,6.608049360326712085e-01,2.341020912685259248e+00,3.738691159269230013e+00,8.083685937900469298e+00
1.830803083494162653e+00,7.085869297326417016e-01,1.380468880960666889e+00,3.791567862772187603e+00,4.959294598321455361e-01
5.872591720543273164e-01,2.541277155244947572e+00,4.110726647745255313e+00,1.566927204386699302e+00,4.147455554602275996e+00
8.820690589808739546e-01,1.030863867183069216e+00,1.650830303914967656e+00,5.481583382535986537e+00,6.913487699966419875e+00
3.437855860645682160e-01,2.055494055709742085e+00,1.847812438112188538e+00,6.151523415451282339e+00,4.795184363642048808e+00
1.197010594254470928e-01,3.235499866353597209e-01,1.515317562899299586e-01,6.966794026287563835e-01,1.005633514308318510e+01
1.308217072346453957e-01,2.006574738525955803e-01,1.651868433651972667e+00,3.623043773309846394e+00,8.749742226788395527e+00
8.523030040230680227e-01,1.940922098929765305e+00,2.291271368505825023e+00,8.298310645083413206e-01,8.818468365000105891e+00
3.386030393796123361e-01,7.428586366828240362e-01,3.747736192539722566e+00,2.445748539217763806e+00,7.406456340706590424e+00
8.308929702324550082e-01,1.901712260375671981e+00,2.366536024887341050e+00,7.434172704796697673e-01,8.589951247197223694e+00
1.216183234559524484e+00,7.556326801852790709e-01,4.510543949946932862e+00,3.702313945938182194e+00,3.685061487080053322e+00
1.070894636634610819e+00,1.102750925159631246e+00,4.538439935146787008e+00,5.134514745107663813e+00,8.787840523163539252e-01
1.399601048237174017e-01,6.040356205101291565e-01,1.669197705014777267e+00,3.451690125813678289e+00,8.764364225430432143e+00
1.073868088119673381e+00,1.494766666293215085e+00,8.072490280174431376e-01,5.554244699284308417e+00,6.757479573058573941e+00
1.022820506093981147e-01,1.229746767417266712e-01,1.080823998675047026e-01,8.229764477455422389e-01,1.005710417934984058e+01
3.796585772786615354e-01,1.708432775468767373e+00,8.805132497039850348e-01,3.527270330301529366e+00,8.628166374731229382e+00
3.973227195586888083e-01,4.692532935891369772e-01,5.770527239297496003e+00,1.075617153063770814e+00,3.524504122719571697e+00
1.081177288533885283e+00,1.802151354031862773e+00,3.259625698500158375e+00,9.722818510854227547e-01,7.743624582467385942e+00
1.388574409520252351e+00,8.503677734197002680e-01,2.170798462484309965e+00,4.406694609048723343e+00,5.372062774728619594e+00
5.379704436268500922e-01,9.727209692363343319e-01,4.556209935998182914e+00,5.750606008620949616e+00,1.441918407143885084e+00
4.380409365737337191e-01,1.320232834119561049e+00,1.532554630952518426e+00,7.339897340167771844e+00,1.958095123701432794e+00
6.950742919292237643e-01,2.776599651490077036e+00,9.643365317219980692e-01,4.745558867254115576e+00,5.666469821872958335e+00
1.314907256874862929e-01,2.974197369366239907e-01,3.693423189722650601e+00,8.946292419530998963e-01,8.059274455497149603e+00
1.974565132454390692e+00,1.150833070609884823e+00,3.537760498149304045e+00,1.367781429358982725e+00,6.687612179752244757e-01
3.672176301625151296e-01,4.224356698855046943e+00,8.529544364739427564e-01,6.925261985874848758e-01,9.119824996276542084e-01
1.160853872632418154e-01,3.256000039519943989e-01,1.389002270418360774e-01,1.816165217733387016e-01,1.008849165712735640e+01
1.329200443415469390e+00,2.352087727795880046e+00,4.257792495379936426e+00,1.738325473395385234e+00,9.725995159968762183e-01
4.450320271584963794e-01,6.048018660252424405e-01,6.252653550847246500e+00,6.203583898018600884e-01,1.126200809385551560e+00
1.486433154254921174e+00,2.161287833735283215e+00,3.075193356700138381e+00,3.056619406167187414e+00,4.424285646917264891e+00
5.349244161852262369e-01,1.466661132483371821e+00,3.712198046298578191e+00,1.925722423819987705e+00,6.832693098995709313e+00
6.304271685321313212e-01,2.606294321170794515e+00,2.184638093889157417e+00,4.477708227047091150e+00,5.371466947341519749e+00
1.813320553252687484e-01,3.993642673435204293e-01,7.581992100209130614e-01,5.651751774680590756e+00,7.267476549456523216e+00
1.655161939549441907e+00,1.131174684992054758e+00,1.645988279180473857e+00,3.756356908295202857e+00,4.002710776583226604e+00
4.611090961301280156e-01,1.860989524752228785e+00,1.081598436538902419e+00,2.964669013168246714e+00,8.769262360748239615e+00
1.487189745260613760e+00,1.317554368774066731e+00,2.859651446692117016e+00,4.429789689905869743e+00,4.123175934504839546e+00
1.601911816342709016e-01,9.392718982937731109e-01,2.578876380259217616e+00,5.132017574467886867e+00,6.459524969823172036e+00
5.214374667790488971e-01,3.105413036558265727e+00,3.018729098087406193e+00,7.490148123182123197e-01,5.751577421975250459e+00
1.377160940288378210e+00,6.308428868960743729e-01,4.851953817890935383e+00,7.720199517024515234e-01,1.158275040518613519e+00
1.188117693791838736e+00,9.368246387258808427e-01,2.549207473727033157e+00,4.317601416231639178e+00,5.068598665624939770e+00
1.728693142057379506e-01,8.082136196235870651e-01,9.296955451532189496e-01,2.951186514834745478e-01,9.935244228606997297e+00
1.991513034660814807e-01,1.934978447507267885e-01,1.436996744859831088e+00,4.959849642274711812e+00,7.851016647746992483e+00
3.437942612468254389e-01,1.003563281654257899e+00,5.793566160265647191e+00,1.966656735948695722e+00,1.935731994456056260e+00
7.103153599735011481e-01,6.177157797744033951e-01,5.725630761139570701e+00,2.624981065051956719e+00,2.954638008331526233e+00
1.133295443022932947e+00,3.529690460855532397e-01,4.629813132856685165e+00,3.289603333608449365e+00,4.206645116889981217e+00
1.875039332391915003e+00,2.919215071108753889e+00,6.707845183252132415e-01,5.673531598714103286e-01,9.723402581671749534e-01
1.672197037764378891e+00,1.980985095233118054e+00,1.785060232579516848e+00,2.623565356456778463e+00,5.275539924279590842e+00
1.837776539381076990e+00,2.895388365740457104e+00,1.486482218770821984e+00,5.717221858777715715e-01,1.194476894820313051e+00
8.932354676658196269e-01,2.541087145572028305e+00,1.612669855482176118e+00,2.388390797123824072e+00,6.817337319671808338e+00
1.345190430029883366e+00,4.718799215630268273e-01,2.359758997566825389e+00,4.482493641692984809e+00,5.667966531319330592e+00
2.356371758236902036e-01,5.521041601215468386e-01,5.861370267921485855e+00,9.007076547242562903e-01,3.238216539386068238e+00
3.935962894018348313e-01,5.169747083539644184e-01,4.220725519089211453e+00,4.284947005383830998e+00,6.281136195436078040e+00
1.251065181198201870e+00,4.244315729469530507e-01,2.144514547845898456e+00,1.575545710572400004e+00,8.593715494898413354e+00
2.764431447911314121e-01,3.995421699223980494e-01,4.640422954866615157e+00,3.219471241732841271e+00,5.750758752569056220e+00
2.616341294645338489e-01,2.743113287678722312e+00,3.533565441001299767e+00,4.881765808993587807e-01,4.932738754304526907e+00
1.066392635929513499e+00,9.540345392457326712e-01,5.017182193003475454e+00,3.521834594335534696e+00,2.956849995641714912e+00
5.832786980664654841e-01,7.849999696361333879e-01,2.723509564863254795e+00,7.278483120838586728e+00,2.609203066716619723e+00
7.067566782966304695e-01,3.332798995453202018e+00,1.224700232305032666e+00,3.891044913426615182e+00,1.103687229926382907e+00
2.905377236965523968e-01,1.457036935005519229e+00,3.555513571503572834e+00,1.700581396181687133e+00,7.725155482913042881e+00
1.798434639548559089e+00,1.521699476138231644e+00,1.065191693148620722e+00,3.732765871232545773e+00,4.307168372419191371e+00
3.592890648139269727e-01,2.163447936964137064e+00,9.557107604877230767e-01,4.886324844809176504e+00,6.615186426890950599e+00
7.719202636235911186e-01,1.318853069115983212e+00,5.244425163748432261e+00,1.974601241050217837e+00,3.311128520446978030e+00
3.815659019821572850e-01,2.989190389848763285e+00,3.692987417042659981e+00,1.462404699035414479e+00,4.918598865149080623e+00
1.878529468074342512e+00,2.817113763558426243e+00,5.153833930914062389e-01,5.461835040431342048e-01,1.242838102847119375e+00
1.782068011758427106e+00,7.784227896542084135e-01,6.714405065346014112e-01,8.490343424143051987e-01,6.630160971633494604e+00
7.901370142096584281e-01,2.517078485502511676e+00,2.445859503782789712e+00,2.977762349055466995e+00,5.854979452898826153e+00
1.017865209426372264e+00,3.655571400636364876e-01,6.390031528037110053e-01,6.899113806615013722e+00,3.419326744004571594e+00
1.173929140980136898e+00,3.156242822744704135e+00,2.608959211602221995e+00,2.173882041273152321e+00,3.947463073830963509e+00
3.859768843299331564e-01,7.194405714818588038e-01,2.076007582675946761e+00,2.084464102967441335e+00,9.364776739063467303e+00
5.237299422948357153e-01,4.471692690713784391e-01,5.245814393386665664e+00,2.926279544629578844e+00,4.793084555316132089e+00
4.203623781545638982e-01,4.356353943163077114e-01,4.634791328397201760e+00,4.678976080439651852e-01,6.985551261401020895e+00
1.243892933340644325e+00,2.159159660899334643e+00,6.409960476097145143e-01,5.874522426664531949e+00,2.001410560277182338e+00
2.749824216037322078e-01,6.263411449772380291e-01,4.328210454673162566e+00,3.933629004898349102e+00,5.570929013556937370e+00
4.627173076348636283e-01,7.359205415826008956e-01,5.648295044119183039e+00,1.352174225202356306e+00,3.022885993480818101e+00
3.347289187558666335e-01,2.980101268557189265e+00,3.284990142461914786e+00,3.747004306598193946e+00,3.334603893251133933e+00
4.612982785921697637e-01,1.804453954291478590e+00,4.077287829923028184e+00,3.299701365860349789e+00,6.064891388525420979e+00
1.585671625672723684e+00,3.026481995635888378e+00,9.638770558870131122e-01,1.725836278314505146e+00,7.691120258678458832e-01
1.466418197382070243e+00,3.674879991502075338e+00,1.175944008758367243e+00,6.478956067919938722e-01,1.059933256593939666e+00
1.654319864631002002e+00,1.825182807438109123e+00,8.386363593210344192e-01,5.852884449750917817e+00,1.714182567730935469e+00
5.773689202687568578e-01,1.221156975445895521e+00,4.253421827368558006e+00,3.811678296895984364e+00,4.561723843607687456e+00
1.407520425008379761e-01,1.254019125071198781e-01,3.960868805327668052e-01,7.378031182535735866e+00,4.293169464110241584e+00
5.462866462731634787e-01,1.294970565230112891e+00,5.801388363049687413e+00,1.434230464684036255e+00,1.003899392726707473e+00
2.765471510340963279e-01,1.383717782501935556e+00,3.374389415720573382e+00,3.308376709072009980e+00,7.174289578402720302e+00
1.742328034819720373e-01,6.445754460525049412e-01,1.693694900990740271e+00,4.551136910583726269e+00,7.901329414115842553e+00
1.060979660707796340e-01,1.794540816728261712e-01,5.901333695771280308e-01,2.081946158687038029e-01,1.006612617384562824e+01
5.060154706492061560e-01,7.768243580901250667e-01,2.261615161314491029e+00,7.359772059425917057e+00,3.273162470991394901e+00
1.033338495903239895e+00,7.647806565574193360e-01,4.047003630675832575e+00,4.976267191955843217e+00,1.170593457622066680e+00
6.641779090091457505e-01,1.825076997054071892e+00,3.698591373825333761e+00,2.713756155613706422e+00,5.635740242244220433e+00
1.823636787171916129e-01,4.048409303476236953e-01,1.872100964154522207e-01,4.848726834969467880e+00,8.208815535742953529e+00
6.349763201374312160e-01,1.884577761114311967e+00,2.172548944988012209e+00,6.888009172821824677e+00,7.945379139347166220e-01
1.240380225588415541e+00,2.363998693148871677e+00,2.344633502968203498e+00,3.109775590420040370e+00,4.475979671079181266e+00
1.052926388781306954e+00,1.730814913618779149e+00,3.704185430476652829e+00,4.769859074088231843e-01,5.387694700873540299e+00
6.858608433288805317e-01,2.166679835152984790e+00,1.100014766150710033e+00,2.603628356212595030e+00,7.980648671607043276e+00
2.063839330736688127e-01,2.724909661436870856e+00,6.244396123693551903e-01,6.163732551991762953e+00,9.370775191062613585e-01
1.073088056851895011e+00,8.260527346768882229e-01,2.728328548027550760e+00,3.389616125959135751e+00,7.637542544171183501e+00
1.049509091507624614e+00,3.156549379123234633e+00,3.020401657922986427e+00,7.615761049861162757e-01,4.343546471183538316e+00
9.758011592851884020e-02,9.864234307677570424e-02,1.249499197374987630e-01,6.966796990592147854e-01,1.006918682492262285e+01
9.708825038906011562e-01,3.730407107042608139e+00,3.048040244374977892e+00,1.391334239318027244e+00,8.252149432384779937e-01
4.276614615709249390e-01,5.935127310212494622e-01,6.270281629671627499e+00,5.963185829461798981e-01,7.798730890370735302e-01
4.508104957584740946e-01,6.197832159115481687e-01,6.263517807777220447e+00,5.286429898804032579e-01,1.052956669454206073e+00
7.274279634356408675e-01,3.664245661984061986e+00,1.681455902712051476e+00,1.781184214648412922e+00,2.414571307063087424e+00
1.177716150840112608e+00,4.550605155924061229e-01,1.824678345002113122e+00,6.300444360202753558e+00,3.054693771282663839e+00
1.253926669204078193e-01,1.805327176959277136e-01,9.699099635553226628e-01,5.852405053719045291e+00,6.946189633784600304e+00
1.381121977101194886e+00,1.581571646117018393e+00,8.344316705357347486e-01,6.110122901948138896e+00,2.878482773234146475e+00
3.925174894197541731e-01,6.567048038051529479e-01,1.695331663645467835e+00,7.022504312928722570e+00,4.783964388054839922e+00
1.861839220573215048e+00,1.502117537463705688e+00,3.243356221970637776e+00,1.192236624210852414e+00,1.272597861002571218e+00
1.233610162909854147e+00,3.307829990337884052e+00,9.318396185578996516e-01,7.520275779558499574e-01,3.915089546520642116e+00
9.819728419488923943e-02,1.024121742623424064e-01,2.008775171133971305e-01,2.137770783210190650e+00,9.765113123655742911e+00
1.755273393829748452e+00,1.747659325599661528e+00,1.376952917695624778e+00,3.540333192209461632e+00,4.073007444411073763e+00
6.019474622067662040e-01,7.906632504349395685e-01,2.804232103098816431e+00,7.266385055119004122e+00,2.478890888992280050e+00
3.173274101515810575e-01,2.939503261298784809e-01,3.672860752625552561e+00,6.453780362812949534e+00,1.023802260515531470e+00
2.524407361603748234e-01,8.379291432479669677e-01,5.586636471831387674e+00,6.553831460928999375e-01,4.133188497967368313e+00
1.430576566914587566e-01,1.477213718559594879e-01,5.486934936123720741e-01,8.093920504056457688e+00,7.344152149190819046e-01
1.779220268512970438e-01,1.676617849308425778e-01,4.717166881298600067e-01,4.640919718451477216e+00,8.422486432694697100e+00
1.011323189286774116e-01,1.083091107386840168e-01,2.862790936982763101e-01,4.164583192051125593e+00,8.707359993366535988e+00
5.296055598941242781e-01,2.168664597507573788e+00,2.211572476697645229e+00,2.909949785367160757e+00,7.123482569329786074e+00
6.657707123741481992e-01,2.913936435468433395e+00,4.093752651815472099e+00,1.695336738980687707e+00,6.554635077282282563e-01
1.921930523674529878e-01,4.222764477520899451e-01,8.438258570734553654e-01,5.327552264630860179e+00,7.588680742530054424e+00
1.624637764571915388e-01,6.357371302997364415e-01,3.539856835172924043e+00,5.250015474050046649e+00,5.131154859029456894e+00
1.359608357966747283e+00,5.313724911854627031e-01,2.129352234739567251e+00,4.399833192313209906e+00,5.619177158897953994e+00
1.112724225976946313e+00,3.065455617309181258e-01,6.647777426793936018e-01,6.072953578593816459e+00,5.093828059818025444e+00
1.462195185922785301e+00,1.587159882723758075e+00,4.725842880643464916e+00,1.089824619093515690e+00,9.767562259316070472e-01
1.195758950739728821e+00,5.144095733514379987e-01,2.877288430752206860e+00,4.418475873331713544e+00,5.559746476335785559e+00
3.426885652282891659e-01,2.571120961918845982e+00,2.591598069028355766e+00,2.699084799175903715e+00,6.859131855226217489e+00
1.077673170326607588e+00,2.630630491208502786e+00,3.167548353964804608e+00,1.844570040303783021e+00,5.671968918579550767e+00
3.104786918163596754e-01,3.308333431418116088e+00,4.026284269822036244e+00,7.160243160462120837e-01,6.736110205560377207e-01
9.401296760275450470e-01,2.816730562963323248e+00,2.228451004222478549e+00,3.923199707360645494e+00,4.875666952891428707e+00
8.684488677443975568e-01,3.766040327689420764e+00,1.336805127396490711e+00,1.635845746761743769e+00,1.834395701926899935e+00
3.799436466064060602e-01,3.597285227240266003e+00,1.268095234100998780e+00,3.917223525657437033e+00,3.190586717214176193e+00
7.015809257921038489e-01,3.719886693040870718e+00,2.786824056500177171e+00,1.007811590759926323e+00,2.461473703916627898e+00
2.890545067270290924e-01,4.123674528376735537e+00,6.484980453571618231e-01,1.174280983702315373e+00,1.013608843843786689e+00
3.273104813516390377e-01,7.714628695193384011e-01,6.181490479674737415e+00,1.609574605086430577e+00,6.088383494249413053e-01
1.567482373182672140e+00,1.864766610132060798e+00,1.424915534538649720e+00,3.369616045736399279e+00,4.763753391745349397e+00
1.272229073849833192e-01,1.582356821031736249e-01,7.812098992919919160e-01,5.514523313216179723e+00,7.418703171990988388e+00
3.669355253786896198e-01,4.055551787855818269e+00,1.740860519393479633e+00,1.794227099952471427e+00,9.042677485671306581e-01
1.051824399390512560e-01,1.268544037967537230e-01,5.418395069879641257e-01,1.460127009387237884e-01,1.007610762929431836e+01
1.319449412933722643e+00,6.355996122209891519e-01,2.147478392382013546e+00,4.380135175968288053e+00,5.973492959236180511e+00
2.476717101064483673e-01,3.996571910758504043e-01,2.166411641316978276e+00,6.140166548114195599e+00,6.025637963674351560e+00
7.270182054778637770e-01,2.807995014646636811e+00,2.519254606939945518e+00,1.122686448102825585e+00,6.135158747294441994e+00
1.012304889868795410e+00,1.924081184424882629e+00,4.319990547110793777e+00,2.167521433731709024e+00,2.930249425160115884e+00
6.732285284232344402e-01,1.626773336757572963e+00,3.845306788801475140e+00,2.249636118357986714e+00,6.113679137848050615e+00
1.632751611163091532e+00,1.323315364941191064e+00,2.425677582735315418e+00,4.530172221471461924e+00,2.013625884670677824e+00
3.676852424808091380e-01,4.460141062875565554e-01,4.813750157145333830e+00,6.681693763948584053e-01,6.387770990743455890e+00
4.270573936524388881e-01,3.097705257783462951e+00,7.095167480773953983e-01,6.056344933850196455e+00,1.669013404447484916e+00
4.783481274139354533e-01,1.961832417071149415e+00,2.956173013476244726e+00,2.021078715998753772e+00,7.992056622326655813e+00
3.026320362181673662e-01,1.202693467604213362e+00,2.875051609081077153e+00,3.898092881229625384e+00,7.531161339522917331e+00
3.702443581555973084e-01,3.652720235890214884e+00,1.939792000502116753e+00,1.917605000297667228e+00,4.401612549320425671e+00
1.038669464384630814e+00,3.541910438396061789e+00,8.023650788735798844e-01,1.898385319082638967e+00,2.687332478753984510e+00
1.259561881407306461e-01,2.919317702662626579e-01,3.353486096050504184e+00,6.214064450771169534e-01,8.495677959928482181e+00
3.537962916615085551e-01,1.897158049442016159e+00,3.450365194837928140e+00,3.244167127363624559e+00,6.346239831186899494e+00
1.333654634414435769e+00,5.924272725612754753e-01,9.442860643536933329e-01,6.821675325288864222e+00,5.487565830081932994e-01
1.914247219648248788e-01,1.092964066590236927e+00,4.833198868205058396e+00,4.021043583192822624e+00,2.997849326957405136e+00
1.609757023951201793e+00,2.863260485035354463e+00,5.863110057059713887e-01,2.452035271085586832e+00,1.925088599813904233e+00
1.036928284665098898e+00,5.985973929643206848e-01,4.099503044374558591e+00,5.160663137377998311e+00,9.554404497031566690e-01
2.882139589371878197e-01,4.357390763927011523e-01,5.519723430294301458e+00,2.189353027058055012e+00,3.970766003213289874e+00
2.496823051382992542e-01,3.365105528472513985e-01,1.713085965948021760e+00,5.667734746146677161e+00,7.171648194543085886e+00
1.389846851063424593e-01,1.571780062020565749e-01,7.274935854786034328e-01,5.359512538965882200e+00,7.644194055175574931e+00
2.034915605049606446e-01,1.676932968271191315e+00,1.760034436481685338e+00,7.221090602095511457e+00,1.032376216790356294e+00
1.354975578942247960e+00,3.719539438573685519e+00,7.985038089742187983e-01,1.514382267736448684e+00,1.320334226569883862e+00
2.898701712197859215e-01,1.668760926235716369e+00,1.505786830658574882e+00,7.354950644536034865e+00,1.357855241533584056e+00
2.241142365194230546e-01,4.704139182245636874e-01,5.583322546102675865e+00,2.796015840917918105e+00,2.514151120588018262e+00
4.020309143588980394e-01,1.778681810737737790e+00,3.202387255321421655e+00,2.240514593031702972e+00,7.793831369969953293e+00
2.781244797398934043e-01,1.623374903295411897e+00,3.476934871922442216e+00,5.363043936044068261e+00,4.481979666132917650e+00
2.919990514118629976e-01,2.289755745390960939e+00,5.365163075422430872e+00,8.078204333118450542e-01,5.565427909020942421e-01
1.585292456568437647e+00,5.881212094257138867e-01,1.869682837160526745e+00,3.446401447672998941e+00,6.737003870790173821e+00
3.745257380521347379e-01,9.606556261193506252e-01,3.261396217380216900e+00,4.284249780981951083e+00,7.071586120199236269e+00
2.382615566110328487e-01,6.748375013534426703e-01,2.168897448592870703e+00,4.277816251772644129e+00,8.136898994412405273e+00
1.442990165539282388e-01,8.094785238604376154e-01,1.363270289509191380e-01,3.415528598833451390e+00,9.028486028760760007e+00
1.523874033411592332e+00,8.618134291166126282e-01,2.589456918014050313e+00,4.860521079342899675e+00,9.153637351761966245e-01
9.253796041509263492e-01,2.339927141321003212e+00,2.976173415371624387e+00,1.963909541285974392e+00,6.677475376182246514e+00
1.038509767754600244e+00,6.839746057139857172e-01,2.923574156868270713e+00,4.455663318437793841e+00,7.022559696479881985e+00
9.315900098388850692e-01,2.986570536926163477e+00,3.437325943916536453e+00,1.187991084881850012e+00,1.570931490320686352e+00
2.087023903928759694e-01,1.684831270757324084e+00,5.074376198252155135e+00,3.393707492875474685e+00,1.749625314547985200e+00
4.612932089195304619e-01,2.964069022471593762e+00,3.020745754864369914e+00,1.279923950747463124e+00,6.537428308334355620e+00
1.088327867030147028e-01,1.557989382361259223e-01,9.649304084405206927e-01,3.641280967373889399e-01,9.998735849560512534e+00
1.659013889108907458e+00,2.089382181631748381e+00,2.987875480851359455e+00,1.101238437976005402e+00,2.691303782560946711e+00
3.905816032975316654e-01,2.041581042006555435e+00,3.559209179783934474e+00,4.740195096363194693e+00,4.436368545121617046e+00
1.854569948394751311e+00,7.239198546909844101e-01,2.204423706415906459e+00,2.697190333314511523e+00,4.724002538422110042e+00
1.056296554269168242e+00,3.337999073731403143e+00,2.356976484022445195e+00,2.784807924424112624e+00,9.149268529691132468e-01
1.641800061715120274e+00,1.791430110626915484e+00,2.063621863093392683e+00,2.245000648349562145e+00,4.224883263183548010e+00
1.716567583856494494e-01,8.828189602958904647e-01,3.518535712066892085e+00,6.352882033724243094e+00,2.414240059981144437e+00
2.048696519789556802e+00,3.432020721561297449e-01,7.632503645372331613e-01,1.065521953759239970e+00,3.085305875369602546e+00
1.025507456234593384e+00,3.079517668577075540e+00,2.535785102615137898e+00,2.465337100513811830e+00,2.344140862799572567e+00
1.312990748086808046e-01,2.375479088731367594e-01,1.375120619857740367e+00,6.122139009792173958e+00,6.359680961842943070e+00
3.058708964232027538e-01,1.067011402431102374e+00,1.393929059724099195e+00,7.807472209404338059e+00,1.176591688646117184e+00
2.182699313381659401e-01,3.359696530900285083e+00,9.694913603502526289e-01,3.249804088464831597e+00,4.336815818222323315e+00
4.346221172720846626e-01,1.046511858296408137e+00,1.713782488436983664e+00,7.354395164129403639e+00,3.302548638105973655e+00
5.906001517800902878e-01,3.471486547694026203e+00,3.757077828757459770e+00,7.880243850555822549e-01,6.123422419454312982e-01
5.918666088463206965e-01,2.257171159575296571e+00,4.420767000321697893e+00,3.075149547398380978e+00,3.856132982684249644e+00
3.053653644473903750e-01,1.777732183444978631e+00,1.254829155672954055e+00,5.041430117661427346e+00,7.064125507907673018e+00
1.422110471435046097e+00,1.662915145080349877e+00,2.146282604077499823e+00,4.211357964537763010e+00,5.342560767968083546e+00
2.796376328153046265e-01,7.714018870247746351e-01,2.496364248488323945e+00,7.218573511540178345e+00,2.912697860150077478e+00
6.488449064554682177e-01,2.938813532717531984e+00,2.870527513529100627e+00,3.748625125569024608e+00,3.829778625659197910e+00
1.071478793529963142e-01,1.124517208523486272e-01,2.332599633433746211e-01,2.994013778786321023e+00,9.430718036420287831e+00
3.124462013638659719e-01,1.172819043138200401e+00,2.012210523401867235e+00,5.431249095942632721e+00,6.410639888802258213e+00
5.914297788487178353e-01,2.789800531241945492e-01,4.680907150336781619e+00,4.896161560972509541e+00,1.932306583477625184e+00
2.030777803756859790e+00,4.206592638458162003e-01,1.256326868730834656e+00,2.532983275546611956e+00,2.607490830608209187e+00
7.866225965912978513e-01,2.456926194329595248e+00,2.573503469223003659e+00,4.612786117885988801e+00,4.988271209545145801e+00
4.865519202143956945e-01,2.222464061480276420e+00,5.389594699267671096e+00,2.123693130757964287e+00,6.331794062941087375e-01
2.840836525228295217e-01,3.765188810782740703e+00,2.203650231288795780e+00,1.616564024251672782e+00,2.530237317571058409e+00
9.026682020546612506e-01,1.294766959917331706e+00,5.701406962514415255e+00,6.558163823099372181e-01,2.130860480022287007e+00
7.978567206843227844e-01,2.742353863501192368e+00,2.294799850101155947e+00,2.010808736365174543e+00,6.091184488262186392e+00
2.090485419420430091e+00,7.355273185944264380e-01,7.664181684792372717e-01,2.033288523860982799e+00,1.324883488187301728e+00
1.528075485366629405e+00,7.415602974268690195e-01,5.193830526214932020e-01,5.010253167046139211e+00,4.334661761421134685e+00
2.306616520141265281e-01,6.924948242462632964e-01,6.089146635809258967e+00,9.402394462474565895e-01,9.539527281826450933e-01
1.282190219428047451e+00,1.334542916075837526e+00,4.460583670236336395e+00,1.806900037048785324e+00,1.965939085865760383e+00
1.518052099039194081e-01,1.904637819767089346e-01,9.954564575985808128e-01,4.724945721482950667e+00,8.231703394410518015e+00
6.228597244727661630e-01,3.320797875920437736e+00,2.331093217503117376e+00,2.853108185682666331e+00,3.998803335683718707e+00
1.994613285995777696e-01,3.769082189057356702e-01,4.565511578609012133e+00,1.889355664961105186e+00,6.496228772939655727e+00
5.759118006244354770e-01,1.599683686467524124e+00,5.069815104252707094e+00,1.702944098829888286e+00,4.810148910383458265e+00
1.183583142804540245e+00,5.657864002838283168e-01,2.890943996479532707e+00,4.519769496559809419e+00,5.643484165744391490e+00
1.232524198226510492e+00,3.160192506787288025e+00,2.146906656701732530e+00,1.852475288537221987e+00,1.621182342075616623e+00
1.769361477492124246e+00,1.994171513417829278e+00,2.562556718694193769e+00,5.244860249548689568e-01,3.836350177013144069e+00
2.809635645973193041e-01,5.093095980875314011e-01,9.669354922298925015e-01,6.546889798611804423e+00,5.965878880783284544e+00
2.805766817143398595e-01,3.709966320904581338e-01,4.829183892237437270e+00,4.248113675120612776e+00,3.981894489269028892e+00
4.238098893399844247e-01,5.859528495539214621e-01,6.076525306352403177e+00,5.893914873761459949e-01,2.896733457617179042e+00
1.194004809299709091e+00,3.272409746551735443e-01,2.590702454152367995e+00,3.869122489860890468e+00,6.271535516520979847e+00
1.768934622255394995e+00,1.040158594373818968e+00,4.958977249717401170e-01,4.033653028981720290e+00,5.105525171473566992e+00
8.783525508129461645e-01,1.849241787023284012e+00,4.344649797013778070e+00,2.774031112013042755e+00,3.871638745629323974e+00
1.775787310434131294e+00,1.864822933088287060e+00,1.313580886989193397e+00,2.817648826953337071e+00,3.260634070269864182e+00
1.550266735125989115e+00,3.131652890716032811e+00,1.296598737937779244e+00,7.288541445903606864e-01,9.366262795355704274e-01
2.541200378295792595e-01,3.709813066132495729e-01,2.390143987890529953e+00,7.186749071764258368e+00,3.676129013832196701e+00
4.681834051582902667e-01,2.159413718771852508e+00,3.285450534586789040e+00,3.960885089196945152e+00,5.139949409351428855e+00
1.637883606757137012e-01,2.014410568205169394e-01,1.446730221805021088e+00,6.765650876757987042e+00,5.325270308873654379e+00
1.995927627350976008e-01,4.169408838707910903e-01,3.194018874439754629e+00,3.955229344432956040e+00,7.276229767215628641e+00
9.876555779943380076e-01,3.551034764429700230e-01,4.727746908101859269e+00,3.657973102689952238e+00,3.570303352371129169e+00
7.819318320038287640e-01,7.710843661562265527e-01,3.505799823580145524e+00,5.780596489906446145e+00,2.311494636655269552e+00
2.878658489635199103e-01,5.432047808116113874e-01,3.253351599039630226e+00,3.389569151802819924e+00,8.007134236218025336e+00
1.572694171373779204e+00,7.502567194498521719e-01,1.764585690651397254e+00,6.022663663634779674e+00,2.237669945270562621e+00
9.903756140624993265e-02,1.138692271594584915e-01,4.845870188184835392e-01,1.669029237955484968e-01,1.007544820922685957e+01
1.519642612493046219e-01,2.459184887523087060e-01,3.158356098945839463e+00,2.744636928135155252e+00,8.128994506164914924e+00
9.141901371129977916e-01,8.607022888819207962e-01,1.027359681741768949e+00,7.537789498744542627e+00,2.374780395393438770e+00
1.412524076822759600e+00,6.049995033435002778e-01,8.528024773379596635e-01,6.258461510973516440e+00,2.696849745275231580e+00
2.518093895234440049e-01,1.267892307798176965e+00,5.423843826803968149e+00,1.227927426437165348e+00,3.629913663791322520e+00
2.467496866783289722e-01,3.577276961833126823e+00,1.052100297861948919e+00,2.888243946654915906e+00,3.681598662599339100e+00
3.190481420685040148e-01,8.378601592718963875e-01,4.436618708921359122e+00,3.522731941729282390e+00,5.925153777181666470e+00
5.367946909686747148e-01,1.340577908419273712e+00,9.410815434918337052e-01,6.758237945328032126e+00,4.861719633999753043e+00
1.059409865331792933e+00,3.301477871306568446e+00,1.673368376967342863e+00,8.069723940215152158e-01,2.776158748783446040e+00
2.462262517821248997e-01,3.264409102172551314e-01,2.911594587051053118e+00,2.305317670087880355e+00,8.761211870101387689e+00
1.362786923533563455e+00,3.300746530750632290e-01,2.876969900477396536e+00,4.600443655725046099e+00,4.282476841684609070e+00
1.268436014939691825e+00,2.788956636541856771e+00,2.598376190725892876e+00,2.049149910161034871e+00,3.696603706019856439e+00
4.714975561175270835e-01,1.835687145323181779e+00,1.927123505781122681e+00,6.673175317372865401e+00,2.570036049032542458e+00
9.464144904747637810e-01,2.976588475758307428e+00,3.502424202308244361e+00,8.822354083505009603e-01,3.101712358539837400e+00
1.156751497917847038e+00,1.389635563967710485e+00,3.290036305375165782e+00,3.468528112148639764e+00,5.941713532629051109e+00
1.297107197793909705e+00,1.405364514934839715e+00,3.493401790382732131e+00,4.090622098151999175e+00,3.877089406272923089e+00
9.117620505153126720e-01,3.006980045461459916e+00,3.404988008565045465e+00,2.022807135073342977e+00,4.350634287122500332e+00
5.227436578705030312e-01,3.680360547818158690e+00,1.760804347362601607e+00,1.688778661326580055e+00,2.513601042856369094e+00
1.992222936162889035e-01,1.847891932772579127e+00,3.688260032277166367e+00,1.441268792750517891e+00,6.751656830273202736e+00
7.088450178850953520e-01,5.463170809837902819e-01,5.484576948721284317e+00,2.684641753247192675e+00,3.876369466680766429e+00
3.527041444065805997e-01,9.606833745070125774e-01,3.698063890205484316e+00,5.358221261881608299e+00,4.431480204540331869e+00
1.942700219338304723e-01,3.227219906686763506e-01,3.237636439801165888e-01,7.985100996624053593e+00,2.185550367458152898e+00
1.721654855173835597e-01,5.232917300990038711e-01,1.400613052933469493e+00,5.661093257180348282e+00,6.901407164130888283e+00
3.102715734770877254e-01,3.522072997984307730e+00,1.250354163748767844e+00,3.252970652861728595e+00,4.038448650207977941e+00
2.090630581089331363e-01,2.525006668433522061e-01,1.496808662633467124e+00,7.491684247393404661e+00,3.596315270554498511e+00
7.407633677105853742e-01,3.101998494678399165e+00,3.696911302222288587e+00,2.596330341098092021e+00,2.939890642567866141e+00
1.322237723875672621e+00,5.214187245574062324e-01,3.046021967052708224e+00,5.359576896057013151e+00,3.572487985009936029e+00
3.354060058599994676e-01,5.889918425164453186e-01,4.204986026351333450e+00,7.278138810308137918e-01,7.805209094547963744e+00
1.017700829852723615e-01,1.221642034075372529e-01,5.180703305037578366e-01,1.303231154761244071e-01,1.007681233690877320e+01
1.061551364115321805e+00,2.816929979347698065e+00,3.490648952531828719e+00,1.928911088928474404e+00,4.970304546376934418e+00
2.070226505733723243e-01,1.502130268942302171e+00,2.162675858112361293e+00,5.636517417963278653e+00,5.667053439818768190e+00
1.103283193230797377e+00,2.678105251917955343e+00,9.724076309686020547e-01,5.517722846805506620e+00,2.785813761495909979e+00
1.035817007681580249e+00,5.017936551054957839e-01,5.508922942147025381e+00,2.022643557488118304e+00,3.279922476664421271e+00
9.951556819991825842e-01,9.032975872190354139e-01,3.692999745653951393e+00,4.640648425576353375e+00,5.272792579009927039e+00
1.130917301209763526e+00,2.188147319566191573e+00,3.566716419401298577e+00,4.116708097265726174e+00,7.208759919095266699e-01
1.227513051549354639e+00,7.801476960285020912e-01,2.712914293870385407e+00,5.331280529547282043e+00,4.645844509814930134e+00
1.210812458037592854e-01,1.776785379364942130e-01,9.796582439781568175e-01,5.876274761825086124e+00,6.898950904018337660e+00
1.565490732068051671e-01,6.789477165263967384e-01,2.544626528911184127e-01,6.192318039096393889e+00,6.508049638174810525e+00
1.382355672584591577e+00,3.340757029051715676e+00,1.517408071867765607e+00,7.257675161735586133e-01,4.976858587462132943e-01
5.744139477939627092e-01,2.987058899417770252e+00,3.161376901333046607e+00,4.190650282983843233e+00,2.956708814353236736e+00
1.637407375418573396e+00,2.582793937671091555e+00,1.507056460318433988e+00,2.775734700098114072e+00,2.393776196702055437e+00
5.444304831546840084e-01,1.116336463577712212e+00,2.289931460981112998e+00,6.508408132626504639e+00,5.091942468259176735e+00
7.432596095468499975e-01,7.061748832894736427e-01,3.836403272219680805e+00,6.312382229637385933e+00,2.148674708897361452e+00
6.181117497597825583e-01,1.393600897057025723e+00,1.050096588443580004e+00,6.849757179290995701e+00,4.490244839443183977e+00
2.736942455602628388e-01,5.117869373927839138e-01,2.337747703158817192e+00,7.144876723760908099e+00,3.426400171801911920e+00
5.496582920031810593e-01,3.608246805958912340e-01,5.944735825450292666e+00,7.461674719854990423e-01,1.531534840414894738e+00
1.251504906066837508e+00,3.680381446274362478e+00,8.088235609641660773e-01,6.593556288431733359e-01,2.408431966527756263e+00
2.779146166652117222e-01,3.709443108088159025e-01,1.975580427656572269e+00,7.096152549136585108e+00,4.645457106213894960e+00
2.183555349928060774e-01,8.334692120829986228e-01,1.667737596828661850e+00,5.160927045877583552e+00,7.229008001170279307e+00
2.826894014760480411e-01,5.915203246612855681e-01,2.817546080949478782e+00,7.339972683500688433e+00,1.300673827573600727e+00
1.063207954264404481e-01,2.010703109469390570e-01,1.386656175024622240e+00,2.703125113009133162e+00,9.306309972271908038e+00
1.639791641350977658e+00,2.764930766205296209e+00,4.171890162868501228e-01,2.563611605719791076e+00,2.084292274205735040e+00
4.017078104378056236e-01,4.240403252525027256e+00,1.068412323189463553e+00,6.186302356984834105e-01,1.195508456663560759e+00
1.279277222817420956e+00,6.409374143121313594e-01,3.104155904871152227e+00,2.985462820989242427e+00,6.282049468962953576e+00
5.327375695977127901e-01,8.983816902338199739e-01,5.663846477401490276e+00,2.776654319685763372e+00,4.854172229989703879e-01
1.270602018537007938e+00,2.904662262692425223e+00,2.793471858707497812e+00,2.021847724875245333e+00,2.462988220286624674e+00
7.854941724063921882e-01,1.415837069360097233e+00,5.152575752472137616e+00,3.727403925193591760e+00,1.850458282519659159e+00
1.349426227578172099e+00,2.762167494794455003e+00,6.952035880580194060e-01,2.871944359208417286e+00,4.025448460032373887e+00
5.155198110169456616e-01,3.515583778366221157e+00,9.416519034563868296e-01,4.029851827790412955e+00,4.862050532522108170e+00
1.142830437454516623e+00,3.187385197494075229e+00,1.911449610044691605e+00,1.524332393002540087e+00,2.292619634184959398e+00
1.845452863096674057e-01,8.711387542357150737e-01,4.085076410852809481e+00,2.517389828539528196e+00,6.786898171802556945e+00
2.725294083479927743e-01,9.454467445494926237e-01,3.424002003209015044e+00,3.970436915807162404e+00,6.554790131950738008e+00
3.028835144962362946e-01,5.911923459963154270e-01,2.831215851417119733e+00,3.447275660026654975e+00,8.410407221173882064e+00
3.300713035765869829e-01,2.796602179687621703e+00,1.209455648696791341e+00,6.091882922367918063e+00,2.318958952207381685e+00
1.287738528017312145e+00,1.336677966946782536e+00,7.797933331516335720e-01,6.945118621842343742e+00,3.068364970441794348e+00
1.447665521249167919e-01,2.107156741147998003e-01,1.106287579500161877e+00,6.536550117984975650e+00,5.918819923022353713e+00
1.491787438585034931e+00,6.732009761537725012e-01,6.279781817144284295e-01,1.389140480692044211e+00,8.651165564746026604e+00
8.607750118210077961e-01,1.628809255845462989e+00,4.915762271239602299e+00,3.334418856848968105e+00,3.112727637750686061e+00
9.704967197864409201e-01,1.099258851816169003e+00,1.139567063981196338e+00,7.749621062713769604e+00,7.182531897497728135e-01
1.661619766592505432e+00,1.418564921587215810e+00,3.190752313741514357e+00,1.867867578529966988e+00,5.583189387794734948e+00
1.550231937646988079e-01,3.214080481102523090e-01,2.235859178021501137e+00,7.403528483044031105e+00,2.330715212814575388e+00
1.555989867871816756e-01,1.836621954017536029e-01,9.472438481375706765e-01,6.743080093071693426e+00,5.643244860606309032e+00
8.966611276618533521e-01,2.599670217094424807e+00,4.275350627250836588e+00,6.949128274684778228e-01,5.597283983869308921e-01
8.645717794090270747e-01,2.491676751116488564e+00,1.918080788667437142e+00,6.298691671546462700e+00,8.772085648810075131e-01
1.630785126319424627e+00,2.903077351239420789e+00,5.958124003705911331e-01,2.410533313692511559e+00,7.022908781316435922e-01
9.481022267586720620e-01,8.503041483136405398e-01,3.409490419437406494e+00,4.424001059858667873e+00,6.193308021744028835e+00
3.864670928524165383e-01,1.220808677998820091e+00,4.170379031143948367e+00,1.015815671280047461e+00,6.870123399514584506e+00
1.877373652899107181e+00,1.592701322424054933e+00,1.561442151605187512e+00,1.773837830264069382e+00,2.119415876222809469e+00
3.376052920356947262e-01,1.661592693960111777e+00,5.911937496202470221e+00,1.042867760901824870e+00,6.703897003680661104e-01
2.592175857585438670e-01,4.168037268160070807e-01,2.406071856805064524e+00,6.764283708673325179e+00,4.771208539061277953e+00
1.507494388846753575e+00,6.792612746727774153e-01,4.475497925134063415e+00,3.645997852973440700e+00,3.091863250900191762e+00
1.620649632019082187e-01,3.628141429515431282e-01,3.854817852163778813e+00,1.244294657977321084e+00,7.807547226070521873e+00
1.628876952093107899e-01,2.212205948838290581e-01,1.297235103180360616e+00,5.175659556059698296e+00,7.714563578091074625e+00
1.239789845906754451e+00,3.434468074882181199e+00,2.191339796941993878e+00,3.118242073907522283e+00,1.146517238011348194e+00
8.812912288114970183e-01,1.213250448288954564e+00,1.976712690164346364e+00,4.515845019836498331e+00,6.650891959433691270e+00
2.055415268597052258e-01,8.962441095397410962e-01,2.549712260434353617e-01,3.124985653972422561e+00,9.216774635716394215e+00
2.275986937907856777e-01,1.505882260082385571e+00,1.039177580241478216e+00,7.476556480166097529e+00,2.273221539250204870e+00
1.046552845770011425e-01,1.107110671115110051e-01,2.798147856783146925e-01,4.020120336287362761e+00,8.819823551691497343e+00
1.220666030020645332e+00,3.540964033500443087e+00,1.174673304933849138e+00,9.376273247404104394e-01,2.189408589637777958e+00
7.793932015590812057e-01,8.133499522535040382e-01,2.949405943841165278e+00,4.596356726077236665e+00,6.858776816284638755e+00
1.778577286511729971e+00,1.867525552780429310e+00,1.521307839910373882e+00,3.043394969760321978e+00,1.088039054011453954e+00
1.896008637170593092e-01,2.437163719005058793e-01,1.618779507711390009e+00,7.571164593215867100e+00,3.016764350965353891e+00
3.330309128613853087e-01,1.601954429231285726e+00,3.441598586548178851e+00,6.037366898080730238e+00,2.141788150585353101e+00
3.047136988404354763e-01,5.046049126255964801e-01,3.090021573487764073e+00,6.427707501289563474e+00,4.292193594078868024e+00
1.705931555696552415e+00,2.602426264120711430e+00,6.779949057206211549e-01,2.702863927102858721e+00,1.888596681358829521e+00
1.566957776711510597e+00,3.562739269984814827e-01,3.343946078136998068e+00,3.365238396302049129e+00,3.672949811402259623e+00
1.306517620201425922e+00,1.956208289821464552e+00,5.102503368346760215e-01,5.505234734594074197e+00,3.131502964372258724e+00
8.314196286478432452e-01,2.380152080419260852e+00,3.937740990097643223e+00,2.404510558032759260e+00,5.587711954955548066e+00
4.460215359953850767e-01,9.434730587380902866e-01,1.233920427268529352e+00,6.819783629085367949e+00,5.366000175046766074e+00
1.468157589889174997e+00,3.244048675072498611e+00,1.333336266119339975e+00,3.569787818589349904e+00,9.192024734210586523e-01
5.313593960150708728e-01,3.789116775971721918e+00,1.273519722608158711e+00,2.723816851067624611e+00,1.002677588879461901e+00
1.609774141701752204e-01,5.390639500721920996e-01,2.076229182566785791e+00,3.564944798837305751e+00,8.501623853376822026e+00
2.276139359950423990e-01,3.533237500103636020e+00,2.045665716679263113e+00,2.683118053252170565e+00,2.874186499829808117e+00
1.491549769978882944e-01,3.334323369761627576e-01,1.234228004161085357e+00,5.050743537843069397e+00,7.807949430904270294e+00
1.106662570407574098e+00,1.412588615489659638e+00,3.440081432627079661e+00,3.826267332973218416e+00,5.630701392434323438e+00
6.623174628639865169e-01,9.866753419223586175e-01,5.539118076701818438e+00,1.138236662721093806e+00,4.093413174285974065e+00
3.924400823320693954e-01,1.326855233804120182e+00,4.413826301602186142e+00,1.618762702028648803e+00,6.061174664385303501e+00
9.979455103949416706e-02,1.150470401847289714e-01,1.025575620157501144e-01,6.687072068759134513e-01,1.007261654582918986e+01
1.061410548991216229e-01,1.721763291739519808e-01,6.750572773691456696e-01,4.820768630377155195e-01,1.004536791137274143e+01
3.225942408315946031e-01,9.612547590877726922e-01,2.683732574777612623e+00,4.854997492274264026e+00,6.564646109412554331e+00
1.125981722159167031e+00,2.862666949827231022e+00,3.432974259440310316e+00,2.026021348327967875e+00,4.807283591093753472e+00
1.825807908328852314e+00,2.087821442590988230e+00,1.246664123072262598e+00,6.738573147333820623e-01,2.492591001603368994e+00
3.589556812546247366e-01,5.161785465844010989e-01,5.324211550478659127e+00,4.479410105381115947e+00,1.417594749360438611e+00
1.630534776106014938e+00,2.310293169590927231e+00,1.910283551286896753e+00,3.970181333232169152e+00,2.109529215930396440e+00
1.146049548720376787e+00,9.669906142046678088e-01,9.081261972275012084e-01,7.711240908704414920e+00,7.575575221290313799e-01
1.654914600216456644e-01,3.108812884953757738e-01,1.621507334040137138e+00,7.101806946447037916e+00,4.312688768014266927e+00
9.799591525644096857e-02,1.006841731679250229e-01,1.520719763636000366e-01,9.941470065557825864e-01,1.003444754079477796e+01
2.201001167750056553e-01,3.791220515673244251e-01,4.235739507228621470e+00,2.322645397855086280e+00,7.133596608022029884e+00
3.214224261558624174e-01,7.979327267998458373e-01,5.611769834555913938e+00,9.407867567625000094e-01,3.578892836413853917e+00
2.052637291850119283e-01,4.816934921867748742e-01,1.339606755612184008e+00,7.365497203861616882e+00,4.101951915804462168e+00
3.590861209686593281e-01,1.615755611477515341e+00,5.595223310323753196e+00,9.194651309754862112e-01,3.211473197141878622e+00
7.031127218337125395e-01,1.789663513029656983e+00,4.525373399118525874e+00,2.633197420214716367e+00,5.083286252848132847e+00
2.001868045630731618e+00,9.880417798188723122e-01,3.191006922713605309e+00,8.017161043681114707e-01,3.137619476538319851e+00
2.949011702626657683e-01,6.495052312768129221e-01,3.705783622820581602e+00,6.644047885534724251e+00,1.579329820958968122e+00
2.430774105114931194e-01,1.563154290274551439e+00,2.903456815511555433e+00,2.980557808563883526e+00,7.533123253480160209e+00
3.232490707969967736e-01,5.168437382092462284e-01,1.980339301100700000e+00,7.088819721594470380e+00,4.839789697361866594e+00
3.935491241422899300e-01,5.669880028435920760e-01,6.238441658683893998e+00,9.673893355284733930e-01,5.799167335357159336e-01
1.730826537322002423e+00,2.772519099566527423e+00,1.374540431074243285e+00,7.541755672758970741e-01,5.518730100320908827e-01
7.641397650344805559e-01,2.009210195580109382e+00,2.039796099225548165e+00,6.103743068149999118e+00,3.453955961287791254e+00
5.263107129957703689e-01,1.374812407480760390e+00,5.246312595265417045e+00,3.285930969126906742e+00,2.608456341420597457e+00
9.413818728077119058e-01,3.461765621915600555e+00,1.359963244888789280e+00,1.243615637207243996e+00,3.396449181660765593e+00
1.017498640339290716e+00,1.056645024390463039e+00,3.944623259360702683e+00,5.646142550698011853e+00,2.535177895445692275e+00
5.092969870102238561e-01,7.246267101837954305e-01,4.975926344071019969e-01,8.023790312239460931e+00,5.737747052706453355e-01
3.446562585911217003e-01,3.519686426893345654e+00,1.320403849391177165e+00,3.562010711981447031e+00,3.886898208020821421e+00
9.994738756792295176e-01,5.739321574294398154e-01,4.015183352590015353e+00,4.377435656103452644e+00,5.169305143213327014e+00
3.695968881513567172e-01,4.608162530977867322e-01,2.358826630814360836e+00,6.013602942857781741e+00,6.558990785061090456e+00
5.916161195444906706e-01,7.196417340019605202e-01,5.834024444452904135e+00,2.276170617252414985e+00,2.707889992041273786e+00
1.579321342545357387e+00,5.447300219987263326e-01,2.187712401707819332e+00,6.081429856608155937e+00,8.001410044423020729e-01
4.041097307735010413e-01,1.709943642846789125e+00,3.458050969634949290e+00,3.088738387705239674e+00,6.213698433438352708e+00
2.198815027739953742e-01,1.839313729399735808e-01,3.669401335727854874e-01,8.080528861603994528e+00,8.590712992697210337e-01
1.007047884220992673e+00,2.011548793336707330e+00,1.130370611745419307e+00,6.402014232200397892e+00,6.384881529355210805e-01
5.834849747082005988e-01,3.777298737853392208e+00,2.125136277090313719e+00,5.000110795955873266e-01,3.959727943238617431e+00
3.101334920342669332e-01,2.134939141662817619e+00,4.188108799876163246e+00,3.117581069922216397e+00,4.989315953963907369e+00
9.259096129391101160e-01,1.379786370663725670e+00,7.682070742380078254e-01,6.756434803154292901e+00,4.964721175167526646e+00
2.007797246977208738e-01,4.117057250933970902e-01,1.394815476097120532e+00,5.575964772457278507e+00,7.278615510343637851e+00
9.818744644261656607e-02,1.099768323715283602e-01,9.836009185212198080e-02,5.845636648763768983e-01,1.007815006529371615e+01
1.239403735421615582e-01,1.298851899318048397e-01,2.895706842459108143e-01,3.969210651932001621e+00,8.887517520625216605e+00
9.454482074915400158e-01,1.767734962226101381e+00,4.236379798933231910e+00,2.345489476041786592e+00,4.842731536377227641e+00
9.793700379402101031e-02,1.136306757235091974e-01,1.012012034823246837e-01,6.528918523508806526e-01,1.007313764964042058e+01
9.541643142257425492e-01,4.676623830055295361e-01,3.114878458680644613e+00,5.953984009732600668e+00,4.386507797008158072e+00
6.733857653825003897e-01,1.454754818322164800e+00,1.723513773954472139e+00,5.297473833749877237e+00,6.776205787677089809e+00
7.550957750817495207e-01,1.282167566895863642e+00,4.777078042578142281e+00,3.046102462130539923e+00,4.083509648306137940e+00
1.586545347270557627e-01,4.320093987816290282e-01,3.873814688873296053e+00,5.184402146225223440e+00,4.625033011602173616e+00
1.232611138996942524e+00,3.777726965297456552e+00,9.185119361911910918e-01,5.453802387964300502e-01,9.351889181471975121e-01
1.650012642480777059e+00,2.758911651566690271e+00,7.554046665263018934e-01,1.064323228793737641e+00,1.315418208270634048e+00
3.877755881353305845e-01,1.479384726189686861e+00,3.322250513078482737e+00,4.358364153396937724e+00,6.629237148211728936e+00
4.707191989384396091e-01,1.794187900039976746e+00,3.022449941026859488e+00,5.892962652133447499e+00,3.471365182986834608e+00
1.965969352690277727e+00,5.283856600431786621e-01,2.311351581912775011e+00,2.567664040168796014e+00,2.873840053104014913e+00
1.281917954320928255e+00,4.023433086548459658e-01,5.876307271544179978e-01,7.321198848747274113e+00,1.759296786739129148e+00
4.318950763702695816e-01,6.027652329755358585e-01,6.291196312934605572e+00,5.497316659935221894e-01,7.689996168589880998e-01
5.161284146206598367e-01,2.054201726256381644e+00,2.946969105715534720e+00,4.869202372786813449e+00,5.592532030730384740e+00
1.698023944446812372e+00,1.859729286719554509e+00,8.752592756551157427e-01,3.212177784059204289e+00,3.170638820455942586e+00
3.940338654169202037e-01,5.677140475250999074e-01,6.164462733088817536e+00,8.957696375688724011e-01,2.174362157975387788e+00
9.922776518427699199e-02,1.122469680703896966e-01,1.001404849229724087e-01,6.140227979085262078e-01,1.007735528213052234e+01
3.679723430404101547e-01,2.301967740020319120e+00,1.381433269474172887e+00,1.584921408736614135e+00,7.963739898824844232e+00
7.261312082085997766e-01,3.109011418844353170e+00,4.312267071952138764e+00,6.416325164432052919e-01,1.290119078061237268e+00
3.129748029901456841e-01,1.096793845641572007e+00,4.429067280118990979e+00,5.069690990352445858e+00,2.847846228869384433e+00
1.361208273900524901e+00,3.106594003456330189e+00,1.610109319573780340e+00,2.429549321859500122e+00,2.991382121694952101e+00
2.864891846621721028e-01,9.703616214355456071e-01,5.542370852805929005e+00,8.604822215217298176e-01,4.449177286940211751e+00
1.221638966421894956e+00,2.258909634122194809e+00,3.211374089859929892e+00,1.224541465805051965e+00,5.533919722076181102e+00
1.302781569760984137e+00,3.164948904150506781e+00,3.535025503711847428e+00,1.399418160273044220e+00,1.227857433546115429e+00
3.501685827754778546e-01,9.043574203848988580e-01,3.755900211323178084e+00,2.124439586623469101e+00,7.652487722609327747e+00
8.134522496199078079e-01,8.476196036237073628e-01,6.470421413004548983e-01,1.326602852186136161e+00,9.779639331095417276e+00
3.836389538777666974e-01,4.095423784886204288e+00,1.576169276078755566e+00,1.901452466981367273e+00,7.426286380778051033e-01
1.129593877714842876e+00,1.187513716300304889e+00,5.604679884694417247e+00,1.461934989234569437e+00,1.310751184158526206e+00
9.586121207606427275e-01,2.791470991200179164e+00,2.184712070443519671e+00,5.721246099424944553e+00,8.233839002041427602e-01
1.223705126150609335e+00,1.469762264503670535e+00,3.009814000874973416e+00,5.119640039380533025e+00,3.455535895214731479e+00
2.324555035468148789e-01,4.449048859243803777e-01,1.706449802151822404e+00,5.532025349351644472e+00,7.053685459765248744e+00
4.543323843844200294e-01,1.558319163233923721e+00,3.578000949486689120e+00,3.592607170615453427e+00,6.862666824345925676e+00
6.783539725860447955e-01,1.704915978623490203e+00,5.165822577631058898e+00,3.023023891997346890e+00,8.481484943936903331e-01
3.683355345884026244e-01,2.332165222333679289e+00,2.234193535738295378e+00,3.995871796866690584e+00,6.585508383245885611e+00
2.246682244932571570e-01,4.221577240168559175e-01,4.666249282036171842e+00,3.657436686400940218e+00,5.317420536080465610e+00
6.766922981487610844e-01,1.469957170285649095e+00,4.354294445868447383e+00,2.926630541328923307e+00,6.141843385633854346e+00
4.822036127577429276e-01,3.331245161638594965e+00,3.664426897914000669e+00,1.051067389581546996e+00,3.092334931050994662e+00
1.960567547211097272e-01,1.019180547641847623e+00,4.030070211082695586e+00,1.020387427254451085e+00,7.314702058894005710e+00
1.202969337957428886e+00,1.550702052998312652e+00,3.771584352265401563e+00,3.037313505490230270e+00,3.897912047758572029e+00
6.115119128310000374e-01,2.450420418312928561e+00,3.028123624753324528e+00,4.680852074912183802e+00,4.758061708346725815e+00
1.564217791437914507e+00,1.455084510229017081e+00,1.859108528788160353e+00,3.741987603452909816e+00,3.899873296985272297e+00
1.705526567121351755e+00,3.007843561491177820e+00,1.156326136245830583e+00,5.220205993895408181e-01,7.180032736704412555e-01
7.250698695492910906e-01,2.087279927545278913e+00,5.998757746320424467e-01,6.966413742024174738e+00,3.610971961753780768e+00
6.152373807103990178e-01,4.767317053520653269e-01,9.681134178449812833e-01,1.124780336679018111e+00,9.820934728769628919e+00
3.041856999681704643e-01,1.071657019114207188e+00,1.689101941394950845e+00,6.531436357299623019e+00,5.278774133687408110e+00
1.093098675018171262e+00,3.495703404933012681e+00,3.150521186198778523e+00,1.456650485049110433e+00,1.354079436077916476e+00
6.301189650272365217e-01,3.005129765773434380e-01,1.507557998919969000e+00,3.494831263462043758e+00,8.746281871665475549e+00
7.178623071980838599e-01,1.859393401663591128e+00,1.562988449889565645e+00,6.890831195527109543e+00,2.916480916374161403e+00
7.577811565322455367e-01,8.130869009981481765e-01,3.014398386230034532e+00,7.125057844475362501e+00,9.118256401326595428e-01
1.851768830290316248e-01,1.100077312190029133e+00,1.704827871439353215e+00,3.444976706523418475e+00,8.526350261124489904e+00
1.032656972788710409e-01,1.217514030380590084e-01,5.048052370347646534e-01,1.187831791988302743e-01,1.007908488015504211e+01
9.876014657536499874e-02,9.948034042768665042e-02,1.191298298911729059e-01,5.904816368171036389e-01,1.007971552837674700e+01
4.681069066041236848e-01,1.760412535223659702e+00,9.852449767785189660e-01,6.223743545358749074e+00,5.947891391017433804e+00
2.922813794444527602e-01,1.380942684990696723e+00,5.468296586157173067e+00,5.961360493203762267e-01,4.167982912165464349e+00
4.048569799172296868e-01,8.716413826705059487e-01,4.080121434395521440e+00,6.405981463291239741e+00,9.284291932178296847e-01
2.166460193671575218e-01,8.449572884562894792e-01,2.291594993133724945e+00,4.486338501376215149e+00,7.637237378203057148e+00
3.406617526963854892e-01,2.332355340134526056e+00,2.041981303015687033e+00,3.991526267672846906e+00,6.582849080000350739e+00
1.634851668181744655e+00,1.899294328857590974e+00,2.317114093898448690e+00,3.056740321368582869e+00,2.243855629392864870e+00
8.062983785956105987e-01,3.690483009736787778e+00,1.573303340524049299e+00,2.687168650716148299e+00,2.965147965185812140e+00
1.178904136005303860e+00,8.833368691190384148e-01,4.077165858006402743e+00,3.988203208232986352e+00,1.305717574237728495e+00
2.628559288940893746e-01,3.735891244131146927e+00,2.276068748151196086e+00,2.388231507544877452e+00,6.625636538084529459e-01
3.982643674967392133e-01,3.288628054984784832e+00,2.261550057669111879e+00,1.322073333469162337e+00,5.130881270192603871e+00
4.363877392929909060e-01,6.057474510471834162e-01,6.292742713711796831e+00,6.226945482316522673e-01,5.980781534999670690e-01
2.111392174179525405e+00,4.024228352348920845e-01,8.496857816106245798e-01,2.717785722741602683e+00,1.665634220117493847e+00
4.167119358248255745e-01,2.034726078241737568e+00,1.079894865083765199e+00,7.057724673973986285e-01,8.613342868058206037e+00
2.100021420099537073e-01,7.042874147254942763e-01,2.033591519417886850e+00,5.852627649057184911e+00,6.350677320399331194e+00
7.976265536340585438e-01,3.225396239080481564e+00,2.209497792213471978e+00,5.710992110506641906e-01,5.189968967483450157e+00
1.057009609875948913e-01,1.366588669109312648e-01,2.338849557304963356e-01,3.232813514990040993e+00,9.296934947644563962e+00
1.908277135301048866e-01,4.105830594236995479e-01,8.839567000001121722e-01,7.306273067217697870e-01,9.976456408161844536e+00
1.201927746767436078e-01,1.339413699759692822e-01,3.761017487630678446e-01,2.530314921208272505e+00,9.645083135273269548e+00
1.683453848165240796e+00,1.574790311420582567e+00,2.068569416414835160e+00,4.968237068028884984e+00,1.218395298868558019e+00
3.855617904666358564e-01,3.149942433460830027e-01,3.333681536150326918e-01,6.981130810966701183e+00,5.779166853660065328e+00
1.438929392592866341e+00,1.681633205770883599e+00,3.011170409411032090e+00,2.399766004621813664e+00,5.818920055080236686e+00
7.564903552990092095e-01,6.386815627731564637e-01,1.690095783707710408e+00,6.519390590118065987e+00,4.326234952929302047e+00
4.339030613816457493e-01,6.041990459615078635e-01,6.292321246959687642e+00,5.789352661795842403e-01,7.014010845621452273e-01
1.029944766263231615e-01,1.168390115335689317e-01,1.860600057730425472e-01,2.213249214012766863e+00,9.745844038030455181e+00
2.166464326089908576e-01,1.349462262617178610e+00,4.800051069337902376e+00,1.161745270306563382e+00,5.523357168137066786e+00
5.793213834342308965e-01,1.396296958055257331e+00,1.103123382504870520e+00,7.385861474654162429e+00,3.260117941128175101e+00
1.073632399378833480e+00,2.098071166896306128e+00,5.748443896955636179e-01,6.113450482293553812e+00,2.516290460706815058e+00
2.221998054846673620e-01,4.220098964106754336e-01,3.394266194281019833e-01,5.422171080176777735e+00,7.516247787765529154e+00
1.128360358770867933e+00,2.213479944014652645e+00,6.952863879928653512e-01,6.376158224267694408e+00,6.956543693663326255e-01
2.054048003765602370e+00,7.744877776772329803e-01,1.056415746654215226e+00,2.787528271342318398e+00,5.735818344645904343e-01
5.294888306170443260e-01,2.167728694865969530e+00,5.252069505249698622e+00,2.201434936036083201e+00,2.476292633106172314e+00
1.447429130258642616e+00,3.205757042675553947e+00,1.830901364621421390e+00,1.284356038830871682e+00,1.533328925598031134e+00
1.087715104311828940e+00,1.629864608193138942e+00,3.538065549054695502e+00,4.261910597611340279e+00,3.545999067911982383e+00
9.133819093557654645e-01,2.502255445112934407e+00,1.886077955512593274e+00,6.312856020456662165e+00,1.776370534256377587e+00
1.671472056414782803e-01,2.418012954578266649e-01,1.669615975537452890e+00,5.810458940982729636e+00,6.699884902732599734e+00
1.182338188896042142e-01,1.480299080040891335e-01,2.905179800661710776e-01,3.745680634636702422e+00,9.023803825131132328e+00
1.059695237207253449e+00,3.261395580889549173e+00,2.272746506569670810e+00,3.735912037274523811e+00,2.775859257415901116e+00
7.856523759614674196e-01,2.932253446653473095e+00,3.245856735717189245e+00,2.853157146228860075e+00,3.123094091228141078e+00
1.034946867603614873e+00,1.364790168273631421e+00,3.813805291542113007e+00,4.376792189005561440e+00,2.945498511072538239e+00
1.667379606638586864e+00,2.134207847689174820e+00,9.102780088261264169e-01,4.283541118615270094e+00,3.240976704391851371e+00
1.807742544247068484e+00,1.784427489804643496e+00,1.022521604797385297e+00,4.584212377166956287e+00,2.302381925790398132e+00
4.929319792598956251e-01,1.618893515254050008e+00,5.457161377182996098e+00,1.284712097654184149e+00,3.299928762103883084e+00
1.974094162878900605e+00,1.410820078310740078e+00,3.587272230272138263e+00,1.344173435193293464e+00,2.088481488453612034e+00
1.162330730831157899e+00,1.159943212774445787e+00,3.234140581068740250e+00,4.970753166529891409e+00,3.449514951128846985e+00
4.361614482027397210e-01,6.037640835787514426e-01,6.286256635860574704e+00,6.488564699245054079e-01,6.155449436189515122e-01
1.031448592534831565e+00,5.894278787820317334e-01,4.085827930770584260e+00,5.223095154485013936e+00,8.831349741485488014e-01
4.348842745771668294e-01,6.013842033464935621e-01,6.279633471577009018e+00,7.277690053980085949e-01,5.910423025533888541e-01
1.439994485827498505e-01,2.332104076350825783e-01,3.999045398745859625e-01,7.200230763131545864e+00,4.815582145596138730e+00
4.335344195954740076e-01,3.880993791820410710e-01,2.113797567745254735e+00,5.795592055581156643e+00,6.325459991642618185e+00
1.685511751608223530e-01,6.216203441437524457e-01,1.422616714684001415e+00,4.872116291969581958e+00,7.746697672558326531e+00
1.318395145823897385e+00,1.549063688780001113e+00,2.499424558334556679e+00,5.554071478801651196e+00,2.172774591322617521e+00
1.349326849951290708e+00,2.259106795441083282e+00,4.474059256246552430e+00,1.187099091755095648e+00,3.184050090713604231e+00
1.296148856310684661e+00,6.849339349396129650e-01,1.494602073237613293e+00,4.230754198989967740e+00,7.467578481879257879e+00
5.955776162295265408e-01,3.593792540238174293e+00,2.229877706700286399e+00,4.361429434280834627e-01,2.577292525949787638e+00
1.653672650626386353e+00,1.934694824399951996e+00,1.607113625310523153e+00,4.639625679011586179e+00,5.522803698383715876e-01
4.787469038336088500e-01,1.886110229179572606e+00,4.468556813125107219e+00,5.168078483518939059e+00,1.521026193030365015e+00
2.398178305071073380e-01,3.340837756206268550e-01,2.010749353978046106e+00,6.982972013049455917e+00,4.692819000160539211e+00
1.631469677486141023e+00,9.031892834941452897e-01,8.275129725650229862e-01,4.494494953363287415e+00,5.111337180963658966e+00
1.197440711493560572e+00,9.562982267501034528e-01,8.890377671505357293e-01,7.696842146847730604e+00,8.878688464895621024e-01
3.277895047260698247e-01,2.995480483191442778e-01,4.449234631386238537e-01,7.594517652531213692e+00,3.408977962458237698e+00
1.092861781225750173e+00,1.054246853007780649e+00,1.097629743616221676e+00,6.354342191092002601e+00,4.571609963644265306e+00
1.034686856528021170e+00,3.097917656521647523e+00,3.674082221181674157e+00,1.050560869201483172e+00,1.494129376289949018e+00
2.488946728467747171e-01,2.278754417251154241e+00,3.070694219644629186e+00,3.697463426134559583e+00,5.323263240549229280e+00
4.172232651857781804e-01,1.306904623769048479e-01,1.018318312038031692e+00,6.936786772026665382e+00,4.865081029932206036e+00
3.768879343561319373e-01,2.108252782809306058e+00,5.120478168347107228e+00,2.495305914725729934e+00,6.740109044421072060e-01
1.858720299856881364e-01,1.867901946479936515e-01,3.209752490138345626e-01,8.062143532431813142e+00,1.148644742498734272e+00
1.770854373585643848e-01,8.701365861183797401e-01,3.893836727801994080e+00,4.030221243460371028e+00,5.977299319215165774e+00
5.890758119111842994e-01,2.498594827083152836e+00,4.587939636554352774e+00,3.040297909130435627e+00,1.554039389667184912e+00
1.178775886164166620e+00,3.746921640600320735e+00,2.066354191522227879e+00,8.888703637882908737e-01,1.165067571776069011e+00
1.251727987074210846e+00,4.112969335391304937e-01,4.992156526132643712e+00,3.506101824220513752e+00,2.558809038465384322e+00
1.862684993392824673e-01,2.485724588299141335e-01,2.529337637201940492e-01,7.490814989525955703e+00,3.965677878828042680e+00
1.480970767507616970e-01,3.552845372485136100e-01,3.641324006090258081e+00,8.861259086134993801e-01,8.191789243092987505e+00
3.891007152137426761e-01,2.366652522237556511e+00,3.739517141385758858e+00,3.475692096085422289e+00,4.317671007555264673e+00
1.510511548783929792e+00,3.161686344832039808e+00,1.036663095657031519e+00,2.939562932354327085e+00,5.835851756787447941e-01
2.103303840148936121e+00,2.753650528178381851e-01,1.418670610286731915e+00,1.176899996518182334e+00,5.046493350569729586e-01
1.869725322599616324e-01,3.814333192492525004e-01,3.722473584641718514e+00,5.372762957925019123e+00,4.724754190722217473e+00
2.539941204009340536e-01,1.142115674511473111e+00,3.483520968718334831e+00,1.847865404381809684e+00,8.008837319432464241e+00
1.711167665068834276e-01,2.516616945121838422e-01,1.769376580832472623e+00,5.842641755321995589e+00,6.580767473586937477e+00
1.566098618027232270e+00,9.164949806261364351e-01,3.841584775248053862e+00,1.296427675575858141e+00,5.283150316952649916e+00
5.056257708849110077e-01,1.621171504490234838e+00,1.444591895855587893e+00,7.174205618054218192e+00,3.598924965613664373e+00
1.434654655467990647e+00,2.542313096456171984e+00,2.386469768818525239e+00,2.450483330606695542e+00,4.911652709877028400e+00
1.426931820099194947e+00,4.170634981140550757e-01,4.213109091763445058e+00,6.292546981019144781e-01,3.491947175393019798e+00
3.953074866050515501e-01,2.290313522869194873e+00,4.216735304314530808e+00,3.205480678399335037e+00,3.824999152796888513e+00
4.869033804822062717e-01,8.766805251218406925e-01,4.607144843715080818e+00,5.488580046084194031e+00,9.349187903188579396e-01
1.352950123384420722e-01,2.278460343331049631e-01,1.789888902057129361e+00,6.346769605217019716e+00,5.778668671798326884e+00
1.727912222327467329e-01,2.763093501405435859e-01,1.857492054413036664e+00,6.403809093458082025e+00,5.750466418980332506e+00
1.275602528443044781e+00,2.271805910269007800e+00,5.572827546444201197e-01,6.213648502284737418e+00,9.943693913210358559e-01
2.199688525979227038e-01,7.014617675031113997e-01,4.370683480203320315e+00,5.636977858387012041e+00,1.914437904577207084e+00
3.280227690775809890e-01,4.074666911101555988e-01,2.874741218431503764e+00,7.180286542126748550e+00,9.018160037973177445e-01
1.273655791445909236e+00,8.989287327334232192e-01,1.227750098216472630e+00,5.629753347672526331e+00,5.200190246072996736e+00
5.192871184233956994e-01,2.154319448883342258e-01,2.974836114859905067e-01,7.918137301981746923e+00,2.135822360416059773e+00
2.820295053993283063e-01,3.887748413067637632e-01,2.084105707157084986e+00,6.600676722006912911e+00,5.597351688688936733e+00
5.483660156794640805e-01,2.327286290062340335e+00,2.709920762735612776e+00,5.337969711680749185e+00,3.569705776472513747e+00
2.830894315991951959e-01,2.271266989039866235e-01,6.905038415173687660e-01,7.748388516867797726e+00,3.068856671177802919e+00
7.237718615888965035e-01,2.507042780180589681e+00,2.426177983591303100e+00,2.492652232231558074e+00,6.976299722805897829e+00
5.690332489849778685e-01,2.017898448308704573e+00,3.071446685419020550e+00,6.258721210708690030e+00,1.630476363917543026e+00
1.040002726349480655e+00,6.983247393326093011e-01,5.622892640049962587e+00,2.573234175200246998e+00,1.181246833011278863e+00
1.393266068435333460e-01,3.406927012174998382e-01,1.719427140943845078e+00,5.842449439815216472e+00,6.591009678205600686e+00
1.848857834646504106e+00,2.581247978191519188e+00,1.261574004113959813e+00,1.116697553486825534e+00,8.671781489463273873e-01
1.634082489082275547e-01,2.968971423589936154e-01,4.078862787393351397e+00,2.140497985011054372e+00,7.301342553624692755e+00
1.740796969823332485e-01,1.536258517321656414e-01,3.234605864327589897e-01,5.944204722805666918e+00,6.995585852368528812e+00
1.129149399521512526e-01,2.363320083419315210e-01,2.765579263995042059e+00,2.793323705946091917e-01,9.057245006848182456e+00
3.376076607110278238e-01,1.161221528955583837e+00,1.177420072060889833e+00,6.573784966580680234e+00,5.766146165400292567e+00
1.122449763451016214e+00,2.210182253422499521e+00,1.066137678190056892e+00,5.839655455637958070e+00,1.771786633747124640e+00
1.814462640764096912e+00,2.316429826229402522e+00,9.544729788029285844e-01,1.385680754447527363e+00,4.832600598526059166e+00
1.850923739236546073e+00,1.458965718602700967e+00,2.189018479474432510e+00,1.307133756321467111e+00,3.746248831692776449e+00
6.050773965548945643e-01,8.922595000226251072e-01,4.442632280621885421e+00,4.032698476627336603e+00,4.942061494806111455e+00
9.209232245213265777e-01,4.033571375690405247e+00,7.419599180147948836e-01,7.600088797668604901e-01,2.044846522592211446e+00
4.170427452575012905e-01,1.925597753527568123e+00,5.418668813351692037e+00,7.173188274353390348e-01,3.397637160130164702e+00
2.146526841425911714e-01,1.087261929311417186e+00,5.649288840280726198e+00,1.772651972699051726e+00,3.015617837433581805e+00
2.441775692990767188e-01,1.489784448378466353e+00,3.775534802159992598e+00,5.535120339023623437e+00,2.490475111297099975e+00
3.365014514948156399e-01,4.290397194466882280e-01,2.290033809040892265e+00,7.333296562102149529e+00,3.792391428338558690e+00
1.107046135063551456e-01,2.473472105746864769e-01,2.890002645700012973e+00,3.820063689727954959e-01,8.937442288398735002e+00
5.561495702355130355e-01,1.935033567630506379e+00,5.169601637134936922e+00,1.528278537032871753e+00,4.755205054633833583e+00
6.012397981518330381e-01,5.244483304768819965e-01,5.868478811607663381e+00,1.063380799218394568e+00,1.478465362882992906e+00
1.402683677621425984e+00,2.939350474434810678e+00,2.101364896061521215e+00,2.034875585535919740e+00,4.355071525991444759e+00
3.975161023910283031e-01,1.001277984104134156e+00,2.141044365234518576e+00,2.732508062610403243e+00,8.597792188382191725e+00
1.566283268259590078e-01,3.735838076354202064e-01,6.331528904829506477e-01,6.405179051762106113e+00,6.213102036744799328e+00
1.386627004683920417e+00,2.990693253514103311e+00,1.163853347463909449e+00,4.364522014987960219e+00,1.422825057017663708e+00
3.509125340212000399e-01,1.771741471722917183e+00,3.939461852037539291e+00,3.530767673241965721e+00,5.193970891534162249e+00
6.439854976011067933e-01,1.830786192637722243e+00,1.823390380590880655e+00,7.351005341410452587e+00,7.629669254797915023e-01
1.045334542248472776e-01,1.193765132350833591e-01,4.602813343689593495e-01,2.189215340618936856e-01,1.008479817622853325e+01
2.038266538441343978e-01,8.116401639648498367e-01,1.757552499945389535e+00,2.697158635616780931e+00,9.146614968987933025e+00
1.277326255228722063e-01,2.015914485983427151e-01,1.006750982404846617e+00,5.795796329102774758e-01,9.974745298692253570e+00
1.271272240626012406e-01,1.869052231050068735e-01,8.366162380816950517e-01,7.674139520481873866e+00,3.160659858771628805e+00
8.186758625673231649e-01,3.429780044545406081e+00,3.987773890072788263e-01,1.868834958780559941e+00,4.366661104691219819e+00
6.902348443871757500e-01,2.799727486586543801e+00,4.079680683848305733e+00,1.934971603082649594e+00,3.631021433052051606e+00
1.614164861208045476e+00,6.656690537518737960e-01,5.126371202026465568e+00,1.473846161617751394e+00,9.590205442112873513e-01
2.116792334596253600e-01,6.153827281355411793e-01,1.390655335070021259e+00,4.812491607316095710e+00,7.967096148156878499e+00
1.024845826288946604e+00,1.729328035567216038e+00,3.560604163203584527e+00,2.741152342495889904e+00,5.711334015476130510e+00
2.618186144097350843e-01,9.631761338824376129e-01,9.440938101049940467e-01,6.060932941636932192e+00,6.702442379775518155e+00
1.786189280059208517e+00,2.535519827909721524e+00,1.169935969494747319e+00,9.395063475006105724e-01,2.879076498778877280e+00
3.946475346894610103e-01,2.322120174647558599e+00,1.935498699088818997e+00,3.687863324207789617e+00,6.988155296372120517e+00
9.571563527700981400e-01,2.124269784053157917e+00,4.142763919834886011e+00,3.260853969746467573e+00,3.974828630604241297e+00
1.679966462316122566e-01,3.142702985495609003e-01,1.219252422225173715e+00,5.206515912842117899e+00,7.658284784493208264e+00
7.614179768416902139e-01,1.810324675932161176e+00,3.345510901590812658e+00,5.928192472920087219e+00,3.142295015326522112e+00
3.935923872262363510e-01,6.462801752444516934e-01,4.488448037589266804e+00,5.599221376752548274e+00,2.635287276504029386e+00
5.179311571266614900e-01,2.492256692468620471e+00,2.851675007189993227e+00,4.081762983861588978e+00,5.085615627121432780e+00
1.378021558727503537e+00,1.915527388398918340e+00,2.318383104360832281e+00,3.921635306920918662e+00,2.759371488686636287e+00
4.404007867551897881e-01,1.682604423214557166e+00,1.683527600457387585e+00,2.941771645455441675e+00,8.521308367566064135e+00
1.208218742611647245e-01,1.558527730448825421e-01,2.613226641127414096e-01,3.613665376291720577e+00,9.094504787534955170e+00
1.479805456765130867e+00,7.211520953699457337e-01,3.828111343558307400e+00,3.809281726110164801e+00,3.593602737689033599e+00
1.372238914360677908e+00,3.384208769458907806e+00,1.660610300667322736e+00,8.066421395700662522e-01,1.365919926795676753e+00
9.095255503938939334e-01,8.094065693068221989e-01,5.718676702518161292e+00,1.932070759058770903e+00,6.232828284791900320e-01
3.042386567228513305e-01,9.968561099768575851e-01,2.375556133650452040e+00,3.484149225597042765e+00,8.008098662148267266e+00
1.398946480877998555e+00,1.185210797822471296e+00,2.833463946268328648e+00,5.833615581664444605e+00,2.750988956976353261e+00
1.434365722714620872e-01,5.244028838776073620e-01,8.017149626089385972e-01,5.220856785501309716e+00,7.695235739307285883e+00
6.697167640330098370e-01,1.464171670762418609e+00,3.857047630548275485e+00,6.188317098029552987e+00,9.713311565840336836e-01
7.957878219786185259e-01,1.912764827859142924e+00,3.598289104612593103e+00,3.838973619398783121e+00,5.780144487967410427e+00
1.390657250221099650e+00,1.920383137673450591e+00,2.557699622722300781e+00,3.748744363510588595e+00,2.188385629185594983e+00
1.360204241842321915e+00,2.515686441166226750e+00,1.668084959345725871e+00,4.033880223571375545e+00,1.664820277592809816e+00
1.491998003170147857e+00,1.850672001771445530e+00,2.528725396421499738e+00,5.313996292142947553e+00,1.616027917188396001e+00
1.624141509345164713e-01,1.145619067414769265e+00,2.126601583590501221e+00,2.465234227290288072e+00,8.726373261281636928e+00
6.465540220794053772e-01,2.633949015263590709e+00,5.775228095378904802e-01,5.634779801700028123e+00,4.026225170412954135e+00
7.502639939192433660e-01,3.435181091619893823e-01,2.684516091812488625e+00,4.486341335924543650e+00,7.545660347335199525e+00
9.427269253983091568e-01,3.160715671024350026e+00,1.196998346532600843e+00,4.252915284455200506e+00,1.781882310352749021e+00
8.042949244426050859e-01,3.145284857243317855e+00,7.420116730137827910e-01,2.280159500283993168e+00,5.162058449715258845e+00
2.551447610621766504e-01,2.643598036310792487e-01,1.547475608024378557e+00,7.937584104431784304e+00,1.094987219286119862e+00
1.394402043839938210e-01,7.051425472517303117e-01,1.403040692571859704e+00,3.393737927763779361e+00,8.825098783413842796e+00
1.878736795434821916e-01,2.443616807573065208e-01,2.739289398715751278e-01,8.105191967276008214e+00,4.579963528430086028e-01
1.645794560962994535e-01,2.957768167701289030e-01,3.913788242256908134e+00,2.553470565653507052e+00,7.354840257336945797e+00
4.476759937304255477e-01,1.041094106443590794e+00,4.698852208250345441e+00,1.915883380780475820e+00,5.773863419261598295e+00
1.582866766612787413e-01,3.195574937736113119e-01,3.122714252391530998e+00,1.436773814506026037e+00,8.682370619270759704e+00
6.656543729150657951e-01,3.870681730490803663e+00,2.058295434737213991e+00,1.702754075505466647e+00,1.475376848923213746e+00
1.966396680343230674e+00,1.638817496940081053e+00,9.250465959787886883e-01,9.703980241997766099e-01,5.507387441616769408e+00
2.510225414526868759e-01,1.642539019899618591e+00,3.989855691953495320e+00,5.336629753544458232e+00,2.777238031061367352e+00
4.517664631965359057e-01,1.896014806876975989e+00,2.543446359072489837e+00,6.795553145392744909e+00,8.736882170129792735e-01
7.290267013948614760e-01,7.127467009923171837e-01,3.499365628658675398e+00,4.436333891060574963e+00,6.683055601175912130e+00
4.922579930741548537e-01,1.543870028305500020e+00,1.931350756438227956e+00,7.349799327533732551e+00,1.334093649905963463e+00
1.220586842237019409e+00,3.438202399655282182e+00,2.057902971694216987e+00,4.392259074007168751e-01,1.099723579333654833e+00
1.178883217806050654e+00,1.213945995935036049e+00,3.609906063914102514e+00,4.231548501787548489e+00,5.351866419787434381e+00
1.595628648243336278e-01,6.197955356688822359e-01,5.616386499696663925e+00,3.166802206684867116e+00,6.697667901143538050e-01
4.538955001454291205e-01,3.524703871889959039e+00,3.565368199637868774e+00,1.548397951184832921e+00,1.453811764908685689e+00
1.345362469051377463e+00,1.210319164881312304e+00,4.033780685984063474e+00,2.476198389406171430e+00,4.851533277725580184e+00
8.037988444115082842e-01,3.625972842612443348e+00,1.931229024993464716e+00,3.535164560228340136e+00,2.863851803928797235e+00
5.176682308366188368e-01,6.187272334657720751e-01,6.214930372038421247e+00,6.879188772698443533e-01,1.421036997483113851e+00
1.179780627255589520e+00,1.562107059162714640e+00,1.919286141439647819e+00,1.188018948057203428e+00,7.133491815853614249e+00
3.220438241331140539e-01,1.628272147017072236e+00,9.459698906026565712e-01,7.413157043323512774e+00,2.521480369442816283e+00
5.815169487076625732e-01,3.481255476497606693e+00,2.436682206079751722e+00,2.788985643713306040e+00,3.575580443103937078e+00
2.366944123050933602e-01,4.633958981991560533e-01,2.612847565392330207e+00,6.312113052287646298e+00,5.338778381854291766e+00
1.265127800708975236e+00,1.763411585028689776e+00,4.279206773017290466e+00,2.353326895952938980e+00,3.395714631389374016e+00
1.165039539716065775e+00,5.935607676641547759e-01,4.708523863119627784e+00,1.819937440250503746e+00,5.597336715285913478e+00
1.219997879570484889e+00,2.550172976302084393e+00,4.330543484191794690e+00,1.356403297382313911e+00,1.960289010884507910e+00
1.812495116181769839e-01,7.363166968338715757e-01,8.811106873199630041e-01,5.732575588717597981e+00,7.071982297244586491e+00
3.439744591085821535e-01,5.179539876668610709e-01,2.869125521722383887e+00,7.419329310739488648e+00,1.491087241182471379e+00
7.734168666605116815e-01,3.991095457722605988e-01,2.948841705435195859e+00,4.553805030218180505e+00,7.220807433904777639e+00
2.276620271643061133e-01,1.729233683450474013e-01,3.896795548457549496e-01,8.080662675748135015e+00,7.055016959950926037e-01
2.376310669571633505e-01,9.351368661821521933e-01,1.763469641092094253e+00,5.308133913800997306e+00,6.900123273077337416e+00
1.982660942355818912e-01,4.770746013325823931e-01,7.481664813088906296e-01,6.767786578654483520e+00,5.588188479190732139e+00
1.563320411956084621e+00,2.477757499068180547e+00,7.720897508621116234e-01,4.844812633769778110e+00,2.614400517348753894e+00
9.345209873670619061e-01,3.086288984868031271e+00,4.123453401586390399e+00,7.719649099745548027e-01,1.564539774263641103e+00
6.625714251935315158e-01,9.354180970956111896e-01,1.155375688635406295e+00,6.636124661525705903e+00,5.712261525746141544e+00
1.029581960780487221e-01,1.047176179690800513e-01,1.347831571584464094e-01,9.169439286140413925e-01,1.005069397755098848e+01
8.975192824052180551e-01,1.655463761900851427e+00,1.643489349391851873e+00,4.206293448760629161e+00,6.310041331564184119e+00
6.745846258895389358e-01,1.662639771984623760e+00,6.534632292135397202e-01,5.010461319524837087e+00,6.940880186102525329e+00
1.469284087852169796e+00,3.199943330821581888e+00,1.489806955309875391e+00,2.590633767471619109e+00,1.142517639108255212e+00
2.222616192274532998e-01,1.209287202113594528e+00,5.377743229900644018e+00,2.311523965156196070e+00,3.573084885390013898e+00
6.795652969987854286e-01,3.640911641900548279e+00,2.085985374772753698e+00,3.390303078583012830e+00,2.416008803039223718e+00
1.013343917575885295e-01,1.166802866289775586e-01,1.899624126991218964e-01,2.335575552155201073e+00,9.699432233271888748e+00
5.071834551173403094e-01,1.607474455193432794e+00,2.350995589612143277e+00,5.656486024035888960e+00,5.548642742059073818e+00
1.305039051837583841e+00,9.295781982883590810e-01,2.707118113849867669e+00,5.262850306445813864e+00,4.420457933007266860e+00
6.385105566082389661e-01,2.868778060375659078e-01,5.904044286884085224e+00,2.007409153078358877e+00,7.708802788778580384e-01
2.681464709276809577e-01,2.088428183127249760e+00,2.965485365367353410e+00,2.672370333499734851e+00,7.018216266949741211e+00
3.848168619703892235e-01,1.903308695513381776e+00,4.130560023134622227e+00,4.984487228524328906e+00,1.619475821574877683e+00
2.437041725736371345e-01,8.470775782470315596e-01,9.154745150333696291e-01,5.989922951396797757e+00,6.764400006745315608e+00
9.820086773644570721e-02,1.100327517094301238e-01,9.845483288095842334e-02,5.867655988606165218e-01,1.007796334245031389e+01
9.688766304528496909e-02,9.765295725176692532e-02,1.182071037732458918e-01,6.044227236727788277e-01,1.007658642735456134e+01
7.881095142300384992e-01,1.609801901137906111e+00,4.474420367307641477e+00,2.654628123031784970e+00,4.335166458056307626e+00
1.591927474626853245e+00,1.206097297034296689e+00,4.061901592569406638e+00,9.110737480052299997e-01,1.423651469211810738e+00
2.124383850296479581e-01,4.824241119693785107e-01,1.262743748832311663e+00,4.733487496999356559e+00,7.982785132852049159e+00
3.209432233793955702e-01,1.255593725040842878e+00,4.799099426851826777e+00,1.503897163034127793e+00,6.103682450605834475e+00
5.156336270689414469e-01,1.410439747763724494e+00,5.586979501943879711e+00,3.284889328075797810e+00,1.278849617047114862e+00
1.066748097067925283e+00,3.210899555120441118e+00,2.228094678351842273e+00,3.265229245233346234e+00,3.581111943846612800e+00
4.911542076434459725e-01,1.487483384111392359e+00,5.722272955253280280e+00,2.577278603038980265e+00,1.498632420932077158e+00
4.325944311865943526e-01,2.958364895432646691e+00,2.990586091952258219e+00,4.123483815695735188e+00,4.421361704992560426e+00
1.258442203005026849e+00,2.394981027393866757e+00,3.171814698498837792e+00,2.478687674560131171e+00,5.574127311704939913e+00
2.136067271498928166e-01,1.660946472247430417e-01,3.533497349688836664e-01,7.276627344542059284e+00,4.668834512100319856e+00
6.644486311724092653e-01,3.288529739494212567e+00,9.154584950046823488e-01,3.623355567513053099e+00,4.849265650861454446e+00
5.326914230525416905e-01,3.950330334411001232e+00,2.073537606859578108e+00,9.776981809844793592e-01,5.822657574449465745e-01
9.825274661383127939e-02,1.128044858783051885e-01,4.687008624481240893e-01,1.665071993496516911e-01,1.007799733546677245e+01
9.725090491766885670e-02,9.882592072437518249e-02,1.348467191763535467e-01,8.267421354383369669e-01,1.005491694352760845e+01
1.340893915643847523e+00,4.273900603349238825e-01,5.024034635899716328e+00,2.331757876057015455e+00,1.915646498473792869e+00
4.542982486499186345e-01,3.348131755709324864e+00,2.872328817556343061e+00,2.251892195208503367e+00,3.180620389998559006e+00
1.464612093768086210e-01,2.336226263541248682e-01,3.227427021188293832e-01,7.528812309710937178e+00,3.837576419404535422e+00
3.049887838571083698e-01,1.478032978865684965e+00,4.403734113554289564e+00,3.639527662059844015e+00,4.766478074367997309e+00
6.733382142058057518e-01,2.557329022409594366e+00,3.022032962322794170e+00,1.986956973395201720e+00,6.644615831911628412e+00
6.659981198314526285e-01,5.686768245706008695e-01,2.903473054713436419e+00,2.113050551875301775e+00,8.838194500485446525e+00
3.390809721170000568e-01,2.374460584209315606e+00,4.274519952698584646e+00,2.791019469118519947e+00,4.062866785049779494e+00
9.854354109918666005e-01,2.379540840145772052e+00,3.127443582772137187e+00,3.059433865660997842e+00,5.296260484945924496e+00
1.635251748244736514e-01,7.436299154887032747e-01,9.897471524620281569e-01,7.461684083581382687e+00,3.595613627255819011e+00
1.838149301191271956e-01,2.176945484304099176e-01,2.635924765883240761e-01,5.426843301690206012e+00,7.626465634852603870e+00
4.369469678667747825e-01,6.016649367338234855e-01,6.273089655169750145e+00,7.871720622762925501e-01,6.774697135461589248e-01
2.612076172281905806e-01,9.043984876643327286e-01,9.381019048879648548e-01,5.986946005232375967e+00,6.860670097308179116e+00
1.183516517031536930e+00,2.483791353698482585e+00,2.420604185862019975e+00,4.507317010201609797e+00,7.106492239217577778e-01
1.775075430487207950e-01,9.935787857165012671e-01,3.622639816780305111e+00,9.921614076091178624e-01,7.946301126425896477e+00
6.585432046666341854e-01,1.841356426605190943e+00,4.972084290006136165e+00,3.322705480759833740e+00,3.645194054132513184e+00
3.415651328881786908e-01,2.199323823215086460e+00,5.266541553917063467e+00,2.553893701725894694e+00,9.404707602811233080e-01
3.470883284638809352e-01,1.358378284986072382e+00,2.519396319079240332e+00,3.927953646022798395e+00,7.708236941544353904e+00
1.751218257087493457e+00,6.674361586213877207e-01,2.403074295646428826e+00,3.865438890814956174e+00,4.116701782181942271e+00
1.663638916965257397e-01,1.969734920773011932e-01,2.250390332200836729e-01,5.293195935448790301e+00,7.743944976446003992e+00
3.320487368800442152e-01,1.706275989966110851e+00,5.278906032196723608e+00,2.046834731701707266e+00,2.923351607313448675e+00
7.739283763746934719e-01,2.454274438815605919e+00,9.355716075431679268e-01,6.784068404317694423e+00,1.169485768059194575e+00
1.357112917667148144e+00,5.937554687207020621e-01,4.870738089167330642e+00,2.491497825232288132e+00,6.528612617092285353e-01
6.102826496945867873e-01,1.388851451366873491e+00,2.014739916258548647e+00,5.388952446672177210e+00,6.698072019835699997e+00
2.272766397703468166e-01,2.012609224671018104e-01,3.587713445734629358e-01,7.625076158637633661e+00,3.716904966025967205e+00
1.614322204472431188e-01,3.791977243518502294e-01,2.465126634177421394e-01,4.743577237638191835e-01,1.006866385002731690e+01
2.659585386190335132e-01,1.088999304059332207e+00,1.072454109483508278e+00,6.819812607583851438e+00,5.254914354663030807e+00
1.755451579520969085e-01,8.595540355178217240e-01,3.872288405656543642e+00,4.038713020470304116e+00,6.010936093514626322e+00
1.578337699197945587e-01,6.573173434620086519e-01,3.381305453593264065e+00,4.171422759700838867e+00,6.743968478108504527e+00
5.147622489666242585e-01,2.064086228188621863e+00,3.947157670301367549e+00,3.912076612568454070e+00,4.776523505807253045e+00
3.301650453295355003e-01,1.847905949785722868e+00,1.217733132097903681e+00,6.503041488037481166e+00,4.408468619348859363e+00
1.005835406616282457e+00,3.209031312743701458e-01,2.140833306763191501e+00,3.333469494518796150e+00,7.759114542720816132e+00
1.660493545023388473e-01,6.557486971079766747e-01,3.027691129025867678e+00,3.410612040683708379e+00,7.799143093054699882e+00
2.560686118055188754e-01,1.009206826564495341e+00,4.501798226858461760e+00,2.354697362926429616e+00,6.394651680093132562e+00
1.658223872845419944e+00,8.705961945832672022e-01,3.584383885601341913e+00,3.719715654570692642e+00,7.986049841418960682e-01
8.029644762033072425e-01,9.253428430123759041e-01,1.632650185736388870e+00,2.912644396360577481e+00,9.243293859777573118e+00
1.533327958626857557e+00,2.650391948600890668e+00,2.236241445657403570e+00,1.746012255421807824e+00,3.150921511422568599e+00
1.651671167467798851e+00,2.260438683552837613e+00,1.897637992042973343e+00,3.368928888851800973e+00,4.504187348258029466e+00
1.112459114420409234e+00,1.934459739087010410e+00,2.383282903255018237e+00,4.547276097530568606e+00,5.809560872074235327e+00
1.603313285252872866e+00,1.017112352366809080e+00,4.252702411253607373e+00,5.137185319947763507e-01,1.812236976012222112e+00
1.704392751400755079e-01,2.571045844814123238e-01,1.730119198275187120e+00,2.736482750220154969e+00,9.255442929314144251e+00
1.670017475136880147e+00,1.999145478489234407e+00,9.075900643786255495e-01,3.854818491105648004e+00,4.862030394983025694e+00
2.532364262877488392e-01,1.310924663727045969e+00,6.256912713333813159e-01,7.760596919515343473e+00,5.679112084940460825e-01
1.185990064274407896e+00,7.813146074174563971e-01,2.508623284177510016e+00,1.397537714791106112e+00,8.173817098648996193e+00
6.737931286864021763e-01,1.796116195748741040e+00,4.995843553200149501e+00,2.847744565600515365e+00,3.723037525630429112e+00
3.433217663965093536e-01,1.937366504909398213e+00,4.946600555989266290e+00,1.677453860468093971e+00,4.494946484766023431e+00
8.066696929776079328e-01,4.086510044070526426e+00,6.359902145437523746e-01,9.342572884869133620e-01,2.557663440173611136e+00
6.473959517448557577e-01,7.141785531979286672e-01,1.422489388589703641e+00,7.425601065411957968e+00,2.258981781056256910e+00
6.311045784738141817e-01,2.481046018396916963e+00,3.159237723904377404e+00,3.315059484527767442e+00,5.132407401964103499e+00
1.170997384182342005e+00,3.369662064104911536e+00,8.720449566857082502e-01,4.683245816310355636e+00,7.753907038639341609e-01
8.734896913801840634e-01,5.418748125443400010e-01,5.407768103911301250e-01,7.820410533607718762e+00,1.215218647981207711e+00
1.857133188926096690e-01,6.062938591047238868e-01,7.567427123752430429e-01,7.227161922864665300e+00,4.401456300803052279e+00
1.362034387921649881e+00,7.065812553535739671e-01,4.515317240595120296e+00,3.789619370330188808e+00,3.755458284779391587e+00
1.995622557799944241e-01,7.190033072097312683e-01,2.277645034925218415e+00,1.759676524135959763e+00,9.207007525079330179e+00
2.444712857965485875e-01,4.022738769398158665e-01,2.409952932385555080e+00,7.535983672847873294e+00,1.319818709505035548e+00
3.520710896871616646e-01,3.468930605910757414e+00,4.402958294572459907e-01,6.684237793185616727e-01,6.070179988318413322e+00
4.033495067960267688e-01,6.848717375510164906e-01,1.015378820143475247e+00,8.988025298141645303e-01,9.893228676543524003e+00
4.527446732725711742e-01,3.204020451841995243e+00,3.397967992662568104e+00,2.098185944765394773e+00,2.767432473504773505e+00
9.712703910698258780e-02,9.787552650326208914e-02,1.204599942747017205e-01,6.364353358548775486e-01,1.007421679269212866e+01
7.254344478677747787e-01,6.665389861668677973e-01,5.763566133729033147e+00,9.700478271981701761e-01,2.771834387475946571e+00
3.693413700656659193e-01,4.720947772277118148e-01,4.568215765432149134e+00,3.901630221579174496e+00,5.766756341611307235e+00
1.690844641636934098e-01,2.120754570807017736e-01,7.581820828335605889e-01,7.845143958345594193e+00,2.602636365076784752e+00
3.250168155230205302e-01,4.139198220196123601e-01,2.078248293450031703e+00,6.677178045464087219e+00,5.596730619282676678e+00
4.870909560410183747e-01,2.229627444801323577e+00,2.328576057447426351e+00,3.740614490896172040e+00,6.016874213316734554e+00
1.102846995516001849e+00,2.629992311659046678e+00,3.506441721456959648e+00,1.041090208337440703e+00,5.810360683712841201e+00
7.031071675917044406e-01,7.941066278874678863e-01,9.725105856514477676e-01,4.037629615730744526e+00,8.738904120490179395e+00
9.306741286866351270e-01,5.144582138637134872e-01,3.335322075166215150e+00,1.655482109075908870e+00,8.216244545554623357e+00
1.400066742481172799e+00,5.844649925790079692e-01,7.587212734319594976e-01,7.365548568516874894e+00,1.489660044148615636e+00
3.634830468201473153e-01,5.798727757636308322e-01,3.554894519236035055e+00,6.653681654453706962e+00,1.731792318586910406e+00
6.436619283811630954e-01,1.288654955887918341e+00,1.847373510685526021e+00,5.653537982810530327e-01,9.328588280068338179e+00
9.305859079258493871e-01,9.554276667720330574e-01,7.070056516802614155e-01,4.422279464254777359e+00,8.299286874571240702e+00
6.426384099635022995e-01,3.909471417011291638e+00,4.749100100426195681e-01,2.038653288453636581e+00,1.776060651263190238e+00
5.398442223658188599e-01,7.991661966211094370e-01,1.159527979871378456e+00,4.161943207102416942e+00,8.494228194665826237e+00
1.110528297928352059e-01,2.250011445827525269e-01,1.232732840040462463e+00,5.909327728378861444e-01,9.897555723504773084e+00
3.187504146426465290e-01,1.346454263662444806e+00,4.536563560967175945e+00,2.074347632828664967e+00,5.958240970766394362e+00
1.235222108504295591e+00,2.695686067449344137e+00,1.642387600216173915e+00,2.692807168421602615e+00,3.794322141887715105e+00
7.131005601934718996e-01,5.485516746894073536e-01,2.944602030230309531e+00,2.143051735080445219e+00,8.882808315617877426e+00
1.074996861673751525e+00,2.518891829205072597e+00,1.574162572767888735e+00,3.250257351612738876e+00,6.542993581399713321e+00
1.078696712830242849e-01,1.201412416655659732e-01,4.064240939204078473e-01,4.232511370698241460e-01,1.008679975595608269e+01
3.149832927142892647e-01,4.546374794971660416e-01,6.049647019369296608e+00,1.209179870133150647e+00,8.290377487926003930e-01
1.000438174872017305e-01,1.065438956475498605e-01,3.391720151236473635e-01,4.979254124408611482e+00,8.011365381809106623e+00
8.558305061667372815e-01,2.359146118008311976e+00,2.664452096560157024e+00,1.609963300740152592e+00,7.193642373061376993e+00
1.143164976113816955e+00,1.524923892649635793e+00,2.452035552350483982e+00,2.674515504085633211e+00,8.069642425357294258e+00
6.408418938940583232e-01,7.635658634756830043e-01,1.616470008135476366e+00,6.307239957792970309e+00,5.788698559547827749e+00
6.154316787722767801e-01,7.970597246271764469e-01,1.058325505123718813e+00,7.194306794613105183e+00,4.084325157354349756e+00
7.480878664618345608e-01,1.909797141955364763e+00,5.085311830070128103e+00,2.369880270087205254e+00,1.971577782768623388e+00
1.318450056201752929e+00,1.833338730737380740e+00,3.168053735665929516e+00,3.859231108508059949e-01,5.163377215688616850e+00
2.684207459786845940e-01,4.917751503310474614e-01,4.972058930125997200e+00,3.386562477355570699e+00,4.934254738316082189e+00
2.101490046622157826e-01,1.602070108695203610e+00,5.607657844354970500e+00,1.042865913371298525e+00,1.521624755313629729e+00
3.734273080925363808e-01,3.530803636497543252e+00,2.200455070822046721e+00,3.729015414441826604e+00,2.619755941347680750e+00
4.630803319486127556e-01,1.056973244828082859e+00,1.468858633417849502e+00,6.894044177503682924e+00,4.658830127868328397e+00
1.607006833226123921e-01,2.152027298006011780e-01,2.768129847649653530e-01,6.409311776632755198e+00,6.265780127381869846e+00
2.625968192845176130e-01,7.128791820037817528e-01,5.749657594557097795e+00,2.468057013133369892e+00,7.962905394101961187e-01
8.576100586019430594e-01,1.402146762524853152e+00,2.457138889484629551e+00,4.115594581034540234e+00,7.593602442433962096e+00
1.671788111553053957e+00,2.084566747661720232e+00,2.012464980826778049e+00,3.467197654777224081e+00,4.694208928693448080e+00
1.100653191405647657e+00,1.059880695092405123e+00,2.938538102933241802e+00,4.265647436166540629e+00,7.199625643223514615e+00
1.096564278439966511e-01,1.212926566668352524e-01,3.269275645051480939e-01,5.691461444801015013e+00,7.261112099908201500e+00
3.768830632952032134e-01,1.418359962468999536e+00,2.975100550759752327e+00,1.712809111318675637e+00,8.671426264604233936e+00
8.381423635656979343e-01,7.302486102950940250e-01,3.583375826066847125e+00,5.326292491640841398e+00,3.744677390454432597e+00
1.105543214772267024e+00,3.501175757323884419e+00,6.813067302884738830e-01,4.458347392955826827e+00,9.537739067897499368e-01
4.297765567951876697e-01,9.907365805275691883e-01,1.491147226943944304e+00,7.090714485453737836e+00,3.489586072146459106e+00
1.198327013015965559e+00,3.547147223776307090e+00,2.514318255716524231e+00,9.024804910464516716e-01,8.514453786952187464e-01
1.420007032827950599e+00,2.805422855863074716e+00,2.492459607933026788e+00,2.481555850392115126e+00,3.545101019859949076e+00
1.249068214565425716e+00,2.936673595477041321e+00,1.832186416882309210e+00,4.870046642967680306e+00,9.868867230855106198e-01
8.240791888124072706e-01,2.413844711962342071e+00,1.979833703905517162e+00,6.706462386276154097e-01,7.963996462656230513e+00
1.631864104645885494e+00,1.322229446711062462e+00,2.754743374959866653e+00,4.002072957195629499e+00,1.680106137993457871e+00
1.645010120433454848e+00,2.930312529733181570e+00,1.085689186874205125e+00,9.615836877092067692e-01,4.915153773315052432e-01
1.492472222164096030e+00,6.414511280254810988e-01,1.621468106537669263e+00,3.025020435885244385e+00,7.513552336887384442e+00
9.955186355717879909e-01,3.421504179157202064e-01,4.004578600482562756e+00,5.706899924602748975e+00,1.312837042212764427e+00
8.904984565400695384e-01,1.796755117238244548e+00,1.155244342326672502e+00,7.141375862611556435e+00,2.727631691795144420e+00
2.386808951593914485e-01,2.904150442272113719e-01,3.707503820694093011e-01,7.979875816685402690e+00,1.714324529523345353e+00
1.298963036703096652e+00,1.716538470694958685e+00,2.286853499964197844e+00,5.051167237070019134e+00,5.205409511699916614e+00
1.598627202197030694e+00,1.159535359590732950e+00,4.096164530527651060e+00,8.744347127705267564e-01,1.294132397889159236e+00
3.668901553827908502e-01,1.513129655265409212e+00,2.113749921622109618e+00,5.003685084843370046e-01,9.172693327693806964e+00
1.638871889013211680e+00,1.570348606859949703e+00,1.506366234108788449e+00,3.953674142070258135e+00,5.352412474325685565e+00
1.289693428346543103e+00,6.881836612069405223e-01,1.321829907688882422e+00,5.814617144110311386e+00,5.474805323765473020e+00
5.091494222197282538e-01,1.337050025534179065e+00,4.598561165149561702e+00,2.917075124883861115e+00,5.816281475956997404e+00
4.042028585971987331e-01,2.390022970350442755e+00,3.638938970905072345e+00,3.554363918474301443e+00,4.411656593282970107e+00
1.205397721355662283e-01,2.068717963379469726e-01,1.421272120319173049e-01,3.826585042063501252e+00,8.948496856381154885e+00
7.442872895984153914e-01,5.965507343334722767e-01,5.935738710915786420e+00,1.458069391574527973e+00,7.339760261022244547e-01
1.008199947523568341e+00,1.942251781998746596e+00,2.756467765644854406e+00,5.268182145269283190e+00,5.231290989851608231e+00
4.150691497687671871e-01,2.564709081834481985e+00,1.986225246917923348e+00,5.803719115687199448e+00,1.551216780999306488e+00
5.148338568563642914e-01,6.657897226614764019e-01,6.015208276609432581e+00,1.243850324467965951e+00,1.162416474034651204e+00
1.169032752645422502e+00,2.503135136893246404e+00,1.578268450584922267e+00,4.157264875962487949e+00,6.583734344984552678e+00
2.321851254167582868e-01,1.712352704317473273e-01,3.994121958518000448e-01,8.077461096511488137e+00,8.210027251245803903e-01
8.192608447988711795e-01,6.018344034197317116e-01,3.982506263461160323e+00,5.092737816405508156e+00,3.244906117375867094e+00
2.037277866230753909e-01,2.417680781025929315e-01,2.999931816307039867e-01,8.077169511600258645e+00,1.203805330880800772e+00
6.355915110659348111e-01,2.494731333834118825e+00,4.604505400639145485e+00,1.428180379079180273e+00,3.852707627042800453e+00
8.182063186046969472e-01,5.739445036966379643e-01,3.521378955616048856e+00,8.393733473909921194e-01,8.394564823213192639e+00
5.242302599676682551e-01,2.729814377605286335e-01,5.914104933109211260e+00,1.596103645883211186e+00,8.865600631191190573e-01
1.320905442645562200e+00,3.172852997784847418e+00,1.352728556180726294e+00,2.706586576303048552e+00,3.506614067536616641e+00
1.918767633766852221e+00,5.685808970977599408e-01,4.395635515625587963e+00,7.457724868522661588e-01,9.073286684735939467e-01
4.562045024178355557e-01,9.597199318015359193e-01,5.291189479725171285e-01,1.082054494035174841e+00,9.701459106859006809e+00
1.923978222234651037e-01,2.386272149899907047e-01,2.879885388304733174e-01,8.089960950589700772e+00,8.878854055215634755e-01
9.316495570516251101e-01,4.150294446612520782e-01,4.342859767382016400e+00,2.024121489056865286e+00,7.014953365537540009e+00
2.637826407680618490e-01,7.803634084404911242e-01,3.881414039501553392e-01,1.691867635025478878e+00,9.868777035110337437e+00
9.538734655213392255e-01,2.769092924060279071e+00,1.872867150813825932e+00,2.770256299443543568e+00,6.225155118357387884e+00
1.621441304439651954e-01,2.677265284520907729e-01,3.555805613556716427e+00,2.924605597424174253e+00,7.547246340589040869e+00
1.044537993943831289e+00,2.557395328221879538e+00,1.881285497791037153e+00,5.697278957470407690e+00,2.443525290076506984e+00
3.252631063501172926e-01,8.313234812617644742e-01,9.092163657710357061e-01,6.035600358959073652e+00,6.767428619296420145e+00
1.017013828637162026e-01,1.176458394946840041e-01,1.060260171876953872e-01,7.870561173322062620e-01,1.006094197690818959e+01
1.011081636179823384e+00,2.112576838768587262e+00,2.219429677627397179e+00,3.040314349542541095e+00,6.014943837971979512e+00
1.983243263062000494e+00,8.685015251419037074e-01,9.156635890929971655e-01,1.396505472603509990e+00,5.892578931962168198e+00
1.685740160888956063e-01,2.738460229942465407e-01,2.202471400209307650e-01,7.615239195062718736e+00,3.575558063264160147e+00
9.695700494140692405e-02,9.796523976611205831e-02,1.232569341999155271e-01,6.755887876079988974e-01,1.007049177529015971e+01
2.905219773626241953e-01,3.663452968655525943e+00,1.059653546004005742e+00,3.872445326129204446e+00,8.855473147319048444e-01
1.490459328649612392e+00,1.859481966692015709e+00,2.583118320565056525e+00,1.015851324141193723e+00,4.413863424475742647e+00
3.789923273435690243e-01,2.272618833140661043e-01,1.774137053615659099e+00,4.798969715618907728e+00,7.690035095537646193e+00
1.639747001180933639e+00,1.278579657233904765e+00,1.660852825553636558e+00,5.156267312583380225e+00,2.900708573466481699e+00
1.580055818326604244e+00,3.294600065922860033e+00,6.222632301550079514e-01,1.084788376822201084e+00,6.151324746887898431e-01
3.412931088330052321e-01,2.242023114838740394e+00,6.656832912217576226e-01,7.240259555764851029e+00,7.952668717575313018e-01
8.740627732535091177e-01,2.277978212379359046e+00,4.430753568419755872e+00,3.636486404031406661e+00,2.305149842033767715e+00
1.843985291566229423e-01,1.259133775435507641e+00,2.698672328293857170e+00,6.384879323396563500e+00,3.802870445308335068e+00
1.374888279660989365e+00,2.325514031336099130e+00,3.741150404682642705e+00,2.355339310195898594e+00,4.495127617704366862e+00
1.337339203665729892e+00,3.278306489231725518e+00,1.274504046344476116e+00,6.065555771527626483e-01,4.124064779277197168e+00
5.944737186832305120e-01,3.796376217187857449e+00,2.926671283954954461e+00,1.976233220591801176e+00,7.246188306871043094e-01
1.106967576745155446e+00,2.897525607067385600e+00,3.248309299631190417e+00,1.759412967607850931e+00,4.981217894361269494e+00
1.710014875311444693e-01,2.719993803931887166e-01,2.239144138776462956e-01,7.140907856666373732e+00,4.852409138591998072e+00
1.844802834207039943e-01,1.251170400195766863e+00,5.689249867339722933e+00,7.857673946918928287e-01,2.595433111824799965e+00
1.118175660649474601e+00,3.005876775349480390e+00,1.441703550750464746e+00,5.146731330803082649e+00,1.125902664504752515e+00
1.363195232790065159e+00,2.476702483534968469e+00,4.158294720472153649e+00,1.920228313228768080e+00,2.230286779343935599e+00
1.876839166293992056e+00,2.478555790523066182e+00,1.348142589548169346e+00,1.809489645483138398e+00,1.403202780363556723e+00
8.937004472657164023e-01,3.654692044812072993e+00,1.104515823257485652e+00,1.583747386665151691e+00,9.549399848465738305e-01
1.578087812696245429e+00,3.032999532502523854e-01,3.213048318100341749e+00,4.223680968448400463e+00,2.075967696618766123e+00
2.289091019361155777e-01,1.827135686769439382e-01,3.818078979709005893e-01,8.090338404714360721e+00,5.930097004170347130e-01
9.820739438211234518e-02,1.100524378430031147e-01,9.856068136318489603e-02,5.876148709514743551e-01,1.007789233655641148e+01
6.608562247072885532e-01,8.321648052597412359e-01,5.614771522357420608e+00,6.052645436116328437e-01,3.143448136376834512e+00
7.211838409130546523e-01,7.090547031343328310e-01,5.751902390881697080e+00,1.138558346174016744e+00,2.663353393336999275e+00
7.372523071197805145e-01,4.209952628760692539e-01,5.740315191198577693e+00,1.124220580066971564e+00,3.444877738086356889e+00
6.122966266796958656e-01,1.461289745243347760e+00,1.000142993031852612e+00,4.810567732670357088e+00,7.833352979782262082e+00
1.736245890064614716e+00,1.889938933472600890e+00,2.684580065859274445e+00,3.021636556011141561e+00,3.280943707627814732e+00
1.784945121697372183e+00,1.388321206392817420e+00,3.087168965011887423e+00,3.425540627073754063e+00,3.050928099354928147e+00
5.011723484496148906e-01,2.087928679800525433e+00,2.319128721979422103e+00,6.977552233255708281e+00,1.557513634346281872e+00
9.014684934725604171e-01,9.086105566297509872e-01,4.557111207134762587e+00,4.485959328068835461e+00,2.606445501803821063e+00
6.951294967591528096e-01,9.919260357777635040e-01,4.526076749812349753e+00,3.447719018348360365e+00,5.597627065935465218e+00
1.105773592911558495e-01,1.242495468872289038e-01,4.137982094080873141e-01,7.860770944303578034e+00,2.533478484696536803e+00
4.484633297995317958e-01,1.182963194640220816e+00,4.698536625811573941e+00,3.669692839028895204e+00,5.061399260311789661e+00
1.145284450123589703e+00,1.631227213505089368e+00,1.689375066595554253e+00,3.334541436494157907e+00,7.143463645017608776e+00
4.279331818921199293e-01,1.610671513758271889e+00,4.159427576149291816e+00,5.752607155538076000e+00,2.196437998692731597e+00
3.740787396920182140e-01,1.248248958612877102e+00,5.121082452733817902e+00,2.848248186922159864e+00,3.772203972061451083e+00
2.055140303866012541e+00,1.004470236387549065e+00,9.497430218433702276e-01,2.554728235203143960e+00,2.517283256391511514e+00
1.200107498325069466e+00,1.632061618829055094e+00,2.172544222079276555e+00,4.942267850978507404e+00,5.310682185266043298e+00
5.676572098435194169e-01,2.028536554945716275e-01,3.769182999309380833e+00,5.328758591525520671e+00,4.178364945454021928e+00
1.001099521611956700e-01,1.143594607818414072e-01,1.002065933668281061e-01,6.613810985744863480e-01,1.007361038605699832e+01
1.428805634720247797e+00,1.824773284327530831e+00,1.077117555586172948e+00,5.514843544116890151e+00,4.446679954086756759e+00
7.584518168210798716e-01,2.790200028839225355e-01,4.083804120586800757e+00,5.337339004774934281e+00,2.046888993530445955e+00
1.598674446448636655e+00,1.720120034048695734e+00,8.414391544844648241e-01,6.296800807062146177e+00,1.562527526083409724e+00
1.138496129585613081e+00,1.728887258775200442e+00,1.943945195808666648e+00,5.096274490444574035e+00,5.679277049105428965e+00
9.690566663890459731e-02,9.767958872439007345e-02,1.207470233329078768e-01,6.394333925950079767e-01,1.007370874913220149e+01
1.011023249788836953e+00,9.812102096950043872e-01,2.439168165358015283e+00,6.474260880987708688e+00,9.758396001854041657e-01
3.332548668430314609e-01,5.388126383097633365e-01,4.713131530384548462e+00,4.484926861265738474e+00,4.689343393775799562e+00
7.107013875024092986e-01,5.411802694243542655e-01,5.476165480493751403e+00,1.285214651264598995e+00,4.578053295252601629e+00
1.525372983266471083e+00,2.132120338152915462e+00,2.149179569649445121e+00,4.199657033452982802e+00,2.892975291337432253e+00
8.126610243801385414e-01,9.358314341279794224e-01,2.896993769895320536e+00,6.706223786118124863e+00,1.428206691805858686e+00
2.602247461577348320e-01,5.961833556423921099e-01,2.440511781295175098e+00,6.952788912615813999e+00,4.183604703469577579e+00
1.335647808302100392e+00,2.999781296712820566e+00,1.562902085339198832e+00,2.993523882979058470e+00,3.547498277125092692e+00
3.618647783684461050e-01,8.610470356428432392e-01,7.682978082681866105e-01,5.594212035360177637e+00,7.368414885971489525e+00
1.643065762938420160e-01,2.578812475345251820e-01,2.391553671020643090e-01,7.730815251839090685e+00,3.118182909394241697e+00
1.379198436035746322e+00,3.249820898349939924e+00,1.809298422812052332e+00,1.255960692629363162e+00,1.003933216306665210e+00
6.062056189118828486e-01,1.703143984480816941e+00,7.460689843127670251e-01,3.648065167651501461e+00,8.518331561903215388e+00
1.125860141038964590e-01,1.335744003563728022e-01,1.300572417813690429e-01,1.227842540125065218e+00,9.999718062378297745e+00
2.950220785019610492e-01,4.591314717711432181e-01,4.086984085876471440e+00,2.589413082807225930e+00,7.041461646274373543e+00
1.477386537401266242e+00,2.749263416369759128e+00,1.869027974694102312e+00,2.134380526239987308e+00,3.871906182926448725e+00
1.232076076648646740e-01,1.701024108928794187e-01,6.856352274316369622e-01,6.183466667066384481e+00,6.545504718009635070e+00
2.932332505418836499e-01,3.729392656278547324e+00,7.360678452619715539e-01,3.490480981301836927e+00,1.847206580643577789e+00
1.444002460382137309e+00,2.882862011485268994e+00,1.891180064828357432e+00,2.805967911571922713e+00,3.578573713368754738e+00
8.825119382095181209e-01,2.709617048951447948e+00,2.896552355028445547e+00,1.751733523587177821e+00,5.273741049052958374e+00
1.232544559269972861e+00,1.590102715412754941e+00,2.395443709219761352e+00,5.137012446843460367e+00,5.468523994818304423e+00
1.048208759213413166e-01,1.215712284808535409e-01,1.144478456443307757e-01,8.718147043940234209e-01,1.005143933741917195e+01
1.383658012584038366e-01,2.605834545986171480e-01,1.476087666935268494e-01,6.169335281329846765e+00,6.633205836574401992e+00
2.380030819435017542e-01,5.839584196668544669e-01,4.098317434604632048e+00,2.235242715531071678e+00,6.975785473934212000e+00
1.388205013157686185e-01,1.414962235002493462e-01,2.119637794705615808e-01,1.990558177874006240e+00,9.866096839781210548e+00
8.358303484442664022e-01,4.539212461053354630e-01,5.138550924663426223e+00,1.647012138336803933e+00,5.170201619013434780e+00
1.830289296263887477e+00,7.689539107849787669e-01,2.102462708636486877e+00,4.519145492624925708e+00,2.190690255678857667e+00
1.519709389599771310e+00,9.746664063360570562e-01,3.339749941801523292e+00,4.060294962822911913e+00,3.561702764574953051e+00
3.772421310758988788e-01,1.167610157270364768e+00,4.528868372249381657e+00,2.626097584286993136e+00,5.822542728052194860e+00
1.398072177326166177e+00,1.480096173868483245e+00,3.343743174378311700e+00,3.680143475751957549e+00,4.245825048840297100e+00
5.587663451226061451e-01,2.097558422839739922e+00,7.213457582245167421e-01,3.790696333801209406e+00,7.996149129933220578e+00
5.890892444474730150e-01,9.593737286995274172e-01,4.030712413286677176e+00,2.016408091766646038e+00,6.673054240580782448e+00
9.573554887026022309e-01,2.367158620769756805e+00,3.110175838272147164e+00,3.185066993851597417e+00,4.809235645094892320e+00
6.837268777370680839e-01,1.946468798110466247e+00,3.742169921015286338e+00,5.195297909547058168e+00,2.637686240925013248e+00
1.404377783397881663e+00,2.687894723184022894e+00,3.619174616501971808e+00,8.369494950671654276e-01,4.777860891873364935e+00
1.733356275582090822e-01,6.653524103429361292e-01,3.144754835693511552e+00,4.927551626852437749e+00,6.327293765263749314e+00
1.197398014801616117e+00,1.221559401838213432e+00,1.412296979072769298e+00,2.999261044043935343e+00,7.537590706943064767e+00
8.348887850423563073e-01,3.429672449660915667e+00,8.816812919925394176e-01,2.174497801425384846e+00,5.074792006814804246e+00
1.887195066801702903e-01,6.981599364222501602e-01,3.261375177845178830e-01,2.925545080227729411e+00,9.319310574320669005e+00
2.384206758209135857e-01,1.926428907546936797e-01,1.032111893146793191e+00,7.509819480162619243e+00,3.935173850629566150e+00
5.556954925592916261e-01,3.086267404651187540e+00,3.863524356316480279e+00,1.251855044946017514e+00,2.840226050783607015e+00
3.384757089193012325e-01,1.563717138088521086e+00,1.586295086659069042e+00,7.371545582388704609e+00,2.395097826547840647e+00
2.810566744156114405e-01,2.071859766167077233e+00,3.041944807035899867e+00,4.092039280134926571e+00,5.183481236328757902e+00
1.208516727651606892e+00,2.572432150095618208e+00,3.628405112438574331e+00,6.033794443829144649e-01,4.854836086591124200e+00
1.315886856169693253e+00,1.209967337774501717e+00,1.105325950991590700e+00,3.029162904605609441e+00,6.645993877658716187e+00
1.940396684249102055e+00,2.046615272491926873e+00,1.427162111707114933e+00,7.166411048976182308e-01,9.105700744949850600e-01
5.119506497590118332e-01,8.549423713406898440e-01,4.786487962380201466e+00,5.151927354324026265e-01,6.112030202517009236e+00
4.413396414605555429e-01,1.090539399971257151e+00,5.787507213188176181e+00,6.330688424837724870e-01,4.252132721881448418e+00
8.688877187735546404e-01,1.631611931390433368e+00,4.632334255850970584e-01,6.434497463435802089e+00,4.920980705139747613e+00
6.552734782128412094e-01,2.496040343121557648e+00,4.381260791627725304e+00,3.197810123250055980e+00,2.166974448529542130e+00
2.306753390649627367e-01,3.526158372147529807e-01,1.645222289226218715e+00,5.893735673009197207e+00,6.710334256076151860e+00
1.322845990591722476e+00,3.249774498372977050e+00,2.473006005750177927e+00,6.650143008900524233e-01,4.449068245950904554e+00
9.357294461898260085e-01,1.548463305883436281e+00,1.795138745570802108e+00,3.471262817154959990e+00,7.544152971110082539e+00
2.342818663887833996e-01,1.779715349406519598e-01,4.026288290361574873e-01,7.988598710196909813e+00,1.797321556069395587e+00
1.032692771842593560e+00,1.673333602698668265e+00,4.456780506110994411e-01,6.836947292267270271e+00,2.514553667770422329e+00
9.815373192945890668e-02,1.096544480604968730e-01,9.832215001823986500e-02,5.875932178532210504e-01,1.007792078237834410e+01
9.818556531427935496e-02,1.092250679083826836e-01,1.055227251942406075e-01,5.972754712442310820e-01,1.007717422574848065e+01
3.979226628824741874e-01,2.282939229859599073e-01,8.532052542179746624e-01,6.804608069731904685e+00,5.531358453882855741e+00
8.403794717364951872e-01,1.841781119832062608e+00,3.499965775812460045e+00,2.966496954119089757e+00,6.437542831015844236e+00
2.210792144978163676e-01,6.805825994220614517e-01,5.745091337606774928e+00,2.732718941938186319e+00,1.846068030728848619e+00
2.698892019614864690e-01,1.317372230808582678e+00,4.648362929374312280e+00,2.444641628456400095e+00,5.601415624846407759e+00
3.800869017270711581e-01,4.662437481523896143e-01,5.837373138158338470e+00,1.882333413186968674e+00,2.260772750831477662e+00
1.786964853084951343e+00,7.341270837527784643e-01,2.027564034417624672e+00,4.063833238737556641e+00,3.912911222382225329e+00
1.142170965462665777e-01,1.257847078900703464e-01,3.274939207456431522e-01,5.238307567531303555e+00,7.784429674189381920e+00
5.257344310362243034e-01,3.676774953659891043e+00,2.980266475652569635e+00,1.460703096625448172e+00,2.350171083940557182e+00
1.414974949129414461e-01,3.139502867094521865e-01,1.914430569498746237e-01,4.984542298769115476e+00,8.002639070762102236e+00
1.838426422243007785e+00,2.583503439782190103e+00,9.104673013391434422e-01,2.348548591444375333e+00,7.692844916637613384e-01
1.741653514763849220e+00,1.189190526034788142e+00,3.264485408833150082e+00,4.001167509809998357e+00,1.149800892957794529e+00
9.172979305246524717e-01,9.818013235407775374e-01,5.669852258941148193e+00,1.471622222701788774e+00,1.655463091369610895e+00
5.859558665334324568e-01,6.700996194626752667e-01,8.798858845138299856e-01,7.462164931808218604e+00,3.043722510462885111e+00
2.387201751217212786e-01,1.873033654392612379e-01,3.649148219659323344e-01,7.772526401806389984e+00,3.219759183691237148e+00
1.951927075341450823e+00,1.309598499123499682e+00,1.727182129721215098e+00,2.203654803253026540e+00,5.659459059863136687e-01
1.606775389750661809e+00,4.397732393974839171e-01,1.735265876336201885e+00,4.083765411810640344e+00,5.699648780467801323e+00
3.592207384445882390e-01,2.277295608126560289e+00,2.269370815233560990e+00,5.371128013967857662e+00,4.396393948988692735e+00
1.360578416021504811e-01,2.111739714564537240e-01,1.059057013556180760e+00,6.972012161117789875e-01,9.963984911207328210e+00
9.350272590435432241e-01,4.961167501954873993e-01,5.032459841257094446e+00,4.221289118746471836e+00,3.474736195849548182e+00
4.767392876960775405e-01,1.397878245702024458e+00,2.306916226489776456e+00,6.830345544416545955e+00,3.761061486435237633e+00
9.997783076266812674e-02,1.076811444972099602e-01,3.171022995957804014e-01,4.753386254712906878e-01,1.008149319475525907e+01
9.840495816193068901e-01,3.900575886735210274e-01,2.803195051269921301e+00,6.639760033063962119e+00,1.240493752070330524e+00
1.507154738886967937e+00,4.455037040580303587e-01,4.515383456660669204e+00,3.119198534549798119e+00,2.045436340812793574e+00
7.798590392044588704e-01,3.541473276743082987e+00,2.805778805791790287e+00,2.567279387956430181e+00,2.146133560890469472e+00
9.257190611783001621e-01,3.724770927443622703e+00,9.836882507457462843e-01,1.277316214981715881e+00,4.595237612327315979e+00
2.696460776418146410e-01,2.523873639132301783e+00,4.063659044024570122e+00,3.119962919555012260e+00,3.658679965138777135e+00
1.956062041863830814e-01,2.081971604626617345e-01,2.824571013219843163e-01,7.522237296910713411e+00,3.903569397387082418e+00
1.109235086647289092e+00,1.754576558018726029e+00,2.061480371976425197e+00,5.200830299599408235e+00,6.089052755464108735e+00
8.683965631048845557e-01,2.257605027624151273e+00,3.990729761696214517e+00,1.290432917579618088e+00,6.407176219142908913e+00
6.774455128729786058e-01,3.640320361974607177e-01,5.824616333563022330e+00,8.836163455648873288e-01,9.272581800008621311e-01
1.786280850606381643e+00,2.238171237621904730e+00,1.102975372473452120e+00,3.551294123188194707e+00,2.001539091337898757e+00
1.067584847152684535e+00,3.066865216850732101e-01,4.834114119238410723e+00,6.914119303545991357e-01,4.843224439092206346e+00
8.704082463787448098e-01,2.270869144654447780e+00,1.739379770407977421e+00,6.367185655275169331e+00,6.492900248642314853e-01
9.281277811680475054e-01,7.293838114134086892e-01,7.825855998858313178e-01,7.368161367861228328e+00,3.126175288806710917e+00
1.339274677151934823e-01,1.486254932093531433e-01,4.075536313856780168e-01,6.147943272956874594e+00,6.698456873238302300e+00
1.438928355615645971e-01,1.756057841485511029e-01,8.535846453017145175e-01,7.561241824315029447e+00,3.692604964405293178e+00
1.136017509510081763e-01,1.308577111644994295e-01,4.677798724415646037e-01,1.011151549132503380e+00,1.002499527852014261e+01
4.666984518614455402e-01,1.909153436760874012e+00,2.616354246840055353e+00,6.541509470105725477e+00,1.602884765564254188e+00
2.253158733125099067e-01,2.880819276309242172e-01,3.680362723762588550e-01,6.969756283456508328e+00,5.238032684685016704e+00
6.965937423269192852e-01,1.295795363480802598e+00,1.426217659550393702e+00,5.369946323438592017e+00,6.423594875782682401e+00
4.925662825384338195e-01,6.957961741578797543e-01,6.160618560955209766e+00,8.581380298036863641e-01,1.785035836273179077e+00
3.503273623990338370e-01,1.612463511228810820e+00,5.328905184357805247e+00,1.208215940386696996e+00,4.113509167223051044e+00
4.521111533447538244e-01,3.916807636963353545e+00,1.820690896329529629e+00,8.922546948012801682e-01,3.516908861424549837e+00
1.629762912936032926e+00,3.124252057373025249e+00,5.582533286098156911e-01,2.310903930100228543e+00,2.054591816509461211e+00
6.455950920454951447e-01,6.460817187387718485e-01,6.056912302158964145e+00,6.840829975762510173e-01,1.834157200743063765e+00
6.353035374528770429e-01,2.054560029613577754e+00,3.085165564729063448e+00,5.401696696687143806e+00,4.309938451909493651e+00
1.908384599542036542e+00,1.313472560016455404e+00,1.031407632055911350e+00,3.322912040213457985e+00,1.556877195151869619e+00
9.857991771713447982e-01,4.245109290339499908e-01,4.644452724924328813e+00,4.438139804451266990e+00,5.031681422608200727e-01
8.870151194137011474e-01,1.270858944739478469e+00,5.711563817695894940e+00,1.720556968978950163e+00,1.268389264544835360e+00
9.718948836169792882e-01,1.438419687829724847e+00,3.491601557289436997e+00,5.121796928222924983e+00,5.395968385432524883e+00
1.511609724637780872e+00,4.477571420793071133e-01,3.460046457803262587e+00,1.313501914093288647e+00,4.922276216816726446e+00
6.900359473387676079e-01,1.882572611805998219e+00,1.245397247037629773e+00,3.405678749491054980e+00,7.322719566510078160e+00
7.868101442896413555e-01,1.585832779155698535e+00,1.198258700685275624e+00,7.062097990208760834e+00,3.766598085277028218e+00
2.329521822299216727e-01,1.213528498420606505e+00,5.040019110521805956e+00,3.963848339823597744e+00,2.777191623587855762e+00
1.758533011087280773e+00,1.085801139355445422e+00,1.868475926590092984e+00,1.286402635503961056e+00,4.741005971361546223e+00
2.787125571375900224e-01,4.844782749759386498e-01,1.890941863469897566e+00,1.693482479700590737e+00,9.659851294589801185e+00
1.058376103277278935e+00,2.031609704569604880e+00,1.949797102512386582e+00,3.973716581096533584e+00,6.588615244733371235e+00
1.341772503508320780e+00,1.374244001670505311e+00,3.364810119551354006e+00,3.836376526194809511e+00,3.409624750280656702e+00
1.059769928782331228e+00,4.564809043335809058e-01,4.415702723908869309e+00,4.599543923033451165e+00,3.104652568285698244e+00
2.500784021396005863e-01,1.895698396330331437e-01,3.768991930005654023e-01,7.732854871680265418e+00,3.425418406507656499e+00
1.660597456072203659e+00,1.300853445976476008e+00,3.299095898176497510e+00,4.158428027632091073e+00,9.865924278595976649e-01
3.175165158613126870e-01,1.467777052849144281e+00,3.741731037211602828e+00,5.919111952757670103e+00,1.723271103987632502e+00
1.736883080276702795e+00,8.001847665592681791e-01,2.459028097535599144e+00,4.065215788785423889e+00,2.050042765304640024e+00
2.063290207024147949e-01,3.335531004007216138e-01,2.206240647803114463e+00,2.874527433357073836e+00,8.961235786341427811e+00
2.319695569510973887e-01,1.697514540237828884e-01,4.011069499460924170e-01,8.078315423066767309e+00,8.036732481311638088e-01
1.341037989345275072e+00,3.786544842368673169e+00,7.585590355777238614e-01,1.442298590516186252e+00,9.233141360182677282e-01
5.045790293602263610e-01,4.267513615438361718e+00,9.267734359503851937e-01,1.335159699454144366e+00,6.348209011327181628e-01
9.906126652253875731e-02,1.113105773336124232e-01,1.014000835473247153e-01,6.347890508420170885e-01,1.007509202884267552e+01
2.900373093677793279e-01,2.339351753946893875e-01,1.799036095275378555e+00,7.513067125933288182e+00,2.542181292324134922e+00
3.364489309933390571e-01,7.337129788851275425e-01,1.306833920859348241e+00,6.358805204632074215e+00,5.687791194548584173e+00
1.154628654569235247e+00,1.595406881671860733e+00,6.748171413804018304e-01,5.382589029761290611e+00,5.434011580458745883e+00
3.336700600353301183e-01,2.719671644107494846e+00,3.773468124072614227e+00,2.265735356421016977e+00,4.961229100909027245e+00
7.521452213555386290e-01,2.619543792242260416e-01,5.318106268971559025e+00,2.305566383532918096e+00,3.366398067213245415e+00
2.905665233962736460e-01,1.311417364603517877e+00,4.619530095642822687e+00,6.817016385786338617e-01,6.593810817791127654e+00
1.870899139058515681e+00,1.660917901231587113e+00,8.941444838727266031e-01,2.998798080403703548e+00,3.371804385866514320e+00
1.704784946841698012e+00,1.286643772347943582e+00,1.367915039570274160e+00,3.626123032709532179e+00,5.180923025125205861e+00
1.427768727022267869e+00,2.081080595188513627e+00,2.729087538660010193e+00,2.349811740348247913e+00,5.428334907099635842e+00
4.122223132760008957e-01,3.536834365618545917e+00,2.982793158764502017e+00,3.283483376228194306e+00,1.818700748759528363e+00
1.145166556084106890e+00,1.206660862583238902e+00,1.192300665082469902e+00,1.155847874551462207e+00,9.098189446181544682e+00
1.598491328617714036e+00,1.497083461720682074e+00,2.910326590054190365e+00,2.491899845677624903e+00,5.872119434464848631e+00
2.250545275804443912e-01,2.577489352194898276e-01,3.604864197655741620e-01,8.055179100851734830e+00,1.331966755963161608e+00
3.520773502857147408e-01,1.667696598473143998e+00,1.963551113910070978e+00,6.940478736640717017e+00,2.603145193417013115e+00
1.807350980588274147e+00,7.229717480643292893e-01,3.045305751686461004e+00,1.496887135481760556e+00,4.063630975639288323e+00
4.470309107354848432e-01,3.339997318184888986e+00,3.174030632504486693e+00,1.064715242570061449e+00,3.677163551765661786e+00
1.598630380214362656e+00,1.825079699539095657e+00,1.931933089767331246e+00,6.525874742527658867e+00,8.597358765410065828e-01
1.169968426010541684e-01,2.177191005145449609e-01,9.463683146907824195e-01,1.405462616379630214e+00,9.870551762949684615e+00
1.138818171166044557e+00,2.709449752089096108e+00,1.616190895826706386e+00,4.914098217760661136e+00,2.577520535971655313e+00
6.726276529960305561e-01,2.729511733406157603e+00,3.561120344128964721e+00,2.711582566186117038e+00,4.812596874104944078e+00
5.017556413003745330e-01,1.516933807799160094e+00,6.441783877640880895e-01,3.279411134985560139e+00,8.974510204127263080e+00
9.609626308523038229e-01,1.803391124242411436e+00,4.737346597601226783e+00,2.810257022755931811e+00,1.558338406673497545e+00
2.388677892254496837e-01,2.469297315668785575e-01,1.726961663033367511e+00,2.740661188694073491e-01,9.711374837385715608e+00
9.121967282813732147e-01,2.621805107168569737e+00,3.451462876951554293e+00,3.841189301338010065e+00,3.496103731272643511e+00
2.414195545062001458e-01,9.771481926060294754e-01,3.572337169775942289e+00,6.600093463984945785e+00,1.375175789982210350e+00
4.245512611604289610e-01,1.943652594522038202e+00,2.468847916419111499e+00,6.613050456990659853e+00,1.403415161003675138e+00
1.278075321726308833e-01,3.839631411854960152e-01,1.277657194175488398e+00,2.407258191300868599e+00,9.442305231416888489e+00
2.489878562135503515e-01,5.508982541626805673e-01,4.301404702210684938e+00,2.151301937921223040e+00,7.065135634109164897e+00
4.918880765648900866e-01,2.323371447639090537e+00,6.495402355510881964e-01,6.976978810735527503e+00,2.440449020557860393e+00
7.607578300845361241e-01,1.395314634941941190e+00,2.162146306892786196e+00,4.608265470524206542e+00,6.624109396706685082e+00
9.248461989063663236e-01,1.983314792524118575e+00,1.355813129136900219e+00,7.131072878980123875e+00,1.180963995686962420e+00
3.521695141371422588e-01,1.826403297274995730e+00,5.591244344454689985e-01,2.723680735317099533e+00,9.033429415962867637e+00
1.689683896104109850e+00,2.362383808795768925e+00,7.474893712357552067e-01,3.068320691553946933e+00,3.406332803746949800e+00
1.627961315043385593e+00,1.623285901727322900e+00,1.794573696276783314e+00,4.277092851273136098e+00,5.144310322945321090e+00
9.811122050673651285e-02,1.095624841320501225e-01,9.815335759129122095e-02,5.839830357436045505e-01,1.007819897299869361e+01
1.807830157513435676e+00,1.354371989537281884e+00,1.403421971568357352e+00,2.198545210654503812e+00,5.975613636618181346e+00
9.640692996786814906e-01,2.998491594215630940e+00,2.124848582002351716e+00,4.921693179427051312e+00,2.758256388082514388e+00
4.907779720418795621e-01,4.285349690198875017e+00,8.236006992185358477e-01,1.623347432317617578e+00,7.219680324929027559e-01
1.556857366590106651e+00,1.482869993919853080e+00,3.421505694077863868e+00,1.197818635038524038e+00,3.701200710973736374e+00
1.428670804364511548e+00,9.244532782055731035e-01,3.253042962049458975e+00,1.162517811388072531e+00,5.018044099590253104e+00
1.775216820453764610e+00,6.535040409504608849e-01,2.246049061817485093e+00,2.979266011763682886e+00,4.108725820463195788e+00
3.200560169406938549e-01,2.891584824077806370e-01,1.928422796613664003e+00,2.326181400321554182e-01,9.649603328840180794e+00
1.525023604940721977e+00,4.690531669308182217e-01,1.819690574411310768e+00,4.167006815316611323e+00,6.061384997005569986e+00
2.673525210249368400e-01,7.440324522121402051e-01,1.877890443856384151e+00,5.246047658171907990e+00,7.197830422770149283e+00
4.544915411379277792e-01,2.443537978720233816e+00,3.884866843992961893e+00,3.427587991978817250e+00,4.297921523231672758e+00
5.601613048324989297e-01,1.960416875711691764e+00,3.082297764971781096e+00,5.890510162450814491e+00,2.291010096481913116e+00
1.247790494833357078e-01,1.289325418997512573e-01,2.482124203222558778e-01,3.247338284777368855e+00,9.328831782002520612e+00
8.686652882927952124e-01,9.590815518126402095e-01,5.907113783757570680e+00,6.412018091337678971e-01,1.740710284863074442e+00
9.687252944593750803e-02,9.763013987607496724e-02,1.181023073754584596e-01,5.998353846353846608e-01,1.007693685127054906e+01
9.678638977781849062e-02,9.758214531195538721e-02,1.186996351548559175e-01,6.160104819381287955e-01,1.007553085728331510e+01
1.100929281459682496e+00,1.749379619899857019e+00,4.581868360614681279e+00,1.911878163445076773e+00,1.241751345149219699e+00
1.091092843621330299e+00,2.818562093842857053e+00,7.086221537900325718e-01,4.322836930107579079e+00,2.979000738298652529e+00
5.355445211351261836e-01,9.235260592538987456e-01,3.780425602582645705e+00,2.672968215364818212e-01,7.491249603868453733e+00
5.268786755730670013e-01,1.863544520449395225e+00,4.250717712094171041e+00,5.200608137639591178e+00,1.413179177820113264e+00
1.297960793940885205e-01,3.083624240723741305e-01,2.060573404947793064e-01,5.166483705869878706e-01,1.007263433894897631e+01
1.217386570570169746e-01,1.603844299355084435e-01,6.020805024566351360e-01,4.249280402257617162e+00,8.643636887132899460e+00
3.293731694970193358e-01,8.792661080774187843e-01,3.191304683946351695e+00,5.754763015367587720e+00,5.105919866136327201e+00
1.958238269113435071e-01,1.645899483720081324e-01,3.059010856101169185e-01,7.879330607890121740e+00,2.493598046606099849e+00
2.283067656539528589e-01,1.859987125135603714e-01,3.793196892628190597e-01,8.092781617877976785e+00,5.390913565588790757e-01
3.662063547201895863e-01,2.213343769548355766e+00,5.083478448396834271e-01,6.686501191533665178e+00,3.970990838702909365e+00
7.248389892941419221e-01,3.471404974887200012e-01,4.414063457162360038e+00,4.415672213702717563e+00,3.988017539752942930e+00
1.260709723500564206e+00,4.302460586925195285e-01,5.188448220790637500e+00,1.262068648342505650e+00,1.049607746408014242e+00
1.178590307562900064e-01,1.261099419049937498e-01,1.815172704341774801e-01,1.304464088935918031e+00,1.000305019836567588e+01
9.941065087228898034e-02,1.082530342015505936e-01,3.149612868872740390e-01,5.621735963702578331e+00,7.321509767180145012e+00
2.015902822386234083e-01,3.164419312544000107e-01,2.933739311576563646e-01,6.663876090565363342e+00,5.830775942696156733e+00
1.081297328247667749e-01,1.192744665623355765e-01,1.075480863603746756e-01,5.744093448190092932e-01,1.008990696414394428e+01
3.587408691651049475e-01,1.493671157901548918e+00,3.294717976740088705e+00,3.536981608172653058e+00,7.298274258095367450e+00
1.146498705137842800e+00,7.963468081940323628e-01,5.397543833879200115e+00,9.773908537797877383e-01,1.614570985755680699e+00
4.760709818592000486e-01,1.365350714521870623e+00,2.585127337660761082e+00,2.668663658948459805e+00,8.036701667839356134e+00
1.671182270664462455e-01,1.506755257664691705e-01,4.138349609340148949e-01,7.667608622600632806e+00,3.466028592789081930e+00
9.943144359214524108e-01,4.436313849009370092e-01,3.230353618046040598e+00,1.454921446416013175e+00,7.758640483230720974e+00
1.195945153281085860e+00,8.288331883597384042e-01,5.892802032838385884e+00,1.832754088129355363e+00,8.805958428838897012e-01
4.506881336597845511e-01,3.748721092213655126e+00,2.080123483393571338e+00,2.797998027200291560e+00,2.487430609408634030e+00
1.864446446363070553e+00,1.002057788848918385e+00,1.328054008272213871e+00,2.116539467770885530e+00,6.024146459206586535e+00
6.068170596787454407e-01,3.331655156067123702e+00,2.863227186404197600e+00,7.603051087025695098e-01,2.877121885588286077e+00
1.275286721530635159e+00,3.096033379709576927e+00,1.266948971783404820e+00,3.442884426494227768e+00,1.468904750195653142e+00
1.983483090382602620e+00,2.053513782622111705e+00,7.893682774866472851e-01,1.795636449593787987e+00,1.837636768723841296e+00
2.080749977552352803e+00,9.072534590241385644e-01,5.031107528633754766e-01,5.199964316567000644e-01,1.752486664373065217e+00
5.813879823799518176e-01,1.768295936470828833e+00,3.520704722397332453e+00,1.673293791218389837e+00,7.123678544994858086e+00
1.370417215318530557e+00,1.306602591308994255e+00,2.694036757237755264e+00,4.615052430430965025e+00,4.092576092847330038e+00
1.313666012947348305e+00,2.685669695381076028e-01,3.786393541432421461e+00,4.555645473568461945e+00,1.076506330820879542e+00
8.813343154792363521e-01,1.456417459803272196e+00,1.840693305366021715e+00,4.156440573994476750e+00,7.061338644617020321e+00
3.935459871201458237e-01,7.320749822359710057e-01,6.344823671055728198e+00,6.553127630249239166e-01,7.092731009200472503e-01
1.017573304907923859e+00,3.153714503580731243e+00,1.090720571334125477e+00,3.330699979763636964e+00,4.695628416231747870e+00
9.682548455891896999e-02,9.783450829880981081e-02,1.181278902908298178e-01,6.228810835678073587e-01,1.007498124674160600e+01
3.084886465598836724e-01,1.050299065203985416e+00,4.461348954739059458e-01,2.605857692688020144e+00,9.442924835021273111e+00
1.981306739254262927e+00,2.061057855909230074e+00,1.171136429213294416e+00,2.105339210090458657e+00,2.989853958466849981e+00
4.115381868585726854e-01,3.290529413459676533e+00,6.495233637998580889e-01,7.791053609476861208e-01,6.959443186178488894e+00
1.879278654794054038e-01,2.941705034850106149e-01,2.161418213910278663e+00,1.802536898793360987e+00,9.378945692485570973e+00
2.027445163031689479e-01,1.654840925971115539e-01,3.431358926100913642e-01,7.320521348321049615e+00,4.520238116685686869e+00
5.498478800063671956e-01,1.429410489131153872e+00,5.263598420630679620e-01,3.508246743898615794e+00,8.873864770929380086e+00
2.044342956802841726e+00,2.032893716731455580e+00,5.897725512704991013e-01,9.067161140041395395e-01,1.132794558306055466e+00
1.223755945337002410e-01,2.160703645880633905e-01,9.052340672790767373e-01,5.091653170775384041e+00,7.840297023641602081e+00
1.948769502758279648e+00,1.041842986661914550e+00,4.062351965219525241e+00,7.455654994608311714e-01,1.142961513673719676e+00
1.323576929008426273e+00,2.629051364303321758e+00,4.229185088541234983e+00,1.275271116139213179e+00,2.422067310165558318e+00
1.388606867285796964e+00,2.129152661651539713e+00,2.931402814379570287e+00,3.490759249537738640e+00,3.243977105628739643e+00
4.558652678114050727e-01,4.186021363921551774e+00,1.167515631113153818e+00,1.802327768950587217e+00,6.410234629618503099e-01
3.458479575355382640e-01,8.355384684264202111e-01,6.273771792018449922e-01,1.761383493474900641e-01,9.874163274243576538e+00
1.305876308769795768e+00,1.905209073729893454e+00,2.665300490662024124e+00,5.674635746745103404e+00,1.482818637693039010e+00
4.711045512532230362e-01,1.911376705969724421e+00,4.676332635036242635e+00,1.459038065754666658e+00,5.557277874676968210e+00
7.088303917992457848e-01,2.015679144948507862e+00,4.171629824392233399e-01,5.939803975729444296e+00,4.793303242623925264e+00
1.380931096089734078e+00,1.271529839187782285e+00,3.012326376687481488e+00,4.009543503656463947e+00,3.813094829646921813e+00
1.444710761635064900e-01,4.323191593260418686e-01,1.043597749021889509e+00,5.649621479462953566e+00,7.148936298398851363e+00
1.445024014001938140e+00,8.933137380047202480e-01,2.521055948609701503e+00,3.980471611694110123e+00,4.727417009832263872e+00
4.895490501895579660e-01,7.168373738069270251e-01,3.674797374006408379e+00,2.870054551255861952e+00,7.413579466762764802e+00
1.658302701248735467e+00,1.043260187781092529e+00,1.609970882157646166e+00,3.939174708354101107e+00,5.239958125171636283e+00
5.128078433500010691e-01,3.908678861482277167e+00,1.151985695452075742e+00,3.753201204332419660e+00,1.135113362627105049e+00
8.830275240036864481e-01,1.620801751126810242e+00,4.952999317364054299e+00,3.058221246199217536e+00,1.853486410447229060e+00
1.200627226697146138e-01,1.701150697983928040e-01,6.674864007651236664e-01,4.454499775133386130e+00,8.469862954824984413e+00
1.538180799383696673e+00,2.565836378162270393e+00,3.511547958632333932e-01,1.591861143325756345e+00,3.864815136577480548e+00
5.056218482385264057e-01,2.187924981383643885e+00,2.460966282178702613e+00,5.104737793678874702e+00,4.094960345465549878e+00
8.150385893447855690e-01,2.029438527157039207e+00,1.207312046722506915e+00,4.127284127127130553e+00,7.528663774927701446e+00
3.667380319164503244e-01,1.352151641194445419e+00,2.100156798626197308e+00,7.257984812087068249e+00,4.861992170295413307e-01
1.330920220215509708e+00,1.280862361706277541e+00,2.462927345753475716e+00,4.269582486562216062e+00,4.368182943087037806e+00
2.045472974090363771e-01,1.679605828784123123e-01,4.707081079838764115e-01,8.083102679271368274e+00,7.031467669225243133e-01
6.175430584311421001e-01,1.603148581612775736e+00,1.290781964600757226e+00,7.481637824621138577e+00,9.400720289611697034e-01
1.150633079506022893e+00,2.384591124111720806e+00,4.550043577161625663e+00,8.734548156202112112e-01,1.414896157676578614e+00
1.871869730548473054e+00,1.359292662146968311e+00,2.084003621895833547e+00,2.731374935629919065e+00,3.120339083112911638e+00
1.192654937567087403e+00,9.377142759360753699e-01,3.314050568995847268e+00,1.169431220922263481e+00,6.192841508808473172e+00
2.483142781358582962e-01,6.189225096043651231e-01,6.137330603519192351e+00,1.032844376800312158e+00,1.188749735550910902e+00
9.338085898809069807e-01,1.725898907589958897e+00,4.158511321177218001e+00,2.609003394845696544e+00,4.909949731008325102e+00
6.115626767024679999e-01,2.534990792511874869e+00,4.321303643893126711e+00,2.474872420045664434e+00,8.175951043635432125e-01
6.386131543112011366e-01,2.500174769722054879e+00,4.318171632070414212e+00,5.815021154147232973e-01,4.065872813588438106e+00
7.781200365770364336e-01,1.084846933203023722e+00,5.556802602121583057e+00,8.451514661102239589e-01,2.209192313488831161e+00
6.196158059793825945e-01,5.294331322086435199e-01,4.205958305797173225e+00,5.793691268612390921e+00,1.504606181559065226e+00
1.388836832329944093e-01,1.893287083720798236e-01,3.467057732965306838e-01,5.868910594111613754e+00,7.087555965491972643e+00
6.025382988244755156e-01,2.618614392815998837e+00,1.536052252221335124e+00,4.004744401952690325e+00,6.772806967755220953e+00
1.347160809624135869e+00,3.017664351179131454e+00,2.052164074822010242e+00,1.201116969539508528e+00,4.944871232702342745e+00
1.070090702327480547e-01,1.359226650501083045e-01,2.565049072916646966e-01,3.238116058015015675e+00,9.301996306633265377e+00
1.637280101684601696e+00,8.617365123966523877e-01,1.683615777233961275e+00,4.018135429589654528e+00,5.461134000261179011e+00
1.634712930987025192e+00,2.646715402521551574e+00,1.326604028481879860e+00,2.880179426632330397e+00,1.197228823641787843e+00
1.229514085166802939e+00,3.741989174965552056e+00,1.019220522982507759e+00,5.733047635028452049e-01,2.444113774263744432e+00
9.839145638004023198e-01,1.698621149604811364e+00,3.900193363075489916e+00,1.876369127490378874e+00,6.958995139284599674e+00
1.597028632085907507e+00,2.126183794728127907e+00,2.145669023797716068e+00,3.729710409474012334e+00,3.695862398192986120e+00
8.113611458649061525e-01,2.975649072124557204e+00,1.956758328278858983e+00,5.154132192508816823e-01,5.838167376895821548e+00
1.817566671758968355e-01,9.589165925426644810e-01,1.890835309241156281e+00,5.594283033347106304e+00,6.402706524393887655e+00
1.226173395945819311e-01,4.143013607885290273e-01,2.184083724094563750e-01,1.763553186617442980e+00,9.854066116661595487e+00
1.342222785093556858e+00,3.377021993072707673e+00,2.586577061577232328e+00,1.726099868170430929e+00,6.239817663124525016e-01
1.611455200634528684e-01,2.502371611149756814e-01,2.449574073266326257e-01,6.155808366338352045e+00,6.619240396617734667e+00
1.217710149334338965e+00,1.271586259111548101e+00,4.516364143995723168e+00,3.556691513371526003e+00,2.952276799401269969e+00
1.332892761455923170e+00,3.136072840402089890e-01,4.605994640861243994e+00,2.156682928034062474e+00,3.125482743285187048e+00
1.754552797271722309e+00,1.432200832529425094e+00,3.401445364843953101e+00,1.673192272425559457e+00,3.669417250065976965e+00
1.363764482775383646e+00,9.678789830775147429e-01,3.837021169253676423e+00,2.903072287646729421e+00,5.834860963910382559e+00
1.801283015749829852e+00,1.504675612882153457e+00,2.247756765086773800e+00,4.464312767440102858e-01,3.423230862823876564e+00
9.591251439043992910e-01,3.376171800854773863e+00,3.177708304931066596e+00,6.646755366590672010e-01,3.873296019887451092e+00
2.037267330309805724e-01,1.068968223215011726e+00,5.692909814684975700e+00,1.968091190456867201e+00,2.064471803419996920e+00
7.803163660523735334e-01,1.786036203289834923e+00,4.482911056751132106e-01,7.204085790008039503e+00,3.447937192381013816e+00
9.793025170942852575e-02,1.073786430149194504e-01,1.083454875026496622e-01,5.898354100243395903e-01,1.007777152451452629e+01
1.849515199322856740e-01,2.314488010366942405e-01,6.892007487026530210e-01,6.527045304441133844e+00,6.210263878747898758e+00
9.765431428066971842e-01,3.062223670382912211e+00,1.872671471475093385e+00,3.861611834825040113e+00,3.460712680662620500e+00
4.669406894985113077e-01,8.580812028532087687e-01,4.008100383599590977e+00,6.400547622291226091e+00,2.052527548047770711e+00
8.405295103482370855e-01,2.906634125171914551e+00,2.615110018888350929e+00,6.256349176585359606e-01,5.387057115770240934e+00
1.118051155553056120e+00,4.127945464578615109e-01,5.541489941425583599e-01,6.986301846215832612e+00,3.748806911535035091e+00
1.395895343669053101e+00,1.554618685589692184e+00,3.422815902054590076e+00,4.578365635482713358e+00,3.109852917230324199e+00
4.012262689614086719e-01,1.259815121178985420e+00,2.734861522385222177e+00,2.986237994389378536e-01,8.606571040882226242e+00
1.628236426498259171e+00,7.347163860758005871e-01,2.924138548049671549e+00,3.408407151909647048e+00,5.049125794776524678e+00
8.439449653041514177e-01,4.504783668090166504e-01,2.374325967199089948e+00,6.893873348113761068e+00,2.045817818321376880e+00
4.988514140622875570e-01,7.305135702576096568e-01,7.477553906685898699e-01,7.279308660243106743e+00,4.031231860405640965e+00
2.015140276781615114e-01,7.895126520450398422e-01,1.701653200158321555e+00,4.532898307979049690e+00,7.988509526397511884e+00
7.610387441187772550e-01,1.426216931201865989e+00,3.102467473052973990e+00,6.597579488073316512e+00,3.285847651966010474e+00
1.173006279376420213e+00,1.340438187004201254e+00,4.796482754554450167e+00,3.867232676942671254e+00,1.678092452995520345e+00
1.665087361667568322e+00,1.090953585926560443e+00,2.832563885679053595e+00,4.434549177710571222e+00,1.908238840792636726e+00
3.726834919430087600e-01,3.190990292913227666e+00,7.439686806433993826e-01,5.688476341759844956e+00,7.272149735990938169e-01
1.929008632545313295e+00,1.592383445421047705e+00,1.408540300289672365e+00,2.563279167531253400e+00,4.412974486297401633e+00
1.169652212817522186e+00,1.385257401084455608e+00,1.255763520245355425e+00,2.606072943271645848e+00,7.951251127228380788e+00
4.915235258939897878e-01,4.289731129742492932e+00,8.073483965369918636e-01,1.601047012730596908e+00,6.972029993870150211e-01
4.168865597881269980e-01,2.701232775382237161e+00,7.232648284873621769e-01,6.467765208926434362e+00,2.651306563740538635e+00
6.512668774506581437e-01,1.643124974528533899e+00,3.504626810942518933e+00,3.356583691772137890e+00,6.828423133465025607e+00
4.953306586377969056e-01,4.297664650175609502e+00,5.732981512479631281e-01,1.343604961516345675e+00,1.039000681381128999e+00
1.825039167480440483e+00,1.073270836590268562e+00,3.487642987723279742e+00,1.264101411462170699e+00,4.101159680296783350e+00
1.087148528180970297e+00,3.335033547531491283e-01,4.877812544428354435e+00,7.450476414251330226e-01,4.815583796820170903e+00
3.628795986859377765e-01,2.202216787877685267e+00,5.186297965615150884e-01,6.591712360821365024e+00,4.227782394078567485e+00
1.093361320032182782e+00,1.033603179370691905e+00,5.568749943836493799e+00,1.599713923611865596e+00,1.678542114310559441e+00
8.165501970377486707e-01,1.048732531664752221e+00,5.426697560701095213e+00,8.097126372538261396e-01,3.886156467795085501e+00
1.052124259510157089e-01,1.753727342130059208e-01,1.727130858358408183e+00,2.927440728336491715e-01,9.720832544387510765e+00
1.511151670494586208e+00,1.192007486644351966e+00,3.460959910943921525e+00,2.651452537794809050e+00,4.917833869087283816e+00
1.562780957782915703e+00,6.983093819817034476e-01,4.258507660807042683e+00,2.890849244085797576e+00,2.692385965255912339e+00
1.447316343809535111e+00,1.206755132989920209e+00,3.103459596325239378e+00,4.328850349868422320e+00,3.158139048718197728e+00
1.283650910896036557e+00,1.498944089353700049e+00,2.998133034483697834e+00,5.275478822551350255e+00,4.542568545416658665e+00
3.967944166533150518e-01,7.436260781741586001e-01,6.343031499902004100e+00,7.592280938918876121e-01,6.880179853110763855e-01
1.826704811158273323e+00,1.773056623645771657e+00,2.189976629346543913e+00,4.074450039568644044e+00,8.114701237256484179e-01
2.002644968245010926e+00,1.535357360537566329e+00,1.945970100704849326e+00,8.513857294493005767e-01,7.998539566224006636e-01
8.446948699934575533e-01,1.968660674887646733e+00,4.278850598637824021e+00,3.231810873164873588e+00,4.700748621103039149e+00
1.043559978766144036e+00,3.567022149538275233e+00,2.410031069855322450e+00,7.359416301151368023e-01,3.125120228020380253e+00
1.166753601355324577e+00,1.788509700938849090e+00,1.021210703182903856e+00,6.698031391728652473e+00,1.381818101430343892e+00
1.188299165270160440e+00,2.373483752586902362e+00,4.143376076051926482e+00,1.046720481249630019e+00,3.662048669552719016e+00
3.748946455867905314e-01,5.276038632631376846e-01,5.208382692619233367e+00,3.266500000004430415e+00,4.762836175894298307e+00
1.087443571322061153e+00,1.859067388626163275e+00,2.869309532159673104e+00,2.628933057817134156e+00,6.719292078744221186e+00
1.011612995745866939e-01,1.164020849700949101e-01,1.040810926622696975e-01,7.672527759269245351e-01,1.006342250481936063e+01
9.741219963569343054e-01,3.329077128662772722e+00,7.022168051341511896e-01,2.553666553454830623e+00,5.129978911800128216e+00
1.479888785119337080e-01,5.135476342830591623e-01,5.062497105198010550e-01,9.476527040542455094e-01,1.000538795628658484e+01
3.067316078592155493e-01,3.159693721776668962e+00,1.363833010880843633e+00,3.695208605704524807e+00,4.771186982582955594e+00
1.451730925715367437e+00,1.881208002012160874e+00,4.258194070650247909e+00,3.397443640741695692e+00,8.148452887284463042e-01
1.162607818359182588e+00,1.380385892405908033e+00,4.918889518958106777e+00,3.738046552008671863e+00,2.205065746505149082e+00
1.652758720439013285e+00,2.156723623954519553e+00,6.131929849346711148e-01,2.019379738176366068e+00,3.647444670122301336e+00
5.908973948649024477e-01,5.408546160029524819e-01,4.018458000340226377e+00,5.432530868342228203e+00,3.758341836746697862e+00
4.538591343025143443e-01,2.935612288788955304e+00,4.074499815513036971e+00,3.825801068103451996e+00,1.162290680215435357e+00
1.688582783282183586e+00,1.964500685626421772e+00,2.596755393016124902e+00,7.040220676826736135e-01,4.042402032546592139e+00
1.648332847171674886e-01,2.727616395895962054e-01,2.228122061347028171e-01,7.521106610987854602e+00,3.876914457982611140e+00
8.832271704541109214e-01,2.182253644993664921e+00,1.065520343044727536e+00,6.840794667374987093e+00,3.273890584852259256e+00
3.592408074911918048e-01,2.287613817106781688e+00,6.014726521001098059e-01,4.017030890041591640e+00,7.598081652307625333e+00
3.643584342094015049e-01,6.164941440595933519e-01,5.566761033498873523e+00,1.921107740260455055e+00,3.872504888534432421e+00
1.551266765266207548e+00,3.170584119569530568e+00,4.316509108543096773e-01,5.740791537586511506e-01,2.419803218936783740e+00
8.808426791997646665e-01,1.077411602782179401e+00,8.557648148343037775e-01,6.524444423989891106e+00,5.173248996800261068e+00
7.875979796126834076e-01,3.521535197564023556e-01,5.026487282425838643e+00,2.552313818678324520e+00,4.091153248548651256e+00
1.511668196338255221e+00,3.019017239733024383e+00,1.269916698698933200e+00,2.201753873881494794e+00,3.518011220719162058e+00
1.363422954818895305e-01,2.322194269952436718e-01,1.793420566249454007e-01,5.161961242270495909e+00,7.842002757300421401e+00
5.535789595186781931e-01,1.268368687092615188e+00,2.745031282853753307e+00,2.641091065620404521e+00,8.194137463586418590e+00
1.918735248545263783e+00,1.706896091269990645e+00,1.669250443456173905e+00,6.788090264928673401e-01,2.128193057013300749e+00
4.471948555045974771e-01,3.151594791571182608e+00,9.559116952287424196e-01,5.838547557659823362e+00,1.639697902505537375e+00
1.131900495332962775e+00,2.001242985755760984e+00,4.148500630849216719e+00,2.571882275489232317e+00,4.134880559241840281e+00
8.696083859302494723e-01,3.105138330905029775e+00,2.279150099963500153e+00,1.566428766412305329e+00,5.703928468215921477e+00
1.924081746257807479e-01,2.496782764334330995e-01,2.690152365841040893e-01,8.100762523369622770e+00,6.824562207247514278e-01
9.129411490896524040e-01,2.558055290904280632e+00,2.178441197312825928e+00,1.630912209146301084e+00,7.083597990900173613e+00
7.693445271367926885e-01,1.111686237767343988e+00,5.386938969713536807e+00,5.709951230191421256e-01,5.102785461076341456e+00
1.138081746161189622e+00,3.584317559054091884e+00,1.102705808213479521e+00,1.442720188695438166e+00,1.679960566076925899e+00
1.920216764662860953e+00,1.083762042932750136e+00,1.492680232995109213e+00,1.018970713423893670e+00,3.197005877809349528e+00
4.104057233656439596e-01,6.341797245734479560e-01,5.984107177450835868e-01,6.506278578904082011e+00,5.953135000972896940e+00
9.001150827796974285e-01,2.077321424952395024e+00,1.415984936231457603e+00,8.328577023085713682e-01,8.041136338211261503e+00
4.164236061682782264e-01,2.697648729003019774e+00,7.144148105451202380e-01,6.470573130222827984e+00,2.666473362028228600e+00
2.118737097567287286e-01,3.082450133695737171e-01,2.172154540417469804e+00,6.951615968382004240e+00,4.324737586796322475e+00
4.705226416489145524e-01,3.693037537260373870e+00,2.136293399836658669e+00,3.731657218193769054e+00,1.012869700009892515e+00
1.585088280796469462e+00,9.882441106705345257e-01,4.727902920289899669e+00,1.492269678888662021e+00,6.300310957496594311e-01
5.016672562234208987e-01,3.445483254564511544e+00,1.854222527370483764e+00,4.625830175474460404e+00,2.606991495315921892e+00
4.430657608498747568e-01,2.427788212504601528e+00,2.220879454465339631e+00,5.460757162296588696e+00,3.502493899450340731e+00
2.528498256350530382e-01,4.098472196052121430e-01,5.498968834430000285e+00,3.238545473994093982e+00,2.095980002403211362e+00
1.541926082404784015e+00,3.409063989145086460e+00,6.579170487427319358e-01,1.779079473240056330e+00,1.322176445210411000e+00
6.605648751771602267e-01,9.471845168702074380e-01,5.199525031337734582e+00,2.521544463490470456e+00,3.603833830140287020e+00
1.475623430490589083e+00,1.192513586548196836e+00,3.640435042614011962e+00,2.969857795397300659e+00,4.618130591082882042e+00
1.556033735621175362e-01,1.753061623830187710e+00,1.147281125499462595e+00,9.764465210618005209e-01,9.000378876839038256e+00
1.018656655847138381e+00,1.696821339343950852e+00,6.339858794656594299e-01,7.220583185387134506e+00,7.949760391166769136e-01
1.507818782249730427e+00,2.277838663730755719e+00,2.408842636986392005e+00,5.358811650218842093e-01,2.992984283376082466e+00
1.172552936319623429e+00,3.137805627108331219e+00,1.856513802061237506e+00,3.440553609763287390e+00,3.940056483976860591e+00
1.526780355887445539e+00,4.819163583080843249e-01,2.913459386894073688e+00,6.255100658581003170e-01,5.926590710855830224e+00
1.169365690232533478e-01,3.735005347960279054e-01,2.185711447122545836e-01,1.262247620177198715e-01,1.008221506238609066e+01
3.744208141482150975e-01,1.177609027286801391e+00,3.298267276245052226e+00,3.333912209720102382e+00,7.046369978358823616e+00
7.156541279674683009e-01,9.174531975100992387e-01,5.583290624800959279e+00,2.066005801936341424e+00,3.629028446742652569e+00
8.056071491067703372e-01,3.937670304283880096e-01,4.958434944491984631e+00,2.683648855433026448e+00,4.113818683415550126e+00
1.414708080026866321e-01,3.351478889490823176e-01,1.739940892580737142e+00,6.780244770578233826e+00,4.973082580322554236e+00
4.939493969742120294e-01,4.061955524879366841e+00,5.567215312708270192e-01,3.103537179137879853e+00,1.751327635964743390e+00
7.931805992199494337e-01,2.777931561890585321e-01,5.279588424479658038e+00,2.186910597965604275e+00,3.735748291699566348e+00
1.530183742226962629e+00,3.010737946100003892e+00,1.227535791013680821e+00,2.243957973119267368e+00,3.445388300795929837e+00
9.651978811436582317e-01,2.456485222848848959e+00,1.918895982352210261e+00,3.869787496745352051e+00,5.840288380410513014e+00
2.206773375860155706e-01,1.459788586363093554e-01,2.559036444576769931e-01,6.341997606433289469e+00,6.392237521397257538e+00
5.460999940608310954e-01,1.143927878823899125e+00,4.515840957193558713e-01,1.114418162147210234e+00,9.794674596379689291e+00
7.764932741388175241e-01,1.809104433699053160e+00,1.157871725288577514e+00,9.011516519587001728e-01,9.122409755750425120e+00
1.070861613705661602e-01,1.807608795486426445e-01,1.794710829883423786e+00,2.764784519816981256e-01,9.690967268664095968e+00
9.681508698420834835e-02,9.761742625419224384e-02,1.188315241468382022e-01,6.168420344075238315e-01,1.007549053821977836e+01
1.127548198927138312e+00,8.525690184606367072e-01,4.786152185372201551e+00,2.917548172400495687e+00,3.919531601590568570e+00
1.962453951543568498e-01,2.424208590088964832e-01,6.900595034783640891e-01,8.146871592829128872e+00,5.742704479853638633e-01
8.849655983443296403e-01,2.248721105926089425e+00,2.066548342249070025e+00,3.897003772435180036e+00,6.407540099234418918e+00
5.867795714374182126e-01,6.707959058201811153e-01,6.078398249436078871e+00,2.119179239194476594e+00,6.635671009660115693e-01
1.082011302769242261e-01,1.139833021654330369e-01,2.285972605230909283e-01,1.700516169275714251e+00,9.903460641366976347e+00
7.697692476416732044e-01,6.953955351202205648e-01,5.136434855338269045e+00,2.641474072891221159e+00,3.721688248230886842e+00
6.922297443360907465e-01,1.678773843886318007e+00,3.550495427449913421e+00,3.278053232867377709e+00,6.657890597614120942e+00
8.796444171590922512e-01,9.109735623245220903e-01,4.591131372176399772e+00,4.458792907297818964e+00,3.583995019994398401e+00
1.831402997822783485e+00,9.933539841261949110e-01,1.151939719027592623e+00,3.485362114068662809e+00,1.835128249201541939e+00
2.479812078962237987e-01,2.782165827477842246e+00,1.024274877264748751e+00,3.599051668599132281e+00,6.133965038900329070e+00
9.266828055270198705e-01,3.036716591687435240e+00,1.891158674728757427e+00,3.917590776118906604e+00,3.120389001145094099e+00
5.512239353523042951e-01,2.137628625438025232e+00,2.144264393196881446e+00,4.238236523654569154e+00,6.678517951530585250e+00
7.327204149962707191e-01,3.403729608840017073e-01,7.213168945559311762e-01,2.957515091031962751e+00,9.352679244388141910e+00
1.142133683663861810e-01,2.426934606688077312e-01,1.832339804561977648e-01,1.399592026143473555e+00,9.964113035188505663e+00
2.069094125500477777e+00,4.981650085318983789e-01,6.882181799853275272e-01,1.233334735149584471e+00,1.943663333480411648e+00
1.133644452921236667e-01,1.593006028477907954e-01,1.139679714494985507e+00,3.377118888497682381e+00,9.077326195605742498e+00
2.904962035538579124e-01,1.370369232903993817e+00,2.386810793765896666e+00,1.958904770598756562e+00,8.736619789010187986e+00
8.589658577980108234e-01,4.324338513282611207e-01,2.040759993522913263e+00,4.092463339360043584e+00,8.480355560445614671e+00
1.491267259010104151e+00,2.317097537944772245e+00,3.606949418434144849e+00,5.212348959284223149e-01,3.040345085195022889e+00
8.664609160357880091e-01,1.246850142117009508e+00,4.677219054167801815e+00,2.204116720496382076e+00,5.485002860063898034e+00
1.476196180527042490e+00,2.668817789707919719e+00,2.843605569936012323e+00,2.226981076009786342e+00,2.332993474117969424e+00
1.922834108774118811e-01,1.991105951765324678e+00,4.665659955674278159e+00,3.735258375492340299e+00,4.553647660401041186e-01
4.495132659615984627e-01,1.884041441243947679e+00,5.264965391006526829e+00,1.903511927784983682e+00,1.908657903279007639e+00
7.787557334678167908e-01,1.922461023282348913e+00,3.298644707389134734e+00,2.356877577615764885e+00,7.040214724494339826e+00
2.148632423515947742e+00,7.535188640249135261e-01,5.556313884671392200e-01,2.039480344789255106e+00,1.113383361029041119e+00
1.412964577930895471e+00,1.174984496944217804e+00,2.869538036363874944e+00,5.726575686026896150e+00,2.139034987748098970e+00
2.324868615485605472e-01,1.989724803664904007e+00,7.121975747182076599e-01,3.920309033802814369e+00,7.673123305706007535e+00
9.783983605813849349e-02,1.093887863701486496e-01,9.841941506001095075e-02,5.756355646022947026e-01,1.007858903502021519e+01
9.705962259457666386e-02,9.796446555433606374e-02,1.212705675156276613e-01,6.916648969832477345e-01,1.006919213688637527e+01
4.367893397727319327e-01,1.441189275737258413e+00,2.622431147462380263e+00,2.825475320998125373e+00,8.554332344752001660e+00
4.308179613301205135e-01,7.422349735136062332e-01,5.710318226533818375e+00,6.619497589614428135e-01,5.029737674103462730e+00
1.799194306573042912e+00,1.031327622848353665e+00,2.520806284177983247e+00,2.598311464521688041e+00,3.557854119481072441e+00
4.366228017049829102e-01,3.227354003150321837e+00,3.977439086204378693e+00,1.445445869783553938e+00,2.652726625247407544e+00
8.540569039895831160e-01,1.283753888411147015e+00,3.143119828492582091e+00,4.242682136576026330e+00,6.898946415837343693e+00
9.282972398431759142e-01,1.511791039292831096e+00,3.991060644070171470e+00,3.234705217873259375e+00,6.035048985865638649e+00
1.539982200948379343e-01,2.554901092680713637e-01,1.274724073041206163e+00,6.143414595723567295e+00,6.496403711185284813e+00
8.672924973675294469e-01,1.722381452013618475e+00,3.120932970564361586e+00,2.189435646338010688e+00,6.865464730154193340e+00
1.113212670213473920e+00,1.138913034351096476e+00,1.776101829323404324e+00,6.059764150749867184e+00,4.869196801884521086e+00
3.492129981477827827e-01,1.730214751499762560e+00,6.251603189749761480e-01,3.334963287443420299e+00,8.841440489203092667e+00
8.337175616310643633e-01,1.262553219827380779e+00,2.577974126403391963e+00,3.668966802435750907e+00,7.709210738637716887e+00
1.507692380992871062e-01,1.750867701462597292e-01,4.559370984132296023e-01,8.124479747140512131e+00,6.528218650347418217e-01
1.104927365573505682e+00,2.173415902067785677e+00,4.034222371965441312e+00,2.237574330465196049e+00,4.867331291772141633e+00
4.494974277273856567e-01,1.662597417661708210e+00,2.256512231971171012e+00,4.520727577291300037e+00,6.668409375885535617e+00
8.665294997153119017e-01,2.413480175413813544e+00,4.457420723227565773e+00,1.091522604214564929e+00,2.686214084978558958e+00
5.406621913815432556e-01,2.213896600563026951e+00,2.231070798798232335e+00,4.449475614091128683e+00,6.094737827609868042e+00
4.077063477621032939e-01,5.556884205917644870e-01,5.818928113826144610e+00,3.072428602647828910e+00,1.192961655727233783e+00
1.524041187773692130e+00,6.114891268799016455e-01,1.620483722856749909e+00,2.299332145999291477e+00,7.539754823154315666e+00
5.606752928948670611e-01,5.296213262893627594e-01,1.340014695233804787e+00,7.529921716533464426e+00,2.697828247914892508e+00
1.317202162693137169e+00,1.094365539317241565e+00,2.701093958350667457e+00,5.594165299417830362e+00,3.019772098944655259e+00
1.658280014638305877e+00,2.324690846604156036e+00,3.487394483640106291e+00,7.062388052130663674e-01,9.067221632992670255e-01
5.047319002889215644e-01,3.934246205140643049e+00,1.149754296427210276e+00,3.687631338993547114e+00,1.123551202163445950e+00
1.108560250454305174e-01,1.923599541398995361e-01,1.795798612992884458e+00,3.805343766871155609e+00,8.513294850650870771e+00
6.758777286654003014e-01,3.709387385579253404e+00,3.207016740486344109e+00,1.260111446950790359e+00,2.539356914635561679e+00
1.075895341555057172e+00,1.463356099459075965e+00,4.643905991357957674e+00,3.575805260161794230e+00,3.006549347654718929e+00
1.243237585181758531e+00,2.339697230605997547e+00,3.552282333953981297e+00,2.049325854909522349e+00,2.065439417588985638e+00
1.359264488384840597e+00,3.164086105174888974e+00,8.193889659692106253e-01,1.117953806942096007e+00,3.494745949203100999e+00
1.155623189813175022e+00,1.710311630766607971e+00,2.692856500374996465e+00,4.673087129885200142e+00,3.640923343321262884e+00
1.876110499126521614e+00,2.942465365488084572e+00,8.627464201841830160e-01,6.234190102580625670e-01,7.719145505504425575e-01
4.374900344619915837e-01,1.972697961605323291e+00,2.554187138955391401e+00,2.549151121426662225e+00,8.255804843661250558e+00
9.450293181859362734e-01,1.233055491570869577e+00,5.465188268403077032e+00,4.833848468027114320e-01,2.348214317155314479e+00
1.979983389289616369e+00,1.380918690521040215e+00,1.725398087552519666e+00,3.116399687306112831e+00,2.934484066914431200e+00
1.221959870229012868e+00,2.904198715114055585e+00,1.278118441429885177e+00,1.211514338616619835e+00,5.560245636991340668e+00
1.092931511954650325e+00,2.977924396883923741e+00,3.320546971577404527e+00,9.627117005365010138e-01,4.359949798097340512e+00
2.036207131887556088e+00,9.581894163041018153e-01,1.657007703115817687e+00,6.645931819538208885e-01,2.674171327554001554e+00
7.831893403769650819e-01,1.064472540106339515e+00,1.472045049182947984e+00,1.473842638364870838e+00,9.327960142942187005e+00
4.599231053076773268e-01,1.927933272738447945e+00,3.582052806034846659e-01,7.178833696015977317e+00,1.430881815142538205e+00
4.086576116297762074e-01,2.419759771048657360e+00,1.874744104026654368e+00,5.998511116612881722e+00,4.459744615082849251e+00
1.551123145543954251e+00,1.275053475489466459e+00,1.352573676962903315e+00,5.420527327211394741e+00,2.073106142102034255e+00
8.063159818354593833e-01,3.574568488554844548e-01,2.234133849935231897e+00,2.692905397476110796e+00,8.921011550281747304e+00
1.965556266314646860e+00,9.530392325928311870e-01,1.076623738987026568e+00,1.046820950242297155e+00,5.021584678471322505e+00
1.864767343680019174e+00,2.083014438680448333e+00,1.503282954184640641e+00,2.423996197224077775e+00,1.206473735098632538e+00
7.931852263609167064e-01,3.200620325690389123e+00,1.749015493556033141e+00,3.556719790945932047e+00,4.546371865605239648e+00
2.003175173635093564e+00,3.272304180788424555e-01,4.274996647593132248e-01,1.343187001090786925e+00,3.131287853993971471e+00
2.706867237296127771e-01,2.832426798625869990e-01,4.818958369234435324e+00,4.400299608030469045e+00,3.579262848749720671e+00
9.826580006103800835e-02,1.035292799760978016e-01,2.425077663158440311e-01,2.862351306982299892e+00,9.478367473097163654e+00
1.284973883790750060e+00,4.642089511420677272e-01,3.441541117940892125e+00,4.425296945833821383e+00,5.288228077177011599e+00
1.169804075782143293e+00,1.140117630541672034e+00,5.085829757834102516e+00,1.062117338076418394e+00,3.347375341415455896e+00
3.770984565602720773e-01,6.871321839143585963e-01,6.278546171425881006e+00,9.935180933156962935e-01,1.584872999326937038e+00
3.141997479577972041e-01,2.364434309489576169e-01,5.140763849536891250e-01,8.038877263946220708e+00,1.349970398933014293e+00
2.102421775761398326e+00,4.690294635734185702e-01,7.640363305019226559e-01,5.439089335541504866e-01,4.177391967221482094e-01
1.613652946068343752e+00,2.666558746499862464e-01,2.063093948977364533e+00,1.683830202952654398e+00,5.897572805979757860e+00
1.024117672542717905e+00,3.604794597981498261e-01,3.297001356154775298e+00,5.398043111827427687e+00,3.534506267235726806e+00
5.449961905456103262e-01,1.024112812839141906e+00,3.987937696686112865e+00,5.469712616115851134e+00,2.872185508508663609e+00
8.548849679733228069e-01,1.058288950270799722e+00,6.435625722201840926e-01,4.473315466696204723e+00,8.083813514291044555e+00
2.419209518779610324e-01,1.782816325066419738e-01,4.130516737866744004e-01,7.638806221998683199e+00,3.367749847818928721e+00
1.805464274713223516e-01,2.742025198061128211e-01,2.229788292069095346e-01,7.128441299726705260e+00,4.947902033774054686e+00
8.584418496989409952e-01,1.162187848348934294e+00,3.217330107814821538e+00,2.196849557642947648e+00,7.191423074126806370e+00
2.093358625532840911e+00,1.897587331058008475e+00,2.026178522065965826e+00,1.588021937618985024e+00,6.815768521308596117e-01
4.684703768559329573e-01,5.863344766688382004e-01,6.209794163769360331e+00,1.333604376007094139e+00,7.399390961703222747e-01
3.913702406962730196e-01,6.881236349165176236e-01,5.608240518088126514e+00,6.208341281758531505e-01,5.197036926589902350e+00
1.509272074670503727e+00,1.325865492223685660e+00,2.210629734210233011e+00,4.489062687897987125e+00,4.024375454956819809e+00
1.872638805694383235e-01,2.295549583611395938e-01,2.232523092629290773e-01,7.808751099699198228e+00,2.763496495068165082e+00
1.027590441089530016e+00,2.790865975225666151e+00,1.684657383046141321e+00,3.672929001582039721e+00,5.936403265837535415e+00
1.033072616406779110e-01,1.219073525712385114e-01,5.052096537944320565e-01,1.188604187149944758e-01,1.007907330671851298e+01
1.083573565741537958e-01,1.799082534389190025e-01,1.768001387492921239e+00,2.972064981530759264e-01,9.705752618499980500e+00
1.091378271971380265e+00,3.284608768481613872e+00,2.290108203943097553e+00,7.541718934442779299e-01,5.083063486050281909e+00
1.066751992719439102e+00,2.031011346963906394e+00,2.172988585020285246e+00,6.128042737450385857e+00,9.599675943100718367e-01
3.852621169551075919e-01,3.054622479456220230e+00,2.991505911450602628e+00,1.481275396529047939e+00,5.852086628776031141e+00
1.145343874757161762e-01,1.091188287118413508e-01,6.771994447697120556e-01,2.222225916415993541e-01,1.005625371377539778e+01
1.057081136148537159e-01,1.082588125492004172e-01,1.476526340216215982e-01,1.186908117541086272e+00,1.001331591401961951e+01
1.709638462591334118e-01,5.850067694285338016e-01,2.540840821687311291e-01,3.913998644253422476e-01,1.006173794210587147e+01
1.581409030430436791e-01,1.424861413514639574e+00,8.917804520725972628e-01,4.267365867697635595e-01,9.457456965784352576e+00
1.500086628612144146e+00,1.694281458918594385e+00,2.140669577395285739e+00,1.408597518544572047e+00,6.633292836735027009e+00
7.834308108202182597e-01,2.213150161406254757e+00,4.403131676050207055e+00,3.268881767003278149e+00,4.633697773586303192e+00
3.833108416408803065e-01,1.357589653875412639e+00,5.559242999089075710e+00,7.165712312061955913e-01,4.205522910152970972e+00
5.169183955367366856e-01,9.211151484799201539e-01,1.086867524576512256e+00,2.885026180676095287e+00,9.269129026358442047e+00
1.844348921583698342e-01,3.288692364900161480e-01,8.925644042753152485e-01,7.728703237442773322e+00,2.845597369064029269e+00
1.947367532503543608e-01,4.327985860060107326e-01,6.958101777623695305e-01,4.909239296123353302e-01,1.002628238344261824e+01
2.679205273003815169e-01,3.634952109307494905e-01,1.820677302566155176e-01,2.371381995448738900e-01,1.005255177122052501e+01
1.120103548272561866e+00,1.343804786123455219e+00,5.093310605444421491e+00,2.554956552313589313e+00,6.198749884077786598e-01
4.931110812386223508e-01,3.274256901117362784e-01,1.147383685859679758e+00,7.208048148452928849e+00,4.468439008309772476e+00
1.202957294235009300e+00,7.153128540483839615e-01,1.007536666997223884e+00,5.259261084695061150e+00,6.541097229518197942e+00
1.193360391860794623e-01,2.127786220324929811e-01,1.429561254366966128e-01,5.641428472101921443e-01,1.007817014541569201e+01
2.015425237644219436e-01,6.228460489716807214e-01,2.131858754921089449e+00,7.551741892742833251e+00,1.564449099155672762e+00
2.047985858974916695e+00,5.447177547180299673e-01,9.352317015808049305e-01,9.213381035503729333e-01,2.588752050090881163e+00
1.233583500285365453e+00,4.764036822068882793e-01,3.067579647964579159e+00,2.251981561791380759e+00,7.514652332052563111e+00
1.542337282277493005e+00,1.883527271897657673e+00,2.380942040836212747e+00,4.699751385019655281e+00,2.276770031533442040e+00
4.543418302495305650e-01,2.969860385426495331e+00,4.819778910870394562e+00,1.253965168031035748e+00,1.246381117750780421e+00
2.045504055087210116e+00,7.978829448748151476e-01,1.146233191900502657e+00,9.651738632514622607e-01,9.867968476907246211e-01
1.999013091671340892e+00,9.937034974951007849e-01,1.378431487102068420e+00,1.227684637235884058e+00,1.343691922089852220e+00
7.872297952129572174e-01,1.869315300041312300e+00,3.716584637014782366e+00,6.152734665845443374e+00,1.383480889968355276e+00
1.364835566818546564e+00,9.224811407327031532e-01,4.814684543130979932e+00,2.881168941658835081e+00,2.102652342526654561e+00
5.433537539762851587e-01,1.411880304151551746e+00,2.475949818049790530e+00,4.699755769233903813e+00,6.788728533158070455e+00
7.039781285718049730e-01,1.018062127326839095e+00,4.063608442624698114e+00,5.139249048310071899e+00,4.552716683181781576e+00
1.371665117837703729e-01,3.556503035936804391e-01,3.505075881503806556e+00,9.401591416405612467e-01,8.261651509804796234e+00
3.758331800213082774e-01,3.085836796183459851e-01,2.341182752954740653e+00,1.079735647742345872e+00,9.404287571956070124e+00
1.211615418222179219e+00,8.667865896593492936e-01,1.890824436445633028e+00,6.585189906226251111e+00,5.759338882796037895e-01
1.627350971873992580e-01,1.697054005542887323e-01,2.259069290602326308e-01,3.497195761862367913e+00,9.187444749574147806e+00
1.900500181978451497e+00,3.960852539096858527e-01,2.372775978717843515e+00,1.644154013573760231e+00,2.997627656692679832e+00
9.339235010930919678e-01,8.097039328610903253e-01,3.151950776238205965e+00,3.431711952031728075e+00,7.436179049534616503e+00
2.185591118100100871e-01,1.556754489237685279e-01,3.402239641748990850e-01,7.872410652155404698e+00,2.666270640419732274e+00
1.371034320449314448e-01,2.325004538172598390e-01,1.791961736901507840e-01,5.120718722081875285e+00,7.886789914708828952e+00
6.081795805737615357e-01,5.090661363339457068e-01,1.343193845182842239e+00,7.429648918042079941e+00,2.968295449962324639e+00
6.066603175364202460e-01,5.155310133599418920e-01,1.346968225928894425e+00,7.444749857471526511e+00,2.942658763297516966e+00
6.203539799531594401e-01,3.095698460688213860e+00,3.351493995015971450e+00,1.712922813988343451e+00,3.641218674632325403e+00
1.357250289597906834e+00,1.179342512575597857e+00,4.743861158267590028e+00,1.862654044763089933e+00,2.178763907123745458e+00
3.626354904653992794e-01,1.636385491518726365e+00,1.626162808233881929e+00,5.403837458620436074e+00,6.103913069926866442e+00
3.226826285388160742e-01,1.772969981771880255e+00,1.659115605990003184e+00,6.257072180163966379e+00,4.533880453012659295e+00
5.400772857940848715e-01,1.527515300617429128e+00,1.009884908765594336e+00,2.359670345625675125e+00,8.639057545347730738e+00
2.415704365415407839e-01,1.149392492307868885e+00,4.906577446684788235e+00,1.075151655494727132e+00,5.698395706475774425e+00
1.513560818525019558e+00,1.747834084279630273e+00,2.771856513148947432e+00,1.891396448231078775e+00,3.422988226753510776e+00
1.090454497514335763e+00,2.412911136455229588e+00,1.945906657443635668e+00,1.318091067625685398e+00,7.149691872253724156e+00
1.398181531105228970e-01,2.178398528364553777e-01,7.121675668149423100e-01,8.071304253415291896e+00,9.258333592821402780e-01
4.681888505718464488e-01,5.798783220741319244e-01,2.286644808277388918e+00,7.549259833293952227e+00,1.392051652347501944e+00
8.142151178226502140e-01,2.192778051158244867e+00,8.500237090449107580e-01,7.066448220974357319e+00,1.891325161631756124e+00
4.151355237022079092e-01,3.523905368033632968e+00,3.701541038804438521e+00,5.485520622633611731e-01,2.214457246820867198e+00
8.166711946920339749e-01,2.054938191510917722e+00,8.480487913798546717e-01,6.875519921250130118e+00,2.566075996214790766e+00
1.265356591674687614e+00,1.126995239800586468e+00,3.841292633638580423e+00,3.162952175233708640e+00,6.101794609985564222e+00
3.330669092810767951e-01,1.667058004728035225e+00,2.283977307615010943e+00,2.540593585524938192e+00,8.627464989777784865e+00
3.044427006112822021e-01,3.329961554888071218e-01,5.916915377235518747e-01,7.075178073920540989e+00,4.957434095690317122e+00
1.898629575559863947e-01,3.107118814153438380e-01,2.761129384953026067e-01,8.032104557877124407e+00,1.742159059817476763e+00
3.952345723454710469e-01,2.850995915653847135e+00,3.073104730543907870e+00,9.194251791962296805e-01,6.539966204515649473e+00
3.280144636847410200e-01,4.118676374121853501e-01,3.330963220689258986e+00,4.132102665508374351e+00,7.343640824260237565e+00
7.622563384412345266e-01,1.590592768300841620e+00,5.641837185338132166e+00,1.510993799751305877e+00,2.499978993001832794e+00
1.417793659254916072e+00,1.487984213676929901e+00,2.295978684412903537e+00,1.784996325739585998e+00,7.118233427665821011e+00
5.454766061672848831e-01,1.269838905305394450e+00,3.171015829610323244e+00,2.897763673667472339e+00,7.178050369897513328e+00
1.151647194758492532e+00,5.179674603529902388e-01,5.738340369362791904e+00,1.205590520182461711e+00,1.320510462181764932e+00
1.018398632154988437e-01,1.202163739471834025e-01,4.858058351387011253e-01,1.280206635591990549e-01,1.007940697681667608e+01
2.109137305761537018e+00,8.954482078204029083e-01,1.014079379084617649e+00,5.138727263232912845e-01,1.573490053360982355e+00
1.253336466589137999e+00,1.568565770791042535e+00,1.192871545203124661e+00,2.258979861531158040e+00,7.470189532628276119e+00
1.254414511959202727e+00,2.083034220690616944e+00,3.111287716385350954e+00,2.724776539791870178e+00,4.307434397223188327e+00
1.229173395124704832e-01,3.283641879279228792e-01,2.259765466357244734e-01,1.288001952798594474e-01,1.008144297412313151e+01
4.445130889834596477e-01,3.729838715969082674e-01,4.339096183267021622e+00,5.784308489246914320e+00,3.051232442364868014e+00
9.653300169198753000e-01,1.816454389837372396e+00,1.992315850448466819e+00,5.221774417436504834e+00,5.394482210853508874e+00
7.496112368250276159e-01,1.991525589066992286e+00,6.919253258081077274e-01,6.380450895508699816e+00,5.086574895653881434e+00
2.354262076860568209e-01,3.326268777037365010e-01,1.018008958562224509e+00,1.154247333095267392e+00,9.897456673681531925e+00
3.674809035763840770e-01,2.263007075874797103e+00,1.059706459697650427e+00,6.704902976546752491e+00,3.564247277679350567e+00
9.121405440862140335e-01,3.715219501115486489e-01,1.114062195975481284e+00,6.532928990870243702e+00,4.909831789381417622e+00
9.144118905569906808e-01,1.717878881984928885e+00,4.366183574643773824e+00,2.007472862792132329e+00,6.264575870772349120e+00
7.043872455631567941e-01,1.303652931164628548e+00,2.446492709140398514e+00,3.331137315561846890e+00,7.621330544461597079e+00
4.197821476159927512e-01,3.929202941536988902e+00,6.188666803893831947e-01,3.404795968068559553e+00,1.362589834336507266e+00
8.515692833823329533e-01,1.587537926127795540e+00,2.376103206812823387e+00,3.472294095573132289e+00,7.833951333470243306e+00
4.896746164974922766e-01,4.763730443971002648e-01,9.306966632445841103e-01,2.293194589799872063e-01,9.841403907654754590e+00
1.871496487706672651e+00,1.393335577653132429e+00,1.914308698073541537e+00,2.113418305832568400e+00,2.447858328486498092e+00
8.426259016317164674e-01,8.461060562313050815e-01,4.397767492262723010e+00,4.289049451808169877e+00,5.256874998359796436e+00
1.532383869661757270e-01,1.958405625355240653e-01,2.392211383221631849e-01,3.924695520462936127e+00,8.910734401662704585e+00
7.532375038872900497e-01,1.201938523055963826e+00,5.541623035988404666e+00,1.604570300799968541e+00,2.620943529575783693e+00
8.992394910632444116e-01,1.281254539807088921e+00,2.084077089170591091e+00,5.745151143858690190e+00,5.431472833015411616e+00
6.017642322690028855e-01,1.359288532338299937e+00,1.556308817382356269e+00,6.195852525227913965e+00,6.111172801945170541e+00
1.873849517272152543e-01,2.027949471799209702e-01,2.887944086763372664e-01,4.695510529324831595e+00,8.313657035764581593e+00
1.240427752058368860e+00,1.949773984297570317e+00,2.443933664654692972e+00,5.617411674862694326e+00,1.559356001087273125e+00
9.707122437984266883e-01,8.452529505566689361e-01,1.953550408063684740e+00,7.328190147689509715e+00,7.753625483536423779e-01
4.372189556418007994e-01,3.209148546509542399e+00,1.244860180173795516e+00,2.789151218413532085e+00,6.360443988637928925e+00
8.360136611911455073e-01,8.088930823218785093e-01,3.547244707632599248e+00,3.953595661843915199e+00,6.724987932173904781e+00
8.094285563627516833e-01,1.127651705832718454e+00,2.707433356747263264e+00,3.873889414103262041e+00,7.647379480182362244e+00
2.017744257935067953e+00,1.445861447889308593e+00,4.466829437532761071e-01,8.995403472569134529e-01,1.815969656808824162e+00
1.022740193697307065e+00,1.354327034753536552e+00,5.016460939144111730e-01,3.324124727412264502e+00,9.009293745152689326e+00
1.593223231755280356e+00,8.814933470429561213e-01,2.717392055754213942e+00,3.993296457548761502e+00,5.378768537121339399e+00
7.869608032129997710e-01,2.663791413537456298e-01,5.346879509842692002e+00,2.304641179078397606e+00,3.847335827343245640e+00
4.168645161512340991e-01,5.521806941617101172e-01,1.065949564673217109e+00,9.019624587482001354e-01,9.818480239192012959e+00
6.156086466576804472e-01,3.248729205731077041e+00,3.175546146417472126e+00,4.001786215818073700e+00,9.066287661857022062e-01
1.072238242091473115e+00,1.162932181957965883e+00,2.136061167607476996e+00,1.507299472944756635e+00,8.682382630118619105e+00
7.492791406113286090e-01,9.698608111433308920e-01,5.437435376364203599e+00,1.661469963694070406e+00,3.091338500026686642e+00
7.752062416181595417e-01,9.809012312023421831e-01,2.848025793320992261e+00,4.396603159021226226e+00,7.098410174853896137e+00
7.297940595779521811e-01,1.802460979935323504e+00,3.910650661950414442e+00,5.397117855891686133e+00,2.771808197015509734e+00
1.623157227429403715e+00,2.300364366747529310e+00,3.023976019248488356e+00,2.027377182030981828e+00,2.600597024334646790e+00
3.906825449391045924e-01,3.105437721728276923e+00,1.115204668520880738e+00,2.845550130353331486e+00,6.441081178765694304e+00
7.362676644571823914e-01,3.524537267044667299e-01,1.971236074691467000e+00,5.326722813150515989e+00,7.204073397008171398e+00
4.946285241167484026e-01,1.399165296720287444e+00,4.670775433401381349e+00,4.360835608809970232e+00,3.655241307432499642e+00
2.237399466030332018e-01,2.524613105299443050e-01,7.352794393384689542e-01,3.478646888312247887e-01,1.003370290378643226e+01
5.620317215187242699e-01,2.418712170379120785e+00,1.891040994858059765e+00,2.972309018105486977e+00,6.885819453826379721e+00
5.906301444761370423e-01,1.651016574211348953e+00,5.324306501841765460e+00,2.100350514443016792e+00,7.281590496511648469e-01
3.443711532200275371e-01,1.664452148924800756e+00,5.767104559082910420e+00,7.511473749517969534e-01,2.561637836240717281e+00
8.238762830344388277e-01,6.327308663307328329e-01,4.443743975305440852e-01,1.697656422608247118e+00,9.707184829435817619e+00
9.616930725163373994e-01,2.697770943205081373e+00,1.285272794993313594e+00,4.070888788536271008e+00,6.233294802218843245e+00
3.280919723649948772e-01,3.312900922999056252e+00,1.172294509899553194e+00,3.343935598161456468e+00,4.318056797010095593e+00
9.896701691667100231e-01,1.168526115798869558e+00,5.067802490652432823e+00,2.171242445946389932e+00,3.689940632460788184e+00
1.629137147521293905e+00,2.216617370459426972e+00,3.130908381493378467e+00,2.780058013600412714e+00,3.073479010039751103e+00
1.049149372751129405e+00,2.895601648907340397e+00,3.337710253369672309e+00,9.702149283950732839e-01,4.077548117084189627e+00
1.321500183365492243e+00,1.647096890776823530e+00,2.671511700820711432e+00,1.218736409801661535e+00,6.411160583113068689e+00
1.064294504812320907e-01,1.352024358430659601e-01,5.338436212165926786e-01,6.365158832779594933e-01,1.005326995771846121e+01
2.940215742605730709e-01,8.125706088905009228e-01,5.775192027054695032e+00,2.296725485417462131e+00,2.728871310231142377e+00
4.744270928510692098e-01,6.955144788782632315e-01,1.600160185969268678e+00,5.634457775915814315e-01,9.765344534720860281e+00
2.923362840567426124e-01,2.508931778916291933e+00,3.515612693490971719e+00,7.956680530157255182e-01,6.270520257355815197e+00
7.870666816468906424e-01,7.556542923579072646e-01,2.380645691909902606e+00,3.493467375364679217e+00,8.466019779185129934e+00
1.478580157629968861e+00,1.513690841411682086e+00,2.261088538838298856e+00,3.919726162226375266e+00,3.798450941232652589e+00
1.956442234889768927e-01,1.057010633948204603e+00,3.852260906762373649e-01,7.531062932972193202e+00,3.315143852625586529e+00
1.122766258786968563e-01,1.339284078712890402e-01,5.743639019664561474e-01,5.033813741357917593e-01,1.006253058818277779e+01
1.009058310111217022e-01,1.030703986894153934e-01,1.474143274966242811e-01,9.598026814262733408e-01,1.004203131909097024e+01
3.534103850134763802e-01,3.031783887323157956e+00,2.155372065870991616e+00,2.539781768693640362e+00,6.173326326549840815e+00
1.066244482282808548e+00,4.103815010368875305e-01,1.432923600004339715e+00,6.188122202803278959e+00,5.719050911390396230e+00
8.579175591209529106e-01,6.059324037638554872e-01,3.489237743992099627e+00,4.893357499901446417e+00,5.906987844523346354e+00
1.034550793768689581e-01,1.212429951441197085e-01,5.116879314589420913e-01,1.253486324504333171e-01,1.007851408525880998e+01
6.775124189042869283e-01,2.129814565394635206e+00,9.549831523050448245e-01,5.498160548040370799e+00,4.753771382368467080e+00
1.605760954972107191e-01,4.321250777775506036e-01,6.474027558344517264e-01,4.727106833209261394e-01,1.004665362109591520e+01
5.251453902795741868e-01,3.848351803165927176e+00,1.304795167432631242e+00,3.870679398838285046e+00,1.387118967668360403e+00
4.260367596051126693e-01,3.848447152537376237e+00,5.557700110961875106e-01,3.739579732936975986e+00,1.786272497577477969e+00
1.395113218894606932e-01,2.453235470466299528e-01,1.606032317874702686e-01,6.102241749807801874e+00,6.716283003002701868e+00
1.314254003900246826e+00,1.452619757774697984e+00,3.017941048827332384e+00,3.187428053221414093e+00,4.938953406784971634e+00
2.076868305355097810e+00,1.163919313188236604e+00,1.375907705216244947e+00,7.518659545496043650e-01,1.808035051848049912e+00
3.486759637125658728e-01,2.333010534905058275e+00,3.255063087196402805e+00,3.198498388699996919e+00,6.085119838401492842e+00
1.908018556548016775e-01,2.161867357280049806e-01,3.130305763380510919e-01,7.886397112379327723e+00,2.383318424472858243e+00
1.605741806504992208e+00,1.859710883002120729e+00,1.566686528266262535e+00,3.972392540724694054e+00,3.394211350298711682e+00
8.724583868770301454e-01,2.596845781253128482e+00,4.337847871426546931e+00,1.826409517919500347e+00,3.848865795855736849e+00
3.839146311397764744e-01,1.994832646569508094e+00,8.205890154531692016e-01,3.124462496957899571e+00,8.712830944429276414e+00
1.310506907819053435e-01,1.242723497020577078e-01,4.022419951300811869e-01,6.912314462346234478e+00,5.375652184683755053e+00
3.369173318595108380e-01,2.182024676314954004e+00,3.532487008412935836e+00,3.276669881437112686e+00,6.135660013874835172e+00
1.432502758719198299e+00,2.320569168410695493e+00,3.732612761537257740e+00,6.583331921822253019e-01,3.896052328994085379e+00
7.840126798681892328e-01,7.287361925003699170e-01,5.081299363354549570e+00,1.168979834474523916e+00,4.253327793369011900e+00
3.942453762807799356e-01,2.340094184347304207e+00,6.562916885761577168e-01,4.141204923356571754e+00,7.562953250961752083e+00
1.323119640770976935e-01,3.928496012235153101e-01,4.244817808147102411e+00,3.487888133039113381e+00,6.019213265875030139e+00
1.174396721113835085e+00,1.998710368233775680e+00,1.253262935272423384e+00,6.616129041744438943e+00,1.412059459381727722e+00
8.055644902434010435e-01,8.029467515376161879e-01,3.031512247240639280e+00,1.268604595579704952e+00,8.218827436433340239e+00
2.052034645591350515e+00,1.601046930605367624e+00,2.174392209535257248e+00,7.804615659593950872e-01,1.279911770062416743e+00
5.413211194888837285e-01,1.949828729935863647e+00,1.727321153623845529e+00,4.521525361940700982e+00,7.017893453224781197e+00
9.257239619964252597e-01,7.932340826499687525e-01,8.799227107098468448e-01,3.458514794521455826e+00,8.943868280492610623e+00
1.905747455860707096e-01,8.935997886286242142e-01,2.275150961657400883e-01,2.888655800083387959e+00,9.244764183334252650e+00
1.983956021188060692e+00,8.032085088201176282e-01,8.142462821086545732e-01,4.755334941691973683e+00,2.367564736829300021e+00
1.546171972670307815e+00,1.703478351201180185e+00,2.643179190396478528e+00,1.147289492352297158e+00,4.256762226968872298e+00
8.663556992483749664e-01,1.039507549623381433e+00,2.808793510246512248e+00,3.440703424662819643e+00,7.813444723026909067e+00
1.071021143517017077e-01,1.613799679195124237e-01,1.151764744174125776e-01,6.060644873218512529e-01,1.007615346503921749e+01
1.350595189571206278e+00,7.467885791577737464e-01,8.872323961211425747e-01,7.072242804190986831e+00,9.742730696484878106e-01
3.376766332894002298e-01,2.672204793996339589e+00,3.274118683704779542e+00,1.093464112159291624e+00,6.428846744788772938e+00
1.340845625817829401e+00,2.399327999381100529e+00,4.289697550562327599e+00,1.389270840506943605e+00,3.330528573181658292e+00
1.428280236191231456e+00,1.318535654092162890e+00,3.389584045616973462e+00,3.137709697447347956e+00,4.821621732212219236e+00
2.010283648720341265e+00,6.575112834794043515e-01,3.312993991808840466e+00,1.702747329950181188e+00,1.230101694529101009e+00
3.911882076195796198e-01,5.013654254792865306e-01,5.526657593436109295e+00,1.392076359766445615e+00,4.487224557382160306e+00
1.149510264229121503e+00,5.209523602763629357e-01,5.740459961992876003e+00,1.218011001051011011e+00,1.306252327282759529e+00
6.239562873477527694e-01,8.958333153682458416e-01,4.719398853983293840e+00,1.207722963908093750e+00,6.158617739218223974e+00
1.655639958622839858e+00,2.094371974874248199e+00,2.821954453485738590e+00,1.138345795433354013e+00,3.249830384821033036e+00
4.691265890133894390e-01,3.731310171983265533e+00,2.776509979614195878e+00,1.656813265147741632e+00,1.585169572034115903e+00
1.275661899283646816e+00,9.532637170897069190e-01,5.102556952425018721e+00,1.745521376925263768e+00,5.821473584842805638e-01
8.918771051643561432e-01,1.108143719372594482e+00,5.741531634450982580e+00,2.682936402440581514e+00,1.075309967220224872e+00
2.099284357633210973e+00,4.213040569498186505e-01,3.457870651328441847e-01,2.137732330965326000e+00,1.159267982641571271e+00
1.007859689971411621e+00,1.795717821444021700e+00,1.477079606886232854e+00,2.342108894431673694e+00,7.746313224507548334e+00
1.494083302545219816e+00,1.393335100577195895e+00,3.805465193727058715e+00,2.785964031141459518e+00,2.076959169236081593e+00
1.032701321506061809e-01,1.126701830749751582e-01,3.412945469755239158e-01,5.387689352171297630e-01,1.007880373883882186e+01
3.479665665910280925e-01,3.768247730347656699e+00,1.254363358858484156e+00,1.736872258674920566e+00,3.792855386367372628e+00
4.705549684382689390e-01,3.449545590350823421e+00,2.037875348281410481e+00,4.523405182866092389e+00,1.278173607087952357e+00
5.479669052406438423e-01,3.312997173923385219e+00,2.660848476103317317e+00,4.160143499638889963e+00,5.971132940078897056e-01
1.023558961129503508e+00,1.331437276205382769e+00,5.175064088317878230e+00,1.329156408223022723e+00,3.854038454638559763e+00
7.066106527683739813e-01,1.092253829652358066e+00,5.226853203387895164e+00,6.030913385809351102e-01,5.041668471484349823e+00
7.172829408244720817e-01,1.573030590414292496e+00,3.894711733408307008e+00,4.951298978438129161e+00,4.579733012650873292e+00
1.049144589219727086e-01,1.310381461895344379e-01,5.740458665932646198e-01,1.833485462276447930e-01,1.007038879912771812e+01
2.957333288451078346e-01,3.639335043885178145e+00,1.524098621541930321e+00,2.103184829217168428e+00,3.554213748228989278e+00
1.239568562693562859e+00,7.457152233378089301e-01,1.029306423359820366e+00,5.205021932718398858e+00,6.456852478903673642e+00
2.749993417048066657e-01,8.664182745371253880e-01,6.058021376065322094e+00,1.859256479430009268e+00,7.244986001097721839e-01
3.230377897210103266e-01,3.289407185026115066e+00,9.943633674370839781e-01,4.182635019346258032e-01,6.542493855734638153e+00
6.969812026997270760e-01,1.462693978951881579e+00,3.891587006870773191e+00,5.546109408641372696e+00,2.689284657409036772e+00
4.625241957479125920e-01,3.055622624662665210e+00,1.942683777710090487e+00,4.251400869847820729e+00,4.525882354196448354e+00
1.663926572696476480e+00,7.382248085781715208e-01,2.639204358256003413e+00,4.445888445961851509e+00,4.114151266339449720e+00
1.776524514296421664e+00,1.980736975488539553e+00,3.037369971406715052e+00,7.319488875402306860e-01,1.967371833403298353e+00
1.339461843179496903e+00,5.084892562793571491e-01,1.099900597739571273e+00,1.741070419440754469e+00,8.681718095542139579e+00
9.664851491435131337e-01,1.880970285845374512e+00,2.042370342930988514e+00,2.127390459634120212e+00,7.670755312499227152e+00
9.791500212139661041e-01,1.148181657984794990e+00,5.282432055008040805e+00,2.201711827644618591e+00,1.311345402637349666e+00
6.070370842062604577e-01,3.193793313489845076e+00,4.318211159691930590e+00,8.277776452452847433e-01,1.986041030982443445e+00
3.678941154009810477e-01,6.296020077507644697e-01,2.086824695915881378e+00,7.255729298946316241e+00,3.449294707755480971e+00
1.691802061922939027e-01,2.331124231597669350e-01,3.267964142953729278e-01,8.088531221653385117e+00,7.858830798100305826e-01
4.661424226014558858e-01,3.977753508064861609e+00,9.269209960506172852e-01,3.325696950051346246e+00,7.207020669026185100e-01
1.696596136875313965e+00,2.299592144947482097e+00,1.137343628609825741e+00,3.612107497811219758e+00,3.505783194754187537e+00
1.612646492753358585e+00,8.814589976832327700e-01,2.539378945318953029e+00,4.467694910499079297e-01,5.960816626231311588e+00
6.657703146330778976e-01,2.118693394790230666e+00,8.504736015343465905e-01,5.557300429291696986e+00,6.578683066138912849e+00
6.309035708613878191e-01,2.334936210869152706e+00,3.790230653441994946e+00,4.759226757194492841e+00,2.198012401056109510e+00
5.254265514217967281e-01,1.876765903149896442e+00,4.249255025674428587e+00,5.115581464880410323e+00,3.241828657782114931e+00
1.577274404980375300e+00,6.583304771853214499e-01,3.211719407481995692e+00,3.807724714470965388e+00,3.325733074678299594e+00
2.238972574214074251e-01,1.156413473024387129e+00,6.975026577331373545e-01,3.791278109170897470e-01,9.853608968234544463e+00
1.587128404389968883e-01,2.522308379423917613e-01,3.576730356870151173e+00,2.689737268023862260e+00,7.615838407373744623e+00
2.739806563680314833e-01,1.162352384145081574e+00,3.899218228303902301e-01,7.172380259608116759e+00,4.625986454771281231e+00
3.838627006849913981e-01,6.720113629575885650e-01,5.164706317971895722e+00,2.739352442176729241e+00,5.441681550419082747e+00
1.755955953625630561e-01,2.050068977367534573e-01,5.550136084524480706e-01,7.813458636390430812e+00,3.048064014445879710e+00
9.794668799218100852e-02,9.888030574715225840e-02,1.222284161502858457e-01,6.741127700171939408e-01,1.007174371882841157e+01
1.005616998952947733e-01,1.143906138290398666e-01,1.026791714296024227e-01,7.116073587703233283e-01,1.006874343944964423e+01
8.028537528371274545e-01,7.820561686695479686e-01,5.055282314345527439e+00,8.172951723781440858e-01,4.851156528637429410e+00
7.413757456798943934e-01,2.846490720662422813e+00,3.029063877181790598e+00,1.095425714758839097e+00,6.006993050072139795e+00
3.151723810200700582e-01,1.932685327542773279e-01,3.171291395815763359e+00,4.406567565895215033e+00,6.796731718772241138e+00
3.644168436655572663e-01,1.989020417458669199e+00,4.372334296268185483e+00,4.559454830558970606e+00,1.870552362806647162e+00
1.562337697094714706e+00,8.686177341962895149e-01,2.611653377566018008e+00,6.007685761756746956e-01,6.126738729034757469e+00
1.232663623596471414e+00,1.509273259017212432e+00,2.580174913323505237e+00,5.219975631958674533e+00,5.052649982447976029e+00
5.025331210636048151e-01,3.670886481250912325e+00,2.411467054757178818e+00,3.162918424981098209e+00,2.228557953696745475e+00
8.638853118821647747e-01,2.434799251050894231e+00,4.726805559967316661e+00,2.556207537359516557e+00,1.476448193833570954e+00
6.024556207583414702e-01,3.150354813190152203e+00,3.274375180064915458e+00,4.108616054758549296e+00,1.031213782802235857e+00
1.328314127907842757e+00,9.044827867502784891e-01,8.525746741428754660e-01,1.687808499928407535e+00,9.045501733507094855e+00
2.370634117739500724e-01,4.029812644237227293e-01,2.319951399701720707e+00,2.818308276733159534e+00,8.977565639822605803e+00
1.800644492206633140e+00,1.466660516296565353e+00,3.577079533069529749e+00,1.016889212130058118e+00,3.995596166930729165e+00
1.379999651591168885e-01,2.456329584139232969e-01,1.555617083126877020e-01,5.985053779770538540e+00,6.881007759166899440e+00
1.420436278441687517e+00,1.096131417174206923e+00,4.009720665355145819e+00,2.864281607884276770e+00,4.298536389122877388e+00
1.642316615681499892e+00,3.031388047815005038e+00,9.650337527826046147e-01,5.308285278590993972e-01,2.358902072179720477e+00
1.853570596777657675e+00,1.169932751204328047e+00,3.524795394742894494e+00,1.134155419387937735e+00,5.335798643299039412e+00
5.483516931235030700e-01,3.416593540497142811e+00,3.275315327073075711e+00,9.678653100796583697e-01,2.916495921689279847e+00
1.534445561001338554e+00,7.720749957420731668e-01,1.438146173557722340e+00,2.473424581582237991e+00,7.454734665865914600e+00
8.274718899319710719e-01,7.547371709531880413e-01,5.407043769697225777e+00,1.268899184841143057e+00,2.813402301291556551e+00
3.244325736360360590e-01,3.261182162836486764e-01,3.650032045838015105e+00,4.988697060460707711e+00,5.761801838422003108e+00
8.043930205403890810e-01,9.937826008562766766e-01,1.817895962648033326e+00,3.908644571668095313e+00,8.125215066375938378e+00
1.504588608315684084e+00,9.305112447604502179e-01,1.964434374712235254e+00,3.830145445044865760e+00,6.823190927778887804e+00
4.013912406083491868e-01,5.052510651739304803e-01,5.478635161270556608e+00,3.533429588164079149e+00,2.786448794578165966e+00
1.477489012930665313e-01,1.820682627923112529e-01,5.638485290104546799e-01,7.957727315713603033e+00,2.139673899648620203e+00
2.147796982991890813e-01,1.849735066475530987e+00,5.244593032929738108e+00,2.697752483814749080e+00,7.635067985763732690e-01
1.350710857093372574e+00,9.970964226765038907e-01,3.048357845106088870e+00,4.429442512940867438e+00,4.649607914370731621e+00
1.170958817364491922e-01,3.492722997102066795e-01,2.494622617162547129e-01,1.400854051593032057e-01,1.008742075827670170e+01
8.001772217392564279e-01,5.241683011413976745e-01,5.196063080464069728e+00,3.214859385020905513e+00,1.709987629321588098e+00
2.992559356093714151e-01,2.988385062252368662e+00,8.272670957275982673e-01,1.376724255902951555e+00,6.729228308658567137e+00
1.154727225063796769e+00,1.234939503458638344e+00,3.870468599807657117e+00,4.340478659798810313e+00,4.778270502072435200e+00
2.164226947465589246e-01,2.427490366840956426e-01,4.591355828869718714e-01,7.038302479531869160e+00,5.374675868273531165e+00
2.901949397178260059e-01,2.541488062638524337e+00,2.980080180159351944e+00,2.337259004131519102e+00,6.432764196687002389e+00
2.853164893430104598e-01,2.218588767776220383e+00,2.990650896404018599e+00,2.240006948485631977e+00,7.148251786399628216e+00
3.031379742794314547e-01,7.156892334059913319e-01,4.719030497528232004e+00,2.619776275948386246e+00,5.788402649412276446e+00
7.685022531300300663e-01,1.314509779721413363e+00,3.736189982019183731e+00,5.778937073653212408e+00,4.145194882602799780e+00
1.381998106375043611e-01,6.556690234365742942e-01,6.986159843946819770e-01,2.572624104490418562e-01,9.982761410841877847e+00
1.053727274830918298e-01,1.657122799995480733e-01,1.695808459690119063e+00,5.911660119677855096e-01,9.714006513785101049e+00
5.741288785841207609e-01,4.351465352001247844e+00,8.095987113795471979e-01,1.555858256439120124e+00,8.641851749540552241e-01
6.194992940974419771e-01,6.769560422885373407e-01,5.005382185431205500e+00,4.355487735139814909e+00,1.517911718943927513e+00
9.016567189060398224e-01,1.385707842028522929e+00,3.722455359220215865e+00,2.012297816678498830e+00,7.053487665544302843e+00
1.372567053694190853e-01,1.789588761715540932e-01,5.778477544358584517e-01,8.063833252776589688e+00,1.085425811119043349e+00
1.232404901430951494e+00,1.788296888691736974e+00,3.447219907286691587e+00,1.243573183169284446e+00,5.669740863953441234e+00
1.492398043150574338e+00,1.834548522024564088e+00,3.063406174167849105e+00,1.116661414406128205e+00,5.417135421169670728e+00
1.243474983610299844e+00,1.077936614707507790e+00,2.448496074216527596e+00,4.612480218512280850e+00,5.090459344109675932e+00
1.043819844058698543e+00,1.129378107933501685e+00,2.821690466476400871e+00,1.712639544410996972e+00,7.684105214352369373e+00
1.748083423188594221e+00,1.417920739984770417e+00,3.052753122599991986e+00,1.379237380244390465e+00,4.972734422340233884e+00
1.054657002895534434e+00,1.369871554459137331e+00,5.184043235266263316e+00,1.577563088113407508e+00,1.674579822867378054e+00
1.630460565023989228e-01,1.703051238459506178e-01,2.276096612706946520e-01,3.538355178137225998e+00,9.162532513972182713e+00
2.264331938385945597e-01,2.174122640598716849e+00,5.055258420335637659e+00,1.506191213192110911e+00,2.441400167267709254e+00
2.603452159007302313e-01,1.882910789962969622e-01,4.523050569370598573e-01,7.978559250178596685e+00,1.791990158387548826e+00
1.303981541861191751e+00,4.652765910563152474e-01,4.381294629410922958e+00,3.948375864111320688e+00,3.540258733157469084e+00
1.718362473434850435e-01,2.949933489470327741e-01,2.924032588328010496e-01,7.786212739860320475e+00,2.925365699021491128e+00
1.736131983400732992e-01,1.918783163629345090e-01,4.681148690111239796e-01,7.013907049285126760e+00,5.329293463926840779e+00
1.619599070804167151e-01,2.630013702387807850e-01,1.692001817721662693e+00,2.546024641514732068e+00,9.335443788584818492e+00
5.191208379016535313e-01,2.706404505800424687e+00,4.423982383980525235e+00,2.184430824636286683e+00,4.582121321231293898e+00
5.611376391788172047e-01,7.462315877137535303e-01,4.642808483615150195e+00,5.760874095181617527e+00,7.470711475990894357e-01
1.584747458063626491e+00,2.532797605002361063e+00,1.953279427294221327e+00,1.293659677069521230e+00,2.624587907793518582e+00
3.747173530566367261e-01,1.642604417743059875e+00,2.816386184250307512e+00,3.228220991839216847e+00,8.042177895963385836e+00
1.797186379604850393e+00,4.695080738323730296e-01,1.654774056768648638e+00,3.952890187467195560e+00,5.041097678064239140e+00
9.727041098314707923e-02,1.124428900680347204e-01,1.016958206699782735e-01,6.687366562154484217e-01,1.007119954541757956e+01
3.497748649126607434e-01,1.468292444561760390e-01,1.613977898763995888e+00,6.627649493668136493e+00,5.296595969240078361e+00
1.329943264675422232e-01,7.507753576932436612e-01,4.929021375989615095e+00,1.707762593278971952e+00,5.517052719389792692e+00
1.736436749624163500e+00,1.177533649060833465e+00,3.063714102741145417e+00,4.087300516014366281e+00,1.143640880923880498e+00
4.118884029767850841e-01,2.018767470432885069e+00,2.198575079626904127e+00,5.473441750142843176e+00,5.175494818583532997e+00
6.087289621139559959e-01,2.352555280677818939e+00,3.055050003117111057e+00,3.784222023372680876e+00,5.698553907394245499e+00
1.540101076495919985e-01,1.262026206480953094e+00,4.447175129206575872e-01,2.550113268471648764e-01,9.680525602768257798e+00
1.899046899784866682e-01,2.692236118234219155e-01,2.476450235583388115e-01,6.326729878704595578e+00,6.439644893885037469e+00
1.843579206449423025e-01,1.517574890173537527e+00,5.280049416288397079e-01,6.986360874927506792e+00,3.909925639564981736e+00
1.568628873549895442e+00,2.630871216354157660e+00,2.843754626679160680e+00,2.854661448145858316e+00,1.477325277664853775e+00
1.623274545034580463e+00,9.277537998104843364e-01,7.560650620708793124e-01,6.090849256199382111e+00,1.909364673594151185e+00
1.298429052068734491e+00,1.912446863550141263e+00,2.423809962301897158e+00,4.659901650403223350e+00,3.664900300623620044e+00
7.599099328182274959e-01,3.561009511611307188e-01,4.367464051719808005e+00,2.162940524971945777e+00,5.963816072974098326e+00
1.949040955555801258e+00,1.437889604450789838e+00,1.195421075945824807e+00,2.178526708846265425e+00,6.861145987839031291e-01
1.481279321608536703e+00,1.105059649415344403e+00,3.695744357862239760e+00,4.759074109047586987e+00,1.952475628548397735e+00
2.883260257103557045e-01,3.903100249359246821e+00,9.027059504592708228e-01,1.725546220004748665e+00,2.543386438884443379e+00
7.634139073372507855e-01,1.912929769405109504e+00,3.656099371983906554e+00,5.475812520641365033e+00,3.345299871847558393e+00
4.118829022484449265e-01,1.877540525268696081e+00,3.711473494256437355e+00,4.549421272489438728e+00,5.297957173061906389e+00
9.095808775564276916e-01,1.420711076417421115e+00,1.084611210052142338e+00,7.187300589424754360e-01,9.475178201012086632e+00
1.582195263750811320e-01,4.450067050604241681e-01,1.531349379373722508e+00,2.570799968425413695e+00,9.289221734650084272e+00
6.839387446244615809e-01,7.439259670001057145e-01,2.390913776046606820e+00,5.914949138396945472e+00,6.276549755305973477e+00
1.824405882254216626e+00,2.316792286430140457e+00,5.154313977941882285e-01,2.989179607915666281e+00,1.152709595209422400e+00
9.563309631080254558e-01,2.140065239986999490e+00,2.341290563712053796e+00,1.773114408575039436e+00,6.550717818558498884e+00
3.650780315462976988e-01,8.403622220974613644e-01,9.885579608505195015e-01,1.277319239118538619e+00,9.828536112420685811e+00
1.932526563709832113e-01,3.904412368421813495e-01,3.513573204909814507e+00,4.270372305025958326e+00,6.674081853584256763e+00
5.062176454951407001e-01,1.229048088923507143e+00,2.075615963527155383e+00,2.725951437579057224e+00,9.003451718020723860e+00
2.298249869650533794e-01,1.823756075874539140e-01,3.853326554444803653e-01,8.089911741695480885e+00,6.075850592017220109e-01
