3.729564610259389346e-01,6.331941811407670428e+00,6.797589823407989229e+00,1.257500604320864923e+01,3.592234026589217422e+01
3.310121436267012385e+00,9.625450947112422773e-01,1.087378201517078224e+01,2.437095183070177029e+01,3.401939594580986181e+01
7.260175857487828344e-01,5.029557858950352234e+00,7.463314658455921347e+00,2.175592327075996479e+01,4.965716808285326067e+01
1.119761829912609974e+00,6.119273710830060331e+00,5.623928621438222031e+00,1.484622155263827459e+01,3.969203163737190465e+01
2.406120240308365688e+00,9.006025506851442763e-01,8.674009952085464548e+00,8.487981827056000128e+00,5.242430201346067520e+01
2.888546717295489952e+00,4.970136648816962932e+00,5.525555319502991836e+00,6.086787019927113107e+01,2.540000272518782864e+01
2.174503190057444968e+00,4.683828151145364771e+00,1.194482507539602167e+01,3.415091794283421223e+01,2.605729949559872338e+01
8.544040897591607120e-01,7.778200061545842203e+00,5.200563898704613663e+00,1.654347765468068943e+01,3.532532146318777677e+01
3.189513641462839999e+00,5.018966985676504677e+00,7.329180607512456369e+00,3.273489899640483713e+01,2.580176718201573394e+01
5.995824226243211541e-01,7.407677415598818982e+00,1.111473122865286101e+01,8.360482987582953385e+00,5.577449333162498846e+01
2.836364998327422171e+00,3.163352748955207350e+00,3.464236533578545885e+00,2.218539366690294301e+01,3.510176696451473788e+01
3.553797025132078957e+00,4.213723024445283016e+00,5.384535846098724043e+00,6.253732767401206161e+01,2.562480575018193107e+01
3.687503971808633985e+00,6.335422360490539972e+00,6.267984765353634025e+00,2.142962285755517726e+00,3.650272357009619384e+01
2.890334966743274947e+00,5.060176819975926499e+00,6.196423231858002367e+00,5.601279209119785207e+01,2.537764879458895706e+01
1.541002455424163031e+00,2.476933381953838165e+00,2.278454229026824507e+01,4.134479245852771712e+00,2.532065326229576030e+01
3.687503971808633985e+00,5.966880886966568376e+00,7.514205341547929073e+00,2.082826009128879718e+00,2.577250436786307475e+01
1.735589047434643373e+00,9.393042287642107135e-01,8.897543032228055537e+00,2.728812415606638098e+01,5.514487488618828337e+01
3.678050937772718409e+00,5.969559048716599037e+00,7.184134489642945987e+00,4.287746695526963414e+00,3.161852422273253893e+01
1.687223859189142194e+00,5.567669941110569010e-01,1.881998076318775048e+01,2.138149840509294819e+01,3.929715720227250841e+01
1.977963790803820565e+00,2.185191592389334581e+00,1.310302956562102494e+01,5.118054741724473189e+01,2.490544979869682152e+01
3.700900673301140031e+00,6.007484854889589165e+00,6.361499079028190451e+00,3.344255617409112702e+00,2.603069559357769691e+01
1.630920439307448344e+00,8.242178716055140741e-01,2.410050127455842528e+01,2.436402427028406947e+01,3.832804354693158899e+01
2.001378196674432175e+00,7.073172623273658033e+00,5.934677594784621313e+00,2.961975912586622428e+01,2.869118537975666783e+01
2.395980035547555786e+00,1.728233833821527732e+00,2.009160908015332758e+00,1.246566321787929965e+01,5.552170991809848744e+01
1.369767465818192864e+00,2.363867303474853632e+00,2.355798184946997864e+01,4.163160248165276300e+00,3.159263470041910438e+01
2.733831600935899164e+00,6.020104411718804727e+00,7.420558607434566412e+00,2.088249834572642794e+00,3.902446970725232234e+01
6.149928004827162065e-01,3.254538835915065320e+00,1.930703860897460800e+01,3.035613999712349553e+01,2.694981077127643232e+01
1.726771595643247448e+00,5.528005735470435056e+00,6.829870494334260300e+00,3.730356593673626264e+01,2.556160357809543626e+01
3.198156916277605788e+00,5.969428334314295093e+00,7.362412333784430274e+00,1.167955563230593796e+01,2.575146436500495284e+01
2.272354203188680977e+00,4.308017631856461804e+00,7.548877511019485453e+00,3.917177431805173171e+01,2.598545458163751576e+01
1.868708025387681104e+00,4.825567161895093271e+00,1.124262052060954176e+01,3.719293067015290433e+01,2.550142119805525098e+01
4.341561709496671306e-01,1.885950080710387722e+00,2.078608133698184801e+01,1.439645716772407447e+01,5.590666866275773828e+01
9.476853912185564388e-01,9.963972051685128228e-01,2.273766400564650425e+01,3.515119253976430258e+01,3.905986383458166245e+01
7.364368754001646700e-01,9.441897999139662545e+00,1.201519196545168633e+01,1.558304906995278794e+00,8.037098447475898411e+01
5.749291872343054166e-01,2.242494191694949457e+00,1.732333855661852340e+01,2.542372465140810789e+01,4.090203003583957297e+01
2.273414311665307164e+00,9.329694483870855093e-01,8.948079190871020216e+00,5.215628324635633106e+01,2.753355144823200362e+01
3.048773634354751128e-01,1.242666145386131227e+01,7.182657971134350561e+00,1.648938652519771608e+01,4.852499778263400287e+01
1.971156629456711773e+00,8.039319645629631195e-01,6.761397284757798332e+00,3.450532043420674455e+01,5.523859068494365232e+01
1.344804121944275510e-01,9.490164922160351679e+00,1.206330340649842014e+01,1.338622558924398520e+00,7.493991423110738026e+01
1.011406660967654414e+00,1.151562930002009377e+00,3.295776699645684715e+01,1.039257814557916992e+00,5.677970107697123581e+01
1.278652492943995300e+00,1.242317971495327633e+01,7.354961230959755625e+00,1.255967261461428564e+01,2.551372346943101732e+01
1.727529194700882620e+00,5.011877661646257920e+00,6.764180090196569850e+00,2.817206269937534202e+00,6.010686414940504818e+01
2.607897073157602885e-01,7.631252332327042254e+00,1.988102069210820133e+01,2.101215202764739942e+01,3.552552748760302848e+01
4.288706571316896476e-01,5.534355491366214075e-01,1.546917493866929405e+01,5.555930902701454954e+01,5.185922077493600568e+01
3.785468718576523450e+00,9.327905387608698140e-01,8.068052756911072265e+00,2.681110033748648291e+01,3.717700251712295767e+01
9.542822421900915009e-01,6.064152574700817588e+00,3.676539478283798346e+00,3.656120773547461766e+01,3.375895120983629738e+01
2.993330786928807719e+00,8.441124039194503048e-01,1.110502754483598231e+01,1.803344305694454164e+01,3.859099360718523997e+01
1.986032527063941622e+00,3.311611802582575148e+00,9.842841983863181099e+00,2.685624119463040138e+00,7.596157888648315293e+01
2.369834366307469686e+00,4.464091033028855904e+00,1.227254904510800770e+01,3.572081470494283906e+01,2.458058460280857105e+01
1.172950059105739129e+00,4.656826296081285399e+00,1.205598490192024030e+01,3.632484283768901090e+00,2.993266072264444944e+01
1.000990245761816666e-01,1.983558320398687735e+00,2.959253404170322455e+01,6.449396615936725752e+00,6.305459073313919305e+01
1.029697716955075837e+00,6.825740764545582984e+00,6.040102550364714773e+00,1.538584516500910837e+01,4.754095245123131974e+01
3.016090341246258077e+00,3.010378335705692354e+00,1.277430998153845820e+01,2.048562862143081986e+01,2.524109203224015729e+01
5.289518775257904259e-01,1.033600994936116635e+01,6.838785729043409312e+00,9.659910765833876312e+00,5.407332729222027012e+01
3.968361280066720287e+00,5.722419161532450449e-01,7.715984297648879497e+00,3.223221703373046410e+01,3.361641205094623785e+01
3.394367753750191952e+00,7.874274426917406977e-01,7.842704407620886720e+00,3.196918651137428213e+01,3.538083204091608280e+01
1.010618513692844722e+00,4.033113256818449344e+00,1.985559617389083442e+01,1.041554547890020777e+00,5.649643153924081673e+01
2.002406605556704910e+00,3.562423563402496107e+00,8.237882517597618914e+00,3.949356015274693821e+00,4.204180168125449768e+01
5.349943997572310650e-01,1.224987084867331433e+00,2.378084118274280812e+01,2.130784902109160583e+01,3.752598575786460344e+01
1.033299316242909827e+00,9.040521358926846274e-01,2.983896175654770389e+01,9.833472944596461929e-01,5.144247611752507510e+01
4.741389271968659558e-01,3.640964312638921729e+00,2.970167047092335011e+01,5.278247415238827678e+00,6.283138502569163819e+01
1.848766769031800761e-01,1.950639467486946943e+00,2.927443575314482871e+01,4.483629171296650284e+00,6.319540303464766851e+01
8.127922098488821190e-01,1.476520340894806660e+00,2.940872015135409967e+01,4.014648125064610440e+00,6.260825210038288446e+01
1.123978235644132795e+00,7.761298139003900420e-01,3.028800696602971243e+01,9.185458970096881615e+00,5.009419065672298643e+01
2.069259435256096680e+00,1.797127700483328816e+00,4.718700734258230334e+00,1.034767847929260220e+01,3.750015664045213271e+01
1.891976817065316396e+00,2.388880028062698724e+00,8.128761372972267196e+00,3.028906375729492062e+00,4.863900908146830204e+01
1.693866263006125639e+00,1.224775793747891939e+01,2.573912184228140720e+00,1.835091220588689120e+00,4.801559532497120131e+01
1.313404313637630993e+00,5.204719975650386132e+00,3.324011533733838952e+00,2.671956723935117495e+01,5.487660995703576816e+01
4.027552074262796822e-01,3.406924229651527636e+00,1.616063642664731503e+01,1.751514831690160889e+01,6.430890563077070965e+01
1.882235716369978995e+00,6.031740659186283438e+00,1.028764068557757128e+01,3.397310514958938654e+01,2.414161939093850506e+01
1.217793160846720957e+00,1.196658845599926968e+00,2.259819921907055473e+01,6.008322593387570976e+01,2.685491021563187175e+01
5.136514118692478981e-01,1.315674867619087607e+01,5.007802000051718494e+00,1.174827818204129137e+01,5.113108927311684226e+01
4.496720683876194613e+00,8.325526307720216845e-01,6.939511257209993289e+00,2.449609469617979585e+01,3.758648400069527895e+01
5.886338431613769018e-01,1.322154744906260948e+00,1.359425172934996695e+01,3.294384963372731079e+01,5.126982452502027598e+01
2.399537105997272768e+00,9.270920610862090072e-01,9.029829816085666039e+00,1.907569048377954957e+01,3.889699593671512190e+01
1.318696874501863681e+00,4.956109288804896096e+00,1.742792766467908194e+01,2.634477015363702890e+01,2.531724989701855932e+01
1.260373485135008575e+00,1.399616571663568898e+01,1.770052339684376141e+00,1.020492140735380815e+01,5.401424861477053696e+01
1.541436046523203318e+00,6.079783802296737427e+00,1.352323126242124829e+01,5.802953403897896578e+01,2.388968870866411010e+01
4.507526934821873832e-01,7.100198911634504562e+00,3.421038119548007739e+00,2.434867172335742680e+01,4.015451649422953295e+01
7.105881592342160324e-01,4.246021689437617042e+00,4.252851098820173092e+00,2.381277382497373551e+01,3.429986570348378905e+01
4.812262246459548809e-01,4.256027129771251083e+00,6.621463160249414948e+00,2.381347476770635296e+01,2.909867326753412797e+01
3.869537961404695636e+00,7.962873079193555359e-01,1.038288025070217202e+01,1.445669541444099693e+01,3.877375777700166282e+01
1.889577858255454768e+00,5.249110821598822696e+00,6.188276807331170914e+00,2.346100213660875866e+01,4.016150699602140861e+01
3.941664925903308081e+00,3.090109881655296320e-01,3.009602082129497092e+01,3.438066506638545405e+00,3.103399777869436349e+01
3.653872795120373773e+00,3.090109881655296320e-01,1.468717377814068215e+01,2.534269453236251479e+01,2.900726799031784964e+01
1.638638552988286534e+00,6.055109822529761487e+00,1.714580400827346551e+01,6.080705866969205431e+01,2.423846943675107823e+01
9.127728916459579289e-02,1.141954561844254812e+01,1.379116019424868966e+01,5.970179693712374558e+00,3.874280626693683161e+01
2.197628540887578197e+00,4.051332502143651371e-01,1.604927975351495917e+01,7.680465818805961575e+00,3.185988518885158527e+01
4.665966435800769752e+00,7.634573091030331105e-01,6.728778364958623470e+00,1.440641327378883574e+01,3.882251256970874920e+01
1.556655568170235426e+00,6.043319941124482675e+00,2.184511101977050629e+01,5.876579455684959186e+01,2.388968870866411010e+01
1.072979690049126050e-01,8.552473284178832458e+00,1.362147540480220620e+01,5.970179693712374558e+00,3.874701752763079554e+01
3.509348453921110611e+00,9.546468845930236036e-01,6.367741761855207017e+00,1.014031499579685303e+01,3.817430890906829433e+01
1.056313714228226841e+00,2.941624139777876845e+00,2.226019049732986232e+01,1.770822517467948742e+01,2.773941194703946778e+01
1.513728218716130058e+00,3.655627293390142363e+00,1.847639611754209099e+01,1.611626344855943316e+01,2.708969319949052235e+01
5.762486701205409290e-01,8.634056465598818342e-01,1.807543644038234376e+01,4.075130764295468566e+01,5.356916649860274759e+01
9.070569779331307814e-01,8.148502526628412568e+00,8.490606359409293091e+00,2.269181420961896833e+01,2.476432068634298389e+01
2.207100289795789205e+00,9.537542356427015644e-01,3.009602082129497092e+01,5.152032886405363499e+00,2.879833579986124903e+01
3.854738778523581821e+00,9.270920610862090072e-01,9.162313928345804825e+00,1.491667800636043673e+01,3.483557130462430962e+01
5.736350193622997695e-01,5.784845944399117368e-01,1.807543644038234376e+01,4.853809830842415352e+01,4.779527311104694576e+01
1.012196173344105832e+00,4.132613294507197388e+00,6.393444351745630527e+00,1.402838604243314080e+01,4.752941061631894115e+01
1.090369638226478255e+00,7.270818110291036973e+00,5.489005439391421604e+00,1.641018104561855750e+01,3.602918440740384654e+01
1.537361099771808348e+00,3.822138268039908304e+00,1.625047827321270688e+01,2.463271637595806851e+01,2.701981842009006485e+01
4.553439173126751172e+00,8.071625130566273398e-01,6.686939993205025523e+00,1.914241671718535542e+01,3.998737645362881210e+01
2.375740936161441219e+00,1.740605899497410070e+00,5.837965416530055407e+00,2.976641102611620937e+01,3.460300070907201331e+01
2.954857813277903755e+00,1.305155166637319297e+01,1.110027804606917101e+01,1.072211273820758493e+01,2.510440618577068150e+01
3.098790062409778390e+00,3.090109881655296320e-01,3.153808446973765101e+01,3.147811397310348536e+00,3.103999175469929739e+01
1.249232218704993125e-01,1.365022395434279190e+01,2.391431496407060209e+01,4.223528142999444235e+00,3.100501573024484969e+01
1.144746671712737696e+00,3.902295387694021844e+00,1.425701218747378007e+01,4.810379458054833890e+01,2.582900103886258592e+01
4.403636939050756260e-01,2.261100077978597689e+00,1.262364766924486403e+01,2.201577370669653533e+01,3.365950115206852900e+01
2.378628314936036325e+00,5.674061262652962956e-01,3.016584374703629123e+01,1.499566211829489681e+00,3.102599736477977643e+01
2.571894867097277881e+00,1.222399551325225042e+00,6.474484663036572663e+00,2.182904579074428142e+01,5.622366582813054237e+01
1.468833754746877718e+00,8.214601366470954957e+00,3.564867578664344894e+00,4.957514101599964107e+01,2.626054094193213828e+01
5.669892617381888655e-01,5.917106085926985282e-01,1.793262789480730390e+01,4.798514055132231704e+01,4.779606742016291321e+01
6.328220195218756672e-01,1.008194158904982274e+01,2.189836036460671487e+00,7.786731873093446055e+00,7.206538920601568066e+01
4.576567160989884364e+00,3.021076443685702939e-01,3.069513302388432407e+01,3.531203061227833118e+00,3.104717110107085887e+01
1.278916708778600475e-01,1.276357814621528775e+01,1.359963926630783959e+01,5.518661404540877058e+00,3.338782500178876944e+01
5.460549082610485216e-01,1.006463803078163366e+01,9.872509507680540253e+00,6.145428466218462837e+00,3.497389920551452747e+01
1.576238158831235081e+00,6.614295129163936693e+00,1.758551160062350904e+00,2.969576162459765811e+01,4.733479181980965222e+01
2.058093946065089774e+00,4.498528810305051806e+00,1.122401250930145622e+01,5.817949318738113362e+01,2.450616556200063911e+01
2.087766953954855786e+00,1.424746032971102583e+00,1.794780332747101026e+00,4.361323025214167615e+01,3.876937247575446577e+01
1.951254068749864734e+00,1.524503703016914846e+00,5.342986907560339560e+00,2.827215971756979940e+01,6.087276907849380336e+01
1.309255725188570807e+00,3.715191387511456167e-01,3.156954669148642978e+01,2.906288826316368556e+01,4.837178498079427413e+01
2.978998614334304129e+00,4.064575745626521908e+00,3.252528333953675599e+01,1.749461839474266966e+01,2.496874846821380700e+01
4.576567160989884364e+00,3.090847545711836730e-01,3.008428968273327797e+01,3.106593436864725000e+00,3.111419582333920175e+01
9.995061813092627478e-02,8.232133539255118038e+00,2.193195519102474833e+01,1.503302432181325798e+01,3.877083563917402387e+01
2.894192388837986574e+00,1.048356238077357450e+00,1.405909848311980959e+00,6.307760219953804892e+01,4.283190996804207629e+01
5.080682685368396179e+00,5.563296476815130731e+00,7.366238467473776197e+00,5.247613642243791787e+01,2.465755456095014964e+01
2.907532826703802531e-01,5.935398781802803114e+00,8.142219903790056890e+00,4.493227194542235736e+01,4.026343820758005876e+01
1.219635314079695387e+00,9.954361336947927796e-01,2.506359673059043303e+01,2.261846390009542063e+01,2.615351847926956097e+01
1.763805250648681489e-01,4.317135726224877068e+00,1.100407196457027759e+01,1.986859358819954835e+01,7.182176395826921578e+01
2.777911156877039378e+00,6.774705670265497304e+00,8.585950589726760729e-01,1.502803292111764222e+01,4.541184902665550283e+01
6.419084861890764770e-01,1.411738731585716611e+00,1.500019772534841955e+01,5.882113303497469303e+00,5.180954546595376087e+01
8.990614390145240664e-02,6.978310780495922572e+00,2.292151208421810082e+00,1.963098551569972017e+01,7.114230278333801039e+01
2.431460109600941388e-01,5.526418472104173141e+00,3.156574516561470922e+00,2.507484838174772079e+01,8.716545483123708493e+01
2.604908534393618247e+00,4.243172863415212159e-01,3.159943577387299385e+01,4.253406488351213710e+00,3.206105181235773927e+01
1.677960976989941067e+00,5.221716683996588948e+00,1.727197965274472580e+01,5.250119487230123383e+01,2.376337925459478129e+01
2.354452493087235698e+00,1.259263115104658937e+01,3.837549311322542955e+00,1.164926394766036655e+00,4.343065852110784419e+01
3.226612832547851362e+00,9.506489599470122620e-01,9.154993038401435967e+00,2.116137716184056572e+01,3.849835906225224136e+01
2.125062915599531088e+00,5.163724193347407621e+00,1.298345790639967134e+01,3.576400467735879118e+01,2.442153969121190826e+01
1.103775796308271939e+00,4.312898815420099119e+00,1.128694521721441291e+01,6.353052264907301350e+00,5.171885132519546602e+01
3.196545976861350891e+00,5.509446966212804275e-01,2.413074496376901834e+01,4.025058482280754468e+00,3.544758010185456953e+01
2.385106922840229071e+00,9.241222552304297011e+00,3.268469756312907926e+00,4.256864093089146039e-01,2.702052100614576702e+01
2.002125300862525492e+00,2.860834271933417661e+00,3.701021575965394383e+00,4.777121198598589302e+00,3.832414855647854068e+01
1.668864461468845484e+00,5.221471359576412397e+00,2.582254621678831441e+01,3.352578658087019647e+01,2.505284681866356422e+01
5.795750141976372394e-01,7.264959090824555155e+00,2.200391127116913026e+01,6.414250512027366291e+00,3.361974655169042592e+01
5.602897957991770372e-01,1.007759148875175015e+01,1.001380570648879242e+01,6.144614897198208858e+00,5.137482616193604201e+01
3.605885169689621250e+00,1.252445683064360615e+01,1.942314632582023748e+00,1.384095534726060173e+00,3.038642346209660872e+01
2.792188725544488381e+00,1.371414281773023214e-01,1.767766012913026330e+01,8.343325024779460364e+00,5.323405732482408581e+01
1.943062459940821385e-01,8.554006334509976384e+00,1.597649877408335195e+00,2.361992178785619956e+01,6.961039825599232245e+01
1.322290847862525043e+00,9.941148863838488836e+00,1.114988369513921995e+01,1.470987085269129802e+00,3.450810851234305687e+01
3.375039921864453341e+00,1.253024738861080678e+01,3.436064863393392343e+00,4.272661261679015499e-01,2.701131253600559745e+01
2.645812688042574301e+00,9.169290271462468667e+00,2.051121261144921881e+00,1.404682649351929324e+00,4.466139015945870483e+01
5.624929106279238367e-01,9.670073017892937273e+00,1.776218027787751952e+00,8.677619004354054866e+00,3.513997750592560010e+01
2.341647649313726376e+00,9.407226719647479030e+00,1.630673470084231980e+01,4.247596641803859097e-01,2.567794816260030899e+01
2.986072580520855446e+00,1.196696793551765170e+00,4.326345549038746796e+00,2.084423995330426749e+01,3.925206349495267943e+01
1.320296094579746171e+00,1.008726274743123952e+01,1.707732873165151233e+01,1.032537767355839353e+00,3.412772311211212184e+01
2.528632883906250406e+00,6.612684565994546126e+00,1.850258639856653176e+01,3.365186708638897017e-01,2.655285839853683427e+01
3.060091131654281149e+00,9.242101192138861165e+00,6.840830721742486631e+00,1.458775142294236771e+00,2.632759508878483246e+01
8.673498860496897667e-01,1.764120140150621552e+01,1.529294163455311484e+01,2.443128359151825801e+00,2.628029090711753213e+01
7.177417412501163607e-02,1.614348138473468142e+00,1.585686479566456875e+01,5.301388229500702920e+01,2.659083489374685527e+01
1.386408079240426083e+00,1.260725204736835581e+00,9.717920435175569693e+00,6.718448060250261733e+01,2.673849709650808748e+01
2.009169468013778825e+00,6.716585568530206274e+00,1.481533304348777236e+01,3.298605310791493661e-01,4.997434569446365771e+01
3.548184940659959152e-01,7.534630608785416683e+00,1.814221805696279333e+01,6.147981961164899367e+00,5.735531992611762320e+01
1.976486151754273113e+00,4.330906500213018151e-01,2.393028627007597997e+00,2.248413196235469513e+01,3.880448119318434408e+01
6.298637829844018210e-01,4.036750265570256069e+00,2.292151208421810082e+00,2.064411465009224855e+01,9.047999438276167439e+01
1.162519950660119705e-01,1.675879629478113753e+00,1.034314496394494753e+01,6.106018498499139469e+01,2.673641348653123018e+01
7.074710752793128554e-02,1.182162803432151632e+00,1.571608268381165274e+01,3.898629338677440614e+01,3.186867305235046643e+01
3.672681211351798591e+00,1.464844508509033361e-01,1.770429020714146873e+01,8.247757030759812480e+00,5.057778560385683875e+01
1.389049970438005710e+00,7.130377405466351348e+00,7.842238515562469647e-01,2.851542469984710237e+01,5.160106714638610725e+01
7.009132714084279070e-02,1.684403467556516487e+00,1.586861159183237469e+01,5.733982859689967881e+01,2.658250402716278415e+01
2.629785069857474067e+00,3.784278859270253648e+00,1.484126277353139400e+01,3.434537082866462865e-01,3.297566645204155833e+01
2.898646938839394949e+00,1.008673148509410922e+00,2.202624322054127504e+00,1.781990584083557749e+01,4.565061657603069989e+01
1.649837809860312809e+00,1.526883522336690291e+01,6.374711016723025869e-01,1.222160699469743150e+01,5.112426835625035437e+01
3.571238823222221415e-01,1.678758128381149239e+00,1.915495662544271482e+01,3.928492038945721276e+01,2.785029558067822819e+01
1.158414155394254852e+00,1.293033834762064904e+00,3.965745289544264196e+00,4.663965238831151083e+01,5.322225318648270331e+01
2.587481699248508349e-01,1.969464228475949374e+00,1.020891054000152209e+01,3.734003454447238113e+01,2.659307269122729167e+01
1.802740211897220668e+00,3.894144569142780621e-01,4.738408020001525500e+00,9.799207473468655394e+00,8.205375957083252558e+01
2.331033915376139021e+00,1.599190000597900152e+01,1.932489641692379356e+00,4.242608293581958456e+00,4.985234844522851461e+01
1.922373657949846548e-01,6.124981528691026078e+00,3.479809730748199215e+00,2.225497038199556243e+01,7.243430697646049055e+01
1.121672497660344936e+00,1.022670948323903772e+01,1.032654616730371622e+01,8.664707831216318379e-01,4.827875440023095166e+01
2.444473371162851016e+00,9.749013378712606537e-01,6.633833648568086439e+00,1.403605971743884595e+01,4.958624558194780718e+01
8.988177955688020360e-01,5.075639151421477813e+00,1.643147740813034829e+01,9.862061400720129711e+00,2.564863257506236494e+01
4.071243176883857728e+00,2.511042852522791247e+00,4.864714982413294919e+00,6.815723451198769567e+01,2.672871351491096803e+01
3.863954217615871656e+00,7.024355277323616420e+00,1.481128981411822387e+01,1.826189505437635086e-01,4.867374386997666136e+01
2.832902802966625000e+00,6.572837533723594916e+00,1.987986371146512354e+01,7.085546276493029927e-01,2.863108945302328578e+01
2.585245190817117678e+00,4.123118542535056941e-01,4.036647869864703253e+00,5.002252675816750127e+01,4.941762626350950427e+01
3.376366687345723760e-01,1.539121326312668181e+00,6.090720455523812582e+00,4.901500774297154805e+01,5.118454128570644457e+01
1.921728065282368725e+00,3.801303754467226237e-01,1.122415451691806609e+01,1.412431941118848755e+01,8.187945411840001952e+01
3.588472378777613159e+00,1.418473578342598074e-01,1.123936435561352987e+01,3.851246915598904863e+00,5.069534212757536551e+01
1.509896304277512646e+00,1.511953893655581815e+01,8.378884513433597636e-01,1.660757398727589162e+01,5.379369244444188070e+01
1.790657043463531384e+00,3.516507933648169715e-01,4.799805866754757844e+00,1.618962780673009405e+01,7.809603850207446385e+01
2.288244020032135673e+00,6.962083082401735901e+00,1.279131949519421596e+01,2.817435700345987115e-01,4.845539053035696497e+01
3.973466708621287147e+00,9.520723655510139327e-01,9.192207027278751497e+00,1.375437068251894424e+01,3.805312536286987779e+01
9.802840634935644504e-01,7.096858725648178545e-01,2.494521579568492342e+01,5.330055762187797086e+01,2.865459819811293940e+01
4.941217822554100358e-01,7.035531652855834039e+00,5.047687280432365142e+00,2.893240999735830954e+01,3.873230771542056772e+01
2.457057234152145941e+00,5.247747424248971448e+00,2.399839000406129941e+01,3.828002503942237666e+01,2.342124332519458818e+01
1.614577984263637411e+00,2.827333896639702138e-01,4.501578537081014275e+01,3.100621872776019750e+00,2.726386159050178648e+01
1.432565929934241034e+00,3.329254594673135004e-01,3.801287840597267120e+01,1.628563131033143918e+01,3.098657829185279056e+01
2.578291095952645939e+00,1.665327213004269113e+00,4.445174175641919589e+01,3.040219215852308476e+00,2.791698919534131917e+01
4.139640532050950839e+00,3.256176174230320797e+00,1.588185034084429503e+01,1.442829477561841545e+00,4.899330328677951485e+01
1.014570940811185956e-01,1.782306919230467468e+00,1.689634577875758481e+01,2.728748022809631735e+01,3.820692735303418885e+01
1.894651954313130382e+00,1.678800293797646059e+00,2.459671864459076573e+01,3.845591176727821470e+00,3.754497417205044485e+01
1.703558569683823465e-01,3.517794302104109594e+00,1.344297548153620525e+01,2.424021633426473699e+01,3.945440378934320336e+01
6.595783897110074623e-02,4.255741091932140563e+00,1.910315752479809603e+01,3.940428584923130018e+01,2.626848894569817006e+01
3.856047138381235584e+00,2.012199069081050062e+00,3.943490545218827137e+00,2.525510537143484413e+01,2.752582644425552871e+01
5.020342002847983931e-01,4.135408086055627486e-01,1.363305324783382133e+01,1.177619048162699400e+01,1.038956992119614142e+02
1.744782307795285092e+00,2.459421947776345707e-01,3.048468960916832060e+01,7.296508025525441532e+00,2.649873157405765411e+01
7.415059323262163105e-01,1.624166898414134863e+00,6.473990317538545369e+00,3.496641747175097237e+00,1.044395621714692339e+02
1.460361997751838947e+00,9.887581307355699067e+00,1.547196824558926265e+00,3.076432108388334186e+01,2.577930925169864551e+01
1.958854197280940346e+00,9.725147726010923144e-01,3.236702208998720742e+00,8.649211995554768606e+00,8.169326016513684863e+01
6.454399257589995553e-01,1.580502001616651331e+00,4.659188499837076947e+00,2.212169405141713696e+01,5.500233374376186646e+01
3.471922229988029240e-01,5.878946916407137735e+00,2.520620733601191787e+01,2.116599053659290242e+00,3.291409962164875935e+01
4.182194487714151476e-01,4.274321607495469522e+00,1.162011889553255450e+01,2.095354799399306600e+01,2.624864029436336921e+01
1.113442527494009848e+00,5.704408775487708638e+00,4.553819487453909076e+00,9.687917529775871728e+00,5.330153867820657609e+01
6.910160651054985115e-01,3.789138018821213150e-01,1.902591028827664488e+01,7.460959444748826996e+00,5.837480440436817020e+01
9.393571595187114598e-01,1.264674512315147270e+00,1.794667464718004624e+01,6.555899318546296151e+00,4.125044448322836388e+01
3.106809321372169919e+00,4.436610427515074839e+00,5.838867946659071606e+00,6.197734179700923995e+00,3.016133605238449178e+01
3.776518831864198678e+00,3.810327176547534833e+00,1.258562571504923255e+01,1.855642394674586748e-01,4.928675185646816459e+01
3.114850685368997230e+00,4.559845215891642489e-01,1.976305172274980393e+01,1.784735218949367042e+00,5.248216604420159825e+01
4.057045451120224300e+00,2.013726923594145291e+00,7.904403111981415542e+00,1.823825966245501107e+01,2.740146791414109018e+01
1.852984753765585246e+00,9.759011190884165909e-01,4.692161375278640634e+00,7.125112712667053927e+01,2.921339195536518574e+01
1.952808915585119987e-01,7.213671774330665531e-01,1.779100422190803243e+01,8.590569842371095888e+00,1.148821044692693931e+02
3.872266078223558061e+00,3.097687229825949462e+00,1.539829338618027776e+01,2.801579209244564606e-01,5.041575573303531144e+01
3.875723161475309819e+00,6.908322774543714573e+00,5.916158265657459836e+00,1.824700969058924149e-01,2.890308869271287406e+01
2.460805709784767981e+00,8.869024328054292416e-02,1.407279285600577268e+01,2.310979474323172411e+01,5.187705653594044009e+01
6.243786347249191682e-01,6.498564620815646009e+00,2.488690785442268183e+00,7.058673670616602003e+00,8.970421083418594321e+01
1.611759645257115903e+00,4.385279462939430384e-01,4.196767806151397906e+01,3.286694025065275859e+00,4.688662559811460540e+01
3.751176387639931775e+00,1.064994676496572312e+00,1.371740069553897046e+00,5.132146018567089385e+01,4.297828916256570153e+01
2.515639181429371707e+00,8.869024328054292416e-02,1.398457523282202786e+01,3.006269442746041065e+01,4.939515650286115545e+01
1.703558569683823465e-01,6.272716692595182053e+00,7.712174751835244813e+00,3.382945480472072575e+01,4.046872867964415832e+01
1.392764061000053288e-01,3.836469167790335533e+00,9.291077372847318827e+00,5.244402737709178552e+01,6.106483855099614289e+01
2.215321920995023119e-01,3.615945614201238278e+00,9.599073715252979255e+00,2.231438162360096555e+01,3.961580493281635285e+01
1.945346015092835612e-01,7.441570159483434921e-01,1.787412021897724657e+01,5.021545853564033379e+00,1.146449234093884115e+02
1.756099651924872607e+00,5.268958205157646901e+00,1.958975807836984018e+01,2.822103689851637043e+01,2.452921078328418503e+01
1.046796343821996267e+00,4.233456712024162627e+00,1.015000684264832209e+01,4.160429018915074550e+01,2.565880640127331702e+01
3.449806535411277686e+00,3.051318859322181165e+00,2.928992875971602849e+00,1.816209190742891977e+01,4.273561006009187935e+01
1.568124368175874139e-01,3.440734990878544508e+00,1.294011907917574788e+01,2.559153887549570427e+01,3.950313447802298583e+01
2.530344341073726522e+00,4.722948796173070285e+00,5.681539419980073724e+00,2.846439158184073115e+00,3.181713395517292042e+01
1.554363295080238017e-01,3.500713696859256707e+00,2.010653392935428840e+01,9.565117379988844704e+00,2.761125231629309695e+01
2.555242845930506768e+00,2.519438379700638109e-01,3.843425480718539511e+00,2.321769938842225400e+01,5.688861171147213724e+01
2.192161615108649375e+00,9.575141653962793598e+00,8.236769123755314226e-01,5.667753392940370283e+00,3.446273041165414952e+01
1.333762764973259296e+00,6.892237262315841662e+00,1.500821928674551220e+00,6.794245829368981582e+00,4.858928986642096959e+01
5.461170583808718781e-01,5.191525694933286417e+00,3.725206736591225365e+00,1.636021934136775213e+00,9.903879711327820701e+01
3.264500901157913137e+00,5.770767873859348640e+00,2.991665639563064971e+00,2.394112354828093459e+01,2.737921055143945281e+01
3.538849085395333605e-01,7.534630608785416683e+00,1.159097533301967609e+01,4.819295864799105544e+00,7.236874103367082967e+01
1.547153888620790951e+00,2.231326928551996769e+00,1.597750731948753078e+01,5.661532175812023127e+01,2.584004988169926520e+01
8.789507932685585168e-01,6.153528048446841758e+00,9.772294553051162680e+00,1.650492275193819802e+00,2.626437848269662112e+01
1.392764061000053288e-01,3.251925199540013356e+00,1.466840275799166804e+01,5.264940638303129106e+01,6.050612354304779217e+01
2.456174850334758908e+00,5.249999041500190700e+00,2.404994419559476881e+01,3.839854522090553246e+01,2.326877513655517760e+01
1.521516111691852413e-01,5.741890281968159648e+00,1.050887390904053120e+01,3.974474038365917750e+01,4.400871912091857752e+01
3.027700705277994508e+00,4.891797653984546912e+00,1.030910699404012121e+01,1.419409377943201767e+00,2.927274262361608947e+01
3.917319903686071303e+00,5.295133217786751167e+00,3.864961773266598399e+00,1.174449188373609676e+00,5.897209026759174577e+01
7.284853478177414354e-01,3.253286341656894898e+00,1.694821988442454241e+01,3.091919700253247427e+01,2.651276863598115341e+01
1.194278004824686157e+00,1.614288838193681297e+00,9.205683794743084292e+00,4.022899219065395826e+00,7.959639306012574878e+01
6.325224471684932903e-02,4.370437847801806441e+00,1.336676045804993329e+01,2.444869961966019289e+01,2.654617314510092285e+01
6.682137325232403446e-01,3.021149628505682472e+00,9.663006524618149129e+00,1.719983630680794562e+01,5.276685314812272054e+01
1.063700947260824564e-01,3.782594704540200858e+00,1.883720327383991489e+01,7.681685842354422533e+00,3.886952748073099428e+01
7.612409831749926692e-01,1.479457228322530904e+00,1.284227186314488023e+01,3.691090228632228687e+00,1.037036617710874395e+02
9.063360917752636414e-01,4.137392810439743052e+00,3.091800706393227927e+01,3.920976203142034322e+00,2.816675764465136211e+01
6.681319371361035819e-02,4.185488088465845635e+00,2.917636605884452550e+01,3.945559155857647937e+01,2.627579701840990012e+01
6.134242723733559499e-01,4.582004333867265800e+00,5.915715925528642671e+00,5.907096270596391463e+01,4.404200987221923924e+01
2.454981604905209558e+00,1.026876592774336877e-01,1.665414663162259501e+01,1.916023792517394497e+01,3.081941473694450551e+01
1.231703782502593825e+00,6.267260510572399745e+00,1.996776880666957910e+00,4.994918872520050179e+00,8.071370956872678448e+01
9.858343125881616764e-01,6.115716742123664673e-01,2.431313487785936900e+01,5.248842419476188681e+00,6.460221215623570856e+01
8.939050932400323113e-01,2.853053026550375626e-01,1.408325036203987501e+01,2.696019508506809359e+01,4.977029561327599083e+01
1.010355846239763961e-01,4.305577428520072303e+00,1.902601518530195079e+01,2.367677174251286942e+01,4.745671083705373405e+01
7.202164958601311451e-01,1.560825437128862569e+00,6.604560861735481403e+00,3.471683835394665518e+00,8.122888744411345385e+01
1.166452308812522487e+00,1.048459779177103712e+01,1.091030132483994386e+00,3.521419136811071127e+01,2.665640189893360912e+01
1.636448889885930291e-01,7.274240093149705322e-01,1.773973271951594910e+01,8.347930148481081503e+00,1.031615013534507597e+02
2.465109195866917791e+00,4.051780063207781613e-01,1.423242100193523996e+01,1.555974469321522236e+01,3.129525489797349280e+01
1.585924689194703752e-01,3.042166869210015889e+00,1.599279220524833178e+01,2.336410822440820567e+01,5.587552140425503922e+01
3.261960665285412730e-01,8.348682847375417992e+00,2.021432844059340983e+00,3.803011459632160474e+00,9.126180099970945037e+01
5.467443026065542666e-01,1.378095719350992709e+01,3.096562545151419243e+01,1.740082345279791909e+01,2.463632865467138089e+01
1.618413542664349558e+00,1.190964359862408450e+00,2.427181933469177366e+01,6.048353790975102839e+00,2.954395709139043191e+01
9.567134625753146437e-01,1.037269030690790572e+00,1.240809618399909553e+01,3.496641747175097237e+00,5.287429500549248473e+01
4.815980741503375739e+00,3.975720970129098752e+00,1.610321639462224619e+00,1.696938961790895917e+01,4.787148223224293986e+01
8.295027624761529550e-01,1.588044876588298315e+01,1.152436496545222688e+01,1.230890420866034773e+01,2.669513887524578877e+01
1.920852317145473220e+00,9.654224074906444741e+00,1.943723074010350871e+01,1.978576547542295061e-01,2.722865968972744355e+01
3.251239373623515672e-01,6.676414053031322737e+00,1.500414355447969861e+01,2.224282350583949075e+00,6.717537243260565560e+01
7.270423261660972081e-01,2.669019269651270676e+00,9.940597878656753039e+00,2.935422980485765443e+00,1.126070407456798534e+02
1.398983365143046775e+00,1.280312788958650216e+01,2.561939566094602494e+00,2.975747428869596867e+00,4.941828487824916749e+01
3.990511040313811986e+00,6.008681049367045723e+00,3.389833000361848203e-01,3.437263014310412146e+00,6.340361516967973898e+01
1.842125484519669953e+00,3.226095811647858191e+00,2.196540262983414138e+01,3.800923329932702099e+00,3.962466615626888711e+01
1.372218650572928134e+00,1.027684231108216650e+01,2.734419118994421694e-01,1.862104815858186768e+01,5.158351596693377417e+01
2.855575327707457145e+00,2.296173728592054264e+00,7.943124696533757856e+00,4.579075272613110315e+01,2.625767673279153769e+01
1.549517230226486353e+00,1.291732148367030852e+01,6.259333238507588604e+00,1.478397376126258855e+01,2.582795661790728659e+01
2.385148958348887405e+00,5.697938323251944048e+00,9.466764698125874844e+00,2.242219340652876980e+01,2.439753719007014610e+01
2.435639795213283776e+00,1.583192147614759793e-01,1.474925215947448720e+01,4.584372064799524082e+00,5.241079077604673842e+01
5.106444877042028152e-02,6.176988971868116352e+00,1.214689113943290621e+01,2.313088951247868152e+01,2.558772910139078149e+01
9.164280036690921616e-01,1.684270722747030291e+01,5.205518888833888802e-01,3.657794652828928861e+01,2.691993583841953708e+01
2.823654974466305756e+00,4.496815112032134465e+00,2.193757745943729187e+00,7.232450768222910220e+00,3.744198488199296548e+01
7.437016145472749584e-02,4.424387142115113747e+00,1.360743697121880658e+01,2.415509697305368775e+01,2.541483798649109005e+01
1.811048581824153514e+00,1.307604827975253414e+01,8.940936989877945607e-01,9.376669930360225891e+00,4.168512622651024913e+01
1.636877308450984114e-01,1.185739284732559362e+01,1.469281082304452646e+01,2.667339961459637809e+00,6.987134065425928497e+01
6.395111538359495029e-02,6.132688625328377441e+00,1.194089037809347431e+01,2.289968859481164642e+01,2.672376771334936407e+01
1.728415335326008995e-01,4.771311691672794453e+00,2.256675906484964855e+01,2.389184951476487484e+01,2.614697027928906081e+01
7.066332659181746578e-01,1.898873439118244688e+00,1.776237668403658176e+01,2.306618539018675307e+01,2.598083690193098150e+01
3.605260394203585683e+00,1.403455803813110769e+01,1.720267872427174538e+01,2.655359791811307435e+00,2.559023994589904305e+01
2.390803187750250913e+00,6.616771017096543250e-01,2.973573773103262852e+01,3.072343189254169715e+00,5.442945828083024651e+01
1.745436400531554577e+00,1.073149966687847190e+01,1.036649746175341669e+00,6.466123545643723602e+00,2.695833157872208119e+01
1.511710822190369452e+00,5.662271207256754479e+00,2.233720887411342204e+01,1.090674206983075756e+01,2.563962691173716735e+01
1.661762329606662369e+00,2.599425423713112249e+00,9.918605519279092064e+00,2.429650976192151646e+00,7.679738459923490268e+01
2.449568703787157187e+00,2.168564177895392908e-01,5.837898688898786936e+00,2.285571727987354862e+01,5.208612677806968350e+01
2.508633965616334560e+00,2.061878518544136840e-01,6.664156462772131917e+00,3.870497153524040357e+01,5.234224310260444213e+01
1.800074732388381005e+00,9.600112235843550224e+00,2.648460662395292431e+00,1.510734139541210164e+00,4.137007714603678465e+01
1.804613520101513879e+00,4.340066871647104918e+00,4.448511459116025080e+00,6.755606241784255417e+01,2.677863653391122867e+01
1.773533567272403522e+00,8.763640536354191823e+00,1.061829762099998353e+00,1.870234781548210989e+01,5.147728980181496894e+01
6.705002475388452954e-01,6.721660754624355860e+00,8.855982724470136347e+00,7.321077668883833489e+00,5.305422871375053262e+01
1.399691691469586718e+00,7.604592937272566244e-01,1.711580063041892430e+01,9.989538395660400028e+00,5.339007947292999745e+01
8.152845643340613790e-01,1.734518021319183489e+01,7.047357242167523239e+00,2.253432365261159021e+01,2.510032710198395023e+01
1.750545509154351365e+00,3.011807209102031369e+00,2.534996246330926128e-01,3.499583216377225625e+01,5.146773315802224857e+01
4.340686302546936104e-01,4.015525208082512343e+00,8.444750654424952430e+00,5.136887328411178544e+01,4.567002663894972159e+01
4.872314247727420611e-01,6.839288208941525227e-01,2.199961089495392486e+00,5.163063573018536090e+01,4.482235934301883873e+01
2.260380017853997059e-01,7.699445106272753137e+00,2.588903876289109363e+01,2.200493359207251487e+01,2.572396798309484112e+01
2.605380803869573825e+00,5.604860795832337317e+00,1.436446197337400088e+00,2.755918333869676928e+01,2.656222727748032497e+01
7.767006319375052703e-01,3.751292655327987946e-01,4.818896308367785508e+01,4.752987677523112353e+00,5.255965375816467144e+01
6.946735761200897863e-02,9.468628926918885469e+00,6.915280984413937126e+00,2.258667410474442860e+01,2.533603748685896662e+01
2.499776833824901845e-01,2.002943386224570244e+00,1.084079757681712053e+01,3.405629166825350040e+01,6.516375990889972059e+01
2.831237274486297473e+00,5.626267138123422384e+00,2.151365153363784533e+00,5.629084897091085793e+01,2.574212562522921033e+01
2.688313361216309039e-01,3.642084591484489930e+00,2.521088891012448929e+00,2.063453034137899067e+01,5.508270600874985234e+01
1.378803555905050882e+00,7.647826274779856437e-01,1.037367183710858853e+01,7.781065091064028216e+00,5.264615435068252225e+01
1.970259133942328988e+00,4.703529152911384847e-01,1.703163597738271529e+00,2.917447300505224916e+01,6.556713770980039158e+01
2.625991685846069679e+00,5.684903166232551541e+00,1.542093299091560787e+01,1.785354614562279707e+01,2.225116172847727469e+01
1.165166748219788495e+00,6.593202002850921950e+00,2.382518928302722827e+01,1.761925380613721970e+01,2.314423369882248949e+01
7.198149580851845863e-01,6.404400474983352964e+00,6.594345548221573594e+00,1.925122143931037755e+01,2.569041616703708542e+01
9.946603188407792118e-01,7.843939069740082815e+00,1.255665167427886075e+01,8.434461594271256857e+00,2.576609414325840675e+01
1.731856312207195270e+00,2.498555713387629051e+00,2.493036961883165759e-01,3.455384634409210065e+01,6.927824895093041846e+01
3.431568174635688528e-01,8.123174353551050331e+00,6.897232034429453762e+00,2.281136772689728076e+01,3.778063980977204750e+01
8.192056173083742676e-01,3.938276449713988825e-01,3.772749364788693782e+01,5.064010206270417314e+00,2.855714286412272784e+01
2.017063500945504018e+00,1.935183989944836203e+00,3.581217762906774027e+01,1.156933279471700882e+00,3.742188944877178614e+01
7.295539244575172111e-01,6.637131391186388285e-01,2.364380925403688938e+00,5.521812901827392039e+01,4.481202119948085283e+01
2.484882531022322816e+00,5.474203734141998012e+00,2.252112375106859687e+01,3.845976340867243692e+01,2.225660014963018440e+01
1.868063045472712735e+00,1.476625520964683247e+01,2.079651003947463384e+00,8.115488230959210236e-01,2.955048651753355671e+01
1.545666201766544123e+00,9.176536470665322298e+00,1.234427404460843425e+00,4.652932679399114591e+00,5.675086828123544080e+01
3.146700491921019527e-01,7.726184042307675526e+00,2.702242841348400759e+00,1.532260810353118430e+01,8.138871517942800438e+01
7.866179454648255520e-01,1.701717054388103945e+00,3.692421210785148844e+00,7.642271013944140989e+00,8.128571012719271494e+01
7.659211137789814217e-01,1.817657293772310112e+00,2.732417216168030549e+01,4.095829018086249995e+00,2.803477063787736867e+01
4.558570629110005878e-01,8.341012125499265295e+00,1.713639876797651507e+00,3.367591502880617327e+01,6.525841466525285739e+01
7.583979688297932675e-01,1.197728066793872337e+00,2.688042498621055287e+01,1.945073257182059834e+01,5.165442788206573255e+01
1.992174623158302849e+00,5.077589159197912760e-01,1.035615140696965586e+00,2.861765650368075597e+01,6.438922110597856374e+01
1.891986272143805492e-01,4.219838602164691088e-01,1.843573912182671037e+01,5.032707671374924985e+01,2.887380281435832785e+01
1.113422670648282820e+00,2.501313133563661140e+00,6.052390997081841917e+00,6.236842016870346228e+00,6.828073391201158415e+01
2.041184056712405104e-01,2.004274080899927313e+00,1.084613460672121299e+01,3.405753095943365594e+01,6.516447961050407400e+01
3.624233474188476745e+00,3.821461132997864052e+00,2.198714126062053520e+00,4.027595192497318521e+01,2.658200443244778199e+01
2.529227973228579618e+00,2.915094663728926561e-01,2.455235594767851381e+01,2.598224020552176050e+00,5.211318969738639595e+01
1.022107342430971233e+00,5.816351301620914516e-01,1.362796426240480585e+01,1.036543667001014768e+01,5.227613570816463806e+01
1.662011383803541520e+00,9.742598992719523565e+00,1.286024158534206308e+01,1.076846519289488491e+01,2.434727118776519816e+01
3.951103658218429793e+00,3.429793254974074834e+00,3.286284967561518044e+01,2.879542326454223033e-01,5.011585198387662388e+01
1.582394180038144027e+00,3.952570721225531436e+00,1.730309809743744376e+00,1.213894051710433075e+01,5.274789596111696710e+01
7.943563823077960384e-01,3.822313519865166431e-01,4.818538119434483491e+01,4.722787164909020952e+00,5.381812210998745627e+01
1.299286538978204675e+00,9.619026684673938066e-01,1.008925671548662883e+01,3.060320755360322664e+01,2.772375864440413551e+01
2.472293020104656680e+00,8.783772579630908517e-01,1.158824940066159392e+01,7.660987023633277992e+00,4.758598290068452030e+01
1.005708432241021688e+00,1.361719474758848847e+01,2.612906419215264009e+01,1.731395511517257191e+01,2.495639291272044247e+01
3.593270781338804842e-01,5.727584919157012067e+00,4.155046157844658694e+00,2.083319220723807597e+00,5.804676863185454749e+01
3.915359675000892103e+00,5.626662931765510578e+00,2.594336039135983984e+00,2.123275991288389175e+00,2.839004736006583229e+01
1.027295590542328885e+00,1.501173056333489697e+01,1.958765601807611834e+00,3.049429877120527976e+01,2.628352660774258709e+01
5.080440569023858544e-01,2.931425866815770220e+00,7.571649647986351539e+00,4.651674107730192986e+01,4.436173662026385500e+01
2.408464720019074523e+00,2.428551957815868967e+00,2.484854617099450380e-01,3.455384634409210065e+01,7.011970200716390877e+01
1.110907383303020968e+00,4.387471342388891138e+00,4.682501516391649687e+00,6.755606241784255417e+01,2.684928718747725185e+01
8.107963240290185780e-01,5.083001888444317329e-01,3.334473917451948211e+01,2.160215926875375203e+01,3.673582339429958665e+01
3.312264809275044630e+00,5.039395142584783827e+00,1.552878369547423709e+01,3.160980283612067621e-01,3.730415716844519380e+01
5.421878237005648415e-01,1.670678192339985602e+00,1.970970698282333178e+00,1.205908092954073041e+01,9.746213158357768691e+01
2.198752066084144474e-01,3.779812747252564886e+00,8.868522336394811134e+00,5.095311626093025836e+01,2.846338351986646487e+01
7.335998748259653368e-01,5.587867278414570649e+00,1.422608718065753397e+00,1.640544390699698596e+01,5.271490034643576195e+01
6.278095406059472361e-02,8.736376997405812972e+00,2.222460631121820640e+01,1.062742488474926716e+01,2.599702323741610144e+01
1.133649334571517064e+00,1.367848818755617302e+01,2.684678168282114541e+01,1.732706392448799804e+01,2.393703583430026072e+01
5.865265535750963100e-02,5.615201747458421266e+00,1.746244968849275381e+01,2.319520019635157837e+01,2.588002026311599124e+01
3.585185309706319323e+00,3.365687651422014426e+00,8.240387594430066409e-01,4.309781631348368336e+01,2.680265031386159080e+01
1.330654169484863925e+00,1.230526130828353049e+00,9.230071658604998674e+00,1.591363526388346772e+00,8.715930929314042430e+01
1.301550969393064472e+00,8.626800159001207779e-01,4.296041057860495727e+00,7.105985413736097200e+01,4.225985520539975937e+01
1.098555910726707552e+00,1.310603285387467842e+01,3.534314355981153710e+01,4.451584558440965012e+00,2.556280981352908199e+01
9.764051701746943035e-01,2.350168409913718115e+00,2.552108593427787619e-01,3.041562409044082926e+01,2.688130030747302612e+01
1.535504985726623861e+00,8.375841181570344851e-01,7.570640677555322995e+00,3.323274760365327296e+01,5.070972250003656256e+01
2.768943794570764005e+00,1.439434230620395549e+00,2.103210734197980614e+01,2.342998600155464128e+00,2.799255959411983241e+01
2.256560495056812332e+00,4.223044029496080043e+00,2.059187915053692031e+00,3.038221461933224532e+01,2.823487431576719331e+01
1.025737923908030869e+00,1.230745378947671576e+01,1.971797139968052059e+00,2.945387311540368103e+01,2.672393819732726428e+01
4.523649002904590183e-02,8.901132442789128518e+00,1.213372216828724426e+01,2.418836300299079056e+01,2.528001669126929585e+01
3.179445797433707810e+00,3.643038435326847235e+00,6.607224040740437232e+00,4.320365385834256955e+01,2.620270977147467306e+01
7.617674604957175299e-01,3.335403000137049823e+00,2.687258246728283506e+00,2.636575026693202162e+01,6.605900850403875779e+01
2.359901692405313334e+00,6.631389174409771492e+00,7.892848450340459010e+00,5.389818446345230107e+00,3.538022138266819638e+01
1.160579850577482031e+00,4.235466481371246150e-01,2.360502388142917951e+01,3.501460707617229673e+01,2.896014992046000458e+01
1.674513086782854598e+00,5.683257068022986580e+00,1.030978360464055044e+01,3.183810407418060606e+01,2.205711590010110612e+01
6.158985929008687910e-01,1.342309936385492897e+01,2.040510271090390049e+01,2.070090591167657124e+01,2.464728223845914101e+01
4.187325265142001207e+00,5.674551158449660626e+00,8.262628572935115656e+00,1.399937068228563142e+01,2.392695016713100031e+01
2.143888804092079603e+00,2.599557907981667526e+00,2.502101271758188084e-01,1.971826409111719869e+01,6.989982581655193883e+01
1.478198072225597848e+00,3.904625060400306769e+00,2.170496011894818444e+00,1.051626175302047983e+01,7.168224166840222722e+01
1.148361510692590404e+00,6.355317883851596683e-01,6.547907852907252746e+00,7.127771901558681122e+01,4.191263095723095944e+01
1.264881664880713519e+00,9.047102346312811960e+00,4.315211816514789689e+00,1.838855480446573409e+01,2.587656729069784234e+01
4.831992849196084516e-02,5.283164685911418523e+00,1.332457459630077778e+01,3.673324929529729843e+01,2.528252589431134467e+01
1.670400000489041248e-01,9.759641278043035273e-01,4.675971565399508023e+01,1.852369897289313627e+01,3.648468695719970611e+01
2.823540625253133207e+00,3.188284499473995837e+00,5.428862851823435420e+00,7.665534529311814538e+01,2.657195307190670164e+01
8.257133500602844567e-01,1.661070356285814231e+00,1.930251183053030672e+01,6.542066996768113540e+00,3.642202069297658085e+01
1.504407141792239777e+00,7.148857459421972038e+00,1.019097226186228866e+01,3.252588664242912841e+01,2.250231892568591263e+01
1.710214622979361110e+00,2.600792840692703223e+00,4.894790794480899931e-01,1.881053692265127353e+01,7.573633251132061162e+01
8.812708550180989864e-01,5.683753895597366323e+00,1.023142503096242351e+01,3.548986877373100413e+01,2.506447300949138324e+01
1.602322747817343407e+00,1.710503016413243671e+01,7.125818261196769754e+00,1.907160107456017073e+01,2.305301573388899783e+01
2.130052840891590638e+00,3.653890237916425643e-01,6.912339422130266087e+00,5.312686902315618909e+00,9.661399034306811018e+01
2.398832233452437013e+00,7.700345160298056157e+00,3.189820120292811012e+01,1.441714745856058144e+01,2.361046708465211807e+01
5.878252474712177822e-01,4.785061228226563657e+00,1.306365857326108504e+01,1.847015379011796909e+01,4.252647978041278520e+01
7.016315994657226218e-01,3.948237995173454085e+00,2.537557496192582640e+00,4.503333311345473078e+01,5.368793597082631663e+01
3.729410117603590091e+00,8.328573840113868698e+00,2.542491135420155501e+01,1.307155723076238174e-01,2.693281371899583831e+01
1.442427486531714653e-01,4.219838602164691088e-01,1.836151166649143818e+01,4.277364903240918892e+01,2.892980897859002098e+01
3.943327415563611937e-02,8.937079573686645517e+00,1.214559841257173467e+01,6.343249100472423407e+00,2.555386120451714760e+01
2.115206053451633039e+00,1.287159688508597855e+00,8.449549218248204596e+00,1.493734578083737663e+00,5.457145149241569726e+01
1.268953070904480285e+00,3.714933877062991385e+00,4.894790794480899931e-01,2.850080603618165043e+01,5.805257310831814266e+01
1.724384153671283393e+00,6.059241235657320424e+00,1.207334936237694656e+01,6.341298473129934443e+00,2.617025374146789574e+01
3.431223127259888983e+00,7.985555996542013091e+00,2.042981267247944643e+01,2.303406797524113703e+00,2.506053242221983268e+01
9.740654362825285073e-01,4.959015161955226958e+00,8.997908097770920932e+00,1.524143016866892708e+01,2.541819335532989044e+01
1.713523357570470029e-01,4.236005547518401637e-01,1.843348322819399954e+01,5.091062127515390046e+01,2.892632144329709831e+01
1.111751538487347313e+00,1.330187644868791264e+00,1.749414243138632230e+01,1.453410850612830707e+00,5.699542325659928110e+01
7.841589225381774553e-02,1.698818879661760928e+00,6.485585171805663407e+00,4.529877862251020559e+01,6.933544776687740807e+01
3.089646002796339275e+00,6.039998540522569570e+00,7.130026350471716512e+00,2.903614717479633356e+01,2.648779603916022651e+01
8.310338556814218514e-01,6.146546564378294608e-01,7.205426666770844868e+00,4.383768594747412983e+00,1.167229050650529274e+02
2.880823052839526222e-01,3.437913401853522899e+00,1.710470545520212227e+01,1.683692487375933666e+01,2.828547788893851589e+01
7.322536030515420791e-01,7.568520943292659453e+00,7.809346028698011644e+00,5.966859796248806802e+00,2.807630365720782351e+01
3.739040461478631006e+00,6.163065511014616860e+00,2.074709069706067766e+01,1.328140467730516416e-01,2.637656924261753488e+01
5.516485629728981599e-02,1.090411807422151824e+01,1.721039463353477217e+01,6.273572319280582121e+00,2.531985575080677719e+01
3.099030289326880627e+00,5.322308031833426156e+00,1.005891332114676739e+00,4.211386374277835465e+00,4.440174186613684526e+01
8.429741280538911585e-01,1.142376355118444664e+01,1.781357430796380825e+01,1.899126474177357693e+01,2.501524097712342254e+01
1.672516333252610732e+00,1.231214413011598552e+01,9.708783420878404513e+00,3.015367252910242257e+01,2.224858230389232006e+01
8.124168533302035533e-02,1.287385714598809017e+00,2.291227577512331948e+01,6.550157827370187924e+00,2.820755727398396928e+01
1.064140646530441492e+00,1.108003482048807875e+01,9.549218152464874265e+00,3.559830835182631859e+01,2.290137907719435617e+01
2.839078026498988105e+00,3.171336666849840835e+00,5.519538823673968864e+00,7.100839930693121005e+01,2.583878358456402324e+01
4.117921923666083561e-01,4.176139493498602029e+00,1.298113110296765882e+01,1.901061613956487406e+01,4.270798011386349913e+01
3.370110746497566367e+00,7.144084558881417246e-01,1.572256001009410120e+01,1.328796465250343672e+01,2.538288660797485718e+01
2.140840321369562371e+00,2.385366390012936266e-01,1.436769134318314123e+01,2.310732507790089230e+01,2.975526485418662048e+01
1.018818016227974965e+00,4.974766464762997664e+00,1.565387248274946330e+01,6.164238144520142626e+00,4.609859789049689027e+01
1.148813944702290923e+00,1.364136617782124716e+01,2.726201107649762179e+01,4.321779627625060627e+00,2.527810220190806589e+01
1.068429086717594068e+00,5.608139098511673026e-01,2.631594547828195019e+01,2.006245123572607270e+01,3.111149131647133714e+01
7.849093274019265654e-02,9.037690618423648292e-01,6.218231044995814472e+00,4.210496367437470688e+00,7.246711476646402161e+01
1.909179832790725562e-01,3.658959633025822833e-01,3.838783106181256954e+01,1.376696492784720149e+01,9.203257697944968641e+01
4.360992667991690830e+00,1.054710131738582213e+01,7.099007176358472115e+00,1.747111074261551522e+01,2.450722121725174674e+01
4.659947132865462915e-01,1.584873905095014024e+01,3.627817705580283558e+01,2.758322420928245311e+00,2.661751034806323446e+01
5.181925310823244146e+00,9.936402816362855717e+00,1.983269095867257192e+01,2.594364143380180066e-01,2.624837508265754948e+01
5.207441661607130179e+00,7.769300300140495885e+00,2.971849172542611939e+01,5.714628743866887461e-01,2.524238861596551686e+01
2.546210930399530170e+00,9.814938890030113328e+00,1.514639448640989094e+01,2.463401083732622843e-01,2.720460205437279200e+01
3.692525285897050757e+00,7.531254842695682683e+00,2.150549571712017638e+01,3.052453189702849512e-01,2.714427316292066195e+01
2.596355675107905991e+00,1.221907914065993594e+01,7.735576534136169080e+00,1.755938141035428046e+01,2.169300096953055501e+01
1.621075060418751601e+00,1.800256888853286608e-01,1.406595480252719454e+01,5.841267483682305972e+00,7.600099334803533679e+01
5.833082989788483941e-01,4.811546198064199586e+00,1.299752207491863132e+01,7.542900111857703038e+00,4.255095583058819386e+01
1.584690181278015420e+00,2.617913708355342761e-01,2.323009790279503761e+01,1.767178651257411204e+01,5.179217102110051485e+01
1.311722590652415033e+00,6.736272394562952570e+00,1.941006896631583345e+01,4.662697625586996741e-01,4.764992659691992571e+01
3.685813440071048497e+00,8.899628213725019776e+00,1.350441813679718450e+01,5.437379176429691929e-01,2.745138443082126045e+01
1.095655722939171017e+00,9.677516818110049046e-01,1.919096740010888880e+01,8.094241978647197300e+00,3.037792040783668313e+01
2.030582895817463207e+00,2.344502602117678469e-01,1.365344376352943367e+00,6.144476658588152951e+00,1.258180957005939433e+02
7.080380179493526160e-01,1.661171535986825099e+00,6.753490618684676150e+00,4.908046522978751369e+01,4.897213728873848737e+01
3.403428533850599846e-01,6.672377862147586214e+00,2.705480131524257459e+01,1.983942093748673940e+01,2.680306455167401580e+01
2.889055151247300057e-01,1.677204476876474892e+00,2.511974210410722885e-01,4.504952384709372382e+01,6.768134379357030639e+01
2.586751793036303759e+00,1.516028997043598103e+01,7.697245097421478555e+00,1.746548341433783946e+01,2.247506334510531190e+01
7.939950462013538601e-01,1.016024462555298324e+00,2.206454337015159695e+01,2.025606760761442615e+01,3.052090601871423914e+01
2.596015921919884395e+00,6.854053207163964601e+00,1.729607461539882207e+00,2.739231679031804134e+01,2.534976810140645043e+01
3.371790027074253349e+00,9.326044734334990594e+00,7.739435397270592709e+00,1.722156255796341640e+01,2.263720283918857845e+01
2.808875759676273454e+00,4.530036254721128586e+00,1.203505383511475557e+01,1.710886924890428773e+01,2.571873076441623951e+01
5.896782497670947087e-01,5.383905902480971006e-01,8.630927395252427914e+00,5.395956766024341533e+01,5.385533483174410208e+01
4.115749054744979318e+00,4.954845860034506444e+00,1.773858979643485867e+01,2.316063735604215523e+00,2.583644193632855846e+01
9.487071724355574665e-01,4.446040487620324111e-01,6.909934118330038899e+00,3.298474964237563700e+00,1.211972019163059144e+02
1.746753589231163639e+00,1.258934979540733634e+00,2.065904948603690627e+01,6.890205447621685408e+00,3.060976718798152518e+01
7.410761333807860396e-01,1.314325412725493525e+00,6.636839005282747728e+00,7.106169085394599350e+00,2.793815778858036225e+01
2.728636864528589889e+00,8.552904386596235753e+00,7.693889663337509788e+00,1.647415582240047982e+01,2.318316677618729571e+01
4.922122670643986453e+00,4.827816863544046377e+00,6.591632981658590573e+00,2.244786165241929865e+00,2.844414514170016517e+01
5.072995699719205831e+00,7.744288422298959418e+00,3.204896558371451221e+01,6.482701046534266043e-01,2.526737777243299021e+01
3.400077929619991779e-01,2.203892742354849887e-01,1.157157069820984097e+00,3.612785890035411995e+01,7.332806832399474217e+01
1.543516876303800300e+00,2.662988803459159781e-01,1.761357755807958370e+01,4.216762176803754869e+00,8.487289492467940022e+01
1.677780282124182065e+00,1.309954565414102845e+01,1.717458231627908205e+01,1.730962082457330098e+01,2.211951938674586060e+01
2.326383978277741349e+00,1.679636638317865760e+01,1.157906660750186667e+01,2.296739762314397026e+00,2.621790735651626392e+01
1.359053088965068934e+00,9.048379064688091944e+00,8.466790726874725337e+00,4.523877489824704412e+01,2.278352983298259815e+01
1.845399196451033286e-01,2.812716352052507807e-01,3.749112467686324379e+01,1.445000746129057134e+01,8.211664344261743054e+01
3.527731435743619581e-02,8.557857721272709384e+00,1.266568693282444258e+01,2.553860542308882486e+01,4.918849599172439468e+01
7.841589225381774553e-02,1.501809015541925030e+00,1.549977981875247934e+01,2.032082688640040402e+01,7.647677520262347173e+01
3.124046859898642836e+00,8.307506629578723434e+00,2.542491135420155501e+01,2.583303517549464523e-01,2.692174219964806525e+01
2.686511537212909140e+00,8.151526824570302310e+00,1.977081238548205278e+01,1.307488398932981910e-01,2.751436911095589011e+01
1.963218818401748278e+00,1.222928785584212363e+01,8.472810220452826613e+00,2.867752180765231174e+01,2.371082360246982290e+01
3.352801553294314729e+00,8.416358835535087124e+00,2.542491135420155501e+01,1.391901070178911681e-01,2.693616885082285251e+01
2.966447203580093728e+00,6.384300268754845575e+00,1.537862347433808896e+00,3.281574344959297207e+01,2.627547132813101882e+01
9.072028389373834045e-01,3.784660504936546710e-01,1.473672547198025740e+01,2.515679675435568896e+01,4.771910715521707402e+01
3.352507026755330077e+00,5.876330783859398110e+00,1.772179366749679730e+01,7.446423508477539865e-01,2.529806550296345335e+01
8.502999091584002855e-02,6.724681557080272043e-01,3.011645798039676336e+01,2.467489340372403461e+01,8.282216935030785976e+01
2.005732530310402884e-01,2.874631309354649389e-01,3.774119783497123137e+01,2.732193397093872544e+00,8.135620135067856040e+01
2.637596061726336760e+00,2.684932956654394243e+00,2.833280500572853455e+01,9.483038676894322005e-01,3.645612474801176006e+01
6.791286587305583877e-01,1.106213076911156667e+00,1.318889318971577929e+01,2.257760448921394669e+01,2.915654117461074435e+01
1.963218818401748278e+00,1.582047501138232803e+01,8.436369206379767505e+00,1.498733487919499119e+01,2.318879227041395552e+01
7.637737873247707476e-02,1.009132751780900561e+00,3.151678146389341961e+01,2.350703427046817140e+01,2.841379375427782605e+01
3.496619910154295408e+00,5.637766300600818958e+00,1.720395626714522619e-01,5.126174651595894716e+01,2.620661911073605310e+01
3.162487237957489761e+00,2.948328408819282487e+00,4.408003600329513993e+00,1.763601770619841247e+01,2.655378631104421316e+01
3.076273855875090169e-01,1.814977423004346280e+00,4.523343093729550901e+01,1.770727738435411647e+00,5.529443216572094855e+01
4.700470996897614384e+00,4.242483090009324442e+00,1.380186643401762892e+00,1.697016771910312727e+01,4.155460775222437064e+01
1.059450272645449109e+00,7.398149318853954881e+00,4.696855724500481166e+00,1.864666213483480206e+01,4.015666845738297752e+01
2.049001538599886985e+00,6.353650201182585722e-01,1.951366387678576686e+01,4.138573364890494766e+00,4.860705943671933937e+01
1.911340758330950074e+00,1.295538382002743560e+01,1.746728291100204444e+01,1.658542010970278469e+01,2.175958905389006404e+01
6.855643680283963759e-01,7.839254734806324620e+00,2.929939843652084708e+00,2.599578567073208291e+01,4.912245004649476243e+01
1.259625294144137708e+00,2.518997365593375060e-01,1.499715420823465539e+00,1.730806165774312433e+01,1.231967421101580982e+02
3.592158529208393070e+00,5.737256383014697647e+00,1.497198981879703261e+01,1.852039860893851309e+00,2.612660423855673386e+01
4.105744648983477241e+00,5.789395849908757441e+00,6.032241746172529950e+00,3.454921940984918649e+01,2.602898055971183311e+01
1.749793413385911878e+00,6.211195005651668488e-01,2.824015975827746772e+01,1.329346043876042316e+01,3.510771858198199880e+01
7.459888571725064033e-01,9.802662956233183067e+00,1.770927907530069945e+01,6.265234134400098753e+01,2.504444727696765938e+01
1.261290250895217291e+00,4.789482282661451151e+00,4.222771164127493648e+00,2.272614119779376907e+01,4.966105812308531142e+01
1.441929495281931928e+00,8.592477878289167537e-02,1.370624152542602481e+01,3.697709637921826697e+01,5.775946865800688101e+01
1.096192287910820351e+00,1.696518373752113673e+00,2.060392363838811036e+01,1.768220480761082181e+00,5.279941688785162057e+01
1.618936000034492118e+00,1.259284280621010554e-01,7.706710501108223532e+00,4.302764648114646207e+01,7.869452872121533460e+01
1.904639770614514171e+00,7.282916520115136905e+00,6.094425996627824915e+00,2.269086742991289185e+01,2.636260797565981662e+01
1.755894437562852683e+00,1.061363982664689942e+01,2.189010392223645241e+00,3.497437694169195144e+00,5.169267101726649116e+01
1.651127909446510333e+00,8.854951852482398356e-02,1.158412567790534808e+01,3.744256414489696283e+01,5.648788289018234821e+01
1.013133870353766230e+00,8.588727175529715929e-02,1.429584087674288995e+01,4.446092495273813228e+00,5.679380916213520436e+01
1.003069561204040644e-01,4.232292363320437900e-01,6.937605130479507665e+00,3.094502401092185995e+00,1.213960094295222092e+02
2.433742288643125917e+00,1.808248417226499816e-01,1.286611820428717046e+01,3.403824350037888635e+00,8.316550297866450592e+01
7.990489424063744739e-01,1.074169016531830501e+00,1.968651687784534587e+01,2.032648862506920295e+01,2.846376067806659904e+01
3.535927476654272816e-02,8.366666071964996121e+00,1.480636105145915948e+01,2.542553056933017785e+01,5.198457152512148127e+01
1.774150036764482685e+00,7.844175768285507999e+00,1.314412205981406245e+01,6.271920729050837195e+00,2.597972923837261305e+01
3.782044940969940150e+00,5.962151838276545490e+00,3.917124437015662153e+00,1.518836224317109407e+00,2.656434914583259754e+01
2.088697202724731028e+00,5.506418269298578583e-01,3.642919274721533895e+01,2.562757539933904760e-01,3.509525859089824706e+01
5.250991039869910892e+00,5.868137174213368112e+00,1.674623530015410422e+00,7.689816667653908144e-01,5.954523851479193297e+01
1.703797318093095869e+00,3.717316273115642389e+00,9.491869004695448808e+00,3.472272839727603611e+01,2.631418903346962423e+01
3.737554952324937396e+00,5.882531019290746954e+00,2.689682593492203111e+01,1.299994540852997260e-01,4.756832215322654633e+01
1.960037786204858357e+00,6.229849968606691490e+00,1.910132481819560013e+01,1.774189520265780029e+00,2.513461618746998383e+01
2.725519656702549476e+00,1.277190901554738911e+00,2.363718378163921940e+01,4.914534875467953534e-01,5.105973122186125579e+01
1.872829253359815649e+00,5.118082800024112089e+00,1.073073816028306204e+00,1.089625953915702539e+01,7.386628168468678268e+01
6.735165973040130316e-01,2.449278022301383806e-01,1.271898788957156334e+01,7.577309231735837258e+00,5.821775979579071958e+01
1.342931419666850257e+00,2.446779102136537321e-01,3.511967708577367731e+00,7.838193053529333376e+00,1.198988808657599350e+02
2.579095180438403467e+00,9.716565829887937156e+00,7.839595618519904718e+00,1.699403554915661374e+01,2.197570446000627697e+01
3.179851033022122575e+00,3.171196024856976603e+00,1.769075190174756784e+01,5.617417273700795466e-01,8.154270272270558451e+01
9.509363833093309459e-01,3.044697940543783510e+00,4.287291829132203524e+00,3.403553338512705295e+01,5.568028207036591937e+01
6.713958387248591952e-01,8.747405353516255033e+00,1.531870335038792064e+01,2.044497974897856896e+00,6.047612230403473887e+01
1.546233786339177518e+00,1.710194963082423136e-01,2.635334567815976925e+01,1.872204636864671556e+01,3.703542336422518844e+01
1.205817248811118070e+00,1.036276048902711011e+01,1.599786121714168985e+01,1.884379570856060937e+01,2.479765439401085558e+01
1.776124307052990847e+00,9.724317404702135237e-01,1.886003560909061250e+01,2.015124104891862444e+01,3.601149226806123238e+01
2.034542548293385433e+00,2.495880610604096772e-01,1.171998993684253954e+01,6.443763720418806074e+00,9.753926206081784755e+01
4.282100079337442189e+00,4.333796699294778065e+00,8.261714561496205533e+00,3.256088087163807598e-01,5.315928250834599567e+01
7.811712630198466845e-02,1.383006173875203970e+00,1.552623466141041320e+01,2.315218889184691520e+01,6.080302235815093326e+01
3.468118698205295392e+00,4.916209378824129561e-01,4.061289667973834838e+01,3.498579546238247961e-01,4.784038821202532432e+01
1.662580388788416741e+00,1.707092006689399710e+01,1.801032189218586321e+00,6.655251755639896238e+00,4.910375588614730447e+01
2.415942721779241326e-02,5.202213000881483751e+00,1.922961732558231995e+00,2.560687973824936847e+01,8.378345172238108773e+01
3.206034724094422916e+00,6.047864714213980974e+00,2.792368697998129923e-01,5.118932604970083133e+01,2.652918215572341154e+01
2.657650828940113286e+00,3.145603019299726633e+00,1.901599658510924939e+01,5.907059787466879541e-01,5.757685974667707285e+01
7.833873525947764038e-02,1.501807196540453804e+00,2.609167347229221434e+01,2.049371491003209655e+01,5.399114829190655485e+01
5.375278463356760739e-01,1.479663103738463104e+00,4.063734141532066246e+00,4.769809648783876099e+01,5.080735782898658215e+01
4.845807551726769802e+00,4.893104594052807066e+00,7.101641100018178498e+00,5.668909319034288741e-01,6.335439204891851261e+01
1.833227910350289980e+00,2.877675270788913942e+00,7.756218123303464829e+00,3.547804972098888676e+00,8.076702515130477877e+01
3.070721196749129245e+00,8.587643647573214856e-02,1.698772452133399469e+01,3.550101017904935929e+01,3.752479665753281779e+01
3.155611103107139215e+00,5.350822380887336749e-01,3.566213530100393569e+01,3.011714287687647928e-01,3.532484271477809301e+01
4.075937145375522874e+00,2.078626813073028989e-01,2.648415274063648894e+01,7.326532117948176825e+00,2.850822391444734549e+01
1.323820859960298080e+00,7.650481095429564338e-01,7.832648333780989347e+00,1.183431762111195695e+01,7.778841763071453386e+01
2.181886683178067887e+00,9.178463082082888302e-01,3.409839709681294551e+01,1.122239024293858689e+00,4.729315259004255267e+01
2.553557532142241904e+00,9.100005671469464374e+00,7.765534764079446539e+00,6.440412049667058625e+01,2.380503144026564755e+01
3.040753973422886780e+00,3.293059470723247451e+00,2.942185686080581775e+01,7.432565991753382617e-01,4.575675572644205857e+01
2.653071421588360304e-02,5.045393661962840781e+00,1.744181843328728609e+00,2.567458012813502677e+01,6.376923831175119517e+01
7.133737465052181204e-02,4.224384709382267289e+00,7.656404448081865155e+00,5.224980917504683475e+01,3.751885947228409179e+01
4.770008195852832866e-01,1.853662154548423757e+00,3.874127642807716931e+00,4.772230045559958711e+01,5.242653216455071430e+01
2.866613408641481620e+00,8.587643647573214856e-02,8.424733734671804086e+00,2.184213106977382779e+01,3.789273481916134756e+01
2.862465166559466034e+00,5.754331998801641035e+00,1.007925152940833513e+00,4.739813029563758562e+01,2.498557827388091468e+01
4.316785305915352922e+00,1.994737309631808131e+01,7.229720383260697103e-01,3.660063889693177686e+01,2.528218675636961521e+01
5.892001107035704788e-01,4.725012800107811550e+00,1.921792301775746115e+00,2.575057662957376436e+01,8.463922992408146229e+01
5.074448743687716146e+00,1.369062692476690657e+01,1.039829511802797368e+00,4.410143206070798461e-01,3.550630851502629781e+01
2.140476906021281600e+00,6.449900697589358578e-02,2.367344781885951832e+01,4.542487486223907922e+01,3.851113472734333953e+01
1.091271729536606117e+00,7.336661350380799362e+00,2.835965771016102721e+01,4.810864418545329757e-01,2.764977707279492947e+01
1.649667768573522153e+00,1.861302515681831027e+00,2.245327335217443654e+00,3.442162580243095960e+01,5.970802166233773534e+01
5.863754560374143665e+00,6.165602166035421661e+00,1.452000984694488039e+01,4.557067898316971566e-01,4.703447773453056868e+01
2.413829148406152966e-02,7.011850756528895445e+00,1.377983102222102740e+00,2.505182765318851068e+01,7.366352468201085912e+01
5.349141526988788975e+00,9.214132944513917067e+00,7.587581445494742560e+00,1.750896640415779615e+01,2.321611501004738543e+01
3.400101392115108645e+00,1.556029278560901119e+01,9.543577067362367217e+00,1.250952332495362640e+01,2.446329508908611317e+01
6.290256337694143107e-02,6.722797069286915672e+00,1.366356663658080839e+00,1.824387603017594728e+01,7.670481369632742030e+01
4.233082545345849268e-01,1.096919047318107410e+00,2.073987437037717374e+00,2.541230339166725116e+01,8.526639376773759693e+01
5.083396925608321126e+00,5.353520537179246475e+00,7.810058516382778038e+00,5.631615827616288650e-01,3.863432025610792664e+01
2.395871939480381130e+00,6.922342795930702675e-01,1.226939011814589753e+00,1.741914332936365639e+01,8.987970456225157534e+01
2.454087641595302516e-02,1.157222081477350528e+01,4.408144003415463530e+00,2.496011399248721574e+01,5.204504513209214167e+01
5.359674587681153568e-01,6.785802749626714814e+00,2.765992598862109020e+00,5.245497596069727564e+01,2.929331669816821204e+01
2.515943424077625501e+00,8.649253231510883211e+00,7.987404805662954743e+00,2.737115571670008407e+01,2.508730737237634401e+01
3.263582773874862397e+00,1.143572650184143447e+00,1.033948059295117439e+01,1.241951982485131012e+01,2.804173727481260769e+01
1.906261761799108889e+00,4.837249463157556884e-01,2.525476756282009916e+01,4.592877798724848692e-01,9.457952427169831822e+01
1.187388308192330655e+00,1.338626894525343047e+01,9.253846914905086152e-01,3.440390115569879015e+01,2.532803486808553828e+01
1.768394442386314935e+00,6.410393467681999580e-01,1.545459166743873958e+01,5.515315751750257789e+01,3.815367336420177224e+01
2.434661788457601617e+00,1.734963247172785117e+01,5.931020253545360887e+00,3.538494391240449488e+01,2.436676816573047688e+01
1.730176691000000710e+00,3.839449520910328317e+00,3.054612481713147076e+01,8.306768111141199507e-02,1.086740740532841301e+02
4.437008748824155385e-02,4.940465566714485668e+00,1.760776986357581730e+00,3.998283465699991979e+01,7.408093154927621526e+01
2.132593159138124861e+00,6.450686952196235668e-02,7.466017694726141407e+00,4.100425191056908147e+01,3.820839498395486089e+01
2.316801775782136641e+00,1.224920707549137688e+01,8.362584177235754979e+00,1.754347999166384042e+01,2.137283478468565789e+01
2.396491548847445419e+00,3.972511365413946560e-01,3.789145512554689788e+01,2.074847535376062702e+00,6.678056408338596839e+01
2.447538717338780187e-02,6.805891745881488930e+00,3.503373210923808045e+00,1.823011642413411693e+01,6.542903491464278432e+01
4.511104663417433297e-02,1.454721289029521802e+00,8.247835254744181555e+00,3.451382380380884740e+01,7.622820848654131964e+01
2.338150229692400828e+00,1.877774283936355459e+01,9.297816303094026402e-01,1.797374255103965091e+00,4.996564748850482829e+01
3.028456366937928301e+00,2.367021335881358546e+00,4.056132701941245244e+01,3.631657698845879301e-01,2.923992470377970321e+01
1.575378023235293634e+00,6.146984291296467617e+00,1.401623350170753401e-01,3.916273928458041098e+01,3.019584019678141473e+01
3.384674846538336279e+00,4.471046437051935385e-01,3.274037757475488775e+01,7.566867845823880279e-01,6.860056780353889394e+01
3.239741270367333392e+00,3.482668239262313170e-01,4.424643393834097083e+01,4.821143317484411495e-01,3.900498238303340059e+01
6.793929230339278424e-01,7.822305151186025540e+00,2.016037361443156151e+00,2.497879026530937807e+01,7.547888946480661332e+01
2.176107005787889292e+00,2.139343098407922916e+00,7.126451525142403653e+00,6.767569825352207147e+01,2.677478111474981404e+01
4.243289594095092987e+00,4.140982552896449453e-01,3.691549337433504974e+01,4.426028885856135298e-01,4.804383926722464082e+01
1.431941450738964505e+00,3.867678671794570366e+00,4.097057665291842454e+01,1.393733253568751052e-01,9.395581598416288216e+01
1.940420508501399910e+00,4.550371126333663252e-01,2.525912749692797377e+01,9.145097762229321692e-01,9.538459714171025894e+01
4.262653543651578225e+00,4.428104672371815376e-01,3.691113344022717513e+01,4.165839235250339279e-01,4.812238699910798800e+01
2.536848623193995955e+00,7.042628405797023206e+00,7.518330493037238549e-01,9.354698945955368217e+00,2.670428717006240760e+01
1.647390097182357405e+00,1.222358347331696748e+01,6.840980792803328825e+00,1.665213437512628403e+01,2.579297432666893286e+01
5.888971908131258870e-02,4.403037710216320733e+00,1.694686793409004411e+00,3.808800811286494081e+01,7.367342855984938410e+01
2.434367738665898173e+00,1.616882300359172930e+01,5.483296556428046031e+00,3.538494391240449488e+01,2.467570001887961695e+01
1.236958685551759363e+00,2.048343230759919820e+01,4.824512146790848055e-01,1.764769226847158645e+00,6.413393070016286401e+01
2.293999346589234545e+00,1.285819715547118136e+01,4.824512146790848055e-01,1.722677351448577365e+00,6.585803547257908974e+01
3.715027109088786528e-02,7.011850756528895445e+00,1.709000866487512482e+01,1.669932976020958293e+01,7.372439059030604369e+01
2.511070388401659761e-02,2.690016812494947285e+00,8.903851877150536609e+00,2.510466203346359748e+01,7.385611989644044684e+01
7.756577972581515379e-01,7.028928499320370449e+00,7.779805307421645111e+00,2.435524078537720349e+00,2.833525226752050941e+01
1.003144073876813369e+00,3.066406653383854319e+00,3.760380760383868815e+00,2.037633780312555487e+01,6.590025447700919869e+01
9.715567593664060919e-02,6.700982942583703306e+00,7.899154264975940976e+00,2.518127341227762628e+01,5.043504686619749577e+01
2.078370102172209855e+00,3.094631787522814093e-01,2.431326404524241269e+01,4.657230349614794207e+00,5.536282098735024704e+01
7.727876801726633049e-01,9.045913461020127500e+00,1.568249405888427983e+00,2.566271631375355255e+01,4.940065347587834310e+01
1.249456922296890760e+00,3.894780818466630490e-01,9.343463916325088547e+00,4.832674293201265669e+01,3.878083260946661426e+01
2.036403078400864430e+00,1.195424730095238530e+00,2.432656147025017201e+00,7.311998380349102433e+01,2.976647058260406453e+01
2.625620598828716901e+00,8.186695156195177958e+00,1.500464277547492564e+00,2.094009172149826270e+01,2.609226984103517566e+01
8.397040579162519114e-01,4.782086944259200223e+00,2.324718659959605360e-01,8.102713294226839480e+01,7.711107359335827027e+01
6.783275381757274403e-01,7.323089548511690694e+00,2.173144089439097648e+00,2.557372608560661575e+01,5.083085760153790744e+01
5.419011651235966509e-01,1.413102376960539175e+01,1.036149719286760806e+00,1.718000141306521655e+01,4.932136861882969470e+01
4.015214171271154875e+00,3.282580759035812257e+00,2.837463640604610049e+01,4.429760529482933418e-01,3.010615501079952594e+01
8.568243550245628892e-01,4.787122239402274992e+00,7.678360602962766568e-02,8.080502136192342277e+01,5.471251743835496484e+01
2.361276618058067989e+00,8.818955070741740343e+00,8.431432889587662238e-01,2.368962653461387191e+01,2.718676219544574124e+01
2.415839931180101097e+00,1.117673347741736656e+01,1.057236636926980555e+00,2.062622999548153757e+01,2.618880432912391143e+01
3.804735736331572582e-01,6.799292525910889395e+00,1.164616772087780383e+01,3.701759639059612539e+01,2.708630859719181316e+01
2.270079130303646942e+00,2.034690193384529522e+01,4.486954382637913241e-01,1.804793304035107848e+00,5.933133502042879570e+01
1.712172084738359912e+00,8.642291678939619803e-01,4.050635007735729687e+01,2.228681466457530652e-02,8.395937371044566078e+01
8.466016753900216241e-01,4.782896239523519277e+00,2.243326329632035210e-01,8.102693596740877524e+01,7.716868823034013758e+01
1.195762052853083901e+00,6.656987442920136999e-01,2.339272047789115661e+01,3.523527396362108277e+01,2.927788449103375967e+01
1.653532201778566302e+00,6.076698286096647195e+00,1.646684607939145728e+00,1.538315133873655682e+01,2.893405374735743507e+01
4.723538006839744341e+00,2.122599488869517437e+00,1.887119314442986706e+01,3.739299278252943837e-01,2.705560206541413848e+01
1.955631108336109314e+00,1.081772913417481519e+01,8.402059728987223863e+00,1.752733087459880679e+01,2.412752775959803841e+01
2.356538830116633676e+00,5.124234865924948146e+00,7.394603082894663615e+00,5.835869047878536886e-01,5.087523889301985491e+01
5.456158187750733551e-02,1.457771752958993972e+01,7.105382706896285150e+00,1.861888081816495122e+00,5.015967076189281215e+01
2.979931564678018230e+00,1.345052742006103230e+01,5.320822892676237981e-01,1.701238970388004645e+00,6.362479685761866222e+01
4.875863294619567689e+00,3.351954492477208891e+00,8.846921005084129597e-01,2.137900589571700039e+00,3.773142233523952171e+01
4.862266208979825616e-02,1.016909023019409375e+01,1.405654704416410938e+00,2.451881175359942944e+01,7.336107427655109348e+01
1.263798718113767539e+00,1.630389589910078385e+01,6.891572350395182234e+00,1.584088111829326406e+00,6.592114939409256635e+01
1.364061355398748232e-01,1.415020413362292118e+01,6.801462001592641471e+00,2.159815487565005299e+01,3.047208906688335261e+01
1.702321842566141274e+00,4.718664141001047696e+00,8.482500307875998402e+00,3.000775270280001683e-01,9.135649789248483899e+01
2.313057917787914697e+00,7.710060068128106181e+00,9.189595516620178373e+00,1.763469570882077164e+01,2.137283478468565789e+01
5.461307511348940658e+00,6.388100259664578617e-01,3.186003429233604223e+01,3.082825755355807384e+00,2.780872869090600474e+01
4.588610786143709319e+00,2.787537957247077536e+00,1.722633689573270743e+01,3.296868288745120168e+00,2.729485698976811747e+01
3.102561851961927353e+00,1.686003687836855036e+01,9.589083143063621861e+00,1.426991107137485315e+01,2.495124340829951848e+01
2.597296816877721695e-02,1.533200209791222335e+01,1.709419655758389167e+00,2.149633492060794993e+01,9.987647255011870584e+01
4.019358721154355329e+00,2.099154413310385436e+00,1.889522126988545381e+01,2.518808424200644325e+00,2.704572738058241299e+01
6.557096966721713827e+00,1.046502048910336935e+00,3.057839182797856026e+01,5.732962741940565987e-01,3.667129295206266448e+01
2.667607672220455584e-01,4.943150774636649203e+00,5.129028672423525670e+00,2.483503540490988470e+01,9.178273757832427293e+01
2.295324923081585755e+00,8.373533305173804564e+00,2.272207108415617682e+01,1.754347999166384042e+01,2.165019433822998352e+01
4.387772031340689272e-01,3.550401390137812196e+00,6.274973890641552643e+00,6.063110706191488930e+01,3.734380290720605444e+01
5.059727911005762024e+00,9.710868043085343349e-01,1.627851980615717897e+00,6.315014431968786646e+00,7.631527735565376247e+01
3.530569634096800691e+00,3.440123254205548875e+00,3.203737238957414490e+01,5.147221082994807295e-01,3.826668072121067610e+01
4.183276754029454203e+00,4.801799319055655602e+00,7.263610184651516199e+00,1.529418544051920037e+01,2.640240437302092147e+01
3.555298065592102930e+00,1.005140692383033718e+00,2.967779265782129983e+01,5.162834286409297979e-01,3.716430504454046968e+01
2.979606119553566135e+00,5.861992215268224671e-01,6.733794305846188877e+00,3.056886072095399864e+00,5.756162728537789519e+01
6.162095179308725301e-01,1.030292972968442911e+01,1.372919760633142472e+00,2.499306726550163660e+01,7.342148186851447633e+01
1.676342270606784091e+00,8.755304380491605087e+00,8.447219689769154272e+00,1.750402515291915506e+01,2.561796795490575107e+01
2.325757771957855269e+00,8.756591878663897432e+00,7.956379528138532997e+00,3.413576343492584186e+01,2.237046973141172757e+01
2.283983041875260744e-02,1.019746115771762263e+01,6.425315275083623767e+00,2.507398263084097323e+01,5.195445440689957195e+01
1.313951584682465867e+00,2.299931280352704999e+00,1.891124207784557809e+00,2.288989690040325087e+01,4.046032319671331834e+01
1.748737484480713533e+00,9.150031095897691813e+00,2.745137514761014330e+01,1.313616257827903766e+01,2.474423262316445715e+01
1.895692515000613199e+00,4.843496060159130923e-01,6.903500141894334696e+00,4.865335265047563240e+01,2.931154826563649252e+01
5.037317621857771321e+00,7.456382904207994322e-01,1.582059614928724578e+01,8.046947088851852392e-01,3.664147290261676915e+01
1.633006440059454611e+00,9.527560033604107304e+00,1.227790762682125170e+00,1.723461897414901500e+01,2.494123750125989147e+01
1.878320852128597895e+00,1.105067213137865600e+01,1.135900443586722375e+00,5.263972108252119586e-01,6.198001871379378258e+01
2.437536339318858492e+00,1.202512021261214059e+01,8.337071831715837433e+00,2.342269719060114852e+01,2.322866918748074738e+01
4.400764112476834633e+00,1.366385787768118920e+00,2.375302509450201782e+01,5.162834286409297979e-01,4.138192609592618254e+01
3.664634880619496382e+00,8.795757464003738368e-01,2.811720275662565882e+01,5.224388372582994267e-01,3.699329223112930265e+01
1.787591722932358948e-02,1.018984349600254014e+01,9.877692862674487984e+00,6.620243737353987967e+00,7.259520553227136475e+01
1.205371180768298967e+00,4.654075704204889696e-01,3.135868018376456678e+00,1.255415613484529302e+01,7.656785451418339505e+01
2.193829840099955492e-02,1.078106370170688777e+01,9.912461828967741084e+00,1.821352020050855813e+01,5.249063421432512655e+01
2.562232426181372258e-01,6.792853181596717249e+00,6.443182321901997689e+00,2.454560362132585993e+01,4.371816956529228548e+01
1.267175368792389012e+00,5.457599435270461541e-01,3.484690641670896127e+01,4.849057716621856806e-01,9.185786544064391990e+01
2.902362675012454263e-01,1.832736416220002162e+00,5.129028672423525670e+00,2.483270883793995054e+01,9.023920929271803004e+01
5.077840528030873379e+00,1.068070123075422595e+00,7.560616832198112647e+00,5.549320122947007938e+00,5.159125184100210504e+01
1.703983711390219424e+00,1.234707729660071251e+00,1.433472957745320908e+00,6.948678484763092911e+01,5.135151984551664839e+01
7.339810032079694402e-01,1.170417845564171344e+01,5.174853497284195303e-01,1.859726914378290274e+01,7.283049882466025338e+01
4.848759046477640666e+00,6.910806440642435433e+00,1.104374388968426102e+00,2.884367506408787030e+00,2.647087925157692112e+01
2.761449653947513350e-02,6.532092905151634099e+00,6.743396729736590434e-01,4.080393500732166956e+01,7.647900406766740389e+01
3.356706743163453410e+00,2.553584296668535814e+00,2.882257435044905947e+01,3.178719065498497032e-01,3.938692825563794742e+01
3.594207591701658461e-02,1.429212118258550213e+01,3.542268009940947149e+00,5.536545177102011195e+01,4.313598329158233469e+01
3.402547009688357965e-02,8.634858459948850040e+00,1.808385969517775393e+01,6.656762927271692831e+00,7.502448294858928080e+01
3.804751443397585975e-01,5.363623265061045586e+00,8.003197461930886547e+00,3.533300379877473318e+01,2.770521643409083978e+01
1.938375045979201516e+00,9.815479268205901775e+00,1.258403008652771504e+01,8.741166611692962052e-01,2.632278836390538146e+01
1.083801255320714807e+00,8.599600955849492356e-01,4.166070047426092771e+01,1.096747316198784378e-01,9.849864786259961136e+01
9.926471000992301841e-01,1.502671827338668331e+00,3.192038653355574240e+01,5.965608158662736304e-01,7.684342496059386463e+01
2.158545335167862511e+00,6.022064854091864206e-01,2.059535959665318927e+01,4.149731105918417762e-01,1.014077899499310718e+02
1.785368998708265043e+00,2.374096771399239358e+00,2.509358477715327163e-01,6.416085976415890002e+01,7.524497023766888049e+01
2.408108789954062010e-02,1.542299303462227833e+01,4.054034202841334533e+00,2.588235006524298853e+01,1.004716550304213314e+02
5.326208783962949056e-01,1.158579796540430529e+01,2.823299103020307510e-01,2.991577027399442201e+01,7.026789129404360779e+01
2.989822830582555269e-01,5.363623265061045586e+00,4.034239926691919109e+00,3.787553327777941803e+01,2.773691073759933090e+01
1.139976480582154394e+00,5.197089460105999148e-01,4.306146749211346503e+01,4.727889508737503910e-01,1.178119591549155700e+02
2.194940743511494929e+00,3.460087362653944676e-01,1.515744675684802978e+00,6.942724768223263254e+01,2.854662839562430321e+01
5.506839368900129372e+00,2.269050900281055938e+00,2.535409445708367926e+01,3.191633819276004091e-01,5.251728634416349450e+01
4.389079474682516135e+00,1.097772479955755998e+00,3.024934975456074682e+01,1.140558466539219051e-01,3.660179224952911170e+01
1.302623007399606792e+00,1.126866559441255156e+01,7.379157503907501914e-01,5.619280435802885165e+00,5.442461921886760479e+01
7.688339166066050501e-01,6.857185522173105952e+00,5.799044878561361305e-01,3.109484216425578040e+01,4.712764270467133798e+01
7.605407542414648059e-02,1.614703513575557281e+01,1.399357398401823938e+00,2.570109669272766340e+01,7.113061546882809694e+01
1.176862818898741503e-01,1.074984917988909494e+00,1.976297126043010266e+01,4.880919999547869281e+01,5.166354512529591148e+01
1.700060057903749033e+00,5.084091929194516357e-01,3.975756658688717238e+01,2.015795234809713843e-01,3.146427169776490729e+01
8.071847281252299000e-01,3.431948466842795309e+00,3.512916357224560926e+01,6.711930577727295288e-01,6.502954118449754617e+01
1.841537604507968329e+00,1.557629983116409811e+01,9.242195071651820859e-02,1.970818892699360703e+01,4.324490967965428467e+01
6.023438000976363838e-02,7.955564070639873364e-01,3.661482107200843217e+01,3.716351101821806679e+01,8.490793455424498859e+01
2.310185054383643966e+00,1.052083384669018784e+01,1.176065652675741369e+01,2.047370377340292080e+01,2.052265210952043262e+01
4.620971475997841083e+00,9.325175442521361768e-01,2.847967863697860480e+01,4.735078905114933900e-01,3.684774433273663163e+01
1.418696462841515828e-02,1.126906552005315376e+01,1.175429722061593729e+01,2.335077399019874633e+01,9.919988617833452338e+01
1.548829348842065912e+00,1.057649502076956338e+01,6.925471325990904814e-02,3.699280262497347138e+01,4.730168074088179253e+01
5.757743404885187766e-02,1.389127950588543570e+01,3.534869550106574554e+00,6.839060390109680476e+00,1.185559346573642046e+02
1.695236564138872026e+00,8.408060309586774528e-01,3.605830905122499530e+01,8.467598453367816691e-02,7.178337479597394122e+01
2.552012702909483899e+00,1.090752897418677314e+00,1.409013926919895576e+00,6.594303102887077728e+01,5.319406234415194490e+01
1.388053867010903275e-01,4.166539798639278813e-01,2.240833058557202051e+01,4.338502498985405964e+01,6.302013259197795492e+01
3.955606935199894370e+00,1.125363033891108877e+01,5.397440762224976485e-01,5.665838746439435525e-01,4.243081396085592871e+01
2.389563528696138750e+00,7.917145837181809753e+00,1.308249066643215031e+01,1.102260190461227474e+01,2.477608234127119147e+01
4.624039812882570211e-02,1.055130911763574808e+01,9.811167764896957522e+00,1.616598030527558194e+01,7.710652302456013274e+01
1.760670373829791302e+00,1.389446359231046868e+00,1.433887313122585772e+00,6.966143605115607329e+01,5.134981839633556433e+01
1.701927383491346646e+00,9.556421334168756498e-01,8.506714122963470182e-01,6.948889677485854577e+01,5.178650747946279864e+01
2.573453396884927802e+00,7.036502814412973095e+00,2.756563413502026094e+01,2.371317526883678639e-01,3.893925835996223839e+01
7.965013261070377215e-01,9.118351922622734307e+00,3.047126899146368473e-01,1.903319730475973159e+01,4.236339991364424407e+01
4.148534320346926485e+00,6.033020620799154798e+00,1.072532857599488132e+00,1.919314763852446148e+00,4.042917630508772220e+01
1.488462399713098128e+00,7.173437665793780393e-02,1.700851249727827508e+01,4.631010349761005784e+01,2.654595831313894649e+01
2.415180741292123567e+00,8.642291678939619803e-01,3.934595985443672816e+01,2.257647587645604526e-02,8.236170252063156738e+01
2.586899244052038860e+00,1.275708259212608553e+00,1.410874998780246692e+00,4.864002513238115455e+01,5.250863103811613541e+01
2.107477336693369896e+00,6.497453168193248474e-02,1.265046026667423540e+01,3.053871879142710810e+01,5.637507032288203845e+01
2.390957686448147435e+00,9.319967316728542173e+00,3.351785764145577673e+01,1.502590375677889689e+01,2.401997911122965945e+01
7.179271602115980255e-02,2.149540136252091393e+00,3.110125126090374437e+01,3.863894639001936859e+00,8.986716784791896373e+01
2.503552296483496420e+00,9.291989134626769120e-01,1.653662735881723966e+00,3.712804829444679910e+01,5.905138192058941371e+01
1.855022476902022044e+00,8.017803606533819405e+00,1.398996854943451440e-01,5.021124848580210198e+01,3.006481382047144635e+01
1.851288628311963391e+00,7.993182669174481170e+00,1.402379208644743136e-01,4.966162288842708250e+01,3.006559617402077933e+01
5.756676328731862025e-02,1.337709020213414135e+01,3.683025561724623476e+00,6.580829089734137938e+00,1.185223995511839234e+02
1.618444708353454498e-02,1.840508396056426221e+01,9.210441835404020949e+00,1.946669533023985466e+01,5.689064449923286304e+01
3.634039099304797737e+00,2.063473525570969969e+01,4.894259665610154603e-02,6.419458322623256663e+00,4.352756474135939868e+01
7.014053974206084507e-02,8.954311487072979858e+00,1.052174616252025530e+01,7.108016915072761677e+00,1.003337879229456462e+02
1.972912648236548216e+00,8.812361677839884999e-01,4.074021403169769684e+00,6.373799968886954304e+01,3.039471422098022657e+01
2.297817452706516939e+00,1.366959300362391261e+01,1.209202923524420470e+01,6.187269191002747526e+00,2.502585137777985480e+01
1.485773872880657542e+00,3.240922799488230144e+00,1.252434834097973138e+01,8.342374192651346831e+00,2.709379520684144538e+01
9.339470180539526795e-03,1.839929569572534618e+01,9.672392856606158773e+00,1.922707937695496483e+01,6.517274431581748217e+01
8.331028479782089102e-02,1.728553655032335712e+01,1.196834515329605608e+00,3.397141707913756647e+01,4.563597688275643094e+01
1.575638646111202357e-01,4.082523180218791126e-01,2.236553600866944436e+01,1.933580019169568587e+01,5.422406076446848999e+01
5.297372698064086727e-01,1.044991431873917520e+01,3.440548930042460762e-01,6.246766731463296907e+01,2.826689921188314969e+01
3.085523286062722900e-02,1.752315203234411456e+01,3.694045716631249476e+00,6.447146354283784575e+00,1.192464433777902570e+02
1.922235175891097714e-01,1.138092901888186459e+00,2.409660206556495865e+01,6.452900091669114824e-01,7.483754793381694981e+01
1.665136518105831076e+00,7.689628947187290842e-02,1.743062354496571587e+01,4.535930197774291628e+01,3.855815398571451169e+01
1.479267815352667714e+00,9.996557464528559311e-01,1.349589537518312454e+01,1.156235626185711851e+01,3.007884147373919248e+01
1.629093902638521163e+00,1.111708699975308434e+01,1.057985098782707034e+01,2.114720532867436731e+01,2.117178855773852320e+01
5.375712241147956316e-01,3.368489859182678181e+00,3.961080472160020127e-01,7.641741568912813420e+01,4.653858460523649399e+01
6.892417177668578275e-03,1.991501835035375478e+01,7.488208257109386423e+00,1.900115970637359553e+01,6.519713453998656405e+01
3.634290212930475938e+00,1.006035577263648939e+01,1.370980147966172424e+01,6.644688029466426116e+00,2.508194989101433947e+01
2.279613462506565380e+00,2.005908427453170972e+01,7.820530017560236580e+00,4.039012426383145282e+00,2.484813212162642415e+01
2.899081584155987823e+00,5.744353642209307775e-01,3.397353749719588478e+01,5.044928815665159938e+00,2.923313369657310901e+01
3.729691544964782501e+00,9.473834282323596589e-01,2.480056426481095144e+00,8.743509142312730020e+00,6.517779839283898013e+01
1.924392808580162595e-01,3.415695252019530503e+00,1.887282364628809050e+00,2.796208351597520192e+01,5.755721947695079876e+01
3.410827197794549792e-02,1.621794438047467679e+01,7.113484469703964308e+00,3.945070613490545774e+00,4.180862369094096920e+01
2.855586844709624650e+00,7.612808268424272606e-01,4.757490641408172394e+01,1.122342585118061065e+00,2.860793859001984885e+01
8.033531681195229535e-01,9.943369802028351856e+00,7.529509322780415514e-01,2.981547544671591776e+00,1.110038513728008525e+02
1.013617183219485574e+00,8.457900155315165591e+00,2.735801266376191698e+00,1.529403479770807373e+00,7.632880991510722879e+01
1.714548561461098464e+00,7.916298906670236946e+00,1.194751756503657703e+01,9.651611856562926306e+00,2.611537225143406715e+01
4.956721857988947710e-01,9.362846592604613605e+00,1.706040784337145055e+01,2.943862579278759828e-01,5.999247180274646496e+01
2.861628566628805714e+00,7.853542702525327934e-01,4.754696854203328371e+01,1.085272403116172013e+00,2.873365576088354700e+01
9.289855051267503772e-01,2.298902900938557536e+00,8.873588253620539490e+00,8.655778965172873995e+01,2.749308781706370652e+01
1.998580235217073175e+00,8.148780525840249922e+00,1.110799269107093679e+01,1.798718649644743905e+01,2.535169651130094692e+01
9.494867488824927371e-01,9.503414679659673014e-01,3.070269808220869123e+01,1.458643278066308613e-01,8.210712140581023277e+01
1.109767466674564385e-01,6.004853526547585751e+00,6.424546389989457928e+00,7.623309585472468086e+01,2.908509849905938083e+01
1.598408263177013566e+00,3.953764282211841952e+00,4.595743085400165029e+01,4.203250379619528632e-01,2.897443030566768130e+01
3.336266147130352577e-02,2.024223215790228281e+01,1.088488617887695220e+01,3.945070613490545774e+00,4.162856411817627844e+01
1.000089967552235219e-02,1.437923168832002752e+01,7.140971502485005118e+00,1.922707937695496483e+01,6.629894433348061966e+01
1.597311636500130250e-02,1.842854213708165645e+01,9.374925348238333234e-01,1.940561223258469425e+01,6.561303542044417725e+01
1.683836397105658023e+00,1.360324060277983094e+01,1.244171540049296354e+01,3.326761481652255270e+01,2.039042288700646210e+01
7.536098918464881891e-01,8.633325783688569288e+00,8.230957219584268403e-01,2.636783136542144579e+00,1.106510359138856785e+02
7.489399409938243823e-02,2.205164996204763028e+00,8.859928461770699926e+00,8.485064858136001931e+01,3.840394025070474981e+01
2.066763213349499306e+00,8.910554896213968012e-01,4.469750882412753867e+01,5.226894330961467938e-01,2.683569204508551209e+01
5.596700736988755587e-01,3.176832095676596079e+00,7.050575244269503550e+00,4.907728327645472177e+01,4.917270071245920349e+01
2.182825177882104228e-01,5.978313754714909223e+00,1.423188621023232159e+01,1.411247948281756770e+01,5.061682556325726523e+01
9.313866411369395859e-01,4.028467674971524914e+00,2.458062860333066979e+00,8.451959859501486960e+01,2.710502785091588152e+01
1.988179198784845614e+00,3.675100227217226845e+00,1.112528964350564564e+01,1.607759867997077663e+01,2.753414378484111324e+01
1.302622222564104870e-01,6.417266825858194412e-01,1.190283709918885080e+01,4.404476255813771957e+01,6.850671363416697091e+01
1.975061135252997424e+00,7.822678254335232673e+00,6.177102564691038467e+00,2.063203952946520303e+01,2.589465638001813375e+01
1.109777086729615558e-01,4.388790665270308367e+00,9.265458324540240653e+00,7.607605543251746383e+01,2.918214174415188467e+01
5.113140045244794152e+00,6.416596306175090803e+00,3.040157097764302763e-01,2.090583386895338691e+01,4.346215207376005196e+01
7.693811731600377901e-02,4.020435978721778603e-01,1.191396223943812060e+01,2.471100019563387562e+01,7.183796217821274865e+01
1.092924892087799416e+00,7.192089268674117797e-01,3.699995896847489973e+01,1.147376216316247310e+00,2.815479537264800314e+01
3.320764241827522945e+00,5.904438049580665648e+00,1.560285667638294349e+01,5.281126326096585721e-01,2.926569334478189788e+01
1.012250956771447274e+00,6.667886023549275398e-01,5.916085287402384374e+00,1.482197694246401554e+01,7.602798972208482553e+01
3.635964155302488177e+00,1.863067612560447373e+01,5.310963483086181963e-02,6.153680907386747556e+00,4.469333666787171921e+01
7.182108255667187802e-01,6.114277410840508048e-02,1.667100193417124032e+01,3.149640357685403202e+01,1.080153298961177057e+02
2.345384144006854577e+00,8.012600665570386305e-01,3.799769421060930341e+01,6.584910903332724663e-02,5.878595364698062298e+01
3.891734594477642695e-01,9.169677668021753991e-01,1.277177800283173248e+01,1.638422094189420974e+01,6.846372229268780529e+01
2.562203193993648487e-01,7.759254413454793387e+00,1.180185186047909873e+01,1.707927252345657898e+00,9.190192908501595070e+01
3.935786647229547963e+00,4.081634941055474641e+00,4.755437776461026722e+00,3.520790864501822881e+00,5.417390693026034398e+01
3.221113246087945914e+00,4.903844793266097235e-01,2.225217086267495148e+01,2.352037065084661843e-02,8.319190153639114271e+01
6.902527202292525060e-03,1.750219093417524618e+01,7.021452441288227320e+00,3.755551016732530911e+01,6.555916256422051447e+01
2.592050791564211309e-02,1.723546463628229830e+01,2.018758060514134201e+01,1.826054441355889679e+01,2.526196932458742239e+01
2.580549753469108865e+00,3.162887479579271854e+00,3.058877343806967630e+01,6.157700656896113456e-01,2.774028302282102487e+01
1.564805862849080409e+00,5.405430334181679619e+00,8.510180507058019705e-02,6.738433588631801285e+01,5.600307207861244763e+01
5.292721109051039541e+00,1.726353081999067118e+00,1.460487330504400916e+01,1.548510051762134632e+00,2.819804488937190001e+01
1.012475289751603391e+00,1.110936876722173849e+01,2.596758249392256968e-01,3.372025970468750522e+00,7.749895208816468539e+01
5.642081047206247701e-01,2.319423811932688206e+00,1.141891810313436650e+01,3.191225953282097549e+01,5.698939588155329972e+01
6.816445735336673639e-02,4.724226047937262862e+00,9.309890220511935155e+00,6.324166170902216066e+01,4.022035118571626100e+01
3.263560157120712901e+00,1.518542071381714109e+01,7.854276944027365204e+00,3.408158274491944439e+01,2.052476584889200950e+01
2.824424105697465048e+00,9.073385418507310618e+00,4.886442098007808682e-02,6.162944777813902597e+00,4.670539480933918242e+01
2.693673502789356355e+00,1.497048207922887997e+01,5.305668414414110162e-02,6.419299737909367920e+00,4.399648689207346308e+01
1.715209777611049091e+00,1.070461256785621540e+00,8.820715957799437845e+00,8.470370870753608017e+01,2.748704870425605407e+01
1.016187479946499030e-02,1.997966061032603591e+01,3.584293324368858169e+00,1.200535397303380547e+00,6.622738505940607467e+01
7.231688083295387259e-02,6.918536453227364103e-01,2.097707865464228405e+01,5.051245509350782470e+01,3.966245931405792646e+01
4.714555956913050738e-01,2.136777416640507710e+01,3.237367551266126409e+00,4.387043619009817874e+00,4.023466874385890435e+01
9.121223762030694626e-01,2.298902900938557536e+00,5.484790531992670637e+00,7.579354976368507835e+01,2.823201195333671976e+01
2.615264142068931985e+00,9.082254546623209635e+00,6.683210766109198842e-02,6.383559799706943316e+00,4.668330922079134382e+01
1.966595915632811886e+00,7.071951317441565799e+00,6.318254408717206838e-02,6.161640613562691549e+00,4.707404218482022884e+01
3.427718637139040680e+00,1.692694473651646092e+01,7.741126201676831742e-02,6.293473466328388888e+00,4.350584926182697387e+01
1.939824421675786281e+00,1.074009385903843850e+01,7.412109374162245690e-02,2.908138570879730267e+00,1.106565365824897640e+02
1.503510873186903130e+00,6.371658384582457035e-01,2.638330286617472353e+01,1.460248526297599447e+01,5.219673449124151432e+01
1.052931370313049619e+00,1.018956241400310425e+01,1.244586139446796658e+01,3.282041101707733333e+01,2.065097956325351092e+01
2.030961139088296896e+00,1.360565925894032802e+01,1.245233371708204650e+01,3.326706691454052134e+01,2.040004229628923937e+01
1.486553152494715757e+00,1.520422280510583146e+00,2.160510953935214573e+01,2.661737433006487130e+00,5.138502814530484386e+01
7.879333449557045510e-01,2.297260724044824620e+00,9.058109599601532835e+00,8.622441693566435106e+01,2.786655484922288295e+01
6.608813589697365432e-02,7.684909889175711051e+00,2.776255942628539142e+00,1.554782516493451539e+01,9.746389393263524425e+01
1.683836397105658023e+00,1.086928265986700737e+01,1.248966238179107791e+01,3.326918809961526335e+01,1.964925720974276047e+01
3.286092708896565906e+00,2.900713694283689748e+00,1.129576256616737773e+01,5.777217814393974749e+00,3.589610783437292696e+01
1.857354691496826637e+00,1.054969878875670064e+00,8.872363350287121975e+00,8.340379689459827262e+01,2.850694352591917635e+01
1.044104963048521961e+00,1.329386119061726745e+01,8.701874806476297408e+00,3.348232496872154229e+01,2.086129087221413059e+01
7.194720795760622956e-01,6.323841213075823142e-02,7.401521065840232616e+00,4.542871131109853167e+01,8.318314377166075246e+01
1.696653328805777683e+00,1.404442732626193724e+01,1.314681732706068829e+01,1.978996847768246425e+01,2.314580474436947455e+01
2.660935237167838530e-01,4.319732384823037563e+00,2.470129535860214176e+01,8.048956292332206525e-03,7.963408098068987329e+01
2.078511955165215142e+00,1.569316935444308614e+00,2.878083225532063949e+01,3.870255383410223349e+00,5.025156609606784031e+01
7.007685432480073029e-01,1.421352190742036115e+01,1.247234827994265416e+01,3.282067200274636321e+01,2.454385183351804756e+01
6.589634211524300511e+00,1.355876256723907547e+00,2.786835396357964001e+01,1.067183340778985023e+00,2.602236854143851019e+01
1.682796809536650784e+00,1.308297627702657451e+01,2.165390721220317261e+01,1.641299379590846286e+01,2.237157701478576044e+01
1.060136247136521215e+00,8.495204616135977105e+00,1.830081545488121852e+00,5.917598354518765369e+00,4.739329945972093583e+01
3.417371042315343888e-02,9.559533520982702370e+00,3.010580192436957958e+00,1.045474754889319513e+01,1.148882240324610109e+02
5.338901615499487274e-01,4.351363756204730926e+00,1.367400835729913666e+00,6.786984977900408467e+01,5.765976174387644448e+01
2.390424764717653972e+00,4.575888255493494761e+00,1.378115545641181505e+01,3.238060576156617021e+00,3.037296760638089665e+01
7.097757558298076752e-01,9.955630101464919335e+00,9.476743146531841688e+00,2.061837158383954094e+00,5.585109051410323389e+01
1.719229840448741164e+00,9.803522073684442617e+00,1.651535429134703747e+01,3.038981826311692913e+01,2.181368742856140130e+01
1.708163882180959714e+00,1.086779508232143954e+01,1.240201265157716648e+01,3.402381413614618566e+01,1.922783203089027992e+01
7.532721703373146394e-01,1.405045453581175718e-01,1.718303382208583230e+01,1.660587807634233926e+01,9.096968869847015071e+01
1.055201191701441887e+00,7.707000767509212480e+00,1.428298725425046811e+01,2.417982332489791375e+01,2.358831990131343304e+01
1.728229945877722384e+00,2.206632431766110791e+00,2.378242033308194081e+01,1.747608746656750256e+01,2.525654962028743711e+01
1.107240796534263438e+00,1.061366386031872011e+01,2.481821920645566948e+01,5.186135889916873576e-02,2.556002350729134065e+01
4.430270438527540711e-02,1.269578595953082001e+01,2.709371307989883348e+00,1.692384851045995786e+00,1.205321551859405105e+02
2.689209986511956751e-01,5.044958743464796669e+00,1.221270397000446373e+01,1.673351643364567654e+00,9.217622405279222164e+01
7.045710713186021934e-01,1.050132508020371525e+01,1.244500618931424718e+01,4.266826801089247567e+01,2.456517109820034861e+01
2.116490842086313773e+00,5.393736051439366186e-01,2.990931229500482402e+01,6.410209791243692834e+00,3.576333749634126491e+01
9.807113183133071566e-01,7.573125538318548067e+00,1.180318269257520924e+01,1.225003604774118404e+00,7.184323848125841039e+01
4.746970724438748235e+00,1.355876256723907547e+00,1.826334141386329790e+01,1.102990681616727286e+01,2.576666856754117418e+01
1.178210191527112816e+00,3.944179503663224895e-01,2.665876713481139859e+01,6.417438356934852095e+01,4.618236970730234248e+01
2.612742135474007910e+00,4.079343492672612426e-01,2.990931229500482402e+01,6.222133641572114016e+00,3.595211563910134345e+01
5.145648802862240467e-02,8.153299917368013183e+00,4.454648322577245523e+00,5.776818173411693635e+01,2.817808849846182184e+01
3.863445852194280050e+00,4.323857062363572368e+00,3.420937579184790689e+00,7.607462838929462734e+00,2.763966243947144008e+01
4.727384227239142866e+00,1.355174932050946524e+00,2.004333269622321012e+01,1.138921523574004446e+00,2.566761338847832619e+01
6.983251766494392720e-01,6.003728546815693790e+00,1.812149424240576323e+01,1.724767665061748190e+01,2.598496656891037659e+01
9.397841903177944767e-02,7.293500865854974258e+00,8.360485127832344432e+00,2.417982332489791375e+01,5.834999791799100421e+01
1.044152337067606240e+00,1.338939542505139357e+01,8.701874806476297408e+00,3.346886968161054199e+01,2.011806290163628574e+01
1.708318508647765022e+00,1.080258312385886299e+01,1.240201265157716648e+01,3.402968468632305132e+01,2.022322863274454008e+01
2.578361045888712955e-01,4.281522942502144602e+00,6.197254214506760839e+00,3.359567030238392960e+01,5.619629311940997241e+01
7.165752859634600958e-01,2.245794366969296796e+00,4.567983782369262613e+00,6.073514099841678160e+01,3.658442343086718296e+01
8.652784874778219892e-01,7.430280572821340357e+00,1.504266617983959087e+01,5.062348078198493084e-01,8.188187664559914936e+01
1.135310060401604648e+00,5.932887940031604579e+00,2.238136880317141220e+01,3.342337379758848215e+01,2.076815931938365622e+01
1.814009199422737861e+00,1.094549572480888244e+01,7.746818257805998087e+00,3.484111747889566857e+01,2.386683461300311038e+01
6.036673835041698327e-02,8.232657923496157437e+00,2.491122620216331018e+00,1.108304807736818987e+01,1.164274027296512770e+02
1.729890272604291512e+00,7.973348779575613055e-01,2.366873050451080829e+01,1.746451133589756211e+01,2.615397754506351191e+01
5.835316989850400926e-01,7.362106975785120078e+00,3.338629203780389076e+00,4.012170986953575635e+01,2.851841576223478825e+01
1.743256172689896522e+00,7.439722814774373916e+00,1.315182441007061342e+01,3.401818970368238126e+01,1.921811335446832203e+01
1.885753789790279855e+00,1.583241670245023514e+01,1.630602435964938896e-02,3.372638696482502496e+01,3.132418369748564402e+01
1.730387135341306948e+00,1.099376494592328157e+01,1.240286951252619119e+01,2.505385256563299379e+01,2.266798761974868626e+01
1.055854127680922572e+00,7.703156419088726281e+00,1.428245657337602736e+01,3.317465095567762035e+01,2.020815889108805408e+01
3.805992957169366697e+00,4.781951361823646884e+00,3.354543191369802724e+00,2.457353353233354554e+01,2.655116440680665590e+01
3.541736277055433924e+00,1.090045837231867409e+01,2.129766315954221056e+01,2.109739379725583674e+01,1.907011065206898692e+01
9.297683372771256560e-02,4.012661497429288460e+00,1.367159828369388030e+01,2.416667598502649383e+01,5.889117653922967577e+01
7.273976424921226036e-02,5.848825701662205390e+00,1.083103053793761816e+00,1.113664018360617547e+01,1.037579337424589312e+02
2.902075006137131222e-03,1.392457001613096779e+01,7.797298210869982427e+00,3.303454960988991473e+01,6.048536868382514342e+01
7.179147757447899014e-01,8.875468602063806001e-02,7.403510370531604323e+00,3.175441957320719411e+01,8.031512689994602283e+01
6.762006570649932435e-02,8.113002240369732831e+00,1.226822495148721615e+01,1.468835864052313811e+00,8.899046661502005406e+01
7.643489151396818393e-01,7.573251774020643978e+00,4.931464537212769117e-01,2.320272892660502606e+01,8.068725086748028730e+01
3.581706815235962349e+00,1.328857722946337638e+00,4.651959820701920378e+00,3.127611065811715108e+00,7.894153465889718291e+01
7.301758926870747235e-01,1.092236324002780895e-01,1.738221301595433488e+01,3.159821996017192802e+01,1.079383175576289204e+02
1.199492849619497203e+00,3.944179503663224895e-01,7.613120163412417263e+00,6.518061847503383888e+01,4.520566968964993748e+01
1.072548240927806568e-01,3.864750423305333360e+00,1.436026261635517187e+01,1.609399864777018507e+01,4.499940680469376275e+01
2.271607018379701692e+00,6.113878565314166680e-02,1.275512498425816155e+01,1.624944393914251251e+01,9.224439610314261984e+01
2.084912080311723148e+00,1.252089740222464442e+00,3.575626680236469923e+01,6.934873803564556294e-01,4.817584712796293189e+01
1.165273479098806408e+00,9.002556855829176641e+00,8.698697311879204364e-01,2.531623429003899250e+00,1.015663428593917246e+02
8.281756126958205178e-01,2.655378243019823614e+00,1.221320747564111109e+01,1.674160683411844985e+00,1.004618206465524679e+02
1.691531971959104652e+00,5.327833601945751729e-01,3.760450219329565869e+01,5.387916767390690254e-01,9.053746447603002423e+01
1.700630824888992976e+00,1.507670769606079020e+01,1.339780582802343467e+01,5.934078749226040728e+00,2.502428725730068138e+01
1.061372559796184056e+00,4.319732384823037563e+00,2.457809349171387936e+01,7.449502703192214734e-03,5.510321091323265819e+01
2.645299271481724723e-01,4.323840692450495737e+00,2.207526741796025860e+01,1.154388208672820770e-01,8.305886865867489632e+01
2.263005887254689874e+00,6.022405436470052581e-02,1.479556258756770859e+01,1.700929387019451866e+01,8.886033714228315716e+01
6.052697037672347818e-02,5.873228937102663139e+00,1.608966276264545314e+01,1.602203164037712213e+01,1.131404971008065843e+02
2.548579389588353714e-02,1.476071497848836422e+01,9.859569657661740649e+00,4.818789117768102415e+01,2.908110750945677125e+01
1.300239067573571994e-01,1.426248696869332733e+01,1.036284737742957152e+00,2.247574534289312709e+01,4.281463523958048256e+01
6.608679485658655928e+00,6.286159809254330266e-01,1.365726516802983426e+01,1.369776966797617845e+00,2.872647128224903668e+01
1.851245267881191092e-01,9.373413870133168402e+00,9.656609415905467841e+00,2.204218838338030650e+01,2.764000368582908251e+01
7.013545758322123347e-02,2.491169253187784094e-01,3.152184331289818786e+01,3.038791739461478159e+01,5.774951150510142384e+01
7.742959803597684321e-01,4.344992787626552833e+00,5.615039239464094667e-01,2.213892449380892202e+01,1.302303968461333739e+02
6.554928174930328311e+00,1.064699161387217430e+00,3.181656050470003194e+01,1.075104418023882236e+00,2.589571287745244987e+01
6.698997471052652308e-01,2.118582166703919611e+01,5.015370860495749206e-01,1.706649773269878878e+01,2.869679047319899823e+01
6.554928174930328311e+00,2.700973901690429391e-01,2.227778843285159383e+01,1.029806315784429493e+00,2.653129590846923236e+01
1.066457068597693958e+00,1.239499848657008663e+01,1.036284737742957152e+00,1.750568955859520770e+01,4.094160477896486583e+01
1.424893383123863488e+00,6.738224628557327733e+00,2.078618684703682007e+01,5.983015675553597923e-01,4.753571596995004711e+01
1.774606350856865244e+00,6.231002003260810440e+00,6.967693580113276663e-01,1.377259942141644089e+01,1.029006032998026541e+02
4.530664529581175159e+00,2.023515141684360419e+00,2.220630042026262885e+01,1.164361642048497458e+00,2.632550754292030248e+01
2.380118006656792851e-01,1.712136752116066774e+01,7.905684218338455693e+00,2.290102335422738999e+00,2.733062501893991225e+01
2.398007965856841839e+00,8.267352297880302459e+00,1.164928537065352057e-02,2.115397619348144786e+01,4.895762242096296291e+01
1.321610839699432771e-01,1.799097809682000815e+01,1.021773075946556641e+00,2.255745079387536123e+01,4.281880898574257799e+01
1.218732292071759149e-01,4.687346652000369929e+00,6.240472152252787730e+00,1.709387021546729457e+01,5.667066389769156842e+01
8.154625811574436334e-01,9.247184685152635142e-01,5.489519434589592572e-01,6.878516166535082021e+00,1.074581991535828536e+02
3.233289970032521943e+00,1.102056916155649802e+01,1.308056441088231026e+01,6.708696200502727081e+00,2.437137454054692398e+01
4.656892773968174915e+00,3.565238141515048920e+00,2.114098457684875854e+01,2.102144894500182559e+01,2.464638502237595574e+01
2.129180326743253804e-01,3.587899363041407441e-01,3.876062626581926196e+01,6.438578219265130542e+01,4.493631222899475119e+01
1.096642693913405076e+00,4.451261150959998636e-01,1.716623487043466412e+01,6.373226425924812588e+01,4.657941290149813085e+01
8.635045294029526364e-01,1.693395308585584047e+01,8.048354216096845093e+00,2.326399875404945750e+00,4.959759883939423730e+01
4.870109695497537583e-01,1.325586630176447400e+01,1.614290775340402107e+01,4.711236947624086291e+00,2.703625108887863249e+01
4.208993689361339108e+00,1.138794503062726804e+01,1.764107079138324963e+01,8.583551204698746773e+00,2.411303236426809349e+01
4.629976598360135753e+00,1.044033263225660235e+01,1.323535520966339618e+01,2.015010806729477011e+01,2.013306868183834553e+01
2.668296944022979234e-01,6.906755823478656353e+00,1.221676246820164202e+01,1.142530523369848172e+00,9.232306040762969701e+01
5.471912948193826232e+00,1.340419385630653881e+00,1.376652879452000278e+01,2.241866767621576884e+01,2.503042136454460120e+01
8.188813032133421821e-01,2.014879960691215288e+01,8.095408888146408799e+00,1.516133547990326491e+01,2.570281669609510544e+01
1.397822478700373738e-01,1.426248696869332733e+01,3.272467176600877270e+00,6.932725371175248341e+00,4.581202625810114171e+01
4.799413900617373052e+00,6.950887475743962041e-01,1.459666676274450481e+01,7.640900967732008331e-01,5.449043753749322150e+01
2.835034518917952440e+00,4.238579748490431953e+00,2.366607436584403601e+01,6.504819117701488018e-01,2.694946071462292636e+01
4.645745876086905035e+00,4.596436459996007806e-01,2.179483064001391313e+01,1.741468616890448828e+01,2.464406634191182022e+01
7.457318386908716734e-01,3.698371959490910577e+00,4.523572282410629697e+00,5.621110518691193647e+01,3.923751975441204820e+01
5.760674818921818208e+00,7.101153545137157685e-01,1.839835792113214907e+01,1.365422840382578773e+00,2.872827042267965325e+01
1.865753060172379296e+00,4.233780788161563002e+00,1.987954962942491477e+01,1.066818316054680797e-02,5.510171210546415921e+01
1.073046364888927962e-01,3.040755196320432674e+00,9.405190726150658431e-01,1.691802302686756576e+00,9.384303169100310527e+01
4.524475958192013536e+00,8.048603060914558682e-01,2.116367114871284727e+01,2.086816874436712510e+01,2.475166118460745324e+01
3.822355740594566953e+00,4.038194530078056843e+00,1.839861770292371546e+01,1.407696344307358460e+00,2.837582561638973289e+01
2.167638967950731924e-02,1.832286272380392944e+01,8.319371861200783869e+00,3.367348685026990296e+01,2.667332418626059365e+01
3.787256158532977146e+00,5.832046589193137232e-01,1.410721753310238569e+01,4.223803239197576609e+00,2.941026656151220209e+01
3.581745763756321033e+00,6.621690656436614475e+00,6.833296424169806649e+00,4.573670792934099616e+00,2.703623557497906305e+01
1.481233056591515496e+00,9.228009322995721631e-01,2.432471869978651924e+01,8.128535981211861383e+00,2.780365951912017763e+01
3.081654790650853570e+00,1.045414113140241774e+01,1.323053749043473637e+01,2.092928478134121661e+01,2.056334559986287758e+01
6.527786751550066491e-01,6.310678214862099011e+00,6.675036332649766813e+00,8.827306193456047367e+01,2.645541308273507042e+01
8.468223407468125075e-01,6.864203170202287652e+00,3.271629177708926584e+00,6.840483301988848019e+00,5.107102014249086608e+01
1.412523429112096718e+00,6.805078261238488579e-01,1.349089041263930611e+01,1.330042734684010686e+00,1.149169625064047580e+02
4.413190506488817277e+00,2.030149970143838856e-01,1.711409580572157196e+01,1.529437827255917037e+00,5.752102595918628936e+01
1.627445509209197450e-01,1.426306862305798262e+01,3.299854763109198341e+00,4.000720499132958130e-01,6.680846478764713936e+01
7.218894165114291273e-01,4.471849798677008714e+00,5.485280372230322277e-01,2.105811839065916757e+01,1.069739552452945333e+02
1.659910687687220721e+00,1.273283190426264255e+01,1.094897826898852920e-02,2.043613858878767431e+01,7.307305130778689772e+01
1.069676927546735629e-01,6.665509469153772848e+00,1.460641119727526638e+00,1.787440828551802241e+01,9.387397168354763721e+01
2.911298861339669392e-03,1.374401185763566957e+01,7.925132404357350779e+00,2.895138007435419425e+01,6.522404686139989849e+01
1.930825594237358389e-01,1.425257179826063414e+01,3.840476974349213535e+00,2.234507357280658368e+01,4.557512205454846566e+01
4.530779494867695489e-02,1.116113013416519628e+01,6.984959794049238724e+00,5.175152307538671437e+01,2.665701641117264842e+01
6.787786334166194813e-01,7.113124528059022733e-01,1.604446241887057312e+01,6.527087889268116783e+01,3.367112577017243780e+01
8.446511567793737463e-01,1.161019683378924761e+01,8.059941161208630689e+00,3.425810958103390202e-01,4.913458678902541976e+01
3.623389595862004597e+00,7.781058834214407582e+00,1.239026354994930834e+01,2.040156066670228796e+01,1.909307487230646672e+01
1.066628665324136360e+00,4.287579894960171778e+00,1.417103114615077075e+01,7.003910090247049761e-03,5.503353377175398009e+01
1.074833603828055789e-01,3.041111820460851156e+00,9.405190726150658431e-01,1.584843759655993622e+01,9.381968181001141716e+01
3.666856813475759258e-02,6.567705053477239652e+00,6.647791477095936763e+00,8.786068244956389606e+01,2.643354650543834339e+01
2.831536556643761138e+00,1.015827866595366658e+01,2.122720911199463956e+01,1.623584262401572431e+01,1.909975238543664489e+01
2.667393363686881846e-01,1.255965100672430879e+01,1.597956567939219497e+01,3.120782546495549425e+00,3.104003867602865796e+01
1.858865704830731991e+00,1.401579188946228172e+01,1.450353521508268528e+01,2.314331440122582961e+00,2.620054365530496199e+01
1.278223558426064388e+00,8.212909518385053786e+00,9.875124628741922123e-03,3.802251908451400197e+01,5.499901010234843568e+01
6.484224551200367115e-01,6.360131579490511555e+00,6.675033834249963327e+00,7.611338224500491378e+01,2.651715438692664506e+01
6.121863201263612275e+00,6.298148120394997385e-01,5.266498871283541661e+00,1.363080901672707679e+00,2.890748183713125741e+01
6.400529161433206049e-01,3.565072562498189157e+00,6.684702769037647485e+00,6.851003847885232290e+01,3.354166473729564046e+01
1.560250834395806141e+00,5.032016740441243918e+00,3.265879174581231004e-01,1.833518625881995234e+01,8.180860820850155335e+01
1.814947202359131317e+00,1.099247472442135631e+01,1.452611923591530996e+01,7.003910090247049761e-03,5.502837217299109795e+01
2.895060838460012873e-03,1.788900642568298238e+01,8.284651007193017946e+00,3.363642089144009617e+01,4.126782721887762762e+01
1.281037022711938755e+00,8.075019583950949098e+00,3.475334165740186221e-02,5.128885434439998647e+01,5.501293467755611033e+01
6.470779936579901248e-02,9.892794507188291675e+00,9.782455281410997738e-01,1.827735704771868797e+01,9.466093743234192459e+01
9.973837939567692379e-01,1.309936622256909189e+01,2.081660381821434314e+00,1.297574507376513919e+00,9.117687985986786714e+01
5.362841137562521787e+00,7.110636288544202044e-01,1.828381817272702392e+01,1.116858048688505578e+00,2.908062686306175593e+01
1.800061544735328048e-02,1.195718636447131544e+01,8.345852448497032228e+00,1.933761464579427880e+01,4.443059504673159665e+01
3.541736277055433924e+00,1.090045837231867409e+01,2.115984098417676762e+01,2.109739379725583674e+01,1.940015751656278198e+01
4.264811070347478861e+00,8.176713716438167856e-02,8.690606014211912367e+00,4.878564878941920036e+00,3.648545167470164330e+01
4.763648032962198187e+00,4.218236887080058395e+00,3.017413649570862333e+01,6.571930626728927471e+00,2.485989341565871413e+01
2.323684680468264041e+00,8.782468998320020148e+00,4.544177769163653124e+00,4.091780773383005254e+01,2.469634661568299450e+01
1.461546072737564650e+00,3.113679995089618124e+00,1.416549588394874215e+00,1.720617525021620509e+01,5.031756471169970268e+01
2.687275637629392921e+00,8.228900639670204242e+00,1.799731630334350285e+01,8.705629701303635670e+00,2.414778628751063749e+01
2.918295537711231624e+00,5.160453016900165557e-02,4.906596808304276358e+00,5.123496606600920700e+01,5.476840140236882348e+01
3.541429791596995003e+00,6.864869218600266443e+00,2.183240751361584131e+01,3.188868305371609146e+00,2.435597919708165549e+01
2.168258068659717486e-02,1.701212595874538636e+01,8.284651007193017946e+00,1.830434761734348825e+01,2.647317870949022733e+01
1.652869340528387632e+00,7.924095071322358130e+00,4.365756677741845948e+00,4.291353688963011592e+01,2.570582430087966230e+01
1.911716739436705170e+00,2.415409607076842047e+00,3.469896146778727086e+01,3.060682617345364509e+00,2.632534810122382041e+01
4.735068790793789617e+00,1.440936194435108453e-01,1.375030148557565468e+01,3.669418168058420804e+01,2.563016322183023377e+01
9.744435231995184354e-01,1.623000382429076893e+01,1.598975346683100707e+00,1.671751781423700400e+00,6.797743965139201805e+01
7.021254379430987014e-02,9.075548112064819151e+00,1.149867080981655043e+01,1.013680176820024670e+01,7.787883257242069135e+01
3.063042830055111576e-01,1.516818169624304957e+01,1.442400720314802420e+01,2.575599990248584881e+00,2.747124877634547246e+01
4.322993144120844455e+00,5.884872526695626993e-01,1.666211409291940981e+01,1.093645952416151479e+00,5.583497974952314280e+01
2.816322355985597103e-01,6.850637517252480269e-01,4.082706428013767663e+01,2.616970531153858470e+00,5.515937779153044573e+01
5.567705809244948512e+00,1.349149556513623116e+00,1.913376764405953168e+01,2.679769329497548824e+01,2.501606528203809177e+01
4.718497710623852093e-02,1.336182978127953191e+01,1.005587817409819706e+01,3.243164076152838504e+01,2.727107521092026587e+01
3.032607791857472535e+00,1.051210359956015861e+00,3.705474329438362080e+00,4.407885397341313016e+00,9.464160414088320294e+01
3.242101029978981863e+00,1.600293155939694623e-01,1.881384037899857420e+00,4.133679152403420431e+01,4.528644554097583352e+01
1.850049447471085573e+00,3.913204749159549523e-01,2.037503003154169434e+01,2.348760991336812509e+01,4.689881031197530348e+01
8.171540903312785042e-01,1.813559816622306187e+01,8.132648133266343393e+00,1.797075292575611627e+01,2.569294967894674642e+01
4.622438591054814014e-03,1.955780723748939209e+01,8.244370260490928359e+00,3.076231965376489796e+01,4.127689501020809359e+01
3.487651593956233143e+00,3.579447053466298101e-01,1.219767305974269256e+01,2.407723342596057137e+01,3.358460689224439477e+01
1.364659619733691320e-01,1.219976330045479074e+01,8.406672961874026129e+00,2.718840778859546337e+00,5.126624534049709325e+01
5.524634642702256571e+00,4.547864827800086829e+00,1.220525325678769946e+01,1.582213621841807694e+01,2.428790993059286052e+01
5.275175512989112026e-01,1.045064372177347956e+01,6.930960819054658995e-01,2.866846622803382871e+00,7.957351181451664957e+01
4.440663738016062290e+00,8.773306971253664877e-01,1.234077149220953018e+01,9.103690647242018708e-01,2.918216312684753078e+01
1.492242657710031728e-01,1.322753688415236795e+01,6.694235435573154813e-01,1.835169400042658339e+01,4.930198796760004143e+01
8.729879106483015572e-02,8.187932740406802523e+00,4.303500366769808849e+00,5.807876462010315066e+01,5.287204572534528779e+01
2.895060838460012873e-03,1.387996155101498985e+01,1.788150397018947046e+01,3.363758281031787334e+01,4.730243766183683363e+01
1.119813609448692793e+00,5.747745187747018036e+00,3.457505094427332892e+00,1.072210364519904147e+01,7.051759334081870634e+01
3.813036062910296620e-01,1.526433361446100534e+01,3.141716836204627050e+00,3.099117212622802242e+01,3.036061891986798500e+01
1.389883332141549577e+00,2.196693828138196025e+00,4.956299548883958295e+00,2.210907238962623111e+01,5.106511187950767550e+01
3.529758660662949410e-01,1.516818169624304957e+01,1.456338218526646955e+01,2.517548413394004037e+00,4.062674117435440735e+01
6.352736778426774922e-02,9.906186849397116134e+00,1.470708238912755705e+00,2.059461667336798918e+00,7.958468915009780176e+01
5.765148051151149922e-01,1.043601410737893076e+01,4.409169779082515728e-01,1.908473783639738031e+01,9.464978407389770609e+01
2.490508695022374930e+00,5.029114185486356359e-01,3.154090492640554899e+01,3.542977000323122017e+00,5.150867595238663910e+01
6.125440761216391361e-02,7.625351193165449182e+00,1.099521942716504519e+01,1.830309732526344391e+01,6.542418029141856550e+01
1.447249880493985397e-01,8.337809437731314333e+00,1.372332201751211400e+01,9.737279164496065675e+00,5.974887772623704052e+01
5.211299809346290335e-01,1.050943316490814894e+01,3.287159752432721849e+00,5.113370034822287913e+00,2.747275121079998783e+01
6.902397230901002878e-01,7.361872914109343746e+00,1.422160127755366688e+01,1.211563848998851078e+01,2.872946496666338234e+01
4.813151913196242582e+00,4.376007974911903631e+00,1.535249417088541080e+01,2.791623866135643084e+01,2.421672444248227407e+01
6.073226598754584593e+00,4.495905173169815749e-01,3.891486291618805105e+00,1.967744669418758008e+01,2.895016550261048849e+01
5.166275987713091489e+00,5.022432054104044141e+00,1.340892590685786256e+00,5.633803425806247489e-01,6.054141301645910289e+01
3.512176371606161140e+00,4.385393726658554314e+00,1.265318768018985907e-02,3.281471850844448568e+01,3.659924729813691613e+01
3.726808379982866626e+00,7.022222349693147958e-01,1.816590219316649168e+01,1.026709629209045849e+00,4.753919751407248384e+01
4.604816417636646619e+00,7.980000946957935604e+00,1.024295765664139424e+01,1.390699019667724379e+01,2.534066844674725871e+01
1.092028409850666071e+00,9.988252901573066111e+00,2.692633004694830468e-01,1.326897508325522779e+01,5.550505761826006790e+01
4.512675460869768784e+00,4.203435318538665477e+00,3.041714877947317319e+01,2.015233168213281090e+01,2.022725848495907286e+01
5.026079796636093722e-01,4.145555678498452634e-01,4.164872751920986360e+01,3.522617809517939236e+01,4.893781694680681937e+01
1.323199941653481426e+00,8.495920708738213811e-01,2.458833552342646556e+01,7.190618960057295794e+01,2.670432453453140909e+01
9.125383121140433207e-02,9.906186849397116134e+00,1.470708238912755705e+00,2.059461667336798918e+00,7.957860339446361309e+01
1.816889045613657938e+00,1.087311582132411303e+00,6.658579752038544797e+00,3.699923916173820260e+01,2.702904646378644316e+01
1.014911151134475720e+00,1.220348003697437633e+01,2.025874745205506144e+00,1.008176601388006910e+00,7.578077540759701947e+01
2.214172117251694272e-01,1.505843351306746314e+01,3.630581754384619053e+00,6.404679801416216378e+01,2.734883773345145741e+01
7.006984788665789055e-02,4.869542650479611545e+00,3.436344853246110631e+01,1.938502300246043930e+01,2.868940879347120188e+01
9.977751483635086682e-01,3.878494479784625470e-01,4.022638262087792782e+01,4.987741462194145470e+01,2.789316555160812428e+01
4.254380522754923177e+00,4.220277708775368453e+00,2.130808972262482825e+01,2.111088763287247616e+01,1.905021029927587151e+01
1.063048772927412400e-01,4.270326381338487742e+00,1.417717322700892524e+01,8.214495346027574918e-01,1.021744840124029139e+02
9.694107415555783813e-01,4.120581447546376452e+00,1.713154572864398162e+01,8.211537148037466594e-01,5.708046258725695310e+01
3.694387349819014954e+00,7.613154550611227478e+00,1.059784384264962576e+01,1.026436114221692453e+00,2.507650967385935559e+01
3.859901120462382540e+00,7.731342953487624570e+00,7.694350369037284310e+00,5.329941306522191269e+01,2.393547674212918963e+01
5.590268748076742789e+00,1.335934100466287244e+00,2.370827633158433656e+01,2.683526257227158140e+01,2.427455405783142339e+01
6.045511828776621854e-01,4.741444645253208634e+00,6.355697751179083532e+00,3.823355393902063781e+01,2.999974546086307825e+01
3.589999188522605245e+00,4.263370520920326534e+00,2.311035102915593242e+01,2.119196925544105525e+01,1.878291108785295904e+01
4.183905125711758544e+00,5.685516291345706907e-01,2.569216850957019815e+01,4.109749758129779273e-01,7.992857979149937364e+01
3.043119339042439364e+00,7.452334605125122913e+00,8.409284175681870366e+00,1.961083968757072782e+01,2.565746214511886691e+01
1.068035844531351142e+00,3.903122983586685635e+00,1.417551111822231213e+01,1.722099653876328018e+00,2.672979820800696871e+01
4.193363956835215234e+00,4.225873467136285200e+00,8.025499027783389749e+00,1.540145595607514739e+00,2.945699118469952893e+01
4.001703936420914154e+00,1.695538960434753162e-01,1.885125804703853269e+00,2.351986838387190204e+01,4.528586584822889449e+01
1.719894298075395067e+00,6.651112291726491987e-01,2.015287480201522641e+01,3.986796046779591052e+01,2.896896008390149291e+01
2.930133936677577822e+00,6.053130299142590598e-01,1.634179077661594448e+01,7.662861405237307855e-01,5.168114890162976849e+01
1.588731259703844323e+00,6.339103290969544169e+00,6.594748637932363877e+00,6.735238668883143021e+01,2.577085918758785610e+01
5.189588357783790684e+00,6.015731103479552422e-01,5.698186938777988431e+00,2.321166424067298095e+01,3.009939702874797973e+01
3.566242543735740789e+00,7.803502266526709974e+00,1.254832575357957225e+01,1.702470052508234133e+01,2.429967011956191314e+01
5.159508027371247252e+00,1.197596288746435000e+01,1.300836146390963455e+00,5.315334615274511787e-01,6.054141715225318876e+01
3.656459732260147533e+00,8.588839988308646367e-01,5.535655705540269977e+00,5.381879125040600620e-01,6.499451319573651631e+01
2.680238330378574396e+00,8.569410503335458174e+00,9.507306885568786115e+00,3.275309556431379304e-02,5.016940956398626383e+01
1.015141760964515250e+00,4.375075392895588777e-01,3.572897444434608616e+01,4.700117932795422604e+01,2.767303015392334231e+01
2.691846758784611993e+00,7.166286986324346131e+00,2.715281183479679727e-01,1.820899495237030052e+01,2.780392226432086389e+01
1.401387006519421163e+00,7.121600565431218666e-01,1.414571109245803449e+01,7.488553808612247176e-01,5.460728697302609191e+01
1.330168508701873753e+00,8.195226720254972008e+00,2.677384774041889973e-02,5.536480531217440415e+01,5.249225917679324027e+01
7.220717346549059279e-01,4.362689056855838743e+00,5.718468781538567081e-01,4.615719238564006233e+00,1.323691285306582301e+02
1.304196759990011167e-01,4.379320583127110922e+00,1.447058304928944317e+01,8.202190068752889252e-01,9.334176519947544648e+01
3.757731300991372869e+00,8.673369751502333358e-01,2.448497784134344357e+01,2.886789228726825307e+00,2.860720495919572315e+01
6.247709730594235289e-01,5.414780918449083047e-02,1.706002588421073440e+01,5.381958839152972018e+01,9.076337086256008035e+01
6.376397952201375841e-01,6.308232477257776694e+00,6.683771961090029912e+00,8.816191092968938392e+01,2.627570560207453099e+01
7.516683229654078091e-02,1.813708698117129536e+00,8.895656067528678435e+00,6.175450473783789818e+01,5.210440519470900966e+01
2.672715558145937642e+00,6.690720595713061769e+00,1.900455315878411966e+01,2.123379079807111935e+01,1.921282533140563586e+01
5.457541133783466059e+00,8.115543454121500133e+00,1.424930873676052201e+00,1.045983130768426639e+00,2.617520893940993787e+01
1.945834988467428195e+00,1.164885005143553753e+00,3.911918498278525114e+00,3.832933815647565723e+01,5.185843931148791341e+01
8.609124509311018025e-01,1.658846576468854650e+01,7.681665445983208329e+00,1.566616522388106958e+01,2.634272823447945555e+01
8.270498772043726188e-01,8.259184163804730971e+00,7.047665187504859041e-01,1.968799790503104674e+01,5.504284594376916573e+01
6.867993865920282714e-02,6.555850332444273398e+00,7.758825526967209285e+00,4.779408599295287985e+01,2.671639822623695082e+01
6.154959938248319773e+00,5.251394178523668188e+00,1.418470265390156637e+00,1.424394968655602334e+00,2.776182541810691617e+01
5.315625655236199121e-01,2.539735742941431340e+00,2.030538636885437143e+01,2.691937915056652919e+00,4.930927084921384562e+01
7.729421289626829950e-01,4.001603330803879643e+00,5.715310172792011922e-01,1.566349217990721421e+01,5.617628237791071655e+01
3.855089466132568532e+00,2.363695004643094677e+00,1.847111146703699802e+01,1.350654391232992468e+00,3.529593085761821669e+01
2.811802230275775472e+00,4.287779281192574565e+00,1.607639631302498628e+01,9.320368958726953090e-02,5.119681723188004696e+01
4.280276356719795672e+00,2.369739694660480289e+00,2.056978875320913147e+01,9.540318698426657473e-01,3.734708903513795519e+01
7.933342506860613375e-01,9.495425119827811955e-02,1.308450917865995322e+01,3.309951238514786098e+01,8.016706282751822243e+01
2.258047150873929154e-01,1.857471755980047234e+01,7.496624590554443301e+00,1.638689617282494382e+01,3.092615040436883334e+01
2.645584803243130612e+00,4.272018589789920107e+00,2.180908895578307138e+01,2.202738594727670574e+01,2.444986012974491985e+01
3.187040205389950920e+00,1.542715143979227577e+01,8.053209954084754596e-01,2.797643056998734279e-01,2.897523918162435663e+01
8.783851704917468028e-01,7.073306322352961306e-01,1.417095947549282897e+01,7.003261512865787131e-01,5.730759444194799812e+01
3.377421301919217189e+00,1.878093339217496549e+01,6.969561694594331946e+00,1.148042475157108555e+01,2.527947318942660360e+01
2.023643568921653646e+00,1.408014762745240844e+00,1.433322281173843216e+01,9.784162684884820660e-01,5.434008946252558303e+01
1.121750350174824273e+00,1.311516775667699797e+01,2.412591932203830003e-01,2.641710314679609439e+01,5.562678336230328568e+01
2.074883280097681748e+00,7.015098862321329065e+00,6.450181644933943303e-01,2.914183870209831184e+01,5.364520109183806085e+01
5.539131827432796307e+00,1.243268520714479486e+01,4.772737327857018430e-01,3.325773234851779336e-01,4.551762850857719656e+01
1.065248359312182425e+00,7.134400857773872673e-01,4.638881120600936825e+00,8.257814012883730737e-01,9.332700374666934806e+01
1.380166091201303402e+00,1.100467107389147969e+01,1.562965370154493172e+01,4.707070178293880358e-02,2.774431691466253724e+01
3.627292806834656602e+00,4.114456908424837245e+00,2.431260727038534242e+01,2.046386755180647299e+01,2.041660320627128300e+01
1.028975866699677555e+00,4.425511458524683306e+00,1.296548909337182387e+01,8.445608011604847087e-01,5.469801858766862068e+01
4.828659779128402718e+00,3.404374956232804617e-01,2.628126463766338361e+01,1.248828805776446504e+00,2.856775401528595992e+01
1.123327328216065790e-01,4.359910464627157367e+00,1.272639657803924074e+01,3.647490144860449846e+01,5.448876377938341165e+01
1.085112921066556657e+00,8.041116989783445135e+00,1.002976549267495265e+01,1.250845039078018854e-02,7.863103698813483788e+01
9.591730489017562256e-02,1.719076259930040607e+01,8.029478103608679973e+00,1.839034224183395594e+01,2.660933960229464645e+01
5.762419884342412146e+00,6.262703715223489898e-01,1.377439245759160258e+01,1.876553890201138719e+00,2.646775072704864584e+01
1.167199582869007379e+00,3.664398324571974674e-01,4.162424646683972185e+01,2.773988423313421237e+01,4.827356691598587446e+01
1.796086326309879189e+00,6.674975031524444269e+00,2.566060838735682581e-01,2.843890346467508223e+01,5.489423904877061489e+01
4.255372284568236907e+00,4.861436799017024413e+00,1.699865232598002862e+01,1.274819685959357152e+01,2.573179276424572848e+01
6.074404344632181818e+00,5.665448757131511526e-01,1.021133996422899415e+01,1.849324746984358114e+01,2.715468377674386602e+01
3.598010658396859185e+00,4.263123993075857321e+00,1.740883692744839095e+01,2.119196925544105525e+01,2.369815337153127643e+01
2.686074263702768583e+00,3.989862882397290811e+00,1.765890349601151499e+01,2.138950821120952028e+01,2.441324988030458343e+01
3.109256512087639202e+00,7.270573568822037203e+00,1.300774737285453897e+00,1.109196559199494114e+00,8.709020966284400345e+01
6.594795491902307738e+00,2.256803410288189760e+00,4.883908889633826966e+00,1.549331903782419584e+00,3.083380825913216583e+01
1.306781178751717509e-01,9.915568520388983842e+00,7.687793394576714512e+00,1.076472213154191948e+00,8.094936577348677531e+01
4.768177578314474613e-02,1.153899567153013805e+01,1.182128195788437353e+01,5.432508262500422802e+01,2.621466247135415273e+01
7.209148990245656252e-01,3.818087058825679614e-02,1.890010237816131067e+01,4.898155225967642679e+01,8.192281985530857469e+01
1.324966736363204278e+00,5.097355496124290397e+00,4.610959684090254473e-01,2.235796729362009216e+01,1.158241078828957598e+02
1.374620820803197363e+00,4.318968728232164267e+00,1.086708650485639005e+01,6.469086216585675508e-01,1.349650087565565855e+02
1.840929852967732039e+00,1.222618313268397650e+00,2.040941769188540533e+00,6.251461315286053377e+01,5.202097721659512786e+01
4.591577929228058963e+00,4.909156516463494269e-01,4.613941881929015665e+00,1.507294706607431323e+01,3.691941890763435197e+01
3.716733709721518508e+00,3.132596251522833802e-02,2.423860628796063921e+01,1.667946900859686465e+01,1.014675312643410194e+02
1.374844007672954005e+00,6.547547746198256746e+00,8.670230199611921762e+00,9.720987874579016363e+00,2.658479588708615893e+01
2.526325589196597221e+00,8.081050437470274517e+00,8.903159883091288362e-02,1.710042685270516172e+00,2.685319324597932322e+01
2.889651150236905233e-02,1.925356304548842346e+01,3.592797432408843417e+00,4.628582526351088688e+01,4.444195655626715791e+01
1.259503385349944438e+00,6.659456437088164815e-01,3.813859382260780961e+01,3.454182339339858743e+00,4.919989188832252580e+01
4.361846055345163897e+00,2.122304345633904532e+01,6.572832208332121340e+00,1.380702625329854882e+01,2.351016025728619852e+01
4.574909745920141546e+00,8.108732135558513576e+00,1.574980470749089312e+00,2.944751641642421802e+01,2.623539963790740615e+01
1.839137986780660983e+00,7.118389964674674886e+00,1.422853829041837059e+01,3.713632945506727956e-01,2.676342104996577120e+01
3.349969642494944555e+00,1.109355977397758863e+01,2.273006037012683578e+01,2.763745350447605631e+01,1.873324059295429578e+01
1.659420782161690200e+00,5.477558318892288280e-01,2.675718404005449003e+01,2.913839399531132557e+01,2.622197296609438055e+01
2.437063337939595620e+00,1.713612583782624910e+01,7.629224776789302886e+00,3.007401677144271801e+01,2.039475156732194705e+01
2.391605222246690587e+00,1.744789834768177883e+01,6.930974716181871997e+00,1.379128736582942771e+01,2.631703961580835482e+01
2.625215926358233975e+00,3.412664818249549814e+00,1.380214027913392094e+00,6.034564258436214690e-01,6.078329813358918443e+01
3.942807149766276886e+00,1.545013440776837399e+01,6.596240486965994076e-01,3.700561831849839001e-01,7.890297098812193610e+01
3.473280304206267211e+00,4.269109692242123444e+00,1.489449458752540423e+01,1.949044406573107580e+01,2.520495138499984833e+01
4.999433282401816392e+00,2.278933061880564104e+00,4.773660516804589804e+00,1.552885173311928435e+00,3.047479123443694249e+01
5.349557641872482172e+00,1.433300415828376373e+01,1.587450174854399165e+01,1.388455961134382477e+01,2.337130919539930218e+01
8.638292183160561910e-01,1.711705944724368678e+01,7.641183941126149293e+00,3.008934734755742824e+01,2.502308078656496804e+01
1.837777415766527200e+00,7.234347146441468368e+00,1.417392426586322252e+01,6.755094021947378492e-03,7.328008264749230705e+01
2.585121112214830430e-01,6.715322849779661318e-01,3.814986489588441287e+01,3.478289076388346945e+00,4.918607754760455464e+01
1.068687869041262228e+00,9.887586270385792631e+00,3.936874372763681795e-01,1.736361985280094800e+01,6.974872682985336780e+01
8.074307756945504622e-01,5.845864639407805541e+00,7.680652180267691365e-02,6.982269163153985403e+01,2.776901799099611523e+01
2.518416242960743290e+00,1.369525807011160801e+01,5.449883578787486638e-01,3.889030564550690627e-01,7.846055781150349162e+01
1.848332520193502138e+00,7.276438098317099978e+00,1.398642913808158639e+01,3.034016628188204723e-02,5.304669549764670222e+01
4.338003597753695040e+00,7.477990993302435774e-01,1.824903595714808802e+01,3.794128811782566113e-01,7.738993464699646552e+01
4.423096140492022599e+00,6.420016726890026559e-01,4.485821551350498204e+00,2.222774596062871311e+00,7.724150932066652331e+01
8.892774408815002918e-01,1.126113247673425377e+01,3.359910452530161518e-01,7.096864880816577958e-01,1.158909215783090474e+02
1.807490330935756395e+00,8.161711548921864789e+00,1.436784155539545438e+01,1.175903951609909015e+01,2.439407768413540367e+01
3.177612269968518977e+00,1.283051395879272194e-01,3.063485740226587950e+01,2.959862783043766044e+00,3.358016724921077412e+01
4.713070730826070864e+00,1.248794583511686263e+00,1.146058046639999617e+01,8.988409652633800873e-01,5.067468748665162082e+01
6.174646481166755407e+00,4.939265401953102597e+00,1.107101042515198230e+01,1.867042025337530831e+00,2.724361558560907781e+01
6.635682587119524634e+00,5.251886251945991901e+00,8.423508004681846018e+00,1.068393227900907849e+00,4.941313160145443817e+01
1.953471964626529056e+00,4.221029175743386652e+00,1.437139030042800059e+01,6.258124822032602730e-02,7.707231952430632305e+01
9.128283587225705098e-01,1.698409477951816982e+01,1.704134082403352402e-01,4.768069499684740586e-01,1.080100666377018399e+02
3.638869603862373431e-02,1.852850065579422889e+01,3.765068318132588132e+00,3.375121326611593986e+01,4.363336425407333508e+01
4.768966400996451860e+00,6.617804610131682308e-01,1.771938999827025896e+01,1.212360842369216929e+00,4.780311619634515807e+01
4.576919118737134973e+00,1.437226647883410990e+01,6.911456805659305758e+00,1.508530409990922649e+01,2.342783783883839632e+01
8.692234219756582725e-01,1.721402878037701001e+01,2.974253600490113780e-01,9.153699355975327689e-01,1.080249115972241611e+02
2.616380289128801273e+00,1.825237498471979691e+01,7.028617576256626087e+00,3.144257640656128672e+01,2.333218702793914190e+01
9.679830858918038183e-01,1.959483355646544633e-01,3.103901294676697376e+01,4.919781188716875420e+01,3.616232897144685410e+01
3.543790292664319885e+00,1.070642270515081762e+01,1.249287505346799954e+01,2.142434289283091431e+01,2.015423328431032246e+01
1.157854285207903899e+00,2.916641418853210821e-01,3.292298718330792440e+01,2.819581550856794738e+00,5.135788950039938783e+01
2.224669351538234086e+00,1.007984241558584593e+01,4.814885131423298770e-01,3.247032101233665591e-01,1.155500862853798054e+02
3.249805019946751194e+00,1.109074299636058925e+01,2.218669320724963967e+01,2.765572246111808852e+01,1.874996239285560051e+01
1.821172509506337134e+00,6.447569971092982355e-01,2.745860524622858634e+01,1.302232252012377245e+01,4.915550968765216311e+01
4.712722006338557534e+00,2.662290973511693970e+00,5.501144359896905200e+00,2.254252309703961288e+00,3.646526870590636804e+01
3.873805130907383987e+00,3.816154801661614915e+00,1.004262097588635577e-01,4.402687188748920732e+01,5.421974898705198598e+01
2.251711275241595533e+00,6.581461298105797386e-01,1.572713055001719734e-02,3.825274029935707176e+01,5.502067195760638185e+01
1.167467800239635478e-01,1.001286514615385315e+00,1.227159570806058397e+01,5.891706350297026518e+01,4.838952015804373730e+01
5.935917407701373882e+00,5.156611182278495242e+00,1.427884280820030716e+00,1.919091561651520550e+01,2.641835242217953450e+01
1.997987751212433993e+00,1.041504960462118490e+00,8.895508588712724318e+00,6.844638259872182218e-01,1.042666589916705107e+02
5.583997395922868368e-02,3.619592938997297615e+00,6.037381845574128825e+00,3.513647792378119306e+01,8.580635488686678514e+01
2.715280199181564491e+00,2.107193829821871489e+01,5.092964243587150275e-01,1.729756830492534192e+01,2.591677360979993949e+01
3.123500026971811838e+00,3.954052416079933963e+00,2.278114964156769773e+01,1.613727082183176975e+01,2.044521332704830385e+01
8.535080577943590652e-02,9.066492325550353781e-01,1.228088065708611865e+01,7.592754994509301980e+01,4.695425719101188378e+01
4.281221616005378650e+00,2.551125787851749482e+00,8.659370200393002648e+00,2.863005204477932164e+00,4.826138471878994807e+01
1.502309886993090204e+00,7.255535166459258889e+00,8.268490751577372677e+00,2.126366036416147964e-01,1.367001513673949944e+02
4.779477617441031667e-02,2.081265558145682648e-01,6.176073001294799525e+00,3.987134761951666917e+01,1.023504004711139146e+02
2.542769253395327667e+00,2.163584860374678343e+00,6.406438018319124517e+00,5.818784519524267296e+01,2.840913306206050493e+01
9.576565977212230241e-01,1.121697307973372748e+00,1.248013994532912818e+01,5.889417280209681138e+01,2.809925550869979105e+01
1.510692699992696730e-01,6.041924116333441397e+00,3.093637950138339221e+01,9.611083472030085062e+00,2.619401705595501184e+01
5.242238016356146169e+00,4.954327113025509988e+00,1.108293281731377888e+01,1.273977495423723294e+00,2.740751044157305927e+01
6.519368534553898087e+00,2.311794141147661019e+00,5.705444434287791466e+00,1.667371881322496474e+00,2.761545697035189662e+01
3.107829197860466408e+00,5.549527242572438013e+00,8.647343242970951138e+00,7.981635816983025933e-01,2.889337621685349333e+01
2.839521344615396181e+00,3.132371360748435474e-01,8.070812013663630324e+00,2.386568112688184584e+01,4.032765326579864507e+01
1.341547414415008133e+00,1.115125027665219726e+01,8.268492693579210240e+00,1.646102084648692343e-01,1.355664297700512861e+02
3.115839908935961411e+00,4.324234981170743453e+00,2.398338104090161949e+01,1.670379424436085714e+01,1.888272484746049429e+01
5.938120142576863714e+00,4.786085559250646604e+00,4.920442880669523983e-02,1.800680069408916495e+01,2.796120830338843177e+01
2.765251922371547710e+00,4.521651462899779261e+00,6.692343841403864069e+00,7.510835501982253959e+01,2.494648565649514893e+01
2.200135398091023209e+00,3.961880498110384785e+00,1.172526800690406046e-01,8.003278389282568739e+00,5.130733297270765547e+01
2.138831107987682924e-03,3.505955865340718347e+00,1.837674676438901500e+01,8.456839214748718803e+01,4.071260255902503644e+01
2.591350605698447218e+00,6.745502638020248298e+00,2.067925788412631505e+01,4.497895228392123812e+01,1.813111307839338338e+01
4.202689756273784383e+00,8.759968679268526515e+00,1.398652539842613152e+01,1.959778607969436237e+01,1.899221776735191014e+01
2.891175722718578367e+00,5.848029687646097430e-02,3.417180512775456691e+01,1.559816649501335206e+01,7.935283989827527762e+01
6.592924535434511180e-01,6.121430085093735762e+00,1.590658657339020188e+01,4.665116610371146777e+00,2.859503906816347651e+01
2.581655209768292103e+00,6.745502638020248298e+00,1.261662790442908388e+01,2.749180656497450315e+01,1.995537528155108475e+01
2.023766914689639318e+00,6.829117045879324444e+00,4.732726279012807180e-01,3.390325032932213212e+00,7.062774533911607477e+01
1.285698001233601007e+00,8.201632330705123763e+00,1.011990766442844199e-02,3.853635017235958315e+01,3.049731608814791883e+01
1.340966313210960825e+00,1.369687823081115141e+00,1.901043534452723449e+01,1.355280503735867059e+00,5.590230335410738149e+01
5.393152739518429328e+00,6.419477151778638646e-01,5.817059206714304764e+00,2.086533639157385167e+01,3.680912898565615166e+01
3.115297187700123871e+00,4.574959950638797679e+00,2.393998588288892648e+01,1.613103290515548949e+01,2.406065288127428303e+01
4.383206194550201218e+00,4.278493116209298286e+00,1.727922468933911659e+01,4.118678996915763690e+01,1.821672757663388253e+01
1.214690842142250732e-01,9.903372791292535116e-01,1.401607032484208304e+01,6.729604527540584513e+01,4.849095529716518627e+01
9.061245144183498468e-01,1.699273901236294293e+01,1.564288264656509275e-01,4.767802537670343122e-01,8.425486887802647118e+01
9.933016154879467097e-01,1.331838125082174784e+01,9.798842069843539948e-02,4.033779864513491020e+01,4.420711417418644373e+01
1.663539926791429702e+00,6.745495438107197650e+00,2.068914594932673268e+01,2.975053151953606090e+01,2.418030642110383255e+01
1.582018171346004864e+00,1.745059975783516748e+01,1.527834278240656485e-01,4.760711036293298615e-01,8.367648812245718659e+01
2.616380289128801273e+00,1.787606389130636231e+01,7.027217044829634496e+00,3.143859752153693066e+01,2.348062819566590420e+01
2.178185521369405020e+00,4.364310710991212261e+00,1.302362380848976105e-03,2.323958423327811929e+01,5.514868007934442318e+01
7.617270239125206732e-01,8.995820494065007722e+00,4.488063336012545257e+00,6.393756219111049743e-01,7.980187125112348667e+01
5.505146938996178380e-03,6.545212568661210817e+00,1.728828801950752592e+01,6.672663116610897305e+01,5.225625667923587514e+01
7.024931102112335068e-01,3.609256846071795088e+00,2.209219924074221808e+01,9.053019523438820215e+00,4.900382313108431731e+01
3.384741732001437034e-03,6.272939581453497837e+00,2.150036809446829267e+01,7.658133748334648772e+01,5.231368062655288043e+01
2.891175722718578367e+00,7.429244262067916105e-02,3.439153384800467705e+01,4.940818937575304215e-01,2.621135999529462879e+01
1.344002189171784378e+00,1.368693146395634219e+00,2.094209272497718644e+01,1.138469562871614826e+00,5.530467484277630064e+01
5.466191479029843155e-03,6.630895467580583791e+00,1.738893536483431745e+01,3.813762969557961213e+01,5.410438219599424059e+01
3.298166738749988891e+00,4.679994284009502792e+00,2.012254051091424145e+01,7.016070232850027288e+00,2.539622114129435815e+01
1.136628419423216241e-01,3.387190492249448681e+00,1.227155430849662565e+01,4.628234396681067864e+01,4.891067770998236597e+01
2.553974545625363746e+00,2.951064793660517438e+00,2.067925788412631505e+01,4.248243255285260744e+01,2.417338517626536287e+01
1.934418052417377076e+00,6.199794708219426020e+00,4.383481494605982576e+00,6.755094021947378492e-03,5.556568574716490616e+01
2.503467099636936588e+00,4.304618116851186116e+00,1.727974457980278089e+01,2.565207510799280044e+01,2.414955977793495734e+01
1.208696036938468332e-02,1.009616363152369090e+01,1.239851916099712881e+01,8.155179964810912452e+01,4.065587291663649694e+01
2.507308838070017920e+00,7.123520253137335168e+00,6.681763719248266398e+00,7.843221547147356887e+01,2.211681560831577187e+01
5.071148522860108088e+00,7.167600888306369100e-02,2.251335178705668483e+01,1.611888739336156107e+01,2.641900490207491714e+01
1.569106405301609053e-01,9.279381106724715611e-01,1.235587933416627493e+01,5.523529017867697632e+01,4.815354460713692220e+01
4.710288832153630700e+00,5.072242342409840177e+00,9.409019051661914546e+00,1.016415334762407197e+00,4.331672571713687603e+01
4.301002025913559734e+00,4.453083131349510282e+00,3.169560832005789308e+01,1.897252932714845741e-01,2.592055290095516895e+01
1.393971842333171729e+00,9.863190997262946125e-01,2.741837366111830576e+01,7.903088046713917514e-01,5.189151066792145173e+01
2.103119896953260515e+00,8.601147906555819844e+00,1.301004069246367023e-03,2.324101505154033021e+01,5.700089707119755644e+01
2.736426837584041927e+00,1.430861784504424961e+01,7.028618843604863109e+00,3.131540988850768059e+01,2.471567320838790138e+01
1.421376589062855356e+00,1.428083963724693817e+00,1.728948154368817924e+01,9.967196382189186243e-01,5.342807233397206090e+01
9.281815469259062645e-01,1.627349643188354023e+01,7.225192295400941767e-01,6.851513659854538973e-01,9.801150630050943846e+01
9.076728086823864228e-01,1.694322032831057712e+01,2.809467563566493964e-01,4.285677562866815893e-01,8.472023339506246487e+01
8.423513491873642067e-01,3.761818511815761212e+00,1.072291811855489030e+01,1.621019220767975666e+00,5.341410737738566183e+01
1.709999019735599202e+00,4.365706880949475455e+00,4.705562175034427863e-01,2.325055287175990770e+01,5.507485633272288794e+01
2.258510237048397609e-02,1.003205220844802348e+01,1.311216426316615902e+01,3.822102170060302484e+01,5.830875668751990304e+01
3.682645274800292690e+00,1.161905195590221140e+01,7.149836013725503925e+00,1.235596917549815288e+01,2.621688016634237073e+01
2.322966576744799616e-01,2.431439963129860549e-01,4.125515098622595644e+01,3.887495070144599651e+01,7.628037466785477250e+01
7.668005816685629084e-01,8.885452755726138463e+00,1.827243551109370756e+01,1.181799263876864847e+00,7.834907234860446579e+01
1.079378549175052493e+00,4.817714311770860292e+00,1.090668564674029811e-01,3.355123969355308589e+01,5.695734117443747380e+01
8.755622699760707839e-01,1.682234198074471365e+01,7.074141003151793505e+00,1.289777923996703457e+01,2.598320649806491645e+01
3.636573335369076343e+00,5.526263599897769829e+00,4.593744834009942934e+00,7.831358825337252938e+01,2.577015808305139899e+01
1.472080866439168467e+00,3.119744269803559789e+00,7.548603365108615293e+00,8.672192900918309988e+01,2.683047066258950153e+01
5.604764852181466139e+00,5.117740004562817191e+00,1.132790328028600513e+01,1.024496344196814235e+00,4.138321761763197770e+01
2.111475830760483063e+00,7.597982674431774441e+00,5.627431299886508087e-02,2.324178491896580567e+01,5.699166126493172868e+01
8.308789816027315478e-01,2.448799013288266435e-01,4.041152435664082532e+01,5.927572749894876836e+01,6.193132922840530341e+01
1.542366626588036027e+00,3.788356574722833603e+00,3.653628422899608541e+00,1.961520630072917326e+00,6.340223933851726912e+01
7.112971197603992213e-01,9.212245610896147241e+00,1.622025463896275355e+01,4.295349141163780970e+00,5.310685035039789170e+01
7.469181429851365350e-02,2.581381058570686893e+00,1.132707234852177791e+01,7.633738367757068488e+01,2.627719014062228808e+01
1.004854329238308086e+00,4.692964918832267962e+00,1.208809359510844139e+01,7.406195329213483092e+01,2.205124266883312600e+01
5.118783261869699786e+00,4.257395565914296576e+00,1.621460235327727162e+01,1.218184617931512559e+00,2.879576255290026765e+01
2.444491317429558774e-01,1.315073104548686800e+01,6.625731406890604802e-01,3.910644938977640539e+00,7.030537065094816285e+01
6.573771881519076210e+00,2.316542508833303593e+00,1.105194047547676917e+01,7.657515955131197760e-01,2.511706268724139335e+01
6.575276673696666130e+00,4.080755689413801512e+00,9.706598346468918947e+00,8.568190855415263485e+00,2.468395107485808992e+01
3.295096347286693650e+00,3.905839083327134476e-01,2.939197616564199933e+01,1.840296399482954870e+00,5.381312438427361400e+01
3.756196557299618988e+00,1.002572006629514734e+00,9.080568790371625454e+00,2.026411690269877663e+00,5.368324396754463379e+01
2.235528674177335695e+00,4.484705868105093529e+00,2.864182760007280493e+01,4.233953993510051195e-01,2.652040314557558887e+01
1.530542789598847708e-01,3.648566589636669910e+00,3.354242131400484994e-01,3.756529333839038287e+01,1.159902021076528627e+02
6.621341396867052254e+00,7.567842327653673262e-01,1.338485589329878778e+01,1.054987468043094623e+00,4.018549262996064186e+01
9.171461452454358898e-02,2.719190899383021609e+00,3.235953201779716437e+01,4.728205223127550028e+01,2.688773218781648211e+01
2.098103282543353654e+00,6.693333884049721405e-01,5.094334811958628251e+00,2.582894943163904333e+00,6.749730976021611184e+01
1.794252146747583154e+00,9.749907895373532085e+00,9.930816498828567873e+00,5.035088332113041298e-02,4.739134628848275099e+01
2.899636962035654797e+00,4.145195424779318571e+00,9.801727793163930613e+00,2.027240345327557147e+00,5.438108588505465946e+01
1.439976793736941652e+00,2.458509329360392570e+00,3.176586643939385723e+00,4.637103821479346522e+00,1.078611335891596070e+02
1.540379838526872547e+00,3.119744269803559789e+00,7.548603365108615293e+00,8.672192900918309988e+01,2.679801807121821966e+01
4.689754041962086895e+00,4.902639340077990404e+00,1.065512297292087673e+01,1.020116536323186107e+00,4.170419751484525506e+01
2.017326691320962873e+00,9.882151532985542275e+00,7.386777082173910713e+00,6.275572371555782070e+01,2.218063840152274580e+01
9.314597829718713751e-01,7.731662383877413447e+00,1.726249419255574624e+00,4.757906803773047644e-01,1.264735658774202562e+02
1.531182870230886062e+00,1.391419706366389164e+01,4.447062980288091438e+00,3.290055101249046016e-02,7.510548358497621280e+01
3.566163413198039756e+00,4.350180285474777864e-02,2.756078017431550364e+01,1.635980731950134981e+01,7.715868556120808819e+01
3.243852499546252648e-03,1.322439746071810340e+01,1.327768279449614397e+01,7.208794999215709254e+01,2.586395784072086457e+01
1.079880034553397206e+00,2.028963551032611168e+00,2.868246893736045688e+00,1.612647290486133400e+01,7.924651978288083853e+01
2.003958373583423658e+00,6.793177884695470681e+00,1.217369544033629225e+01,4.167542583598952177e+01,1.947564138544301926e+01
2.502034848846105275e-01,9.535443190724500084e+00,1.015252140866903474e+01,3.893878802520034377e+00,4.238036486053236729e+01
1.055987629617384016e+00,7.357574992993621166e+00,2.488704420125011296e+01,2.191343681872428284e-01,6.219082458443210726e+01
1.414700385756529899e+00,5.043369243462718643e-01,3.460141008391352813e+01,4.430088644782362906e+01,2.812677247296916860e+01
5.597856556311893605e+00,5.329132334451934128e+00,1.116824684418614488e+01,9.457679833052622387e-01,4.403606488486171600e+01
6.592014014958516910e+00,7.622447340405116289e-01,1.640272852000086701e+01,1.101620872737162138e+00,2.614262628531048804e+01
1.979110498712550736e+00,6.664581503574217969e+00,2.264575722024427762e+01,4.547082258927673593e+01,1.792505525894226537e+01
1.607870283526979249e-01,5.179408079146284871e-01,4.508793509199671945e+01,3.848840922491424266e+01,2.719929360054078415e+01
5.954200088728597295e-01,4.235871206172571846e+00,3.171506883450592174e-01,2.424251984438999230e+01,1.001144405952044281e+02
6.757688359133280365e-01,4.818422110639762890e-01,2.165844612532715630e+01,6.515615820782142009e+01,2.696590274529373232e+01
8.248300601690905509e-01,4.542511583711219103e+00,7.560424497670329202e+00,8.611112644570667385e+01,2.744368810176517925e+01
5.703369405120732871e+00,7.428179001212633636e-01,1.306668656350977287e+01,1.498788569547824689e+00,3.953966655304273559e+01
2.125096978377798429e+00,1.186871401835095341e+01,1.123757517565434662e-02,3.581979466068294471e+01,2.856531044415986642e+01
5.696784237322186861e+00,7.354161100201284107e+00,8.014535341858808337e+00,2.247004453987420192e+01,2.222337007994060798e+01
1.439976793736941652e+00,2.638446115827910443e-01,3.177279346325258658e+00,4.617418977633562349e+00,1.052804809053571660e+02
1.745200788286489946e+00,7.199220538873660757e+00,4.451456782911552779e+00,6.762973680962165376e-03,7.340814982341051120e+01
3.104664511443128716e-01,5.260864326849966632e-01,2.757852168451898933e+01,1.551923043423319726e+01,4.832402349131609043e+01
3.811160952839742766e+00,4.646920368140969870e+00,1.252161709067451056e+01,1.169472491604200304e+00,4.014215482610815400e+01
1.953386229954327646e+00,3.179992021016076365e+00,2.267801176825149057e+01,4.160333212267233449e+01,2.453107119162406491e+01
2.815357517494342154e+00,6.745133269328541792e-02,1.706201761141016249e+01,5.000737920559140903e+00,7.847779781491907158e+01
2.396157615942283936e+00,6.634597964124555602e+00,3.176589937205198666e+00,2.133870788724148149e+00,5.023637885563199745e+01
1.833841383186906038e-01,1.618061891478043890e+01,1.698434535210277829e+01,7.506924777385980407e-01,4.682366650229458571e+01
9.907214551337306663e-01,1.018039668491642757e+01,1.523564345007334886e+01,4.479285917278524876e-02,4.499443042746628407e+01
2.081511449912913925e+00,3.629926414152238934e+00,3.176335552871142998e+00,6.659062777801082467e-01,1.083920033473804381e+02
8.633003496667412957e-01,1.185299001992287060e+01,6.986149652644485286e+00,4.741712198956413160e-01,9.564903071161440096e+01
3.698176976909499647e+00,1.368637997615350876e+01,1.806161223138383898e+00,4.066051551771438000e+01,2.436554473969038881e+01
1.474209420334094522e+00,4.571181447783821405e-01,4.419795665762494252e+01,4.415487546796092033e+01,2.666316105378440326e+01
2.439662871667603317e-01,9.295565100819295878e+00,1.151659665563127355e+01,4.557165221497174734e+00,4.217431543467225197e+01
5.610900224133984260e+00,1.104149692519670989e+00,1.017836840211740146e+01,8.458762856708907929e-01,5.018588804960815963e+01
2.483426418042096628e+00,7.295373812255720125e+00,3.530766221850213382e-01,1.421910852346007115e+00,1.268767578759688348e+02
2.081593734965908382e+00,6.658956589395852887e+00,1.838151678572150516e+01,6.206822481308404349e+01,2.013740037679345818e+01
3.950551625074737672e+00,7.886878836693607120e-01,1.337418146466085034e+01,2.367795785408324694e+00,4.102100373971822478e+01
1.749571391370431162e+00,1.535467665652154601e+01,1.300292148074571469e-03,2.351957471666362665e+01,5.572557520624381056e+01
2.782780861129897421e+00,1.368950106691266910e+01,1.631985638241627568e+00,4.080353260148885397e+01,2.469267732252545144e+01
3.845959288444482205e+00,8.096743851762543187e+00,7.655925121602030536e+00,2.532065107474621612e+01,2.463894693675804248e+01
4.324292443485433068e+00,4.638141126066363640e+00,2.023762398446035782e+00,5.013773310683265372e+00,3.531962803914200322e+01
5.032841410875786570e-02,4.650219983389755285e+00,2.159868375749199743e+01,7.924011721794498442e+01,2.524955348858508231e+01
4.705401049855633566e+00,5.298931047178971898e-01,1.741559827920070802e+01,3.152248684258129874e+00,5.037971287665678233e+01
3.833891847084526017e+00,5.550533768050646133e-01,2.377114872838190252e+01,2.348653160966136078e+00,5.035106221619483335e+01
2.953617900379565397e-02,6.778170161495403745e-01,2.413525941540497755e+01,4.457464186691617414e+01,4.012708601641578809e+01
1.826314670864177980e+00,7.085517170243269547e+00,4.407854642747992990e+00,5.459739655959653520e-02,4.412677558833144076e+01
2.680857676343426199e+00,3.777994623619836734e+00,1.020282527741315981e+01,9.468594632850439730e-02,7.119022950893784696e+01
2.048813974540753868e+00,1.526617190783899858e+01,3.950480819402676147e+00,1.511337635756638242e+01,2.566197356667509766e+01
1.502453598826986259e+00,3.120059527784822428e+00,7.558128227731908844e+00,8.569473647879257783e+01,2.647474387905498006e+01
1.600037573286893000e+00,7.732655249334102088e+00,3.667472207827940922e-01,3.379120344523782737e-01,8.669961985940054205e+01
3.061542456194389583e+00,5.711928089416791199e-01,1.741528784431911703e+01,2.917515267339012563e+00,5.038078400894439568e+01
7.604437634643779198e-01,9.514969149760331035e+00,6.157563522836998260e+00,1.516623730446474028e+01,4.238039218557049992e+01
2.536499979734908816e+00,4.017850917528547505e+00,2.093031147903086017e-03,1.990634619857362964e+01,8.592920731706712445e+01
4.724546821720095657e+00,7.633481121629569488e-01,1.156291234491112618e+01,1.081542477983105321e+00,4.066668519186166719e+01
4.539822970780324596e+00,9.731063883896272415e+00,9.959840994278234660e+00,9.161290126435078562e+00,2.520426058581561790e+01
6.125380411794782987e-01,1.497863050258967377e+01,7.561656866158836365e+00,1.594327998157781323e+01,2.618193492930718591e+01
6.316727407526339100e-01,1.497789920123025365e+00,9.261600748983683573e+00,7.320020294303924402e+01,2.672974511301713818e+01
5.878940375187324818e-01,7.817046921856125152e+00,7.309313836821109689e+00,1.603967263585081326e+01,2.952669864393051213e+01
1.011327929454908098e-01,2.018038800015760614e+01,1.493346495735941559e+01,5.148435076900407026e+00,2.688095119520856358e+01
2.045311170979956239e-01,1.141502051254717998e+01,1.285582180966551569e+01,7.541971852949459487e-01,7.690495092893611684e+01
2.361603391567732579e+00,7.879037249096169759e+00,1.527791779470868638e+00,9.023654788307352570e-01,5.593657775082553485e+01
2.773705235055790030e+00,3.755490741045605763e+00,1.247392562309441111e+01,5.326819932053958873e-01,5.335094519489612708e+01
1.063072471948806053e+00,7.271949249686626260e+00,1.315239563272218959e+01,3.463312231688285558e-02,8.891523818098613674e+01
3.477564344724586309e+00,1.415322532491181562e+01,3.644340595296354790e-01,1.425974929858710549e+00,7.994379095116215694e+01
2.324649519176265500e+00,1.371248849887281906e+01,7.518144021638734742e+00,4.337013834695531500e+01,2.437647517491718574e+01
1.056697823371776757e+00,2.754449307777771805e-02,3.607215580065039973e+01,1.892945287695551215e+01,8.233998001955956170e+01
3.518519609844539708e+00,2.126717415419385748e-01,2.311328482209173529e+01,1.690726467184386461e+00,5.623124723665044655e+01
1.488854153003709435e-01,1.514074326191937558e+01,3.149632215265962820e+00,1.430251449327265112e+00,9.803569258472501247e+01
3.631123839558845212e+00,3.787870381961058186e+00,3.956377695509133652e+00,2.070149301053420032e+01,3.563014430800383536e+01
2.702975751904076240e+00,3.863968086027032456e+00,1.892653810942524828e+01,4.710141633621555002e+01,2.068015903893584095e+01
5.596778247570952658e-01,1.833802764252947881e+01,1.164465323699233057e-01,2.141406992206943016e+01,2.554721477939615326e+01
3.274631140420684039e-01,5.705316948326788484e-01,2.799460832113579656e+01,1.510942997888342454e+01,2.536238258399338719e+01
6.448765909595880474e-01,4.690456972947984582e+00,9.264311436942657352e+00,5.212184096992920956e+01,2.673724144409084502e+01
1.042428175062701579e+00,3.244163582713845528e+00,3.642723228024191240e+00,2.814989965007888628e+01,3.522164797362644606e+01
1.740099673512057521e+00,1.100107036558754992e+01,1.486153391923328987e-02,2.389885496227125472e+01,4.297824480356268140e+01
2.778630009095831577e-01,9.149235021979219340e+00,4.579237377877113935e-01,3.747431658891971296e+01,2.592377244442046091e+01
1.271967641375600699e+00,1.517536505217323928e+01,3.912157814772030395e-01,2.130795057674673387e+01,2.825554290219076847e+01
9.485585747477141005e-01,1.284914105884419833e+01,4.580333140773145129e-01,3.152170660820286585e+01,4.188774013211030933e+01
2.773981969302665718e-01,1.413263412934030683e+01,4.436137422633675831e-01,2.164892289512260248e+01,4.220410463219222663e+01
3.733273972938838892e+00,1.355365606434581771e+01,3.459832394787818455e-01,5.129761189981811498e+01,2.439442815712608592e+01
1.074063227036654133e+00,5.060872037081328711e-01,3.253219440710188337e+01,1.553112249934344646e+01,2.542767281808427526e+01
2.660266496826243721e+00,8.063576776704946880e+00,5.529638855631218153e-01,1.985962507257641008e+01,4.418682220081429080e+01
4.031552919248497346e+00,1.227408926302312153e+01,5.273330433177787768e-02,1.146237352976520540e+01,2.831976725914702797e+01
1.490150092763441680e+00,6.739091199467519999e+00,2.081061297773776175e+01,4.585248473419285631e+01,2.415260273334027019e+01
2.339216288264304167e-01,3.057560580492215685e-01,2.928105866597775275e+01,1.556578141795538350e+01,7.535203824311892618e+01
2.098785281567120964e-01,6.208402636861436008e+00,4.578926431197863911e-01,3.842887938583558594e+01,4.140629366808379785e+01
8.690086993932059078e-01,4.240865517500440163e+00,1.395539878530327904e+01,1.275221942248682350e+00,7.685461512105732140e+01
1.759837812168847382e+00,1.534003383274450982e+01,2.162416429669377846e-02,1.955599256313249157e+01,5.578320653785041827e+01
4.551490139704828408e+00,1.890303266021233997e+00,4.934356307384311080e+00,3.563615258319100576e+01,3.635436584547952776e+01
5.091559877102930898e+00,1.173284342594139851e+01,9.396094203253028354e+00,7.981656454218122754e+00,2.538237836361185273e+01
9.691321076471913487e-02,6.213177841831949877e+00,2.467143943630923375e-01,3.797897907273758733e+01,4.151192179828076689e+01
3.554430747935141355e+00,1.142547273684158399e-01,3.028019790042028703e+01,4.848698220278104820e+00,4.868087443708978412e+01
2.441927609917255104e+00,2.957229383779881246e-02,2.409887561632366726e+01,2.951229359766993809e+01,7.998824906005823721e+01
8.988530901829591135e-01,4.427088317792495231e-01,3.496788593988391369e+01,2.687858031629338029e+01,5.169646870944136197e+01
1.250475149293106325e+00,1.218218111271727366e+01,1.710217998060832301e-01,2.145754967064368302e+01,5.574718102033183698e+01
1.864142790444178299e+00,5.444319690636985065e-01,1.243151406089745947e+01,1.515066791157278026e+01,2.536589720448564833e+01
3.775499044398863191e+00,6.722908534909723954e+00,4.394370264932939918e+00,1.450677916141860102e+01,2.492778957963644615e+01
1.727605369827305726e+00,6.547812216758005732e+00,1.681549795113884027e+00,2.533756998146771133e-01,1.161389532195411789e+02
4.735136075636297903e+00,4.309219405265747760e+00,6.000936959159665740e+00,1.190484374829797787e+01,2.739637235657277969e+01
1.467741014255497412e+00,9.449471516732190324e+00,1.015136272765579106e-01,2.483316961840524328e+01,2.564226573914082508e+01
1.791167094022254602e+00,1.312141594746761442e+01,7.141652801234223524e+00,7.691040692144161639e+00,2.529740601060356653e+01
1.932498935397095607e+00,6.876975272829397023e-02,3.008815915847834077e+01,4.359646086546582033e+00,4.875222490411900367e+01
1.922754103819314109e+00,6.213785968128628934e-01,2.818102178581465367e+01,1.559919811393318767e+01,2.529199971712253969e+01
1.641907486544754935e+00,3.762663010054313473e-01,1.302757584316035810e+01,7.608154808359898880e+00,4.923917986978943873e+01
2.710883440155582580e+00,2.678160612007614461e+00,1.138789864441673139e+01,1.037285393573583292e+00,7.757499920212222833e+01
4.895589674865585827e+00,3.409464294755053526e+00,1.388414851529082839e+01,8.470995150187439204e-01,4.430589915160008729e+01
8.979728209900378344e-01,1.158811332218053280e+01,1.395066448927465963e+01,9.337690043354335279e-02,5.537294499008076087e+01
2.686645651260986423e+00,2.003105378825233096e+00,5.016011846681190711e+00,3.658141324020590446e+01,3.676346626034161602e+01
9.698696453814701357e-01,3.129121816811289980e-01,2.950828995259784904e+01,1.682416120304560669e+00,7.012321847060410107e+01
5.155617671506822042e+00,5.822183346795699599e+00,1.173994686249408836e+01,5.045570707621708229e-01,3.635604564171283215e+01
2.006871248552480225e+00,1.039391174831029296e+01,1.123805506902541662e+00,4.900176568532736354e+01,2.472505246704279358e+01
2.476875935291394659e-01,4.145493598242847355e+00,1.283202195178688498e+01,2.842697562445645332e+01,2.514077317831195657e+01
3.375929500974878650e+00,9.331592090435023579e+00,1.643536909764135856e-01,5.393938973445192175e+01,2.680147815061975436e+01
1.006680690421738245e+00,1.269872084647962573e+01,1.191081196004787301e+01,4.184294553283132245e+01,2.424511736825840202e+01
8.543233312167606286e-01,1.951835673622571932e+01,1.437515654242396224e+01,5.153493039182355240e+00,2.692119681487637806e+01
1.884464507230039443e+00,4.172553540656624094e+00,1.736565428277461010e+01,9.775096659118029940e-01,2.606851297144597623e+01
5.597095273933123671e-01,1.831540469310735375e+01,2.825230379442099427e+00,2.844610536377764731e+01,2.630202374830249212e+01
5.577123357019819760e-01,1.795604587778589334e+01,2.067923339144190076e-01,3.517146410974461901e+01,2.598488134826922291e+01
1.280201621259077216e+00,1.241364933506218726e+01,1.713357965866798005e-01,1.891007815391870039e+01,5.576731303995896383e+01
1.412956005452676189e+00,1.919819940788509927e+00,2.025216166506423221e+00,4.368192894937144644e+01,3.698367958298561575e+01
1.725444618063904700e+00,4.563447632748969696e+00,1.076164489080565190e+01,1.518405699539030707e+00,5.680554143181050364e+01
1.575709564961293108e+00,5.227994451178315849e+00,8.948598178322960450e+00,5.233970961100524733e-01,9.237580019345757876e+01
1.320778215358335839e+00,1.551851526118392499e+01,2.651025572178788720e-03,1.194940854640499595e+01,5.625819540957799347e+01
1.826530147712771779e+00,5.261990624897350255e-01,1.282751232635335192e+01,3.647184661230257063e+01,2.781779749586299744e+01
1.300498789431030477e+00,1.414736960196175097e+01,8.878856577432751251e+00,3.853034873842869357e-01,4.426448697503904839e+01
1.453306946806274702e+00,6.912018991171951399e+00,1.234698942614183537e+01,1.495115864755996782e+01,2.600115616518766259e+01
5.690576430654192830e-01,1.384265510081329964e+01,1.044883312319344526e+01,1.705479401260465977e+01,2.483522598349890842e+01
5.133660703730257957e+00,9.743536577328269388e+00,6.586065152020461611e-01,6.355442328075573410e-01,3.488477033083921697e+01
7.490484011732764791e-02,5.764250431081450188e+00,2.948134669867938928e-01,2.644214233767632205e+00,1.126909474709419499e+02
1.061464975045573578e+00,9.945095668475566697e+00,7.546758507927570747e+00,4.937721696672932126e+01,2.208665885142779572e+01
6.470675694069247808e-01,2.297771419712970342e+01,7.290426373080587830e+00,6.693537586031998998e-01,2.907153693563327224e+01
2.169949046413794491e+00,7.315134600691648004e+00,9.941717528548645433e+00,1.559671303077535320e+01,2.441249984621163804e+01
1.728850618669947603e-01,3.778158050954134151e+00,1.965981161765760277e+01,4.851552640572816699e+01,2.536411762992582553e+01
3.012530162443744164e+00,8.363819745495493230e-01,1.305712155338908609e+01,5.010251190790010689e+00,4.099530133629133388e+01
2.339711501863748211e+00,1.953252892496427195e+00,2.109243243383073896e+00,4.002870177399582019e+01,3.698286588088721771e+01
5.861135714402163632e-01,1.375295774044136721e+01,2.067923339144190076e-01,2.080758638435731811e+01,7.888020383568073157e+01
1.736668849014826765e+00,7.623833313455564920e+00,2.742510596722214644e-01,2.279794791145068089e+01,4.778745272618593276e+01
3.825469356036738766e+00,9.117190447991789792e-01,4.495768615821242875e+00,7.189911456424425751e+01,2.588963235751399239e+01
3.885934611091558022e+00,7.823050697380739216e+00,2.224027773913678629e+01,1.173043363840543252e-01,2.610928995420157861e+01
1.929952762970213453e-01,1.111819401848361588e+00,2.320471280138023218e+01,3.257120972517842716e+01,2.517457040538695878e+01
3.194153373893819925e+00,7.828055564225445906e+00,1.851741160796233387e+01,1.562514604261263074e+01,2.357882717286866026e+01
6.181292002824521070e-01,1.437942468183740719e+00,4.193117360304869923e-01,6.110867664747283357e+01,8.382063030195190834e+01
2.532519750800876324e+00,3.894678614980723985e+00,4.844329955861540471e-01,5.772450880510385218e+01,2.593591247374547137e+01
1.669641640086216156e-03,6.803014506864415445e+00,2.618538549636707202e+01,6.557869825872461433e+01,2.592362548547247059e+01
1.608518911232322601e+00,4.763230638848018117e+00,1.969757798312664621e-01,6.174316370012456190e+01,5.460860241539967319e+01
1.473988609574598208e+00,1.721258950627927442e-01,4.033815931296717139e+01,2.210101557109148018e+01,4.719908337937572185e+01
1.351885801788125674e+00,1.185924667624857243e+01,1.125476027770534737e-01,2.288928896959943771e+01,5.601832952015780620e+01
3.274631140420684039e-01,8.557314535329058058e-01,2.799460832113579656e+01,1.513861609204279368e+01,2.535128970281292027e+01
2.863444281297993221e+00,1.967413651632922011e+01,8.315353764187539909e+00,3.457793136115606103e+01,2.034755693972029178e+01
7.331574328440383370e-01,1.212548213048481394e+01,1.072703890065212010e-02,6.662159111534595013e+01,2.890626637899673312e+01
5.714608538034026353e+00,3.325460324986173166e+00,5.249223401902829877e+00,1.231441241948416421e+00,5.332921492502386940e+01
5.566122766644711284e+00,3.337253137381090973e+00,1.390564987638489569e+01,1.416971518051820977e+00,2.625967994717116127e+01
3.407009678987559020e+00,1.295790822322578251e+01,5.906135619158441763e+00,6.172503058734272940e+01,2.440686135981619742e+01
5.298201723883430247e+00,4.193722895331231104e-01,1.280150481284977282e+01,1.088390386669913612e+00,4.790893377692476918e+01
3.925064500271899348e+00,3.956472445701934681e+00,1.174317108878814153e+01,1.224321491837182085e+00,3.509731149524192517e+01
1.500144812066622979e+00,2.078846586598089852e-01,3.053642496399443829e+01,6.923339809374540188e+00,5.436941913611694588e+01
1.846627298273342266e+00,1.109756161866937774e+01,1.336799942162308419e+01,5.902690164799729786e-03,4.681143506857316083e+01
1.846627298273342266e+00,1.054166669280915514e+01,1.420280906159445067e+01,5.902690164799729786e-03,4.681143506857316083e+01
6.360165458837940378e+00,3.200479439152273287e+00,8.233200577331967196e+00,1.239069103434338404e+00,2.679941714667765496e+01
2.191770284846143169e-01,6.821784632335153864e-01,1.315679341383785861e+01,5.143085503713079021e+01,5.392400568249249204e+01
1.058080531906960386e+00,5.604456127933465481e+00,2.949122345653479305e-01,3.381980546294029999e+00,1.089484389374609918e+02
4.950158658521697674e+00,3.295716890132760035e+00,3.768114666380748989e+00,2.483221556312115297e+01,2.728617033818598614e+01
2.765419313982799276e-01,9.610497250764368005e+00,3.385040973095380767e+00,2.779037656235738396e+01,2.558130659459986234e+01
6.476502888037373395e+00,3.257673893701038548e+00,2.313562991020390314e+00,1.718309184636992670e+00,5.534205817997244026e+01
5.155590137930309069e+00,8.318901435208623241e+00,4.485881347096684735e+00,5.771546074958268946e+01,2.444416925174057198e+01
2.587551445642020997e+00,2.986971401617867450e+00,6.010140066076252729e-01,5.322602938117972471e+00,7.737517693219695047e+01
3.757365271565371589e+00,1.529412486355924194e+01,8.028942442515694111e+00,3.369959984535446296e+01,2.066193332288494133e+01
2.752274651886213341e+00,5.154617004360011023e+00,3.407628658748587114e-01,1.322598850639858714e+00,1.212006314350275460e+02
5.853139483043400260e-01,1.189187273165329017e+01,3.602834143162650804e+01,2.010372954485871944e+00,2.927034778438688889e+01
3.257234895164457189e+00,5.161522866427199929e+00,3.314139111288007533e-01,1.183379991625895578e+00,1.245687641248598112e+02
1.221239190078542869e+00,1.534149345095108252e+01,1.075728262861885137e-01,2.196986001172127345e+01,5.608554821741296337e+01
1.843956248738597647e+00,6.432648504472702200e-01,3.192269862550982040e+01,1.401695988667262416e+00,7.142798121497528996e+01
1.628501711298022681e+00,3.166054583204974904e+00,6.638711664679928681e+00,3.984281667954461170e+01,2.555339418190336076e+01
5.799658371467126372e+00,6.022095471274623968e+00,2.287892074640901718e+00,2.070583163928318626e+01,2.694167825213581224e+01
3.705289643871616523e+00,1.972064214151541250e+01,8.047662310289418031e+00,1.613591538827581218e+01,2.022376114304377381e+01
1.008833552585393978e+00,4.749284623161293517e+00,1.688455463732116413e-01,8.033068911625706221e+01,8.194884385489631029e+01
1.430507418094126182e+00,1.626168514975417523e+01,4.875925255520288659e-01,8.168606037090599958e-01,1.060927660260963137e+02
3.953541829095266635e+00,7.931228186425337556e-01,4.094205616825851157e-01,1.181789051351982245e+01,9.972554314006546861e+01
5.155712472105686395e+00,8.313529158125120944e+00,4.872580497721616055e+00,5.818080926351465365e+01,2.438408818631064179e+01
3.406887515693920676e+00,1.296869296797738080e+01,5.906135619158441763e+00,6.133660192049008231e+01,2.446609432285698205e+01
3.479954249968581159e+00,1.273716976456247352e+01,1.702129512567764991e+01,4.707825946814393703e+00,2.490839107642966255e+01
1.817828029893259645e+00,1.520307577043264402e+01,2.244974931511234928e+01,6.774738899517102932e-03,4.337675248434459974e+01
4.940358957691239006e+00,1.190524739608809490e+01,9.738665591855234283e+00,9.742161645065707809e-01,2.583151118174318128e+01
2.381012888449015374e+00,5.197609513485061949e-01,1.565060579674082408e-01,6.581449757327344230e+01,8.202340885324016995e+01
1.021266212640728588e+00,1.651485348769664085e+01,5.655515630008311340e-02,1.923825591998993190e+01,5.579364301224617861e+01
2.668694116688630658e+00,3.058105789387916218e+00,3.236255761216649773e+01,6.656519280414056050e-01,7.342030619881626308e+01
4.182196942562840469e+00,5.012648314924639692e+00,1.890001825899726384e+01,8.530003340062721762e-01,2.591033602644488454e+01
2.228487770252570999e-01,3.564093622622749091e+00,5.043009620153259043e+00,7.251067593052552240e+01,5.746767408027633195e+01
5.714965018494204685e+00,1.343645074859542987e+00,1.687815652664075117e+01,9.301169572940199970e-01,2.603116155595403924e+01
1.522563438870673913e+00,6.937881877876169057e+00,4.442717175274291108e+00,1.585988881144018237e+01,4.757242312998305067e+01
4.502539550334391905e+00,2.945609525353873437e+00,5.069271730853231794e+00,1.896928565883866602e+00,3.492461553090227255e+01
5.922337250579579937e+00,8.310142224314823522e+00,4.830835623656214217e+00,3.826503044201324144e+01,2.434541164803052027e+01
5.349194410453042892e+00,3.404131490060864795e+00,2.366595409739956857e+00,2.412277643924857173e+01,2.736225971975867566e+01
3.757825545010671675e+00,1.510905124236711572e+01,8.027840365334615313e+00,3.374466382634614803e+01,2.060635017536082714e+01
1.387988565185534814e-03,1.854096569669602701e+01,3.500677395119097213e+01,8.403927725175275043e+01,2.478890188650459336e+01
6.145588684327015550e+00,5.700161353880528026e+00,7.768860021855780396e+00,5.315586279727034791e-01,4.389866384117669895e+01
8.776836612232232770e-01,9.340805056967656839e+00,1.859530470671239399e+01,3.438160027339820513e-01,1.004858663370086020e+02
3.098072448493642272e-01,6.061468557479004815e+00,3.372069820317939559e+00,6.100632408558636399e+01,4.962649309383279217e+01
4.881302268364127173e+00,8.009936378898265374e+00,4.853849010277244247e+00,3.722693736042545254e+01,2.447735124724339428e+01
1.734815709041438447e+00,1.571486909649146568e+01,9.014076957657837785e-03,3.962649703316343164e+01,2.896472025731871014e+01
1.827737526827710290e+00,1.105947887498131266e+01,1.510798108862620381e+01,1.090288707574621763e-01,2.969614165731653799e+01
1.629993990517165092e-01,1.715469446991489377e+01,7.704387741344971730e+00,6.603532275357526515e-01,2.694445909272414852e+01
4.701745422759953108e+00,1.339089623724075029e+00,2.565870311721713293e+01,6.046857895628792168e-01,3.598738402838723971e+01
3.717747547054745194e+00,2.065200846371896404e+01,8.153172706024696126e+00,5.745169823069748816e+01,1.716457377290031872e+01
6.788468031112224743e-01,1.565010291140356635e+01,1.895788155815433029e+01,1.752239983572480009e-01,2.875977752726127434e+01
2.767300381110858076e+00,4.915207290179495203e-01,1.046823594906117805e+01,1.322650440921702808e+00,9.862971724441717924e+01
6.606454088756321674e-01,1.321480737725650911e+01,2.944002445404405588e+00,1.662504351712534145e+01,2.597314429307373018e+01
1.314320174506427869e-03,1.045448647025389910e+01,8.730418865360299208e+00,8.806283879528041325e+01,4.049489147304760905e+01
3.621414195930500401e+00,2.064271196525059793e+01,8.112103171053776762e+00,3.847914652417660619e+01,1.882672542796753490e+01
1.819574783676224605e+00,5.752880740620405220e+00,5.511586633301774896e-01,1.442034123281333180e+01,7.277283755701287760e+01
7.579608857056177595e-03,1.007867361450096411e+01,7.772073865167060447e+00,4.787856498790204540e+01,5.162445132570461226e+01
5.457813554095143793e+00,8.346305820554409394e+00,4.298890571252662163e+00,2.653955759391516978e+01,2.520436121209759861e+01
2.176567040318584390e+00,8.316083282713268687e+00,4.821141200156588980e+00,2.551856606225233293e+01,2.530587433853519741e+01
1.745798264440602487e+00,4.285844788690321150e-02,2.533993919032297271e+01,2.059742311639621448e+01,1.072557825645516942e+02
6.126244997007637139e+00,5.927247922588506635e-01,8.061155758028501594e+00,2.141856192063126052e+00,5.656905722166058581e+01
1.430395625466761300e-01,1.109756688582482909e+01,1.578234265248996060e+01,6.926830542596994385e-03,7.416357127331141896e+01
6.463016157727830446e+00,2.992943911699891046e+00,1.090401010240501023e+01,1.095535283890020750e+00,3.729343536532193326e+01
5.861005913926832456e+00,4.004935484882413022e+00,1.108682037273610810e+01,3.593106945280052855e+01,2.442225450783181273e+01
1.060026786822704015e+00,1.666397832793795075e+01,4.396633181431064408e-01,1.250183657944860860e+00,1.037307883044033758e+02
1.825234720800082755e+00,7.066702703127065277e+00,2.422944569277361282e+01,5.730478134314476862e-03,4.968730036796283400e+01
4.504180684631444720e+00,7.792617214949393301e-01,1.604998014305436627e+01,9.609465786254803854e-01,3.401146205595219385e+01
2.266574232603595807e+00,1.748943344206244888e+01,4.373957958997382045e-01,7.378545093366224439e-01,7.182676793223919276e+01
1.384926347616372455e+00,4.105288675858923320e+00,1.957968039498535973e+01,1.425544601825116331e+00,5.244377970062128469e+01
1.040332890110499786e+00,1.917408120912132574e+01,7.040839071959902995e+00,4.301729789259320369e-01,5.156844045114011976e+01
4.116221100817875289e+00,1.510729775193742164e+01,6.463857574922186267e+00,1.582873535069218640e+01,2.275899403236743979e+01
5.795462054639362037e+00,4.025893991017635898e+00,1.352999518608789309e+01,3.597198234396125116e+01,2.371529705116677533e+01
1.235706232494357071e+00,7.010077409834085671e+00,1.410120092988532275e-02,1.938397505842701207e+01,5.868842533776644643e+01
2.944203298025629856e+00,3.168947358396958514e+00,2.192068384681705595e+01,2.148838302874266759e+01,2.453852336232474940e+01
5.528301878405542880e+00,1.232286271930475685e+01,8.412633974957309135e+00,1.206018007303265804e+00,2.555457788095932514e+01
2.861419747774795238e-03,1.440540309488521764e+01,2.684008652902533854e+01,7.955191381595494704e+01,2.475709227700613013e+01
5.277679372124193691e+00,6.911364971010977021e-01,2.408408283463221444e+00,2.140507339383304952e+00,5.659741408979338217e+01
1.817590298351440037e+00,1.268649459494326592e+01,4.373957958997382045e-01,6.271218671206937323e-01,8.341845614338612336e+01
4.217746243913026660e+00,2.332157554230498975e-01,6.807169191165945987e-01,3.824436986524953141e+01,2.538282168447603837e+01
1.667464071182342801e-03,1.014165538039657477e+01,8.771661892239018599e+00,9.132950527054322265e+01,6.877636850101886523e+01
2.888455841224331522e+00,4.054713859120376851e-01,3.635570884056084395e+01,1.032740608360140477e+00,4.885888326831270945e+01
1.642758822906646099e+00,2.008623520987170077e-02,3.844813588140938521e+01,3.481809037493314918e+01,7.632865521559372723e+01
9.555359043046583040e-03,5.613427962011066974e+00,2.205802496681681291e+01,6.952026350626158546e+01,4.211402841664472874e+01
3.750992870070272378e+00,7.783122957780221896e+00,8.040881665130983791e+00,1.812835914486995748e+01,2.561767450923012390e+01
3.403699932958629049e+00,4.716945365278809810e+00,2.268329380321477906e+00,2.011943314831294849e+00,5.665203582163276508e+01
2.246301489435605703e+00,5.178507341610520953e+00,1.327692086699508422e+01,6.003325525742929658e-01,7.163938090212197096e+01
1.796233400348395005e-03,1.448825719815989466e+01,4.495526643221428031e+01,7.108636886063652582e+01,2.494634955094961626e+01
1.352481760592895302e-03,4.584356833025702294e+00,3.522204217035070428e+01,8.403556627639495957e+01,2.529150039633717384e+01
1.420446120017485825e+00,4.572158472368704984e+00,3.765616670579216674e+01,2.929119786413896254e-01,4.966124691611468478e+01
5.809408033288848472e+00,4.984099680298137436e+00,5.104463620581197958e+00,2.992146897051144094e+01,2.551453829363010684e+01
1.820670726231582659e+00,7.062270733686300872e+00,2.443004178838948093e+01,5.244136560406238018e-02,4.965459142431346606e+01
1.012481797625629058e-02,7.649884295115630728e+00,3.500747063964350048e+01,3.103213795503329564e+01,2.476582442839846010e+01
4.025275336986434027e+00,4.229472974359376636e+00,8.411092034716668997e-02,7.811403113756932193e+00,8.388522500661181880e+01
1.318219162442091363e-01,8.530433559506739982e+00,1.013254705805505029e+00,3.580136267363357661e+01,7.065180767893608049e+01
5.025092630943606142e-01,7.790004510537281490e+00,3.509363300338849712e+01,8.292643525585869924e+00,2.656681446380715172e+01
7.365270885990950200e-02,4.072816043357034843e+00,2.227166192389452348e+01,2.861995885369578163e-01,5.199290572185269355e+01
1.620532350403081967e+00,8.668475947681331117e-02,4.151521850859364093e+00,6.971545187626026063e+01,8.949716275023962453e+01
6.124121197322025534e-01,8.238223155632455885e+00,7.926849616637667850e+00,5.924641915353912225e+01,2.615659312615797205e+01
1.189765971170810621e+00,6.306873416390586407e+00,3.392161163331520068e+00,6.048642953040712200e+01,2.607800285784698957e+01
5.345213251095023432e-01,4.535738677688572196e+00,2.753195980242890784e+01,4.966339621291955275e-01,4.707622164872380210e+01
1.304728156354971080e+00,1.746841319489583455e+01,4.469351677670075906e-01,6.446306129240330085e-01,8.209214581622146056e+01
1.754365020784666385e+00,6.862321273702912450e+00,4.318828222004198025e+00,5.171994409402828063e-01,4.916246939350777723e+01
1.749572998830372539e+00,1.081489784690174716e+01,1.305791086774747266e-03,4.679668589379004651e+00,5.826188042011288815e+01
6.346261271631989942e-01,6.139908592233016549e+00,1.921635438018416053e+01,8.688384590082554837e+01,2.431718773329435379e+01
2.164107462986042483e-03,1.472473033437761458e+01,1.754431229648166379e+01,8.427553077359344513e+01,2.534352064117473446e+01
1.022636397722849130e-02,6.566697173051820435e+00,9.315499854588118467e-01,7.774247902238569452e+01,7.104605601083981981e+01
6.102113370580826146e-01,1.288076652046688864e+01,3.376350459569027684e+00,3.589366034383731119e+01,2.598634041771660819e+01
5.723938684513132924e-02,7.756659604284068088e+00,4.486229811603660522e+00,4.228712151163654198e+01,5.891765517790001638e+01
1.766768767680127583e+00,7.082409894555486751e+00,1.423536273577748368e+01,3.368651304955013193e-01,4.378886171416806405e+01
1.862789970418176733e+00,3.776680602680107857e+00,4.003106013205256630e+01,8.706825213744047165e-01,2.511473149916745484e+01
1.814367492155313233e+00,3.900767870099038692e+00,1.120141286171764960e+01,1.435375170489170182e+00,4.971520137558670172e+01
8.804365947942043302e-01,7.112710288692762006e+00,3.300428014382702457e+01,1.075734552910878883e-01,4.997374539562139262e+01
4.692064935743387011e+00,5.029304722971819075e+00,1.319589147682124430e+00,2.963423919161891007e+01,2.562590412764538073e+01
6.038035167486089927e-01,1.309138642853091739e+01,2.551486819335530498e+01,1.954396870616106896e-01,2.844980747294507140e+01
1.778284011622157434e+00,8.630705457854409346e+00,2.393097036774007730e-03,2.243872592814213363e+01,7.762533732611457538e+01
2.532933614500103126e+00,4.095562391940476665e+00,2.418637574410569258e+01,1.109789664754530503e-01,7.580514207660594650e+01
3.777395429561343221e+00,8.316309708367844777e+00,1.433810438634651163e+01,1.141773078540391495e+01,2.475466259973111960e+01
1.131071939063728240e-03,1.043892142050171756e+01,8.722404992760138143e+00,8.611965023051915580e+01,4.061604868593246920e+01
3.575565603609017984e+00,8.102212108802048007e+00,1.220262109619773838e+01,3.757861151524497956e+01,1.922581726384203193e+01
6.070261356700878075e+00,1.543038610819731815e+01,6.598259498067504669e-01,3.434526020819536285e+01,2.470000912861312869e+01
3.200326794125392116e+00,1.992629177263446905e-02,1.945261401713272420e+01,2.165204747088688464e+01,5.599797322602909588e+01
2.330679582832888563e+00,6.478729780406402572e-01,1.224955387264478279e+00,2.048080003092474044e+01,8.498463502691855354e+01
3.787836963081187225e+00,1.210692367076249454e+01,5.678705000087472810e-01,1.162677205503966471e+00,7.618955764222724270e+01
1.335331852513058637e+00,1.994145451608518235e-02,2.594979626139691220e+01,2.183442788872416074e+01,1.041338120935598681e+02
4.692064905389943696e+00,4.837291108641895043e+00,1.031103637829153152e+00,2.967746447194788928e+01,2.566098535490613841e+01
5.922337280932904235e+00,8.433702670825173442e+00,4.966373858025940891e+00,3.813394447127296161e+01,2.433379604422593445e+01
1.131071939063728240e-03,1.043892142050171756e+01,9.171038371513871468e+00,8.611965023051915580e+01,4.057061754369348705e+01
4.052536572998147513e+00,6.499257201577943732e-01,1.282432356937655449e+01,2.128570031117024364e+00,5.389736145360135566e+01
3.659247159343010480e+00,1.119955026329939862e+01,4.886223502912562466e+00,4.709858041257304251e+01,2.454326716684787257e+01
3.745423916234997819e+00,9.630556927021487468e+00,5.601715806688400967e-01,1.522772332331031597e+00,4.928281203370697483e+01
1.110470663685365761e-01,1.372545493412377482e+01,3.506861822942894946e+00,8.692578097502838830e+01,2.658398134111831723e+01
4.260754332448618342e+00,7.908768822814976618e-02,1.291756311743222696e+01,5.257741206456873329e+01,2.766612111133510510e+01
4.550751528264778578e+00,3.298396900810813825e+00,3.780466807773209759e+00,2.018833797283948073e+00,3.641909570743731450e+01
4.041193557027393801e+00,8.569363430308877483e+00,1.885622479382161032e+01,3.440435937327661975e+01,1.785779211694030266e+01
2.620151560324874840e+00,6.692177372971909455e-02,2.986988945020525676e+01,2.188796958113332636e+01,5.620936618456966016e+01
5.427616168968563137e+00,6.478826772088982722e+00,2.120060820677617919e+00,8.457956928640777861e+00,2.695354762635810886e+01
3.264260686195926020e+00,3.272272407181894494e+00,1.178197118889612405e+01,1.265824967639452625e+00,3.944669161935448898e+01
1.106812914642441914e+00,1.191399243709681421e+01,1.986588841210989997e-02,2.369964125050358206e+01,5.774802036935491856e+01
5.750889817136212834e+00,6.594217595348479399e-01,5.244523529581056387e+00,2.798704795690315095e+01,2.848068977514335387e+01
4.043309651666758597e+00,8.002754914476707171e+00,4.366697009798049534e-01,4.423253787465051801e+01,2.585219547360716064e+01
3.140227661658030023e+00,2.492197738667940032e-01,4.464561114284503418e+00,2.774626566396121063e+01,5.777684439111185100e+01
1.166347839621155891e-03,1.848584629915876221e+01,4.333647236703597194e+00,5.595236027903038689e+01,4.186076543409620854e+01
3.202126516821646618e+00,2.677337622672511935e-02,1.945222282655622692e+01,1.855709710879204621e+01,5.723424538951393004e+01
4.988276462777518905e-01,6.638458383116043748e-01,2.982121962787898894e+01,8.080966701074032699e-01,1.432441544602995975e+02
1.842273073902561675e+00,3.568200363282650223e+00,2.009822566087984796e+01,7.686955416869187818e-01,2.553248040481542702e+01
6.019124459288278661e-01,3.466531530679770157e+00,9.288461385650872870e+00,4.028020871107899836e+01,4.164278633188435208e+01
4.401187107524707542e+00,9.704590661053739353e+00,2.008541508065567527e+01,5.730478134314476862e-03,2.881457516270508634e+01
2.782569113262046034e+00,3.575259454664333703e+00,1.408526018561074267e+01,1.913773697517399786e+00,2.947892829305703799e+01
5.781429770196470308e+00,2.822478727976016621e+00,2.584204584025517448e+00,1.441761391289792860e+00,4.619317010361662312e+01
5.530909779092671563e+00,6.515988090179118952e-01,5.238954471454755790e+00,3.778096191372059565e+01,2.911613779381096379e+01
5.750064593323283013e+00,6.598693889314150018e-01,5.041156475890016253e+00,2.805950923903789374e+01,2.846421660308335078e+01
2.806709294461000592e+00,1.305798742136954793e+01,3.480131853863230873e+00,5.367666037674219126e+01,2.392127844623681909e+01
2.427632270962018168e+00,1.639636127003285537e+01,6.772251225671818808e+00,4.732723036826094187e+01,2.401317600757568727e+01
5.145047907723759861e-01,6.022840144523453620e-01,1.963966315041730937e+01,7.942189325416341150e-01,1.387890663630544168e+02
1.906651146663658647e+00,5.731574662208613447e+00,8.400052886430778853e-01,1.425344206222417931e+01,1.060797059261732045e+02
1.566503633205332369e+00,1.326408730739551700e+01,6.081841509671150892e-01,1.617489262618761714e+01,5.432529932688380114e+01
1.767334940435494994e+00,7.005127688381115547e+00,4.234886522374803897e-01,2.212024630141127801e+01,5.571058525480079027e+01
4.923147906651027805e-02,1.466293221010787073e-01,2.078644568555604621e+01,5.129297203074035139e+01,1.278061089014205436e+02
1.862770883918380527e+00,7.055249963910055655e+00,5.259947842014089048e+00,1.142617659995940199e-01,4.951094279237764795e+01
1.791218571293247575e+00,3.843810378060836364e+00,3.390336497324443599e+01,6.622056780619663824e-03,4.937058911022933216e+01
8.818171698329722030e-01,7.066702703127065277e+00,2.613968053388052226e+01,5.758622404105606316e-03,4.997194643919963397e+01
2.819717163991502379e-02,2.061577117991156172e+01,1.144156262108844047e+01,5.570481571230830298e+01,2.535695812444192754e+01
4.656610870731806351e+00,2.539269813847251367e-01,1.083146500065166862e+01,1.884375259500833177e+00,6.826732066463995352e+01
5.195431481617844849e-01,5.693229335778126732e+00,9.202326708825876445e-01,1.788982218415090486e+01,1.318192925523564440e+02
1.493873469949916988e+00,2.336413342705953866e+01,8.748519919255857147e+00,7.493776681237866910e+01,1.874916656194378817e+01
7.900332735033288589e-02,4.138220291442578969e+00,1.725263493155927819e+01,3.611272736873008427e+01,5.829708739716561183e+01
1.748832397319849186e+00,8.317518892345013626e+00,5.241989185008128632e-02,2.024990598608612302e+01,4.700036008116275354e+01
3.594736846694733146e+00,1.694597635458023610e-01,1.436778149915589164e+00,3.782822615963778645e+01,3.089821263842411980e+01
1.715656971029617894e+00,1.545155155214637688e+01,1.338023967606614874e-03,2.347439007468359051e+01,5.569295874660387824e+01
1.860170613459332545e+00,5.624398542663043621e+00,1.688832167049891098e+01,1.081946201176491318e+00,4.697001841147434220e+01
1.781796826859023339e-02,8.625115551288251581e+00,4.085946651585895495e+01,1.850866404360535356e+01,4.059704010112130845e+01
1.726258336693213158e+00,1.957156287813010209e+01,2.781014074124221400e-02,1.976485550544084191e+01,5.579289468120960294e+01
7.526085568451457153e-02,8.053967100880262464e+00,3.537885137083531362e+01,1.497473815289854393e+01,4.191747535674529956e+01
1.867022738119420877e+00,7.073313404719966613e+00,1.527778903935806731e+01,2.703391895475781848e-01,4.670072859351569150e+01
1.826037113301572035e+00,7.081948085474966348e+00,2.591010708300142795e+01,2.907398457381838441e-01,2.881555481445251488e+01
3.184990470092340153e+00,1.905668980681443289e-02,1.948116699573967026e+01,3.821643712537439797e+01,5.117020040564398187e+01
9.032645690889111734e-01,5.821573994212595693e+00,8.598214150874841089e-01,2.486471832493792444e+00,1.365279013877608918e+02
9.408062130199730533e-02,6.263266345832451343e+00,4.372924303133630985e+01,6.493679793487827112e+01,2.497661235001135083e+01
1.804730083512675774e-03,1.043892142050171756e+01,9.023863252227764420e+00,8.291752272007487079e+01,4.016844647607200613e+01
2.745243272761769937e+00,6.961791141485769163e-01,2.280739555954268027e+00,1.957211936488644000e+01,8.095453050392673333e+01
3.220202745642750664e+00,6.506435134033259349e-01,4.106211561211384087e+00,3.874652492258216085e+01,3.598621933396522365e+01
5.318498080147555651e-01,1.019847504688731643e+00,9.063500455194023475e-01,7.446682405148105488e+01,1.201719287330438135e+02
1.107620659821546560e+00,6.651542000939471677e+00,8.596247919101077661e-01,1.185945247479884479e+01,9.154127782872870966e+01
1.034761254939239317e+00,1.770999247501588769e+01,1.927360106612673718e+01,7.005809864750823124e+01,1.758604995637774948e+01
2.274791581963405473e+00,1.075426542881947789e+01,1.314557597392564681e+01,3.211578467079026500e-02,4.941948121786253267e+01
3.173615081757079182e+00,4.129519004066934396e-01,1.948116699573967026e+01,2.125296510017739227e+00,5.115700300093247677e+01
1.053568025325310797e+00,5.825208214369929749e+00,8.921525721275875842e-01,2.484711824138766456e+00,1.097103211997983152e+02
1.693878914763449428e+00,2.879171038102766311e-01,1.022687334657947034e+01,2.415673958904050522e+01,4.657852552228659704e+01
2.310843101577086500e+00,3.234427322580275987e+00,3.861684433988009868e+00,4.553644674892731814e+01,2.634538230613600618e+01
9.541415976775036167e-01,2.404209576862479736e+01,1.142682982388048174e+01,1.125765036079997117e+01,2.603248412660359890e+01
1.451685709733008700e+00,2.126135108732782442e+01,1.138940024955352293e+01,1.095245420041223028e+01,2.573427448407317542e+01
9.107681872458033403e-04,1.043764824249211820e+01,1.576530736587313797e+01,8.646535066951253157e+01,4.058733132218547723e+01
1.261154531336156293e+00,5.439760276874773481e+00,1.197698101551872174e+00,1.105363398071302683e+00,1.383942493735791857e+02
2.106519198993150432e+00,4.740050503709706931e+00,2.835725544257160280e+01,4.595910716806925222e+01,2.266364933779297175e+01
1.647279248741390090e-03,1.489949021179583610e+01,8.718410340272329861e+00,8.679708490672699384e+01,3.986401889053817627e+01
3.852020209725294464e+00,1.739323187056804798e+01,8.226863785574183296e+00,5.373063641573364180e+01,1.707810818787271501e+01
3.852020209725294464e+00,1.740385059276568569e+01,8.186393358946959964e+00,5.373063641573364180e+01,1.707810818787271501e+01
1.426391777764524169e-03,1.061240645469240107e+01,4.796410745767708761e+00,7.110713428117844614e+01,4.063051628735372844e+01
3.652618646204944142e+00,7.274862147110697230e-02,1.263092010997957715e+01,1.891722238170423509e+00,7.662298178819273176e+01
5.339829063025822720e+00,1.545833643682784087e-01,1.603232335197526481e+01,1.936756933301593264e+00,5.009777247971022973e+01
3.858164253850178582e+00,6.042945781437495611e+00,1.559596964201331737e+01,5.134807720731896552e+01,2.029366508097502475e+01
9.202620085310992959e-01,1.471214764348981419e+01,1.024364340566456555e+01,3.476256738936658053e+01,2.472224583811268062e+01
3.730556234914693015e+00,2.852181248808876024e-01,7.534780128553045131e+00,4.920402739149158933e+00,8.216318402261009624e+01
1.792906854966578978e+00,4.106343936926759142e+00,4.557778384556489648e+00,8.905782985400480245e-02,7.455241136706987959e+01
2.133117620995056196e+00,1.678567694292344870e+00,7.155876984068842983e-01,1.678940573259879221e+00,5.828557993362807110e+01
1.260997587158950495e+00,4.740964015880980043e+00,1.187148060730890187e+00,1.105790867886386586e+00,1.382701418846008892e+02
3.152723176543836381e+00,2.890147353762777094e+00,6.125536369473383758e+00,1.385285849636107125e+00,6.032793335817441971e+01
1.027423692143178968e+00,6.010052267782093338e+00,8.863664663871966276e-01,3.494042277214266967e+00,8.131414121720402477e+01
1.516690720795501823e+00,5.060029672385665478e+00,1.620098438120083983e+01,5.708239253506716127e-01,4.965223596057177247e+01
4.169488336581341770e+00,4.950511497297712893e+00,6.340818298793712060e+00,2.320968834423242200e+00,4.430653585102381697e+01
5.995385071336885474e+00,5.237840531366627417e+00,2.100708675883645071e+00,1.780102097360351632e+00,3.959808837907108625e+01
2.239775804023048433e+00,3.042117720833837149e-02,7.630736482899396211e-01,3.858818784963166593e+01,8.117904768716758213e+01
3.245377935434300198e+00,6.090075566337423751e+00,6.627560020174132482e-01,9.124498864454956282e-01,3.945437362781638058e+01
9.501541252338725485e-01,7.775065203035271821e+00,3.283272837913756348e+01,6.277912744755633412e+01,2.300570346827170809e+01
2.238192331602733898e+00,4.659225448096476541e+00,9.310505837005383256e+00,2.781777788930811735e+00,4.994587207734325318e+01
2.525180351535095014e+00,1.372799924303063079e-01,1.660749296096765448e+01,2.092512388137159896e+00,7.823766235057395591e+01
3.170518449269499328e-02,1.300057248582570679e+01,1.575213201550083220e+01,1.332043051095998010e+01,7.061225307299346809e+01
3.978734163992895478e+00,1.262333260113603778e-02,1.909926579370064914e+01,3.914884668585473548e+01,5.090921458366440788e+01
1.070014174076554161e-03,1.027418402880661219e+01,2.605185946296168709e+01,8.671495042259562069e+01,3.926883733055234416e+01
1.640732902893218270e+00,1.279910242002002763e+00,9.529188741430831833e-01,5.062177480687574871e+01,6.884154421893524045e+01
3.140747126407210654e+00,3.225705550845622938e+00,6.132963385116259047e+00,1.676517582490721026e+00,5.741557487150513595e+01
8.630935669987460646e-01,1.409026545874533798e-01,2.601910797019000299e+01,5.435538619989893405e+00,6.533858857053712654e+01
9.787545840818934195e-01,1.988369594745519109e+01,2.826170960417489653e+01,3.434578355490718771e+00,2.554672570993814418e+01
6.279354214301147152e+00,3.167201485232093106e+00,8.901645975549131506e+00,9.082687661329249096e+00,2.543245811584984395e+01
1.871796558076463043e-02,8.310719876562165709e+00,1.742150506765054274e+01,4.644247873972338425e+01,4.125954468782117601e+01
1.228419649941172809e+00,1.527291287760636429e+01,1.087942072477195501e-02,8.569977737182069566e-01,8.577835457989394286e+01
1.044508871241400794e+00,7.242618292765454768e+00,2.399896142214618422e+01,2.490978199246701372e-02,1.082736014870501009e+02
1.967736254229391690e+00,1.640145041346099930e+01,1.483728541378818711e-01,2.425952101834173291e+01,3.724317748444995146e+01
3.082616655316205101e+00,3.804594132105552973e+00,8.115292173962560085e+00,2.522636393343732131e+00,2.605846146986952760e+01
8.476290814012394925e-01,1.356177105727257981e+01,2.553443861720649188e+00,5.212622076303363627e+01,2.542956101682518621e+01
2.607982449519667512e+00,1.681227135661320649e-01,3.029015947670528064e+01,1.356681333551302160e+00,5.090948998973937023e+01
9.530406432719850107e-01,1.014063295992032043e-01,1.155691287416856206e+01,2.036164672445026724e+01,4.913582352786961849e+01
3.273618891083491800e+00,1.268100563952511209e-02,1.683884089603196443e+01,3.935103750818685597e+01,4.554750658766927529e+01
9.881188037933332780e-01,2.007535001110797879e+01,2.025720978383044724e+01,2.495911467763820468e+01,2.469889591855417166e+01
6.090398500248301872e+00,7.297488075382664308e-01,1.095754842878834801e+01,1.544552859532468858e+01,3.476171045326058362e+01
4.871901507383991969e+00,3.368976297212524784e+00,5.555510316422242134e+00,1.459454951205896522e+00,2.906206574961868938e+01
4.009912996837782018e+00,1.373284921174849904e-02,2.891416821870653564e+01,2.037459432893169975e+01,5.088772005772349871e+01
4.103173233975644152e+00,4.046906564918357319e+00,4.043585067462876381e+00,1.934396930856640751e+01,2.625672737743898821e+01
1.128104234120868264e-02,6.616316616336934686e+00,1.944102443659473067e+01,8.070328261175876605e+01,4.065609325990335776e+01
5.447792457269289734e+00,3.770318540952609432e+00,1.171262071339939936e+01,1.617786459192002368e+01,2.495114697670481974e+01
1.505179302248406792e+00,1.219847193506351601e+01,6.027630304840677411e+00,5.616209045312830028e+01,2.477982377197072239e+01
2.826261574698628147e-03,1.510882794735854517e+01,1.524140305262462469e+01,8.498941088778914832e+01,2.464396128183162205e+01
1.077835824493882599e+00,1.568430272408129156e+01,3.377145850452962605e+01,6.566951845644796393e+00,2.485619104467993523e+01
2.808740927321860426e+00,6.827186497597844905e+00,2.965311324065299914e+01,1.548605623436060397e-01,5.027153235449712554e+01
1.040914778978602850e+00,3.905687658003247353e+00,4.268010206536281004e+01,7.004677662876449062e+01,2.198692312547155936e+01
1.940410375269640664e+00,1.557835464126083735e+01,2.026443455341481226e+01,2.558643504477235098e+01,1.763860589638262155e+01
6.356276501092825271e+00,3.262749218305411869e+00,1.084133567698610001e+01,1.113806311465137533e+00,3.807871115356400082e+01
4.512574589479445009e-01,4.995783000997923828e+00,1.651583831779760203e+01,5.647880518781587256e-01,1.271716387848867384e+02
4.615397383976628021e+00,3.264123938840755024e+00,1.073800771698036982e+01,6.379280319346107841e-01,5.087482705480951495e+01
2.108456498148729708e+00,1.451889866194601275e+01,3.211169153736816639e+01,3.345215404546837690e-02,2.772914817375696117e+01
5.575832876141346262e+00,7.297806273413739220e+00,1.073645962497668194e+01,1.912110120946942216e+00,2.572819852042590938e+01
7.351312670412537553e-01,1.163047818526766752e+00,9.801751961863594431e+00,7.520612657243320598e+01,4.295106120192289723e+01
1.622929797661168738e+00,8.228262432978548091e+00,1.737726000118329139e+01,2.133302201501018125e+00,2.486245762819762462e+01
1.932115901089279109e-01,6.647506799780588338e+00,1.002142290285428317e+01,1.456362480636914469e+01,6.039098590781061660e+01
2.351842163269859398e+00,1.322145092758885365e+00,1.524487576163870539e+00,6.026658163757048214e+01,4.877425658270759357e+01
1.988326313419330749e+00,1.597345702058949257e+01,1.808434500836465730e+01,2.575511232517396110e+01,2.057930785539812035e+01
1.705052597870592823e+00,6.911327025786775380e+00,2.640717531553620745e+01,2.089451523756733486e-01,4.631804962813748716e+01
2.653314442622153990e+00,1.007975044295117328e+01,2.522386682102444766e+01,1.192503564529277860e+00,2.504621282160197282e+01
2.932923780503318145e+00,2.537177802992355777e-02,1.007681482188614019e+01,2.073044175100428532e+01,5.096301556509753539e+01
1.741053100497553796e+00,1.151995802357483534e+01,5.843590964554049583e-01,2.104637443071445091e+01,2.770413241069777044e+01
3.191720839416408939e+00,1.162142475207419778e+01,9.818181312016889706e+00,1.139107348421575239e+01,2.564878239530051829e+01
3.822407673560833885e+00,1.110686489232897678e+01,6.359375091659076773e+00,1.896410164785954588e+00,2.585781936775321199e+01
1.023153821940281372e+00,1.535338688028976328e+01,1.128175078339845316e-01,3.397859660133238435e+01,5.509331384599585135e+01
5.473070690891556067e-01,9.543432682888601803e+00,5.983910531950913381e+00,2.218744528103354341e+01,4.094515855179302832e+01
4.904756314007625129e+00,5.272733799225417073e+00,5.604363867467900384e+00,1.599964537837015310e+00,2.846467618985463233e+01
2.047888683926628151e+00,6.663058001579081235e+00,6.669341648518911647e-01,9.663853765558403808e+00,1.065550774608994971e+02
5.506038155899720898e+00,3.276930321381518407e+00,9.315551500088684378e+00,1.963402538486509918e+00,2.593290109072266247e+01
3.795503194568934369e+00,2.453408890843771673e+00,4.246596163176143079e+01,6.705460616730441359e+01,2.384840855791433967e+01
1.021831912787153573e+00,1.216088517952951875e+01,3.837025569343963105e-01,2.918000814232836859e+01,3.163273816004188888e+01
2.133377379467581658e+00,1.900915048301294458e-02,2.497019262449534693e+01,3.786054167551870364e+01,4.520569622808982757e+01
7.416834587003155732e-02,1.104714112316352725e+01,1.356418690058688536e+00,7.110558125908829652e+01,4.132006674849531436e+01
3.646080798361415631e+00,3.453045795004127783e+00,2.201414843724426262e+01,3.724368629740741898e-01,3.812016429217470659e+01
2.919142144318630283e+00,7.479919946237198469e-02,1.994228979276776670e+01,2.154248583003161599e+01,5.171881230984214284e+01
5.320175087246064471e+00,1.469441656474746449e-01,3.213664124985621129e+01,2.070919596410742081e+00,3.756601811855934159e+01
4.101837160942092275e+00,6.326960065496381458e-02,9.991636822027258447e+00,2.182652515058125431e+01,7.582222899064399257e+01
5.667472356174807491e-01,6.045063745460253379e+00,7.243157947852384204e+00,9.154757252141839663e-01,8.151190977732066756e+01
4.734190444883106669e-02,1.712335272002601272e+01,1.392985192591507992e+00,9.041190519586314167e+01,4.706876079962421500e+01
9.778488015658972632e-01,1.217740058207039056e+01,2.739903820995152728e+01,1.636275517722737050e+01,2.503177697500023768e+01
1.044925147545820998e+00,1.121939441861689346e+01,9.206296678395204935e+00,1.292245090827283671e-01,2.819364282182842274e+01
3.379039179667231961e-03,1.034853191714104881e+01,1.417762163112782048e+01,8.671880726538272199e+01,4.060986900477681161e+01
3.363051634468222861e+00,1.030933729190876003e-01,3.039354338687805424e+01,1.440456705895692302e+00,7.426811470903096790e+01
2.735667438060486109e-02,1.035037227945805682e+01,2.497494297299701671e+01,4.760044647008197671e+01,2.509025010653550680e+01
2.232194376932387314e+00,1.569176557950915818e+00,2.209811667441736205e+01,1.398618514418451753e+00,3.038981152168220135e+01
3.975199944328616564e+00,1.262498484904408906e-02,1.871721430771140859e+01,1.986924098511441272e+01,6.164314439834974735e+01
9.864401591879351505e-02,6.565298436283757866e+00,1.694143028191134093e+01,2.581411400948671053e-01,1.306237954970976602e+02
1.944165969315305276e+00,1.876253174647989397e+01,2.003388112995907022e+01,2.701235740124223739e+01,1.840910806882323669e+01
1.916358669559183436e+00,1.524662900479828664e+01,2.634537527759202469e+00,2.492410751525579116e+01,2.469436555487801499e+01
3.769411388748738823e+00,4.094893969536764544e+00,5.062493735547760387e+00,2.968953004945066088e+00,3.443234025674095022e+01
3.547741471688621751e+00,1.102032384063416526e+00,9.153350128742575365e+00,1.485164887462177674e+00,2.863649718676486700e+01
4.127701517930423947e+00,1.069684109246934328e-01,1.174934461926032725e+01,1.440474681254356071e+00,5.982825303503697967e+01
6.496298064656672033e-02,6.758241187484083312e+00,1.455230306449092481e+01,1.065975285984135823e+00,8.814192276516638458e+01
7.730350004620867299e-01,4.010515191454325112e+00,2.088536433100915701e+01,2.534995794879554842e-01,8.742464148132151536e+01
1.409300935445913172e+00,7.153703452019494868e+00,5.328511618244727188e+00,8.186901977028526733e-01,2.712713732444026604e+01
2.639022877803675726e+00,1.546791681531329665e+01,2.822654712209649724e-03,2.059024809307832271e+01,5.577522824760785625e+01
3.373690087467427379e+00,1.523487829982636210e+00,1.186173998139420860e+01,1.388514313819441348e+00,6.488941758070251353e+01
2.161545361581849178e+00,7.601755708171253900e-01,1.116328641158933621e+01,2.019977238743431514e+01,3.043663007768105544e+01
2.100354093649514198e+00,1.414019210859923104e-01,2.289609494716859928e+00,1.406275912984705201e+01,1.111953417859706690e+02
2.657797844639697260e+00,1.349950743377167406e+01,1.992058328182070426e+01,1.405220420734056619e+00,2.564371857305447122e+01
4.788008533112970255e+00,9.247125230516405336e-01,1.546415753882642541e+01,8.465615210660168977e-01,5.285128095655230140e+01
2.720427861110187528e+00,1.781156723495215388e+01,1.023584431200084843e+01,7.134763187271722096e+00,2.497033220401606712e+01
9.883038710081657463e-01,1.004314381955025937e+01,2.740404626632044582e+01,3.158703133157770182e+01,2.472410296545630004e+01
4.750528418024273947e+00,4.380573671788285495e+00,4.218864182410329011e-01,1.164439608498599732e+00,4.769052997564833163e+01
2.592869741108302151e+00,1.889540230429033810e-02,1.905055449864408956e+01,2.019554338659486348e+01,6.078291630977313531e+01
1.757489976604903026e+00,7.797425950248061177e+00,1.604875752352873108e-03,3.972681444662223527e+01,5.561057258082851718e+01
7.524106393242868673e-01,2.594122044374696512e-01,1.270485698609870262e+00,5.613417592239569487e+00,8.775548918477204552e+01
2.588375110087329567e+00,1.221218138091230941e-02,1.051579388970243389e+00,4.022143027457465081e+01,6.960388125930536773e+01
5.813835335836399221e-01,6.575885674111896506e+00,1.693824870741372735e+01,2.581503833365712541e-01,1.370835252121285066e+02
5.576737718713340008e+00,3.029077526792536723e+00,1.404610150154945636e+01,6.533215517868304900e-01,2.567932486213389964e+01
3.180494355100325965e+00,1.964848879303358942e+01,8.271021872448223178e+00,6.897317259779823928e+01,1.678144007429619222e+01
2.098084164068786173e+00,2.141970606181177739e-01,2.438571391701083613e+00,2.517830533265752990e+01,1.050848137182522350e+02
1.928679796337077423e+00,1.303977628669938070e-02,1.077980758070287370e+00,3.748381087242880483e+01,6.813270025095405913e+01
6.345490953275989554e+00,1.678906840235523668e-01,8.243996731368788744e+00,1.613781638932774820e+00,6.020768012342075082e+01
1.000727650379837241e+00,7.595352813260256020e-02,8.173561034738700215e+00,3.615140776158926172e+01,1.002670388788592959e+02
1.046828373647776811e+00,1.485015990832852495e+01,4.695327841512359629e-02,3.289394648596874049e+01,5.647034817575000432e+01
4.240747631738607026e+00,7.729108991448618848e-01,2.329051898530574150e+00,2.027116694206927860e+01,5.573834029327268524e+01
1.727450483476009824e+00,8.142641435356813562e-02,2.398067572299953376e+00,3.017469654115686950e+01,6.952402112977229365e+01
7.634097880589817142e-02,1.514447367941567357e+01,1.576140538001963698e+01,5.864181364291425336e-01,7.402859152991690905e+01
1.736071951832217186e+00,7.150828104038208899e+00,8.205557383231187885e+00,7.566094367832928436e-01,5.101585291064562000e+01
1.172466256062663637e-01,9.755504385644407250e+00,2.760253598840955291e+01,2.858935991323511061e+01,2.492221793321061440e+01
2.764021581613855361e+00,1.348170121441361058e-01,1.081090714129312236e+00,2.375175870658299715e+01,6.608462284678213905e+01
2.886849485328755183e+00,2.669433467710277341e+00,4.313246882435528562e+01,6.705460616730441359e+01,2.398340041218652274e+01
4.781582614823628674e+00,1.014734847594702494e+01,1.712176876165869288e+01,8.039025926414340439e-01,2.558726054509520864e+01
1.800743263472240008e+00,1.435905051798459731e+01,2.422820843823619086e+01,5.405591008982409823e-03,4.965130278319201551e+01
1.957653519723904889e+00,1.994080715504506496e-02,7.258279285279574111e+00,5.382092618177127008e+01,5.528814500299471035e+01
8.571112811352989136e-02,6.552484039261255333e+00,1.693938280216125492e+01,2.611580677288453112e-01,1.060646046284299473e+02
7.930426846246868555e-03,1.043764824249211820e+01,1.576530736587313797e+01,7.915499479853205855e+01,4.058733132218547723e+01
8.571964509537459810e-04,1.065658968575281484e+01,1.576530736587313797e+01,8.646535066951253157e+01,4.058737854540714807e+01
1.257257753778920351e-01,9.809123616811866953e+00,1.169007667345541535e+01,5.648963969934550988e+01,2.515423278879842783e+01
3.703280693640074617e+00,7.560579682176172822e-01,9.532086225618302322e+00,1.512592367354849010e+01,2.617591957733962715e+01
1.538888396823993698e+00,6.345686045224535832e+00,8.083843467404919991e+00,2.933149622106817622e-01,1.023365302597376996e+02
3.689150281922299879e+00,2.402542589721429422e+00,5.214735737346539679e+01,6.665839693829406087e+01,2.384360225056185811e+01
1.808807616316153499e+00,1.632120524109889459e+01,2.235323458301264991e-03,1.950474063239609634e+01,5.571218083710832758e+01
1.778054110485293715e-01,5.605637716840815798e+00,5.143427918034425339e+00,1.739265177380349670e+01,6.178312231236906626e+01
5.576594876108920573e+00,2.995308028879748452e+00,2.340289006219245493e+01,6.539875721118757479e-01,2.567931211324935958e+01
1.678542594037268021e+00,1.030281359977435329e+01,2.527556031293008942e+01,6.214181524948790525e+01,1.438357399474413612e+01
1.876697622277682775e+00,2.187525787229145280e+01,8.670018567779393948e+00,5.943736897509175776e+01,2.098201284276286316e+01
3.158776111497062722e+00,1.958422312848252744e+01,8.926735535583542713e+00,6.930242339538452256e+01,1.676925844424465240e+01
1.779210754400068484e-01,5.633207266558347470e+00,5.191259301611776955e+00,1.775278916143685493e+01,6.177899733253252634e+01
1.647288168077327142e-01,9.001808126303867397e+00,5.157009635975462025e+00,3.375275491472545042e+01,3.036618855612695000e+01
3.560982397715172443e+00,1.964848879303358942e+01,9.257699879412222277e-01,7.239715267208708838e+01,2.373363045554279083e+01
2.515958335624973508e+00,2.550835781555775561e-02,1.171643212099761522e+00,3.674050985889969922e+01,6.297466061358124989e+01
3.486096769374351090e-01,1.793292013059244994e+01,3.354999637867847895e+01,8.524029598230029592e+01,2.395489867877246937e+01
5.498905317633960843e-01,4.233362035536358370e+00,4.157185197371011109e-01,3.985290552238774353e+01,1.138106175080447429e+02
3.618727042602914779e+00,2.201667952163554887e+01,9.298851548099461795e+00,5.913380144130695726e+01,1.973704106698857785e+01
4.196398362081774081e-01,2.337027177887706364e-01,9.919720826807356673e-01,2.196967473585056752e+01,1.261943926741234776e+02
1.512436287903897725e-01,7.525766253282021978e+00,8.685699556591339743e-01,3.464380955467591150e+01,8.335663294745737062e+01
7.395845933027940244e-01,1.018637595037384358e+01,1.753959943942735933e+01,7.195251995263325284e+01,2.397850546424558615e+01
1.940388979200248665e+00,1.107909420436401859e+01,1.107636596942071158e-02,2.350743332261935592e+01,4.175605268209206855e+01
1.879782799818793815e-01,5.651982188592610257e+00,1.286581060055844716e+01,2.527804582940352773e+01,2.887604983781457690e+01
1.987633399822463343e+00,2.299639840588215023e+00,5.218818812242709271e+00,1.777489692427811363e+01,6.180154258100410658e+01
1.851369528359181782e+00,8.799988984461105446e+00,2.484949857384272320e+01,4.765433876269171520e+01,1.228031665746775936e+01
1.616070807650665575e+00,9.817882046341733115e+00,1.683781777900174959e+01,7.852262371410033692e-01,4.043713557255539115e+01
1.462874617427430968e+00,2.885384432371741470e-01,4.027017856323735145e+01,1.940112831585684106e+01,5.568764954984088433e+01
9.469230974718050309e-01,1.636071212260356944e+01,2.354747900114736581e+01,8.122018525134886424e-01,2.562849944661148527e+01
1.676527663405061208e+00,1.030503703904491175e+01,2.397884967124002742e+01,4.407176008827440228e+01,1.414495379637942918e+01
2.875722980719495503e+00,1.430516101510879122e-02,2.700878839904849826e+01,1.948887982150256448e+01,8.448195572495126271e+01
1.446315706960727976e+00,7.556383096744105632e-02,1.933199890175333735e+01,2.272821362765253639e+01,1.198146300186314619e+02
5.381012881408748783e+00,4.010468189821547291e+00,2.215347406705743794e+01,3.350357269805876825e+01,1.999273562398610338e+01
1.257804321692413720e-02,1.065792070904598177e+01,3.754923170745327443e+00,7.240676918491195124e+01,2.567961773608545784e+01
1.721144374750831929e+00,1.531325242893233884e+01,6.520408417062084627e-03,2.351755223633373149e+01,5.611208822448040223e+01
2.017249785678410401e+00,9.728979651547329244e-01,5.222100818454711302e+00,1.777421873404732011e+01,5.816836804349529189e+01
1.975698213780284984e+00,2.250308728869978125e+00,5.955768373727114096e+00,4.095620581369194824e+00,6.180238469437862392e+01
1.818758943152545715e+00,1.232293691869548802e+01,3.132025973675703767e+01,8.778496786014450493e+00,2.485577802570682948e+01
2.116216981831415378e+00,9.673503758716939238e-01,4.485891167306418481e+01,1.580196663108533528e+01,2.454386568330062346e+01
3.618794275674687810e+00,1.771390528932791142e+01,9.322315511822427680e+00,5.639159377109967153e+01,1.975975553707418086e+01
1.295784444258427870e+00,2.017997371038707799e-01,2.720472787852717289e+01,7.275850485669801060e+01,2.990668825939883746e+01
8.117048161655421312e-02,2.059963504849561033e+01,3.468721258974144206e+01,4.235537897658279149e+01,2.383246798069923145e+01
3.436179076344649252e-01,1.800073659451582131e+01,3.464134141942789569e+01,6.777719630971485287e+01,2.399151783628296286e+01
3.484400156041995711e-01,1.469980455765921690e+01,2.464368050304215529e+01,6.828736031871412138e+01,2.397177101528107457e+01
5.474830002157932363e+00,4.167553745369205753e-01,5.661897211421871745e+00,5.254379173170685924e+00,6.461885291317574342e+01
1.068687642668016746e+00,1.175828584651301099e-02,1.510141797656548235e+01,4.142331169860355544e+01,1.094677297386573827e+02
2.650909738585165432e+00,1.055674528358489656e-01,2.682422781291727887e+01,1.905239547469613015e+01,2.958361487353967689e+01
4.446730040387408600e+00,3.242758021907282462e+00,6.167778200157231439e+00,1.853801760919478880e+01,2.543456084375288384e+01
2.239804450485899157e+00,1.849831638166642733e+01,1.757972413813392240e-02,2.263807912539004263e+01,5.363843591302696012e+01
4.068353914842291807e+00,5.913974843619285160e-02,9.044997253686608119e+00,5.619731301079528407e+01,4.195201954594398330e+01
4.088623159110888611e-02,4.677901336268754484e+00,1.206724625535381534e+01,1.676788411247538590e+01,1.226074549536522795e+02
3.587526029512454695e+00,1.636134738737864325e+01,9.262335777759644895e-01,5.203701673357740276e+01,2.517784051625496389e+01
2.120511519729047389e+00,4.203206707460863889e+00,4.489352170484720261e+01,3.488156011246164212e+01,1.617419370125607259e+01
7.903925073772010146e-01,2.334206513254656556e+01,1.763291836496851772e+01,1.602214181176004715e+01,2.492292370353021624e+01
1.063789852379130707e+00,2.115896330988973784e+00,6.263703714425972180e-01,1.800099956571762050e+01,5.770828612209101038e+01
9.162541430769481909e-01,2.521081166647835659e+01,2.654238153245256626e+01,8.493247473004203130e+00,2.527096844304049839e+01
1.409669202036435642e+00,4.203045675639391021e+00,4.478456565522988342e+01,3.487304420772190383e+01,1.675862354987128455e+01
2.852362819114785619e+00,1.689405634378007903e+01,1.151357659503084108e+00,6.582260819666523322e-01,3.508637076856913239e+01
3.516724225980833562e+00,4.304745203598465686e+00,6.360577995374656624e+00,1.552515961895690921e+01,3.736820546328817727e+01
2.297575516876860027e-02,8.599357046904165358e+00,1.566976713521805209e+01,7.119481969581873670e+01,4.055982813235773676e+01
1.594396147732873636e+00,4.203045675639391021e+00,4.450870977069561718e+01,6.792874104579982486e+01,1.727502470206927043e+01
4.644934055903449793e-02,9.089587492637487554e-01,1.252469018124536149e+00,3.313190318839168924e+01,1.139048212162105500e+02
2.247234468794939488e+00,1.755519501958740136e+01,8.453397233541304345e-01,3.848462002609111465e+01,2.374870073913212565e+01
1.779845017635575566e+00,2.819189993879180456e+00,2.586802811946098402e+01,7.438160097534982640e+01,2.405565478465114992e+01
4.195297942090269849e+00,3.572440193946968989e+00,6.211632991730045461e+00,6.746223098837070609e+00,2.620565015002529918e+01
1.899142181046588718e+00,2.805433739906176172e+00,3.415780904255573402e-02,2.038123175421884525e+01,8.378837985092127383e+01
3.716191440551674496e+00,7.550340644357370623e-01,5.962777088639342971e+00,2.464099651666818769e+00,5.954143361487814445e+01
3.498540540474892047e-01,8.632454560891851258e+00,2.314929786846281701e+01,5.149095683037199933e+01,2.489948323321106827e+01
8.562493341160008244e-04,1.089497286993954006e+01,1.504229153355932880e+01,8.646535066951253157e+01,4.060967989515322074e+01
2.736377169683537058e+00,9.627216612698083487e-02,2.264777240496882627e+01,2.535997207192987801e+01,4.807413987053331539e+01
8.195359166356694924e-01,2.549747519212664315e+01,3.684488808057098908e+01,8.712995883211117842e+00,2.528323065177377416e+01
6.727780767679545360e-01,2.074211345102013837e+01,2.652134947867813253e+01,8.817683298123908386e+00,2.524539404199152060e+01
1.994445885982536026e+00,1.302047886409684122e-02,6.374706414704577995e+00,5.640968740037038742e+01,3.000495326079486347e+01
1.774015936986276021e+00,6.136234193818818738e+00,1.745475998299168996e+00,3.272017702652303228e+01,2.475580228671388738e+01
4.417688551672764419e+00,6.813910787589325224e+00,9.055932951752185822e-01,5.315490521408305824e+01,2.470832417930472502e+01
5.689987820969817811e+00,2.723252414817657618e-02,2.033645479008402646e+01,5.267859074141146891e+01,2.823209109562264985e+01
5.105748444357638416e-01,6.108467056787042715e+00,2.238940483861956920e+01,5.157559076600705339e+01,2.468105960652212261e+01
9.850977083257912437e-01,1.510841035854272008e+01,1.478564129627265800e+01,9.033482392428928165e+01,2.143699850963139752e+01
8.628147357909615213e-04,1.038879675155770244e+01,1.456438625627619388e+01,6.621180194010132425e+01,6.984608937982000043e+01
5.230861488919211766e+00,4.874435255362968150e-02,1.337980054676430974e+01,5.268336681207506444e+01,2.811622645006553967e+01
9.843413293888142457e-01,1.908315336116078242e+01,1.486691247547202011e+01,9.033482392428928165e+01,2.143363789858209500e+01
2.919905218076335629e+00,4.147571375948313349e-02,6.394438044004971289e+00,2.243026062159679412e+01,8.641638521138203544e+01
3.729258195486203409e+00,7.617211532127017293e-01,4.779702230840260135e+00,2.144611346660494355e+00,5.757057148437548477e+01
4.108751692223272300e+00,2.723252414817657618e-02,1.548559247670186423e+01,3.875595702159868949e+01,2.879493758891023347e+01
1.669489982502334158e+00,7.465587211855221339e-01,7.183203036382927564e+00,4.579533691652061833e+01,4.781070823262795955e+01
1.004176615429184238e+00,8.036645944651333195e+00,2.575538157866108691e+01,4.775260670915409378e+01,1.997013397107425092e+01
3.517432876682207166e+00,7.518372691319261669e-01,5.521037478491545691e+00,4.678969167169937826e+00,5.755620813687146864e+01
4.452410588507586198e+00,8.955613883900718220e-01,7.596837103376697264e+00,2.021844961317511036e+01,5.393658874566097694e+01
2.229897919255673155e+00,1.707429809077210692e+01,3.549237896341421816e+01,6.157461756603306302e-01,2.458147286724973668e+01
2.830062639148832382e+00,7.619035189074132575e-01,5.615006426339476775e+00,1.669554623489054590e+00,5.762545448337935738e+01
4.496584241140542559e+00,1.124178500091079780e+00,4.931697948972610490e+00,1.834169919405084670e+01,4.542523618545200748e+01
1.682328668123732385e+00,8.419570259055351613e+00,4.607426183006202081e+01,5.087636059043511239e+01,1.588855738699214903e+01
1.181837617493068926e+00,4.571866567636438672e-02,6.000856210333172847e+00,5.388011836180225345e+01,7.884110082245034334e+01
3.116058164972034028e+00,1.595315852240123533e+01,4.277856415553086578e+01,1.623871660570984332e+01,1.844142848503222609e+01
7.964463441218740947e-01,4.937280455827564474e+00,2.582935528925217028e+01,8.589634041832854905e+01,2.498722403547924742e+01
1.048925721183300963e+00,1.451519171117874407e+01,3.258542749172391950e+01,6.223560553355443441e-03,4.903905686599432556e+01
3.119902459429591879e+00,1.593521489543812208e+01,4.250658809416182038e+01,1.627424264800366771e+01,1.844142848503222609e+01
3.726358222968397665e-02,2.979531015009706074e+00,6.566139593989640311e+00,1.768535073268395763e+01,1.163658375701702710e+02
2.547287616988398895e+00,6.779367519302520684e+00,2.781184940427115038e+01,6.999749690827597703e+01,1.216010050498874406e+01
1.809883658703481495e-03,3.908389234455064809e+00,8.739605683180148077e+00,6.887961467369147783e+01,8.118057372310671838e+01
1.105982954403509078e-01,1.325486233136000891e+01,1.287572936680335545e+01,9.056060480436726179e-01,1.400499731289508247e+02
3.727516869583194836e+00,2.375668329805286361e-01,1.332074474609891190e+01,5.086366924119698751e+01,2.595902224023955895e+01
1.021721527003323748e+00,2.380997223801874441e+01,3.363618867020898051e+01,8.286384295901445540e+00,2.448142443640310262e+01
1.547336949510447424e+00,1.758967715192078174e+01,8.088620671711435964e-03,2.359558435539790366e+01,5.572559476332721573e+01
1.055895843060886241e+00,1.584431487905029456e+01,1.752920550351457862e+01,7.872413754584822954e+00,2.498784325869563716e+01
1.197139166858344865e-02,8.651758083018423306e+00,1.886999857034636463e+01,6.780915779778479191e+01,3.140289850187846099e+01
5.206892665788640073e+00,1.124178500091079780e+00,7.514775336807407058e+00,3.388537359431609275e+01,2.519906193731133470e+01
4.539429206599837618e-02,4.789878538703886690e+00,8.286317510561312716e+00,3.220395894038856710e+01,9.050337635186619423e+01
2.145278595806316524e+00,4.470019695696338502e+00,1.300292148074571469e-03,2.303518867849037832e+01,2.743631664986593321e+01
1.790367193481851249e+00,2.876098739674650545e-02,1.223014975870815135e+01,2.287347318819766429e+01,1.319979529441366140e+02
3.557734445329888029e+00,1.266212957673792161e+01,1.370622279568308421e+01,2.949011287691779160e+01,1.326244649207916382e+01
5.386573797614501835e+00,6.559606176758912000e-01,2.279217370035226509e+01,5.820756793612255064e-01,4.716783357125303411e+01
1.743935472560682268e-03,1.636552783835104563e+01,1.461195343431901783e+01,5.190065316016143981e+01,4.072168791502700458e+01
1.282070182621595889e+00,1.083998093066987067e+01,1.580569294059739960e+01,8.973973116498503089e+01,1.150038088896511823e+01
1.649206872435033111e-01,7.713294180759854513e+00,2.091245324597922561e+00,1.385669069857856428e+00,1.071410861057634918e+02
1.739567147953437365e+00,1.447967931338380154e+01,2.010466858774834620e+01,1.325170814385741129e-02,5.312985150333143025e+01
1.788136983027044824e+00,1.363005115098007991e+01,6.356509939299158418e+00,2.456385633245339317e-01,4.967988494454198900e+01
1.173252146328954915e+00,3.814886990547348283e-02,1.264711207274384908e+00,3.789532303200782337e+01,1.107264370852655162e+02
1.157969907413642779e-01,2.297721842537521297e+01,1.669354500820287157e+01,8.446336446081373595e+01,2.507185081872059484e+01
1.184774623511399838e+00,1.409500570447449874e+01,1.752454185279852736e-02,1.886157083894602593e+01,5.738672925864139529e+01
5.852054277655194259e-01,1.434415667362799773e+01,1.047145837084784148e+00,1.273736972189918548e+00,8.093347795286166502e+01
1.512389439797194313e-01,1.421073159364732064e+01,1.522887950124336598e+01,8.435770159913867872e+01,2.466688908599482488e+01
2.515444121512734110e+00,9.284219892442251876e+00,5.082210746437777482e-01,3.355227558586745573e+01,2.562461374114260337e+01
2.272351321371185229e+00,1.232371504269558926e+01,4.583205772043109860e+00,1.426797445538136522e+01,2.544979683124174841e+01
1.717405539547084414e+00,8.201582219025576492e+00,9.864255483894954324e+00,1.225323864081243386e+01,2.597300043342730902e+01
4.286996165180120499e+00,1.247808933951628596e+01,9.372567955564100828e+00,6.388005350323903997e+01,1.277502787979148025e+01
3.985811289258771317e-02,6.487445271948463876e+00,1.646834118331960894e+01,2.257074687222257126e+01,5.662464985311837040e+01
1.704322214144207814e+00,1.437316070096692755e+01,5.026602539675598891e+00,5.779520240604163125e-03,5.918409866537915320e+01
6.891160128728880674e-02,2.483935150749591969e+01,3.583578495292110233e+01,2.558076028658393142e+01,2.477487273539329848e+01
9.999033056787147086e-03,1.471272247525966970e+00,1.122653563724671066e+01,2.760076130115910331e+01,7.877693451194643615e+01
1.332181459390961997e-01,2.600550130057640796e+00,8.189587547117133326e+00,5.606668088132755656e+01,2.636552062592415879e+01
8.765975678019142237e-01,2.192027428043893877e+01,2.168659150974172434e+01,4.382817085576624194e+00,2.539521691349664678e+01
5.575425693356431470e-03,5.281168719665900291e+00,2.819290288099216824e+01,6.203175794825771305e+01,5.384245525135553834e+01
9.537698520786433778e-03,5.186211298959225502e+00,3.259574494826311764e+01,6.120744753603656108e+01,5.347747797990849250e+01
4.461504268713234467e+00,1.237678187559265730e+01,1.106393195462775259e+00,6.349074161445537356e+01,2.430345745243079492e+01
1.565116476893861019e+00,1.348888303238057951e+01,2.505306956268979235e+01,1.672838285636489564e-02,5.321149464462902756e+01
8.573021545409404819e-04,1.085979226987076451e+01,1.501513015324774791e+01,8.772445280724811312e+01,4.055135903973254585e+01
1.041377834378414136e+00,9.420448441925782096e-03,1.089551765862692712e+01,5.913902506401218773e+01,8.695427701804365483e+01
2.379408994772004959e+00,1.292735920468088384e+00,1.283860559477366881e+00,3.509059395916764856e+01,5.537554943934155460e+01
1.094789777001717646e+00,4.468079463001586760e+00,8.863499639515197259e+00,6.136731827483420432e+01,2.416108269511667572e+01
3.385671301137543665e+00,1.657845794776259396e+01,9.813694292539910435e+00,7.436425226991230986e+00,2.504997773184286558e+01
5.455465360890794813e+00,6.464252179088550987e-01,1.198112774299473315e+01,6.137527067551054039e-01,4.718347462545480653e+01
1.169257560894901626e+00,5.342620063465787439e+00,2.216107501637945010e-01,2.117190835774133717e+01,7.840803427493457889e+01
1.144026436491914822e+00,3.395985133099256537e+00,5.788839669623685458e-01,2.835245894477246864e+01,8.066874423973173691e+01
5.454247623910323320e-03,3.415355356995469549e+00,2.954059437969991109e+01,3.259005362589407184e+01,1.112388598001145112e+02
5.802633259771924207e-03,9.324513096541547696e+00,2.637987547010558487e+00,4.943550005948645776e+01,8.306100595731280123e+01
6.200040890102680776e-04,1.056994932792928843e+01,1.507014901478499702e+01,5.721122719339719254e+01,4.107640077368002096e+01
3.635920857737609535e-02,8.461132984724702766e+00,1.215812931337935332e+01,1.743542073920630031e+01,1.144009750876950875e+02
1.421826076236522907e+00,4.262311119672222981e-01,2.772435529128063081e+01,5.792178700151003312e+01,2.824976588242879671e+01
4.189364391491898904e-03,1.046102647567295918e+01,2.349551182037622965e+01,8.488445282723807850e+01,2.530597670133110455e+01
3.896395558307717444e+00,4.901615758569353998e-02,1.664293838085852428e+01,5.743192602110424616e+01,2.681297489581351456e+01
1.073439813435484336e+00,1.052201788403707150e+00,1.165122281666491455e+00,1.727188465364834613e+00,1.164370590033669544e+02
1.643998902249924177e+00,1.164338021504012488e+01,8.705308044948878443e-02,1.359130017312955019e+01,5.496946451682180168e+01
7.033466926065004010e-01,1.138581794112157652e+00,8.433811093918702539e+00,4.023304664045843282e+01,5.713494324983777517e+01
4.319851607407668853e-03,4.794825774621658709e+00,1.802655900531417554e+00,8.221948889411561368e+01,2.691937348185641454e+01
6.209568252969649649e+00,4.331588761670959187e+00,1.346175930007118815e+01,4.263107929668900908e+01,1.610320497196406819e+01
5.529779093343921426e-03,3.418292366891815703e+00,1.926715648877895148e+01,3.275711897197396638e+01,8.100448847694910626e+01
5.750751997022338947e-03,9.307772786554007638e+00,1.123186138788681099e+01,4.814747142132596025e+01,1.125403540123674873e+02
9.012378134655557593e-01,1.341876276670855361e+01,3.739380112696502323e+01,1.459540490147197644e+01,2.475080914996270565e+01
1.648401013901128032e+00,2.449331634801682478e-01,2.530024262017222725e+01,4.424970442974887952e+00,1.289252958497842485e+02
4.811153909389336708e-03,3.293252279718129838e+00,2.018480743350360029e+01,3.257483456656643739e+01,1.286035325896874895e+02
6.806551003474928252e-02,2.134847151811492694e+01,3.577172061358679400e+01,3.088860269949442028e+01,2.479524529196148208e+01
1.239924165613385476e+00,1.654151961506145341e+01,2.200610250252043459e-02,2.148074504217102287e+01,5.106749809965663189e+01
2.058321252755939967e-01,1.652883919700053283e+01,2.914580530434018968e+01,4.720794634270610302e-01,4.589707707009713999e+01
1.375541700063667716e-03,1.054604256912183047e+01,2.137583304917335170e+01,9.040175745521902684e+01,4.049324904975151185e+01
1.835039567713794950e+00,2.367611305720177128e+01,1.419256431915430383e+01,1.964230517701986978e-02,2.572114252842838411e+01
2.849261068608610170e+00,1.924133541221669930e+01,1.307372233340452183e+01,6.231828938721021416e+01,1.332322968499490123e+01
4.222285520570904005e+00,1.322265633546526864e+01,1.332999190042199622e+01,4.376539957918959090e+01,9.833445503347288508e+00
5.206885441709088042e-02,2.437898698113150964e+00,4.656745367054594964e-01,5.326853092508154930e+01,1.143854987396711635e+02
5.387544776574271915e-02,2.339008586003292756e+00,1.055515276346595854e+01,5.321279957550737549e+01,5.304483423929015373e+01
6.485492025945181760e-02,4.129009556975841377e+00,5.561923211918150400e+01,2.242442130932860778e+01,2.582074062155852801e+01
1.308241752700752381e+00,6.631029565436950435e+00,2.353799902383693166e+01,8.006804058283185555e+01,1.986241060290053184e+01
1.480148893080613509e-02,6.459060757494163418e+00,3.294474346656492969e+01,7.191210905470312298e+01,2.512594783654727237e+01
3.428847338683369106e+00,1.951301683809045784e+01,1.337732538491997758e+01,2.927207788398215627e+01,1.797958866819229584e+01
1.009045464581861673e-01,3.631067782047045500e-01,6.424043504725741371e+00,5.355890874915482414e+01,8.439508683552635659e+01
1.397616088354021402e+00,6.523776030207782739e+00,2.286120971669299706e+01,6.132079786466714211e+01,1.650092138914627427e+01
1.308241752700752381e+00,6.395416769831465231e+00,2.388808940425252558e+01,8.006804058283185555e+01,1.986241060290053184e+01
6.332370156005094185e-04,1.034712399931380489e+01,2.472028731152947501e+01,1.771717186307427738e+01,4.037515902524874178e+01
4.808167938701981940e-03,8.837655069176326705e-01,2.452730597579139982e+01,3.320047125987102277e+01,1.335299981084852163e+02
4.653451754604164492e+00,9.016724706979406534e-02,7.974619251437679246e+00,2.006163313084515210e+01,9.805518240148452946e+01
2.152042717003370687e+00,5.327556655285564879e+00,2.459986230380989980e+01,8.318944591288446588e+01,1.900531233180284474e+01
2.564843207414542192e+00,1.528268627539321400e+01,7.167243264534178815e-02,2.385329504172513992e+01,2.715935421732592303e+01
2.390434639685672824e+00,1.494693010337028305e+01,1.007851447832954894e-03,2.351966738716753369e+01,5.722199435106689691e+01
2.311756214808372845e-01,1.888051685060787932e+01,2.914268923268798517e+01,5.077226910376417962e-02,4.587413524398825615e+01
3.585391732819347865e+00,1.951301683809045784e+01,1.337732681584606809e+01,2.926308261668310706e+01,1.796810165509211288e+01
3.554781024677799550e+00,1.947588076625142151e+01,1.341101568875951244e+01,4.608058196885273361e+01,9.270159766699210380e+00
9.951145625650818262e-04,9.776366717393482730e+00,1.313163690733601285e+01,5.521346708032216100e+01,7.013327678253325814e+01
4.428524348301022227e-03,4.028794203829597187e+00,2.700504552079340215e+01,3.565916301560661594e+01,9.873994460364883707e+01
2.117202648375074436e-03,1.421835531675588271e+01,2.017496745544553249e+01,1.859646772971170137e+01,4.145795584622160845e+01
1.333140290663303307e-01,2.778929677284035504e-01,2.515416519321754407e+01,1.925023969388664824e+01,1.286980671715944027e+02
2.833363247903934123e+00,1.733006813650086997e+01,5.185930293357358778e+00,1.191955292264936617e+01,2.510316090352837648e+01
1.470718010697866562e+00,1.102559371300025504e+01,1.001067118046529598e-03,2.871051963247165162e+01,5.551649048350579108e+01
2.895771006428152106e+00,1.885834213341415477e+01,2.411175224487986668e+01,6.351870676720838133e-03,2.798896321224536976e+01
1.567952276345196353e-03,1.054653689263249738e+01,2.203885188247602400e+01,8.915403469351535648e+01,4.043820599185919207e+01
3.080825903643491070e+00,2.039575214893817190e+01,1.287043643145396743e+01,1.211166270526952005e+01,2.407228843129908924e+01
1.368635637124061832e-02,1.445945065565634025e+01,2.353117056470712853e+01,7.838108170394373531e+01,2.492777916237320213e+01
1.243872854796532756e+00,6.219513395842225734e+00,1.664517436716792531e+01,5.960922599041042247e+01,2.449443890769360976e+01
1.486949043554600891e+00,6.523776030207782739e+00,2.346544864653830587e+01,6.187781524758371177e+01,1.642567845594400922e+01
2.809027421034601790e+00,5.820531555057312234e-02,1.216643287472144230e+01,3.684746618798222073e+01,4.774849919604855586e+01
5.697075202625776630e-02,3.303665606203501914e-01,2.489607742419459058e+01,1.659287683477188935e+01,1.126516132698191370e+02
3.269313965799506283e-01,1.027422375920475361e-01,8.449621251408307998e+00,3.325286193213503338e+01,1.125866809964987709e+02
1.814972838197777882e+00,1.437943830970883141e+01,2.422820843823619086e+01,5.405591008982409823e-03,4.964596631928569082e+01
2.152619169313814584e+00,5.285198767673801257e+00,2.459917762498800187e+01,5.939157767281881917e+01,1.891937412833959797e+01
2.249575123945273258e+00,1.448293987060347376e+01,1.466942110862097515e+01,2.263347296844596102e+01,1.722125833664153305e+01
1.811702625197616268e+00,1.037913888383586336e+00,7.835554842479790505e-01,3.332570903192090128e+01,8.591497842286673858e+01
2.610792117556848604e-03,1.228157382837498091e+01,1.982824842089267037e+01,4.149485048873567905e+01,4.009789825246154749e+01
1.018717514800449309e-01,9.601254211643293957e+00,2.516224860821120402e+01,7.105217142320587698e+01,2.457182325816006596e+01
3.396536590070926929e-03,1.494086332892499236e+01,2.159567677711381606e+01,2.439880574424345383e+01,4.076315378990935301e+01
3.886395128370244922e+00,2.374365795981958627e+00,7.726775011464404486e+00,7.890693578862203594e+01,2.576556393790330191e+01
4.672529877507344942e+00,9.621336549685388206e+00,4.296739217557956070e-01,1.520760407428348771e+01,2.538079872367982048e+01
1.263048075151809169e+00,5.122095620454416263e-03,1.670845874530623476e+01,6.554215787243826696e+01,7.401960245772229996e+01
3.786560785452105282e+00,1.137905200082990831e+01,2.247369842792641492e+01,2.893389486763793883e+01,5.606008011448365025e+00
1.393269568390822499e+00,2.761032424460840851e-01,4.461081833553842557e+01,7.005981508243738176e+01,3.052210869232813550e+01
3.097608533273984999e-01,5.951812671433699409e-01,1.549768470612624682e+01,5.786059013642451987e+01,6.228162566705205450e+01
7.555093433635657885e-01,1.803649356324957820e-01,2.715360356321460955e+01,7.673856037136965824e+01,5.482055785257233538e+01
9.964586669629228455e-01,1.230275409218488036e+01,2.163407540231103710e+01,8.678647743891450261e+01,2.085490433916900699e+01
2.446148973299859364e+00,1.227215518202167743e+01,2.087903767235952113e-01,4.355430256977737002e+01,2.560300666043126228e+01
1.032818172541822177e+00,2.592128077649348228e+01,3.401857980234107970e+01,3.608386481053482697e+01,2.404338998315382625e+01
1.028450629049913800e+00,2.609107324666598160e+01,3.233634144155479362e+01,5.152093185986369406e+01,1.575876517170451230e+01
1.363659339256672487e+00,1.411953620072339000e+01,2.086561823020815964e+01,5.405591008982409823e-03,8.410569325396369322e+01
9.611838907455378944e-01,1.212441610926774693e+01,2.162061368853262167e+01,6.962887154914682242e+01,2.170093382345623212e+01
4.058698757313518257e+00,1.017458885906914290e+01,2.488870870333513352e+01,1.514688181006286705e+01,1.733389831442142892e+01
2.656374292731422226e+00,5.327556655285564879e+00,2.533876917491249259e+01,7.927741134508387688e+01,1.871753643267867062e+01
3.926490036502289227e-01,1.295506973487347935e+01,3.872036861401715879e-01,4.778693899554271241e+01,4.076739371463720829e+01
1.012099244485217042e+00,2.630483325927046678e+01,3.238683528320564875e+01,5.174333204116910423e+01,1.523949172692159593e+01
2.916255811406315956e+00,1.077659787114443546e+01,1.941834642025239077e+01,2.883791288678393983e+01,1.221755192959179759e+01
2.054725632474278196e+00,4.814772976706867880e+00,4.007147342332652643e-03,3.916795973981737689e+01,5.645486362572471251e+01
2.809039151313959870e+00,2.723494795524051604e+00,2.948418269861212337e+01,7.859983023261442270e+01,2.458958139399567600e+01
1.462318739688813318e+00,4.221102603098074724e+00,7.350210222023606348e-03,2.610407994262625664e+01,5.673330075950349283e+01
1.274482705282273809e-01,2.736013026525707104e-01,2.340823282629839497e+01,3.034677050947142618e+01,1.282189022435386505e+02
2.360225945809631298e+00,8.852672883416582650e+00,1.790472464979731271e+01,8.219475315138788574e+01,1.003092589757496533e+01
1.541802189312701854e+00,5.122095620454416263e-03,1.611611199355135682e+01,8.260380072968904130e+01,6.915415752508141622e+01
1.989518257146210889e+00,6.696446660514284756e-03,1.536428874328164795e+01,6.633114910312418999e+01,7.391575974161105478e+01
7.640712500656074990e-01,3.449207817275153076e-02,1.041701922453933804e+01,6.668477242142012074e+01,5.235066222384247681e+01
3.767847942349201062e+00,1.644007980179127770e+01,4.783298534097262689e+00,2.889328613166100723e+01,2.404038174859778465e+01
2.854400325972885177e+00,1.337387090096179287e-01,2.441007887447665503e+00,2.722481453163443632e+01,1.032578294616890844e+02
3.767188498123564155e+00,1.630036552112547099e+01,5.811401443448511728e+00,4.261974291775505463e+01,2.387741833222339949e+01
9.006883880644741547e-01,6.651212599517680069e+00,2.438001668573961567e+01,7.024129163665178421e-02,7.599164107076896357e+01
2.189737058095407640e+00,1.149523585673855486e+00,1.869736296105223161e+01,8.069587280982663202e+00,2.502411200880906961e+01
2.826915984455431019e+00,1.138057839944921312e+01,2.247352753641596124e+01,6.725094437494030331e+01,6.776072658766746137e+00
1.437172871065911517e+00,8.852044968825698135e+00,1.790430746228049586e+01,8.253789706433813933e+01,9.415874101591990453e+00
7.383886310497229655e-01,1.255174220235204530e+00,2.608445178550224064e+00,1.737147783209124796e+01,9.593287343288301372e+01
5.350492403501966976e+00,4.002255253904869470e+00,1.680407905893207854e+01,5.904214116899947840e+01,1.809429785144016734e+01
9.676746527667237988e-03,1.738870188458325750e+00,3.000588258822536147e+01,5.764708817942901931e+01,4.137398112754461010e+01
1.446374962877568837e+00,8.607207003370113796e+00,1.232627561133484984e-01,1.054025581262335898e+01,5.697318163456933604e+01
4.918899821536644457e-02,1.054838163208373647e+00,1.167042450024002598e+01,3.184696678260864999e+01,6.909705517450345269e+01
2.215488413080210162e+00,8.096536624436723173e+00,1.086101759287772320e-03,3.160257410217801777e+01,2.925761913773579082e+01
1.511763432657200923e+00,1.203225569012493779e+01,2.580008108810789480e+01,1.724523083791518019e+01,9.647511335004988808e+00
3.136486771638558935e+00,1.660234352035097771e+01,2.474881374335751616e+01,1.817355649940591178e+01,1.704601334530013901e+01
1.676102955332853472e+00,1.199766086142624744e+01,1.229115631319556701e-01,2.233890383653175959e+01,4.236858271513106899e+01
1.294103748999656744e+00,2.263764191278533344e-01,4.621432633394553235e+00,3.704540612671621602e+01,5.166465031688544229e+01
1.203746854564717861e-01,1.949989162228017658e+00,1.635324422069013295e+00,4.301690645939400071e+01,8.475907276722379891e+01
2.321335077120330492e+00,4.740297873929519984e-02,1.824254128080873727e+01,5.410996555307929157e+01,4.732403443836606982e+01
1.433618864450844521e+00,8.774590892972776501e+00,1.232792556249345389e-01,1.152179087051712614e+01,5.572195887184003738e+01
1.483322928201356028e+00,1.127010260527836749e+01,9.965747079270568902e-04,2.714404312421945065e+01,5.686922703395021017e+01
1.431249388326851779e+00,3.233103776253172690e+00,9.705776255387708884e-02,3.207839356629950345e+01,1.421004737434274148e+02
2.690437848969944312e+00,1.225432179528452847e+00,9.009991302343415276e-01,1.577020705896856434e+01,6.740774728896174395e+01
5.270809824086630790e-01,8.051391260658697507e-03,2.561805802274172095e+01,6.647608265603234656e+01,7.138090482318912677e+01
1.754462882234898213e+00,1.362413336381127849e+01,2.088613630436549684e+01,2.095979349424089908e-02,3.992489050532595485e+01
1.678983226617067684e-02,1.017222121364519793e+01,2.013315994006019949e+01,7.805888632202075428e+01,2.648202818015317206e+01
1.144179845669488937e+00,4.392310105198611758e+00,2.407531191105562840e+01,8.755158002518786020e+01,2.138832671696663468e+01
8.258544352119182586e-01,2.303389875065232559e-02,1.656265149690711524e+01,6.554312275580157632e+01,6.820636700035001354e+01
4.254521485854984242e+00,4.130177395281814157e+00,1.382716297983428788e+01,4.353535966294309389e+01,1.427615705346490316e+01
2.466745454404018822e+00,4.314360079512696622e+00,1.416959273953922249e+01,8.703589971412439752e+01,2.153134691277101709e+01
4.971331905799602602e+00,1.819722632749674607e-01,1.152890673003438504e+00,1.991002582069855720e+01,8.928797733103614576e+01
9.960563134880059399e-01,1.472983832541597948e+01,2.358276613169180891e+01,1.354431984417731050e+00,2.820229242835880612e+01
2.396053053283809575e+00,4.447969105651463195e+00,2.150066727752793838e+01,8.499450593962011169e+01,2.097941965460702818e+01
2.207681487174512291e+00,1.063506352839700497e+01,2.820137419395489076e+01,6.684601777232143149e+01,7.626303033306819579e+00
1.460061327366378947e+00,7.909671583965485198e+00,1.218884565899207642e-03,2.715791753940997921e+01,4.774832036404536950e+01
1.352605059086881667e+00,5.031527563290782989e-02,1.811379421401937151e+01,3.371190643844559531e+01,7.129912735125191148e+01
3.113138629880502162e+00,1.061908708132373391e+01,1.629178273038388625e+01,8.577402575499088755e+01,1.032988243274873774e+01
1.415782644715098737e+00,6.014333536206668107e+00,1.125851673675418496e+00,1.471968480159477899e+01,7.643664316150648119e+01
1.150291568777837448e+00,2.393939773337500299e+00,8.606559703470228584e+00,9.752033412510432431e-01,7.845606327819901082e+01
3.951312133960166229e+00,1.424791178963075922e+01,2.463768156002237930e+01,2.792786390341210279e+01,1.685815560272155622e+01
2.775030948679514164e+00,1.476573193312830934e-01,8.370305243048616006e+00,4.048199986826433872e+01,4.220298787504394511e+01
2.464667104803416997e+00,1.156727924743302083e+01,2.246260637662511073e+01,4.629815257979721821e+01,5.921123187369952134e+00
3.716233541149006392e+00,4.095866379216420938e+00,1.394975143045443389e+01,6.515488876697942544e+01,2.151057033649216166e+01
2.837309947359787365e+00,6.919221036785740075e+00,1.820833076085148150e+01,4.644287708535177472e+01,1.060892279704314589e+01
1.001623333063478949e+00,1.499096600903494547e+01,2.088613630436549684e+01,4.953345848980214017e-01,3.989643299429864953e+01
1.260793754075353768e+00,8.435496618924044621e-03,1.680821230761522500e+01,6.561097320301820446e+01,4.958263299204320873e+01
2.509931270050739904e+00,4.160654843021840410e-01,1.722509024546830148e+01,3.084636893453512330e-01,8.262256524141086800e+01
4.158502429795855049e-01,1.327817497838488414e+01,4.374376216125352812e+01,1.337985545136487264e+00,2.629348355244657043e+01
1.200246722709952252e+00,9.791310911699861730e-02,6.026786855468696302e+00,6.906154156283986367e+01,5.007567467769051461e+01
1.249388913408333357e+00,1.292152715677183039e+00,1.143034545252928602e+01,5.094832160078404826e+01,5.441302818011533304e+01
1.235560585578018428e-01,2.003125948587741734e-01,2.532262079854530867e+01,5.616773503151171099e+01,8.311254536657381209e+01
6.642864123186414949e-02,1.266459735886622973e+00,1.251017120674818406e+00,2.318637750026145028e+01,9.574828262166933257e+01
4.666733875391632647e-01,1.099354742482281655e-01,1.632301889976435305e+01,4.667702954903332113e+01,7.553855254608653524e+01
4.486995876265224226e+00,4.001956523613238836e+00,1.674303507458252938e+01,5.914422725864271513e+01,1.826820518749208233e+01
5.827451320293428605e-01,2.114475084909864799e-01,1.972675277906840918e+01,2.673806311612822562e+00,1.331104722776480571e+02
1.483020461347717811e+00,1.417579058578858309e+01,3.427669708465210050e-03,1.110579120111751905e+01,5.840387786131294234e+01
2.005417747498303260e+00,1.126891869684140701e+01,2.613540602487711340e+01,5.294383373869580112e+01,8.944579412720162992e+00
3.386301155844504973e-01,1.762305711007168818e-01,2.781943385992133422e+00,1.751845594312892374e+01,6.609697532461737524e+01
4.979907498146907585e+00,1.124624342392963605e+01,2.293753663062437198e+01,2.855450094016966389e+01,6.873581978059090325e+00
3.935030318169747687e+00,1.447750669613906638e+01,3.630650365061313778e+01,1.560338787696311869e+01,1.657980157642353447e+01
1.840671474587567413e+00,1.598803945788737080e-01,2.289885272773105740e+01,3.197947883275729097e+01,2.519353335809447358e+01
1.133296026056247907e+00,1.156691840097146162e+01,1.138487846996965730e-01,1.151828493566491041e+01,5.676425311441435184e+01
1.506339326130397893e+00,1.405184149880610178e+01,7.119203213244723605e-02,1.066971256722948702e+01,5.969994552808579158e+01
1.840528703395288401e+00,1.463059372341190267e-01,1.478245764940969664e+01,3.050099257857642598e+01,2.946496550425771943e+01
1.259459026898305467e+00,1.705112076445462060e-02,2.567200446002744485e+01,6.554215787243826696e+01,6.983079860440059861e+01
4.200844607362226313e-01,4.324304556038160996e+00,9.829982637475536578e+00,7.694728498308128906e+01,2.520763414470612318e+01
1.090239319538959473e+00,7.268002275370806231e+00,1.070103267107404554e-01,3.551995039202195414e+01,5.788779140084485419e+01
1.535846548039239812e+00,7.008080318966886102e-02,4.031584428450962321e+01,1.681927300907398148e+01,2.563469334697546742e+01
4.369264829013372875e+00,4.140802489399634467e+00,3.083351310803000445e+01,2.689364433918944286e+01,1.612263233632453563e+01
1.251438212015242968e+00,8.188892391664150949e+00,8.955257457030610380e-02,3.140174652786095422e+00,5.893646338239621230e+01
4.628117615880907310e-01,1.333921544485326471e+01,2.520383079681397831e+01,7.331479941218354668e+01,2.447975248410511995e+01
1.876977569919952460e+00,1.885316815245774436e+01,2.424071282493590829e+01,4.049068401641137127e-02,2.816868819281633307e+01
5.462768597252340541e+00,4.002010808752919147e+00,2.508460203876723682e+01,6.385850469855983391e+01,1.749603035436827270e+01
3.743927526675296491e+00,1.722870235500472802e+01,1.529173767706692288e+01,5.664095089575627640e+01,1.020414379877432154e+01
1.279680676051555333e+00,1.292205413547361070e+00,9.243327727563896090e+00,5.098111858181673028e+01,5.441215068998805293e+01
5.168832795755068155e+00,4.050687753188299212e+00,2.520279322270987166e+01,6.415236317197853566e+01,1.723628969671192124e+01
2.875896844042419298e-02,2.633486832430223856e+00,1.509100082003936905e+01,5.462083640906466542e+01,6.218534052295341041e+01
1.027145541373316817e+00,1.065799427555916523e+01,1.341194496520989787e+01,4.634855549852910372e-01,4.940840429328281402e+01
1.551350969379396427e-01,7.652124323571486642e+00,1.932116545011196251e+01,9.148094721740525870e+01,2.488481308167997597e+01
1.372022881296673935e+00,1.716634812913956409e+01,9.372048948415320031e-04,5.547559292830597144e+01,5.679869744270335019e+01
3.779725759130979856e+00,4.771881090560198047e+00,1.339670293249724864e+00,3.515825986659726254e+01,2.472103527431832148e+01
5.899255025868527106e-04,9.824812953686802075e+00,1.993784497981933512e+01,3.956661615510554952e+01,4.079727791255969294e+01
9.922312983776625517e-01,1.454289146719575654e-02,1.007584231926881202e+01,3.787836881942622824e+01,7.429951737074672735e+01
1.363717124533792902e+00,1.241504805594882521e+00,6.829350067137191616e+00,5.097995911527699775e+01,4.972117876806433401e+01
1.076101880886403794e+00,1.469983684222834164e+01,1.810835090918558876e+00,2.306773027714148228e+01,3.005888374884545655e+01
2.710898142368625002e-02,1.951374630125052023e-01,1.968348421758378919e+01,2.811959144533500599e+00,1.331231597527183794e+02
4.326444149092454894e-01,1.170206400048952133e+01,9.114656411675582659e-02,2.217799723033593651e+01,5.616453256629488067e+01
2.758314396313142680e+00,1.127142630142426682e+01,2.245328812933732365e+01,2.820272405685140882e+01,1.316438402870070412e+01
2.744218501893858075e+00,8.219395461811246362e-03,1.670845874530623476e+01,4.756874321369761560e+01,7.508926426390816289e+01
1.998679252765573899e+00,1.216555421867220460e-01,7.388780349539258996e-01,4.979768069262289032e+01,5.520202989729871490e+01
2.445846669287263353e+00,4.104614587739856546e+00,1.356109357629959078e+01,6.206527755764150811e+01,2.366092506200474332e+01
2.721639531310100057e+00,4.811700613405857752e+00,8.185961634572445078e+00,4.910559646340151829e+01,2.507654569499130304e+01
3.866827878507750251e-03,6.820509100118931300e+00,8.134547516686930990e+00,5.544253256914700501e+01,4.093256398383813632e+01
4.443665945250030447e+00,8.287101351596916743e+00,9.471375276643120955e+00,3.686782752528696960e+01,1.437168356961682036e+01
4.360016788897406848e+00,3.941706431831914603e+00,2.984786420213335845e+01,2.711525969981174100e+01,2.255947298589201822e+01
2.542573437246102408e+00,1.415169217228196175e+01,3.152122313663222997e+01,4.494031209298540830e+00,2.443855093101741005e+01
1.828507032992152670e+00,1.435905051798459731e+01,2.422820843823619086e+01,5.193661314788409339e-03,4.963930890935210982e+01
1.198236017441930645e+00,9.791662396112536804e-02,6.419064021344420112e+00,7.457087201674757182e+01,5.001395935522040759e+01
3.703114381899144547e+00,1.150117089392224540e-01,4.617795358485037305e+00,4.410091112431388893e+01,2.891872035653591055e+01
5.203391994866311127e-02,4.968914197968882007e+00,1.517248408861299147e+01,3.671844313689826578e+01,6.218836306665357938e+01
4.971962069925709216e+00,6.395541709605680580e+00,2.573897757991635515e+01,4.492059799293699029e+01,8.880515044038599370e+00
4.362800751902830676e+00,1.185293726493614336e-01,1.974835750498859710e+01,2.710283958224955114e+01,2.777945876081199827e+01
4.574295092035255195e+00,6.976597490556264880e+00,1.345355360945410084e+01,2.924226498496355475e+01,6.899190289170442192e+00
3.163246595989636756e+00,1.145050140311797193e+01,3.003787231153917503e+01,2.893442711021278413e+01,7.072302114381742832e+00
5.122299397710001756e-01,1.702545729271692565e+01,3.226996579473129928e-02,5.620258455019649091e+01,6.016852051969124204e+01
2.353564842431215887e+00,1.412784687820463603e+01,3.876213372953322966e-02,1.068148584173732019e+01,5.626421087627659290e+01
2.958621473610708374e+00,1.137915887988703290e+01,2.327313845823464789e+01,2.855444173805645036e+01,9.442186286403192241e+00
2.023176571803886326e+00,2.160399102895029699e+01,3.342973389011763174e+01,1.645295016314974390e+01,1.972407862884818286e+01
2.747058442720712090e+00,8.205532252355658696e-03,1.449999210851121134e+01,4.755523897680659218e+01,7.503209847318491654e+01
7.308662050562659829e-01,7.870422553982191261e+00,3.635291057104022627e+01,2.559726574456389869e+01,2.528226456225754504e+01
4.257172069499801204e+00,3.794659548563973583e+00,1.373205784937216833e+01,4.361905895419150170e+01,1.992952449946725579e+01
2.057511069543765281e+00,8.652908301456621487e+00,1.317730321892295109e+01,3.095510184482266425e+01,1.060943527531608233e+01
3.657635810263748510e+00,1.187627231507136366e-01,5.106625791706406403e+00,2.791993120279310858e+01,6.027759807540546433e+01
1.963523672908930706e+00,6.882987734471013752e+00,2.525886506713376178e+01,2.679410577187551468e+01,9.044666831006511032e+00
1.802988613762216341e-03,9.175052827337335515e+00,4.041664173198959276e+01,4.456470852259876381e+00,5.404800931081322091e+01
1.672202715783807303e+00,1.402939109800188788e+01,2.363930339830725913e+01,5.726088916576485555e-03,4.963181503505172998e+01
2.000074620039099749e+00,7.255706477197417570e+00,1.578660427913818687e+01,7.896488364914235092e+01,1.648362830928926570e+01
2.421683094371077427e+00,4.823106588524910844e-03,2.696221118348328361e+01,4.777538875936500062e+01,6.971771547513556300e+01
4.184399576498508466e+00,4.320442275104163343e+00,1.383983772448084792e+01,4.588682874231120934e+01,1.425767561400774497e+01
1.635995856469782406e-02,2.688467888589944010e+00,2.282435414949689800e+01,5.807620879771344846e+01,4.501091447182729155e+01
1.961176951360797727e+00,7.105378238138227331e+00,9.089441763600095925e+00,7.924308606801791655e+01,1.892567337904874591e+01
1.671339401780184364e+00,1.082080836692435738e-01,3.548273590462743243e+01,3.258976076812407197e+00,1.339267252950225497e+02
3.722160578319219759e+00,1.310514602914509275e-01,4.505585437914812807e+00,3.362831700585352479e+01,4.337736332707696363e+01
1.946989184597526901e+00,3.826280922133771245e-01,1.078866487879153846e+00,6.898418080242886674e+01,6.599608735254648195e+01
2.009121393409515122e+00,2.912379338426377973e-01,2.096691120406143938e+01,1.656255097827320499e+00,7.754298464442413774e+01
1.512174621483354020e+00,4.029619528461709232e-01,1.599943576234069731e+01,4.782955999161794836e+01,2.469378348540760371e+01
1.323233220941111288e+00,5.538564878467261421e-02,4.573507384676789655e+01,2.851456016974979191e-01,1.038939169867006882e+02
1.602641575627517412e+00,4.691707641113291444e-02,2.789279943945327034e+01,3.358237517185534671e+01,7.524931695761850392e+01
4.435969130829575668e-01,3.528587053829621567e+00,1.444278510902729629e+00,7.025352695007043735e+01,6.634387248264900450e+01
8.557287849981642935e-01,6.656438786012824238e+00,2.425261335154045383e+01,1.980673119412564276e+01,2.508734170813004383e+01
1.899756421014593688e-03,1.094269046861797534e+01,3.616882595334611494e+01,4.485561947435404484e+00,3.849166712004019075e+01
2.797645350809479403e+00,4.364010675524226279e+00,1.385158490519002683e+01,5.395750599115805102e+01,1.085734199066112815e+01
2.948516124606134881e+00,8.588988538625516256e+00,2.318486748023716615e+01,2.895082477590906933e+01,1.230099398323016757e+01
2.805358688275230605e+00,1.208061179263958707e+01,2.460814972556681113e+01,3.391406422879136073e+01,5.595143019811976259e+00
6.385658256238325059e+00,3.985332952316288146e+00,1.696924280394683393e+01,2.768985325332696590e+01,2.485524333218684845e+01
1.660931981218007891e+00,9.109054443980602045e-02,3.633194623403000634e+01,3.072470597746110421e+00,1.327708580130842222e+02
5.986258759949539821e-01,1.867797998135571902e+01,4.121236877183763880e+01,5.341710493773007551e-01,2.655982545080342305e+01
3.717540155868905405e+00,4.325886616117000649e+00,5.166096875721615689e+00,5.408771397318579943e+01,2.462475659231607139e+01
6.605284839874701365e-03,9.510725116315448702e+00,2.012699701284302733e+01,2.191749977317067177e+01,9.549903085257517432e+01
9.552356013525927780e-01,7.311495561530202636e+00,2.554913445623157475e+00,2.411607068187986158e+01,4.102480594331318287e+01
2.504562374766769572e+00,7.515410231634282567e+00,5.679421989336164955e+01,1.669929123818024441e-01,2.707945961591402906e+01
1.377415200341675749e+00,1.723294498636095184e+01,9.372048948415320031e-04,6.804380660777768242e+01,2.730271210612205834e+01
1.026413481327630883e+00,1.238879918508630951e+01,1.833344982489052560e-02,5.211508201275213281e+01,5.699994859888240484e+01
2.812484580036991311e+00,1.011175052351607562e+01,2.622999379182436996e+01,2.827776777330957358e+01,8.439158971717201752e+00
1.407265911178841478e+00,1.154656084298343011e+01,5.261989675719124904e+01,4.056966327890517476e+00,2.451071487168546525e+01
8.713718800638562412e-01,6.242911399823503515e+00,2.319022686058223570e+01,3.086164195116040787e+01,2.510410293657898961e+01
3.622191563071244236e+00,7.658250473006447123e+00,9.476640943762116853e-01,5.043359711782228771e+01,2.587833718183624754e+01
4.938182102794559825e+00,6.417839906233506753e+00,2.574505157588390247e+01,4.741407019723283156e+01,1.000433359129992184e+01
3.319422103921825684e+00,4.131264212309078698e-01,1.979415889422669750e+01,1.082665255968909168e+00,8.394860293861700029e+01
2.468195350591909865e+00,4.837067528995531857e-03,2.710899409463388565e+01,4.641494205553528474e+01,6.990552611347516176e+01
4.247994737775522722e+00,3.941745910895155358e+00,2.984764853491972048e+01,2.701769121009905206e+01,2.301763713073141560e+01
2.541439073980287233e+00,4.806062389440314900e-03,2.696243397523030438e+01,4.562109790367460960e+01,6.898138164736188571e+01
5.333238218993205493e+00,8.456218505347161685e-01,1.773519330569168773e+01,4.648516750825991295e+01,2.446410255565716341e+01
2.378105439725338499e+00,8.492309853345968662e+00,2.353456812969664469e+01,2.858147738847523911e+01,1.521783945516081005e+01
3.307314848283936293e+00,3.944677205671128228e-01,1.218349519713537887e+01,1.300554484510712872e+00,8.435639242619578226e+01
1.388395257571054843e-02,9.492515276491429788e+00,2.441715840957703421e+01,2.191716842563397805e+01,9.492268181698004526e+01
1.819645674513460099e-01,1.291580698821712758e+01,1.648385270234889788e+01,7.353577863205649123e+01,2.416269318182607151e+01
2.305454035640399912e-01,3.848783620402960626e+00,1.607922508703302356e+01,7.048900991311664033e-01,8.193235882559632444e+01
3.662597536149202887e-02,2.049783389238593045e+01,3.281636424190008228e+01,1.020983413940843754e+01,3.528900330897181448e+01
3.472243948990413193e-02,9.392650101779647542e+00,1.650787412438013391e+01,4.156975782417381993e+01,4.026332761275270400e+01
1.660244241821458910e+00,1.044579130743382156e-01,3.830973412585993287e+01,3.964734702191369919e+00,8.283708750538643528e+01
2.948347832906848875e+00,8.588937619627387221e+00,2.351825282737716449e+01,2.901954073658401967e+01,1.476400781121734518e+01
4.451017172345880443e-03,1.038418744206626343e+01,2.087821048173762506e+01,8.371984889710251121e-01,4.078092137650742899e+01
3.645772587097009687e+00,4.326975467664198050e+00,1.311083210450829739e+01,5.256101158502373494e+01,1.984883566631141960e+01
1.129722375252320693e-01,4.756336106994053736e+00,3.144115936948483903e+00,3.581314384279965424e+01,6.490576208351210141e+01
1.420487660145587139e+00,2.523936830134710513e-02,3.353376610336670893e+01,1.756048161309623978e+01,9.791519692571540645e+01
1.390906486829121880e+00,1.538240897064211765e+01,3.442983953668709063e+01,8.167289109624862459e-03,4.701845645986002609e+01
3.691011770043358009e+00,1.056360296264220189e+01,5.173032098614601892e+00,6.062969331702483089e+01,2.462516483014850976e+01
6.180014669533334448e+00,8.555999544856961236e+00,2.328374796449818263e+01,7.325566575481086140e-01,2.550155216592499485e+01
3.146923096155985533e+00,4.409767719505965466e+00,4.951192144372347315e+01,2.274252053130109419e-01,2.737146931099662339e+01
1.114351045204857282e+00,3.090483466515975969e-02,1.081904395422462706e+01,6.949857654473764512e+01,5.140276536083240444e+01
3.652334771786335477e+00,1.208069963255113777e+01,1.590786384287476807e+01,6.352988759542578379e+01,8.329833712344791863e+00
5.378750302173891384e+00,8.895674228602931111e-01,9.974949688546722371e+00,2.923329438403125380e+01,2.468869161635862497e+01
6.270914003998817599e-01,1.732625416003550001e+01,4.102826648925661601e+01,2.993268952247070680e-01,2.629870623465536994e+01
7.937003494245577218e-02,1.274408633566176619e+01,5.904190503850275995e+00,3.632827606141502486e+01,4.124624609008290577e+01
2.745677500810743243e+00,1.981970127424412587e+00,3.728510390657225892e-01,5.343013022833515890e+01,4.613756413309984339e+01
1.326180532628689956e+00,6.893444142097562732e+00,9.412744178367690395e+00,5.721095890366029169e-01,1.270487155425841195e+02
1.486061233102642598e+00,6.312571218173243515e-02,4.574472278972923078e+01,1.747087016554832450e-01,1.038523709289668204e+02
2.853447742867317061e+00,1.928782144606856708e+00,4.436822861913462535e-01,4.845617646296508951e+01,4.587614988333376687e+01
3.544675971603634679e+00,1.202517617917848902e+01,1.546804547801867713e+01,6.803750221279095456e+01,8.080198482539994842e+00
6.315230382459026792e+00,6.862456619547863568e+00,1.320744705513756401e+01,1.262645659770667272e+01,2.502128469752397777e+01
1.867531481489551753e-02,1.254829149121751897e+01,1.747178838681651314e+01,5.226388969468610668e+01,2.565859496118350691e+01
3.648837300140690854e+00,1.199742050397037652e+01,1.590795149643034989e+01,3.029327139531295643e+01,8.460599839077339368e+00
2.738536104197973664e+00,2.063679491070780969e+00,3.783320004727710462e-01,5.056735290863680632e+01,4.627571233156005803e+01
9.750675995882258640e-01,9.905485452845171679e+00,3.993647126909876732e+01,8.183508392560440825e+00,2.541735399362739400e+01
2.498749006446124632e+00,1.534659789928116691e-01,1.244386383508646965e+01,1.484897718687506973e+01,4.547099163519216347e+01
1.349226701313663623e+00,7.041936668999058568e+00,3.957351340955482044e+01,7.016817493626251734e-01,2.605405040561450036e+01
2.119132004261730984e+00,2.357972701243770675e-01,2.743539860214094617e+01,5.956031873762958062e-01,1.037873903363473858e+02
5.623892445345353430e-02,1.712878754935259806e+01,5.971722184864556304e+00,2.090390373585033501e+01,6.174243971314435697e+01
2.396335313098373998e+00,6.604334953664535435e-02,3.309691751100610446e+01,3.259005124707380574e+00,1.405070309600660892e+02
1.039860615600308957e+00,1.250279857966988928e+01,1.334984119829032423e-01,4.166904155515358354e+01,5.556094810209791035e+01
3.771887134565815591e-02,1.015435092770445458e+01,2.696997866001447619e+01,1.801851996040368276e+00,4.004722566673098072e+01
3.392695975137172582e+00,2.577475916194023609e-01,9.103339554340786677e+00,4.177202924394743944e-01,5.585978662684144069e+01
5.078828861917235926e+00,4.104265369869668056e+00,1.576164946466951378e+01,1.293509181346058412e+01,2.415837713518971341e+01
2.271260779730066126e+00,4.288941208476566125e+00,2.308988598381848689e+01,8.123065729682649305e+01,2.261800486961254819e+01
4.188816479098504963e+00,1.096507605535554930e-01,3.540871032828860621e+01,2.957089261562830806e-01,1.336261591368587744e+02
2.565208714737109652e+00,4.399482234853717699e+00,4.999697851732814513e+01,2.670790155443653724e+00,2.492053254321954014e+01
1.426366289495158535e+00,1.701697447568796662e+01,1.459469262850878997e-03,3.813981441500830272e+01,5.681085506511844585e+01
3.491869279417652905e+00,1.658950880460218968e+01,2.259185475443500479e+01,3.417829302019652715e+01,5.878761505475738502e+00
2.391224509819188437e+00,3.621998092844108452e+00,1.894458534608201816e+01,3.726778298028156655e+01,2.424970651699363344e+01
2.548639930724613478e+00,1.251352189339018789e-02,1.641497016391753050e+01,6.402966558258563623e+01,6.851667912010914563e+01
1.750043896812853106e+00,4.643780882139469934e-01,3.667689731657427288e+00,3.430472037851965439e+01,6.091762244901722312e+01
4.681658238191362287e+00,1.219864988618215662e+01,4.227649732924609438e+00,1.670419701655960765e+01,2.528831505092663079e+01
1.370164594472865205e-01,1.207416589486404135e+01,1.550219597249462389e+01,3.414574258425049891e+01,2.448707143305632883e+01
2.698579537056785327e+00,5.608218722563653759e-03,2.545997459138926189e+01,6.397026470013183541e+01,6.243106555022743009e+01
1.783194936731010038e+00,1.043542885051097890e+01,2.012333647289199590e+01,4.925357901847381495e-03,5.073303010261866319e+01
1.691763555508975170e+00,3.735890752461282993e+00,3.383714395865067814e+01,9.608407070245431614e-01,4.966715777493919148e+01
2.805759525816033495e+00,1.501832913166378347e+01,2.462129461210128056e+01,3.264381566115389433e+01,8.063326503119050415e+00
2.504562374766769572e+00,5.974307488969545332e+00,5.679549095220986032e+01,1.669798972788477665e-01,2.790030972333720172e+01
1.069885784318234556e+00,1.190340008466995947e+01,2.458269538395847320e+01,3.391639849591720690e+01,8.798901551411537625e+00
2.123944060208176943e+00,2.678902903052659545e-01,1.419929571615918285e+01,3.295941694419641244e-01,1.032976113884652278e+02
3.360446825328808007e+00,4.562355753420265989e-03,2.026966257181439701e+01,3.113853069712067168e+01,7.286571562907860766e+01
2.544138994612146210e+00,3.118299083026208951e+00,1.208190217421223345e+00,2.569085178112385748e+01,3.781756738520410721e+01
3.253527200981613798e-02,1.284963514757271064e+01,3.113890040932775349e+01,1.841259972187908289e+01,2.824477882926908734e+01
1.732920433345496392e+00,3.997837169043542804e+00,3.271829460583490601e+01,4.664114104730102649e-03,5.424544392280199645e+01
1.394933591738614309e+00,1.327960852122209445e+01,4.368016049390336519e+01,2.222154498028952219e+01,1.353722785270715256e+01
8.566580612511885250e-04,6.670845023674075946e+00,2.011271616067764967e+01,5.779438477672061225e+01,5.550259459446567689e+01
3.376456190244396804e+00,4.123010251802962031e-03,2.050069445224602305e+01,3.162763002019379854e+01,1.035368646963507615e+02
4.672422899344254255e+00,1.186829042792238909e+01,1.002867560300623850e+01,6.154300243107400092e+01,1.196630583751903920e+01
5.195398994211395394e-01,1.515802394892886440e+01,2.186666548214331485e+01,6.098475244021460639e+01,2.419346128660215456e+01
9.411857129381482777e-04,6.580118894195944534e+00,1.399241379287113674e+01,5.438229279498227697e+01,4.084864885354058117e+01
1.039817026016677914e+00,1.341723152804552122e+01,4.084770031335477825e+01,2.222269578884840868e+01,1.435442942229490981e+01
1.211793455701389632e+00,2.744321351184287119e-02,2.938622634304199721e+01,1.655083219084350077e+01,1.250039569517899594e+02
2.000174825534726253e+00,1.213398584332785113e+01,1.676450753760898849e+01,3.442674202950435358e+01,5.635959238705646079e+00
2.802315789474653318e+00,1.170870835388778985e+01,3.051814136952548751e+01,1.743029511001642717e+01,7.930160083357592704e+00
2.654975070706214968e+00,1.012375067822615371e+01,9.414545776707210342e-04,5.547403546254425066e+01,5.695438692295381600e+01
2.818238229357704405e+00,3.266619681692651666e-03,2.034138846977818815e+01,3.169006551187479914e+01,2.431981107787105145e+01
2.768567222510601167e-02,1.002095223918845690e+01,3.275466065726760689e+01,3.666590720675271342e+01,2.491527122405624084e+01
1.409015128893401414e+00,1.219147245829724113e+01,9.335990690380835844e+00,7.866214862966796773e+01,1.526048746047420224e+01
1.485211679934757667e+00,2.037353581747840892e+01,4.299718110617436651e+01,2.197644962688874415e+01,1.573165620484412486e+01
1.239413985746697699e+00,8.995604255422296802e+00,5.707369493384728369e-03,2.147351064215568073e+01,5.700520722067190604e+01
3.150446190020876336e-01,7.937356463858868949e+00,4.680753624245153510e+00,1.942305280480927365e+01,4.899796712755684780e+01
1.966907784714109209e+00,1.392355041023940210e+01,2.547337345820266563e+01,3.603141247700354199e+01,6.598096455005986627e+00
5.585503302891257071e-01,4.052358477895472433e+00,3.142847709557863922e+01,2.733133879147731649e-01,9.301677927021295034e+01
3.813214381003212500e-02,6.279504490217546753e-01,2.128236192476908428e+01,6.958192171826993899e+01,4.094477686786578374e+01
2.357554143834711180e+00,8.570360816273721483e+00,9.484304285146367697e-01,6.954454026091832475e+01,2.650488046583433999e+01
2.001654625016375810e+00,1.210429107144426908e+01,2.250481471171578818e+01,3.319802557093056095e+01,1.544034863452067796e+01
4.417902379937505529e-03,6.037513352101093744e+00,2.346703789308090649e+01,5.288395269830609635e+01,4.098188800330939330e+01
1.327351601292341865e+00,1.688142039048653587e+01,8.389466317536157028e-04,5.587743768136990496e+01,5.570643935417842840e+01
1.181351162459141069e+00,1.601228541359273549e+01,2.957301377174307522e+00,6.214111815861259913e+01,2.522578059533209327e+01
3.461358005228990287e+00,1.888894588169310468e-02,1.796589958567019707e+01,2.946577641192443053e+01,6.365247814807452187e+01
3.741087991770950666e-03,6.690627490796749122e+00,2.037171996658418749e+01,4.210603011331967593e+01,2.755723077591301262e+01
3.710048387998258423e+00,2.905363985130942142e-02,1.821599186890457389e+01,3.224518572561737528e+01,2.443684368755862479e+01
1.330435863771361582e+00,1.360572363416958019e+01,2.168849104796556019e-03,3.545375162056239304e+01,5.680878384820741189e+01
2.762439373103529050e+00,6.040879883610567047e-02,2.033588351852754883e+01,3.173804047414982676e+01,2.518903442768093726e+01
2.300084761861493909e+00,7.029302133617617798e+00,4.368016049390336519e+01,2.230824398766780803e+01,1.352878021171264855e+01
2.983488151258296472e+00,1.931815169502679908e+01,5.376687779870342609e+01,1.500309702191731098e+01,2.206786426767624931e+01
1.735523045492666228e+00,3.543557598981940338e+00,1.716613233846430830e+01,4.664114104730102649e-03,7.699555082852299392e+01
9.190006840802249499e-01,1.466724228741227165e+01,4.397199522550871365e+01,2.527777963818315499e+01,2.450782863035733783e+01
2.306803849459622135e+00,4.265367706439158191e+00,1.871253242188676325e+01,8.130888125162431379e+01,2.339424986381799698e+01
1.390288449258271219e+00,1.770034974628622848e+01,3.398934018061799378e+01,2.192227359502065553e+01,1.897913841082791819e+01
1.234570839858082150e-02,2.101612007932057935e+01,2.062411375283156900e+01,6.972944436094228138e+01,2.502994364718571063e+01
2.811712671791736007e+00,7.497486989923054068e+00,2.465382735871018838e+01,3.391422962158114984e+01,5.616612375883221375e+00
2.374331451763869172e+00,7.386741413794664979e+00,3.359633294213369936e+01,4.664119112240480355e-03,5.108412394212220420e+01
1.500756212756549912e+00,4.304141920078115469e+00,2.308988598381848689e+01,8.123065729682649305e+01,2.262335404293346386e+01
3.082196633319161272e+00,7.975337483856040355e-02,2.046212184251274024e+01,1.576346839706578251e+01,2.565694731731320033e+01
2.831393102946820672e+00,3.729666487769477817e-02,9.956372773687903077e+00,2.970898326087662156e+01,4.591144746744862459e+01
3.658646318219129334e+00,1.157789134046494617e+01,2.542954230007156369e+01,3.240490156142718092e+01,7.495944173290343571e+00
3.427588031011019165e+00,3.948700314553908797e+00,9.820649960922086308e+00,4.449420158960879945e+01,2.430220227798093546e+01
1.750361076342631161e+00,7.642449556834530533e+00,3.341108560875304789e+01,4.667022146922472289e-03,5.093314664576460160e+01
3.586589943576141692e-01,1.466128696937864540e+01,2.980752433206993679e+00,5.215005719112778593e+01,2.586278308199205966e+01
1.414078240048590285e+00,8.739481263844510295e+00,9.368939710023465040e+00,7.658686668190252078e+01,1.418290252842372112e+01
1.528662490888610392e+00,4.107543686560669371e+00,1.884080703633572540e+01,8.128171548251654599e+01,2.121084172650770583e+01
1.588604436830482608e-02,7.885845006891439191e+00,1.529712830018332959e+01,3.918015061382828890e+01,6.967058533871954751e+01
1.978762450073821455e+00,3.518593308266365405e+00,2.863963814537297736e+01,3.012420132656074756e+01,2.052020086817563183e+01
2.008508427949624142e+00,1.267631326073280995e+00,1.396095568444521007e+01,3.217016877718367862e+00,8.253900882339179645e+01
3.218198659249392468e-02,1.413345801286901349e+01,1.730294375472022139e+01,1.518091547390006646e+01,3.861445320650096846e+01
1.683788879727728949e+00,7.709995964667235024e-02,2.248837277068515661e+01,1.655083219084350077e+01,1.038442465033770361e+02
2.814918848659639039e+00,4.060558204961841611e+00,1.991917729957081207e+01,2.931355525286287644e+01,1.188213905946094684e+01
2.898280842892738018e+00,3.266927911718417975e-03,2.028369196402599783e+01,6.294436757928053794e+01,2.431929777761572353e+01
1.417955734469880102e+00,8.739480941634504063e+00,9.435186436061597348e+00,4.677932376969635442e+01,1.451424508000665448e+01
2.747490395156999998e+00,2.715583847933261685e-01,7.945279338661141999e+00,3.016055925972635521e+01,2.485966806666881723e+01
1.851175851119706728e+00,1.275829049246903102e+00,3.615604147456241257e+00,1.190649673011243692e+00,1.137517709952255700e+02
1.065188142006077365e+00,5.747000055515909978e+00,1.736967817081750454e+01,1.588715233123950554e+01,2.458831619554215919e+01
3.090290615067139868e+00,2.199462694939637686e+01,4.377484828677520312e+01,1.500396058973020708e+01,2.090632689557527968e+01
1.802792700872046572e+00,7.579903685666758761e+00,2.157111611520778638e+01,3.473101790861221616e-01,4.364694792885869390e+01
3.183821068697784806e+00,8.843909984731586960e+00,4.967530955477779742e+01,1.388247573795893786e+01,2.200353090371436693e+01
1.132953156625287505e+00,1.590460610243943762e+01,4.300626872198785833e+01,1.644205172728112885e+01,1.573323968008687324e+01
1.885832916043103769e+00,4.179275488247231607e-01,1.250843043763467755e+01,1.651375923854861938e+01,5.232633954385605790e+01
3.563090390937452209e-03,1.056743156918127013e+01,1.435561879839580257e+01,3.003715344787260833e+01,6.287847970175277368e+01
3.444805343338413373e+00,7.459988866910931549e+00,2.788121445356105710e+01,1.597072741792703887e+01,2.075970696915413427e+01
2.463109534872780948e+00,4.276535445695795801e+00,3.308633517686467940e+01,3.011292964784500015e+01,2.130410338172310247e+01
2.814498745890136711e+00,4.114986872455594913e+00,3.077638651820753779e+01,1.966451078479784442e+01,1.809393861127383119e+01
2.498080900250705394e+00,6.875674677567001680e+00,2.308518651621661633e+01,7.592778307741728794e-01,4.282330198306290470e+01
6.799731515591479931e-04,1.048001158113706666e+01,1.545967391399528168e+01,5.647960211551874465e+01,4.115706529939618008e+01
1.929453769415020448e+00,1.319877499270980081e+01,2.059278753890323443e+01,1.949458802466949336e+01,1.866830760130013545e+01
1.321606643076979282e+00,1.772609773274342615e+01,2.360897221684915337e+01,1.795232456345925698e+01,2.399338464359915690e+01
1.266222349564867233e+00,1.260651257268230907e+01,3.334900240578262842e+00,6.802631027652476803e+01,2.515880666884166317e+01
3.096017789964285782e+00,1.487725038116503740e+01,5.369625994881455711e+01,1.501768353348549745e+01,2.212715940689679428e+01
3.798606851839987808e+00,8.912417848238368023e+00,5.314722918655608908e+01,6.069677924270976410e-01,2.561087638791500254e+01
3.630233746492452340e+00,1.028704504229388128e+01,4.420020489704208444e+01,1.493197679740648764e+00,2.436078493080936624e+01
2.749753013580629624e+00,3.439590409436020860e-03,2.082160212734810045e+01,3.118173121875145881e+01,2.717158395283761863e+01
1.746481793604211852e+00,7.393330490306707858e+00,3.356580275725266915e+01,4.664114104730102649e-03,5.112177316607324684e+01
8.714902704167479808e-01,1.404686491507944057e-01,2.790899214633765268e+01,1.892046189773817133e+01,1.109785748508643906e+02
3.043213506430672233e+00,1.013349631257066119e-01,1.935727212115167362e+01,2.788805546906156252e+01,2.464090011811917691e+01
2.947524115987688376e+00,8.515390159424969241e+00,3.279205332522521132e+01,1.728313815054727698e+01,2.053720445531597960e+01
2.789475482018529462e+00,1.185942870111678360e+01,3.142833276942241838e+01,2.219760602585852283e+01,6.774577906401701100e+00
3.175905163045150026e+00,1.679455227646439042e+01,3.402234931347353353e+01,4.774460187075409145e-02,2.620062936800432496e+01
8.306179652293789462e-02,1.303222809224124212e+01,9.313565315250928123e+00,1.658042052693163981e+01,5.873114402609721907e+01
4.982691743457972500e+00,2.930954048001423562e+00,1.512546378090166321e+01,5.184267633929835473e-01,5.322619146891055664e+01
1.719895099918884895e+00,3.388796026181684073e+00,2.485680834770361258e+01,6.427855393390334848e-01,2.530806773956835087e+01
3.963765537730907340e+00,8.413365946694145947e+00,4.594241058364461594e+01,3.918155297274849014e-01,2.437147420760638994e+01
1.932591695026092182e+00,4.749449508756139332e-02,2.939507437702508952e+01,1.683169190782277980e+01,7.299536139926470923e+01
8.482216084523075406e-01,2.641406745606408180e+01,3.203043977718782909e+00,1.876257336994195413e+01,2.566579305154612101e+01
4.545452476697352751e+00,3.201541760109342244e-03,9.735824883018938891e+00,3.614157995072559260e+01,5.198170616903874475e+01
1.659175161704264712e+00,7.392051155556529807e+00,2.449200813234300966e+01,5.239453268996403096e-02,4.964870506844447107e+01
1.036906086181939024e+00,2.625514954396820144e+00,3.810300709310777023e+00,1.120223549399159690e+00,8.541938742991850120e+01
2.084178499467615797e+00,6.108583674131847774e-01,8.951231745504195203e+00,2.600339002363525509e+01,2.640252960751643130e+01
1.500358539963470239e+00,3.370566357842147420e-01,1.675356441183471645e+01,4.889065964755595672e+01,2.739514408501354836e+01
4.545967335292196765e+00,2.709031160070571147e-03,9.738453160281398624e+00,1.458809259050053342e+01,8.018441133193782377e+01
1.790011958522112590e+00,1.044734566854817182e+01,9.368570185015627771e+00,8.035653329580577520e+01,1.582021149249879066e+01
3.124646552959618351e+00,6.722633848631818232e+00,1.769220910123802071e+01,3.811595350590933240e+00,2.569533522660879754e+01
2.096425102609967617e+00,1.132108232696217964e+00,3.275445019456709073e+00,1.780948218231412383e+01,5.742830106131975754e+01
3.886251049306591376e+00,2.943678896093986364e+00,1.748239104087294038e+01,2.260909456809091012e+01,2.528793862732021935e+01
2.841023545970409181e+00,6.579138665944803677e+00,2.845648631961974218e+01,4.819983202501654240e-02,2.577729808943760759e+01
2.394247987049856086e+00,8.571557798324137778e+00,8.109727663763939276e-01,7.761313147471031471e+01,2.392568315079030583e+01
3.566049766549249878e+00,1.084652307305731048e-02,1.399685050715299184e+01,5.552248353449978424e+01,5.254378227894432030e+01
9.583552070437297843e-01,6.241486801890034464e+00,5.028240822490874251e+01,3.249937296877018489e-01,4.258289671466372539e+01
2.693895469156799116e+00,7.007098556799096656e+00,5.003984408809878914e+01,1.588075415911595734e+01,1.561321355544897926e+01
5.319271279086155602e+00,1.102944834167169041e+01,3.385938767895808610e+01,6.774907108436324377e-01,2.438550819447047857e+01
2.806451639801316844e+00,8.066137031569473592e+00,1.982542990481392664e+01,1.569776766129520595e+01,2.405893912782104849e+01
2.192245825202780551e+00,8.736956142252886082e+00,1.058659388938168711e+01,6.557227675106736342e+01,1.528391298317703573e+01
6.913845930930813399e-04,8.233791057452053863e+00,1.575678472849608447e+01,4.235850933104832450e+01,8.181751476664243228e+01
1.701368129494898795e+00,7.508296192981653405e+00,3.393689742979440638e+01,9.376410456761699597e-03,2.835937255022692582e+01
3.597776861546724714e+00,1.634119229302185006e-01,1.010669511149903954e+01,1.454324512562805083e+01,8.065558979953419794e+01
3.522761753303120802e+00,1.104508138706021647e+01,2.404286900911927916e+01,1.688982784202279541e+00,2.402784578775512614e+01
5.179291580373701187e+00,3.048253035010905165e+00,4.500874019452808739e+00,6.202080652342175426e+00,2.556045661393026336e+01
1.248445432092601504e+00,1.060414072278416064e+01,4.631332546918061155e+01,1.156847536412354938e+00,2.680077053815935884e+01
4.278614420248030292e+00,8.907611459183055302e+00,3.521881316888597269e+01,6.069677924270976410e-01,2.560403351221819435e+01
3.123340441943400325e+00,7.063537054154592987e+00,6.003596765254505252e-01,2.364401443092564836e+00,1.074073454734191415e+02
3.592097092725606178e+00,2.730261834947435684e+00,8.852330825201653042e+00,1.119969244121759999e+01,2.619930164516468807e+01
5.413213465205499730e+00,4.443481417375059195e+00,1.216784688732430908e+01,1.499040247704973439e+01,2.459260704216129056e+01
1.919313680741232542e+00,1.096190087690183113e+00,9.676468860429416452e+00,6.481058641930122377e+00,5.748545836909880791e+01
1.782117918670568679e+00,2.100428146098632709e+01,1.138731365483816305e+01,1.457282475612939976e+01,2.529846759435165993e+01
6.317238770131439196e-01,2.103598631872031532e+01,8.896757037992049323e-04,3.934674743332332270e+01,5.402339983569109449e+01
1.265931257556994982e+00,1.684319356985449545e+01,1.869026411846394509e-02,5.587743768136990496e+01,5.593814519067336732e+01
1.510380655214821788e+00,1.444542894047765458e+01,4.277664819295468135e+01,1.462280658188228877e+01,2.363110836140198145e+01
4.610267795833043469e-01,9.013953737448085590e+00,2.385385889446356711e-01,6.103946693308962779e+01,6.637420441642674973e+01
3.221621048847449043e+00,1.258700652539417142e+01,2.504242443254433681e+01,2.306863874892738409e+01,1.670987137204490125e+01
8.388366351460647685e-01,8.732014359016398330e+00,3.830809388607326671e+00,3.013777929894313701e+01,2.503621679337681272e+01
3.798188824657731555e+00,1.093544051752315220e-02,1.986899648653834305e+01,1.457292774245355460e+01,5.419328041479889890e+01
2.092169742709984792e+00,1.173590024155905631e+01,3.841048992168458653e+01,2.312814900298843668e+01,8.768624424584185562e+00
2.752598285556755453e+00,1.455601763090486322e+01,1.477334832382549301e+01,3.407445641860404328e-01,2.548250465779121399e+01
3.948491859161604278e+00,2.714018801775073264e+00,7.271858510242511286e+00,2.976682747308040167e+00,5.431130460937143312e+01
3.462764608226603702e+00,1.031671063753350914e+01,1.870419277415793857e+01,3.522927701184612914e+01,1.023531234243887411e+01
1.994131633491574504e-02,1.225751270175078567e+01,1.339916424312811216e+01,5.466120737429871212e+01,4.124827041771052905e+01
2.774176807847192450e+00,1.571969806603171804e+01,6.868699785310814931e+00,1.399688721262598889e+01,2.570171626211718774e+01
3.913390150144747115e-01,4.658587836414030292e+00,5.039263259779008797e-01,6.325915976837819699e+01,6.736014307084897723e+01
1.416583313992026305e+00,1.312143959954006078e+01,9.017265230059567926e+00,7.825207664504777938e+01,1.570634054849992900e+01
1.438811131858903636e+00,8.809858418674256342e+00,3.286382185424034219e+01,4.902680044641863333e+01,1.349572101327278162e+01
1.178474190372066133e+00,2.985748117566834337e-01,3.717674421141284324e-01,7.157303156192205051e+01,6.365025794028251482e+01
4.662831508962195670e+00,7.058814940919512504e-03,9.317422211450574920e+00,1.484745598488065710e+01,7.688132495311754155e+01
1.936484392135913168e+00,2.320346721748524743e+01,7.105213513972600137e-04,3.574560452637945218e+01,5.570521847653441228e+01
1.357543764452323387e+00,1.703071596080332029e+01,8.767038942655387343e-03,3.939675433572296015e+01,5.555623243359698904e+01
2.954229609957145453e+00,6.691853003590621185e+00,3.149210517541489907e+01,7.982349793496919865e+00,2.435068297502820300e+01
3.482234734616454830e+00,1.321989239816186412e+01,8.073272965946630464e+00,9.555976602205983994e+00,2.432510334397266050e+01
1.714632275300754127e+00,2.115510585129781873e+01,3.239639264777750327e+00,1.554480741605200578e+01,2.586720106596954594e+01
3.007174163561826763e+00,1.198362068258182589e+01,2.551113537516856056e+01,2.328809034071868922e+01,1.212622162149168403e+01
1.039149860602998965e+00,2.377754564360604839e+00,3.439565857918265745e+00,1.725410555250575584e+01,8.479428613792822489e+01
2.241838032843086470e+00,5.605619884681555476e+00,2.066292342011160343e+01,1.376544734107511125e+01,2.435735999648579408e+01
1.994526699401840020e+00,1.555180492574424633e+01,4.302609984101727747e+01,6.958355067048927367e+00,2.406586274514133095e+01
2.861571807257170086e+00,3.791485262977515536e+00,2.287602331884522755e+01,3.419427607885951659e+01,2.368246964845240754e+01
1.746481793604211852e+00,7.355071954611103635e+00,4.826844922378354852e+01,7.992676981611619713e-02,2.792207842199127299e+01
1.438534187075780402e+00,1.311954525414507167e+01,9.028240630902031327e+00,6.307600652691873222e+01,1.528500583033839533e+01
1.417371719724483281e+00,8.810196747774508452e+00,3.293025417175358882e+01,6.226744778834795824e+01,1.391992011677361063e+01
3.309788981638904559e+00,7.184217810180236974e+00,5.160335273183169136e+01,1.582085984052347349e+01,1.581843366619709634e+01
3.299724866143697088e+00,1.950299397118019584e+01,2.536558571457705114e+01,2.291536341873155180e+01,1.659811026269483136e+01
2.086328476936166965e+00,7.007679332348200951e+00,3.114585640540826716e+01,2.334055151283961038e+01,1.813850814244070619e+01
2.619256979405423458e+00,5.471044945272487449e-03,9.766016755027916219e+00,3.047323636508847855e+00,1.106384562494966559e+02
1.881938358744097428e+00,3.791259845614617152e+00,1.471221909332636280e+01,3.437119844284917036e+01,2.354986359077884472e+01
4.241219016663470676e+00,4.286396933693431777e+00,5.515488244779046534e-01,9.876419731919609646e+00,3.390952717123734317e+01
4.358373555074768646e+00,3.139164441125117614e-03,1.745366731356442713e+01,2.067629998033092775e+00,8.203130346829514963e+01
4.489768221590219710e+00,2.084040505687645081e-02,1.011296045954613376e+01,1.502535814996283747e+01,8.154448082606280934e+01
2.141884942566108840e+00,2.925469552314128308e-01,7.038298659648922762e-01,6.492060317461623242e+01,8.889933201531927409e+01
8.769154674439716413e-01,1.138814256571340187e-02,1.362353820213799871e+01,5.205862514487645853e+01,1.077937150142129070e+02
5.889265679241780958e-04,1.045636440029023362e+01,2.013928615214199525e+01,5.890388294002269731e+01,4.074821128675031900e+01
3.457514600333582155e+00,9.970072938808359098e+00,1.195063984440437288e+01,3.548635751300292185e+01,1.996698674441588395e+01
1.024935849251999098e+00,2.039553451265238948e+01,2.166177931287976932e+01,3.174970879734531692e+01,2.433723494357645833e+01
2.388014332354608804e+00,8.475794424582321795e+00,4.634239080005608002e+01,2.219810763451794955e-01,2.691694487673454361e+01
1.379336654181176680e+00,1.911337898621300724e+01,6.655502820455268601e-03,5.296538685694575577e+01,5.569449697563172208e+01
2.434852590385919946e+00,7.480805586036460772e-03,1.722782890941294198e+01,3.393601524713094619e+00,1.123129102865616886e+02
8.764651392684454922e-01,1.546674166759192948e-01,1.363464619651225540e+01,3.797910808422680873e+01,5.514620148430226720e+01
2.889755544801473341e+00,2.321309259287328075e+01,3.801944162488065781e-03,1.892697919702326814e+01,5.578841159073775202e+01
5.894209883276984403e-04,1.029931110598428745e+01,2.012767782990294307e+01,5.553500831239315971e+01,4.205636262800316416e+01
1.086275413131088108e+00,7.068692778096162144e+00,9.421745160248526929e+00,2.996745544542827600e-01,5.657588051258192507e+01
1.562802002537039936e+00,1.312143959954006078e+01,1.424072954392413548e+00,7.797166058484118878e+01,2.541354186489986233e+01
2.504575938432174631e+00,7.488868083808119636e+00,1.366858039796736968e+01,6.331080235144937590e-03,2.874961314493037889e+01
2.163917973129707989e-02,1.062970858019892262e+01,1.262528508858926912e+01,1.892383876542491450e+01,2.518474494681556308e+01
4.373338682085033957e-01,8.683185044789233586e+00,9.269630972199550456e+00,7.838201214350121404e+01,2.461663151620064838e+01
3.934011011913773004e+00,3.562462905607796326e+00,1.829754161493842446e+01,2.836262720436541329e+01,2.454958340675863226e+01
4.556786677806806907e+00,2.277413696296159279e-02,9.855525634005807945e+00,1.462803501057367583e+01,5.275819952329874241e+01
2.164630040596309701e+00,1.502632700487436779e+01,3.052522378321311081e+01,3.519358597750555617e+01,5.594923786628449136e+00
1.110330436956220856e-01,1.588661559537175272e+01,5.801467593354253438e+00,2.670610360128439353e+01,2.712285903980500734e+01
1.022114870325924185e+00,2.163191840258585330e+01,3.202850840319586112e+00,1.874780581842219718e+01,2.527670684650929545e+01
1.937537259949758228e+00,7.951300656480142948e+00,4.574381066067284962e+01,1.494641319671434232e+01,2.461242216129070570e+01
4.113293446012403543e+00,7.001051328564824976e-03,9.738571573234185763e+00,1.538996633600200070e+01,5.268827204393825525e+01
1.854607793635409063e+00,1.430829412083348551e+01,1.993329150097052604e+01,1.266704807643481168e+01,2.376066119157414747e+01
9.889851159581090900e-02,1.351927617152972605e-01,1.850977826625198475e+01,1.394093546437173536e+01,1.413441914948654130e+02
8.126995885201807393e-03,1.030376119613783104e+01,8.047128948125038761e+00,5.427962477163563904e+01,4.157043727629244501e+01
2.783097312162337467e+00,1.370360177919883249e+01,2.679977913491613606e+01,9.508477562204031841e+00,2.362960368877705974e+01
4.541838427879414830e+00,5.762159003987813444e-01,8.246481965199087938e+00,2.907513710181122146e+00,8.203866015900116793e+01
4.964024673585644365e+00,1.892098930214711316e+01,3.374716093797443417e+00,1.281961339216220352e+00,2.690387049040041489e+01
1.537201159082494550e+00,1.692356958456557692e+01,3.144724283358059225e+01,2.372325258376768886e+01,4.612336129593291645e+00
2.764989422632891269e+00,1.432134327349128888e+01,2.441288332153619933e+01,1.018596981711708516e+01,2.363963110087250641e+01
8.612064063769567235e-02,4.056280449030887247e+00,4.027242549334955868e+01,1.623367897804387505e-01,1.017039204362953768e+02
1.026237723811470826e+00,2.131517837830345929e-01,3.262184729043745790e+01,4.322520712480336869e+00,1.162857492536637807e+02
7.667052059787883289e-01,7.306185220095549937e+00,3.312245814093930107e+01,7.625770714704434294e-02,3.890440431382391751e+01
2.474580139529607870e+00,1.537512221823816816e+01,3.051195280279468847e+01,3.487333569384779963e+01,3.698886663164053346e+00
1.110059603073644818e-01,1.583874463946036570e+01,2.795707224866886875e+01,5.176834306582863476e+00,2.675766032358255586e+01
1.038202629342900085e+00,2.460381618608841192e-01,2.942849593771084216e+01,3.636899740941531789e+00,8.443562926679052794e+01
2.142703813735313823e+00,1.226475154173765603e+01,3.552455257996683002e+01,1.468481655743269831e+00,2.412351724108829742e+01
1.054551729292134699e-01,1.559891895219645619e+01,5.768205562331747416e+00,2.670627214153276796e+01,2.706252563907765918e+01
1.073432516002527648e-01,8.188681970787639486e+00,2.806743569542961225e+00,1.357777748096671644e+01,5.583684647926128974e+01
7.776294416608948712e-01,7.376123254484384439e+00,2.464661252993366602e+01,9.607238923224979688e-02,5.141661510842115490e+01
4.493934318087092983e+00,1.604630713900102279e+01,2.783240227713526949e+01,1.626201300546280493e+01,1.597563836482427213e+01
1.987927920454082509e+00,1.432417403287906232e+01,2.567068713053463469e+01,1.020815093032549470e+01,2.356972330239534230e+01
9.980449185595926531e-01,1.928089872547092654e+01,8.649038546148359041e-02,3.488912201548829017e+01,5.359280038790635103e+01
8.687187015945369017e-01,2.217218935520004663e+01,3.205947884065026621e+00,1.128231956804400404e+01,2.569162820075924714e+01
1.465599587891968314e+00,6.478098697244551119e+00,4.094746289016492824e+01,5.232487100475283759e-01,4.679361861997681160e+01
2.134355445900641524e+00,4.259957865733395188e+00,2.350109069818802965e+01,2.041147787802311697e+01,2.441538281527602194e+01
5.185085429296044934e-02,2.661386605964030849e+01,3.390286894771024073e+00,3.095659924188917245e+01,5.592677446698755261e+01
9.202201884114145081e-01,7.427976513724992458e+00,2.759668347269394140e+00,1.596269389421312468e+00,2.637656245201809213e+01
3.514412259468607802e-01,2.104007474858447324e+01,5.284454764121524484e-01,2.972376719148878976e+01,2.565695794747758995e+01
1.864570795735822184e+00,7.953670972292350982e-02,3.405876277206493796e+01,1.584238469793069903e+01,1.445910851022906343e+02
1.069537425689556009e+00,2.317053129604208550e+01,7.105213513972600137e-04,4.471255475872303009e+01,5.673920637003811862e+01
1.038525721726158757e+00,1.385778351798483687e-01,3.262643361534188102e+01,4.439531027682631859e+00,1.452467615924645088e+02
5.933632151676026645e+00,3.759600894451693875e+00,2.009807047750242504e+01,3.924194512768602294e+01,2.368372612751235806e+01
9.104035584814686999e-01,7.601426392137309307e+00,5.470080064570222333e+01,1.750904116333080296e+01,2.513696592420554410e+01
9.107345301314727637e-01,9.439047077130863883e+00,4.634185294280665346e+01,1.045064433666663462e+00,2.689934349117798007e+01
1.051465547247413923e+00,7.783474190239017543e-02,3.439473647709272086e+01,1.457325246932095730e+01,1.423111336149334818e+02
3.834267139509100475e-01,1.624481739008659531e+01,7.791291544042496797e-01,4.971882292236915646e+01,2.570035186251931947e+01
1.445673702257756155e+00,2.416303954273309529e+01,6.416184116091748990e+00,2.975294782724653686e+01,2.489385387059825661e+01
9.656980972174259437e-01,7.740596731972591016e+00,3.542111994269620823e+01,1.750943081404426138e+01,2.514620088285693100e+01
2.278119669649455670e+00,6.551483192251596144e+00,3.389246905247699893e+00,2.076671637574679963e+01,2.554858070952668214e+01
9.091543046579961818e-01,7.338258644642824180e+00,5.449279150494769652e+01,1.917095047455864076e+01,2.514479534126077098e+01
1.455680339408822466e+00,1.086734329206759497e+01,3.084351332361339715e+01,5.232487100475283759e-01,2.518692360004107300e+01
1.507370240967315755e+00,1.090735391560671985e+01,3.091466283854909847e+01,5.460194094071458437e+01,7.922388038023077783e+00
2.482310101238112576e+00,2.164581012443406749e+01,1.441191095645188192e+01,4.172218439787843636e+01,1.022214611695291353e+01
3.610848220255391983e+00,8.329798894837104228e+00,1.858741657538317682e+01,1.546149783683830314e+01,1.954188418865818022e+01
1.268039674274028250e-01,2.193098294908896406e+01,8.069259851779717607e-01,3.095070086720944857e+01,5.370591357351201367e+01
1.456120632557901251e+00,6.445718575335100731e+00,3.066460992249758277e+01,9.760962050104321497e-01,4.674867677352153805e+01
1.195446207845196340e-01,6.751262615586282934e+00,4.677952992682881117e+00,3.612359661917635911e+00,8.291658237323109404e+01
6.178485585460141927e+00,7.156482690717552941e+00,1.407058150019340204e-01,4.545262030834555489e+00,5.574018406050285535e+01
1.846152036821712139e+00,2.448445186453500691e-03,1.331745171695053287e+01,5.014145118561574321e+01,1.053976424941195376e+02
3.310585490365713923e-02,2.372530928354414481e+00,4.385395376322518501e+01,1.611297788411764520e+00,7.791768067241659423e+01
1.032767456004057838e+00,3.200179342482037947e-01,1.498944266756808474e+01,1.165403833523100730e+00,9.602102356284513007e+01
2.476116622689419344e+00,1.249917596904652228e+01,3.050495122154278249e+01,1.633126221192994620e+01,4.172165719933117245e+00
1.722324825403145354e+00,7.231692109207118691e+00,3.399089593544203369e-01,1.887045539088258295e+01,7.969667095303741178e+01
3.477192673507863985e-01,2.104010053346153342e+01,5.284020782119601689e-01,1.886465035957080616e+01,2.588856630836606243e+01
8.548526723484990431e-01,2.641550794684786041e+01,3.203093753638744268e+00,2.958938696032026172e+01,2.536586998115179981e+01
1.201599134796043494e-01,6.400396311424277229e+00,8.400477324205584129e-01,1.631101413419138879e+01,8.356784999098579192e+01
6.902102668535776975e-02,2.100887096870052773e+01,9.058614193843668616e+00,2.657487773840762912e+01,2.613527809163061022e+01
9.273107021130617689e-01,2.914525763942861225e-01,6.080764668685667829e+01,3.194130108541787649e+01,2.713767756684315202e+01
3.364762447826250003e-02,2.346361378782463980e+00,4.360382617645488779e+01,9.449263644039282983e-01,4.668891052885723525e+01
1.540377608409259746e+00,2.032240689119391419e+01,3.517217408578478199e+01,1.865101123101086333e+00,2.500775505443036195e+01
1.837582991812359623e+00,2.451127198240405421e-03,2.135128734920174054e+01,5.029018621405271006e+01,1.041300559957905705e+02
8.480145404773968831e-01,1.793419193960830071e+01,9.776073808397161002e+00,2.929796137200109385e+01,2.480826881686676089e+01
2.027828830958823936e+00,2.249569260844098295e+01,1.652755424271854789e-01,6.484594010922323548e+01,2.526440849794547816e+01
1.986884744104985057e+00,1.169531704395229710e+01,1.889185082892516832e+01,4.320224600230650225e+01,1.574485161854514637e+01
3.364107753882772389e-02,5.242709048984206532e+00,1.890032252727401030e+01,9.361496235659152454e-01,4.687679006938100201e+01
2.964596431026973455e+00,2.206621356799608336e+01,1.070354725260712347e-01,6.299554960506404200e+01,2.458486142779677763e+01
3.131688507874895500e+00,1.525184697758778185e+01,3.444655838517419966e+01,6.825051311749305682e+00,2.426688549559901276e+01
4.264990099339785345e+00,1.202826091582468493e+01,2.946801664919834352e+01,8.479309159297641063e-01,2.524608371507039806e+01
5.211397061588934898e-02,2.904271545759764539e-01,4.241349664375324835e+01,5.018475637792318622e+01,3.996815815611586942e+01
3.310456841857508437e+00,1.085810129192926610e+01,6.417043291105192893e+00,4.217816871790537903e+01,2.397202047973079786e+01
2.516496102893082121e+00,8.502045037214816858e+00,5.087550471995330525e+01,2.641721637572776518e-02,2.677721054451824045e+01
2.357975834132004355e-03,1.045204120562255667e+01,1.352098821356883818e+01,3.918433795683922938e+01,4.854595603765214662e+01
2.758212928590645596e+00,4.163636243153350236e+00,3.242630305436883020e+01,5.068002536197999466e-03,5.078967585772265636e+01
2.669335500902081382e+00,1.188662598427969286e+01,5.432810639510580586e+01,1.531364839648822862e+00,2.459010348753270847e+01
3.596648368737046297e+00,3.801675900847262479e+00,3.952281225185417668e+01,9.805435505345887481e-01,2.506497615183186412e+01
2.236193836262270196e+00,1.129349958348143268e+01,9.441535135765207087e+00,1.582260132038063283e+01,1.854891729353152030e+01
1.910427415878568791e+00,2.348036233905771653e+01,3.179816063061747470e-03,3.561957633862496664e+01,2.711042441644588052e+01
9.923968226823574046e-01,2.279691306930110350e+00,9.867170411345038694e-01,1.687506359505324127e+01,9.086136979575520911e+01
2.028701428122258177e-01,1.242602451992728518e+01,5.130261712607634905e+01,5.593681560056187330e-01,4.292085277808158139e+01
4.955892301611302564e+00,9.205023703146789416e+00,2.407740500948617424e+01,3.462587796720271882e+01,4.498761865421085915e+00
5.260212222090694667e-02,1.044950830997735253e-02,4.357072865934408412e+01,7.091872588793991383e+01,8.099380384957406420e+01
1.846608971164410029e+00,1.839866748486785253e-03,1.449171831728932602e+00,3.448717131279003212e+01,7.837060360453835983e+01
4.297255258336048378e+00,1.553085602356829575e+01,2.408672191056813716e+01,2.060913610951838137e+01,1.636959478591796469e+01
1.373652208884941625e-03,1.480939463512833498e+01,1.961778384724832591e+01,5.698294424329946395e+01,2.610760690979673626e+01
2.744304146070744924e-02,4.860908260925303814e+00,1.398059213108018817e+01,6.665949130764579422e+01,3.954255594842953769e+01
1.043852805489836832e+00,2.275155330705190337e+01,9.021190445154442017e+00,1.784786332078441973e+01,2.521658513428948112e+01
3.131474414859338307e+00,2.003471455913650345e+01,2.794634939136594909e+01,6.888165408920878363e+00,2.449707570546815205e+01
5.365974905365222813e-01,1.656557586590156816e+01,6.429348483527125069e+00,8.293094814853022001e+01,2.502062155874209282e+01
1.966791039802206154e+00,1.509746765578594818e+01,7.136282914138319814e-04,3.081815945780626009e+01,1.125508759797549772e+02
3.037248119547410141e+00,4.935416453051450603e+00,1.854772404766456217e+00,6.980497411839949962e+01,2.578508730659325465e+01
5.998238365985010034e+00,2.799589113472152890e-01,2.350277526969826880e+01,1.033108155785714466e+00,5.260467915912673220e+01
2.323151012641010649e+00,3.713607944457979985e-03,5.396152142380289396e-01,1.838121427415914155e+01,1.043072728870227479e+02
5.889265679241780958e-04,2.608388301656220154e+00,1.822205443303538175e+01,4.366800621443942987e+01,6.254611196790386884e+01
1.829167757245183656e+00,8.695119451626972307e+00,4.423071445710002081e+01,3.812170903015503143e+01,1.123119967606817582e+01
1.507345520678412321e+00,1.098524797647951878e+01,3.091466283854909847e+01,5.373010247168884490e+01,7.870041487409439540e+00
2.782941933896095676e+00,1.146775936829357745e+00,1.758343181282501888e+00,6.581263384564933006e+01,4.757035662241234775e+01
2.573275975324825993e+00,1.738406865862305965e-03,1.444068694120602014e+00,3.386338368929064302e+01,7.861105842074971406e+01
1.234453950933970257e+00,2.904861284729645110e-01,6.116312857544937032e+01,1.900159443127744652e+01,2.479737947370503193e+01
3.225425704098473789e-02,9.500296557059121128e+00,1.307262560813826724e+01,5.364323495202992120e+01,4.074056260915055816e+01
4.120786426133399489e-04,8.136485403937960825e+00,2.766502036118327723e+01,5.612334023293963270e+01,2.515943093719900858e+01
6.026196327289108081e-04,8.539137785580997786e+00,1.679080601406275264e+01,3.635183911615740726e+01,4.062580932999959771e+01
3.810124524719773031e+00,1.361461266616740828e-01,5.005779007054594887e-01,1.806099462539851430e+01,1.067431002845988957e+02
5.212057425396211308e+00,1.341689266324824104e+01,3.939122368383638634e-02,1.933987607777151396e+01,2.837596099773676528e+01
9.181438800902448349e-01,9.419020239354716217e-01,4.679181528066615670e+01,3.008341279759083875e+01,2.513799590286943442e+01
1.953005370538962282e+00,2.553757915038330426e-02,1.097616371204894303e+00,3.811485095153406633e+01,5.561225524852161328e+01
1.426463987462790017e+00,1.297398037564028428e+01,2.451841087254855722e+01,3.206290221134952390e+01,1.322170672647469480e+01
4.601458685613737942e-02,4.615391474769555913e+00,4.015969573754869515e+01,2.035984138798869836e+01,1.150607779713324419e+02
4.015868785443363009e+00,1.198742142419489731e+01,2.460308170256524107e+01,1.018110284161862822e+01,2.378115001488875535e+01
1.489817758869985909e+00,1.141257365268237045e+01,3.207038980125251015e+01,4.128455563548762086e+01,1.370333139978368031e+01
1.306574019365702277e+00,2.679582377013275973e+01,3.290937133417338956e+00,3.368753385971995584e+01,2.484357550387496261e+01
4.341510272041240043e-02,4.150007266035569131e+00,4.240640146864274840e+01,1.994392149538996151e+01,4.045347993719513369e+01
5.124079269876258280e-01,3.890300438756169932e+00,1.928027205164492131e+01,5.070746265085276860e+01,2.599820689595845735e+01
2.471991921644730361e+00,1.675895340272743539e+01,2.520661685784501316e+01,2.971361933385857412e+01,5.521803599682559849e+00
3.602352971532762460e+00,2.427005291083268734e-01,6.555916703982194171e-01,1.811545553607001935e+01,7.766306075043544865e+01
1.490131987133870961e+00,2.618894168397238076e+01,3.290486777710249999e+00,3.287342161974067523e+01,2.430548826582937494e+01
5.581588973081339944e+00,1.594787637750161124e+01,1.440357038630521203e+01,2.037304386561008229e+01,1.825448200141966382e+01
2.477186477606684978e+00,1.944097678421145403e+01,3.757074137201540509e+01,3.744990637036664793e+01,3.698878955697265436e+00
4.113692007427107278e+00,1.563004683047708177e-01,5.000702080896680712e+01,1.089021842689633957e+01,2.484814310227207557e+01
2.045043422173518977e+00,2.976233052155899728e+00,5.032556550882870283e+01,1.900336204606572110e+01,2.480462315452719935e+01
5.132626544034183169e+00,1.335542732344132055e+01,2.441807262792896438e+01,2.062189210332864064e+01,1.431409728782121249e+01
3.739922535334375908e+00,7.227305051725271823e-02,3.115862805112383338e+00,3.303828727022944634e+01,1.014466947115723912e+02
4.387178484604880246e+00,3.416006079621227657e-03,2.182909996765479832e+01,4.745109883691463359e+00,5.169742846654004609e+01
1.297702257287854266e+00,2.967768612474874335e+00,3.532630886665148040e+01,2.596143192340337080e+01,2.480543464815776034e+01
1.481265808749900881e+00,1.098524797647951878e+01,3.095832156547288605e+01,5.369848065983178742e+01,8.501465264893067086e+00
5.317316172428572241e-01,4.009840044491340905e+00,4.645630995404484764e+01,2.719330246623037795e+01,2.510609059864928838e+01
1.926475344467502848e-02,8.126508734627881481e+00,2.648176033695099818e+01,5.612334023293963270e+01,2.493718770237613214e+01
5.567681102715186015e+00,1.741540486139535560e+01,2.115200826370945464e+01,2.047096152017549997e+01,1.130197649566178875e+01
1.720724058755131347e+00,6.092628334109667643e-01,4.823759344455190501e+01,2.502692431579060184e+01,2.480287016939542966e+01
4.750356165167365918e-02,2.564781733103526307e+00,1.812671991924886683e+01,4.351883132686530331e+01,6.254445254705161261e+01
1.234501211245023988e+00,3.092230303875740938e-01,5.320712672039461211e+01,2.084329989485995682e+01,2.479735738620244945e+01
9.522893262831092498e-01,3.987423371160131236e+00,4.651899385430115785e+01,2.947357485574483249e+01,2.511010517759282124e+01
3.701019100081071933e+00,1.662133109147543664e+01,6.503094470906241931e+00,7.210535402932254812e+00,2.548251918334181099e+01
8.376612806515600917e-01,1.445119990947834943e+01,3.409365505486617209e+00,5.415621927534964186e+01,2.557268649292690910e+01
1.761713580624811648e+00,2.655609238590565724e+01,3.295292564886250997e+00,8.823629916627641734e+00,2.560166812829924154e+01
8.304138990059357628e-01,7.342079423462577026e+00,2.107016751495765305e+01,3.716533579206745541e-01,7.921800881830660046e+01
7.774934733460878711e-01,2.288313680241976122e+00,1.821915082770087935e+01,5.872291482051689826e+00,4.738662341746832141e+01
1.308677288763070656e+00,2.257498550760339384e+01,3.428647314899996523e+00,1.692752677279531781e+01,2.521346440618745888e+01
2.224334229132059804e+00,4.564747575210556518e-01,1.278104788336812447e+01,5.069045880984186958e+00,2.577252929912659951e+01
4.892556055490486777e+00,1.139749591637592019e+01,8.704075979370273330e+00,1.991520640810583131e+01,2.117659788336045068e+01
3.920802111104040311e-01,1.671902411487405615e+01,1.295754561976986530e+01,5.619834135678156173e+01,2.494715848056956986e+01
1.881681373318700334e+00,6.650348520177530531e+00,4.461635076854600612e+01,1.651951564276315665e+01,1.855419576804612447e+01
3.680337608290910723e+00,2.046139350768409315e+01,6.794683023654161103e-01,2.962849077192442948e+01,2.551533709114048776e+01
3.596370905404572493e+00,1.158094298051436510e+01,3.618696133379567925e+01,3.737691035346645663e+01,5.470752535022355367e+00
4.877848630826495113e-01,1.667971020760879597e+01,1.289244479091313877e+01,7.278972155259366161e+01,2.433546981084117533e+01
9.747725176700232641e-01,1.877103401243918412e+01,2.849953371482836801e-03,5.339140898801598922e+01,8.499385322532656062e+01
4.178319396899706772e-01,4.069420236927673962e+00,3.991564821849924272e+01,1.471205277648153853e+01,2.588590388404580978e+01
2.481850652298260407e+00,7.120792110785435725e+00,2.937938546983253119e+01,4.741497223588134018e-03,5.103183810063306680e+01
3.921018399333283666e-01,2.174955301252260043e+01,9.247195682886431456e+00,5.194009205491316550e+01,2.521565055768629193e+01
1.309199766621561345e+00,2.201732460685200010e+01,7.707650135231641997e+00,2.947010853512915673e+01,2.496781245784868020e+01
1.025273240372512884e+00,4.808064391671670990e+00,3.110780254917155929e+01,3.564235963749538172e+01,2.503534417811022195e+01
4.696651593322156870e+00,1.492757241573190541e+01,6.569327381377604302e-02,9.279122393775356414e+00,2.756064413133194790e+01
5.544744502957973387e-01,1.295711395959140688e+01,3.227382350903334185e+01,3.131167203446604930e+01,2.445839298482505697e+01
3.595650052784033157e+00,8.470596827604053372e-03,2.891204429846652157e+00,3.368605438578018152e+01,8.058585540799431612e+01
1.754939526287927487e+00,4.306881386511152598e+00,3.436007346911945604e+01,1.517176763396689554e-01,4.933196466037854577e+01
5.064028072921338719e+00,5.224542834217238862e+00,5.446403040340827006e-01,2.085841424779444964e+01,2.595692241999440597e+01
7.924818084505018401e-02,4.359797428974302447e-01,1.444119201415088938e+01,2.060234015686059905e+01,8.872888523428252938e+01
5.677734947304898666e-02,4.048406474725807058e+00,2.774408131168985214e+00,6.947090828400021678e+01,1.028482231509397877e+02
4.356846362183207866e+00,4.610518829208947622e+00,8.462093909498834776e+00,1.648729208643468880e+01,2.547141680844990930e+01
9.903834109646083572e-01,2.534815597820120558e+00,1.084845503601008332e+01,4.073077245559707293e+00,6.260783985046087707e+01
1.039903446231216444e+00,4.491708150533264998e+00,2.235307629098600302e+01,7.029534085481074612e+01,2.504941916444311900e+01
8.515874364472022506e-01,2.939959818227751986e-01,5.121230551364095618e+01,4.797349538778029654e+01,4.481102408905405809e+01
6.405380085825612690e-02,2.267236710652535958e+00,1.842397787145106491e+01,5.803897620967426008e+00,5.411595733831298816e+01
6.823233646253849642e-03,8.218858435739665680e+00,3.326352224081376363e+01,2.070257521151018310e+01,2.512351766435969580e+01
4.235610397813857730e+00,1.202758977005612095e+01,2.886936101990575310e+01,2.165322445675638363e+01,1.368706570775989384e+01
3.117591286125762196e+00,1.040369348024742635e+01,1.182564038483994295e+01,1.453140557125954757e+01,2.590283642067336345e+01
2.943705492385665146e+00,8.116993399428420020e+00,2.069960947377309424e+01,2.927783043603898250e+01,1.363927707085200858e+01
1.526907580145927312e+00,1.956574145266982256e+01,2.158752132980430360e+01,2.460221064597183727e+01,1.299572489864445046e+01
1.262499907015337541e+00,3.240419358371582903e-01,6.115636030258331601e+01,1.899611358653499948e+01,2.476974278149972974e+01
6.268742577350162826e+00,1.272899759204556425e+01,9.010490205451970880e+00,3.672664966718761548e+01,1.653520555251650137e+01
5.121667018713742081e+00,1.755141504887097526e+01,9.488770783866637970e+00,1.638240900111365761e+01,1.614080039147701484e+01
4.594273686820486091e+00,1.270125688968552247e+01,5.267260722817109775e-01,1.628919920786749387e+01,2.625053895847248597e+01
4.289017721663945792e+00,3.595013131131242545e+00,8.547011257098644066e+00,1.649670357005016186e+01,2.486959676360737959e+01
5.966372385684435287e+00,1.161937795206188184e+01,1.551047847102994837e+01,2.055315943883158170e+01,1.829729160594868631e+01
2.239890856121975915e+00,2.336254669797447292e+01,1.786367102925655814e+01,1.332630596726031058e+01,2.394536579166320678e+01
4.163883142156859840e+00,3.943963333268001303e-01,3.346110386225816802e-01,2.106977438853396478e+01,7.510638669471578055e+01
1.640014916440052817e+00,2.575119228897618240e-02,1.173537804454720224e+00,3.287264252666903985e+01,1.073967735392770635e+02
1.001417526121625379e+00,1.550248361671081732e+01,2.014990833162541151e+01,5.612065923235157072e+01,2.446035814106074113e+01
1.234202269184038192e+00,3.438830387458240989e-01,5.983621287855017812e+01,1.912830848017113183e+01,2.477992092323180628e+01
1.325357397672579096e-01,2.459523512550055857e-01,1.030259788546625188e+01,3.274759249218010382e+01,1.066547349640973721e+02
1.225657266332335748e-03,1.201775116188037096e+01,2.775374017607024513e+01,6.151066449386503621e+01,2.513102244227446747e+01
2.480480195636967977e+00,1.524511725929459338e+01,3.757064058969213249e+01,2.925287885263251653e+01,3.704975570184771527e+00
1.824321526300144658e+00,4.083574298830320082e+00,4.966316011195229407e+01,1.638800160368021963e+01,2.394379391203111496e+01
5.819896378135570814e+00,1.197434978579539688e+01,2.177529603292316907e+01,1.755739147645859433e+01,1.746905961204442193e+01
2.281344121507057565e+00,4.861741892593407499e+00,4.487782057727788043e+01,1.556863621161936173e+01,2.026106640472812970e+01
1.661609743946334650e+00,6.607253789556959134e-02,1.379362867253218283e+01,3.296399275393717687e+01,5.657801422106929579e+01
1.547025340325974607e+00,1.957960415512519248e+01,3.101963721796818518e+01,2.460221064597183727e+01,8.135103624946896872e+00
5.175806506655898254e+00,9.829177907429418326e+00,1.958052778248857151e-01,9.466866161556939829e+00,2.590240446082912129e+01
2.584499970592819551e+00,1.021961088056529077e+00,1.472230574566002481e+00,1.653046261056797306e+01,4.921568807376240073e+01
9.492304509310354188e-01,4.135462978940322110e+00,2.884753175847031059e+01,6.097487158705375521e+01,2.476199901883575194e+01
1.362328068831978989e+00,9.875705427800724578e+00,4.499055207074096074e+01,1.553707965768344579e+01,2.491599437922586802e+01
5.202272985360235219e-02,5.869020879294591930e-01,3.736188310072176932e+01,1.685690806930364971e+01,1.230633545551689707e+02
1.505259734130862004e+00,8.695235737899537298e+00,2.939391545131347527e+01,2.459370415102889496e+01,1.517368414026398327e+01
4.747474282450180993e+00,2.095267556550837185e+01,8.984475541801430154e+00,3.287124251945157738e+01,1.856198898738395897e+01
1.651148680025855686e+00,4.510461395016475590e-03,7.507198590993382492e-01,3.363658362908879695e+01,9.062361278955100374e+01
4.470188756980735256e+00,2.747658739528619165e+01,8.343584770699445485e+00,5.405093604563131038e+00,2.480325687138227408e+01
2.429934479303922146e+00,1.783756810364533862e+01,3.050354287297942335e+01,3.748764316534482788e+01,5.557872320898020746e+00
3.562649951567705919e+00,2.253675023116954890e+01,8.287735946951752197e+00,6.740131514015510916e+00,2.450280217468031196e+01
9.512100300197796621e-01,5.647166201307120659e+00,4.520599436517458258e+01,4.196185495693214307e+00,2.571419957808148382e+01
1.741917111431926291e+00,2.274663069699079276e+00,1.816745446499207617e+01,5.907182653078724144e+00,5.106808048421343926e+01
1.324557678546422590e+00,1.364255237502086970e+01,3.123523581786404435e+01,3.748327042228423522e+01,6.776615013666813070e+00
4.831896927747292736e+00,2.747726126206420716e+01,8.363612818163860041e+00,5.623239657572281835e+00,2.421785284570870900e+01
4.757257630094046119e-01,2.691966425931024420e-01,2.494082728005390592e+01,5.030700264205094641e+01,5.531967744685319133e+01
1.990154132025127254e+00,2.288673473607828512e+01,5.609194861703827722e-03,2.157156787919274876e+01,2.733310614715297504e+01
1.505387741072559793e+00,8.734625754006636100e+00,2.939802299964853916e+01,3.374627598613426471e+01,1.436018291657287271e+01
1.241588467823541597e+00,1.154218333297704646e+01,5.550269814290602710e+01,1.652531820281183172e+01,2.391014421817087765e+01
1.393167159782547015e+00,3.979329206958093668e+00,4.424973664727819056e+00,5.653697300625174726e+00,5.783331386277701824e+01
4.744284750616412083e+00,1.615649479193432114e+01,1.467948281442051361e-01,4.182884469666350924e+01,2.452749786161860612e+01
9.932880116768300072e-01,3.268210201458585651e-01,5.015335107672569137e+01,1.825634275156236797e+01,2.701958465784788288e+01
1.881688724964919013e+00,9.580715428346444185e+00,3.489619721227725080e+01,2.034932584345003193e+01,1.858861158848047168e+01
9.302442183409079246e-02,3.364623995248717803e-01,1.085530157646113381e+01,6.559893994542919415e+01,1.020631201039076217e+02
1.777553590919672133e-01,4.575180831415117666e+00,4.818386569460512137e-01,8.421841523325822720e+01,9.663044634810326272e+01
2.704681151851084486e+00,1.997800001503645395e-02,5.161054994780107208e+00,3.642659539954754422e+01,7.643074103988675461e+01
5.724500544859557893e-02,4.272954889688185709e+00,1.804233824177079670e+00,8.525824432339902614e+01,1.049396535581496295e+02
1.249784644004702239e+00,4.649642274608101755e-01,5.072164255865299509e+01,1.640021510872358590e+01,2.477254321789299851e+01
9.158379131711498200e-01,2.165631984421847633e+01,4.980396070490485982e+01,2.551428384795601190e+01,2.401044726601502433e+01
2.142316751107674389e+00,2.785670200759781112e-01,5.555708293191248259e+01,1.757548498763948430e+01,2.405693729314163321e+01
8.741175744493621946e-02,1.626444648113659075e-01,2.632296714022513129e+01,2.053797846760084767e+01,1.288178573486564460e+02
5.683554584896862494e+00,1.612307082493446586e+01,1.230801394807210236e-01,2.686736462308624240e+01,2.494344320411239835e+01
1.534300469551358181e-01,1.082804890133569664e+01,1.433574111189142286e+01,5.134828180452928770e+00,6.127101106938324904e+01
1.132877050846962552e+00,2.035027080554981183e+01,2.037947524470450134e+01,8.790559973154369322e-01,2.595587023324774378e+01
4.157878259139722310e-01,5.091591169345883738e-01,1.778322177305039986e+01,5.633856463727025954e+01,4.137163675027750287e+01
1.977948864814154994e+00,3.102614930454780762e+00,3.414529585689189162e+01,1.655628356298701576e+01,2.513674144184951587e+01
9.565282938247610112e-01,6.661914665099729405e+00,2.006722483004884339e+01,5.626520519254881236e+01,2.189332911508968849e+01
1.233832141420244000e+00,4.651486050044860154e-01,6.048033365459238553e+01,1.899643562675670694e+01,2.664683181780608479e+01
9.016830952272254507e-01,4.206953313562368457e+00,3.484861734165725977e+01,3.006160174329797385e+01,2.498485987817077714e+01
3.150051998097956218e+00,3.744461074331788986e+00,9.285818841512780253e+00,8.437946720547235202e+01,1.972239775734339773e+01
3.738398554692713704e-02,3.648097679271743221e+00,3.719948171111268209e+01,7.158613835624092303e+01,2.592416608722578886e+01
3.092434275736146709e+00,6.764670528707904751e+00,2.888143487875021265e+01,1.672121605525624588e+01,1.845444995036333324e+01
1.876106754659558007e+00,1.899637747895710760e+01,7.952594465437303611e-03,3.576116636822055028e+01,2.768470531746308438e+01
6.221014944590599782e+00,2.052850506780271544e+01,1.584561808680752293e+01,7.871405539358220516e+00,2.430022136558551082e+01
4.316965883944099858e+00,3.888521151758737915e+00,2.597313535184676425e+01,7.846874229125000966e+01,1.890625129570143059e+01
9.879571989093887119e-01,7.465054163732309789e-01,1.531053997949751988e+01,1.736427307419161181e+01,4.573803898245925126e+01
7.944703817105944199e-02,4.150727761018891959e-01,1.849107648007785043e+00,3.260706996568637805e+01,7.901198807708101413e+01
9.623220290165940272e-02,1.698789794983355961e+01,5.536757983037976505e-01,5.355817284222227670e+01,5.575238509377273743e+01
2.528568886295532447e+00,4.080293174368801346e+00,2.209098384120815695e+01,3.444127478838730383e+01,2.228080892325939644e+01
1.963369329781529338e+00,2.319940287595073869e+01,2.306555485058990954e-02,2.089057116137434633e+01,2.765986910808056010e+01
2.213136342182668415e+00,2.681476118019814336e-01,5.077688611920484618e+01,3.764837182600755394e+00,2.857465516476830913e+01
1.099721633852731584e+00,3.616033787305245273e+00,2.856597148858073609e+01,3.139591547948819894e+01,1.756319941099744497e+01
1.581491230728752084e-01,1.109880344803880803e+01,4.657787476603665322e-01,4.606285708655251199e+01,3.834308456242098373e+01
1.597404744874204807e+00,6.128480868401067760e-02,1.080236151665721955e+01,3.325034725701988236e+01,7.885891314679723507e+01
2.219980889818982117e+00,2.316987383060470085e-01,5.040065222876591378e+01,1.961718875320094568e+01,2.405229955264643493e+01
1.907156644635316978e+00,8.612734211304278631e+00,8.028057320061858348e+00,3.639229863495738471e+01,2.423644011440516266e+01
4.385056364248459543e-02,3.479085758135039841e-01,5.121230551364095618e+01,7.187832147095238611e+01,5.256633405766206835e+01
8.561610923160545283e-02,3.009027227600888366e-01,2.528155498294503190e+01,1.925294300851233942e+01,1.111280776553260665e+02
9.146769003581911583e-01,1.764279027121603960e+01,5.018184821158760656e+01,4.381272199705061610e+01,2.402796928553692268e+01
1.398051282664475592e-01,2.947228668320139300e-01,4.183116459150710398e+01,4.797349538778029654e+01,2.486970677742116465e+01
7.078977049811079059e-02,4.070700662702325445e+00,1.512737718597471748e+01,1.973382061155482958e+01,6.480296815447815106e+01
9.321289162650678861e-01,2.746760081173342805e+00,4.280621107585048435e+01,5.516943254423141596e+00,2.633760926251901680e+01
4.952971948063427554e+00,2.221753495506376908e+01,3.372820300977392272e+00,7.336126738814003900e+00,2.579827250880740408e+01
1.234880936999132109e-02,8.526357270606101935e+00,2.766502036118327723e+01,5.101133092966580307e+01,2.440544228009311922e+01
3.829160661621328066e-02,8.136485403937960825e+00,1.473286001263264211e+01,4.412552072237942014e+01,2.593583781683920364e+01
3.474872383052900471e+00,8.336105094663670556e+00,7.090514350558121848e+00,1.585439744170496112e+01,2.584868069957739678e+01
1.737494583697419159e+00,7.448378186054651628e+00,3.971168991773961920e+01,9.161490694600905593e-01,2.496225400502095226e+01
7.737460885209530570e-01,5.116628656506314599e-01,1.817127908021977589e+01,3.824936775853301896e+01,4.002901061227401414e+01
1.070184160659142458e+00,5.883988807004217669e+00,4.525571629311691879e+01,1.912251742883860572e+01,2.425692209344666850e+01
1.330616749631922335e+00,1.595739054480730346e+01,1.547564435926912019e+01,3.743890180811165180e+01,1.217589818435587290e+01
8.654873001755337691e-01,1.955320289780986442e+01,5.600385026126832599e+01,2.294880093011554578e+01,2.381953599186914161e+01
1.359684316520644254e+00,1.561353206817005201e+01,2.471092806890187177e+01,3.934877235723831745e+01,7.182147184135187601e+00
1.050529989712204015e+00,6.851577923149411831e+00,5.433741764831667709e-02,6.430785934861455644e+01,5.437690181134360046e+01
8.634883447998936701e-01,7.237372412523487064e+00,1.108303055849658136e+01,4.757993983503476443e+01,2.503264395965803857e+01
2.527059562000749438e+00,3.685644044003068664e+00,4.129081613788367378e+01,2.010739440757319113e-02,7.303599787212486660e+01
1.755659259679755113e+00,7.650302570951337700e+00,3.113844897837197934e+01,4.178777544816060160e-03,5.111001158403000488e+01
2.607552331778318244e+00,1.963214655381240092e+01,3.128592316866976120e+01,5.684447090390587931e+00,2.364125842514501130e+01
8.682390107674534119e-02,6.279062663194407534e+00,4.896007481518735993e-01,4.706868933553300849e+01,6.236941143777013963e+01
2.241303683865962793e+00,2.686760981074900556e+01,8.247040503186676474e+00,1.848459448241077752e+01,2.455831719040887151e+01
8.709728884050673692e-01,3.288264330375728073e-01,6.001713502087665120e+01,1.900120772885010112e+01,2.479862878177198127e+01
3.036212426140985521e+00,2.488246744602919236e+01,2.204699413270448005e+01,2.844477934047215228e+01,1.282746543603872702e+01
4.120786426133399489e-04,7.785746133423387505e+00,2.732323668900062330e+01,6.323800945812656948e+01,2.505629806720490649e+01
4.115967562614593475e-04,4.186731519592938433e+00,1.501530678991010248e+01,5.157268517494642879e+01,6.726971297044896403e+01
6.807348012163741413e-02,4.576607508809472091e-01,5.588135133093988571e+00,2.209683800246959251e+01,1.469801579034213717e+02
