4.384305582484906982e-01,5.962175887071914371e-01,1.778254913672868920e+00,2.858144240233860600e+00,9.523453654948067282e+00
7.295980068954962539e-01,9.991522935461423227e-01,1.261823636757172906e+00,6.044974491971364827e+00,6.365071111534907011e+00
6.845766635865799810e-01,8.016018438757746001e-01,1.704852429726051666e+00,2.739924240832804614e+00,9.560929526352460073e+00
4.348873139547666522e-01,6.074337057640526449e-01,1.573714014388821525e+00,5.566172116306206341e+00,7.782738719202884070e+00
3.890371779164354948e-01,5.439315116282377183e-01,1.469555442731672823e+00,5.581264228380049097e+00,7.601450481035975315e+00
3.799765987335808060e-01,6.715357475298674439e-01,7.416399908512133488e-01,4.459947881307864570e+00,8.748900303913790921e+00
3.957532034057218429e-01,1.222882813827276038e+00,1.110412516521672943e+00,6.957125150410935710e+00,5.440392863351503294e+00
2.994455478145916505e-01,4.198090221824407609e-01,1.143053993790110301e+00,2.263785021487601856e+00,9.806469623514992406e+00
3.090792595338818227e-01,3.856348779914709479e-01,7.045496328331974922e-01,3.628985506975642039e+00,9.364709905491739761e+00
5.798571842183712910e-01,2.474224203248540643e+00,1.502425860413060921e+00,3.979722382704782735e+00,7.120526218158601317e+00
3.019369675098150796e-01,3.901038227305556605e-01,1.473135524534956220e+00,4.072318352638484740e+00,8.804903051103906364e+00
4.488479299139621626e-01,1.207741432668217207e+00,1.938635260829761897e+00,4.555552989400422526e+00,7.888785945182337223e+00
4.534989845054735458e-01,9.619275994562064280e-01,1.753292816397593601e+00,3.636840680941413328e+00,8.941880372199769056e+00
3.858952549147505184e-01,4.788272108441409824e-01,2.372030789518141614e+00,4.397634951741252962e+00,8.351912124900259471e+00
4.840212054666300223e-01,5.898337708966410187e-01,2.238280613094479232e+00,6.890313064401163423e+00,5.376569498055152607e+00
4.527548090334798658e-01,1.192018021144506168e+00,1.583919995865490593e+00,2.561663198802642150e+00,9.394547431644484803e+00
4.293460160437009288e-01,5.615948989052457208e-01,9.338455051292146036e-01,3.522981260807853232e+00,9.431472068999546821e+00
6.369720691684744862e-01,1.276736046665211122e+00,3.812449270355489084e+00,4.989065180988044190e+00,5.290099339948198143e+00
7.085983271385032367e-01,7.939553872447385752e-01,3.046012777505708868e+00,2.767954758832174456e+00,8.332454584244572970e+00
5.392084388284088536e-01,6.611804642902994189e-01,2.113978776311215224e+00,7.224353503415288813e+00,4.084829133775494725e+00
4.639088014764171097e-01,1.221491805062556946e+00,2.314333139530524441e+00,2.897721793758724740e+00,9.010741021171153164e+00
4.433971239655344343e-01,5.370065269578310208e-01,2.877998307299064251e+00,6.753551303471518885e+00,4.708824692099748965e+00
3.580785848688643469e-01,8.360705668755712416e-01,1.015669279026378824e+00,6.142171768512630692e+00,7.030469731950431900e+00
3.917512594732145415e-01,5.891648008899801336e-01,9.603658684449274396e-01,2.688302690578824983e+00,9.722639845972432582e+00
4.880014796706714786e-01,8.885348590628402432e-01,1.206917838890443129e+00,3.115533182415812785e+00,9.615229668888552794e+00
7.854876932487365737e-01,1.242256065585343627e+00,2.595178042136339069e+00,6.060557600437645576e+00,5.654171079029792324e+00
7.601036586664782213e-01,1.050012805098910817e+00,2.199272546120314420e+00,4.083223372537914564e+00,8.563544326000329221e+00
6.286013229555769133e-01,6.196490419735523059e-01,1.140229142539018525e+00,3.249215066807723762e+00,9.516943755170071739e+00
3.536634248122154656e-01,5.926939591761654080e-01,2.369582117644825292e+00,2.933613640262082711e+00,9.126387488096092682e+00
5.621375565849970890e-01,1.301560979290255826e+00,1.881975714647474263e+00,5.748260189439020174e+00,7.031786656782043288e+00
3.790951146590234022e-01,4.495776213744187011e-01,1.105356110758900723e+00,2.843836938584302310e+00,9.743699482737680384e+00
4.188139127169779874e-01,6.772045948821414640e-01,1.075280859236792175e+00,2.083992606949807147e+00,9.933191205743197472e+00
6.801507850657615428e-01,1.090313106181793001e+00,2.242646648364583051e+00,4.800654261068670436e+00,7.620373071557479783e+00
3.659314002121742959e-01,9.187635921682886231e-01,1.439200337664864549e+00,5.223691684181077655e+00,7.950860886793327253e+00
4.975763213184649647e-01,7.858858714489910247e-01,1.455946460722679969e+00,4.052489678785539340e+00,9.083302485444450625e+00
3.431765901578291977e-01,4.056508778345191413e-01,1.226708204759199061e+00,6.369434399230605059e+00,6.719970527222290713e+00
2.882336090338275536e-01,7.828259306128466655e-01,9.749536053399980862e-01,1.693497891351935847e+00,9.804801066377539343e+00
9.515019986391735074e-01,1.021989229720851933e+00,1.732238550377172448e+00,3.032302455909351213e+00,9.131198680789863076e+00
5.148038881909571263e-01,1.310604451955915906e+00,1.749072035508304701e+00,4.088873818623990353e+00,8.413098723135931323e+00
5.100242806011657803e-01,8.918369701463384480e-01,1.103484665037348877e+00,3.256039739722988990e+00,9.163359357407596661e+00
6.851740696374871709e-01,1.098343710111417737e+00,3.239010258784738472e+00,2.209632522224417972e+00,8.558685518524701052e+00
1.092006487255543501e+00,1.064238060633715621e+00,3.535796408528994128e+00,4.269397393655528283e+00,5.350215241863221394e+00
3.897260399978683676e-01,4.966191428951837183e-01,9.333589164297790841e-01,4.657309487780500135e+00,8.610839191768819845e+00
4.181172514881225655e-01,1.505654961097355748e+00,2.416434705862749333e+00,4.013965868225917610e+00,7.923772484378704739e+00
4.311052896577661775e-01,8.201430078476424912e-01,2.372657886536633232e+00,5.752350083948551962e+00,6.913991963599366741e+00
3.203364604556447892e-01,4.873603059150249939e-01,2.386036472493257676e+00,1.591435303717908090e+00,9.361911550338339438e+00
7.047619996545092524e-01,1.384416451344675725e+00,2.713097845460485935e+00,4.590407959357070133e+00,7.198483305580661629e+00
3.789741194549638426e-01,3.894008917279265791e-01,7.284177997998388943e-01,2.801436397378473053e+00,9.874856430135700691e+00
5.471545648155454744e-01,7.741059755381582974e-01,1.273614605523289534e+00,2.536050021473078786e+00,9.689474115426587986e+00
3.383504669693062628e-01,6.472923046616305687e-01,1.399936348736400049e+00,1.692038218949883488e+00,9.773271966697633317e+00
6.773874606464962422e-01,1.497517376722558247e+00,2.477764571234232438e+00,4.491640873519085808e+00,7.437952091733426307e+00
3.864110916915025618e-01,8.073795262014078489e-01,1.057227581075674161e+00,1.379002245734073151e+00,1.007618866758547682e+01
5.096531279585476693e-01,6.627007335228496387e-01,1.910076564131620191e+00,4.208734865852627571e+00,8.780708179716329553e+00
6.764626355712965999e-01,1.147161260978520225e+00,2.732167949638105053e+00,6.044534271053287888e+00,5.583170866730799986e+00
3.976693841805923890e-01,6.627421191547142598e-01,1.549211853273267270e+00,5.248029586789680678e+00,7.797037218582024032e+00
8.635906650608120572e-01,9.518208040535460768e-01,7.324841757755140570e-01,1.664643740883642975e+00,9.834138036845695652e+00
5.251891992071232584e-01,1.327845127436905859e+00,3.076401368323653518e+00,5.183697339767149970e+00,6.717819896400641255e+00
3.094004275172671514e-01,9.218454899852926987e-01,1.033647108619567767e+00,1.948237446843869236e+00,9.653592525706491401e+00
2.915761371605735119e-01,3.659742774751550409e-01,7.577551244396576458e-01,3.136291009429640120e+00,9.588289630633134664e+00
8.749174498803934386e-01,1.336876956821100748e+00,3.354820641412944671e+00,2.447392940716325960e+00,8.037739514975942967e+00
5.600082428786514743e-01,5.281484140695572593e-01,1.335433247243881016e+00,6.850104231393732590e+00,6.120685075353891946e+00
5.769378533782765217e-01,1.516265984226065733e+00,2.331797496676702774e+00,2.598485529640352176e+00,8.860496416494388683e+00
5.153869446131363885e-01,1.144168274764643112e+00,1.662886964513319965e+00,2.884622982691711801e+00,9.360661604988823825e+00
4.169741274197210634e-01,6.380255111191759365e-01,1.541188845699797527e+00,5.642822786985417949e+00,7.185826105089630822e+00
5.658699386099945716e-01,7.099877156936038602e-01,1.261462324115974143e+00,6.075409395388510880e+00,6.956461060720274148e+00
1.224758402609607000e+00,2.079838853891953221e+00,3.013283315897093306e+00,3.554079562343269050e+00,5.713454685607382011e+00
4.670227621003417151e-01,4.951921005133450571e-01,1.732475095665739984e+00,4.921810729013957442e+00,8.112649464356081808e+00
4.177895690147783725e-01,1.448825195427888346e+00,2.831859644126890618e+00,2.852627231664574659e+00,8.215676821469237723e+00
7.069790662247275037e-01,1.561354390679174031e+00,3.825148229767326935e+00,4.951668838795768579e+00,4.909263600737202360e+00
5.801023359644410515e-01,8.282134410732545637e-01,1.191901246846256646e+00,3.187347613526477552e+00,9.482895608422154510e+00
4.937588944110369304e-01,8.442224063707350901e-01,2.240516634446361177e+00,4.988778920511379944e+00,7.739991518420866967e+00
2.983938724316902436e-01,3.353058507488070328e-01,1.200397486708696171e+00,1.962095990806643098e+00,9.957954295824912094e+00
5.814950380800183449e-01,1.298404217047279596e+00,4.851860420066236301e+00,3.995678316922679940e+00,3.714648317998186400e+00
1.005388983991239105e+00,1.188436806127376677e+00,2.704895163114499290e+00,3.111456788855011535e+00,7.753437359989950650e+00
4.782380526067324111e-01,1.794987276635386708e+00,1.712133134344283825e+00,1.691810819178495962e+00,9.375779817825870666e+00
3.823410133684922441e-01,4.522046677047470986e-01,7.981464526525967607e-01,2.501682975809314868e+00,9.971379555837319941e+00
1.056467573538009797e+00,1.818745013955655354e+00,2.360769110906477231e+00,4.535275432876723301e+00,6.576086235970098670e+00
3.431867787738958064e-01,6.769836225794721996e-01,1.226477255797135957e+00,4.110508344989638019e+00,8.972112050849014864e+00
4.196079189485125704e-01,6.908340635980487754e-01,1.080491192985158166e+00,6.114896957738107375e+00,7.057205262526497158e+00
5.519288493642118265e-01,9.354503211623588221e-01,1.838014545183125348e+00,6.161688537998324833e+00,6.060251697641231949e+00
3.870450469796040682e-01,6.196202348344002075e-01,6.304426605487589708e-01,3.908430932013406522e+00,9.150317234372586483e+00
3.799675191823479459e-01,1.164581124134739021e+00,4.263427265114763998e+00,3.022552424810417193e+00,6.703343123789379909e+00
6.778161239207726174e-01,1.289053189069225169e+00,1.974919325637824574e+00,3.297111844676237080e+00,8.755422971358699513e+00
5.013344873291293302e-01,1.138443608811935182e+00,1.615371058478472399e+00,4.146381343729017566e+00,8.567127420012754513e+00
4.305260877701846955e-01,6.933775529223999978e-01,2.416067219000275212e+00,3.983328537250289791e+00,8.573322462400717825e+00
5.131710825069658588e-01,7.678797282889436859e-01,8.178718629784418326e-01,2.883405053933196349e+00,9.695490932875001633e+00
3.689098717918570802e-01,5.067777720811308395e-01,1.537371585865504597e+00,3.096195678156987707e+00,9.411445689286722427e+00
7.832675939556812406e-01,1.353513677242168978e+00,3.300919517988345042e+00,2.393491817291726331e+00,7.983838391551343783e+00
5.919514347423528999e-01,1.143816958279478158e+00,3.860747593550708512e+00,5.975583187663357165e+00,3.796867670239461923e+00
5.818968249583529317e-01,1.673975417136403188e+00,2.836675149282219088e+00,5.276382074981620818e+00,6.367012115471140099e+00
8.528244960423506660e-01,1.174607115691389314e+00,1.515792673798693091e+00,2.998813895552224107e+00,8.851424886126025626e+00
8.537677906325344956e-01,2.445849550532668726e+00,2.254408067835108387e+00,5.354131162888801754e+00,3.384480187644745897e+00
4.562837906508142027e-01,5.658350008341245241e-01,2.535653097847004656e+00,3.489397981389558812e+00,8.890185373757789833e+00
4.022557436744946258e-01,4.452100589952883158e-01,4.749329496190107247e-01,5.145141809470577421e+00,8.310298488869891642e+00
4.355073175641178684e-01,7.477723685648324237e-01,9.180640603919534293e-01,5.697170049812033454e+00,7.549641747599437736e+00
3.550953770826717482e-01,3.993556483567836657e-01,1.238424580438125311e+00,6.437724481481964744e+00,6.618494966222853826e+00
9.930307492972090255e-01,1.127761418866735088e+00,3.600185757376017204e+00,4.385858248116906388e+00,5.902125240186101962e+00
9.291294480600995609e-01,1.085265750476232194e+00,2.378775817216703725e+00,2.556362599190684648e+00,8.629956458513103001e+00
6.311954474391314740e-01,1.074477089307915634e+00,3.214561910127113009e+00,5.330124487081546292e+00,6.032221445116965342e+00
3.961547312141689425e-01,9.307815318263723547e-01,9.275452765928349219e-01,4.113849807191712671e+00,9.057977096440223974e+00
9.417774627170710788e-01,2.150197846960454573e+00,2.196594822765203237e+00,4.913629771584434813e+00,5.375633307401739280e+00
1.060852416891758576e+00,1.606681538055842129e+00,3.494048491084849495e+00,4.109079412243577423e+00,5.388272903620110910e+00
6.885999036562510112e-01,1.053733517398938613e+00,4.934219855614734307e+00,3.691082451195327963e+00,3.683192847597472230e+00
5.698381970771728700e-01,1.393958684582698782e+00,5.068191203621314145e+00,2.653177299733936234e+00,4.202393352047656627e+00
1.028888070202202742e+00,2.122778383255799817e+00,2.514951935047623266e+00,3.650476351649115436e+00,6.532442576248608468e+00
3.644480102693266055e-01,4.183056086589396205e-01,2.922611588224587109e+00,3.440530298363925432e+00,8.527073613927417028e+00
7.277295397143762612e-01,7.618881105334589510e-01,2.484423171298262289e+00,2.772787540326767441e+00,8.759346561377190810e+00
4.357680246868298468e-01,7.288515983543355503e-01,9.035629102552023006e-01,1.807176430514212173e+00,9.760232953231229303e+00
6.366600300660016920e-01,1.335095206552304514e+00,3.410963710822786599e+00,4.285270520607666889e+00,6.485155756957229123e+00
4.307365232187075899e-01,7.512457466234068182e-01,2.036700833115116183e+00,5.018877009087014507e+00,8.011541150037809089e+00
3.557397462916997988e-01,4.545972341296127262e-01,1.431314333741418032e+00,1.609476405733823778e+00,1.004067018858975402e+01
4.716500717512423502e-01,1.127768198051134041e+00,3.223735721728619552e+00,6.494747982177202061e+00,4.492774479694026546e+00
8.754003935655485513e-01,1.169888667308897512e+00,3.829944418571933795e+00,4.849937260424247221e+00,5.519817867759821972e+00
5.359891523130198010e-01,1.875394028163873683e+00,1.451973360338393082e+00,4.785204815323159444e+00,7.096372957143331384e+00
6.137645627031469431e-01,7.464947512972626154e-01,1.575381595507576060e+00,2.855231698321631928e+00,9.384722774836822268e+00
3.386194592022511718e-01,4.087010068161084919e-01,1.226967926112945140e+00,6.960577899051322071e+00,5.664112928129744873e+00
7.948350382968718542e-01,8.024216693107395493e-01,2.252590638175722138e+00,6.498353374981800989e+00,5.434199725305782991e+00
4.719448798191788197e-01,9.620569444193439734e-01,4.143390722719705543e+00,3.368087771046234025e+00,7.147370981564106884e+00
6.954235766527181450e-01,1.718904062434180258e+00,3.334101781116513674e+00,4.599160878801238361e+00,6.081255479379200857e+00
5.004258505155898540e-01,7.491270071827332844e-01,1.439544029414484561e+00,7.722586041323888040e+00,3.712290563018175504e+00
6.967398321469805422e-01,1.428031370119523746e+00,1.482352407800056504e+00,1.502418113969594682e+00,9.601505089950185479e+00
5.003140515957471557e-01,8.081435863481939430e-01,1.431925250314651787e+00,3.197104443278578678e+00,9.185972070664456979e+00
6.066342540789497750e-01,1.206699782472913096e+00,2.390928904298250668e+00,5.965049293391542662e+00,5.922827428192011467e+00
7.676338885562925540e-01,1.201711889022964552e+00,3.511500053568156865e+00,4.820638539239016751e+00,6.273127514182422537e+00
4.749504586842914211e-01,6.083361156324103014e-01,1.425348134523469978e+00,7.385869434848114423e+00,4.644800545667438385e+00
8.396675730891283163e-01,2.030627610608539690e+00,2.827196494624662826e+00,4.958293161299423879e+00,5.464393562730830212e+00
4.621495564138015655e-01,5.911424271893872540e-01,4.166580009715024069e+00,4.993613244521967864e+00,5.294647403482121817e+00
5.713013901016129603e-01,6.007149224175803992e-01,1.217705520902088168e+00,6.827060876998555905e+00,6.097641720958715261e+00
9.722081368510590016e-01,1.172334831298903257e+00,3.689935978346813084e+00,4.504577280103410075e+00,5.383060985997949466e+00
1.331938855299985347e+00,1.542253744893357092e+00,3.311187934737880312e+00,5.039742679230971412e+00,2.715299289793017934e+00
3.646211781545521391e-01,3.952417524849401453e-01,4.009858706986244581e-01,4.510703514285645532e+00,8.870521589327085010e+00
7.594662646020191588e-01,1.240713718299938817e+00,2.342545443116631709e+00,6.789631831268441609e+00,4.744905219896671689e+00
6.491609524190800062e-01,1.005205497834048556e+00,3.599916072485807028e+00,4.484555094002467435e+00,6.525365897095842804e+00
5.180103607277752875e-01,1.916943011447541423e+00,2.841284606481433439e+00,3.319001249527239850e+00,7.492860139237251360e+00
6.428491535512805832e-01,8.757460906435723391e-01,1.930111914501326797e+00,5.572828548727695619e+00,7.174521199104482605e+00
3.664336790536242283e-01,5.600961815188020276e-01,1.119276840867390099e+00,6.121311277189150246e+00,6.760207269933639296e+00
4.728857720876257775e-01,9.786217736945076462e-01,2.784700980252423630e+00,2.329802629452407459e+00,9.009333651188999426e+00
3.538264319701006633e-01,4.299885756765967071e-01,1.417278754376741556e+00,6.324855718297770046e+00,6.729109908674400842e+00
3.577590836242242611e-01,1.430589810591097688e+00,2.778266749782525302e+00,2.929572851894725716e+00,8.198687402473954222e+00
3.949192383540678919e-01,1.501075854067275728e+00,2.984631546219830955e+00,2.484684933129745144e+00,8.218647393980154092e+00
5.872578019138077199e-01,7.870849609528258739e-01,3.601055321897672634e+00,6.763718706256504731e+00,9.446632646973065484e-01
3.963083070970186972e-01,5.953323286982887819e-01,3.713589662309506156e+00,5.627314762398432535e+00,5.053177491172055724e+00
9.452195823063753721e-01,2.636823962569472712e+00,3.768524372940067924e+00,2.750673321479062405e+00,3.649998601580424662e+00
4.317707436798850495e-01,1.541944909600163838e+00,2.631042618030826841e+00,3.132810003273406529e+00,8.169859404924054047e+00
4.356773942943989453e-01,9.493374383410613238e-01,4.416658338358969260e+00,5.192154500817228069e+00,4.471098704087955511e+00
5.813388869985960383e-01,1.389758740017806637e+00,1.871379301543479201e+00,7.098849740213443837e+00,3.394223195420830397e+00
6.045400228883441862e-01,2.064796376469964834e+00,2.762043748586260783e+00,3.305559609875900584e+00,7.356088960265397603e+00
5.978190591394120235e-01,7.091076453169222749e-01,3.727944398436799034e+00,4.272779216281593406e+00,6.733877771990612437e+00
5.014207577127831605e-01,1.474572276245331715e+00,3.518897992370067840e+00,5.035467581357758959e+00,6.064819386526964173e+00
5.617355352842743343e-01,1.385328509007884401e+00,5.057824188594200798e+00,2.655893885576828151e+00,4.194496583882399321e+00
4.077911340066904811e-01,1.735403941096440139e+00,1.615527948438836736e+00,8.265172865384429191e-01,9.410159316896756110e+00
1.034788189889999099e+00,2.080062547414433638e+00,2.286536722542651390e+00,3.238337534323633804e+00,7.228349358841287042e+00
3.453226811802539986e-01,4.034699472550469790e-01,1.080597596079422962e+00,6.999417368036070286e+00,5.690592530608903132e+00
4.997286923284950388e-01,1.383863917065359939e+00,3.315096651324511257e+00,5.036880639808456905e+00,6.365969144430701832e+00
6.349650917601564748e-01,1.462814063886904048e+00,1.764923790658126102e+00,7.257775040372877129e+00,3.151270712177957734e+00
4.954868085777504594e-01,1.219669915284090411e+00,8.901361202541118178e-01,7.011143455536631208e+00,5.233587209220136316e+00
4.341743624850025740e-01,5.337897742150913283e-01,4.682462771844312366e-01,5.053452574389373453e+00,8.487184140210299432e+00
9.156374855692562820e-01,1.486730602233604204e+00,2.123257385294608390e+00,6.913551912034110458e+00,3.115102000078784350e+00
3.646029469364522879e-01,4.449643847061623414e-01,1.218775932224495095e+00,7.969406999956016868e+00,2.578629186816126850e+00
6.589859064670827715e-01,1.008224722188978850e+00,4.121182952504997665e+00,5.631026521192234569e+00,3.388387422217746359e+00
6.354441650245142847e-01,1.363443942913528772e+00,5.087621179961931972e+00,3.541074898030485141e+00,3.758555919393232969e+00
3.718742321174974830e-01,3.946536814866680176e-01,3.997743884840394557e-01,2.541578581791590796e+00,9.984045696295224204e+00
1.020860791533275691e+00,1.927841566411237828e+00,2.503888410137274256e+00,5.066016642893862887e+00,4.722099027185339359e+00
1.193776745265105577e+00,1.162622722745473069e+00,2.301220939850626923e+00,3.709214106082113549e+00,7.001760577200222713e+00
4.450076850948366802e-01,1.058357668190698764e+00,4.044504820739632578e+00,4.127255912933689430e+00,6.166845065790210967e+00
1.409107067622484166e+00,1.706681490021498604e+00,1.746134659715077753e+00,4.733855393416478208e+00,5.577583831010531235e+00
8.088871696859459837e-01,1.404048618135889104e+00,3.359955254213317755e+00,2.474634474441488319e+00,7.541136483534876866e+00
1.340777487897710785e+00,2.035562902657721107e+00,1.570665828472059822e+00,5.812772993013007650e+00,3.587565385777121030e+00
8.900578070507859652e-01,1.455002346462709983e+00,2.698143676826190607e+00,3.104705302566702851e+00,7.746685873701641967e+00
6.879570935021479539e-01,1.233919231876283717e+00,5.071596286066196946e+00,2.656582382178818591e+00,4.205798434492538540e+00
1.280788596054732054e+00,8.737005816796215019e-01,2.115512525042142933e+00,5.187352791433394117e+00,6.603913337155074004e+00
5.638230937829535883e-01,2.489110064746582474e+00,1.501449981420671431e+00,3.636911464097402735e+00,7.275839974038407654e+00
5.748168008372849247e-01,2.470279823606830405e+00,1.652617664294579347e+00,3.651605941739795913e+00,7.290534451680800387e+00
6.830372396789333722e-01,1.683746169926818803e+00,3.263007136458378810e+00,4.712118365102170969e+00,6.088366698686582978e+00
4.905610096960036914e-01,1.520633893720575447e+00,1.461959670447015691e+00,2.021765974627034446e+00,9.600078948805851553e+00
5.387615944993245920e-01,1.095686733100365684e+00,2.083083656746572032e+00,7.131454756247157079e+00,3.329159172128503208e+00
7.246714382566665780e-01,1.202374565784880556e+00,1.599270416796947369e+00,6.391409671379080670e+00,6.178845072160595642e+00
3.890879070982511401e-01,4.610407854803222905e-01,2.788440227927059922e+00,4.619985825933289547e+00,7.529903604821026164e+00
4.609717751549243236e-01,7.308229641202821369e-01,1.982070121750493907e+00,7.625426299075854786e+00,3.194937170148085315e+00
8.313807395631304109e-01,2.220532584187896674e+00,4.108597356803573852e+00,3.454424712797503627e+00,3.916978356120864646e+00
6.151835630172439728e-01,1.393856464856570998e+00,1.725127579650582277e+00,2.951531966109643967e+00,8.961706075159264984e+00
3.893294089121008272e-01,5.752429704861061754e-01,2.373383355842479947e+00,4.090271273657328344e+00,8.444052676041401639e+00
5.584943363455227017e-01,1.129789004058158408e+00,4.431916400745741669e+00,5.296020954721124774e+00,3.458582232095654518e+00
7.913063630107436408e-01,1.767411274949452604e+00,2.460289016887540203e+00,6.289012959705268635e+00,4.193389717162584240e+00
7.227183837863104809e-01,1.002817975179567389e+00,1.214781766775473226e+00,4.401884447197344841e+00,8.270553516908634606e+00
5.759818011385487990e-01,1.899344806983216394e+00,1.603389168073502180e+00,5.076677417626386024e+00,6.481793820850096921e+00
5.046229180333194897e-01,1.267737096856132784e+00,1.796490139478160941e+00,4.925857068434045694e+00,7.922140437529857415e+00
4.847312735612659962e-01,1.255998473598547438e+00,2.937144176677151997e+00,5.702694644774092048e+00,6.122662391469847698e+00
6.403065849088394046e-01,1.687471544488189146e+00,4.179651761890706752e+00,4.223211952335365282e+00,4.175539083554030029e+00
7.243809328569630335e-01,1.153622177525604586e+00,4.548206297366290229e+00,2.646363756978026949e+00,6.301980895524182280e+00
8.116594021415436400e-01,1.370811059224264161e+00,1.861231061055335312e+00,2.187208243131606000e+00,9.036495060261280798e+00
1.479578787901632442e+00,1.796518743798029671e+00,1.168011111787737866e+00,3.722390829039719851e+00,6.572565768671299935e+00
3.459907124120392141e-01,4.110490269779252248e-01,1.170665052123262662e+00,6.493307229959075499e+00,6.527267600530067604e+00
3.373690786745754400e-01,4.021110548949298202e-01,3.053299484110703954e+00,3.802493177104476541e+00,7.993242830768206630e+00
7.517539600281644141e-01,1.933395334377777885e+00,3.733425716963142627e+00,3.817699663745223848e+00,5.919925513677100959e+00
3.011821300665571410e-01,3.121389257250881122e-01,6.287203333199173905e-01,6.120068861988984033e+00,7.104504328142170699e+00
4.554116677316604744e-01,6.829364692202428699e-01,6.755685089370351282e-01,3.064314671547582414e+00,9.658028553470488831e+00
5.098179104918542093e-01,1.621206200845522361e+00,4.656168403334072892e+00,4.140848444619293467e+00,4.459669408799586066e+00
5.499094577069640888e-01,7.729121850346528655e-01,1.416860753402538586e+00,5.883825833699521723e+00,7.167610863623670170e+00
5.137927047011925374e-01,1.108173596626993884e+00,4.277639990385642577e+00,3.037396377681806925e+00,6.717880311600232801e+00
7.649630438620472761e-01,1.596700959916096840e+00,2.744729972759906378e+00,3.095653586147475433e+00,7.737885406252105192e+00
9.752130739363130685e-01,2.670307313947124062e+00,3.088408864242482732e+00,3.872956025731947527e+00,3.941398474558152287e+00
1.272130484080719937e+00,1.940430795718986579e+00,1.493255519788196706e+00,5.970039518703048387e+00,3.555329664873218665e+00
1.417614773473601097e+00,1.726438521932079251e+00,1.528414517232407732e+00,3.688508903238108427e+00,6.538683842869688512e+00
8.449815644310152418e-01,1.204830448654491182e+00,9.640471940401809103e-01,7.413940354903146179e+00,3.561039781014598393e+00
1.292617897159185514e+00,8.652217903677887900e-01,2.167824684901612731e+00,3.164274643355535765e+00,8.072891858589887448e+00
1.192120575865396770e+00,6.388262647053029042e-01,2.499336214952308843e+00,6.527293940368693370e+00,2.798457952888916189e+00
1.103979189747362533e+00,2.477617013037331173e+00,4.093499525345969836e+00,2.188918861397968652e+00,3.557140876481127201e+00
8.465440626577979133e-01,1.630794687255172626e+00,2.436036367971761152e+00,2.600655682396184609e+00,7.845447562272653386e+00
8.877177156355933185e-01,1.286865538961688316e+00,1.602371353908378815e+00,6.385162225724398510e+00,5.049718538719559113e+00
7.662044840999089335e-01,1.148485414363704660e+00,5.129588834085242688e+00,3.380542974848878224e+00,3.751174748491208799e+00
1.089997956623144804e+00,1.153222116192105462e+00,1.142229511889453875e+00,2.349051931783429747e+00,9.025238933934227603e+00
4.485299165692684942e-01,7.422147868863959719e-01,2.626027179857486793e+00,6.187808552183246213e+00,5.513854215884083310e+00
7.369896640746452787e-01,1.062084233301597846e+00,2.006164175116262882e+00,4.913623091361375650e+00,7.524904672323454946e+00
6.931252564073888678e-01,9.861237431846602286e-01,4.555688644026968603e+00,5.017761979499016256e+00,2.711996976036001872e+00
5.793819769087785732e-01,1.343677752542193016e+00,2.107826148378602049e+00,7.486668952167312874e+00,2.515855006671262828e+00
1.055053008697884431e+00,1.146494936363601891e+00,2.876214660781831967e+00,2.746984360837085415e+00,8.044333624698774443e+00
9.513363264712082490e-01,2.620965616195503056e+00,2.201167402543147134e+00,3.513587841978931259e+00,5.927648021780448140e+00
3.576056050643385831e-01,6.178086523222825477e-01,2.510452324251557954e+00,7.270882086004601952e+00,3.415619751666389092e+00
5.141592985147082073e-01,2.729317989635111186e+00,2.848548357969708178e+00,3.179900710584766976e+00,5.975633153020492472e+00
5.234287907347888735e-01,6.013146027911718816e-01,1.627368289049450301e+00,5.101581347113347320e+00,8.121206828374594622e+00
6.166951382624261679e-01,8.037051487605166855e-01,2.940625532051752256e+00,6.535765169185778767e+00,4.472854641537974629e+00
5.285322718707934353e-01,1.023266390888420307e+00,4.149670309749980746e+00,4.680883257759812288e+00,5.421825764761335265e+00
1.065131212309648134e+00,9.326512294826379001e-01,2.699775274563226635e+00,3.106336900303738879e+00,7.748317471438677551e+00
9.379983480624711767e-01,1.512127788278510687e+00,2.554646912836043171e+00,3.112212419637247152e+00,7.754192990772185823e+00
5.679634551450500890e-01,2.455423687392153109e+00,1.162718189311412464e+00,5.581492750977769646e+00,5.859032749898040571e+00
5.800903047828984693e-01,7.004218382755819094e-01,1.393736605273960150e+00,9.354642492428379974e-01,9.820762025441828413e+00
2.655674705224863041e-01,2.629406903571576137e-01,4.305896796124873971e-01,6.451121688964859269e-01,1.014879846444564571e+01
6.834051228936270928e-01,9.866262391678873866e-01,2.239073032454092171e+00,2.511902583275754886e+00,9.256911583977220914e+00
5.659095241804025234e-01,1.290005692914695690e+00,4.758407507373240364e+00,3.896891480648919437e+00,4.237505118567201023e+00
8.142075261721479773e-01,1.357574691448225179e+00,2.939436973943290621e+00,2.242360707903789496e+00,8.347165620313599987e+00
8.490495883545603473e-01,2.424868082639923816e+00,4.108476858587402525e+00,2.730318050700134336e+00,3.251794692601703396e+00
9.330263617782337260e-01,1.564673667184385053e+00,3.028941331497224887e+00,5.120951161314269307e+00,5.686097233327831013e+00
1.130734440683614395e+00,1.817486212749135133e+00,1.356113786726628856e+00,5.992554022210533127e+00,4.490841803836926438e+00
4.086125573696378632e-01,1.294765347980557424e+00,1.253759770091884329e+00,3.571851173590096629e+00,8.870201575920360071e+00
1.446301417167076275e+00,1.394633522447740415e+00,3.102841421354356921e+00,4.241040382165683020e+00,4.926670338447356023e+00
9.149876972472532621e-01,1.760958776061469333e+00,4.677609218106657529e+00,3.064635692344766849e+00,4.515175755715924666e+00
8.022526653717682033e-01,1.967025912376630270e+00,1.888778635289125152e+00,5.065795819787745735e+00,6.317638851343056139e+00
6.030302824385840310e-01,1.108015722782476953e+00,1.782974242478422511e+00,7.319536847168442328e+00,3.839925567768209369e+00
5.097873729945532340e-01,1.072773635096274880e+00,1.421362285522076441e+00,7.570984889916466898e+00,3.559394024038903925e+00
5.058385495966383205e-01,9.692118773908982021e-01,2.251593918032664288e+00,7.376024588148553995e+00,3.173480590922303612e+00
6.108116218780289541e-01,8.652723444638021899e-01,1.627764233221735246e+00,6.308583552672569539e+00,6.088038276218332712e+00
1.073032769407294085e+00,1.727238803186033733e+00,3.014020191162511519e+00,5.483350326647232542e+00,3.753802508939884319e+00
6.990609303220693960e-01,1.520412467001859280e+00,4.387734730475062683e+00,3.687295372779734848e+00,5.415862477145229725e+00
1.076674654579872215e+00,1.127037070775182004e+00,3.698629366792419937e+00,4.203017451296736873e+00,6.073808262837864902e+00
1.366157055863157499e+00,7.766795374823378673e-01,2.235441424893445994e+00,5.354076141301634451e+00,6.198734326325826771e+00
5.617448675326983665e-01,7.548897983066641393e-01,2.539325188991323756e+00,7.334033639196227305e+00,2.525087735032740976e+00
7.243275833220244042e-01,1.522403654924297633e+00,2.274194398967056774e+00,6.793784335054993129e+00,3.980902563234422153e+00
5.655355653079283673e-01,2.099544738812968436e+00,1.615055158327865614e+00,3.974052983749811307e+00,7.321741637033291283e+00
7.603154781162775322e-01,1.288989399577170847e+00,1.598305052173220941e+00,4.639497977789540428e+00,8.109723322477080387e+00
5.020805911157399937e-01,6.934117910146659902e-01,3.235306212824725858e+00,5.283372731196964267e+00,6.295238336245750688e+00
1.064542260940945395e+00,2.153615128297718950e+00,3.103271627142800693e+00,4.927970352934902820e+00,4.364008408696578023e+00
5.287986049814772382e-01,1.210548285149616099e+00,1.927789835150714781e+00,5.490784592303036504e+00,7.204975226235394103e+00
3.182518664055062896e-01,7.369997619336234873e-01,6.046226765789085578e-01,1.687156722885195359e+00,9.962094930945356808e+00
5.936763844880549312e-01,1.525945798365491601e+00,2.034070390266386585e+00,3.864207792837514255e+00,7.996386383546734145e+00
1.262660405875627445e+00,2.338086279431806691e+00,1.755612936816280722e+00,3.869327855815170913e+00,5.455265353983509868e+00
1.150604009772241865e+00,1.588232388916210214e+00,2.951051981736882546e+00,3.556312472253316592e+00,7.214987931770147966e+00
1.061828283434908649e+00,1.781743928017544887e+00,3.077778254043534112e+00,4.978896467457736286e+00,5.234995916136619520e+00
8.684122939094838234e-01,1.738920548173231495e+00,4.499084365135064267e+00,3.590465949804713119e+00,3.949417296594728288e+00
9.856750563061409398e-01,1.165462449254366151e+00,4.670625055890880617e+00,4.496812229033603003e+00,1.412777544376456307e+00
1.218822901713131790e+00,2.031057939279589775e+00,3.737516890908517908e+00,4.345412568052321234e+00,3.768965514209758449e+00
4.690796144071323059e-01,6.007229006964547313e-01,7.088451062958429638e-01,7.619077938492026192e+00,4.262273705879142227e+00
4.875463024848583071e-01,1.023857602368148045e+00,2.371223293591135928e+00,7.293668731557096052e+00,2.658358448973944910e+00
7.095498657873573478e-01,1.132707983053231615e+00,1.648017069826590131e+00,5.045825793441491847e+00,7.401809695625920504e+00
1.261174318819064277e+00,2.261694356333622924e+00,1.770507511717787530e+00,4.663190245564142522e+00,5.313357290456495186e+00
7.616226327988304678e-01,2.020986996836124483e+00,2.507607438670861999e+00,1.546810085415574854e+00,8.081681672216404877e+00
8.365537931103419478e-01,8.776821254636661962e-01,1.348526591748603787e+00,3.298413328164289560e+00,8.441666878510707406e+00
1.318048162172819504e+00,2.445074482126668336e+00,1.082860150913337760e+00,3.886114102225097344e+00,5.472051600393435855e+00
1.400304235286244703e+00,1.873808792512829502e+00,1.801861391920190014e+00,3.736615712156485802e+00,6.586790651788065887e+00
8.883025276563309980e-01,1.231673213914951548e+00,1.377049540918617865e+00,5.779437863663275721e+00,6.509830418188603751e+00
1.089166007566944705e+00,1.662636243527170876e+00,1.478639996704316228e+00,4.642380513843056278e+00,7.011988793523812546e+00
7.471980947168443965e-01,1.204692385359472429e+00,2.909389853337559284e+00,5.933780815483315152e+00,5.889192005541556085e+00
5.438982592815527761e-01,1.436456269534390984e+00,4.959595393696510257e+00,4.341709529448250393e+00,2.738846073316886898e+00
7.079117115339061961e-01,1.066117564504364790e+00,1.507957751479498398e+00,1.817612567303042770e+00,9.334447918952095691e+00
1.115419414813100474e+00,1.575167254737813938e+00,3.681833902126182778e+00,4.392611534476578150e+00,4.236853607189996929e+00
8.088818185888909662e-01,1.417065583123936268e+00,4.345573908223013149e+00,3.716164064311274107e+00,5.250223866584748933e+00
4.939247301718195926e-01,2.000970299312942124e+00,3.543127012323841196e+00,3.640390681829389408e+00,6.595629562111500199e+00
1.390648476330812677e+00,1.490571131559084161e+00,3.078057953894401955e+00,4.216256914705728498e+00,4.901886870987401501e+00
8.674121768576716907e-01,1.599901773317569775e+00,2.351997003160194666e+00,3.189360418451405721e+00,7.905354894840438185e+00
6.128036025552530131e-01,7.378449770284907228e-01,4.129742653923575091e+00,3.428336776076676973e+00,6.715891706590866761e+00
1.062061006603883140e+00,2.228439066647652567e+00,4.897054113218939797e+00,1.606148929517795976e+00,2.655192176588327513e+00
6.668543996391245177e-01,8.783236043898144940e-01,3.294733575527436731e+00,6.350790749312897887e+00,4.169317004769019341e+00
1.059952762918591196e+00,2.040342828943653153e+00,2.632871273955516234e+00,3.364553539525541481e+00,6.738702787693085838e+00
1.499787355339920580e+00,1.418999831772222553e+00,3.175265444343495336e+00,4.463680476738453251e+00,4.461004507297438693e+00
8.930352354030255402e-01,8.341152521668699915e-01,4.295121455822544121e+00,5.631659266781069206e+00,2.875775323122107263e+00
5.429624310465523962e-01,2.137954917946510935e+00,4.709831152289131850e+00,1.897565560460603651e+00,4.851426692862771617e+00
1.243616952150254251e+00,2.755589385233165434e+00,2.730005909453654844e+00,3.533691567783955989e+00,4.067030412579713428e+00
1.391695537688390605e+00,1.521123386855267379e+00,2.023521871896090563e+00,4.617704809899589868e+00,5.947476692114581631e+00
7.179696579013912228e-01,1.072112362883056225e+00,8.654855124015772283e-01,7.039228433923546469e+00,4.869344669475114351e+00
1.426000194119643183e+00,1.627164882070844421e+00,1.101397833509968116e+00,3.280285093259809770e+00,7.090454567252478135e+00
5.058213059421478031e-01,2.312792017568915171e+00,4.699518713565943528e+00,3.604449288139484953e+00,3.510475394651574099e+00
3.018780266283297986e-01,3.440678990828663353e-01,2.639875166812672092e+00,1.736395888655857034e+00,9.281917414630392216e+00
4.801037638614439884e-01,1.440533525501975998e+00,3.923631909316566801e+00,4.260661631656851078e+00,5.602948295920831434e+00
1.120268371033600774e+00,1.868999351612662618e+00,2.854018774838863681e+00,5.274816984117776109e+00,3.031605793938519700e+00
8.803002276411736604e-01,1.824290025347601762e+00,1.907066446605650611e+00,4.700871523056792789e+00,7.277330745349351204e+00
4.500624497719938333e-01,4.362408062802081155e-01,8.204399167562808071e-01,7.831879468454481241e+00,3.365239678892751662e+00
4.853909954801846061e-01,9.861704716932550019e-01,3.643387971248882362e+00,6.621481019157717363e+00,2.715270801600524475e+00
7.592683316793691350e-01,1.146292696988694626e+00,5.176794619188384239e+00,3.286576094689372951e+00,3.579393195049494825e+00
7.206626375553937258e-01,1.038923438817235922e+00,4.484741109069632081e+00,5.007389430385228657e+00,2.701624426922213829e+00
3.827694789048142754e-01,4.001515559572033087e-01,4.408226211910012959e-01,4.576046017625126971e+00,8.819651355570064410e+00
1.567576470331614846e+00,1.501086487640349354e+00,1.983891803481165450e+00,4.565155983009239193e+00,4.529558645190977728e+00
4.675697252330711096e-01,4.493466352098527405e-01,2.408994454648935690e+00,1.476608197079442686e+00,9.462131016956025320e+00
9.092728574761845817e-01,1.630984152423082367e+00,2.329387090139553251e+00,6.094243959409622491e+00,4.833092819746997115e+00
5.765231028391142321e-01,7.846806512400423816e-01,3.493071936628724394e+00,6.623025984723958537e+00,2.273423705161195851e+00
7.930226919927270135e-01,1.541895795697628024e+00,1.780994671027263943e+00,6.592823903992591106e+00,4.548620171539069723e+00
2.730509501422415664e-01,3.025414027046574028e-01,9.202259755268871189e-01,4.745287408627159031e+00,8.433858653256049109e+00
3.732839762312361032e-01,7.682446819434018970e-01,2.207555344772699435e+00,5.024489646632277484e+00,7.636257957250721873e+00
3.857913956869926109e-01,7.541629895869325084e-01,4.450033128070423949e+00,4.319786698379478374e+00,5.035541791903196618e+00
6.636632159485471583e-01,1.127657457967743637e+00,3.346354974119915227e+00,4.916339606909043702e+00,6.189322863061046398e+00
1.113058687904578514e+00,1.649355980242072528e+00,2.078564128848886305e+00,5.512689192726232257e+00,5.072459370218891372e+00
4.121829790567170804e-01,1.021694741355278602e+00,3.226754424620001060e+00,5.171124827817628500e+00,6.134889279222425884e+00
1.074807844392593692e+00,2.797339247008614471e+00,2.403042552373622520e+00,2.455114156344162080e+00,5.561980277370421888e+00
9.392316133273428402e-01,8.286214016541784133e-01,5.052688239545080506e+00,3.021907498071693343e+00,3.706021103232382430e+00
3.582552114206009608e-01,1.173155917117044034e+00,3.650602914796437393e+00,2.085140773320619090e+00,7.960015293624439714e+00
4.795215247001053949e-01,1.141537649395120146e+00,4.530518925289642951e+00,4.711853877452128359e+00,4.366065432582668215e+00
5.209234824079271853e-01,2.010349809794208298e+00,1.864810553327618026e+00,5.409956805960369763e+00,5.753035204353249554e+00
1.341378898230204619e+00,1.555216398804967870e+00,2.991745668249292667e+00,4.881883864679820384e+00,3.727397178965315305e+00
1.262009182107905580e+00,1.944724318770667537e+00,1.167323087374492641e+00,5.602189773186259991e+00,4.123021054057275592e+00
3.779685451398521745e-01,4.490355982149533132e-01,2.360372823627501226e+00,1.769989395371623919e+00,9.390494576361435364e+00
1.000656019651026574e+00,1.174838201173958652e+00,4.844501874009342401e+00,3.962105412699131968e+00,1.393489970366956765e+00
1.076943009708145604e+00,2.052185183252628331e+00,2.315459084783701105e+00,5.382016080808890379e+00,4.747639542816529001e+00
8.009423297090736416e-01,2.205442109217389035e+00,2.014225205106164651e+00,4.435572372272184261e+00,6.434805481574065844e+00
9.503992170748187807e-01,1.588841566577524400e+00,1.667511686736860677e+00,2.305364754071780098e+00,8.833892708919622194e+00
1.430596608347358689e+00,1.122090749254369246e+00,2.560027266185866957e+00,4.128310074798591245e+00,5.969293192444421692e+00
1.096327876314047822e+00,1.571605932187147392e+00,1.796448295345672186e+00,4.241362717117926451e+00,7.567281926426469241e+00
1.128389075807509467e+00,1.029736125337021413e+00,2.417059360761433684e+00,3.368544922424983934e+00,7.750507824619636388e+00
1.242873829120856088e+00,1.431632982696560585e+00,3.019264372237035587e+00,5.945262736720846597e+00,2.046657116853840108e+00
5.898785946818887460e-01,8.087092822367469847e-01,3.655971520393219709e+00,5.245124854041564255e+00,5.257929781048140683e+00
7.372108652206472712e-01,1.536458293835439637e+00,5.269751885284384763e+00,1.517207396767259464e+00,4.575426603850261564e+00
1.035752737901884935e+00,2.074408761722840389e+00,2.027342816927337754e+00,5.382040314501060685e+00,5.177319030189681648e+00
1.257599673526325956e+00,9.211943589555795509e-01,1.953481726512833028e+00,3.001455667120091153e+00,8.392748834718460671e+00
7.898668264106147863e-01,1.201299110488970090e+00,5.581297292419492351e+00,2.622927413101562522e+00,1.944709848012534215e+00
6.180070321425301660e-01,8.094368533230632545e-01,3.810777219762541357e+00,6.414229129740535384e+00,2.062615918731705911e+00
1.467288604782400308e+00,1.768637988330914013e+00,1.417245416869344465e+00,3.691238113696651002e+00,6.735676856951156033e+00
9.309064178675775514e-01,1.080556745948257902e+00,4.312367913030480615e+00,5.772558553801022896e+00,1.636211393310958773e+00
4.971169305989148746e-01,1.588389500481679262e+00,1.521496361434257372e+00,5.612039017534312002e+00,6.500697757329654713e+00
9.337611646599039972e-01,2.556448698559330879e+00,2.582826752825889027e+00,4.675877304792773081e+00,3.378782186383016306e+00
1.284933344427430679e+00,1.123813428260656000e+00,2.134050138414718578e+00,3.184190651276060713e+00,8.092807866510412396e+00
1.089549223407922929e+00,2.280609862607601013e+00,1.058330649508044896e+00,3.369563247932633399e+00,7.069876355391892631e+00
1.350822891624214428e+00,2.032644988136687481e+00,2.237427481091767589e+00,3.336944106312773162e+00,5.932775987557767472e+00
5.271445543135467870e-01,2.199182785958568864e+00,2.340046605465845087e+00,4.715818051339568662e+00,5.924622046803499131e+00
3.514593405489324085e-01,3.916738048440019382e-01,2.785504424235384135e+00,1.456428029232573529e+00,9.328979801569452945e+00
1.268900328048858661e+00,1.938157881387216896e+00,2.473776463680403825e+00,3.969969451930599913e+00,5.153512512524210720e+00
7.062470721593534506e-01,1.148265632037914097e+00,2.096412588946738431e+00,2.254783582855897972e+00,9.296045606504822700e+00
9.212185988295229500e-01,3.233851189680923888e+00,2.410981922638780972e+00,3.357899189128358053e+00,3.778107416534924212e+00
9.173499681869425881e-01,6.340500976545655476e-01,1.180412031025027453e+00,2.148936482668197812e+00,9.810691876156599989e+00
6.427426209152162784e-01,7.613049020670167311e-01,1.685208798844375133e+00,1.168355371917666030e+00,9.577373476885197690e+00
1.177325461663860873e+00,2.784602649386505480e+00,3.219852574036715875e+00,3.091553975807526555e+00,3.008434754961704538e+00
1.056449454124030352e+00,6.164324126086142552e-01,2.976025560906354173e+00,6.536385227227136774e+00,2.841099676658412232e+00
9.240572895099670170e-01,2.193199195205922436e+00,2.165017893626765666e+00,2.609885894882546076e+00,7.304953607126292603e+00
3.457488215757605343e-01,4.498660657137221186e-01,3.061057396861646573e+00,3.263406704960382321e+00,8.334762177863176191e+00
9.965896142094297083e-01,2.183491188432947983e+00,2.236830169253855694e+00,2.079744821722242065e+00,7.291983140039591582e+00
5.443057632530865497e-01,1.260963247989935532e+00,1.960876990226375627e+00,1.260989865185863978e+00,9.364096230223621475e+00
5.325651261040103002e-01,1.824636805909696013e+00,4.323357513217211512e+00,3.227856576506439090e+00,5.336879887102406350e+00
1.458583855528901241e+00,2.532013193070478341e+00,2.232384958717983370e+00,4.361888576448096799e+00,3.778653445542466294e+00
1.161636816724799237e+00,2.347372028192503013e+00,2.721583565539503979e+00,4.364337173911030376e+00,4.850322211384932913e+00
1.063775838784689620e+00,1.275208976834703467e+00,2.183338320371218444e+00,6.775244279373066725e+00,2.712126389531754889e+00
1.312017164306966022e+00,1.763378927476224600e+00,3.708851749257035646e+00,4.519083839463760022e+00,1.503810124844930263e+00
6.221288440452432678e-01,1.240229404154485238e+00,5.757072493489726384e+00,2.138952647976296362e+00,2.218845393402482102e+00
5.994524198688466754e-01,2.058598972227446922e+00,1.530475521482136170e+00,4.742159977654672787e+00,6.547522430026436524e+00
7.900393217332507545e-01,1.237686522985887549e+00,4.790924746049422644e+00,3.983046821672049376e+00,3.160683459494416869e+00
4.731124399352190091e-01,7.671526702573410184e-01,2.195090948531546182e+00,1.125879600378355549e+00,9.573300043343161647e+00
6.258392567373877169e-01,1.322330769793438554e+00,2.304613596171932954e+00,3.266422829736686406e+00,8.840620001505177683e+00
4.652144912603308757e-01,1.289160903116806534e+00,3.997016010444814693e+00,4.275245488233553104e+00,5.329592620318353013e+00
5.683081825933944398e-01,2.374117389659316402e+00,4.498067404980920614e+00,2.674258139373935084e+00,4.106935484352535859e+00
9.543789195509885248e-01,2.616993325074260746e+00,2.198958877711039150e+00,3.563269807686304080e+00,5.933330960796483922e+00
1.032097750387666268e+00,2.701565164198138191e+00,2.319415101757136721e+00,2.962477024508316514e+00,5.542757451585252682e+00
7.074147710681926160e-01,5.280444258850978123e-01,4.188119101354290663e+00,5.875511079633170652e+00,2.808052442317011010e+00
1.025276726989343246e+00,2.047749912535511640e+00,1.648499670939966411e+00,5.001629362335852313e+00,5.533426999421951820e+00
4.504735387768189492e-01,1.045537722643735457e+00,3.353789121903314463e+00,2.973305271247142390e+00,7.962865258217609821e+00
6.857607809222587836e-01,9.431005276718682495e-01,3.652255517691261666e+00,3.305112293433277948e+00,7.324093844799876685e+00
5.802000561302333992e-01,1.887671191981565411e+00,2.896695005789548638e+00,1.759243016017917771e+00,8.069633419058908075e+00
1.695327697980721027e+00,1.521173824916701722e+00,2.652399457059502197e+00,4.251046465216389514e+00,4.335727829425297664e+00
1.088550653743646901e+00,2.336901162932671916e+00,3.162996362748548229e+00,2.902627604280421547e+00,5.881016684702289332e+00
9.394102191978561667e-01,1.419016726378046656e+00,2.678249678768814146e+00,6.573442478307222281e+00,3.071602483069523437e+00
1.010556812283358807e+00,1.487080293346013882e+00,2.900393810223526270e+00,5.490489095256433139e+00,4.552979585400796836e+00
5.555874040403651071e-01,1.177363682046561166e+00,2.021991393628526978e+00,5.732561186972043643e+00,7.056385711331245147e+00
8.923231384018059931e-01,8.624981663509667662e-01,1.419828570376217236e+00,7.667781416428501196e+00,2.067826239045113201e+00
6.499857304309011319e-01,1.188095529652589244e+00,5.281915483333279759e+00,3.941210526729103769e+00,1.390774954356401638e+00
1.070644642731109597e+00,2.918650827135224279e+00,2.948691612190128986e+00,2.299866300641998595e+00,4.335356424238489659e+00
8.569874187702546386e-01,7.544980211400289516e-01,4.668441039750884869e+00,3.996021201813635848e+00,3.754916267840362476e+00
6.118503226435675346e-01,1.734823214345197151e+00,4.384345694496853518e+00,3.759040351867055207e+00,5.290097961669611770e+00
1.175191474384462698e+00,2.494860913790563739e+00,2.747138326541222142e+00,3.308513231140790101e+00,4.377386580421799067e+00
7.354645579449663462e-01,1.296275505379788751e+00,5.528245282066772681e+00,2.983860433444871507e+00,2.247441780960177660e+00
3.137038698061511699e-01,4.750318384354278445e-01,3.005226347887505423e+00,3.194606913980459151e+00,8.283989810739891269e+00
1.141951756228547943e+00,1.237738890980532247e+00,1.249288356034206959e+00,2.296240886660478875e+00,8.969142689485670061e+00
9.716058342459785724e-01,1.363038933846179024e+00,2.577736454008646483e+00,6.920190999644852070e+00,1.532431537380582798e+00
8.382287738546405631e-01,8.196334191644814027e-01,3.085895204304148542e+00,6.259335136111657150e+00,4.469480680419303020e+00
6.484879573709867451e-01,8.273688922534818690e-01,3.397842512793806335e+00,5.679388444508470357e+00,5.257825411741150035e+00
5.088558064170234374e-01,2.913146369261002455e+00,3.042556713784126288e+00,3.390896994256735297e+00,4.770039590313703393e+00
3.761176082835943069e-01,1.454854490631410036e+00,3.899996015824821249e+00,4.237668200384561601e+00,5.546675682110222105e+00
8.167300260017286151e-01,1.444915155263683637e+00,3.921246091091597386e+00,5.156875114180317077e+00,3.622809696946239555e+00
7.258676616674351045e-01,3.051895440542157001e+00,3.451520683993794858e+00,3.243118535043090667e+00,4.216006373008926111e+00
5.393435881911328167e-01,7.630853271639048696e-01,4.141566371799854651e-01,7.192401139500169904e+00,5.005342956791897890e+00
9.467161040226474977e-01,1.370833865153447739e+00,3.412181914278078931e+00,3.292184760347632189e+00,7.172396592223313938e+00
7.339155438826516775e-01,1.514023448508822645e+00,3.748335361894685747e+00,7.574275674275897652e-01,7.471823408304071101e+00
1.126586946817762280e+00,8.169484700442941616e-01,2.295367989227643513e+00,6.810904161630987552e+00,1.373342859785959380e+00
6.951489608533708564e-01,9.594975844308382129e-01,1.667610055611141506e+00,1.943926122392185096e+00,9.593253838081462703e+00
9.115632237616967393e-01,1.221981820997364965e+00,1.039010159566986502e+00,5.746038240779109962e+00,5.958808917271776195e+00
1.085202440110677458e+00,2.088235808012298023e+00,2.163615043445288766e+00,4.735122299251631084e+00,5.785515405478675710e+00
9.491248156000329228e-01,9.728314818799510544e-01,1.480096200281188601e+00,2.213748319526959829e+00,9.468580967622054700e+00
3.502553748689528623e-01,3.605661003746509219e-01,6.448657209347785635e-01,5.493009037430794272e+00,7.973592407149247663e+00
3.461171283208794303e-01,5.986409870706344005e-01,3.657141951751868625e+00,3.945994809500242617e+00,6.963277441976250870e+00
7.382006070049967894e-01,1.471505515838758216e+00,4.518015640134413147e+00,4.347723708204404680e+00,2.505681207411564415e+00
1.720418514491187878e+00,2.064765230591183887e+00,2.873975123300382517e+00,3.708303907541119493e+00,3.064598224984068864e+00
1.270702965218614144e+00,2.153726687656430272e+00,2.925902044844943539e+00,3.913976705828667857e+00,5.294099797113727135e+00
1.191818411100717734e+00,8.442872033518121766e-01,1.890404403270361966e+00,5.879205005824902130e+00,5.507811132006517063e+00
6.160660548669937286e-01,1.406117768747255914e+00,5.038819852671478472e+00,2.981344796524198593e+00,3.622471146241273754e+00
4.397880629298762667e-01,4.583773678710982846e-01,3.418928617752192700e+00,3.646716538468536939e+00,7.844532816452458590e+00
1.470777737533655705e+00,1.327304139673899597e+00,2.615076258495868000e+00,4.994725086670301017e+00,4.824387202051217294e+00
1.055561447562305410e+00,2.267514422493031478e+00,7.800064412157877713e-01,3.949549628142588364e+00,6.333228302714998037e+00
7.531470946333480576e-01,1.725472637406400445e+00,5.339562800088933692e+00,2.570080736992849335e+00,3.035014684374313099e+00
6.921776806025619067e-01,2.249895665273945689e+00,4.517238030864580089e+00,2.114793863994473888e+00,4.670879298373903588e+00
1.750550671387151480e+00,1.485572908224400690e+00,2.275781175632770825e+00,4.155003002399585199e+00,3.907018467690761554e+00
3.455955737363065050e-01,3.767252364123958031e-01,7.536206889817994581e-01,6.210743943132891687e+00,7.093950403055431231e+00
7.349472614511647350e-01,1.425090048378871543e+00,4.124961984938374293e+00,2.308910851595118441e+00,7.079420758073722730e+00
6.873359668123646404e-01,6.019406206818845861e-01,1.815004965815670168e+00,2.145102179597078162e+00,9.361796560267892531e+00
1.281618442027069094e+00,2.008852998492248965e+00,1.520863446416612863e+00,4.922383665702005473e+00,5.557449048630202171e+00
7.415441598592331651e-01,1.340129584019136288e+00,4.500847925384428905e+00,3.974711389808790241e+00,5.286543498252153306e+00
9.559236886760023033e-01,2.404645975983269235e+00,2.203661866962170812e+00,6.009238304318496482e+00,3.019410844162431662e+00
6.753627246558474573e-01,1.094662389165344418e+00,4.117755547235348423e+00,3.320948993473263666e+00,6.470483643390762651e+00
4.434144337806990577e-01,1.066996940367051616e+00,3.127522289829697932e+00,6.968225561515840383e+00,1.887930459360514179e+00
3.776152448201658407e-01,3.741662102924832034e-01,5.214590382755825981e-01,6.229099856783092193e+00,7.166019629037897687e+00
6.342109639596329451e-01,1.242254428056159377e+00,3.913430985921099392e+00,4.558608879156333060e+00,5.939570749631566393e+00
1.118653314038051461e+00,2.888648579932751925e+00,3.501582792832780733e+00,2.910868449062261831e+00,3.469824722575423070e+00
4.722980484955952019e-01,1.404325335047610368e+00,5.534830391309253805e+00,2.364657806324676148e+00,3.660398995769714059e+00
4.407956881211012590e-01,9.496238321614022260e-01,9.760858274804437018e-01,3.392377422447429236e+00,9.189741002093033018e+00
6.857022971017243673e-01,8.902155279210538508e-01,9.929361588722899201e-01,3.984963119599159942e+00,8.964313015053830824e+00
8.216667541680848785e-01,2.318852910009871149e+00,4.628643357087199206e+00,2.529166551735420487e+00,3.936997408593717829e+00
1.334948010943065810e+00,2.613592933673543062e+00,2.745685624979372630e+00,2.255060496316534824e+00,6.066698111344256183e+00
9.064945022218405812e-01,9.842615809152093220e-01,1.427155711341394628e+00,3.186548392576737943e+00,8.935353843361724557e+00
5.302486670216343123e-01,1.377907066927221091e+00,4.019008774867926626e+00,1.929064924668827397e+00,7.191316351592904610e+00
8.014196901373132897e-01,1.146317651363752077e+00,9.155384069229981492e-01,7.097452812772534259e+00,4.523347520532711385e+00
4.292219706161422010e-01,6.668214201738564828e-01,2.548301644991723514e+00,7.258130253309165170e+00,3.769474690048350674e+00
3.251299203664018145e-01,4.150496742527853833e-01,1.984336093898327436e+00,2.835398138261928658e+00,9.264976436846467323e+00
3.677875736339967228e-01,3.982319028425564955e-01,3.248199425321046441e+00,4.694696881025802071e+00,7.147435772019075095e+00
1.414572628379545005e+00,6.482699706888346292e-01,1.894059247179630034e+00,5.881052550023714076e+00,4.388939441334466451e+00
4.998484704760713937e-01,1.932878573519702936e+00,3.754790543361917976e+00,4.755899822088891504e+00,4.870253568169527369e+00
7.698363444319721305e-01,5.254100395629397457e-01,1.690083982250404571e+00,1.081344116241008901e+00,9.659412338901741890e+00
9.747624104045794491e-01,1.421157295253341557e+00,2.392072799866730382e+00,6.562622886960605584e+00,8.867935071085822907e-01
9.770121424395906695e-01,2.298667858499295225e+00,4.026938501296556616e+00,2.436241961357860308e+00,4.627127673790604412e+00
1.203099687701404408e+00,5.695687225820814659e-01,1.479394884084654027e+00,5.154519859001493565e+00,7.117677221066145421e+00
3.312841205157293634e-01,3.532922401370204302e-01,3.825476776593368378e-01,5.331627050728092065e+00,8.023974839964141736e+00
1.177112637509513338e+00,1.214010057692372913e+00,1.274963494255293650e+00,4.007125484919267677e+00,7.953257995526371360e+00
1.214241507148272392e+00,1.972424179044717674e+00,1.462769875327273317e+00,4.637542099781065019e+00,6.417023585155654075e+00
2.956843787745016550e-01,6.757073892479987798e-01,3.793562034182007103e+00,4.092760465878130915e+00,6.672990763153858751e+00
7.524691428286603978e-01,1.844038984903637601e+00,3.635922233179319285e+00,3.736996160185569238e+00,6.157180680150670327e+00
4.948748858514318005e-01,3.687503594712449040e+00,1.654161984122556772e+00,3.408108781172818347e+00,3.329626006221538592e+00
5.499192518413008601e-01,1.510150646114714501e+00,3.031327254176324537e+00,5.873534628366506638e+00,4.842296766422505172e+00
3.617159504316445617e-01,1.543309256734620050e+00,2.589553839605126750e+00,3.235996423196859872e+00,8.077398002996687865e+00
4.765401150283466447e-01,7.634575183777772001e-01,4.540560698406429729e+00,4.126789993264943668e+00,5.643716541026788214e+00
1.648141191242248560e+00,1.573740490238146439e+00,3.342603910548711532e+00,3.976318659891395324e+00,2.005231951089072151e+00
8.417796863676003660e-01,7.583522239986462132e-01,1.712166759659618620e+00,7.667561511046732114e+00,2.563960874229697762e+00
1.067057409203058249e+00,1.816367821263213056e+00,3.431024691542976068e+00,5.803618876870647370e+00,9.977558836006132914e-01
1.411458334125377023e+00,1.646160961308464232e+00,1.960354146974683687e+00,5.269058961395078455e+00,3.842996517191654249e+00
3.949100755391353745e-01,8.965522952719364724e-01,1.486882265398716818e+00,9.244080831741494642e-01,9.843201591028247321e+00
1.145847156492764807e+00,2.779638728714143525e+00,2.700603083868558851e+00,1.277898981312766580e+00,5.001406459649303748e+00
5.949273702317713353e-01,1.332185648316403626e+00,3.536024699408006899e+00,4.459020860665554586e+00,6.458253969967436170e+00
5.518419457666433603e-01,1.594967069228355960e+00,1.481651019706931471e+00,6.639473928037865846e+00,5.280804545169545783e+00
5.659114192867820137e-01,2.210962512500254551e+00,1.084280976916842887e+00,5.493422510829072181e+00,6.611827881003839558e+00
7.329593008414951871e-01,2.221019134359769165e+00,2.583040741307335519e+00,4.677159280371300909e+00,6.766078568529517945e+00
9.551456135434494010e-01,2.483615061109047950e+00,1.287494098712358426e+00,9.562633742972809214e-01,7.706261957112532812e+00
5.257841556527000915e-01,7.441072275965974203e-01,7.520429088482529778e-01,7.650367275157068825e+00,3.663796925372673208e+00
1.265523420243062969e+00,9.109810331464078814e-01,1.659247762627620082e+00,6.844719924660656929e+00,1.074915152901789739e+00
6.510618149961819867e-01,2.640299945067112297e+00,3.575175876673195141e+00,4.132439237978815960e+00,4.397387207813732601e+00
9.983435784357690412e-01,2.462644997714895201e+00,2.018334365984324918e+00,4.595422038378148777e+00,5.253349427456061704e+00
5.817146510695674344e-01,2.378059033321449967e+00,4.968628352787804126e+00,2.019791325859919162e+00,3.503362776526221189e+00
9.505772571193922271e-01,2.784075995941989401e+00,2.700890574023764756e+00,2.766870445380877452e+00,6.301727212870305905e+00
1.059128425733155687e+00,2.217441564585955316e+00,4.867578004064646358e+00,1.898378524478447904e+00,2.657187532468097579e+00
7.729385250629143833e-01,2.250127892449950373e+00,4.266620382527219313e+00,1.441877521077949531e+00,5.726960039870515828e+00
1.038871666471775645e+00,2.937467128130491822e+00,3.935191405110710416e+00,1.590946417809186775e+00,3.463248268093715332e+00
8.133920306789936827e-01,1.797481419734020314e+00,3.101992919122044778e+00,5.960027952361614645e+00,2.284651555001382395e+00
6.436243400135543968e-01,1.002130482096211139e+00,4.774191512620630462e+00,4.558397115255318433e+00,3.713023751516826287e+00
1.496858971110682557e+00,2.618533626942268544e+00,2.784249635208572382e+00,2.821546093230080210e+00,3.793995913707997492e+00
7.774872222671556088e-01,1.335058486410610090e+00,1.938810660126371488e+00,2.685385723467809349e+00,9.040526647468301036e+00
1.141463967784760891e+00,2.198615418579199066e+00,8.897434214681917419e-01,6.221398347973936538e+00,3.423855199076657474e+00
4.778101952920585371e-01,1.280585988008475562e+00,5.084127054725434469e+00,1.988942020738045713e+00,5.615873885222450568e+00
6.239373791596406482e-01,1.903593395990678339e+00,8.436833589501612218e-01,6.472306510468968987e+00,5.918273819805451197e+00
1.583763140172284478e+00,1.999016934426149028e+00,3.072632961519128347e+00,2.720116163755597505e+00,5.304403383358626378e+00
1.289928121419391616e+00,1.295616844483809871e+00,2.911775218486480910e+00,5.970569546159708807e+00,1.429921736942329158e+00
1.286103091126973519e+00,2.226493115580065130e+00,2.657450085188656885e+00,5.333696432144876098e+00,2.315226105211814378e+00
3.812135955531769094e-01,9.258507632588297565e-01,5.012354012281316606e+00,1.766755509225781395e+00,6.064333675180582972e+00
7.694401407626132450e-01,1.158654743198280324e+00,3.341147925803600316e+00,6.675610045821409599e+00,2.069373524373809836e+00
8.931611178032907716e-01,7.567113964185789854e-01,1.392699437880915436e+00,6.583970820753068942e+00,6.032442421057873538e+00
9.304794874461057574e-01,1.234101563355700204e+00,2.308877491733444920e+00,6.990352912514684824e+00,3.362820969150221107e+00
8.814668274512242885e-01,1.613350331323900377e+00,3.706664557583949193e+00,5.001169915500188523e+00,4.395890241667963494e+00
1.560451340030283518e+00,1.424963796221950574e+00,1.942625515709952566e+00,4.986694565642402210e+00,4.570353015606429814e+00
1.315352265688570332e+00,1.524318132185870311e+00,1.881289221434531811e+00,5.054195133360585679e+00,5.188709235227709549e+00
1.407987611053481469e+00,1.350974639145841039e+00,3.241904201850177358e+00,5.040842046396028842e+00,3.163561249069278158e+00
1.308827283458796176e+00,9.213530696397420616e-01,2.354631083457376484e+00,3.826246554985895720e+00,6.586285941239728992e+00
5.011148160553419162e-01,7.875346094449138246e-01,8.998537516839812955e-01,5.863892625854272289e+00,7.301585149183035917e+00
6.267892674298356503e-01,2.575162795237678992e+00,2.593830900452232413e+00,1.842330441120591633e+00,7.530518447121907322e+00
6.395845857101625231e-01,3.169021617924344447e+00,1.702463522875214075e+00,4.954207284896145147e+00,3.564655532539453109e+00
1.281800435197862020e+00,2.242459166805099269e+00,1.392080257035690050e+00,5.598993971987087370e+00,3.343305530043468643e+00
1.390311823622012444e+00,1.725771968332439066e+00,2.167067379748270461e+00,5.367096395098245765e+00,4.602300487717774224e+00
1.209966156558288208e+00,1.588821740200323074e+00,1.144045566171006945e+00,3.383928936456660264e+00,7.939695094947364140e+00
4.594206209117849826e-01,2.949741357090508664e+00,4.111750880072121639e+00,1.796885716751222439e+00,3.944319210445033974e+00
1.036575368684269804e+00,2.413414732617242819e+00,4.569226822614556482e+00,2.154529757649882971e+00,2.234422503076069155e+00
1.307147118667607577e+00,2.248601046234000478e+00,3.899726964604920632e+00,2.811890454424446517e+00,3.784340274902363799e+00
7.674698749643715789e-01,2.236272144889694502e+00,4.241304645082068170e+00,1.649501599800408780e+00,5.723862949934684252e+00
6.672034913731081929e-01,1.023198637311407477e+00,4.768839951150069645e+00,4.647537343664354559e+00,3.738847528798859177e+00
1.183688956405378301e+00,1.500618351327291711e+00,2.504034392049804492e+00,2.685160693899674378e+00,7.592710413353893628e+00
1.449304491115488647e+00,2.459309824829090108e+00,2.198184821101220709e+00,2.666270678576893705e+00,5.762572835396597704e+00
6.049501785737974036e-01,8.306529711845431763e-01,3.721602537562191060e+00,6.470025263336094845e+00,2.923223224194565706e+00
7.503133714611842642e-01,1.202312613624536120e+00,4.696178456112424016e+00,4.594831306079356636e+00,3.753048410161028858e+00
1.300088153997136065e+00,5.372646482328236051e-01,2.132208680229615183e+00,6.633269482976348108e+00,1.926257187662932413e+00
7.399508375312831010e-01,5.121038448888983741e-01,1.768963919152688469e+00,1.379711551832969896e+00,9.624585736389899893e+00
4.744730359683088095e-01,3.274823335110550016e+00,2.605060254000362452e+00,2.885468983547524680e+00,5.296254459438463513e+00
8.581207676372393234e-01,3.022066961587708267e+00,3.440427625539630885e+00,2.832409581513893215e+00,3.406367010193474432e+00
7.597250871649497972e-01,1.742217865292375656e+00,3.063570046808847813e+00,4.268201214927368703e+00,6.874927353961897580e+00
4.112880608856219200e-01,3.712917153017626148e+00,1.723466030200188515e+00,2.589744295261457996e+00,3.240320420943919366e+00
4.719601286696360476e-01,1.588317182817995388e+00,5.263655726680895874e+00,2.189954778221368858e+00,4.106649048487126308e+00
1.012431286130656583e+00,2.145344790560387072e+00,1.424525899600467715e+00,6.521484972949382453e+00,2.269730020562705342e+00
5.540425489480738097e-01,1.938719580299761658e+00,2.182861610286627396e+00,5.471284238165498692e+00,5.607119549779951306e+00
9.206422362361814660e-01,5.637280374027362484e-01,1.648636944481781219e+00,2.399128347781299908e+00,9.242891913959750738e+00
1.368922998588536277e+00,9.022224010260406768e-01,1.528577688060163364e+00,6.099240964564765832e+00,5.039469870380836269e+00
7.472415634955160701e-01,2.265300851434073337e+00,1.269943826482893279e+00,3.957269101329194960e+00,7.348995928157000534e+00
8.321737966411124621e-01,1.701803048789958694e+00,2.577224093882791500e+00,5.575390422568066384e+00,5.845815490438497797e+00
1.224791370131935730e+00,1.266391929466263999e+00,1.109842432071950213e+00,3.828056585611876894e+00,7.664470466206188881e+00
6.960317317357539446e-01,1.580255505072322153e+00,5.690710462403995251e+00,2.201197835402678216e+00,2.207780432312353547e+00
1.025100711373569951e+00,1.891113021766176905e+00,1.846083379909762234e+00,1.449804529969771494e+00,8.463848469124913620e+00
8.941982534940473570e-01,1.528002039710578908e+00,1.738219160649549622e+00,2.211551835661302867e+00,8.798602627666001652e+00
1.329342388500824867e+00,1.835928593113612450e+00,3.969136776057800908e+00,2.726789233253274158e+00,5.297181226276862276e+00
3.687278269437107014e-01,1.189288833057472239e+00,3.545221813408416800e+00,4.073440922133553244e+00,6.666007120363259375e+00
8.338477088434284035e-01,1.404172648466996076e+00,1.606299514741037271e+00,7.117112259322617263e+00,3.713721981594856558e+00
1.717491680228258044e+00,1.178760521501787562e+00,2.232405460809309350e+00,2.648390325137414347e+00,5.491751785919387174e+00
8.325954812972938823e-01,1.555509615580027649e+00,3.194556085427257219e+00,3.914391531710948779e+00,6.686097987804924259e+00
3.530113678179534475e-01,5.075770260460019667e-01,8.380733084741389671e-01,4.881147391910984012e+00,8.492594795130381513e+00
1.126292722575845673e+00,5.860981852882207743e-01,2.598500396234190379e+00,6.391675995836891389e+00,2.771685253624132983e+00
1.258038136176576227e+00,2.719190988751733595e+00,3.286998784800936768e+00,1.129800110941637126e+00,4.226621699643961172e+00
2.647192177309905525e-01,5.273263503888889758e-01,8.124171352788354117e-01,5.342054010281473975e-01,1.012491895938984143e+01
3.287490882317599672e-01,6.171509477664475218e-01,3.799441034464907219e+00,3.470607279210421670e+00,7.222398114607662123e+00
1.522990306001328786e+00,1.613810935603329000e+00,1.714165437074832710e+00,5.545440720218787867e+00,3.253371268226271429e+00
1.114970490608860221e+00,9.304408166432855953e-01,2.511695764484216831e+00,6.804196035132887843e+00,9.720863161256224627e-01
1.374819272861032893e+00,1.141903215999355847e+00,1.492630830431606270e+00,1.473678041522896276e+00,8.310008760925079230e+00
1.494624666495710130e+00,9.119343313688396124e-01,2.343264340310668992e+00,4.212402055218059438e+00,5.440371097589831173e+00
4.079367012370269108e-01,2.033505210826917597e+00,5.525122940194915344e+00,2.676763084823710948e+00,1.753683109829748288e+00
8.531129770043998084e-01,2.062623869542255406e+00,1.520580711841798660e+00,6.122444147885963694e+00,5.037032263999351223e+00
6.820725209877136486e-01,3.120068800843624590e+00,3.102824231861438520e+00,3.540275150332813592e+00,3.984278424569954513e+00
4.133265824464047444e-01,4.559981061829304072e-01,1.203058446643333390e+00,7.670073042633736016e+00,4.209116591217582304e+00
4.901847560338217780e-01,1.951479808903060498e+00,3.318734069871773329e+00,1.002858814420322320e+00,7.720973908529678909e+00
6.818180452561686256e-01,3.304792287149597385e+00,2.789770257188739055e+00,2.422938371081339248e+00,4.986063590982948490e+00
1.114377369103866755e+00,2.152030954003285590e+00,3.864067591043006900e+00,3.970802989492972390e+00,3.338165064474453825e+00
3.449211007919358862e-01,9.274157848404029902e-01,1.375885358249729240e+00,2.520610737853553829e+00,9.593790684132425639e+00
6.094133322085936166e-01,1.404454075915619882e+00,2.365755770316031903e+00,4.570141001937222391e+00,7.560692611777158234e+00
3.786225571854426875e-01,1.500811736058637713e+00,4.667597582506433973e+00,4.907422234036438624e+00,1.903411024909023919e+00
6.824919980761103844e-01,9.578525750961712770e-01,2.438199891760060023e+00,4.824319475839655702e+00,6.857792673911351500e+00
1.307304777218572855e+00,1.101481036942258074e+00,1.755593134792647225e+00,6.156327731185434082e+00,4.169638765942646152e+00
7.326025362522126105e-01,1.289814865252778553e+00,8.769153038953987345e-01,7.230235506035869619e+00,4.229550300909068916e+00
1.592547869876299593e+00,1.306773214477332967e+00,3.858062351208933372e+00,2.996793193613236372e+00,3.101521848205852194e+00
1.272264538806710643e+00,1.561688091327438244e+00,1.604387003569388126e+00,2.348098367396546315e+00,7.817848985868603329e+00
9.710274611955516111e-01,7.520439875267823648e-01,5.451432808802963770e+00,2.413810962899022527e+00,2.470789782685167246e+00
6.552889549710125827e-01,2.454671799679367439e+00,2.321126119621325756e+00,5.740216219362337391e+00,4.068755193141286419e+00
4.594040231211487524e-01,2.456293307182495944e+00,4.121995756244425380e+00,3.871938830872149850e+00,3.962154291706186271e+00
9.008942621527735728e-01,1.589068568795767078e+00,4.897568052801064553e+00,2.238528062921663508e+00,4.905532444599848496e+00
1.078743879792538607e+00,6.176253503945791090e-01,2.378191169778977709e+00,6.656309875382347307e+00,3.479170514301709538e+00
4.719606841255161722e-01,1.620446381955273907e+00,4.442092537499493510e+00,4.681675999695384505e+00,4.313688045893261602e+00
9.917075400899425519e-01,1.747280399529864248e+00,4.009336271750853165e+00,3.604371017230113328e+00,4.842452769166469828e+00
8.299785442535083657e-01,3.725352037851139553e+00,1.114635735973216635e+00,2.215302470292885850e+00,3.283492659482104337e+00
3.898736691504422480e-01,2.146396591050680147e+00,2.633967466134296220e+00,1.385534462830233515e+00,8.367920711737591333e+00
1.214777250639350381e+00,2.138060042264680050e+00,2.725412174395448694e+00,4.314506022763112902e+00,4.051581633500310531e+00
7.297318634587151021e-01,4.846776534933768810e-01,3.566823061819883289e+00,4.368658401157988536e+00,7.125433354123016372e+00
9.488809599102536740e-01,1.630997769953306920e+00,2.758689464026744087e+00,5.781212169002358792e+00,3.429758793593132626e+00
1.611356434232746437e+00,1.669578814392106203e+00,3.408871438738735105e+00,2.431612093986515788e+00,3.547850615838646693e+00
1.264712668191557254e+00,1.466610028117057762e+00,2.769257886914981981e+00,5.801194887830401825e+00,3.007228842667811985e+00
6.580664948110817036e-01,1.398671985457539790e+00,2.496570505765732140e+00,5.625550282338307895e+00,6.036124999712558115e+00
6.849140547550049973e-01,1.757899707283088198e+00,2.579223205576890887e+00,3.141725820105510714e+00,7.696129562164425231e+00
1.029652634490941132e+00,2.145911520770423131e+00,1.000394669458927854e+00,3.374673260248493456e+00,7.398330298018738205e+00
1.037113199127622565e+00,1.851082172713534924e+00,4.327905605076413309e+00,3.498188164426421221e+00,4.731099592283456445e+00
3.560957070033348715e-01,1.007194506166189552e+00,1.325274998929962145e+00,2.351849731318815362e+00,9.644845132378746300e+00
8.184040463412161071e-01,1.136936657068587930e+00,2.539097872036425674e+00,7.021260310457936527e+00,3.802627538327360668e+00
4.930621582205554354e-01,1.765177658348384915e+00,2.939974134858931443e+00,3.599811320572337436e+00,7.125646207978163282e+00
3.713047648280243251e-01,3.512084518625522289e-01,3.753889362216246139e-01,4.322581760161605224e+00,8.980020315788083352e+00
6.052254785614793464e-01,1.199817306462249933e+00,1.080175774751892748e+00,5.701842774653790968e+00,7.317022002310237028e+00
1.218989127343502066e+00,2.115936597056581991e+00,2.925656420754907394e+00,4.511872830359764386e+00,4.781478238486702281e+00
4.681306627719604152e-01,5.929149616258224675e-01,6.773871249961425089e-01,5.739224901634017328e+00,7.440775743183987601e+00
6.145135022648393619e-01,2.555023995410603987e+00,4.957327707467188205e+00,1.028128302949828266e+00,2.208300708089020681e+00
1.402833532031293018e+00,1.626571301355829169e+00,3.037766267238693807e+00,4.227171349914485177e+00,4.181131698865788060e+00
7.908352845093715722e-01,1.568861058021862487e+00,4.964221329945485373e+00,2.581268413400147566e+00,4.594725821486467687e+00
1.276947059245229443e+00,2.449561818340169506e+00,1.250188030089459446e+00,4.144910584936561726e+00,5.685943852181137181e+00
5.553927875984261409e-01,3.005379612531147604e+00,2.777164640877896051e+00,2.269036449337035410e+00,5.571706693454251180e+00
1.938729126064486108e+00,1.577879067708225280e+00,2.381481909320267931e+00,2.121037463820043989e+00,3.418956823721728711e+00
1.616941230128379203e+00,1.375469930170155841e+00,2.095577969770582083e+00,3.862871627798521335e+00,5.532154162285040755e+00
4.815110726490140491e-01,2.102951363813108987e+00,1.379839454394227838e+00,1.580271714811282369e+00,8.659070795878148985e+00
4.120421256394926068e-01,1.862500267553360400e+00,2.783965076620054990e+00,1.527525095667293664e+00,8.128907120786758256e+00
4.720067094220307125e-01,1.341796965786096418e+00,1.755732601670180415e+00,6.359288026912321534e+00,5.993166575853710043e+00
7.316598111006691330e-01,3.850663642234784412e+00,2.029174271270985042e+00,1.811660857894876742e+00,3.668616052894598134e+00
7.228465613795540534e-01,1.837222285668772326e+00,9.924744983063585879e-01,4.026290265703408977e+00,8.046978993781729983e+00
1.423283060840974334e+00,1.385741429119236034e+00,2.903767975501225340e+00,4.910409689317877913e+00,3.872680211050100407e+00
4.845248026886748716e-01,3.275601580871562390e+00,3.401432285822956647e+00,3.144812453031056165e+00,3.527234484084420529e+00
1.120049949588895366e+00,1.711744030319143572e+00,1.734409959142719337e+00,6.795244389104012406e+00,1.112436751953860714e+00
1.522333096971440591e+00,1.476391466374820549e+00,2.625018091521692298e+00,5.383510479823576667e+00,2.302382061387775458e+00
3.294851175465999260e-01,1.164702093802106209e+00,2.501220626425905813e+00,1.274287535557238504e+00,9.178166790083679416e+00
1.185313905496086839e+00,1.438910366220441883e+00,2.259128557950436988e+00,1.849574267228536684e+00,8.039957397883618739e+00
1.793091122365575441e+00,1.477869255375915181e+00,2.398690642998403177e+00,3.652007468990024375e+00,3.110341038806009095e+00
7.488403578259141824e-01,1.174364250956386524e+00,1.189350016360493090e+00,4.944460200594629207e+00,7.901466777201428648e+00
8.451173833814460412e-01,2.309799521502256869e+00,1.563470417332432971e+00,1.517692805516042354e+00,8.015306136673697068e+00
7.324926018835898889e-01,1.569638275766042312e+00,5.609957420317014609e+00,1.611716037429917758e+00,2.214041532301036952e+00
7.921200599169652135e-01,1.085803133376999297e+00,2.595343492654687001e+00,7.162179018292420984e+00,3.466088015141757239e+00
6.863603023327506936e-01,3.569457095375129896e+00,2.504487967165820006e+00,1.657611661096186184e+00,3.250458277292721743e+00
1.369077536109639004e+00,1.222518154545213953e+00,1.054788637075500635e+00,2.079842048612456473e+00,8.324056422729135818e+00
6.290057535982440662e-01,1.141863623110149550e+00,3.983228357178741241e+00,5.377796972088096261e+00,4.514461467314621501e+00
7.959849760326980217e-01,1.792955086252374430e+00,3.102348736471790769e+00,5.997803167394030410e+00,1.646366045108176523e+00
4.582138907573343189e-01,2.526160137991381838e+00,3.316553809047344981e+00,5.093745272717932870e+00,4.013596576551734074e+00
1.086719905211482873e+00,1.992903233183617839e+00,3.386558292175398943e+00,4.385645616566581140e+00,4.934305494883634680e+00
8.307876443180215453e-01,2.962176658810140584e+00,2.826113364130288019e+00,1.494369705378627566e+00,6.165851410848371295e+00
1.400116596321983486e+00,2.697972773360294951e+00,2.437081646253413947e+00,3.753867424380352702e+00,2.592339474046433168e+00
1.431367067972393992e+00,1.601245184622452689e+00,2.127694340310259946e+00,9.953078209286523315e-01,8.003179415546961550e+00
5.120505784815094774e-01,1.715027081977986256e+00,2.890237048456352653e+00,3.208845967622355744e+00,7.516880216792961811e+00
1.402975661807907892e+00,1.266025311572026801e+00,3.793490947334267727e+00,3.445145727635343214e+00,4.678057155492378882e+00
4.126737723858326934e-01,4.510661222317524643e-01,7.792359881077632888e-01,5.355518750159376395e+00,7.921830087064451575e+00
5.163733883964680693e-01,1.289095292756346822e+00,2.086888858099505750e+00,3.539207000810674852e+00,8.364787192991526510e+00
5.218083249431315629e-01,1.438065547073508421e+00,3.927263293316331172e+00,2.693632052972886548e+00,6.952575570489601731e+00
3.543304430903413405e-01,1.056725506104467804e+00,2.543687502979369963e+00,5.434262995773401883e+00,6.714987654625018010e+00
1.357075757283772166e+00,1.798420847581655879e+00,2.452466846841258707e+00,6.254902793803104544e+00,2.007489998197002912e+00
1.059056256196986734e+00,9.114361147780742911e-01,3.186987682455910242e+00,6.272018142524686368e+00,2.429244738766914047e+00
8.513078189778876537e-01,1.977259813545376499e+00,4.272882781549260045e+00,4.489783946583708385e+00,3.673480358821106240e+00
1.488277231406386125e+00,1.704143422865346036e+00,3.473135502603345248e+00,3.511464088745801071e+00,3.062296804680854745e+00
6.633836445632639300e-01,3.381579116841793020e+00,2.387775167659795361e+00,3.829042971460240974e+00,2.551752803997630714e+00
1.093899153506592281e+00,1.765257046417600950e+00,4.215550397907064983e+00,1.860479834995955262e+00,5.731745475421193170e+00
7.468097460670780618e-01,1.632028953811066163e+00,5.509384556595869675e+00,1.573472826174486805e+00,2.965794966777964170e+00
7.573341830749192871e-01,1.050385860164289920e+00,3.382571167906548659e+00,6.587426717653937835e+00,1.270036366066670919e+00
1.388900209921851259e+00,7.483086974299189009e-01,2.075652778790398667e+00,6.415050061313118945e+00,1.913286187666150662e+00
1.983478512186120701e+00,2.235149476617920516e+00,1.848252518009207757e+00,2.717455389462275939e+00,1.988999460517177242e+00
4.887889052565888015e-01,2.382263253677385340e+00,2.484179041877704108e+00,2.915635135674151002e+00,7.331758132111215964e+00
3.539117031353840592e-01,1.419764585723414685e+00,4.299966120723236251e+00,5.386433394933773933e+00,2.791029305769823665e+00
1.931822382087874157e+00,2.182920300212861875e+00,1.796904292943721559e+00,1.581628995297395202e+00,3.344737895417122520e+00
8.284493986154586320e-01,1.879786347208449726e+00,4.766483950455262075e+00,1.965673851866409194e+00,3.968545036208704690e+00
1.466183660138978162e+00,2.041636424773758396e+00,3.462828294479449731e+00,3.289954713068654168e+00,2.394124729353226844e+00
4.857486235938553998e-01,1.721305830285675631e+00,2.620322828517057445e+00,5.209453939013896751e+00,6.305345524020097514e+00
1.730110003008008546e+00,9.230416106841283774e-01,2.577459390387772942e+00,1.476221869533335562e+00,6.445879015090227426e+00
1.024136028773294793e+00,8.993917194537685011e-01,1.338750165176593621e+00,4.817191092022801158e+00,7.441403176319046686e+00
1.153811650608924655e+00,2.410048470677019772e+00,8.684542927124606626e-01,4.169380885975093598e+00,5.985869435141826678e+00
4.925983784312636393e-01,3.241757694101672360e+00,1.981142270995125854e+00,4.728962942233191136e+00,4.059879107887722327e+00
8.228164513541191827e-01,1.866997157723068179e+00,3.902694216868321408e+00,3.513649775888054716e+00,4.973204681098891022e+00
6.001634026635507269e-01,3.360327965019047181e+00,3.059029970788001318e+00,3.117820102251805281e+00,4.022746200872186151e+00
8.336354574829147879e-01,1.733494893565206363e+00,3.101507989029410162e+00,5.996962419951650247e+00,1.645525297665795916e+00
3.945934750668124158e-01,1.637124379938656560e+00,2.228390073906239444e+00,4.089063274511889112e+00,7.803589611464850861e+00
5.991449555441910046e-01,1.951645928173639799e+00,3.351746268615783286e+00,1.253407729643552404e+00,7.628013692008862812e+00
1.358090386785593573e+00,1.023854316712611734e+00,4.798427809014935264e+00,2.444332701992252943e+00,2.491101913930187983e+00
5.292334744297851890e-01,2.335608064223710034e+00,1.709069743588946810e+00,2.097885585305939937e+00,8.051534394963343999e+00
1.414085315807626309e+00,2.269058082808291577e+00,1.977766231125541729e+00,3.382607222696558225e+00,5.513303438517851873e+00
1.318038963895424853e+00,8.734987313290859534e-01,2.336956574201996872e+00,2.032831450824120090e+00,7.793054925947221712e+00
1.505130583395586363e+00,1.475918019562686645e+00,4.321320659100724271e+00,1.740453088903098244e+00,3.282514091620404528e+00
7.098471222130293690e-01,1.542473754076012060e+00,2.687912358723778095e+00,6.199155822818258166e+00,3.695047747896960111e+00
1.059534624369284916e+00,2.848372023685844745e+00,1.451361745067560438e+00,1.066355611770795520e+00,6.555340290727649233e+00
1.180824671727181974e+00,1.697050308743351055e+00,2.220828340336390205e+00,6.433182689657716224e+00,1.129297277007839106e+00
1.305834618395195879e+00,6.919280242942795756e-01,1.113794097726412691e+00,6.961383477678132259e+00,1.488011949635103637e+00
4.813544820152827475e-01,7.397153612145364043e-01,3.115525024223260164e+00,4.087893257227980470e+00,7.649805649683577791e+00
5.704820873033028539e-01,2.505304034094276044e+00,1.802804426149741346e+00,1.651427665723376181e+00,7.889029242732313207e+00
8.092469121714456204e-01,1.151157189888736943e+00,9.229183066106770861e-01,7.356059085386155161e+00,3.593165451872896377e+00
9.328502865522227960e-01,2.195782307931975375e+00,1.489738584671227439e+00,1.510824237567593098e+00,8.004948071992561864e+00
1.192639868493957422e+00,8.897521115025013305e-01,1.512960755375228228e+00,5.039842343787756640e+00,7.109044245152894348e+00
1.043019240756353438e+00,1.006251019309439387e+00,1.430132074438531298e+00,3.838569797840791775e+00,8.300103964482405061e+00
6.996662802520263735e-01,3.792711525974806541e+00,1.709578748525335090e+00,2.759459273598590556e+00,1.231457408934352404e+00
7.795129273930500036e-01,1.293703269418519541e+00,3.605537568487773736e+00,1.755482415099922866e+00,7.444819219483004957e+00
1.134217693183625641e+00,2.375471714042933336e+00,2.750259340322606327e+00,5.016880943374992796e+00,2.521882291033564538e+00
1.052525203484586003e+00,2.003851121995729567e+00,3.456918784608645101e+00,5.507553428516996696e+00,1.910498603620376157e+00
1.033122418037699664e+00,1.885550289789736489e+00,4.004401999950577995e+00,4.900231797713662907e+00,2.701426483772838782e+00
1.165445945191326604e+00,2.812702004770040176e+00,2.732587298761579131e+00,8.027812051169161967e-01,5.014464523399746021e+00
1.180670762526086826e+00,2.454785558780196997e+00,3.318738107440883045e+00,2.270454999271668939e+00,5.255921526209883510e+00
1.017821312023275748e+00,2.398798038042598613e+00,4.090518248092130271e+00,3.834735914216323316e+00,1.271795428503469605e+00
9.878097864135696460e-01,1.785473339081738331e+00,2.268866068020595428e+00,6.375583282014389397e+00,2.322964709986718113e+00
4.148295871533594359e-01,7.998939311808528352e-01,1.175779656494102987e+00,5.586904942963566434e+00,7.646655324537429799e+00
6.062266258026534071e-01,1.126798627513142748e+00,3.302572226075956241e+00,5.839084257012102874e+00,5.099877356963232522e+00
8.456420752977917843e-01,1.669836828330317768e+00,4.974818193812398093e+00,1.515949013806130674e+00,5.283436325689470081e+00
1.775078711379832086e+00,1.629093491743613065e+00,3.368636279397323907e+00,2.580979895043960859e+00,3.071348077651848474e+00
4.921745364715968130e-01,1.931785541383695737e+00,1.435617262742601596e+00,3.997593053094001370e+00,8.066784075730026871e+00
7.035515037833800500e-01,2.865282450054290830e+00,2.694081166623290891e+00,2.439880467188018098e+00,5.924032501119415706e+00
1.216901310072960429e+00,2.646111615063149625e+00,3.166102430459446726e+00,3.022577825403029106e+00,3.870401058607487066e+00
1.029589502630223530e+00,1.283071295783474008e+00,4.965304461972525729e+00,1.239924854671935917e+00,4.573564997059743398e+00
6.037263053716311889e-01,1.782765744333473013e+00,3.818620788680778588e+00,6.048673769291400326e+00,2.879268366722321559e+00
7.628481134446043477e-01,2.941574158016016849e+00,2.769574474478354809e+00,2.171982389762797006e+00,6.162091810992064822e+00
1.781327525040352189e+00,1.516629652855082888e+00,3.177774277696855609e+00,2.875685733027221858e+00,1.940563118039285051e+00
3.753068601499968127e-01,3.566675439110630341e-01,4.925675799584025571e-01,5.751497312901669545e+00,7.706928072824359433e+00
8.744848839391737849e-01,8.096131693062669221e-01,5.141042770241564419e+00,3.573144348107835100e+00,4.038021997380557337e+00
3.847059712086595140e-01,1.980439117351091349e+00,3.906436076005299185e+00,4.638082159000090243e+00,3.689469787231759668e+00
8.240571876230584625e-01,1.747907910949462851e+00,3.263056921684507117e+00,3.145481083649680709e+00,6.787604111647422833e+00
8.500254433692266964e-01,9.067471633936614595e-01,5.291746500718549129e+00,3.223201305437135122e+00,2.600728935992480118e+00
5.102251371084047804e-01,1.404366312296523756e+00,5.640795350300602529e+00,2.961362490880741660e+00,2.612785469785862347e+00
1.265229802842393170e+00,1.455771551189418478e+00,4.658466567111915424e+00,2.386733483270621292e+00,3.829942511237431013e+00
1.649449692006798474e+00,8.908328751643306287e-01,2.450098196933767625e+00,2.773123673925801391e+00,6.446565462331247609e+00
1.053312710252933826e+00,2.218558874641984868e+00,3.203469850844984368e+00,3.817277442190662562e+00,5.483109606727287755e+00
1.469629516984170214e+00,2.875115689876042158e+00,1.448393689665294470e+00,4.036125364867776177e+00,1.388893681283975168e+00
5.731633336404227119e-01,2.129191775358286964e+00,1.040513570927062759e+00,1.584859280821451222e+00,8.601100491397682291e+00
7.813909238786418410e-01,2.499249825297371608e+00,2.960319273415483732e+00,1.380119915967925825e+00,7.275953485544260246e+00
6.293832975106645744e-01,1.636903047101535114e+00,3.908506064386617407e+00,1.211463426614536321e+00,7.240930805358265943e+00
3.160473007203801199e-01,1.188255913766806726e+00,4.545646787774392905e+00,5.063458563728016948e+00,2.972371011654965756e+00
5.434235300057358442e-01,6.653646219069251355e-01,1.377106919378821015e+00,1.057267598936082242e+00,9.878705619517509362e+00
7.752961479115998422e-01,3.220160747136859403e+00,1.307730266809914887e+00,5.174094104931529436e+00,3.616649525993056002e+00
6.211420962919381727e-01,3.384170921671882049e+00,1.781035637213611800e+00,4.252500528400912749e+00,3.874247665154374243e+00
9.509016643644840894e-01,4.531373965133963511e-01,1.381297182050358785e+00,4.922685352788761293e+00,7.938886622707308938e+00
7.692779225540440358e-01,5.795616956719470414e-01,5.179723329648590280e+00,3.674957379615896524e+00,3.062622977765737886e+00
5.255530704051437629e-01,1.918760978077360235e+00,5.194787026626865867e+00,1.679382865689294846e+00,4.320173519309030929e+00
8.869250423251282545e-01,1.552948028955523974e+00,1.318877769109137787e+00,1.425829999927407998e+00,9.009835928353098211e+00
8.366064372286492468e-01,2.201524590801084980e+00,4.309063442179184023e+00,1.892294898984224094e+00,5.361009999929588155e+00
1.073222044408159270e+00,1.100549218527242523e+00,2.379919865975977711e+00,6.524125105080146092e+00,1.522906784690810644e+00
1.459318140314717294e+00,1.635147844158387098e+00,1.841346322163537330e+00,9.879848286048694694e-01,7.995856423223178133e+00
1.045109658528028396e+00,2.791804074874342234e+00,1.805234108167580009e+00,1.070148271710976484e+00,6.559132950667829753e+00
1.038918695467249131e+00,1.935000390646410828e+00,2.866203592110695642e+00,5.418823129473589795e+00,3.934961281540884759e+00
1.269424124693406153e+00,1.921332454009361701e+00,1.666136680802291714e+00,6.071649792135922930e+00,3.464749805826999207e+00
2.007590979473494297e+00,1.607783406225144374e+00,2.326897249663791190e+00,2.666322239181000420e+00,1.937866310235901279e+00
5.922074938189403337e-01,1.847154383112445064e+00,4.925673727020439152e+00,1.640693160905193348e+00,5.117162951544244720e+00
9.185965479691202695e-01,1.136206563610946407e+00,5.266627431690158900e+00,2.861134713285635733e+00,2.357809462991688587e+00
1.039715214180648717e+00,7.008508412658260855e-01,3.149590701524592973e+00,1.995184190642142585e+00,7.757423594315745241e+00
8.643324587921454860e-01,1.856227030703046177e+00,5.371194242215775461e+00,2.188086867826608550e+00,2.167830840487012800e+00
1.136691054406903323e+00,2.453385986115081963e+00,4.411145229895705455e+00,2.355102616393613069e+00,1.273369958975181238e+00
6.821002361057375563e-01,5.573574486999380850e-01,1.445839730305971349e+00,5.553172137581992907e+00,7.522898902299608892e+00
7.431466972187994457e-01,1.270136574848800937e+00,2.520849751915959391e+00,4.054000225294061011e+00,7.990311224634236709e+00
4.029838458076914209e-01,9.698264990457988732e-01,1.409223520076044123e+00,2.417418447329355402e+00,9.596169509471746295e+00
1.026313839940289574e+00,3.137535764276306871e+00,3.140810323848488572e+00,1.146338303751275545e+00,4.185921834966341848e+00
5.217778589346704354e-01,1.756884492532917896e+00,2.321034242707416428e+00,1.939935749927359954e+00,8.835419906003449952e+00
4.741666745964087104e-01,1.120942902150987797e+00,1.797912923583503408e+00,3.302950439583906661e+00,8.811939030474364998e+00
9.832837723313113676e-01,2.490785787873829982e+00,2.591595074675715704e+00,5.049185533957510685e+00,2.282837033287937523e+00
8.809644535645825281e-01,6.656971509004205867e-01,1.008128415046851245e+00,4.972513575240836481e+00,8.033430873188484256e+00
7.990653148125544947e-01,1.572435234058259246e+00,1.935051053418416656e+00,5.139258527873170834e+00,6.664812005145702933e+00
9.126390882347823474e-01,7.770328403039413745e-01,1.859292239902486266e+00,7.089191944694747782e+00,4.177225619683234470e+00
4.659324755228366755e-01,1.399754629208554535e+00,5.804214488321250975e+00,1.777465386804507830e+00,2.631838760862205806e+00
7.405664461671350729e-01,1.100814141975281268e+00,2.518528348432508945e+00,4.264368080832527497e+00,7.394812552565739772e+00
7.607522078775179608e-01,1.694017804236465974e+00,2.761383886728289383e+00,4.695359413718675157e+00,6.507197480914912013e+00
1.371136897164176194e+00,1.418998957548478046e+00,3.931007129778993470e+00,4.232225209364645302e+00,1.963703153136820756e+00
9.833468423096215494e-01,2.680353985450456555e+00,3.620182214777266427e+00,1.892681238178270053e+00,4.822313428444741312e+00
3.204097272299198940e-01,8.239402300592357786e-01,4.722969240546160741e+00,5.108063084594265391e+00,2.754496869554374783e+00
7.594840728141758479e-01,1.032921792919754722e+00,4.837528108805909888e+00,5.257281715818430179e+00,1.358209036035996631e+00
6.247442838676768861e-01,2.547559963682206607e+00,3.100716304301016191e+00,2.746324933846202132e+00,6.171487911847469476e+00
1.327435056941325353e+00,2.364019064910478196e+00,2.241834025203116365e+00,2.574250928829327822e+00,4.980871332743995517e+00
1.774454606800954570e+00,1.606987820295147751e+00,3.359167877128721447e+00,3.081916131314899499e+00,1.649165912316656435e+00
5.168591682600023329e-01,1.254817892949545266e+00,4.621847776600797708e+00,2.481717203732274779e+00,6.626928402777300775e+00
1.071628158769912353e+00,1.730037473441333518e+00,5.264917296327975116e+00,1.785324143673256536e+00,2.452510764073078775e+00
7.630490598008246028e-01,3.137480938025268173e+00,1.714667547330997799e+00,4.502029081045310299e+00,4.221938853008195380e+00
1.760844030642093827e+00,1.493831118475949182e+00,2.518897590368298189e+00,2.726546642497665651e+00,5.014020873870544293e+00
1.045019584011443126e+00,3.290059541308060442e+00,2.030923422154752522e+00,1.273813913725957425e+00,4.655877699743943055e+00
1.251576617901341670e+00,1.974168604876023414e+00,1.489157899676344821e+00,4.117719699184035242e+00,6.568668079202534926e+00
4.671790592376786622e-01,1.120982872847791967e+00,4.392396354424124461e+00,5.308799859630568108e+00,3.713818258427581842e+00
1.222159307490789049e+00,2.731682646515540824e+00,3.233241698058973768e+00,2.090013365070347628e+00,3.282198950486917344e+00
1.428302936579253890e+00,1.401968975999442257e+00,2.020424530102405747e+00,3.491548867368329034e+00,7.118634817609680532e+00
7.410181333708633078e-01,2.798245287310419105e+00,2.784115471250730778e+00,2.835736766230751993e+00,6.164918855979945711e+00
6.855266786952238789e-01,3.113968101719688963e+00,2.374286380761056137e+00,5.081233144396684942e+00,1.906286014817458074e+00
8.682128472466904556e-01,1.280564635430982756e+00,3.074766818909690169e+00,2.973692781078776104e+00,8.056824028317626230e+00
6.698815939423680144e-01,2.764999624752790375e+00,3.945122781309517102e+00,2.757132437266131220e+00,3.279933677905748635e+00
4.073373552983367007e-01,2.690312860880574863e+00,1.132546806043360110e+00,1.007817220812192271e+00,8.376976222509490810e+00
4.835186722549472682e-01,1.044381413842764506e+00,1.762940155880614812e+00,2.889686538878389666e+00,9.096949000797863505e+00
1.456149659846843081e+00,1.548020499377174009e+00,4.353483001576353040e+00,2.443245940685511819e+00,1.195747232375967251e+00
1.394936665647963592e+00,2.740509989279245495e+00,2.310265086399016177e+00,4.377116088463742116e+00,1.265006536766087208e+00
1.106111026777944151e+00,2.210511625641979894e+00,1.667903854899203786e+00,2.034593839786898783e+00,7.293175226160352409e+00
7.614059729806702537e-01,1.408080550830717481e+00,5.745454840772393545e+00,2.032067066649156040e+00,1.920342094445521841e+00
1.761123710630119188e+00,2.064279140086718645e+00,2.498676791491250437e+00,1.699764359430122385e+00,3.774534374904023881e+00
8.534945019676785094e-01,1.438665559843993913e+00,1.017362501713175549e+00,4.122328981553230243e+00,8.380725853769476430e+00
5.234484936109093933e-01,2.625585836106605786e+00,1.625407479771082464e+00,5.933950070926678144e+00,4.000888776569007987e+00
7.993728378345213992e-01,1.685965689629320030e+00,3.096046844253471875e+00,2.544114182641483257e+00,7.445686857936514969e+00
5.993177455297226119e-01,1.200394048780988321e+00,5.592830363713003017e+00,2.843852253108368533e+00,2.204985159358572311e+00
1.056772011001250844e+00,1.899397844838773608e+00,2.427954863082364856e+00,3.813425179843460189e+00,6.377527311380198682e+00
8.462033651533135137e-01,3.003962957438260695e+00,2.871045947272196308e+00,4.587202927293381194e+00,2.674499842665325033e+00
1.067941591390563438e+00,1.880971328365074857e+00,4.366732750232166005e+00,3.408292698883544247e+00,3.722126578780540207e+00
8.749354530052878554e-01,1.422821306525100749e+00,1.703225482257590961e+00,7.219364064423372085e+00,2.254962466682013833e+00
7.279915292355804146e-01,3.222396560268637078e+00,2.993472860000716995e+00,1.573496405722274893e+00,5.325631689769144472e+00
3.632767003296835107e-01,2.074458992450733508e+00,2.545977502058318187e+00,1.337322325053004413e+00,8.491718663383016619e+00
1.345175972033626488e+00,1.372098849859526126e+00,4.450424671652201347e+00,2.460946955539404790e+00,3.812323032379726140e+00
1.819884906254178869e+00,8.082547521218133024e-01,1.353513015820307253e+00,2.397395793705564770e+00,6.435539338726697700e+00
8.821050416541977857e-01,1.492542922123778038e+00,1.517417687280465888e+00,4.182499291021393617e+00,7.809089246359475212e+00
9.941026420539236241e-01,8.109205682354840850e-01,1.474605643804845378e+00,5.207498890469874020e+00,7.263353428085832952e+00
4.951380108098203392e-01,3.231751999528669650e+00,1.977103753424406918e+00,4.386890445190788412e+00,4.692211230559109936e+00
5.812709792214909577e-01,2.378302482059400536e+00,2.188573583051779625e+00,5.563107086133700641e+00,5.210441661694708237e+00
9.892526883124449499e-01,7.658437925505171551e-01,5.436881393451040267e+00,2.418162340395887178e+00,2.470706222338052260e+00
4.361544754846102823e-01,4.709348366877651459e-01,4.291426846702406372e-01,5.608509633347886769e+00,7.937389060933410789e+00
5.236075629584758806e-01,1.308595433238652905e+00,1.993077405236117317e+00,8.662781731523903073e-01,9.534274245428861150e+00
6.029966358795527670e-01,7.691047639938577429e-01,5.765156619032745233e-01,7.899286134631823941e+00,3.262633207995875750e+00
4.440860342990430309e-01,5.110590576951682396e-01,5.114917018394420367e-01,5.703331694473031455e+00,7.874033074952738076e+00
3.149127925554172092e-01,4.090366876541606800e-01,3.991321888892367942e-01,5.179216917045197377e+00,8.205889853553667734e+00
3.680111898802804205e-01,3.588085423356925929e-01,5.196368005153964020e-01,7.675398111155477210e+00,4.267324788825995086e+00
7.314997552077262544e-01,2.893528863767674153e+00,3.050430771051376944e+00,1.404174363329965924e+00,6.388366317875808775e+00
5.183493975175208490e-01,1.754799689409045627e+00,1.854448123212262933e+00,2.591421292433387258e+00,8.704120630994442109e+00
8.152538786620846523e-01,1.200525127059713038e+00,1.012948635889462157e+00,3.857233282384463724e+00,8.431301429048630780e+00
5.445288897858492350e-01,1.369633682066821789e+00,1.878072510420894181e+00,1.058756917584181334e+00,9.544282078351498555e+00
1.129610822998233344e+00,2.231796133962015816e+00,4.352036350517504815e+00,2.680829445464888217e+00,2.838973601221944865e+00
1.139140522897904351e+00,2.310457316779101156e+00,1.308645839015239343e+00,4.970840741667553075e+00,5.031649623692281637e+00
1.126045170102458082e+00,1.589481576574830246e+00,2.214697980414656708e+00,6.488978418897484168e+00,1.999502853627058485e+00
7.369955685131064360e-01,1.084397019513118510e+00,1.364316722853332164e+00,7.585467737807942257e+00,1.706892279139728519e+00
3.128887387079276605e-01,3.224326716625462996e-01,3.321016468618083195e-01,1.871661453673431286e+00,1.010167402573916817e+01
1.889979719629445887e+00,1.962299604791551522e+00,2.039318925950934336e+00,1.366633225548267827e+00,4.211448869429035291e+00
1.644190076792288568e+00,2.200752047874616757e+00,1.793854970209834310e+00,3.571200244654340050e+00,2.343979502548124927e+00
4.352071035570554414e-01,1.594690606283746925e+00,5.353312777996544369e+00,4.185514076830825658e+00,1.785285491633166410e+00
1.454276158711742095e+00,7.880297982962355396e-01,2.688225847372111232e+00,3.456000250208104418e+00,6.406475372928972511e+00
1.294711929662648364e+00,1.454711354026049008e+00,4.884833686546171450e+00,2.301890296456601259e+00,1.822673875395591114e+00
1.170490290309880166e+00,2.669282825594792907e+00,3.074237255564828963e+00,3.081258377227011458e+00,4.188966258636034112e+00
1.624031125252962227e+00,2.852718437294229137e+00,1.704297616705021001e+00,2.813680265306971684e+00,1.253500542758795966e+00
1.345108809170573849e+00,1.081311973953946293e+00,3.357946527359526812e+00,3.958818559080148791e+00,5.597559943791439174e+00
1.025224440697291017e+00,1.875538555711922184e+00,3.610495066538106368e+00,1.390911056557798675e+00,6.730622469548006137e+00
5.067316980245154534e-01,6.091505472696001622e-01,5.765985429116445848e-01,5.264030188650403730e+00,8.150653813831659988e+00
5.002569688453235575e-01,1.948485919438076808e+00,2.283598672021036613e+00,3.136100233739812282e+00,7.929272749982359869e+00
1.439892072603528250e+00,1.489214098499462180e+00,2.970321953617366173e+00,5.241690748228110763e+00,3.054730961235567754e+00
1.515645919596477764e+00,1.644717134780959711e+00,2.295412783977332616e+00,2.967345175071088637e+00,6.841672441006171113e+00
7.300939577499192534e-01,2.352384733884668844e+00,3.708643492498745253e+00,1.443568042527614281e+00,6.565047956114025141e+00
8.479691068899353201e-01,3.061736917210968745e+00,1.715227427442204799e+00,5.142682357813728622e+00,3.507689976501680018e+00
1.665271069890820632e+00,1.303020628648116519e+00,1.627557280979049947e+00,4.449384286279702394e+00,4.144176513032978626e+00
1.600887472871134420e+00,1.445693120996620173e+00,4.000509598562647540e+00,9.913387016037298327e-01,3.642561988667768702e+00
7.615837912203470284e-01,2.680538396906168686e+00,4.177573206841317166e+00,1.646208351353356747e+00,4.233058764759324966e+00
1.736989566418481568e+00,6.407604793685506284e-01,1.568084734233712974e+00,1.977579424091386651e+00,7.016715326306426803e+00
7.234397262016450947e-01,3.561299064371148404e+00,1.348354612265984187e+00,2.521049219778688233e+00,4.264945068337635092e+00
8.526881532441399347e-01,5.184158098421327576e-01,1.509478212995371216e+00,4.797531518968312980e+00,7.582124404097564607e+00
1.227720777087336179e+00,1.976412823012936748e+00,3.371776267860686627e+00,5.332003712881917323e+00,1.650337144872080053e+00
9.812740198689615667e-01,1.379132731393795108e+00,2.515406524221725171e+00,6.744723779823352139e+00,1.166716584009785729e+00
1.619920198956044555e+00,2.072194833239487721e+00,2.142428822918269304e+00,4.242772004227632010e+00,9.917449474974040502e-01
1.487330467444720083e+00,2.923522101395281236e+00,2.501463670952611906e+00,2.461978383619809918e+00,3.260160407908591740e+00
1.168209164111519760e+00,1.128569121746293646e+00,3.876270017159848980e+00,5.239397756545916884e+00,2.861992354917143100e+00
7.201699149954086110e-01,3.750565643065541632e+00,2.526829458045673160e+00,2.251948654340891753e+00,2.398860131949280827e+00
3.590606376891689600e-01,4.956317994620000333e-01,2.184944359800426561e+00,2.866997413226302527e+00,9.074259875145777698e+00
1.213484725792539409e+00,2.854878289379172429e+00,3.129685088974832663e+00,1.249631553071442358e+00,4.166292395867624343e+00
8.676079683959165845e-01,3.303647699385591885e+00,2.418951287413449336e+00,3.554271805599892975e+00,2.557162709157722702e+00
6.795426789275498258e-01,3.521188868677343820e+00,2.571184287732008134e+00,3.357023489002387784e+00,3.173019279414844185e+00
9.249437070180828169e-01,7.624895617587560404e-01,1.484771102526722508e+00,7.128780700644093749e+00,3.716136200289385183e+00
1.632747159611454224e+00,2.061845235722361558e+00,2.786013054242330256e+00,4.305487598734190513e+00,1.735870487132555651e+00
1.473318887434263980e+00,2.213922591599010392e+00,1.781389441852349487e+00,4.251159891106250477e+00,4.752355816054259385e+00
8.609977520980706123e-01,1.248971376149079049e+00,9.893692042398954944e-01,6.468047878371098847e+00,5.567062005831330929e+00
1.051832457315089897e+00,3.245826211052964094e+00,2.015319479290988980e+00,1.335790842817961011e+00,5.058117567222453204e+00
5.931533083357933833e-01,1.671792705893038855e+00,5.558030126306354290e+00,2.150169782017275377e+00,2.259864577598405422e+00
7.634760637519113491e-01,1.932339545920378709e+00,8.055792483186121622e-01,7.245672562775022030e+00,2.108194405683530448e+00
7.217776545769323260e-01,3.264321281972172972e+00,4.027882021611578267e+00,1.083705647227368729e+00,2.097586219035116883e+00
7.711696231332475504e-01,2.205734857205351673e+00,3.996521159169581505e+00,1.897625688405036648e+00,5.645806253787054807e+00
1.186471101891534152e+00,2.445271433263517924e+00,2.185992748558696519e+00,4.717314268267242205e+00,4.138176560543433524e+00
1.020671843484340702e+00,3.430035625315967618e+00,1.660570933840589625e+00,1.898411218774804343e+00,4.565805339836139787e+00
7.284028109737854528e-01,3.569269737202804826e+00,2.035881838911992148e+00,2.244576326428292301e+00,3.254976201636460509e+00
1.140676969087755399e+00,2.716383189251577956e+00,2.218760122707566840e+00,4.182005187849935801e+00,4.275002528463720530e+00
8.899661012908255397e-01,1.214887800823819974e+00,9.095698373684573124e-01,4.214524764105978427e+00,7.973789702106234500e+00
7.956617146464950441e-01,3.447386885819168523e+00,1.531676478305611822e+00,2.511528501392563228e+00,3.880281505284072896e+00
1.566412092819464030e+00,1.314035011598773117e+00,3.700083224300852791e+00,9.904455399294331830e-01,5.568985985363290148e+00
1.397888227485068580e+00,2.917817276602638010e+00,1.882747132340299334e+00,1.442009992152454734e+00,5.416178161094794774e+00
1.164437940850723718e+00,2.720042218809552104e+00,2.707382097721513503e+00,7.819336855038367950e-01,5.095084722665671251e+00
1.415202487731551662e+00,2.118824051534312414e+00,3.385213355108774191e+00,2.280152094147351427e+00,2.908131558634925895e+00
4.643812925631067290e-01,1.193169416129422400e+00,3.288050286483351403e+00,5.421504554096285844e+00,5.914875902654115336e+00
1.004709538139661795e+00,2.153100908019548232e+00,3.843663592040698518e+00,3.556857516985913570e+00,4.410342559371420279e+00
3.740369142032153871e-01,1.472448214567630753e+00,5.658749811051297485e+00,1.743554111953211194e+00,3.323636053597404771e+00
7.036170335901820172e-01,2.837741738366497568e+00,3.102248520320909364e+00,1.452019062219700007e+00,6.341981914396431996e+00
1.048802072766519933e+00,1.913700242962141251e+00,3.551109695263795274e+00,1.470752844449149777e+00,6.750336791253269908e+00
7.283634057211448853e-01,3.872286372019487555e+00,1.174873313757411442e+00,2.256239339918141518e+00,2.408277216457638481e+00
3.893691273087157567e-01,2.244209521971999965e+00,1.032285622519675483e+00,1.599881488767092241e+00,8.614745636622055613e+00
1.578857777530346507e+00,6.125573105181465472e-01,1.429131868751161383e+00,1.254883135917008286e+00,7.983830342264839786e+00
1.943204842168799962e+00,2.003824827171505341e+00,2.092129950489746815e+00,2.281151248214275729e+00,3.325718238901661294e+00
1.253051543633055376e+00,2.933229814885044195e+00,2.867050141730027590e+00,1.640217998715535419e+00,4.094756801645762501e+00
8.026658304890514906e-01,3.086740822787113814e+00,2.327413515052605852e+00,2.683778664354961485e+00,5.572464601278905860e+00
1.130497644395711099e+00,2.230617307989887443e+00,1.687294284536947853e+00,5.299134737277322316e+00,4.490708411552677859e+00
9.145251694553812039e-01,2.444596347747086451e+00,4.484640053602817034e+00,3.033085589744977106e+00,2.652313254036247514e+00
4.657524297851302619e-01,7.582821682862472823e-01,4.987117886362855135e-01,4.656608486130108915e+00,8.604995523786264755e+00
1.208185522034612713e+00,1.576702324641694020e+00,1.406230461256137154e+00,6.643633598589459233e+00,2.866380739881570161e+00
9.477610975846820773e-01,1.398508097943897965e+00,2.341723981563425205e+00,6.983084044764669152e+00,9.298394991659266751e-01
6.805094886001252785e-01,2.813961490523154918e+00,3.795467962274182483e+00,2.275096403463795269e+00,4.744263752387218425e+00
9.929959008134010556e-01,6.011146421105164617e-01,3.168159970681830195e+00,1.387415280756353120e+00,8.368130459279681688e+00
4.939338257287762546e-01,1.470669875449210240e+00,3.149883131609120923e+00,6.955678540014779365e+00,9.739454248245342782e-01
8.870968165322009602e-01,5.706204141725838008e-01,1.101795934818157185e+00,7.535076558275653369e+00,3.543180439276880644e+00
1.169586894292301338e+00,1.778346926397154526e+00,1.321209019744270075e+00,3.979381896436688937e+00,7.262679184816774658e+00
1.480806693586977474e+00,2.611656816980922002e+00,2.962726234701866801e+00,2.040477805770103181e+00,3.878037672327566909e+00
9.455061008357716901e-01,2.210644217196157779e+00,3.123113650399099939e+00,1.128026330764916985e+00,6.989911048504219515e+00
1.449314146827134442e+00,3.038763430148957667e+00,1.936321469201099044e+00,1.656333941378865138e+00,4.472219009715835192e+00
1.554641307310402398e+00,1.760588364942332840e+00,3.669798028622162533e+00,3.465837780482694086e+00,2.283027868591864795e+00
1.139106404679977036e+00,1.616504922323594995e+00,1.932989166229969413e+00,6.804357362959017053e+00,1.010140130935166081e+00
9.419411293961108544e-01,7.791115734448117447e-01,1.445379581911437228e+00,7.158474024164479310e+00,3.731674464159295823e+00
1.890782903635182866e+00,2.223477117690684679e+00,1.745237261041167276e+00,3.455996047851810360e+00,1.681661910434733453e+00
1.693246525948208792e+00,1.559227258056757215e+00,2.340700314866686060e+00,2.967047890541226085e+00,4.873340613530690923e+00
7.363725842838969582e-01,1.905249022076902055e+00,1.451580161212863818e+00,1.933816558656032081e+00,8.682577767660285772e+00
1.505703506741561171e+00,1.363708032259113079e+00,3.747850874725587644e+00,6.334676308039187687e-01,5.083096513235079605e+00
1.536742857103505333e+00,1.361025734125637099e+00,2.213202059785802422e+00,3.176794952638354985e+00,7.168987172844913047e+00
9.287083035913772378e-01,1.371567838988659416e+00,8.816549444686674342e-01,4.900120311495983039e+00,7.607286487957592769e+00
9.391683993397943464e-01,3.254232644326907842e+00,1.614331388942126244e+00,2.439728118270168444e+00,4.890758470889648990e+00
5.118437668892777959e-01,8.770694912444463309e-01,7.602854571819249729e-01,7.413906534900026379e+00,4.794232310722167156e+00
4.903994185940956374e-01,2.493286702179730252e+00,2.260830775826653927e+00,5.824686667485681646e+00,4.194795987168115303e+00
1.480485806532524595e+00,1.605118752560307893e+00,2.233439448316453912e+00,3.355093684653239983e+00,6.844006394049521269e+00
5.353007806344207697e-01,2.937563549825836784e+00,3.019407330549768176e+00,1.386078055772893558e+00,6.455873472469513707e+00
6.738635219185020730e-01,2.882320626511189143e+00,1.735141239341714936e+00,4.721368335032268604e+00,5.192358452898103494e+00
7.646464417091487498e-01,3.022100963047201994e+00,2.682658066831439037e+00,3.062181528344577686e+00,5.398327294014425348e+00
3.937066411994926129e-01,8.678088792002252028e-01,3.030315306049738755e+00,1.273911951460755532e+00,9.042455203453600987e+00
7.747014973215468059e-01,2.382128351078695250e+00,3.430808688538224516e+00,1.908549788813787895e+00,6.749064108173200793e+00
6.057864744647942778e-01,1.106252444157572734e+00,6.621741200107598146e-01,7.775586397146199147e+00,3.246170198362188675e+00
5.877729451906946734e-01,1.067928386069166180e+00,6.418721975811069180e-01,7.466599181865374746e+00,4.301379156364251166e+00
4.569380771690075838e-01,1.502295910095122089e+00,1.981647084811896109e+00,1.060730310168628066e+00,9.276491675939128712e+00
5.980080795299169694e-01,2.391290640584928351e+00,3.655880729719796385e+00,2.327039672462567488e+00,5.848174833649975035e+00
4.030318290707008422e-01,1.021697731008272658e+00,2.945266891854867009e+00,1.273230799678262803e+00,9.041774051671108481e+00
1.069442563841144000e+00,1.823175327320886163e+00,4.342317504241835380e+00,1.886435854401228740e+00,5.080363113396249908e+00
1.611756218033902677e+00,1.178034420105285918e+00,3.838949587548952991e+00,6.804390815857204178e-01,4.889785706057474535e+00
9.784694865624792293e-01,3.821266726371580713e+00,1.703526172634526992e+00,2.658106329888720865e+00,1.966773456318984481e+00
2.036926234929969937e+00,1.474987788063331307e+00,2.329979036671828485e+00,2.666211791412655518e+00,2.220320403632276562e+00
7.247163381168413299e-01,3.593914772551231707e+00,1.752256718781138201e+00,1.582720488343329457e+00,5.421991177462158085e+00
1.030910327634018131e+00,2.164270280042679406e+00,2.257721676049683435e+00,1.460424933042903994e+00,7.782047724468778682e+00
5.167494823188035769e-01,1.391074300203146041e+00,1.968714020727343028e+00,7.235203772647216702e+00,2.446781771030412944e+00
4.476753818679697905e-01,2.783844136866057806e+00,2.769529324159496042e+00,2.987839312537100334e+00,6.440741184662265084e+00
1.472174644381825104e+00,1.347828395454935713e+00,4.249367957685973529e+00,2.376187721310524914e+00,2.767475772886513585e+00
1.166399949948015768e+00,2.821356222233439404e+00,1.716098097769465536e+00,1.369138048012682685e+00,6.370355775279094246e+00
9.507899278163314261e-01,2.451176201097719609e+00,4.299052768988919304e+00,3.491887161256603811e+00,1.689442500874182240e+00
1.032907276364065652e+00,1.758475692075921248e+00,1.784259912488700417e+00,4.899832760453245228e+00,6.904065565591434250e+00
7.975792632876358423e-01,2.685539083359881563e+00,4.152036909316342950e+00,1.670178795184936282e+00,4.664300647834217273e+00
1.241984388646170112e+00,1.991709880138764932e+00,1.506508425830569653e+00,2.516436328316093096e+00,7.995646155616507933e+00
1.779956809197880130e+00,7.636755007697778597e-01,1.337277086270184823e+00,2.465889190459019442e+00,6.410412171442510854e+00
1.502282894048310835e+00,1.700182747106924408e+00,3.121171670851821567e+00,3.135467489413821252e+00,4.893232002280519133e+00
1.136334109582609608e+00,1.979860976899041614e+00,1.812611717994076388e+00,6.232552742951890323e+00,2.694103625736564034e+00
6.036534236781188056e-01,3.843860570666264742e+00,1.830779444332827577e+00,1.690590059117626609e+00,4.126226753793885926e+00
1.484956090493712244e+00,2.539915558963707021e+00,3.416907112362419063e+00,2.636780980698304688e+00,2.108212536893457223e+00
8.985198279536739108e-01,2.410387937331636810e+00,4.002825231182089105e+00,3.660550802258821790e+00,3.385197942566514850e+00
2.034470545505743466e+00,1.120542265377920899e+00,2.440913244860933862e+00,2.286906648937220954e+00,3.743277320876553738e+00
5.567736420659489260e-01,1.070074329277310277e+00,6.146073789466853787e-01,7.910446919271064026e+00,2.199073323207043185e+00
1.014780436555418719e+00,1.461342900881761331e+00,2.432622893347856863e+00,6.604738631457322207e+00,8.682619870446256494e-01
1.659338109078744461e+00,8.344607815139000184e-01,3.815602786618025988e+00,1.789815422186171734e+00,3.606402606149422319e+00
9.498198318077504254e-01,9.997313683429018827e-01,3.558355657740416955e+00,1.906011140013308180e+00,7.598141008364354576e+00
5.104440592476245930e-01,1.732484289152207424e+00,2.571897761615149935e+00,1.062339312062039243e+00,8.772072888868944318e+00
1.771633827722041143e+00,2.006599649118649076e+00,2.375586527842711071e+00,3.557079575210337019e+00,3.205449065213402005e+00
4.917681738318439022e-01,1.721530756141315344e+00,3.091155387501827168e+00,1.494893560428619761e+00,8.195094280782006635e+00
1.528900428968303693e+00,1.573390356100160314e+00,3.504969207668578779e+00,2.086472592338494803e+00,5.539497444192071463e+00
1.084507250941218581e+00,2.432283291651092583e+00,2.799333975119946860e+00,3.357893190543621564e+00,5.384423959521659420e+00
7.092134147951281165e-01,1.107404295517109505e+00,3.242465015723448474e+00,6.968730635595149714e+00,1.080077505688177286e+00
1.295571255205633321e+00,1.180701301667319569e+00,3.514876977133973401e+00,3.894158421991162466e+00,5.104235959449287208e+00
5.211067519046185259e-01,1.210203264304950288e+00,5.601305989413420505e+00,2.933801649956128799e+00,2.737002298229179953e+00
1.322358444467988114e+00,2.223368218212403047e+00,3.372681574292960338e+00,1.629396684370225223e+00,5.629227185432716496e+00
1.205353979753112093e+00,1.707326987220351588e+00,7.606103152529242184e-01,5.168968933848651304e+00,5.670331999231206233e+00
1.358271351895520063e+00,1.746316440766420008e+00,4.303710087889224489e+00,2.838797949806027177e+00,2.389021015429259265e+00
7.612180872854863445e-01,3.562247232385030493e+00,1.661445527129674415e+00,1.519810537814072493e+00,5.399822006853318257e+00
1.049391037200364085e+00,2.591637228247004821e+00,3.461012022745538541e+00,2.596504872667446673e+00,4.895782184399423365e+00
1.351710110326647563e+00,2.744694240991354839e+00,2.882249768254435018e+00,2.503578411343550414e+00,4.302272298706279585e+00
5.839403449934172929e-01,1.606407778729977309e+00,3.809511601376990075e+00,6.073481046481884249e+00,2.838034486226709507e+00
7.138026068500831212e-01,7.161791872701921413e-01,4.532262988145122407e+00,3.727160132861990327e+00,5.573263277081748512e+00
8.086020609984860830e-01,2.997393303675908616e+00,1.443947888306576832e+00,3.546278150900638249e+00,6.220335820038896735e+00
1.015318259297556924e+00,1.699041330981949649e+00,3.993786803931712814e+00,5.247761665856075730e+00,2.221952416487041670e+00
6.869609598439964104e-01,9.696385224105340539e-01,1.134323780594501674e+00,7.584802621050227067e+00,2.071597623775758734e+00
4.977070651444570615e-01,8.350089167017605840e-01,8.297971817086570168e-01,7.847970857552305723e+00,3.243911643761769437e+00
6.800057987629948286e-01,3.536096291848058737e+00,2.285655856389658069e+00,3.335293163863647603e+00,2.464617835949331592e+00
1.285840331780205181e+00,2.191531311651510272e+00,1.501817280234851060e+00,2.531386423632033367e+00,7.065873883131836841e+00
7.550836772434887934e-01,4.702391548847637548e-01,2.336132928193473735e+00,3.247712819045518895e+00,8.545005112627496402e+00
4.414314361225736283e-01,1.478904714574788892e+00,4.948961002752319871e+00,2.125067557777569949e+00,5.204815550398942392e+00
7.764779048698502439e-01,3.628962808110605121e+00,2.754488457117524547e+00,2.138873063908079075e+00,1.898441663461265083e+00
7.044839299011667055e-01,1.059464661187511592e+00,4.156222817645292444e+00,6.149775227582047421e+00,1.675666091242884903e+00
3.165679010304450758e-01,7.979905462508668501e-01,4.342356655996955639e-01,6.275279054625046982e-01,1.010310045079277330e+01
1.118745622969004483e+00,1.878002887770079621e+00,1.916149256389211963e+00,2.020668005869638240e+00,7.936719359512367511e+00
1.272034008713769371e+00,1.256276648696646125e+00,1.044791864013207894e+00,6.988772037708458562e+00,1.211730485095813936e+00
1.239069770347191790e+00,1.917607960259840594e+00,3.768957192651031018e+00,2.150001628117183206e+00,5.547691882357023374e+00
4.431361252293456454e-01,1.241813921596944148e+00,3.062772324151425529e+00,1.429207742334593911e+00,8.713447206880818641e+00
3.660416476585434120e-01,2.341177813108819450e+00,3.038648512012683600e+00,3.129640710673686321e+00,6.907532799554797265e+00
1.121125972110254221e+00,1.592161221993057874e+00,1.473019398038693639e+00,7.159853604707943298e+00,1.260309288633963298e+00
1.204013427466201325e+00,2.020151324005580395e+00,2.892914556586207553e+00,3.594899192171312041e+00,5.297491339740902916e+00
6.325452628895522622e-01,4.770858126253493259e-01,3.432006084153301106e+00,6.520837084300300290e+00,2.918535850810756394e+00
1.049966906503684516e+00,1.727844954312610648e+00,1.709335698884075994e+00,5.296440422491830446e+00,5.680629668224283613e+00
1.337790007491955979e+00,1.893716289300122035e+00,3.092099104166118106e+00,2.723877460600037992e+00,5.704686581985898286e+00
1.518732980027224011e+00,1.053211006424383145e+00,2.120716198816596343e+00,1.736396287219057477e+00,7.715555738915873540e+00
6.970086656876020026e-01,7.966365229549445814e-01,3.992047341149390860e+00,4.992457237239593226e+00,4.744363646521047251e+00
7.306186175019637741e-01,1.409625755643783229e+00,1.040019301390179507e+00,3.577982177023445232e+00,8.747058810393781414e+00
1.101255945991598484e+00,1.716712947428028491e+00,1.544212038059990411e+00,6.552530725456618299e+00,3.026804425209893346e+00
1.046185297432113526e+00,8.958242424214034605e-01,3.091492880755892791e+00,1.425616337602306771e+00,8.406331516125634451e+00
1.330765269902633996e+00,2.330020138731413226e+00,1.494555858431719120e+00,5.497608744562417549e+00,1.349107601528174438e+00
1.065349529144817176e+00,2.232346001350799192e+00,1.308127203464440891e+00,2.011054388010192984e+00,7.774992328650784934e+00
8.596669338106311953e-01,2.458547979925193694e+00,2.675927427804622560e+00,1.838702131445076215e+00,6.812553756375414160e+00
6.802508751839728696e-01,2.291762572813048848e+00,1.128529488425239480e+00,5.414585534434248615e+00,5.783646858263552737e+00
1.296333102153694128e+00,1.945310160379762898e+00,3.162949509558659944e+00,1.444369328344157211e+00,6.538683887113613480e+00
5.711623628926448815e-01,3.372075134114360662e+00,1.631919526626791850e+00,1.510736459734305370e+00,6.351793012450196230e+00
3.761784862593323675e-01,1.600492422947284332e+00,3.395435488802278190e+00,6.751220400225030893e+00,1.465471368621268144e+00
1.263913174794413674e+00,2.182603237817143160e+00,3.918273365058641655e+00,4.361633238010712788e+00,1.071669189112203213e+00
5.617917464664470284e-01,1.347381633749722196e+00,5.801376963813797083e+00,1.781769748508835516e+00,2.749436504870149456e+00
1.074512759649424609e+00,7.820692009872998174e-01,3.684767247977140059e+00,1.563995510775965769e+00,7.360970260516422670e+00
7.532948581600433791e-01,2.630339489266142028e+00,4.033514597762818177e+00,1.626142943321543299e+00,5.186446461041080092e+00
1.796995213865625107e+00,1.032776612624029422e+00,1.462779950577182575e+00,4.960801569443736625e+00,1.515848776778794482e+00
1.455560989746667477e+00,5.757246116501864019e-01,1.319997522631994880e+00,1.648659048795008797e+00,8.359298323307253753e+00
1.379336650717067236e+00,1.764135858229324061e+00,1.439452527643909185e+00,1.812105029637245845e+00,7.681038907472313326e+00
1.897784140184177293e+00,1.768058271121228042e+00,2.003360068080668910e+00,2.184097000391904686e+00,4.429213137269098155e+00
1.084241438598387841e+00,1.546829259499502784e+00,1.181835829297419593e+00,1.910933583465943775e+00,8.876869002586454727e+00
4.688018322398089799e-01,1.310127311817622431e+00,5.296316283985557760e+00,2.052498948275981672e+00,4.875971042823592505e+00
5.286907283484687525e-01,1.044356364370346846e+00,5.867909246956573011e-01,7.916244850257562859e+00,1.919629801152435311e+00
1.283358686676092653e+00,3.261025562281858026e+00,1.939069930799378616e+00,1.553962311545219466e+00,4.585282640437017498e+00
1.374827560766148427e+00,3.114983007568502327e+00,1.995662769051580909e+00,3.495006324701876999e+00,2.857530256533436397e+00
7.968155504979301806e-01,2.788108116396746716e+00,3.614626685656419092e+00,1.286494738925757941e+00,5.627365370426182345e+00
1.026564363620253051e+00,1.639693391427141433e+00,2.704011766494956781e+00,4.675199473242765080e+00,5.668756745467877778e+00
1.225382152802012570e+00,2.413454577655429034e+00,1.273779772107903607e+00,5.887868008396832664e+00,2.250753331336398766e+00
9.206908384383256649e-01,1.640806883513202585e+00,1.173527236584054334e+00,4.283324878264443747e+00,7.960723680304218952e+00
2.039283601292727788e+00,1.479479649588289591e+00,1.717228271143042884e+00,2.257040816789714466e+00,1.218870163452654642e+00
1.387717231655370975e+00,2.108899930581292104e+00,3.066236389635276893e+00,3.307457170583107953e+00,4.590937214428662649e+00
4.898115789944075260e-01,2.935554590575704115e+00,1.322487696001260371e+00,5.753535251056946187e+00,2.132542156726608962e+00
5.430951593676007771e-01,8.786941606509302005e-01,2.452593607330977754e+00,3.734718043911267493e+00,8.542458362527796112e+00
1.717844360457302821e+00,5.452120128362818452e-01,2.154498095122667323e+00,5.266382643452760526e+00,3.586545239618479375e+00
3.402229697549926102e-01,1.337234480452690777e+00,1.003917757742441630e+00,7.836066809274379708e+00,1.848765399696481015e+00
1.855455126411889477e+00,1.628255500893906138e+00,1.478204667532619254e+00,2.593821746410645002e+00,5.426088902149571958e+00
5.061180181685125401e-01,3.866038574845746201e+00,2.022784685573573160e+00,2.014376257376455648e+00,3.287180102256670899e+00
1.518591346803446207e+00,1.760241190006821554e+00,3.524090685140136792e+00,2.843330827443706799e+00,5.424493850799764871e+00
1.117461681741225954e+00,1.803908204120073133e+00,3.395726347806876433e+00,4.056977958610199941e+00,5.061951864058542583e+00
8.478110719192386568e-01,1.336977937148215334e+00,1.312475161482277830e+00,7.263152935852313696e+00,3.539878828319067416e+00
1.234896175607706814e+00,1.826608304698610130e+00,3.044700817892763922e+00,4.836491605869364996e+00,3.150255704122570943e+00
9.159927527253851620e-01,2.197683036486984598e+00,1.771949347297286925e+00,5.480898021232119000e+00,4.382363856515323342e+00
6.999828679490611716e-01,2.849351894162725163e+00,2.229912877252100856e+00,5.934447127426619062e+00,2.074362915249987616e+00
5.122260280920781783e-01,4.044499335788418470e-01,2.596218403497154270e+00,5.850835806262437266e+00,6.096448602053964549e+00
4.902526532279124494e-01,1.227417639273257866e+00,4.438324150259744805e+00,1.499508825581062688e+00,7.122515633620368547e+00
5.206143320531270158e-01,1.799310637266780200e+00,4.362002529666018091e+00,4.952815112967738465e+00,2.772551932157147458e+00
6.104220900893130297e-01,8.523094990969259932e-01,4.368477914077459445e+00,4.132379879538785161e+00,5.570199322046111234e+00
6.653971688922993843e-01,2.858635800046335440e+00,2.295981074841148661e+00,5.864879638106785364e+00,1.122484227533041778e+00
1.283014181878470383e+00,1.869939334847482648e+00,4.761032228832078772e+00,2.255370967817790451e+00,2.196265766021396004e+00
5.678793466982120508e-01,1.120651958679823146e+00,2.217439544261436968e+00,3.735451580757349621e+00,8.362938788577160665e+00
5.903896313241248084e-01,3.536400261506498666e+00,2.130949891349852354e+00,3.785086891562320588e+00,1.222146405849467321e+00
1.260022800844468049e+00,8.663886389654915643e-01,2.157151084654600925e+00,5.186845617171776723e+00,5.688208682554331652e+00
7.384057924654023886e-01,2.715821044121494499e+00,4.624958908680487646e+00,2.195158114721839748e+00,2.278873861902078968e+00
7.742083042512406532e-01,3.707030521903056375e+00,1.617953405863905125e+00,3.742987071017682243e+00,2.151215093883303897e+00
3.729898143479725703e-01,1.461581511923139232e+00,7.493238933693550097e-01,7.844963393344666081e+00,1.877124297274351150e+00
6.321361247527448324e-01,4.929276318719966188e-01,2.754635416608177678e+00,7.500019114595728453e+00,1.685942583949134876e+00
1.067299698278398878e+00,5.177262021569085659e-01,1.123321483495260287e+00,4.490839122577241938e+00,8.043199406971302423e+00
1.410826024756683950e+00,2.296885335631325020e+00,1.477666633352559433e+00,5.731280080172582281e+00,1.165510089921306669e+00
6.450104265244887003e-01,1.238652078165284776e+00,1.843640340552484824e+00,5.134510642195528440e+00,7.296320725504569893e+00
4.258647373630660704e-01,2.895122246739451732e+00,2.939068949121034890e+00,5.003248561386368642e+00,1.847616037766899089e+00
6.508609556769482385e-01,1.690917339445793477e+00,1.271012626817151325e+00,5.242531324229617873e+00,6.801658113261230376e+00
4.618090330726404291e-01,1.234259935738116321e+00,2.562917449443382623e+00,6.121177742894475138e+00,5.313200511240014023e+00
5.158216176573638956e-01,1.512672298109819513e+00,5.304956311814324366e+00,4.137157610648605655e+00,1.736929025450946407e+00
5.221216879716584769e-01,1.220602953939261104e+00,2.132273666661168132e+00,3.637960071296079789e+00,8.109283076444228300e+00
4.430257478696037476e-01,1.310879129269733490e+00,4.835943915377105995e+00,1.895369395439901128e+00,6.022336737694392816e+00
5.555496039001404096e-01,5.031230182112158555e-01,3.083275492500590076e+00,7.054889422112735176e+00,2.382733224876261158e+00
4.813975633076114091e-01,1.609085236360006999e+00,3.070457773095097043e+00,6.975799023368473684e+00,9.940659081782288187e-01
4.653676948330178753e-01,1.187343559480293020e+00,5.114301951508024580e+00,1.981730459410770084e+00,5.608662323895175383e+00
1.247373931454250462e+00,2.218490919509387815e+00,4.247167427636754589e+00,2.827401511833502745e+00,3.523267120259950147e+00
1.056432214850004048e+00,8.257325084730011699e-01,2.392158760476960744e+00,6.444901051191777697e+00,3.254801833928441912e+00
8.557106830714263923e-01,1.852796108938845387e+00,3.167790103234134236e+00,7.391439621094947343e-01,7.453539802985975626e+00
4.635579367662775452e-01,3.793431738800288611e-01,8.760408251468961849e-01,7.499027961179195678e+00,4.321299746547926368e+00
9.734518271342075257e-01,5.994805938243890076e-01,3.220784346869505654e+00,1.498796786134783510e+00,8.378770563448689757e+00
7.659627607519544634e-01,1.026951641777984481e+00,5.560784043412537514e+00,2.441345411210290806e+00,3.646353266230025980e+00
1.019379629474417293e+00,2.396547635994159098e+00,4.085994342018686609e+00,3.873333818322246991e+00,1.275310744688646913e+00
3.890194925471452958e-01,1.648311663653931003e+00,1.420525336176085673e+00,7.629560089945356616e+00,1.706914628265909339e+00
7.117644091170458598e-01,2.789003100723543405e+00,3.751654511981090678e+00,3.313844450320943658e+00,2.696864946019698728e+00
9.055957465443464915e-01,1.389171576625656712e+00,1.982474974789241617e+00,3.223937264475794429e+00,8.424013168260341189e+00
1.534067933744826417e+00,4.472619321474024523e-01,4.254172314224673457e+00,1.401696646540022906e+00,4.335078577374455122e+00
1.406226523510703430e+00,1.554506604946584325e+00,1.502899545134191772e+00,4.030218868131192345e+00,7.456599805318933960e+00
7.270661013915193926e-01,5.074248087611685776e-01,3.356496211841283106e+00,6.386219803896546310e+00,3.440557127311528518e+00
8.684319979013108703e-01,2.529676610691959482e+00,2.818069767155154004e+00,9.934425711189934782e-01,6.727326594654408076e+00
1.105681480438546860e+00,2.018611017829323284e+00,7.904311888789425922e-01,4.899154198009301631e+00,5.644089022539842126e+00
5.237240926215408487e-01,1.956304581780748952e+00,2.151467801583325734e+00,2.210761091001486101e+00,8.591528963535044028e+00
8.660411827047903577e-01,1.720984249347497386e+00,1.180518193770115687e+00,5.775956564819736627e+00,6.329216559270363973e+00
9.254148593529913924e-01,3.717308146835299976e+00,1.691383672506054037e+00,2.352224584503104676e+00,2.510589546186913879e+00
4.638910462095364728e-01,2.830274912295521084e+00,2.785417400712711267e+00,2.215677777691165140e+00,6.112949535212192309e+00
4.189905242796712059e-01,7.639083979536267499e-01,2.951791122536478351e+00,6.934229015689916231e+00,2.710533424234197852e+00
1.418106434854526476e+00,3.000957239164677492e+00,1.565339089909939307e+00,1.361750540286619016e+00,5.301166576168841793e+00
3.911523316265594907e-01,2.125251298668655586e+00,8.649509720885764086e-01,7.169372253067399114e+00,2.617092067471102013e+00
4.090219024706636120e-01,1.069530601076126297e+00,3.222753669554300870e+00,6.637415110690350062e-01,8.739176999433071913e+00
3.474179376343302650e-01,9.719561979142788966e-01,1.848174601241797443e+00,5.066322978250997977e+00,7.454594514478833034e+00
9.938752837294093645e-01,5.661896493752452963e-01,2.908571069381001628e+00,1.984464900809270071e+00,8.156972186043073947e+00
7.830560561796862107e-01,3.016153709662211746e+00,1.445634479395684791e+00,3.547964741989746429e+00,6.222022411128004471e+00
6.576216888063852739e-01,2.493413040175621820e+00,4.860517749148626443e+00,2.154505395956646030e+00,2.223086824293846409e+00
1.715333467692131020e+00,1.079882148718464663e+00,3.945172829386871971e+00,3.177165360923868143e+00,1.558102525841261965e+00
1.394263366382111125e+00,5.256971237700824862e-01,2.870537633705784852e+00,5.756158857887125002e+00,4.162476868569477517e+00
9.433374647457926088e-01,7.634556526822748879e-01,1.472720932537260774e+00,7.623507290548102056e+00,1.638768048895632878e+00
1.113953755322134809e+00,2.552796879381937778e+00,1.636385256790648279e+00,3.060691002207506450e+00,5.746920801130277923e+00
6.545712159993467560e-01,2.599153328677324737e+00,1.209941679579622065e+00,1.049946443215238556e+00,7.536866194608649039e+00
7.131079652199273644e-01,2.403986966044001417e+00,1.273122239996606675e+00,2.074894301995891865e+00,8.059656508985657553e+00
1.393557024093861507e+00,2.990278103490867423e+00,1.274904987846176674e+00,4.002272891192798276e+00,2.639042413959095779e+00
1.238271217513267519e+00,7.892896296388909327e-01,2.267651707641379577e+00,1.808197776598712725e+00,8.134452055295447792e+00
9.382569821981758817e-01,1.669663538450596452e+00,2.110925905451805029e+00,4.416174774174505657e+00,7.298248545220138439e+00
4.849908752997276196e-01,2.211217404357680660e+00,1.175796229871449050e+00,6.534786777997860341e+00,3.760753971826928055e+00
7.844682980116006732e-01,1.844984967065877557e+00,2.872264356870138702e+00,3.573718958535788026e+00,6.703532776906732771e+00
6.795971361199706351e-01,2.612315155904675112e+00,4.168583936299188331e+00,4.140090729084689336e+00,2.314920871135399683e+00
6.581651820092740968e-01,4.883053730559823169e-01,3.716942756894219713e+00,5.891211104380596808e+00,3.782032805801052167e+00
8.143400735596768580e-01,2.387303626821194680e+00,2.991991032307118381e+00,8.573090448630735771e-01,6.818099383978900363e+00
6.157547293471923311e-01,3.617476420843523499e+00,2.147470817986579572e+00,3.568892541471330393e+00,1.168057552107124586e+00
2.064517555544600924e+00,1.346119363085741760e+00,2.190078727851692442e+00,1.626236457257034917e+00,2.957088567267076584e+00
1.334743067396943150e+00,9.454954841225409190e-01,4.554644100982804034e+00,1.900270465094407779e+00,4.336414060390568537e+00
1.527812976483976293e+00,2.986164167234836242e+00,2.302155514894529187e+00,1.929124077592100139e+00,1.237148188957564177e+00
1.059379199513448722e+00,9.823400754315310124e-01,9.317359275887953096e-01,5.813596848176977971e+00,6.841311980455365038e+00
4.290093151540895766e-01,7.635338096274713049e-01,5.968715835883624976e+00,2.020564914723571359e+00,2.748714463881686054e+00
4.942143657152221481e-01,1.650115140347001130e+00,4.750744475848224013e+00,1.600001428667735093e+00,6.104750555792677780e+00
1.639598655825315277e+00,1.029219889472294813e+00,1.937920980450031916e+00,5.581904302217768787e+00,3.150753120944796759e+00
1.483613205473989005e+00,2.375501130156642660e+00,9.607178952721149301e-01,2.076100652380411749e+00,6.304508597941375747e+00
6.554304941521893468e-01,2.572154956105154433e+00,4.374201845080647466e+00,3.625751502301815865e+00,3.300783109561195694e+00
8.104761842236741787e-01,1.709459986938869136e+00,2.193538054663369152e+00,7.044626736663530231e+00,7.663522742666439846e-01
9.675142445313151818e-01,1.719119956350403156e+00,3.959270746652137518e+00,3.404203622289344366e+00,5.871988943267241190e+00
1.751011998897532784e+00,1.188869477051985868e+00,3.546020819543064917e+00,2.425533844169252440e+00,4.040495490048805927e+00
1.332016424551940359e+00,3.025739165170820755e+00,2.133029855395476293e+00,3.833325052473207428e+00,2.172132378286485643e+00
1.008707058396457024e+00,2.690806085246671753e+00,1.279803044477520801e+00,5.518716779917324899e+00,7.360581240333046171e-01
1.464544522743933985e+00,3.053775740841596420e+00,1.814943583830178397e+00,1.672653280010441890e+00,4.111294850349234586e+00
1.264535734127628874e+00,2.905185294163764365e+00,2.114896087755266940e+00,4.238268935684359917e+00,1.263444184568880857e+00
1.297925525513890621e+00,1.489112725627038447e+00,3.536737129415248759e+00,5.393990862396326413e+00,1.925564229743155664e+00
3.601116729590842502e-01,1.635842705315766032e+00,2.059925415775928581e+00,6.057479698891215847e+00,5.539517385276126582e+00
6.422318125312871384e-01,1.165307808169313564e+00,4.339635273090709511e+00,9.497113421897108720e-01,7.262671657526871272e+00
6.925303044174706546e-01,2.890135860134752654e+00,1.353094801487273680e+00,6.036039684319654874e+00,1.426744727067033036e+00
8.284082913487810229e-01,1.809186509966331347e+00,2.616497373496266654e+00,7.268484125553891229e-01,8.082854660293923743e+00
1.028258877460853871e+00,3.471013238952573854e+00,9.584116082386051616e-01,3.754592542583822468e+00,1.212130542221588669e+00
9.366446569511273079e-01,2.692525756560906203e+00,2.495186843703155244e+00,1.028492704367351962e+00,6.762376727902767115e+00
1.186682154664373989e+00,1.678918987849953304e+00,1.116269822928352085e+00,5.167996461650501416e+00,5.669359527033056345e+00
3.721131552001502030e-01,2.423674536367050436e+00,3.148132918222687149e+00,2.636225780969212895e+00,6.943626654025420564e+00
7.523711859824155912e-01,1.197878028545279916e+00,4.799828106580081410e+00,1.570413326039624469e+00,6.079557183327553460e+00
6.668683902236937078e-01,2.518327291470197959e+00,4.809499079630514373e+00,3.116338488480356883e+00,2.058419812881769229e+00
1.381928263266215762e+00,2.746820222691239710e+00,1.442467545418473218e+00,4.964473830568667978e+00,1.163018058522074405e+00
6.200358395660601207e-01,1.052935843433466800e+00,7.123856689853996782e-01,7.834081173432621448e+00,2.249477537439074304e+00
1.001428016974041046e+00,2.153767137072654325e+00,4.584010250708556278e+00,2.357979922181846710e+00,3.833999919958593239e+00
6.901416428378921442e-01,1.003968560368910801e+00,5.801158548818736271e+00,1.742966844031292206e+00,2.718657966498465584e+00
8.542405935584358456e-01,1.248666346586021270e+00,2.309893599552042875e+00,4.316239210619514211e+00,7.136025753272734029e+00
5.418821421208858125e-01,1.589038101275146442e+00,2.971102487673383585e+00,3.208151456201085772e+00,7.629028123479756118e+00
1.422293443066526386e+00,8.638825875784759134e-01,4.316263269659036617e+00,3.211385879885070516e+00,4.436127752534586577e+00
3.017220794298137165e-01,1.200796226035553804e+00,6.057377323978684336e-01,8.667866202375641427e-01,9.995411305025653448e+00
5.838177003786984010e-01,2.278594717176273488e+00,3.109083436123297073e+00,2.805146266662938981e+00,6.595049477451300213e+00
8.064553795572190209e-01,1.782032826744374132e+00,2.371281982995765869e+00,3.523495171755545385e+00,7.561795207006856145e+00
5.542125313444373758e-01,9.096373020131585108e-01,3.635150499531697221e+00,6.561154764174096599e+00,2.159038469442978503e+00
6.511996562872605088e-01,4.912761171275927263e-01,3.838327374001110570e+00,6.127845959198719328e+00,2.910403217917489016e+00
4.056305167100885400e-01,9.996152541984262285e-01,3.277643785613615801e+00,2.912068224998202393e+00,8.172250743345717439e+00
7.379721835157069254e-01,1.006730651619719197e+00,1.448615905174307938e+00,4.759067224529517581e+00,7.868314451834053536e+00
8.873765668592409339e-01,1.682366529753732687e+00,9.718781684953403666e-01,7.162057416953663491e+00,2.594615118287866284e+00
5.579099329552479336e-01,1.313783474614405700e+00,5.234512516853994768e+00,4.158647833595757071e+00,2.630447775598939053e+00
1.541240156531385352e+00,2.143327448378278710e+00,1.434676176101000955e+00,1.965000579587388163e+00,6.248495846508530960e+00
1.207795705362033623e+00,2.017613096228483283e+00,2.333432817554820904e+00,5.665084143445659137e+00,3.780906674580906568e+00
4.714257652966948320e-01,3.031364093742161092e+00,3.817652461755241422e+00,3.350040603464078171e+00,3.216304238450411468e+00
1.399147156351223886e+00,2.433255523263736730e+00,3.329922049753918589e+00,3.076102413066939434e+00,3.140667888107099071e+00
1.896405409802455200e+00,1.383643978516867268e+00,3.122334850421471408e+00,3.619185929896608478e+00,1.233218109376228888e+00
7.422041410705501052e-01,2.891174829182802331e+00,1.379821402387491291e+00,1.910163684152634156e+00,7.406188243211603073e+00
3.204097644142095969e-01,1.165384986105602483e+00,5.485611659745176505e-01,8.332259508809352067e-01,9.943766402010302485e+00
1.006307342227202861e+00,7.188927928004269496e-01,1.799770685876767251e+00,3.647080136962629116e+00,8.124816002982043983e+00
1.093760939869998561e+00,1.544080982727384255e+00,2.551116864408455420e+00,1.358564475798169857e+00,8.469810307377741765e+00
1.203611532097829784e+00,2.053052528825036305e+00,1.618067566202020746e+00,5.895720820026023823e+00,3.577703558170790110e+00
5.741595638433864002e-01,1.660307803243045610e+00,1.875179294964508969e+00,5.190932644508736260e+00,7.320939325357626259e+00
1.094107929048302674e+00,1.624059273492072464e+00,1.233370137304945269e+00,2.310103031165619214e+00,8.293426075617768234e+00
1.418392615068140961e+00,2.529874648377175905e+00,1.600578663947313185e+00,4.562331017766377173e+00,1.331205615238741036e+00
5.816610122153552664e-01,1.561498569695415561e+00,3.818608430538663168e+00,3.047497805387668901e+00,7.101082848071288645e+00
2.726257343512515918e-01,1.523391353616947219e+00,3.008734898837977401e+00,8.576550008276959680e-01,8.535242725903524175e+00
9.100891157633501649e-01,1.527120396991670459e+00,1.534174382736891884e+00,3.104888671704946645e+00,8.633806965123062227e+00
2.032931730379784696e+00,1.746270487836787844e+00,2.655156616543314030e+00,2.030341704605110209e+00,2.085780248646873503e+00
3.947162655832626155e-01,1.732434623175201027e+00,5.543333004591237234e+00,2.995606139423277359e+00,1.705599820888481721e+00
1.829493312871519617e+00,7.425594993196523719e-01,2.318636097648958838e+00,4.379926810890996336e+00,3.573058342592998038e+00
1.226602003109928063e+00,1.153425640295015153e+00,3.264767004081821078e+00,3.945347218974259551e+00,5.834377133946904159e+00
1.253643692808783960e+00,2.340142910393884002e+00,1.418270473438756119e+00,5.879361617811182050e+00,2.270952657884331760e+00
1.195349107908639796e+00,3.465846423962097855e+00,1.628138040130717501e+00,3.387842557595249993e+00,2.177695728542979658e+00
1.592498931226864256e+00,2.796223758148972838e+00,1.297026611213849101e+00,2.344348862365341457e+00,4.468100758178543686e+00
1.249239901615515791e+00,2.055094471936242506e+00,3.404023485833558738e+00,5.159706085699160560e+00,2.410470916712021516e+00
1.758950766697970902e+00,1.818179471664032931e+00,1.558882300578751989e+00,4.699713941758416169e+00,2.087133697761058393e+00
1.567814448048025833e+00,2.345523558239784201e+00,1.646974186408024066e+00,4.609065280509253348e+00,1.366764579264856394e+00
1.574231650941394278e+00,2.345165586296867222e+00,1.692397718788779093e+00,4.567866479810761327e+00,2.463129274876096897e+00
9.449237668918538668e-01,1.379183528311578755e+00,2.019081913666911365e+00,3.687914172189527218e+00,8.036520580459654894e+00
1.452166949025551990e+00,2.470418593198359769e+00,1.515875787415511544e+00,3.765517999595930920e+00,5.000614316218211286e+00
1.443604680453124400e+00,6.986401394843171353e-01,7.351379461758976719e-01,4.488893102576415828e+00,6.344073169168570558e+00
1.289381789228245978e+00,2.269643030028589692e+00,2.604335236619071736e+00,5.304034593020158894e+00,2.748037966318326752e+00
4.911081487123910017e-01,5.548529288178289942e-01,5.766643886900323146e+00,2.816537791256027212e+00,2.955667595518911561e+00
1.803333446196081269e+00,1.432967217076726918e+00,2.287356567226815685e+00,4.192279126896546693e+00,2.767608732155482976e+00
1.159105530321933086e+00,2.146531155249185918e+00,4.129676623386290935e+00,1.108336195303910587e+00,5.473323977277715358e+00
4.549198307476908787e-01,1.760960051790330549e+00,8.814929625174199312e-01,7.726968593431856824e+00,2.108299933281286620e+00
1.227484070921279535e+00,2.455636937048631729e+00,3.806221540215469545e+00,3.959153453877627626e+00,1.068205820424493968e+00
4.540825405034896178e-01,1.463962476521450951e+00,4.782636574639763438e+00,4.813480786210065254e+00,3.707546326899987310e+00
1.423391109245747188e+00,2.401436754552285890e+00,3.100210502504353371e+00,4.710944140800771507e+00,1.468643439556374997e+00
1.872813967590366557e+00,1.214467144329340886e+00,2.431383428567643445e+00,2.353573973599559110e+00,3.968535619479113041e+00
9.798237967125624781e-01,2.845166098593177040e+00,9.056177992921099484e-01,4.794681734365852321e+00,4.879280567727611206e+00
3.807668659525023092e-01,1.786904937797077819e+00,5.296583505298547045e+00,1.225345988684743759e+00,4.096900969803855652e+00
1.983129814948756398e+00,1.652014754327579382e+00,2.116547155362015431e+00,3.045086961820822946e+00,3.844998229780706822e+00
8.272504391520486555e-01,2.599670285431654904e+00,3.895783459980673769e+00,3.601276112487005410e+00,2.465419701184442314e+00
8.275790432119873863e-01,2.688132525193233757e+00,4.364485520648413441e+00,2.034845896148249178e+00,2.595975392498300671e+00
6.721795733798170414e-01,2.692492128582467892e+00,7.852693428476963389e-01,6.489708651163478947e+00,1.255724321252022602e+00
1.065710366487344851e+00,2.664148169048507153e+00,1.020973357977341678e+00,5.627306592889435244e+00,2.072761118260398217e+00
1.403678231104759089e+00,1.765381629016328002e+00,3.334235289884668774e+00,3.292665706302301487e+00,4.202217154549376055e+00
8.659013178614910489e-01,2.025142655614627252e+00,2.293146288680582234e+00,3.221036531065464281e+00,7.614409219516293348e+00
4.204853410067513342e-01,3.693922883068707641e+00,9.732641766373775205e-01,4.163214370844804613e+00,2.168288396173978505e+00
2.628134029659124904e-01,3.446262195860597122e-01,1.562074232901312865e+00,3.390434089296996412e+00,9.187569015112012849e+00
9.894824017332599642e-01,1.198827065927863256e+00,3.070058570156344313e+00,1.159863772728523035e+00,8.327428910136241313e+00
3.661601038366890659e-01,1.237965765087823300e+00,4.827652232621863604e+00,4.772880780404502588e+00,2.740664811193554762e+00
1.933330719275738296e+00,1.620490132865316735e+00,2.544084567784238970e+00,1.817076041142419829e+00,4.367695596601231856e+00
1.878062795199499035e+00,9.637900258978508994e-01,2.900541324079200844e+00,2.815897537793045746e+00,3.783932745095545780e+00
4.310593821786906088e-01,1.026316038270138620e+00,1.998501800354067548e+00,1.020531503774067206e+00,9.659867925199860039e+00
4.842022096119434904e-01,1.431828134559515853e+00,4.507622779648715827e+00,1.394861771104511927e+00,6.755482371205870251e+00
9.842407177439423949e-01,2.611929407158985139e+00,1.214698043361907676e+00,6.257153658732057089e+00,2.029030412854354370e+00
7.189707629410730938e-01,2.638976637600702446e+00,3.876200322190378245e+00,4.291391976820681187e+00,2.005291050847576528e+00
6.503372165876406541e-01,2.150494405620728688e+00,4.095924540904002598e+00,1.731779626230057989e+00,6.548320171795792177e+00
5.906606485286269859e-01,4.970065448306626443e-01,1.656897593375036726e+00,1.004899445223698784e+00,9.841754139292653747e+00
1.390797179480438572e+00,1.326430255163234762e+00,3.909405278225841052e+00,4.213461561912185793e+00,2.690740111637990317e+00
8.266520860536787918e-01,1.648620987490498679e+00,2.539915399351459158e+00,6.731625849381699389e+00,1.989879696493361161e+00
9.179680292238727723e-01,1.954176579057806507e+00,1.120297219842938841e+00,5.209356397463992927e+00,6.058911744098978147e+00
6.684528973448347067e-01,3.900379473072740577e+00,2.398035836015341538e+00,1.185773659339639297e+00,3.249770502921941251e+00
1.067847883914902596e+00,7.099526531760784742e-01,2.448972664757620876e+00,5.100871647518816943e+00,6.405813673499651806e+00
6.967146459889874688e-01,2.763884505133405334e+00,1.221786657173575152e+00,6.410839960467292542e+00,2.585652117422980290e+00
4.858332062857442235e-01,3.470538509636575508e+00,3.022667627288996517e+00,2.173721561762494758e+00,3.901578218175757229e+00
4.531098809893169821e-01,2.358550390412562425e+00,9.114087159021950768e-01,6.875436265040649531e+00,3.204424467264764598e+00
1.576047915349813033e+00,1.301138889056488557e+00,3.456354655749173332e+00,2.873872710839209255e+00,3.966140366507146631e+00
1.523647957744664883e+00,7.588005924468744778e-01,7.941018726224313706e-01,4.389536104160852936e+00,6.393052233468925927e+00
1.772349368978743289e+00,1.834013667525215663e+00,1.559538838506692393e+00,4.263343336763342428e+00,1.880878475925895188e+00
1.061602002849374671e+00,2.309379244999594238e+00,1.136582569832899736e+00,6.364170573652585539e+00,2.763797315650950104e+00
6.890012662401971966e-01,2.975851591718266409e+00,4.416982009718446456e+00,1.043990242896254195e+00,2.231082234507816509e+00
1.424550356386991234e+00,6.907180916221030698e-01,1.048983734743984320e+00,4.489461469503555513e+00,6.336884195314658186e+00
7.041078963319700179e-01,3.131006647888201488e+00,3.322438963488949959e+00,4.060620446113812676e+00,2.152995786509459997e+00
4.052544128275589186e-01,6.305595938347932083e-01,4.137124285516037503e+00,6.231191064949959113e+00,2.586969374634529917e+00
1.256631160405745185e+00,2.345724198504878011e+00,2.117829011022879460e+00,4.555055698336953895e+00,2.976138615796607212e+00
1.899573373113067953e+00,1.346784874881444605e+00,1.599258157261919999e+00,2.981989659109974600e+00,5.315709385548128552e+00
1.784272362133048295e+00,1.880203708545651109e+00,1.543157982437181719e+00,4.727344054644679439e+00,2.154982702296623032e+00
1.105920903131090149e+00,2.898469210088832515e+00,3.195804083786642380e+00,4.080535697349065849e+00,6.097029811798220233e-01
1.273084734544288832e+00,2.141944592070746722e+00,3.497838366705745106e+00,3.968225224102999160e+00,4.139910990464561458e+00
2.849448995515354577e-01,3.078427421856619883e-01,1.087581713893664315e+00,3.685837995231851849e+00,9.199042460281219746e+00
1.466295630528890115e+00,4.609296507711418966e-01,3.982568453373914519e+00,3.284380340556276145e+00,4.359921218257489350e+00
8.471704806495550244e-01,2.048165457161861713e+00,2.325822064562626412e+00,2.886506304238068310e+00,7.577244225198727534e+00
6.443173658532421744e-01,2.770489139995066630e+00,2.865347075120701081e+00,5.711146341362511869e+00,2.231729840816453869e+00
1.015593165952269450e+00,2.657959581075473476e+00,3.007665683471884233e+00,5.064364339744755306e+00,6.048302231138062979e-01
1.325370526275399641e+00,1.524985066691730395e+00,4.880178871950111130e+00,1.643086242392171936e+00,3.224207468698299994e+00
1.265895637943490915e+00,3.246446193139158609e+00,1.657688611684387636e+00,3.917603983354423836e+00,1.940582534455210562e+00
5.483384078330717504e-01,2.384413673391853727e+00,1.738651424292883885e+00,7.249241023470436307e-01,8.058726492336271363e+00
5.038621260044736649e-01,1.269944818021655930e+00,5.134467823007200060e+00,3.821360757109720563e+00,3.362452208402188170e+00
4.031759048750098717e-01,1.656528284042975363e+00,1.102318856661769209e+00,7.678178234923302981e+00,2.059509574772733220e+00
1.834951884416392121e+00,1.614961314120646474e+00,2.027037933622637400e+00,2.626341217404835948e+00,5.452222880611910405e+00
1.637980919068537045e+00,4.468617736870157398e-01,3.756983637910106477e+00,1.253161087879330449e+00,4.639697862183471244e+00
4.707434143869161369e-01,1.947659504716352519e+00,1.391618967398234652e+00,6.939646238364302278e+00,3.412367276403570404e+00
1.488696685973198042e+00,8.899858790243584394e-01,1.210226410386125995e+00,1.305299719927198510e+00,7.828561406117420240e+00
5.028940868792900476e-01,7.938702650558837615e-01,1.262073165774591388e+00,4.104516383899129650e+00,8.766887122188462556e+00
4.550096441580855910e-01,1.738590276912767685e+00,8.604355951103983546e-01,7.740382677446056015e+00,1.772896637058099634e+00
1.370946413720339319e+00,2.302526583542660710e+00,2.537304439350446028e+00,3.776444859675498034e+00,5.011541176297779288e+00
1.015321985257762627e+00,1.504232041414965915e+00,1.478287722355412948e+00,3.682955275788144522e+00,8.031561684058273087e+00
1.203583414678921049e+00,3.377391161693277688e+00,1.228789438648277166e+00,1.241961108841300732e+00,4.548301900168161715e+00
3.583667634383043699e-01,4.116940804518612884e-01,5.080706564084998433e+00,2.366797009405090080e+00,5.691721915107378571e+00
2.932111441567013532e-01,4.510584230581723419e-01,1.668674521738122252e+00,3.645640855571398831e+00,9.043224821050323214e+00
1.323814007841782825e+00,2.384565865039342647e+00,2.956520079675462931e+00,3.844381754919595551e+00,3.954601935979424887e+00
5.385078020808469201e-01,1.659667497299648353e+00,8.405652475804998858e-01,4.339773149227053928e+00,8.219383428733888053e+00
8.644062349578420790e-01,1.552659535265143109e+00,1.658357735325064031e+00,3.077059592623896833e+00,8.514760967996176433e+00
1.076585824962047688e+00,1.953733506079745830e+00,4.645166546248290729e+00,2.803482895233271766e+00,3.616039696123929836e+00
1.020785831493887574e+00,2.315378862885893341e+00,7.666209658382483472e-01,5.795024006906284164e+00,3.887547755899757540e+00
7.697907642936574479e-01,3.417004413113667205e+00,3.749245738420149188e+00,1.071810337510473499e+00,1.606939849510611307e+00
9.471885351877437076e-01,2.962868447189072274e+00,2.257792617671904534e+00,4.050363443101372418e+00,4.043865717689394401e+00
1.388267534866633124e+00,2.145947778862145494e+00,1.611291503231769839e+00,1.554688047900168568e+00,6.723132545523537118e+00
8.045701901423732982e-01,2.043280342245729297e+00,2.768950426294403133e+00,4.780549972481987098e+00,5.473951517681177492e+00
5.856542946591356547e-01,2.367204757539850934e+00,2.183734885815056703e+00,6.711576814495384014e+00,2.210674778367109461e+00
1.552036274015136774e+00,1.878638352981077064e+00,3.466045711127868856e+00,2.370267762303825965e+00,3.896602810667861405e+00
4.433546729056945801e-01,1.979655868969104837e+00,4.730391244969436748e+00,3.832487777891261160e+00,3.576086968044128067e+00
5.284465108177029968e-01,2.420492916440712516e+00,3.962426247159833270e+00,4.214519988278684792e+00,3.772040811257356019e+00
6.130595344831322180e-01,1.051137691588799328e+00,1.673044039256772031e+00,2.412436256783894173e+00,9.185228269047810201e+00
6.011252463364893384e-01,1.863959697976570684e+00,3.568138583163224187e+00,5.898121524823669581e+00,1.205808179653769407e+00
3.294206199722765072e-01,2.032691164835847886e+00,2.180618591890012059e+00,2.583575803730174592e+00,8.312322558326949107e+00
1.280074821212152214e+00,4.164367551939370804e-01,3.587238479804661484e+00,1.622160855457041029e+00,6.855584961908397723e+00
6.797405510286602670e-01,3.091801239879668373e+00,4.123278988227031761e+00,2.510748226280221651e+00,3.334713465690980261e+00
1.340975773606343235e+00,1.192423403206793076e+00,2.507908563444420480e+00,6.356502589935359104e+00,2.476540157936535369e+00
5.838637210653281340e-01,2.589762178198346199e+00,1.168913959703237193e+00,6.588465923915370226e+00,2.122163691509373784e+00
5.970694960881848257e-01,2.531610703554338926e+00,2.335291313083496689e+00,6.242878724828155867e+00,2.166410429225420042e+00
1.394082826736871894e+00,6.543226214181772082e-01,1.040499691207899868e+00,4.824438025109843764e+00,6.370907077907290272e+00
1.554665956872654187e+00,2.445924414985780171e+00,9.743385214915800674e-01,2.140897961030322261e+00,5.419842341928247542e+00
1.508734975031451597e+00,7.317511142681866199e-01,3.360215550552493546e+00,1.655309370160978899e+00,6.128581706526888162e+00
5.131532257882869263e-01,2.228078313697642976e+00,2.244451154291987827e+00,5.998792304941773956e+00,4.633581106400365357e+00
1.441174369241469355e+00,5.796696633212502503e-01,1.601166203582347514e+00,5.390145306146014725e+00,5.732517486857018341e+00
1.128100603048517669e+00,2.126665675774621178e+00,1.370563229828862806e+00,5.455404213411030767e+00,4.932001249914233831e+00
6.845377754540709070e-01,1.103070211048262195e+00,4.045097908610646442e+00,6.069983498118728171e+00,2.358422740896317205e+00
1.354233262038989860e+00,2.304571803008036657e+00,2.133313235157800580e+00,3.931317860338472858e+00,4.974884495839686060e+00
4.841742144235446355e-01,6.831281930728216878e-01,4.034452632276109840e-01,7.691885991169208125e+00,3.901679850446201137e+00
2.751867038487512129e-01,3.319920446676468684e-01,2.165909428794115410e+00,2.714560055029482388e+00,9.163402496817701248e+00
6.290249020511661238e-01,2.978867510518961925e+00,3.843266141783058920e+00,1.611041431123049428e+00,3.901534462663220015e+00
1.086827722883043190e+00,2.037389154972631733e+00,4.932244622674893719e+00,2.956900016174123902e+00,1.200946662244808394e+00
2.672920761291412428e-01,3.043069855902543752e-01,7.795564500552272236e-01,3.750208872304103380e+00,9.169140646241840997e+00
1.074546893016402382e+00,2.731965849776274879e+00,3.602652612084150885e+00,4.110421855632996113e+00,1.647726876277132213e+00
1.275737734309302374e+00,4.265980868405031545e-01,4.153369601551781365e+00,3.112736760173419714e+00,5.137034745763415344e+00
3.988785113588406150e-01,1.289924433712029250e+00,3.018859887221727156e+00,1.885294217517192061e+00,8.337433149510104613e+00
3.434084411407105630e-01,1.420219559276380439e+00,1.528649543609405637e+00,6.494185398062109371e+00,5.601155264892268448e+00
8.662758155428602613e-01,7.440577651703865758e-01,7.815096438679971502e-01,7.604354732294593688e+00,2.580239514098511044e+00
1.696618981763657663e+00,1.111728139530882009e+00,3.670253056913976408e+00,2.382876414450042724e+00,4.016053376280417808e+00
3.838022686089318514e-01,7.632837794748216220e-01,5.985814330833223451e+00,2.068412285287728913e+00,2.364225186421424318e+00
8.019631447954485015e-01,2.401891465408964699e+00,4.922266668488902930e+00,1.041546450795893364e+00,2.619816044017174050e+00
5.509821988195853226e-01,1.962093891230851428e+00,3.911861369495972074e+00,1.515874972545218524e+00,7.138881780584524606e+00
1.719423278788023701e+00,7.285504712060986154e-01,3.927998791902341580e+00,3.155936170323311973e+00,9.606950755493285365e-01
1.382561339404162037e+00,1.918625538979108036e+00,4.096681643055038791e+00,3.572196455717796315e+00,3.416784445758268340e+00
7.923559885298153693e-01,5.165557599858084936e-01,5.488937891579060313e+00,1.657134730541962142e+00,4.608757059196890715e+00
1.266150467366828014e+00,3.542671928887711985e+00,1.295954782149968842e+00,1.306441148505326222e+00,3.492203754054119980e+00
7.754636616269939831e-01,2.006089407474077380e+00,9.073370108910532306e-01,5.982032512937775159e+00,5.381692918893246080e+00
5.597160225985758908e-01,2.998448551431270648e+00,3.073845660908549160e+00,4.806199218634438886e+00,1.929704711718628118e+00
5.963729833944351189e-01,2.636067423346422522e+00,5.022945790175932679e+00,1.087160167113635056e+00,1.897026866930200617e+00
4.478749661269808557e-01,5.296752149066048521e-01,5.828610162012545892e+00,2.494442303116688020e+00,2.684444900266387712e+00
9.798755500302347432e-01,2.845374131092062164e+00,9.056633355993675139e-01,4.795053098124107294e+00,4.877804010535887969e+00
2.743951044658899940e-01,3.032102856324215834e-01,1.190233232389678486e+00,3.619872168442145988e+00,9.186689322519224987e+00
1.158172608009241378e+00,1.892457879242362973e+00,1.233402928106500873e+00,4.745994006937283238e+00,6.076903405772879019e+00
4.397269280976583428e-01,7.596839491053983817e-01,5.739374108495167270e+00,2.869443205704590216e+00,3.167235521568685375e+00
4.081856169306649629e-01,6.737303745527239984e-01,4.805591635465179756e+00,5.021531872783247863e+00,3.346558537091196772e+00
3.965496215416771664e-01,8.466756702127412604e-01,8.950434991384882411e-01,8.083834530091323245e+00,2.244485032902525656e+00
9.522884536934181909e-01,2.584817448154247632e+00,9.049101650583106782e-01,4.829900222340191895e+00,5.643207537174275146e+00
1.775730559657486385e+00,2.695304050110079341e+00,1.210021873679915316e+00,2.631188437126430912e+00,1.875480010983187951e+00
9.820365339539283145e-01,1.517282026943107764e+00,1.928753250555568677e+00,1.190562335090741719e+00,8.675166416239177281e+00
3.590431845565908997e-01,6.319755833331817119e-01,2.593565742175807820e+00,3.788950764026032036e+00,8.305518192752744611e+00
4.743843655673784521e-01,1.256151929505900267e+00,2.022199213348998992e+00,3.772509992072634599e+00,8.134577627722928028e+00
1.027357765211806884e+00,9.349262557024132780e-01,3.870357874243361529e+00,1.882992810798785888e+00,7.520030802369525702e+00
4.775205305239813014e-01,8.990535563222391557e-01,3.953744075472960695e+00,6.064157994374705041e+00,3.643644638141278591e+00
7.556869854609475912e-01,3.442733164307558713e+00,1.534675094009272822e+00,4.324173940258642546e+00,3.506121592311839397e+00
1.068922959999055955e+00,2.242872141698298183e+00,1.291732426900704667e+00,4.799510886122323683e+00,5.677090273008323251e+00
8.603188347076724529e-01,2.263217967703459621e+00,8.684579412606445725e-01,6.336362453459674526e+00,4.470093721850279422e+00
1.619267988325157281e+00,2.541181052398115980e+00,1.746389957093140710e+00,2.444331690436365889e+00,4.347624984636246914e+00
2.015216178453500540e+00,2.116933238550819052e+00,1.925717636475434258e+00,2.580014610376364370e+00,1.466256717977708846e+00
1.963617238575702473e+00,1.552858585920069867e+00,1.873171162635795639e+00,1.113547747198426086e+00,5.456645809546910364e+00
7.418047218834078471e-01,3.169657641168376561e+00,3.474367868056184694e+00,1.595850286656186112e+00,4.270384182965281106e+00
1.104540225324070812e+00,2.545288636670269611e+00,8.216809656695983621e-01,5.531440176932114205e+00,3.106013028672510501e+00
6.795793359883570695e-01,3.211107567831838594e+00,3.728151618863685179e+00,1.020588149369692665e+00,3.258162834196859148e+00
9.065718843007264383e-01,7.861683520316004037e-01,8.673359745155810874e-01,7.588592571656657348e+00,2.966527709415959890e+00
6.741305094078315907e-01,2.221762060854198140e+00,1.310615727641498918e+00,7.066496576396256835e+00,2.180958534479726652e+00
1.931041555537980514e+00,1.691277429949001654e+00,1.692364082241726297e+00,3.427649963464221461e+00,3.511607735887550596e+00
7.175260661708419141e-01,3.246610174358240286e+00,3.827159993951262607e+00,1.732598845703702928e+00,1.560737592759295467e+00
1.915885454588412085e+00,1.341392857669523764e+00,1.635033424949890346e+00,2.973772287370230583e+00,5.652578672943168847e+00
9.782781021521783638e-01,2.817912230094713699e+00,8.189985013999921959e-01,4.826296949806595293e+00,4.529813411888129693e+00
1.345709076555228201e+00,1.712980701942974804e+00,4.567587580571067285e+00,2.871105305766705307e+00,3.010087488110333886e+00
1.309612192573368361e+00,1.160133421519235819e+00,4.699410620877119804e+00,2.884259001001553635e+00,3.444778058555101108e+00
1.835295887164744455e+00,1.109800707603461944e+00,2.931727543170464134e+00,3.239762333182357068e+00,3.650197795847413662e+00
1.807063558711204054e+00,1.574080986958291017e+00,1.359194840256108039e+00,2.651880887415206889e+00,5.322499605490381924e+00
1.911205850503947978e+00,1.297532986612017325e+00,1.268969930716052019e+00,3.106228989880737590e+00,5.417797351310853493e+00
1.015250496712513995e+00,9.005129798381252826e-01,2.361972647042116513e+00,2.650302792626630488e+00,8.594598718322394859e+00
1.359835164949522168e+00,7.214898805071086052e-01,4.303120002670072886e+00,1.833094270114588031e+00,5.134920769189275980e+00
1.076498503987129318e+00,1.919894907249001470e+00,1.810903436508163988e+00,4.582517074007432356e+00,6.063445703175117885e+00
3.748054261162279133e-01,3.698732540191502327e+00,3.282495648772022712e+00,4.546614901990284618e-01,1.644172268973677298e+00
8.500890282314330637e-01,1.592966101735551199e+00,1.181403391409147297e+00,7.279212735118756328e+00,2.485770303533764380e+00
5.338961757989864054e-01,3.877259770159773300e+00,2.438057838387663878e+00,1.060049676407585073e+00,3.009796831631917691e+00
1.833385947326806820e+00,1.217414109920000431e+00,3.534854508829793573e+00,1.344423459992845737e+00,3.145971468910381930e+00
5.931021530877411685e-01,2.802908623005238908e+00,1.698829474997731737e+00,1.856152991569678168e+00,7.540153095684329898e+00
7.710012605394018781e-01,3.883658804789789976e+00,1.661440645798668125e+00,2.620365544367362798e+00,1.770497334116277965e+00
1.702203593889921596e+00,1.366330225839766488e+00,9.621137498511787012e-01,4.807330613940310471e+00,5.350840597580821978e+00
6.186532803353361754e-01,2.466858072428056214e+00,3.021899332231790858e+00,2.877374158540792148e+00,6.588571098205408205e+00
1.256296034269844597e+00,2.793287306969981731e+00,1.556407628836232959e+00,4.040285788143044066e+00,4.167607877201692013e+00
5.599538027804168427e-01,2.614457732907246257e+00,2.332839958699577387e+00,6.031068355312348750e+00,3.134009996175819879e+00
1.868516291407968488e+00,1.043130822420089476e+00,1.579793315101695850e+00,1.977892942378750352e+00,6.152267289030854513e+00
1.068158476413937796e+00,1.766796565764946703e+00,9.059499680868552396e-01,6.998925372801179989e+00,3.340247901895325722e+00
8.291500987108961773e-01,1.716394423813544456e+00,2.673687451878989929e+00,6.597549123349097044e+00,1.926719204136194685e+00
1.602913572521173169e+00,5.955029382679029037e-01,8.610206393205686037e-01,6.386229486532920774e+00,2.458304367239414034e+00
5.276634986193755594e-01,1.742396387783907930e+00,5.209216192437183146e+00,1.738095935534464509e+00,4.124077455238717604e+00
1.340707268122173668e+00,2.053962660627972614e+00,1.298553469088792767e+00,1.838698599298185465e+00,7.471364514782177224e+00
8.008322115378014860e-01,1.006297627290889007e+00,5.354514580909929933e+00,2.805055867769182587e+00,2.891776715509364770e+00
8.483863410637753066e-01,5.953004038370179885e-01,1.825049983284143806e+00,3.663210733886326231e+00,8.621567249620367690e+00
1.147974303386643413e+00,8.883888359803824297e-01,3.415320404649359265e+00,3.326397938360008855e+00,7.199346820385826184e+00
5.869799855859442195e-01,8.272342559254697303e-01,1.029603913680855687e+00,4.094905407647634554e+00,8.792920322867722405e+00
1.363288992832827784e+00,3.177136440696631148e+00,1.590307220566643753e+00,3.042435952258247589e+00,2.116405354373175562e+00
1.343018673856654299e+00,5.429681548055247386e-01,1.232773399029527095e+00,4.835588682155930407e+00,6.567158903014957083e+00
1.018136113010066790e+00,2.358795110926420691e+00,3.322134101877389778e+00,5.657893617423035870e+00,6.581620323864827427e-01
1.280407658166965224e+00,4.527931405357180084e-01,3.810984051479155976e+00,2.980437410536280307e+00,5.651531057489049381e+00
6.479685143175659690e-01,3.536471433549640775e+00,3.612430725792020514e+00,1.452595992395799618e+00,2.246151928407738030e+00
1.013769427267377621e+00,2.666169519141698085e+00,1.600308861673112704e+00,1.105638514292135000e+00,7.461974732981251357e+00
5.464365538689717194e-01,2.886839473030870629e+00,3.085696518675251632e+00,5.241569987390890084e+00,5.143850539317118553e-01
5.013151982131741624e-01,2.382026950388830500e+00,2.192851522788363816e+00,6.707050952415817946e+00,2.206148916287543393e+00
6.958025334573958443e-01,2.919972429639350331e+00,1.387031906453917607e+00,3.870833513718979546e+00,6.196766906030248379e+00
4.887291447302007930e-01,1.635411573261411178e+00,2.205938731581673196e+00,7.222256094896851941e+00,9.109216544645775127e-01
2.618122484489374679e-01,3.304585920738911664e-01,9.064439500481816792e-01,1.049350348034156388e+00,1.014091522708766568e+01
1.564953488061727516e+00,2.871540925443570647e+00,1.287941959898404543e+00,2.216525735923277729e+00,3.704243532618323176e+00
1.211618222705550529e+00,3.035013289025453975e+00,9.086867678885544031e-01,3.660882387543938243e+00,3.651901478064969453e+00
2.019953511510528710e+00,2.148584162765278194e+00,1.932887318583102143e+00,1.040601036807634827e+00,1.930892121455740629e+00
1.312337042818177091e+00,1.374329526340040353e+00,4.728109967267986491e+00,2.421858523813746000e+00,3.425160101804332502e+00
8.506005604137045761e-01,1.051576258213126724e+00,5.457458120961889314e+00,1.888065167782504883e+00,4.450873911063247590e+00
9.548170623860177120e-01,1.645847735482655727e+00,3.319825833249279157e+00,3.083751995135324719e+00,6.607463358235865059e+00
1.595755918271128948e+00,4.886926758078373734e-01,4.374249141121227424e+00,1.156762192642386999e+00,4.064942346588005684e+00
1.311945494825408343e+00,3.843704934085980796e-01,3.615838404202275758e+00,2.580409288501175347e+00,5.941295125153787993e+00
5.178086075026711033e-01,9.189533161050409404e-01,2.264700864874764630e+00,2.024158772831335273e+00,9.492477293627782586e+00
1.867170863674072701e+00,1.717093695154721988e+00,1.649905440579874094e+00,4.023326125998663017e+00,1.830166809516964088e+00
3.346193801525115252e-01,3.265527991989662371e-01,3.290246813019446215e-01,6.000861556822204790e+00,7.302451947649315045e+00
6.615036446656659130e-01,1.205342977451302700e+00,1.124942446425798659e+00,5.235210268012306933e+00,7.164243276823641260e+00
2.007423947360738925e+00,5.025335141092643898e-01,1.964565953158637468e+00,3.485974846431339813e+00,1.992971804920979029e+00
7.972698186984210622e-01,1.827633972095879855e+00,3.483521642604409330e+00,1.655578136732104966e+00,7.419875273937229565e+00
6.260056975850802896e-01,2.471906474179055735e+00,1.904563278967627449e+00,3.220652481723106142e+00,7.172876800606038827e+00
6.335953966399193726e-01,4.060403240601521802e+00,1.066892771427705000e+00,2.988769593946035030e+00,5.281908963042252214e-01
1.337382436291037813e+00,1.983402142116090783e+00,3.290940722480757863e+00,4.647423368557838330e+00,1.858672822652050138e+00
3.184625568474149238e-01,3.381046773041999076e-01,1.158581541228438816e+00,3.832964296689760353e+00,9.148593358987497481e+00
5.645296057813853352e-01,2.989328063298560156e+00,1.366974302009052789e+00,3.821249098447720982e+00,5.874585028085367533e+00
1.968145270024808546e+00,5.372150956958821055e-01,2.061420173295646308e+00,2.040709052147434477e+00,4.930718806422293987e+00
1.358069302833873948e+00,6.538962540081376673e-01,4.602988978690626176e+00,3.442174837610695093e+00,3.270874619521575877e+00
5.368795925019212989e-01,2.116306672943798262e+00,3.265111215630698727e+00,1.841942364057572945e+00,7.535450936360651220e+00
6.505698128774486388e-01,2.347527638460230381e+00,5.026737110122705410e+00,2.123640665111122150e+00,2.365186054809374383e+00
1.387879384593162957e+00,9.743162339962956331e-01,4.745115516172331738e+00,2.073502983281180878e+00,4.271826740201686512e+00
8.316949921259779721e-01,1.664347111441833338e+00,3.471473922550991631e+00,3.326996117570101053e+00,6.559466118874637708e+00
2.983635710156537502e-01,1.132670732177451622e+00,7.070231470412381425e-01,5.524357569072161356e-01,1.001723659747109885e+01
9.776771623459571403e-01,9.118103844435646588e-01,2.009990057646382056e+00,1.748114525888784687e+00,9.142653729825656939e+00
1.273354813974709066e+00,2.083222306323652351e+00,3.719521979558806812e+00,1.633167635971196407e+00,4.633053223738202497e+00
4.072391692660869422e-01,2.548543048527831090e+00,1.422647672370713101e+00,1.991681486511322374e+00,7.868667553487151523e+00
9.414005857991044612e-01,1.367204712438011782e+00,7.906509911415606773e-01,1.031356423322396854e+00,9.517540651919825123e+00
2.821679308915894246e-01,3.064956269055572058e-01,1.067307989328741602e+00,3.613479512390093351e+00,9.241042009804640855e+00
3.787067807823726318e-01,3.908435757073798200e-01,5.113894699480598938e+00,2.377808785210104414e+00,5.555126814122697709e+00
6.159222121900632674e-01,2.677331150980047703e+00,3.763071177812243651e+00,3.845114866692110223e+00,3.267732522539531725e+00
1.107669531933238360e+00,2.654802330284135703e+00,3.288617555980592133e+00,4.575575005295660524e+00,7.916968583140402416e-01
5.029736174508034896e-01,2.271753616828284805e+00,3.484466920625433506e+00,1.437390168856109707e+00,6.809654300598367627e+00
5.230345421553032059e-01,6.407227894358831222e-01,5.820041595603907325e+00,2.478300918600152780e+00,2.242778759154614665e+00
1.220350090513800279e+00,2.172184266498859539e+00,3.896454440961059973e+00,1.741990232973482655e+00,4.710294680081380747e+00
1.492667367849527693e+00,2.256061586778030037e+00,1.931557413779172894e+00,3.471083142945553313e+00,4.514082346105307231e+00
1.340814367468287305e+00,3.526319814613146253e+00,1.194288901375384793e+00,1.872280093948539115e+00,3.709161088183960509e+00
1.407212923931631554e+00,2.062607710992081511e+00,4.000159222569558359e+00,1.301861001371839910e+00,2.686206437387568258e+00
1.818055988430961056e+00,1.946987918778659177e+00,9.591417633110357333e-01,3.799634123571960842e+00,2.677488480613885447e+00
6.865977455884227920e-01,1.221847292578772004e+00,1.122795713002623597e+00,4.798090846034757107e+00,7.957497985009001518e+00
7.939824951202701930e-01,1.963768372504930859e+00,2.019492336796266496e+00,3.802720313995030743e+00,7.474438127892239159e+00
1.216992552565250740e+00,1.459471662369232980e+00,2.274032086327554936e+00,5.983366572738026079e+00,4.151420715850400178e+00
1.240087449289727806e+00,2.356918654659211132e+00,1.766436126413578389e+00,5.401529516305658696e+00,1.221336362373762974e+00
9.492489221907827179e-01,2.619031539267035580e+00,1.183817388026561668e+00,3.353725152523548747e+00,6.501141773335786134e+00
5.431941835158543563e-01,3.120702699395497270e-01,5.379459314311663576e+00,3.598452624551037982e+00,3.474160566315178666e+00
1.988535119588339839e+00,1.974216374715104916e+00,1.282706073089269871e+00,2.569985702505926284e+00,3.013974530133375129e+00
6.347529992268232668e-01,2.921786342208133824e+00,1.380996988399890046e+00,4.003564076601613841e+00,6.206002926361382066e+00
6.435588880600836559e-01,2.744102066318871103e+00,1.675376196391419992e+00,1.848410114877502952e+00,7.517761337965838564e+00
6.014346363856419853e-01,2.443344902736471536e+00,2.116327648475498258e+00,6.669926785676719483e+00,2.219868144934043386e+00
2.672215019523440094e-01,2.835793873093055972e-01,8.406135547354086635e-01,3.759762005165301346e+00,9.186993603739690428e+00
2.821905302741602450e-01,3.522029705904139441e-01,1.007120744522678191e+00,1.249503921839536513e+00,1.011154104615399341e+01
6.244073232650555472e-01,2.956811973740664179e+00,1.371302705090375440e+00,3.423965779079622962e+00,6.430782185871416701e+00
6.549921306655621667e-01,1.198014076480768519e+00,3.359065203193117188e+00,6.394388535843472887e+00,2.850992108014559268e+00
1.455685917929361528e+00,8.682702870768120862e-01,1.684575496659963090e+00,6.154820631706410694e+00,3.611222471713382731e+00
5.594632118756460715e-01,2.291672663733034021e+00,2.219589767478831632e+00,6.615503617560515082e+00,2.736761828690103648e+00
4.010852056093429097e-01,7.820048374754742238e-01,4.666405088905568377e+00,4.918893209395090338e+00,3.676999442382308914e+00
9.149113282801795144e-01,1.283234491026298496e+00,5.302664984477246435e+00,3.314440034764474241e+00,1.756083594267096704e+00
1.918848954014909847e+00,9.628085546942387607e-01,2.046717443661953073e+00,2.215856890551940683e+00,4.655423143833274047e+00
8.171707990872110194e-01,6.774804203776424449e-01,2.188278892140421927e+00,7.259954164330408410e+00,2.983975988538648760e+00
2.715280294136270811e-01,3.291981350283739172e-01,2.818988312877052316e+00,2.180556176781955902e+00,8.981513829083333178e+00
9.439190829285507567e-01,1.445513767448557640e+00,2.353737965403338794e+00,1.126377946561179400e+00,8.480430838868224797e+00
4.580560366714481746e-01,3.526692954201764429e+00,2.089466087466729238e+00,1.476675684111286913e+00,5.320481789117735616e+00
1.647381143790969560e+00,2.623507764587172275e+00,1.276372857471679279e+00,1.304755538500646850e+00,4.609572328297166344e+00
1.566966303448661613e+00,1.036272624740456116e+00,3.725526920649137708e+00,2.142339730031403544e+00,4.269178078504777041e+00
4.641427208678801652e-01,2.146833636151557645e+00,3.313512337060033452e+00,3.077438498946079015e+00,6.601149862046619354e+00
7.538811987239805168e-01,6.950582662380324628e-01,1.722184077212474129e+00,2.514469167033324126e+00,9.229565875722043344e+00
3.041203855729213146e-01,3.914696602255155478e-01,1.298598827099976427e+00,1.058715539404740058e+00,1.007875316118077791e+01
8.030012486746997968e-01,1.292944609706657921e+00,6.212377960080863737e-01,7.930573491628750027e+00,1.059697161430495749e+00
1.261624824869024497e+00,6.688364605744886449e-01,4.071994179263914937e+00,3.400821351027037309e+00,4.938532681205831665e+00
1.491764220144436770e+00,1.051375895641911917e+00,3.372637187706779116e+00,1.673400448002407614e+00,6.146672784368316655e+00
6.026293022708637537e-01,2.168624526514574491e+00,3.499255716167065433e+00,1.423099989951672972e+00,6.795364121693930670e+00
1.011071937087339556e+00,3.437805540512067104e+00,9.416827598531722909e-01,3.719524994668517159e+00,1.733849780267537666e+00
1.708497857661776198e+00,1.866380318087887513e+00,3.485295151433680960e+00,2.959366753183754195e+00,1.261980685240357225e+00
5.319323707685023050e-01,3.114184809351649985e+00,3.576654651318474709e+00,2.006908466807010960e+00,3.371868939434876644e+00
5.694997834654675906e-01,2.885437616745231804e+00,1.637187464291717465e+00,1.432358714916148745e+00,7.394076051721950371e+00
7.855560136239377877e-01,1.457417809507159046e+00,2.387341835505562226e+00,5.065125937461248284e+00,6.364893979046915895e+00
8.108512583037135180e-01,5.639909408661343271e-01,2.146739660793265614e+00,7.188368855767929055e+00,3.209780094310155985e+00
5.482209959890974593e-01,3.801196226598708705e-01,5.092554259815345929e+00,3.420115900260793929e+00,4.901808317065763809e+00
4.784448650228105837e-01,2.771506194164425896e-01,4.634009540742070499e+00,5.378685019780101939e+00,1.636970328283440912e+00
5.681914685496263218e-01,5.126171461233828275e-01,6.403757381909078727e-01,7.768013633811486685e+00,3.509788645011671537e+00
3.388779650141385824e-01,3.470428095730825335e-01,3.117071789833942841e+00,1.226974570974498580e+00,8.996487111593625130e+00
9.056989336650880240e-01,1.641462566245497134e+00,3.410674807433743627e+00,2.548048287419036662e+00,6.832693313223691334e+00
3.034064748409878165e-01,3.629141813874035560e-01,3.120109324650277127e+00,1.468085740352417456e+00,8.997590869404062275e+00
6.755506505428614528e-01,1.941183940298285338e+00,1.177860823759294906e+00,7.297411772244775108e+00,2.461422158178354191e+00
2.926124249683055845e-01,4.040264766275753483e-01,5.998048549724483536e+00,1.298572342059597817e+00,2.826128316998334888e+00
6.505433493785701682e-01,1.190668431550581552e+00,1.949401712085542915e+00,2.128012482876580513e+00,9.042640090402189301e+00
1.004426186527689557e+00,3.407866090515670354e+00,1.599602237747590916e+00,1.863018367059796176e+00,4.691960914825763496e+00
1.251779842884623628e+00,2.126721113696518284e+00,1.049224876649001770e+00,1.769896513170316821e+00,7.655906019132119766e+00
1.131035857233892772e+00,5.224194832361307439e-01,2.547676558474099462e+00,4.906125847787942362e+00,6.407395425296762426e+00
1.234916180369346250e+00,1.944193619742304202e+00,1.275270253989129632e+00,6.161638738115879477e+00,3.636531331604127004e+00
1.538725903494601255e+00,1.023911395546650116e+00,4.534638312216754841e+00,2.916057196873230506e+00,2.128355470094087210e+00
1.423012335676803186e+00,1.065271875603844398e+00,2.166761610069389388e+00,3.606281185874924855e+00,7.193136018219121297e+00
1.307784024252271582e+00,1.098100770317109509e+00,1.379084253476700273e+00,5.592942445039333244e+00,5.488593980415471307e+00
1.428427863140639076e+00,8.742632506522181046e-01,4.010817402696493339e+00,3.293427175750018421e+00,4.249702743169235575e+00
1.292301804109695640e+00,2.263075238243982046e+00,2.144215381227950079e+00,3.843684474605944423e+00,5.032847013443551454e+00
1.644640636975963854e+00,1.043191899815397061e+00,3.845154487204702765e+00,1.898632070816991479e+00,4.498291210669510320e+00
8.793219555956079958e-01,1.269402587392170823e+00,1.074234811180532434e+00,7.110381313338534071e-01,9.715928264432747596e+00
1.056140323969724903e+00,1.566615710206348488e+00,8.751048472865353700e-01,2.078141498055632752e+00,8.911603568579854695e+00
8.108812419911090030e-01,1.541861822761048995e+00,1.406212203112926495e+00,3.938992794936940101e+00,8.072177748530307895e+00
8.817621894511231684e-01,3.724646786052882685e+00,1.151682709525883697e+00,3.420046106857505208e+00,1.576680627967469217e+00
1.576159108243179841e+00,1.161739566695661141e+00,1.340293363340466115e+00,1.041999246384546218e+00,7.755250132479588387e+00
5.796481502343262537e-01,2.023657421066437312e+00,2.913942182504654976e+00,1.650646551261346406e+00,7.664382239418365828e+00
5.227573702397980693e-01,6.342723646817409744e-01,5.793858506513737794e+00,2.835870125314041257e+00,1.960117275169019457e+00
1.229339861331674832e+00,2.193824338324589451e+00,3.858838728000609564e+00,2.793376135534302307e+00,3.839738685540926788e+00
1.620768505696386974e+00,2.654346323925401485e+00,8.561707466797964239e-01,4.245022948614289859e+00,3.023390672243201571e+00
1.751179675701061367e+00,1.257616016661730729e+00,3.499255751252708713e+00,1.796507385458690820e+00,3.878921982178938244e+00
1.005303392428903209e+00,1.927482795521603176e+00,3.538558682461376836e+00,2.588538021281926671e+00,5.793906115820059988e+00
1.194540849137085470e+00,2.142460073743129634e+00,3.840684101082051605e+00,4.210851354909646460e+00,3.052696739508696577e+00
1.869700214907456637e+00,8.724213215221617856e-01,1.056237615108740702e+00,5.842025107034808151e+00,2.478531291094024258e+00
1.410270380978410065e+00,1.024702344379867069e+00,4.613256674816770264e+00,3.222852239835393817e+00,3.551649370003684858e+00
5.808626836270502913e-01,8.554444303701501662e-01,6.984765341265050109e-01,7.867566716620438605e+00,2.564843805888932682e+00
1.266391866399264821e+00,2.308260637125779002e+00,6.941390743360331683e-01,6.199959376025899083e+00,1.031678433111684168e+00
1.313021898890119665e+00,5.534326017008047716e-01,3.047853083781835171e+00,3.053992905697328730e+00,6.949285791126000866e+00
9.155244352171713063e-01,2.535747586709137025e+00,3.851676659853526807e+00,2.676214951353705018e+00,4.628374637581071482e+00
9.134768602357222766e-01,6.394018890657215959e-01,1.327682885272805091e+00,3.365513322636202620e+00,9.015123422907590722e+00
3.401952090167653653e-01,6.211754131737075024e-01,3.658134073319088131e+00,1.200692790167807500e+00,8.319781703046650989e+00
2.035881212856254674e+00,1.016210214630167030e+00,1.744756701685600930e+00,3.377759947399308516e+00,1.935434972728883096e+00
1.605640858509834290e+00,2.556225256450070926e+00,2.336029423551279738e+00,1.237724930544361390e+00,4.020052165059143867e+00
5.590468584267012098e-01,3.526427881560786570e+00,1.767678377429875436e+00,1.599551206893062183e+00,5.399068059038868661e+00
6.474812282908570804e-01,3.213262950980307675e+00,3.328961031595278897e+00,2.560660479373458642e+00,3.656612050584796325e+00
4.682288618289989213e-01,2.802038854946032220e+00,2.717569775091126960e+00,5.558849166645964068e+00,1.388638826290129913e+00
9.464926427934282627e-01,2.164438110696025319e+00,3.227735895704197056e+00,5.961099302741032169e+00,6.511422068429802978e-01
6.349130768085792242e-01,3.419532772259581854e+00,7.809943711573985592e-01,5.226085072214204708e+00,1.075575140825461018e+00
1.363616029356412795e+00,7.338361062411913327e-01,4.710804303799229764e+00,3.311233989568402425e+00,1.861640482321417878e+00
1.183517349265159613e+00,7.999211055044159746e-01,2.390920021481942381e+00,6.747740867165172851e+00,1.743037438673260553e+00
1.739716992487815084e+00,1.189711841377870227e+00,1.628031172012612604e+00,4.572158109342450594e+00,2.561259169883559395e+00
1.509397767119443401e+00,2.773284027213886116e+00,1.983952033455111508e+00,3.105138190693706779e+00,1.926599038982415912e+00
1.008551577751575223e+00,2.384276965292713157e+00,3.094792674032790014e+00,1.803440318618542371e+00,5.729398747606413878e+00
9.128133313730917298e-01,1.330950290024826455e+00,1.020783921972858277e+00,1.789229670453888588e+00,9.333933250292055561e+00
7.016013234489489880e-01,1.298139195049652361e+00,1.025828098210619155e+00,4.820434578609649634e+00,7.979841717583894045e+00
4.978823389855787651e-01,1.061297371065630379e+00,1.697113948038962317e+00,5.206692712525866185e+00,7.836357275155163116e+00
1.324513732541557687e+00,2.427284226032766945e+00,9.413424574336364259e-01,5.755899776468807794e+00,2.047593040089956240e+00
9.228449755240959451e-01,2.572783782761955074e+00,4.002926644170692327e+00,2.004435391304400405e+00,3.982595213054409555e+00
9.444075071397132204e-01,4.555903698607961516e-01,3.820266870580216967e+00,5.554730070159946465e+00,3.444213080225872137e+00
4.841398648632445623e-01,4.201247635684391968e-01,4.308491362424885729e+00,4.991488183881434892e+00,4.444929931478401208e+00
1.234080090901260807e+00,2.166927824342791187e+00,1.050044356317654026e+00,2.734713468352985455e+00,7.211042103880285659e+00
1.570368297405551061e+00,5.223696257021492872e-01,3.874591717891213261e+00,2.698394602760854077e+00,4.415154273893641346e+00
6.492977936091930413e-01,1.564791000658008802e+00,2.285225254122948080e+00,1.097901090264054691e+00,9.039463352988649447e+00
1.483196399983771840e+00,2.346078217983195824e+00,1.879267170355624739e+00,1.990497736078960411e+00,6.243552906492286780e+00
5.455662535277665537e-01,2.889498446066412485e-01,5.225363137455248719e+00,3.498537202030984172e+00,3.881155244334844046e+00
1.102804199931421536e+00,2.377183354726517983e+00,1.549267400555849772e+00,5.393212798879611469e+00,4.200553177319150677e+00
1.011057434041662706e+00,1.529621532673268058e+00,9.996266328172931370e-01,2.101331752070245251e+00,9.013683298995690762e+00
5.824530313460076769e-01,7.929648659609896955e-01,5.786171350802717939e+00,2.599018594766691947e+00,1.734724608591057482e+00
4.287755801111944320e-01,4.441669296715471393e-01,5.014373444328718676e+00,2.824159721495760333e+00,5.578357214543798293e+00
5.583604358927636291e-01,3.266559309995573090e-01,5.378513142085784793e+00,3.602430238099590287e+00,3.478138179863730972e+00
8.875721561474864130e-01,3.906906771872335149e+00,1.219301146392686386e+00,2.973709718692929993e+00,5.131310210511201841e-01
6.602967433968158772e-01,2.096225718519913350e+00,2.986977763664296681e+00,9.130373879199897846e-01,8.297841596395198138e+00
5.235271841755234634e-01,2.480795615999594972e+00,3.477221827222273021e+00,4.829305738381433066e+00,3.888144585408307208e+00
1.297320210167993038e+00,8.923593792700545979e-01,2.783379154125257493e+00,2.669974410125344200e+00,7.267216376637645858e+00
7.888771525805805540e-01,5.342748057356234703e-01,5.495792091208313579e+00,2.213994332707017065e+00,4.230242421529518460e+00
1.237934006989532154e+00,5.220759908752137246e-01,3.985158594396426057e+00,3.788894247213622890e+00,5.080664489319912214e+00
4.834849549578491557e-01,3.379933321280345071e-01,4.732840655742859504e+00,2.903461774605316403e+00,6.211094338122116199e+00
7.353683988067997168e-01,2.111868993517076465e+00,4.951633323231187767e+00,1.304596803749784151e+00,3.915668790962780310e+00
1.502642787877391140e+00,2.358018451205842414e+00,1.349334082806716406e+00,4.380838187100489556e+00,2.799857596687314487e+00
5.972861850871131750e-01,1.787364773520847105e+00,5.917882785728472150e-01,1.479787786563329544e+00,9.553810546929760505e+00
8.449702090074162619e-01,1.430995098617374062e+00,2.872521913955133677e+00,1.189417062712461615e+00,8.551995243040808603e+00
9.334042930507749913e-01,1.423508189842135785e+00,1.136011745891969404e+00,1.437258378316337293e+00,9.149635812236239119e+00
3.550313073901766869e-01,6.829657806790232488e-01,4.292628725736522100e+00,6.170516597270428782e+00,8.637887249892131081e-01
2.026558584446945588e+00,7.178694811247863239e-01,7.713726991303606617e-01,3.652538888899026226e+00,3.267166193171630706e+00
6.842860384684466002e-01,5.181009686965988292e-01,4.224022582541775428e+00,5.534805781700884886e+00,3.464092324959252789e+00
3.908134814419167435e-01,3.550603720261208185e+00,9.228865133475127047e-01,2.906364230600212650e+00,5.035377699699009391e+00
3.321712680855636313e-01,3.731350692348951448e-01,5.741467749945778909e-01,5.164565848452249419e-01,1.014098037691853804e+01
1.363210222332611465e+00,2.774916614220853450e+00,2.813578859899601436e+00,3.315229469119410854e+00,2.021350045274845186e+00
3.374726227561595793e-01,2.977355969909627476e-01,5.161582728985846913e+00,3.420639005411273637e+00,4.583157179713257534e+00
1.986860879625647502e+00,9.015739478152786646e-01,1.957878624272200385e+00,3.491417716773734803e+00,1.866885557267193407e+00
9.281361968638409676e-01,8.670075024374155337e-01,2.197005891459666405e+00,1.942819164212212124e+00,9.072903960118306799e+00
1.794257222147249697e+00,6.341339642072510996e-01,1.459318053818776884e+00,4.853725755602379621e+00,1.549568796635548473e+00
6.527645993675740277e-01,4.573416285589183561e-01,6.045539934805209903e+00,2.064539849752240919e+00,2.056324582600636219e+00
1.323791531825393664e+00,2.098270958702360911e+00,1.857716999584809958e+00,1.521147292105111237e+00,7.212194756664414896e+00
1.072828564388757622e+00,3.515158427203866509e+00,1.270803398058674816e+00,1.130892242044593488e+00,4.297017223849589840e+00
1.572607062548615042e+00,2.281879607063822313e+00,1.533604989293469778e+00,1.214669924034983195e+00,6.583449637697503576e+00
5.391202165893276277e-01,3.168703883737963523e+00,3.468727428402746504e+00,2.008603898753182904e+00,3.373564371381048588e+00
6.709322874664668257e-01,2.182315096170819757e+00,6.653283511161315333e-01,2.325596790724892227e+00,8.847817855594412251e+00
1.666790889593052327e+00,7.942663280703410322e-01,8.842319949142556368e-01,5.956211958805381457e+00,3.175914298711668415e+00
1.497876205401493133e+00,3.145522950346490099e+00,2.423249711235018644e+00,1.077251939402682268e+00,1.677159605220948091e+00
1.077851566138700701e+00,2.014618935749064033e+00,3.548614306408547137e+00,1.207183050444371908e+00,6.098974986678515009e+00
1.222571493717824476e+00,3.031231425653757139e+00,3.029430937598606377e+00,3.335643760414863657e+00,1.095063969099189238e+00
1.393510580024907686e+00,2.317197583884844647e+00,9.596347558224809227e-01,5.679357886571781755e+00,3.016246898570908552e+00
3.155121489954930691e-01,2.905602420746401515e-01,1.806173893953567866e+00,2.071432623809305262e+00,9.577815576017838950e+00
8.927868523032636006e-01,3.655957884821759762e+00,8.800215978340539813e-01,2.944113824679550184e+00,4.261468850453310253e+00
1.459800696933017949e+00,1.225025710281189451e+00,3.715365174843605622e+00,3.996499393164495206e+00,2.610202017509990480e+00
8.381037587457220717e-01,3.734493483030128846e+00,2.048013645590650356e+00,2.936336907750417780e+00,1.052316495125292795e+00
9.480388556412602252e-01,1.378138496016518610e+00,6.546776304933326074e-01,7.624464828824767615e+00,1.024795693683058895e+00
3.679088101292833368e-01,1.202333547993228668e+00,1.615142731438800494e+00,1.310561709931546748e+00,9.474554583184183087e+00
1.196876002196454181e+00,3.405915252948194638e+00,1.020849704700378169e+00,3.837702611655808838e+00,1.674249978460771171e+00
1.430654952501178911e+00,1.526416208899489035e+00,4.007851559811188125e+00,3.818907384505122238e+00,1.648561855999040260e+00
8.854154057368874842e-01,5.384558177988520988e-01,1.621150096311836819e+00,1.451891652004801969e+00,9.604354207708187374e+00
2.084761385947744294e+00,1.887199242717513270e+00,1.394361581397324468e+00,1.332569283917550917e+00,1.547415180136314961e+00
1.716522096998311042e+00,2.043764009201697096e+00,1.684664448736546083e+00,4.031585415643752057e+00,2.435406825803324793e+00
1.404351066822872252e+00,2.218085181226353342e+00,8.063079842489091487e-01,4.227147444820669620e+00,6.290187527047094385e+00
1.196630212455232822e+00,1.862388621609833539e+00,1.713285455736780261e+00,1.385014451404367630e+00,8.100897718292120686e+00
1.098976899575352606e+00,2.505107037999090736e+00,3.631867672993959406e+00,1.989765451854805578e+00,4.748739717868105892e+00
3.346201220444773305e-01,3.259945963389079715e+00,1.289538422166575105e+00,2.706319771647950567e+00,5.830389440097216713e+00
1.032379735716122404e+00,2.393165586444881754e+00,4.818399021934965276e+00,1.133309874621091895e+00,2.355483426809592995e+00
6.766079449501178900e-01,2.055200114818144019e+00,5.123902197846751605e+00,2.084710830104120838e+00,2.007736656330182168e+00
1.051661550821278102e+00,3.200170845676729048e+00,8.837686923683487628e-01,3.491758637925900910e+00,3.620607801538998860e+00
1.043950853281564672e+00,3.596076513453347445e+00,1.086963407035627549e+00,4.003667318107292594e+00,9.309502319432030326e-01
1.770679401838650691e+00,8.499886510520227034e-01,2.287603686921977353e+00,1.160552884807676266e+00,6.350551558664300877e+00
5.478255470333985855e-01,5.983474065994781599e-01,4.001930776325211880e+00,1.075965263955382945e+00,8.331642341480485214e+00
1.244144901508518197e+00,2.010932642368837620e+00,3.947257507892192763e+00,2.834521714285705762e+00,4.631852276428167769e+00
6.347063955148405379e-01,1.730209060918475927e+00,6.016357022634336582e-01,1.750762992246157834e+00,9.568827471078662938e+00
1.346277016906427759e+00,2.876582061882315244e+00,9.516574833159421321e-01,2.934791349516800985e+00,5.064136269065799389e+00
4.881443983445385992e-01,2.524395493790664524e+00,4.900899547789271615e+00,2.926116386350256171e+00,1.169698597634176496e+00
5.527890770479026994e-01,1.633172814621770774e+00,2.124230373722383103e+00,7.264132793352615636e-01,9.336340442842328002e+00
1.263671797939345254e+00,9.965842570435667902e-01,3.124621180062513215e+00,5.125900270973962947e+00,4.060028077964789262e+00
1.893162268390621739e+00,9.194791726045709046e-01,1.551534373021285607e+00,4.122746905718162935e+00,4.276485547404653254e+00
1.739025903412992013e+00,2.886606985823424676e+00,8.853217592623161547e-01,2.499971492721086985e+00,2.824891124004150544e+00
6.014395215349901402e-01,5.271464130783645174e-01,5.522750471901298752e+00,1.406437666356866734e+00,4.484124522820431835e+00
6.508325572508617540e-01,5.624347289074320688e-01,5.398726155981411701e+00,1.444944282480327136e+00,5.154072566259485733e+00
4.877878663205595933e-01,2.738077084875644829e+00,4.004768871250801610e+00,1.954363133117629436e+00,4.042532885111812746e+00
1.165594941482301472e+00,2.049552613585543526e+00,2.453794526322886416e+00,5.867262712312831141e+00,3.296776998781205226e+00
5.968559511619421221e-01,3.177725166413805535e+00,1.723701708286756062e+00,5.631360135623574514e+00,7.131308356136634163e-01
1.940960037168441676e+00,2.342431631499658717e+00,1.234600684557348949e+00,2.842324493850993505e+00,5.838572684585066064e-01
1.419340586607443999e+00,2.195498269358756360e+00,3.973007345822793468e+00,3.039379187474638311e+00,9.191031544086950555e-01
8.119055751752838335e-01,1.320590482228254814e+00,3.652958809141711782e+00,2.470104580140392248e+00,7.147873395449040324e+00
7.956460505026243801e-01,2.373009615067755984e+00,4.385879749809998174e+00,1.994637700567989169e+00,4.042346006836703864e+00
1.484860542732012512e+00,2.903767494199309684e+00,1.860464484128101503e+00,4.235289897170181561e+00,6.453138210451796475e-01
1.404855001259246006e+00,1.416525676318355131e+00,2.749960264715751723e+00,4.634375475027578517e+00,5.303057722047360478e+00
8.403737322986262193e-01,2.543972274332833905e+00,8.507742632524339932e-01,6.700841105870136261e+00,5.206862834534374818e-01
1.268384168483764229e+00,2.354706830349031055e+00,3.019951923200659749e+00,4.334333237629990343e+00,1.889551546558966288e+00
1.939177842178555267e+00,6.463971733661659780e-01,1.403551759111100417e+00,3.347376550184285815e+00,4.679465107932434087e+00
3.812129579728059658e-01,1.488768740484897934e+00,1.724926262672703547e+00,4.435258989365589599e+00,8.059094638400893018e+00
1.549853903508650266e+00,3.009400288643430343e+00,1.204729958794690248e+00,3.580704385743633811e+00,5.095354896353054830e-01
1.286165800346479093e+00,2.505853839794585536e+00,3.881070622910172574e+00,1.946503340019147155e+00,1.784918685381793324e+00
7.648817210466398731e-01,1.402389333749908262e+00,8.642393808766619667e-01,4.447418334939039042e+00,7.958036148237013663e+00
1.166561591756906768e+00,2.352224737803937593e+00,4.178435337752018697e+00,1.144692559424628220e+00,5.415129072204524441e+00
4.273772917860356735e-01,2.064682250515009088e+00,4.863888583504094143e+00,1.959194142692263441e+00,3.589018402584893241e+00
4.305788056465922886e-01,1.645910586885122484e+00,4.329928247363895366e+00,5.555543438532734690e+00,2.016225760094001895e+00
7.052122703319267938e-01,1.443344991746775330e+00,1.915443358220179970e+00,4.912792356679668515e+00,7.477658309379849655e+00
1.011450779847661074e+00,3.755294540295756711e+00,1.724051290326782171e+00,1.919831747853120829e+00,1.887785788035634127e+00
1.523735953569852919e+00,6.659216475823319659e-01,6.972348657674820593e-01,6.481142828238488640e+00,3.095885822100151952e+00
1.574754369046374336e+00,1.322317964649490030e+00,1.668490928774491788e+00,4.258122419931361868e+00,5.471684859471805495e+00
1.291306961580404256e+00,3.027758181691432071e+00,1.548264817765165446e+00,4.320184056116698201e+00,2.529077512581361376e+00
1.011458781398970608e+00,1.682725322782641086e+00,2.678649939673528824e+00,5.524447870533454541e+00,5.094828579056932760e+00
1.648595765912869160e+00,8.565839610155254746e-01,2.416879412100841673e+00,4.051221837370986734e+00,4.713505741447121977e+00
1.446940030763884444e+00,5.890470005605212833e-01,3.443807410314286166e+00,3.632558234729020619e+00,5.078365354540255616e+00
5.891093805535014827e-01,6.682656993058186945e-01,5.656440274159262316e+00,1.377384004989080646e+00,4.753117185767676389e+00
1.499639970334267325e+00,1.141317886356019384e+00,1.307620682102728971e+00,6.387080922218527412e+00,1.404576701020852525e+00
7.543301056646569691e-01,3.055784883689357301e+00,1.267182563412138752e+00,2.680378133504435212e+00,5.807810170709052144e+00
5.039971549641327764e-01,3.930847147631629790e-01,6.011264246951193435e+00,2.026998350108207614e+00,2.601403788223843883e+00
6.200105749057680526e-01,2.988873445929023376e+00,8.451893033839559255e-01,5.797395482616536810e+00,2.161158882393175329e+00
1.103647364219102478e+00,1.609129128254440433e+00,5.153156929846446133e+00,2.927520864813272894e+00,9.349853868993580619e-01
1.522310939735407764e+00,7.449907137795956924e-01,3.126495294596455476e+00,2.724596843079263753e+00,5.948501398948979002e+00
6.369795889796711075e-01,2.000505215394173586e+00,5.035669654520237515e+00,1.001811033821174535e+00,3.277643019332172614e+00
9.239807946450377951e-01,3.507673365464150983e+00,1.599980713349948402e+00,2.766432361858006672e+00,2.778739259052362520e+00
7.063104022170493268e-01,3.548206130911074396e+00,2.920182127894744184e+00,2.811024763911461832e+00,1.957540782111081512e+00
1.617571738232861378e+00,2.637594462523471073e+00,8.869085835348261559e-01,4.218933163165913491e+00,3.313174867401172285e+00
2.103976607427655132e+00,1.169757249705141389e+00,1.918114666620151620e+00,1.031192611509823553e+00,3.452029252563248551e+00
5.228397935157280685e-01,1.703335467373035872e+00,5.853277749597889379e-01,2.080052007506616008e+00,9.595487260053506162e+00
4.705757789982594197e-01,3.074369478480606599e+00,8.189829983955101422e-01,3.293548834962578997e+00,6.200473419843475220e+00
4.680824174479384370e-01,2.210898857633486259e+00,4.151274762377842542e+00,4.739741929337175641e+00,2.647139797437858544e+00
1.769628570828093217e+00,9.515524885947233003e-01,9.164249623821788537e-01,3.762070942476793523e+00,5.702125201786830466e+00
1.396334934724705601e+00,2.629571880008289675e+00,9.300570659718797595e-01,4.814151201809759861e+00,2.940379197789831256e+00
7.550507138394300100e-01,2.790636666844904301e+00,1.941804629432116069e+00,9.531646796690531609e-01,7.795336398434202785e+00
5.814222545967909772e-01,3.876680133973742226e+00,9.072799893908874980e-01,2.621642832341498863e+00,3.219510802291278395e+00
1.518910058202517455e+00,2.442782860134419476e+00,8.545738500625345013e-01,5.068529406559460604e+00,3.643576361883416936e+00
1.471208670617349945e+00,2.531453651619348655e+00,7.520639341417654222e-01,4.588334116103832905e+00,2.937111685436724517e+00
9.824925447113685983e-01,5.806974851225346068e-01,5.634947768817519353e+00,2.472858425561728968e+00,3.180591340042496551e+00
1.122322118968977378e+00,6.020071670455433566e-01,4.422128092689997736e+00,1.624191514583192664e+00,6.141586933245426039e+00
9.337247462742255255e-01,2.962003342729237598e+00,8.000316729096914603e-01,5.255754622646082730e+00,2.428581170907650577e+00
1.472125241616996316e+00,2.293962802985253013e+00,1.550531700396690749e+00,4.958805164482532390e+00,1.903124123178335569e+00
4.736150148520480441e-01,2.594141240913277802e+00,4.852380005027740140e+00,2.936298643700788080e+00,1.208542365569823085e+00
5.640258219100354742e-01,3.636126727932528890e+00,3.401607987201108241e+00,4.583958999758046549e-01,1.250367842930132589e+00
3.725493630416653046e-01,8.452657978278872442e-01,9.300245291410556003e-01,1.051899529830756519e+00,1.001652512331596334e+01
5.157227284908076914e-01,1.535431151963312146e+00,5.847582455376572064e-01,1.332461347606922253e+00,9.705650610623871799e+00
1.221456693336260502e+00,2.861703958015231031e+00,1.787870913499630010e+00,3.817848557263271658e+00,4.206924227035567121e+00
7.258376655326070903e-01,2.467983639588169797e+00,3.238934783857709832e+00,1.754602224866705917e+00,5.915585736475883039e+00
5.639099006329456598e-01,6.132220287783234358e-01,2.841297804874312050e+00,4.043122031221038526e+00,8.351036634764353650e+00
8.219506726071499347e-01,1.224871924661371736e+00,7.748958770124398932e-01,7.781149188070449085e+00,1.007656901346484446e+00
3.753674658068220094e-01,7.555330144617242727e-01,4.517851856661333265e+00,5.863544563217491401e+00,1.203462916132239213e+00
7.354923617826765181e-01,1.664297807951006902e+00,3.352524460768962822e+00,8.873293455220484516e-01,8.272133553997257138e+00
5.200696509564274317e-01,2.615672016785839382e+00,4.824273844673000688e+00,2.130943414207189690e+00,8.362123923469253484e-01
4.665789526470785487e-01,2.481927108838541951e+00,6.837006844971169617e-01,6.236669533116219633e+00,4.601797044763759281e+00
6.117566281421528140e-01,4.087266813072276683e-01,2.129999612554641875e+00,6.067983937083857526e+00,6.513671623404624356e+00
2.983515855658457339e-01,1.960634281627006592e+00,9.817271802497098410e-01,7.354302830080643005e+00,1.678335475689267442e+00
6.045421127348156176e-01,1.993346020978856714e+00,3.025123486565483244e+00,6.638283179990605021e+00,5.248077558024142331e-01
7.587101125626294351e-01,3.111411493164551789e+00,3.863737606438076178e+00,2.598844828747455704e+00,8.588613672859578552e-01
1.225400752780781310e+00,5.389071603599657756e-01,2.823311695885819983e+00,5.425862200367514099e+00,4.873264184469337401e+00
1.515452596089992499e+00,1.262566294943871403e+00,1.601443493794259432e+00,5.030624976658562453e+00,4.995767965826125590e+00
8.703764778114335687e-01,1.562990345038812956e+00,3.228444953087130198e+00,3.485615334791273945e+00,6.645104077457791192e+00
1.659120308264667720e+00,8.664257788989102593e-01,1.619772115092826814e+00,3.193317884336121182e+00,6.570323156181377300e+00
3.720655259389193392e-01,2.716049799071210913e+00,3.934264616326163644e+00,4.160095323182670946e+00,2.019422370735989514e+00
5.556156565967331762e-01,3.500919826985711580e+00,7.743248312008672585e-01,4.339387819817464909e+00,3.364686816652726620e+00
6.024774214513282100e-01,3.794021403685942762e+00,8.602868855278889004e-01,2.903592749683780116e+00,3.331605561080642541e+00
5.918276221201098641e-01,6.036924681751547617e-01,5.906809013555380794e+00,2.927772323622411577e+00,8.361497564865082444e-01
7.519901628684616535e-01,7.139391136275212713e-01,1.348354370471629649e+00,3.599353172819447000e+00,9.182997217834151016e+00
1.772222144649739040e+00,5.410902495522026401e-01,3.864737657281465566e+00,1.780505001571947243e+00,4.128914517149090635e+00
1.419765045769232348e+00,1.038254201376343833e+00,1.446077952995551863e+00,5.769477761391856419e+00,5.071089888890805142e+00
3.819104970945251254e-01,4.533668368397296700e-01,3.748733040077607548e+00,2.607405517825169383e+00,8.010661452483264000e+00
1.733472118882685153e+00,2.894978715827304150e+00,1.139615181135743116e+00,2.985849974035101440e+00,1.548374678939303362e+00
1.169147639786849435e+00,1.759377093181869078e+00,1.408384683871764187e+00,5.978273285614008614e+00,4.109310562458267313e+00
5.739440078458610817e-01,3.544793354922109341e+00,9.581033419217339642e-01,4.683904902611804033e+00,1.516737405423305818e+00
1.211624226310319408e+00,5.485528374144184038e-01,2.750629784690598267e+00,4.742057251478374980e+00,6.149814949321542379e+00
3.542181638462831295e-01,3.521044404037433129e+00,1.401269543686487040e+00,2.880661029079624402e+00,4.682667555279208749e+00
1.732673743139438560e+00,2.703785815481336563e+00,1.502493667513559394e+00,3.726480941976633154e+00,9.647238375825415435e-01
4.863153483207219852e-01,1.484485357848045251e+00,3.850454194712635836e+00,6.239618654301239076e+00,1.206956898490909147e+00
7.845469878746568204e-01,2.322893934187984843e+00,4.516998108807945833e+00,3.714572357868298091e+00,2.130772985943766962e+00
1.246301797676453882e+00,6.072689976540650569e-01,2.485210313312744113e+00,3.212447813569215160e+00,7.772228571709532297e+00
4.290124997574715215e-01,2.526816456480986961e-01,4.938967055283887575e+00,4.813988204559382922e+00,2.079282816891995900e+00
9.056854687055198028e-01,1.967848413070262481e+00,4.236931196024981361e+00,2.964918184943398316e+00,5.183533169414149988e+00
9.691791379604846046e-01,1.706050148606007566e+00,2.874522617847506289e+00,5.540324028777978249e+00,4.565042660886568626e+00
1.482979999222331147e+00,2.996367466209238994e+00,1.725714685974466533e+00,2.874908227059396193e+00,2.886820841406758209e+00
8.834329759301964291e-01,2.522764835633188873e+00,3.780884405748225152e+00,3.795189718147430114e+00,2.527077690975333191e+00
9.782270476498194922e-01,1.407010291778525435e+00,4.253761626646522132e+00,5.370654345542147823e+00,2.023169143536908354e+00
8.491038843657502388e-01,1.251435188359978579e+00,8.756345312356254018e-01,4.317374052236200299e+00,8.200948809804398110e+00
7.760159625891991375e-01,3.791792853866785773e+00,9.050039279427813943e-01,2.620769549075343541e+00,3.218637519025123073e+00
5.789870803760545082e-01,1.804195444514193447e+00,5.946591157939165040e-01,1.483464549044791969e+00,9.557487309411222043e+00
7.646954727069494862e-01,2.658407567997180809e+00,3.401557258961681818e+00,1.590688017092734441e+00,6.300917878694075824e+00
4.599673828898844241e-01,2.231412937257442497e+00,4.135316792803148900e+00,4.723198402239413340e+00,2.511130258706437690e+00
9.583132283934043816e-01,4.741270532933648529e-01,2.106944996249390467e+00,4.924518299954906198e+00,7.208705542453438753e+00
1.289678850723122494e+00,2.660899360822654103e+00,2.701410952775562091e+00,3.722416861700419854e+00,1.698961915289982194e+00
1.168251683851098566e+00,1.309009503122441576e+00,4.328685436794104113e+00,2.810324993231298585e+00,4.749770061660218090e+00
1.744785245274693475e+00,7.178510068631240859e-01,2.550882280081082421e+00,3.061531728037816258e+00,4.891494556082549572e+00
1.741980690823067945e+00,9.792304283213424387e-01,3.972919485912917104e+00,2.399049335821792361e+00,1.953586381024013052e+00
5.220694578776340355e-01,1.747310511768049635e+00,5.454146245362783141e-01,1.552933521751989510e+00,9.511950818137565378e+00
6.537499628856364708e-01,3.872856098416494142e+00,8.924207926719950335e-01,2.635937330669739342e+00,3.233805300619518874e+00
9.942843780588226377e-01,9.949820690320808625e-01,1.888868018266782745e+00,1.563777698790626225e+00,9.130034401855992243e+00
6.805786695185334079e-01,2.927449324715804657e+00,1.994841767610578298e+00,9.362472125397112155e-01,7.274551483503850946e+00
1.379116621591991443e+00,3.198390778998443373e+00,2.184510296086541903e+00,9.570002034380754585e-01,2.054672093951444012e+00
6.898997399254063190e-01,3.203070732674604848e+00,1.307423101095462226e+00,2.746729905382107262e+00,5.870799573831373408e+00
1.188732463393424421e+00,4.006685260880109567e-01,4.842176232051965457e+00,2.183712494084324440e+00,4.386587879266619083e+00
1.300302487405585072e+00,1.343895198284895454e+00,4.180802966835772239e+00,2.549333399925266086e+00,4.569666144607037239e+00
1.242456855666136395e+00,2.998993441793835757e+00,1.137991260355568635e+00,3.925306178852896899e+00,4.221818845353205063e+00
3.568638429184247673e-01,3.082477434825246387e+00,3.619079497862398576e+00,3.124411331908059974e+00,3.462333812899727636e+00
5.345510957275478869e-01,2.199253066023593828e+00,8.346335902217206781e-01,6.594328022765389541e+00,4.343367118101618018e+00
6.650722060464224761e-01,1.017325360895091180e+00,6.944126213593966312e-01,5.937525489499712705e+00,6.877552075758055494e+00
8.149919076575526944e-01,3.619966664096871511e+00,3.094779314647452928e+00,1.171515608427471822e+00,3.621844884420703181e+00
5.961255522377253424e-01,1.196823362625493159e+00,1.665701629458888888e+00,4.119123872757414873e+00,8.411731347030643846e+00
2.096157642644409957e+00,1.191142269942017329e+00,2.154857404475633231e+00,1.066896093380634403e+00,3.996202456382429435e+00
2.046607656776041839e+00,6.801549034037361885e-01,1.441136783697866797e+00,3.247120639757548943e+00,3.985017116470538134e+00
1.605950774194981001e+00,1.288410935993307582e+00,9.707158671201570055e-01,4.177782874704461413e+00,6.122634771770261608e+00
7.286891581175427568e-01,1.599304339459105773e+00,3.233392848101061201e+00,1.392403166821968519e+00,8.373342015393793858e+00
5.625408385576732284e-01,6.168430877951526226e-01,2.790692498839233426e+00,3.965704524373074857e+00,8.457285226800987488e+00
1.118566879694057548e+00,2.149977791777714753e+00,4.035140348957542145e+00,2.108123002416328884e+00,5.187310841682474027e+00
8.368619348007135805e-01,1.748797154829936140e+00,2.321808969565902547e+00,4.500439471838920902e+00,7.414666322991944725e+00
1.191450936235678437e+00,5.724070970031478467e-01,1.118634635407175004e+00,1.783890954064501599e+00,8.945989222699278542e+00
6.422024117820195332e-01,8.960186094515467659e-01,5.836152738683424879e+00,3.064690664241159990e+00,9.326605506612776209e-01
4.945973581534563457e-01,3.586808043993702455e+00,1.828048544923341678e+00,3.090968311241567790e+00,3.228232975229502255e+00
1.279632972494182397e+00,9.563011438113633300e-01,7.407270117516407959e-01,2.586174748216830466e+00,8.495120674552108397e+00
1.759412873994636195e+00,1.095594261907734790e+00,7.207395135468872560e-01,3.369126880187878648e+00,6.025133885019755553e+00
1.410031241000069269e+00,1.347684531474366842e+00,1.493719316900689265e+00,6.227631684270343193e+00,3.353517713067859063e+00
1.182232672388416672e+00,1.591826339973529514e+00,4.690669290109443779e+00,3.351054015291423216e+00,3.015399189120361534e+00
4.223137849535858468e-01,8.392941918480631980e-01,4.129614879525951743e+00,6.150251433969630810e+00,2.095564653909894215e+00
1.656454629335518458e+00,4.727936091556064202e-01,3.628792359364338083e+00,3.236813956625161026e+00,3.560606933929041595e+00
9.733852669303453276e-01,5.843115425901534987e-01,2.109055150995862160e+00,6.287060752332601865e+00,5.311303493796196484e+00
5.193686352189424982e-01,1.712454335089839796e+00,2.033980202336159060e+00,7.599272766535822399e+00,1.063361231016016539e+00
1.609427847477355789e+00,6.162726727098155610e-01,1.412264860171291714e+00,3.049510233824813454e+00,6.944803119253485590e+00
9.900066647084502236e-01,2.451029487434686072e+00,2.523779614355667444e+00,9.288189544208186321e-01,7.310547891569751044e+00
7.012144862258514744e-01,3.093309546340954785e+00,4.010561025804403990e+00,2.955308523851801095e+00,2.278251131582238020e+00
7.122797295716227772e-01,2.588830736938350530e+00,4.423676958897364564e+00,1.357968012729787288e+00,4.570312017123817405e+00
5.114188377480026748e-01,1.543618497728512784e+00,3.375768535116250302e+00,8.265732463634565264e-01,8.340142594712782298e+00
4.653327247478222239e-01,2.396350376593699316e+00,4.471758194469737546e+00,3.498600291123922901e+00,2.976508579976638647e+00
1.144416412377111669e+00,7.225694688817162481e-01,2.223125691868379938e+00,5.187764621557016120e+00,6.540327933877269295e+00
1.374591139844831389e+00,2.261579895965967424e+00,3.916219282976159288e+00,3.076291647629212367e+00,3.417266124325483823e+00
8.979452755954135945e-01,7.524019921058673344e-01,3.351836210695947393e+00,2.304750028875597323e+00,7.933629478826000891e+00
1.511913084480397629e+00,6.670663137374390761e-01,2.890817987853383286e+00,2.026804609734362383e+00,6.825065227894271835e+00
1.083439294280224008e+00,5.359140852538967215e-01,1.162879739525764178e+00,2.498688434431241223e+00,8.940366952573365111e+00
1.097179140033474498e+00,5.013596190992225532e-01,2.510637980555748605e+00,4.163586570822036315e+00,7.199718675260367462e+00
1.353711534901747893e+00,2.150397044558170823e+00,1.166459961315316374e+00,2.054066692269523209e+00,7.126132179400222810e+00
4.045126073630678776e-01,4.510782504135479876e-01,3.954273439799134149e+00,6.169343393105626738e+00,3.635858119785803755e+00
7.096210102946922671e-01,3.363822253714173538e+00,2.889259905990990696e+00,3.955785002109212023e+00,2.059148183435412616e+00
4.649834861076567183e-01,2.224575825866342615e+00,8.243893831599530264e-01,3.861132609234796953e-01,8.984020356847514321e+00
7.196808962713864277e-01,4.157244647094542334e-01,2.189429746551054823e+00,5.864554108525463327e+00,6.486799327490305522e+00
1.407553617314452499e+00,2.265268176998749716e+00,8.628428629752522561e-01,5.151096125402565562e+00,2.075972169266773637e+00
1.058668262677870509e+00,7.090275253376837616e-01,2.080587978417051342e+00,2.693695208282310016e+00,8.666693032550949027e+00
1.304117341452445178e+00,4.731130462375416901e-01,2.682846148822662258e+00,5.938638008959743253e+00,4.114964598161731324e+00
1.747937855447460276e+00,1.365596135088941843e+00,1.620875516828436780e+00,1.489927954089457440e+00,6.152405754402727744e+00
1.643784617520407831e+00,2.238139057822261080e+00,7.556345710621057421e-01,4.407962881572605518e+00,3.001454705005611956e+00
7.000249899212129812e-01,3.033254576945088488e+00,1.665722499833759196e+00,1.559597094640938320e+00,7.089072063638840682e+00
3.749195964638708523e-01,6.960896024281412187e-01,4.799927652718550597e+00,5.391796450892370807e+00,1.935705476892233490e+00
1.714056046172335090e+00,2.478463839141574088e+00,1.705632279258306072e+00,2.916763623875617828e+00,3.498827533374535559e+00
9.497661891990905048e-01,1.809477017634282037e+00,9.487678099554625044e-01,1.962949171499070111e+00,8.421725942204549398e+00
1.888982751596621545e+00,1.857805481961557037e+00,2.223214650981140572e+00,1.804011149394230129e+00,2.344831188790650334e+00
7.464456458498802682e-01,2.074126913057779742e+00,4.793144659886693582e+00,3.143423199739451501e+00,3.574013050135208758e+00
4.854980946318204760e-01,2.166057543220330395e+00,2.784712421882626465e+00,8.580687169886409560e-01,8.284966447254113575e+00
8.968803677333940794e-01,1.813388166428600679e+00,3.941993598513667152e+00,4.679670774615796169e+00,2.894841220320006681e+00
1.209493805234614250e+00,4.279119730914290876e-01,6.642087966708434266e-01,1.977575924801231455e+00,8.942084860698001236e+00
9.368763122079124539e-01,5.097414408415743559e-01,8.866336971997166305e-01,7.720197406541434049e+00,2.355417523305039396e+00
9.120909296013601786e-01,1.542311468439534483e+00,1.049265308699987020e+00,4.913578264873752488e+00,7.117750461373870685e+00
5.330649433982873608e-01,6.683965955599133757e-01,4.960233801637575546e+00,5.205267194739446879e+00,1.214026203648677527e+00
6.339750464976556810e-01,4.002131436939346365e+00,1.157258658079622915e+00,2.069352374474111578e+00,2.998432543023776375e+00
3.685768411729750116e-01,3.259181740336331234e+00,3.832749837212199306e+00,1.292238856838738847e+00,3.455161865126958443e+00
9.788601233894982379e-01,3.453029975583162159e+00,1.595496055214187692e+00,3.590285098516581286e+00,1.204530204983568442e+00
3.547155422145268355e-01,3.594967961280520097e+00,3.509005412383082501e+00,4.441483600662649578e-01,1.579111138477992116e+00
4.514405537192326401e-01,2.139502825567751731e+00,4.242515340745999453e+00,4.724905092847445864e+00,2.512005781254721626e+00
5.756578129458074233e-01,1.472327839787300974e+00,3.359189395312208504e+00,1.666986307121269828e+00,8.213162437527484983e+00
1.540329335676285050e+00,5.689735660013703900e-01,2.213388644928166116e+00,4.363409562616502591e+00,5.641806095694604117e+00
1.924808717786754775e+00,8.550924779890211047e-01,1.361268369775499476e+00,3.284477614474214491e+00,4.860185833136982936e+00
1.595797528353435801e+00,8.899486560581904016e-01,2.348258534772120765e+00,2.902083696181407380e+00,6.446980260356935055e+00
2.003800682374645259e+00,8.126143365935133422e-01,2.005432193050161960e+00,2.514150291454647856e+00,3.973647694564016231e+00
6.189409619920130945e-01,4.129944491437356757e-01,2.284067195036369569e+00,6.097525079721001440e+00,6.329580908930942051e+00
9.710485096514254177e-01,7.754546780376279091e-01,2.642862182365893542e+00,2.944023534663850139e+00,8.596434153008008394e+00
1.679660238815308126e+00,1.129193821180483948e+00,1.901595408882532645e+00,2.144946670849822379e+00,7.009420840912044426e+00
9.018454241814154448e-01,4.617071623078894405e-01,2.733952633505517760e+00,1.944554983386243663e+00,8.625453917744263066e+00
6.103646135388334226e-01,3.992416728952145721e+00,9.313667007577329793e-01,2.737255943137947067e+00,2.185693014442221749e+00
4.734216381916261374e-01,2.314177461515137590e+00,4.292024924114551609e+00,4.327653467680139698e+00,2.561805232618444172e+00
1.933658730773355927e+00,9.973377924494697400e-01,2.859930755421380422e+00,2.732336795185995371e+00,2.812739759567724374e+00
1.860713653010350299e+00,1.022256087113274869e+00,1.651058901380367150e+00,4.163572937934171492e+00,4.109480099535509190e+00
1.726462865605229213e+00,6.525142848648379790e-01,6.981239984813054633e-01,5.858876757842955918e+00,1.867932770280011257e+00
1.466901540981505825e+00,4.890488632811386127e-01,7.823976727626293926e-01,6.672163195617505593e+00,2.421656534946762918e+00
6.174592372327181167e-01,2.465182720809668382e+00,4.040587306781855403e+00,4.067251784929100111e+00,3.543875797986578924e+00
1.069675902089726183e+00,5.376372135734714952e-01,1.916453834289866265e+00,6.943225641188675468e+00,2.898870347992759999e+00
1.019318603660352984e+00,2.478838279320672466e+00,2.379021007865228299e+00,9.828976611923165851e-01,7.486900462567400716e+00
4.907239752169683111e-01,7.366319523694742077e-01,3.607032756508735893e+00,2.574836549994084400e+00,7.978092484652179905e+00
1.636713465577520621e+00,4.968993712431739596e-01,1.890327654083348685e+00,1.168368491938425846e+00,7.285499559567935712e+00
1.451557354035720726e+00,1.153504099070806976e+00,4.218178666126918053e+00,2.565691121830741217e+00,4.367358889462328975e+00
5.386629998882467296e-01,1.825711339253071497e+00,7.502892737153593616e-01,4.773472189437657498e-01,9.422791642294077619e+00
1.388964955090404185e+00,7.894518823316929446e-01,2.084897569729061928e+00,5.053132951443168430e+00,5.648216426561733172e+00
2.033041243875091109e+00,9.557649896946426304e-01,1.893477709608108128e+00,4.157011527257028050e+00,4.936329530599994908e-01
1.554773972846891006e+00,6.619576270972187260e-01,8.483295266297693482e-01,2.854040342004240394e+00,7.439630314648034926e+00
8.276698739658454596e-01,4.513558985352075781e-01,9.588033298009173144e-01,7.071172722652460330e+00,4.700158114652406738e+00
6.285288781216831211e-01,3.370061609283384385e+00,1.571885908091103845e+00,3.460382179017505777e+00,3.471074355754125040e+00
1.713466686912895387e+00,2.377385935668309358e+00,1.437354584187898965e+00,3.333706759709009759e+00,3.986841574589556902e+00
1.078044206948027162e+00,3.344947046137620728e+00,1.371161549135400559e+00,1.149379501387906455e+00,5.468351967384237788e+00
1.358719019778838133e+00,5.994897453434939738e-01,3.632954340190313491e+00,2.018024732033923296e+00,6.398528612434779994e+00
6.095231422934245247e-01,2.019977094451649080e+00,7.111911516204947326e-01,7.433074305885390309e+00,2.294529968294079403e+00
4.693341563371857816e-01,1.665374588137438217e+00,2.044188929486093542e+00,7.568646833091484005e+00,1.032735297571677702e+00
1.159232027731140757e+00,1.352963060680410390e+00,4.284787247043094993e+00,3.715864959966503900e+00,4.017252564694015149e+00
5.575257006192859688e-01,2.146187167438097010e+00,4.521082117001990142e+00,3.185957393238268764e+00,2.956973788334094078e+00
9.134289305496132716e-01,2.618949611110620079e+00,1.157253570849571478e+00,6.190592401591949567e+00,3.047160764023691293e+00
8.386458877478660812e-01,4.288206618912022705e-01,6.420411036463096188e-01,7.070277882383028789e+00,5.339522141816892109e+00
1.565627589780338003e+00,5.321280852469360001e-01,2.809469955578534961e+00,5.147887466908639631e+00,2.225195658369119034e+00
4.591762774678841419e-01,7.700541776291017770e-01,5.615480281210005309e+00,3.098696690290624556e+00,2.619190086834316755e+00
1.144565575312422645e+00,1.279528946058381189e+00,4.174896639864011938e+00,2.719041153246040565e+00,5.437143886706484963e+00
6.995398663644849524e-01,4.919529871209125105e-01,4.814774106622475291e-01,7.363867547186359275e+00,4.741442105426731501e+00
1.783050251392605201e+00,2.486454962011495962e+00,1.758051164569669922e+00,2.993348949741772458e+00,2.707531691666965834e+00
8.163048468446190142e-01,2.380692437972738329e+00,1.428562044457349467e+00,1.078996956713316191e+00,8.153596158965056517e+00
1.244553098099289823e+00,4.895951722082282354e-01,1.302169589108947978e+00,1.928823597167004689e+00,9.002509620693826875e+00
1.348608429632615735e+00,2.035676406021723395e+00,3.982745251340939596e+00,3.295597641545427336e+00,1.979880821938414748e+00
1.163512274011146541e+00,8.529488440753938416e-01,2.069920021914203545e+00,4.332216077506966023e+00,7.798026173548042728e+00
1.696426545672671260e+00,2.887063813449397109e+00,1.212013028511590651e+00,2.873689038578799870e+00,8.236065230705604812e-01
1.301501051871039261e+00,1.768934924663083219e+00,2.888377075002042105e+00,1.629636411259918649e+00,7.084554862020078225e+00
6.474520407389767751e-01,1.938357111828644008e+00,2.481040619473581899e+00,2.763394757943064661e+00,8.025345314864905433e+00
5.638548921396169256e-01,2.256324036769687957e+00,2.153127429561785711e+00,2.036736273068207481e+00,7.821049816059304050e+00
1.655540932400254350e+00,2.425063765629174473e+00,2.130692011935975128e+00,2.559941743753337828e+00,4.379769916829162391e+00
1.061012377058750067e+00,1.427249907457233569e+00,6.354145366799281991e-01,1.811654175579819448e+00,9.142921298392874263e+00
2.280370066042981314e+00,1.013758842422976869e+00,1.001913253503984969e+00,2.153715280288587497e+00,4.915284599146353961e-01
1.938484295435384031e+00,6.406867324542988573e-01,1.616919067680809619e+00,3.108789432127136543e+00,4.825159507785044433e+00
1.225021310912440153e+00,4.547869028164618355e-01,4.900568691413116795e+00,2.227002638150147540e+00,4.335310105593142005e+00
5.752455010189272411e-01,1.551282765206619452e+00,3.605524162065322002e+00,2.084327229689217020e+00,7.622727057148958707e+00
8.362380289085501461e-01,2.188542659648164967e+00,6.700624061104953899e-01,2.477276763504292489e+00,8.511999003668629271e+00
1.183331117744518490e+00,2.001303294914203335e+00,4.267598947909274187e+00,2.171535873120345794e+00,4.312992811873469279e+00
1.207849783681298916e+00,6.465899040321938518e-01,4.352143205424352068e+00,2.765193403036391384e+00,4.704638471465311333e+00
3.310936185066892246e-01,8.074638579163391228e-01,5.328800970707545659e+00,4.477215303736599594e+00,1.574355374085495418e+00
1.495822494027877703e+00,8.101665910365574153e-01,1.078268470783332322e+00,6.050111263024354535e+00,4.130497393859383415e+00
5.880945066466207738e-01,3.981110069443800081e-01,1.119619062470539328e+00,7.871546487643120038e+00,3.048202565060772695e+00
3.835648777279531130e-01,5.447430401968447189e-01,5.874872272566169507e+00,1.993719543724958632e+00,2.916236997709171774e+00
1.759442209647159139e+00,1.969222787003807706e+00,1.519348042600509707e+00,1.067806680255188434e+00,5.444125963726864192e+00
5.271290767506433550e-01,2.843577760326565951e+00,7.890155135885763560e-01,6.096683010956522430e+00,2.136751928870959993e+00
5.698232763614812235e-01,1.230622558398646316e+00,5.818088783799586494e+00,1.430168195129995823e+00,2.774296943142408267e+00
1.135615879969576358e+00,3.125565867022054523e+00,1.645038228660312463e+00,1.071516137971418203e+00,5.875978469748942778e+00
1.051890388532616738e+00,1.152166861173461454e+00,3.893076021782843288e+00,2.581681319543684072e+00,6.468262085612384027e+00
3.769813324769591967e-01,2.710957062617470825e+00,3.838241893174224817e+00,4.460136112811999176e+00,1.569561574016544281e+00
8.527553657954023425e-01,2.389561392622642000e+00,3.843339057594918895e+00,3.513464891145887670e+00,3.727527651947793341e+00
4.032423986936835014e-01,7.911488813098954687e-01,5.991634703297125775e+00,1.326862351090201786e+00,2.664766306989771572e+00
6.527583631609850112e-01,4.048706737195814753e+00,5.743633800254479560e-01,2.943232308380284934e+00,5.014049542291232342e-01
5.464625529016953198e-01,1.974167984619800809e+00,1.990849367833994688e+00,9.114647730584386487e-01,8.950372479098213319e+00
6.718023867869113985e-01,1.291218888267269049e+00,6.444410194274726722e-01,1.020504895037374737e+00,9.819050589041884436e+00
1.247217487831186133e+00,5.650915719455691377e-01,3.184595615786454559e+00,3.304014708095308173e+00,6.818758405766813802e+00
1.677131751913085500e+00,5.715544848387557053e-01,3.694062911909192337e+00,3.568073288666818499e+00,2.245490429798002285e+00
7.325851619050844921e-01,3.932912217444237690e+00,1.913028372266423638e+00,2.731914104789218811e+00,2.053797291975187012e+00
2.279566549656831587e+00,1.012911505520253552e+00,1.066376468873623917e+00,2.107810066254994563e+00,4.906588276045266150e-01
2.047115934125814718e+00,6.699178222753221501e-01,7.304229651249056765e-01,3.347480862335026952e+00,3.251729790278211407e+00
6.847758058631816525e-01,2.348096358129426076e+00,4.353074205734842828e+00,2.969647302678029455e+00,2.980488289679634306e+00
5.659869287380254743e-01,2.122105879019714703e+00,2.714329937223543876e+00,5.849295966660263968e-01,8.042575812590538220e+00
4.725535122135308130e-01,1.846044946790039720e+00,2.874694597772586846e+00,2.144568358040513711e+00,7.843883513001756569e+00
7.388584336555905629e-01,1.238435987060890753e+00,2.750423100801767440e+00,4.150712393373499509e+00,7.520905951402088618e+00
4.570384598016966615e-01,2.909907278649519480e-01,5.814047535957129753e+00,2.001047195049685090e+00,2.879229783516347396e+00
4.860090777155015029e-01,2.995445008173094337e-01,5.803418127696239104e+00,2.001753324228305431e+00,2.879935912694967737e+00
1.840386475358072094e+00,2.235987802026117688e+00,1.896519418413304514e+00,3.505559184392636141e+00,5.396162842367953072e-01
1.113089644269413814e+00,6.987300174858184221e-01,1.830305899846571105e+00,2.265857138620797517e+00,9.032261825150264656e+00
6.818455079583378708e-01,2.335680496835215170e+00,6.883716818943712568e-01,2.085959988425655443e+00,8.208308008591041371e+00
4.778546757149940705e-01,1.542544208180949283e+00,2.176021354063885305e+00,2.063820062015223833e+00,8.524905517096906138e+00
4.868604286570971662e-01,2.890503817149209231e-01,5.465008713321866551e+00,3.240778916241390473e+00,3.159074285790925973e+00
3.246997612597555261e-01,7.504448064857260903e-01,5.070420828117529588e+00,4.971441546970724268e+00,1.165428812131748204e+00
5.144582222976918917e-01,1.966608225354616879e+00,1.382642452961681201e+00,1.777375447501180261e+00,8.753807148919635850e+00
1.168745064835243541e+00,6.133684450109559982e-01,2.624952231401910474e+00,1.568205452040614345e+00,8.280443707609602910e+00
1.229552396906398837e+00,5.568423715037091881e-01,2.568783579263309136e+00,6.074127927801181492e+00,4.081873343213945127e+00
4.026888513538939840e-01,7.705545607736188352e-01,6.013313706053152963e+00,1.334356817508601134e+00,2.604884075005957200e+00
1.008063829488015095e+00,1.875489496827055680e+00,3.571818519855233021e+00,5.796065776141945847e+00,1.257242696223819234e+00
5.151826375641975764e-01,6.202944511556028884e-01,3.998922331457259283e+00,1.402135038575271775e+00,8.352875818640978167e+00
4.078076693466428093e-01,8.872949737577309204e-01,5.460626353739674421e+00,4.086213750599753780e+00,1.566972808298128017e+00
1.493115390325924219e+00,6.622611646098809368e-01,2.849182555997299193e+00,1.418308523383103648e+00,7.155935943610447936e+00
1.074068993946625694e+00,3.306478445374213759e+00,1.362726237549689579e+00,1.804351128765733669e+00,5.466706240567611452e+00
1.149058853447790352e+00,1.798359773872699297e+00,3.162255037745673736e+00,2.009451619761213337e+00,6.807712237921122345e+00
1.137314996366696196e+00,1.318502396093952589e+00,4.060497794031236118e+00,4.336030983122233451e+00,4.281770438919299870e+00
1.371642327878055179e+00,2.792756627279095127e+00,1.201776720239989160e+00,3.439422388247965756e+00,5.052931269270744430e+00
3.170954575127631347e-01,3.152026109753157890e+00,1.242505926712706765e+00,2.594935154314314651e+00,6.192323321299872951e+00
1.020515511052070057e+00,6.231289251161922227e-01,2.180449862168491570e+00,6.479496987066086788e+00,4.941915425361122161e+00
1.239225245626237371e+00,3.682086430561586354e-01,1.409642410491598774e+00,2.415053018734423240e+00,8.711503935459756320e+00
1.228794859020059249e+00,2.693291966444530949e+00,1.658617210487241422e+00,5.314333290796638742e+00,1.014397188353643342e+00
1.195190400480218962e+00,1.392017591783116348e+00,4.679523814304454632e+00,2.798179259025469712e+00,4.048583902640160659e+00
1.326129183352512175e+00,1.561872728655643749e+00,4.614467863884748056e+00,2.981918446299710812e+00,1.639764046202092818e+00
1.374179442161185705e+00,6.490309447219919647e-01,2.478187346235737554e+00,6.260037763631137508e+00,3.676993529810051786e+00
8.312211573167846979e-01,5.205452897977018711e-01,7.062612932627447826e-01,8.031691091607788380e+00,1.502392596839245753e+00
1.424910579886106587e+00,1.006054784854809148e+00,2.142984506119105959e+00,2.132253322476913127e+00,7.471117175087858442e+00
1.192840960800107375e+00,1.628310812898638993e+00,3.370031581691519396e+00,1.628216494776986600e+00,6.753986570455285054e+00
4.729439592585004126e-01,1.501578545933115016e+00,2.240538058264217369e+00,1.154321847491831088e+00,8.932254102778310667e+00
6.964721180869978268e-01,2.624192905440266177e+00,4.460503579990915846e+00,2.229265255397971934e+00,3.593865064146053445e+00
1.327651385357516256e+00,2.599918631922029988e+00,2.160017379736101084e+00,3.994384782028021164e+00,2.801147836844340766e+00
1.757593464170879693e+00,2.309718209700966085e+00,1.353265625931127758e+00,2.508796207389264232e+00,3.969822675870057438e+00
1.626951415265049716e+00,7.730380790356976561e-01,2.896690234809752074e+00,5.308044316193628376e+00,1.085549434900770382e+00
8.769672266270787109e-01,2.680928085797012361e+00,4.369968243253451234e+00,2.104419860760601946e+00,2.411900913520687251e+00
7.757566012120105103e-01,4.154172632069385029e-01,6.141519219251365680e-01,8.017991888756119678e+00,1.912475639468484978e+00
1.089187704049146221e+00,1.620588660717809937e+00,3.947347857323392883e+00,4.881517304383089950e+00,2.429541013254307380e+00
6.079756593689693567e-01,2.213365097520087588e+00,4.235159543240840208e+00,2.769553012592965047e+00,5.372817598896157065e+00
1.896490719479631881e+00,2.282549386356182541e+00,1.017301672161259329e+00,2.421459671096134691e+00,2.296796183138853920e+00
1.101743828704137229e+00,7.806070843964472150e-01,2.759252792008081823e+00,6.465620375299515388e+00,3.039391636408072195e+00
8.121177658133423849e-01,1.835894283232486046e+00,3.084049261205728421e+00,5.555612187196230067e+00,3.725983452183879496e+00
9.164041976242864873e-01,3.685069556718597039e-01,7.397110219096568740e-01,7.723560636392077683e+00,1.338632775116710416e+00
4.772301200476516403e-01,2.760635915099701521e+00,1.141203659030216144e+00,4.128276303283556103e+00,6.210775187872661363e+00
1.789862755168080133e+00,8.701964121219041282e-01,1.888181297857176588e+00,2.207178584584474024e+00,6.363161272169512550e+00
5.844917424733104827e-01,2.576667424551021046e+00,1.077081873486767982e+00,2.210977391230581901e+00,7.524692192556131864e+00
1.147820609628711575e+00,2.209865467017521734e+00,3.403901433979077851e+00,1.419965491202673347e+00,6.453084035638494420e+00
3.536019473345067832e-01,3.764105098027378249e-01,1.660385652837705006e+00,1.216819819683140125e+00,1.001547457270591579e+01
4.306156562366571516e-01,3.348788079686932484e+00,1.110956942864135932e+00,4.199522844418251410e-01,6.518892153718151228e+00
1.156899802618585715e+00,3.482899443949488028e+00,1.894773198343277176e+00,3.503717745814577178e+00,5.669441137727190272e-01
1.685735106590316335e+00,2.480327807066090351e+00,2.238924971679740583e+00,2.531247991310366707e+00,3.061806539780724812e+00
1.188512024568785908e+00,1.234692077119556419e+00,4.178310667742127116e+00,2.737691225710518594e+00,5.455797512925950166e+00
1.551552862490358287e+00,7.921412920133590330e-01,8.551588534306191480e-01,2.860756730672063597e+00,7.446453989297900478e+00
5.005315510313370631e-01,1.837250453236341619e+00,2.462626307565273009e+00,2.335671617214457818e+00,8.153102279152832921e+00
5.633612241585206348e-01,1.773585143147832666e+00,2.723063300973091128e+00,2.130459390622279514e+00,7.965810222752150338e+00
6.483379539179845441e-01,2.508117263994696255e+00,3.844179087530728456e+00,4.436438775441159166e+00,1.569840381291589759e+00
7.123979047497464023e-01,1.934369551944554289e+00,3.001818089945516910e+00,6.461315131883231366e+00,1.148322173176040462e+00
9.081532426833356375e-01,1.479010178322018865e+00,4.102899920747542950e+00,5.358068793519460193e+00,2.455213855773974885e+00
1.827259358928964961e+00,8.829729578923463107e-01,1.908647342765065424e+00,1.546864782524723703e+00,6.370592995684885906e+00
1.006752773412957769e+00,1.582005145198698948e+00,2.668214372902356857e+00,1.260014340128126964e+00,8.203518537714474590e+00
8.762691237365785035e-01,3.922596877401852478e+00,1.393157042315383398e+00,3.203308569728824384e+00,4.106580925509317193e-01
7.103061147337923487e-01,1.162627088766078121e+00,2.610635949253254040e+00,6.761691602808292068e+00,3.906974869224904445e+00
9.972848948120249801e-01,3.216223530632224659e+00,2.292531700523569249e+00,1.857314381444508111e+00,5.424805083845606113e+00
5.688427925793771989e-01,2.985640211648534326e+00,7.483066910874248689e-01,2.721967529677881803e+00,7.251904724006892344e+00
7.423888298963526866e-01,1.112596418834519651e+00,7.480508042106154276e-01,6.901263449999923694e+00,5.540049280134990539e+00
1.446987206430146111e+00,2.305288465509974571e+00,1.691107098626509986e+00,1.924636042903956623e+00,6.463326119282129412e+00
1.038699535574358235e+00,6.010074755729994944e-01,2.354819224410078515e+00,6.653222182161870890e+00,3.813821097972101004e+00
2.242645048994245993e+00,1.009463656694469247e+00,1.822438578789276731e+00,2.208872664853301693e+00,5.042420127039903832e-01
1.461234391219570661e+00,2.267348378152695521e+00,4.039385732439275678e+00,2.162209139928743973e+00,8.642185319632271767e-01
8.510514181826418501e-01,1.466396344616625047e+00,1.032009959677699928e+00,5.357712918044292838e-01,9.599810777692184161e+00
4.898720800499081207e-01,2.677983793151502923e+00,3.318613923619943229e+00,2.647789745690668717e+00,5.881032552321030060e+00
1.670505524988444179e+00,1.857409042491143580e+00,1.868725610025178785e+00,4.401896153248679333e+00,2.847775358019331904e+00
6.621592389657495747e-01,2.487436266293082010e+00,3.123143010430683653e+00,5.613310954458450297e+00,9.624529239758227162e-01
7.795865501101801875e-01,2.041545953082684051e+00,4.212868287227319541e+00,2.778590983902602396e+00,5.347843095177077011e+00
1.039047001222076272e+00,2.181993888415659111e+00,3.829009964962171164e+00,4.441956375557528425e+00,1.558148577412307612e+00
7.187880333971485847e-01,1.367273324132316059e+00,6.861952122102272789e-01,1.821183742859846522e+00,9.639946601119815384e+00
8.482000317707807380e-01,3.028096018654008237e+00,8.115219635500758866e-01,5.359900383418573000e+00,2.299723718617381785e+00
1.003284029981356795e+00,6.272574937948115492e-01,2.213685061460377135e+00,6.568580128728616074e+00,4.397562891065323498e+00
9.632617523966404693e-01,5.578242701475445431e-01,2.656534870272198923e+00,3.764366668339012456e+00,7.883868721707509408e+00
1.004404032956580428e+00,1.231411404340737370e+00,3.421774348779901942e+00,6.115540719975747663e+00,2.912213380441940558e+00
1.462045899299426743e+00,2.580542298474694629e+00,1.189628958808990333e+00,3.401379647959856811e+00,4.277799197867418357e+00
1.065090571846039058e+00,3.168808405435455722e+00,1.413805158316534749e+00,3.516070923882412380e+00,3.726605105465598200e+00
3.991659587483841198e-01,1.625276182248920120e+00,2.448138637463556755e+00,4.078557313396158346e-01,8.968119622829247461e+00
7.594925965060626005e-01,3.188177836453115255e+00,1.167618813199984062e+00,2.640006104974006895e+00,6.050483735038405086e+00
7.321923469364844950e-01,1.043134542707998769e+00,2.155960441691215479e+00,1.410494973069488456e+00,9.381993174941190006e+00
6.494671469335580039e-01,3.246359627115023017e+00,1.269170688755116183e+00,2.804258583341127320e+00,5.239668509155162468e+00
4.092059877219499375e-01,8.824182541732519258e-01,5.091078636587873518e+00,4.343099340680102394e+00,3.371338993749280810e+00
1.578216660414348382e+00,2.512653260699431623e+00,1.627250515429063737e+00,3.110201630582353438e+00,3.363853995412970477e+00
1.725802376140373795e+00,2.102428437354507906e+00,3.753940260911187377e+00,1.847577486298982663e+00,9.646451152466940515e-01
1.403620114624083648e+00,7.405052876645524806e-01,1.782488309731521614e+00,5.058379118013479392e+00,5.577365562061707749e+00
1.902081029305182192e+00,1.986862084539519735e+00,1.556753193666402968e+00,2.390454787321449004e+00,2.265791299364168232e+00
1.196565192690731694e+00,2.997563323689911741e+00,7.016963272608176538e-01,5.219599127371226999e+00,1.808690748249027758e+00
7.260411642432719193e-01,4.526770771788997116e-01,7.680814645705097421e-01,8.095695444028729426e+00,7.177780838474296932e-01
1.418167189396330796e+00,3.064717549018013631e+00,1.578662671808666706e+00,1.985375368008788888e+00,3.975860938852566306e+00
1.050684361289743851e+00,1.486725849072322525e+00,4.041400792641963946e+00,3.545834139974976651e+00,4.561248220420427657e+00
6.653718692302069693e-01,9.453251367970991748e-01,7.531998129382374563e-01,7.120514962283415628e+00,5.406035152095747698e+00
9.844230376042220065e-01,5.388123231565932203e-01,3.096833594932625555e+00,1.522982547877744786e+00,8.266097234944135508e+00
1.894282352998875263e+00,2.313840404295715025e+00,2.759354595417636613e+00,1.983469273972596758e+00,9.788624340369598276e-01
4.363628518068732864e-01,7.267636524233569428e-01,5.401422201745772256e+00,4.271879197209788259e+00,1.561689600569040604e+00
4.977692056453568714e-01,1.401767337197449725e+00,5.029896713233933170e+00,4.795149827133255549e+00,2.383620014145021671e+00
5.916602279208114101e-01,2.857475456249364942e+00,3.274722171203228616e+00,4.865348067692175427e+00,2.514749890259931675e+00
6.578904643884218029e-01,2.049303557246762608e+00,3.387318599206051939e+00,8.567967498518536118e-01,7.921268274907162343e+00
3.434053231298753728e-01,1.005374736097947697e+00,5.826981074503436275e+00,2.607422982808010659e+00,1.200183221256125643e+00
4.904181585960242229e-01,8.328921727675202558e-01,5.616694831689223122e+00,1.110054111190898585e+00,4.622901438867465629e+00
1.507918811300081652e+00,2.919248997908623799e+00,1.022435905655357802e+00,3.904322947468696903e+00,3.207920306104712793e+00
7.098716919989148666e-01,2.396391415174220718e+00,4.303511063322871699e+00,3.658754003255378251e+00,2.731547147615621896e+00
5.151598582291030404e-01,1.630412842273790019e+00,2.359400987058675625e+00,6.537698265131901554e-01,9.049699524912311333e+00
1.202342072960137065e+00,6.236443313605186667e-01,3.841310992822305703e+00,1.913657307405163266e+00,6.435794781959002897e+00
1.235869339151075108e+00,2.337091739534616242e+00,3.834415132933785220e+00,2.777784503850578179e+00,4.099499447038584599e+00
3.741611245454768420e-01,2.725621069564748034e+00,3.920908964394597795e+00,4.169455442821677238e+00,2.021558973495172662e+00
1.213841994842547845e+00,2.985760336434414963e+00,1.698735366763376664e+00,4.814385740775225742e+00,1.149890491113325641e+00
1.233565145434514010e+00,9.934762011593782915e-01,3.752300316104186351e+00,1.025321473657358373e+00,6.931711175017463589e+00
1.166198993446393661e+00,2.472690839636546123e+00,4.331366210966056229e+00,2.171320291324994933e+00,1.659024214640068440e+00
6.566083103614428484e-01,2.386731842243099866e+00,3.307131678384454876e+00,5.878760068410377571e+00,1.024430697193472017e+00
1.967084623461374582e+00,2.402466110761377394e+00,2.005271741065385083e+00,2.111309576868527493e+00,1.860508048636578593e+00
1.036004930552165915e+00,6.364029043881351821e-01,3.340588171383200855e+00,6.034354542579046132e+00,2.831027203045239471e+00
1.328077557555222388e+00,2.020541470438119713e+00,1.864020779185441512e+00,2.425987639547273922e+00,6.985064720610564493e+00
7.716481534066604864e-01,2.541559289379983433e+00,8.492071295129660635e-01,2.685464765787570762e+00,7.464183926852847151e+00
6.122818566879488777e-01,2.425323414658925092e+00,3.086349852988796716e+00,5.541217229850986747e+00,1.312330461383958591e+00
1.794857418325258802e+00,8.326474944101349696e-01,4.176285650554383722e+00,2.128539195098936965e+00,4.652932182626703939e-01
1.017498532684309787e+00,6.390643989606488162e-01,2.228642271311029877e+00,1.073759323093836038e+00,8.927631566993424528e+00
4.319047658287220037e-01,1.313615374881382802e+00,5.814128869447755754e+00,1.197190515214447304e+00,3.647213148458815279e+00
1.130806218816050590e+00,2.086791036469596961e+00,3.927958383097443384e+00,1.927884284412107796e+00,5.245862357850301194e+00
4.211860587073905648e-01,3.468960904447299654e-01,4.336417577876260365e-01,7.448536370902882453e+00,4.684080368965860330e+00
8.458576091912650696e-01,5.266637679726957622e-01,5.548684151474383430e-01,8.119036581540733266e+00,7.843190943157667405e-01
8.805446373878311750e-01,1.009108078992484225e+00,2.697436167519428274e+00,6.938575739944824683e+00,2.318525462831199757e+00
1.237440510524790760e+00,1.544844174619150357e+00,4.128950435719907830e+00,2.653226089463673443e+00,4.843880941311573984e+00
7.666411429647892462e-01,3.812405073257455701e+00,1.331091569717208767e+00,2.892211714336236028e+00,2.306913164516731563e+00
9.307608788142942569e-01,3.225809858047201661e+00,2.650920695091096846e+00,3.310419177261556545e+00,4.002401648882107921e+00
9.479418829550387837e-01,2.292027506638982359e+00,3.886657127839002523e+00,4.620985373055212619e+00,1.784692350687614226e+00
4.945838721319774089e-01,1.858588638937193505e+00,3.345402517760678762e+00,2.295486312881913626e+00,7.220327629375995038e+00
3.072105497874749180e-01,8.492411517158799938e-01,2.931867303632868182e+00,2.589499776471901882e+00,8.677065033934253435e+00
4.469121882008412761e-01,1.761935199953673870e+00,2.454261914172848780e+00,1.945846113644641884e+00,8.233932715357742183e+00
7.555423257070006393e-01,2.628386935856049877e+00,1.960673040912573661e+00,6.263231946056766475e+00,1.603794165791187609e+00
9.971608808821436076e-01,1.307770763575102357e+00,3.167087318129016893e+00,3.267866534826706637e+00,7.439490832912376561e+00
1.503738542005385925e+00,1.015318131100386267e+00,4.200942275039467155e+00,2.561560124270899408e+00,4.445932703752891513e+00
3.684252573138145359e-01,1.379456848944789371e+00,5.438916012858782345e+00,2.389140995160377923e+00,4.300937081280510554e+00
3.403067705571131141e-01,1.207351394411602552e+00,5.751946015200235962e+00,1.990236524762882819e+00,3.186531139498429255e+00
3.554512474157271451e-01,8.617134318202619436e-01,1.169206402908170350e+00,6.596283360519200611e-01,1.000505387101426180e+01
7.616206273626985324e-01,3.478773610702903696e+00,1.986666003843593931e+00,1.984234333557573171e+00,3.948594528906760548e+00
1.190113473501802188e+00,2.477855714994771752e+00,1.943241979213280679e+00,2.744598169870038795e+00,5.485536610196490415e+00
9.269589267492719387e-01,1.494463172721785638e+00,2.320647687546076643e+00,1.171345683048016451e+00,8.634508312213622361e+00
7.446503777725442808e-01,3.693235991209338209e+00,1.854123376241165300e+00,1.277843701845755575e+00,4.765640234307136680e+00
3.874529725131065083e-01,1.932095405513081454e+00,2.155974771542804369e+00,2.580197675749990260e+00,8.421167081711999458e+00
1.330734956844269679e+00,7.123405744561203123e-01,8.029362417210632596e-01,4.358798464978493215e+00,7.149132030016276396e+00
3.891859133660386383e-01,3.460076310163837210e+00,2.224835676796408812e+00,4.049785560161025089e+00,2.262361556621441672e+00
1.043588602780505248e+00,1.454935745755134846e+00,3.864931740884454570e+00,3.397430522675350062e+00,5.539189375617281641e+00
4.321434181309085076e-01,2.157275222424765548e+00,7.845105713890951904e-01,3.306867678683921286e-01,9.009466211087927334e+00
1.696897982067035127e+00,2.580547441412587961e+00,1.475655315593114691e+00,2.138992575060652435e+00,4.816699855654138496e+00
6.261563352052378351e-01,1.441306441368804148e+00,8.877194927630709387e-01,7.286640346217219566e+00,4.475763250242105862e+00
3.639642250917983213e-01,2.525218851393478126e+00,3.910043247067751970e+00,3.999242969111795443e+00,3.554421788251715952e+00
3.995711856058716260e-01,2.171782802895549924e+00,4.275454506933207277e+00,4.284424285895680029e+00,3.748920015417425144e+00
1.741923861228485304e+00,9.579778245593583152e-01,2.715881486712649284e+00,2.591768669178716067e+00,4.799165017200960115e+00
6.267352160499102265e-01,5.816491367008522761e-01,1.208413231346472161e+00,7.692211262517321124e+00,3.923016872285575385e+00
1.234274940727914771e+00,1.437823503873589814e+00,4.709031496784046311e+00,3.273362632627009106e+00,2.951834012658236084e+00
1.138296142527702948e+00,6.947536302004879705e-01,2.360468790160305641e+00,6.241335720236477869e+00,4.769091770301411515e+00
5.894287071064086003e-01,1.462210860475250174e+00,5.407606607439647828e-01,7.845801795258337208e+00,1.138491501064188727e+00
1.185878271088511848e+00,1.266395665522380476e+00,4.287296587427840144e+00,3.718131075214174075e+00,4.008080928683150468e+00
1.092334434690053868e+00,1.723374899567653884e+00,3.742515856354953208e+00,3.541008959853747751e+00,4.559181181232872859e+00
7.674181694504403906e-01,3.119804060121935674e+00,1.330258143040917940e+00,4.023349585264315742e+00,5.483462458646486404e+00
1.736883509307455498e+00,2.031708699184947342e+00,7.872174038425990839e-01,3.567062070893602943e+00,4.311472297807490861e+00
3.886980595851490805e-01,9.974172389120545823e-01,6.087961249866484792e+00,1.202867009957848010e+00,2.449812690940237125e+00
9.038720878889359156e-01,2.760187736720124185e+00,1.770503159995445497e+00,1.831696990764502875e+00,7.158638508583068827e+00
5.462599989236593956e-01,1.903505367698564266e+00,3.224162573677143317e+00,5.423001923073107022e+00,4.496434289028299780e+00
6.973860894703813873e-01,4.892572062434178970e-01,4.515807961670176285e-01,7.359241883508238047e+00,4.742321566879060590e+00
7.966267923647645244e-01,1.209640028879519269e+00,1.442693584343858637e+00,1.707390897563511478e+00,9.234042020774992920e+00
4.827641739908085095e-01,8.159766198851652330e-01,5.211388314157492374e+00,1.044730299180419486e+00,5.894074706355509896e+00
1.380205339202510650e+00,1.980029576091760113e+00,1.587103965087444779e+00,2.497518502705969645e+00,7.210062868403230851e+00
4.703079604342859099e-01,2.108166570063203960e+00,1.560060169322845303e+00,1.923212470599387380e+00,8.167836185204059518e+00
5.705369099669133082e-01,7.494094891876472708e-01,2.915868390825967271e+00,2.213481383217853260e+00,8.845822171712582005e+00
3.953963056505452878e-01,2.931961931503807239e+00,1.187952969374755030e+00,4.535683191051834484e+00,5.224936750814594077e+00
6.996915917106313332e-01,3.388798397464669154e+00,1.983436202596257747e+00,2.422466092138235272e+00,4.916339551053478196e+00
1.577162220632739809e+00,7.083388211674845891e-01,3.494472572645959563e+00,4.620429071212122984e+00,1.336673960812230000e+00
1.274561256707673618e+00,2.127732605729584670e+00,1.825509338139012616e+00,2.421614302838570598e+00,6.946969467275270205e+00
4.413007393666306677e-01,1.897371033739362112e+00,7.445267720524710864e-01,4.923813721944674815e-01,9.438015272427142222e+00
1.697862254965403217e+00,2.063384719571472736e+00,3.666207079039802252e+00,2.783659446565742268e+00,9.743655906382683307e-01
5.541359590224418374e-01,6.052200597920067704e-01,3.529899423743159570e+00,9.346136475758390905e-01,8.648185251769589854e+00
1.101140478620685981e+00,7.086439281456675676e-01,1.716385757378261712e+00,4.079628902586998507e+00,7.871036644813816707e+00
1.492494238347173319e+00,9.224112845291845275e-01,2.188624025583133292e+00,6.531135561989033000e+00,6.554009032149069602e-01
3.099566840574144999e-01,7.748083390479301169e-01,5.146581383831268397e+00,4.362979221232676785e+00,2.993576274437568241e+00
3.247780943400265241e-01,8.612482986891851766e-01,2.940925540764976809e+00,2.575772592796805149e+00,8.718179829898682343e+00
3.492312074798969435e-01,1.490185611480007388e+00,5.164089145778363310e-01,7.737632122466071571e+00,1.996745405591289657e+00
1.796359621765566850e+00,1.016761785458933698e+00,6.744591026360255981e-01,5.978289466229535165e+00,1.455744369151692030e+00
1.862286693362751322e+00,8.722302995737528652e-01,1.116744432534310771e+00,5.258568589043440156e+00,2.294703611260249687e+00
8.103793948179021100e-01,3.616195119923782730e+00,2.579955569159382289e+00,3.145625876335918836e+00,1.831642985396556567e+00
4.647769959522420335e-01,7.600699532891536103e-01,2.942782984212216402e+00,1.266665921134407791e+00,9.281899616375904216e+00
5.006029611222839737e-01,6.273235821949725288e-01,4.574290033103012298e-01,6.087112115559855097e-01,1.001014093431211904e+01
1.055166663228242818e+00,2.107475930729532987e+00,4.592609153743886452e+00,2.861686909589976846e+00,1.105733555660660894e+00
9.585375696689137914e-01,2.591628381893951172e+00,3.535873429865123985e+00,2.309361604272420543e+00,5.515373165125970978e+00
1.153548410268770752e+00,2.182742950978882490e+00,1.737159812328191499e+00,4.944683479125778547e+00,4.464704545783638956e+00
1.403391904320709260e+00,2.276403782660735953e+00,4.360895612322416071e+00,2.201645902314319336e+00,4.996382478039883557e-01
3.600626719078849902e-01,2.749283157569026415e+00,3.353731007665145203e+00,4.673275631213283710e+00,2.586758196970339263e+00
1.573603365430557899e+00,5.229003674592316298e-01,3.018442957023472317e+00,4.865077759887046049e+00,8.773741519266149425e-01
9.951023329252863814e-01,2.007495574472024202e+00,2.952554159812650791e+00,5.928367395631946479e+00,2.495338072970377130e+00
4.028398873697910942e-01,1.061425330038943793e+00,4.818854530161697625e+00,1.401182839827356030e+00,6.413665920217605176e+00
8.607651400723426161e-01,1.759585096294568496e+00,3.376010305971332226e+00,5.247389495107033675e+00,4.640406876821007387e+00
4.896197122873179874e-01,7.159770992059539818e-01,4.362722135088338504e+00,5.569326211976386887e+00,3.343526705554797918e+00
7.648694149589347901e-01,3.285111084603554943e+00,3.050033014101928508e+00,3.487340431759043291e+00,2.778261551811124441e+00
6.090137007744431674e-01,1.836700674779004228e+00,3.613302951221992299e+00,5.516529058913398842e+00,3.354892441600766606e+00
8.573895532902220395e-01,1.910426694180280105e+00,4.513142953926878143e+00,1.141458478496457873e+00,5.938904377098711329e+00
8.101581904566810266e-01,7.033686152259541746e-01,5.680301041445502186e+00,1.198473476943801685e+00,4.066054856599376599e+00
4.988878974044065329e-01,2.006862523863452097e+00,3.660143670426305285e+00,4.256546716876890457e+00,5.469296029667078507e+00
6.449847069215961515e-01,1.722418523428520531e+00,3.112407504566314653e+00,1.692663497249899285e+00,7.926435600150416150e+00
1.139154133371570232e+00,2.746123557642689672e+00,3.997387328662678652e+00,2.124528600811979473e+00,1.156064943782125098e+00
8.148425461589532404e-01,1.215206061784634972e+00,5.770245267996835237e-01,7.869706079727300185e+00,1.357073981457169509e+00
3.639081107244261371e-01,1.019741558610368859e+00,6.104015912504103802e+00,1.218921672595467243e+00,2.465867353577856136e+00
7.827021606126984832e-01,3.442459442722798801e+00,2.460161971618523680e+00,2.021489547725659808e+00,4.671479338166077966e+00
5.064674935196369354e-01,8.730680107779453802e-01,5.993878515087241787e+00,2.182991716189654596e+00,1.860176286242642085e+00
1.173422431724834070e+00,2.169342183638589994e+00,1.489089791779923067e+00,4.647401882187397248e+00,5.715843175539306209e+00
1.493443685029427703e+00,1.682750204453892229e+00,1.294684143126933806e+00,1.857931596886633452e+00,7.258836607208863256e+00
6.189567346141309212e-01,2.775158938202168635e+00,3.881345363494722811e+00,3.423733612082992206e+00,3.069590412072706886e+00
1.426070022681596328e+00,4.290116282261531300e-01,2.512146531065941879e+00,4.560390224770194401e+00,5.415055003211676876e+00
5.178947556046580303e-01,2.719330438282654860e+00,3.365817797622517649e+00,1.010681765978556301e+00,6.663186183070648028e+00
3.344422383004108101e-01,3.249596528219003133e+00,4.173551068978831324e+00,5.509267565004017930e-01,2.449748432912744356e+00
8.846253413764566531e-01,1.098667520627703453e+00,5.930961614427809891e-01,7.887604058638551408e+00,1.348332301098134733e+00
2.056937552283120585e+00,9.455533179629612706e-01,2.106156552769634871e+00,3.519273431470048674e+00,5.338839148218477160e-01
1.139982793886989532e+00,1.946109805552668215e+00,3.422048423675307927e+00,5.823714963676065004e+00,5.398783186027096281e-01
2.035199780615765341e+00,1.090202448228844601e+00,3.068169345881382348e+00,2.631189728450712195e+00,6.412472527264223565e-01
7.376823314115321661e-01,1.154032203586641270e+00,2.335780679114286329e+00,8.850980717077281401e-01,8.979228421945387950e+00
4.676867502323544534e-01,1.665308922716991713e+00,4.885125422703404219e+00,4.836513986765268669e+00,6.372738687021366477e-01
1.493809305322752579e+00,7.797757387554657971e-01,4.619037078384859107e+00,2.794324759105137890e+00,2.496152432522863673e+00
9.500560238773175792e-01,1.271596217277172869e+00,9.913692327064552723e-01,4.464094191565529002e+00,7.922569300169790552e+00
1.600550014698767898e+00,2.572198783610081474e+00,2.300967485352058528e+00,2.708302486390681718e+00,3.744782898184215281e+00
7.929915488688819014e-01,9.172920075695121245e-01,4.158221878972844010e+00,2.077405771771775544e+00,7.269620060388817251e+00
2.880893294476693511e-01,1.528998231030051835e+00,2.545638778232823363e+00,1.817850508567457002e+00,8.582719059351024526e+00
4.107733639433681638e-01,8.032583363800054332e-01,4.484500980288197880e+00,9.649648968491535417e-01,7.444576788244403609e+00
9.684366733501030833e-01,3.089795316442387918e+00,1.116477706295226469e+00,1.875074634763556070e+00,6.370537470392313217e+00
3.004855372132689273e-01,6.185021929661436157e-01,3.669754385773541516e-01,5.702983843170452705e-01,1.013893781946955563e+01
1.060484278122419521e+00,6.452394582007358048e-01,2.331970389506014207e+00,1.115162298241980654e+00,8.775677373700910167e+00
6.603867414950665982e-01,2.047100592794876217e+00,2.561965138628793603e+00,5.970057404507427279e+00,5.112155280145524117e+00
9.859411935159123619e-01,3.884933333057866811e+00,1.410986789366218463e+00,3.208799917411570668e+00,4.278889034006688186e-01
7.627555137161790011e-01,2.181418467496794023e+00,3.008072632850220529e+00,1.396189535866710685e+00,7.427115081489962023e+00
1.280194771449063573e+00,7.768540363398670490e-01,1.376083903275844067e+00,1.413017980625701941e+00,8.766589214710831968e+00
3.750911496393719569e-01,2.539401634922348272e+00,3.926184072937186187e+00,4.015509916988521333e+00,3.526502340627070353e+00
2.071250680100139352e+00,1.349190584375056456e+00,2.073619442775276323e+00,3.616802872425969984e+00,5.425973909678895035e-01
1.717933318422494082e+00,8.203970280068846321e-01,3.355888442641147051e+00,4.582694691190105196e+00,1.103906687709000689e+00
4.973672782497362554e-01,1.932392354592219696e+00,3.505694625024275091e+00,4.626052129579249161e+00,5.476222735329020708e+00
1.173128464941046500e+00,1.764497497419327932e+00,4.660257794777420415e+00,1.259081760347321888e+00,4.392949612195452325e+00
1.022540559531189164e+00,3.565611766136880245e+00,8.481950655790035931e-01,3.771718855962688188e+00,2.997453768216379544e+00
1.616646541743484988e+00,9.487967695127070833e-01,4.097212634992413172e+00,2.056337918893189176e+00,3.583483521103600911e+00
7.222460320691533875e-01,3.867433272849875703e+00,2.163347277589364293e+00,1.454400800474914046e+00,3.761885991114399364e+00
1.616365490964748908e+00,7.637120068634146719e-01,2.941301823490500844e+00,5.038063107111891981e+00,2.297025922256525465e+00
5.553411853575314083e-01,2.492820854629873573e+00,3.393980243007088227e+00,5.146997460274570280e+00,3.308186957714354559e+00
1.651833629223038669e+00,2.563598851890017905e+00,2.030076048744621886e+00,1.024517778072509433e+00,4.953812510967294358e+00
3.848592879010900303e-01,9.789568815473193020e-01,4.055727714172118858e+00,5.837585403208394474e+00,3.213519851807580707e+00
2.472816707397673952e-01,6.617323682483272629e-01,5.777841245189712538e+00,2.631916971392710192e+00,2.468032535131088334e+00
3.189973002754948883e-01,1.237919611311479207e+00,2.011292665910973998e+00,3.358566079512254277e+00,8.615157151076887843e+00
3.512562769801844675e-01,3.554055735436415731e+00,1.391838801443758822e+00,1.818358961254531003e+00,5.213635771468406510e+00
3.744309572865814340e-01,1.018346231790471235e+00,6.175012893724503016e+00,1.221980635844940988e+00,1.677604915624212989e+00
8.199680058543097338e-01,4.072070696240704946e-01,5.729848320016777130e+00,1.257547312107008874e+00,3.655035186670618330e+00
1.775561700473293536e+00,7.743333113406297707e-01,2.592667317113681147e+00,5.021599321857653564e+00,1.798117863640724456e+00
1.855590055039941344e+00,2.477275377980581617e+00,1.109582285153685621e+00,1.419965656973637635e+00,3.307111257839900897e+00
1.550859904938043377e+00,9.086396648185759428e-01,2.338153135927618198e+00,5.818844747700075537e+00,5.702355191344434804e-01
1.319785064335420532e+00,1.765975599561683040e+00,4.626378837372048025e+00,3.235185439471603974e+00,2.613161252629340403e+00
3.437991071486788397e-01,9.535186515970416332e-01,5.884222452979973816e+00,1.169787003894223298e+00,3.679844097312646056e+00
4.914095661357018585e-01,2.025246887185453648e+00,6.943968189374509770e-01,5.428185097330745501e-01,9.394569788226634799e+00
3.767498442392054336e-01,2.552968920502222794e+00,4.217093856981593447e+00,3.012438087712721924e+00,3.538554404769815420e+00
5.034860133899764500e-01,4.584670297540970330e-01,4.430636116487427500e+00,9.490359034609944233e-01,7.456676161912149325e+00
1.751892544772988280e+00,2.365518065940013681e+00,3.225583787669365154e+00,3.343877762246049379e+00,1.016239001513093099e+00
1.997459655053764327e-01,2.384865761838952936e-01,2.101214744732723960e-01,2.108496480455177569e-01,1.019176748347921446e+01
3.872598088677409178e-01,1.437746338532970292e+00,1.921764571097539509e+00,1.082585575451287863e+00,9.418489737290650865e+00
5.796596115958432271e-01,6.458762495818359817e-01,4.664480435773047162e+00,2.201393848531077779e+00,6.948278939825682343e+00
8.795148192974976409e-01,2.961067838106632877e+00,1.183551291351753409e+00,5.077983092408192789e+00,4.059517253072965737e+00
3.579446578601011564e-01,1.518386312527536752e+00,2.676777548478570523e+00,1.875273481070475201e+00,8.272674626994520608e+00
2.137228912970928540e+00,8.722004842695390003e-01,2.423789960275642752e+00,2.618080751759118918e+00,6.279820106770395149e-01
1.681186866521774625e+00,2.219562283033488903e+00,1.398878087119650004e+00,3.597371287829877140e+00,4.342292546309304058e+00
6.994337570958375494e-01,1.328828050123959104e+00,6.101582981390940574e-01,3.904400592056530783e+00,8.428953980771142440e+00
6.889680778273457040e-01,3.120492694121780985e+00,4.052168096775975670e+00,2.108665100174420548e+00,3.083329845020581494e+00
6.732903605514748424e-01,2.713255291788980283e+00,4.253840351261494845e+00,3.100718758794319019e+00,2.244051625441515263e+00
1.751169008054377141e+00,2.859201066890201037e+00,1.498223953587815238e+00,3.092639492907510945e+00,6.174604839386659272e-01
3.936010184506354426e-01,2.934124271238230719e+00,1.174408324023415773e+00,4.641061133092708069e+00,5.066045627442002264e+00
1.926416317816715296e+00,5.111012872592759493e-01,2.047251920871662634e+00,2.054311984779487066e+00,5.029575694758672277e+00
9.372345033759326149e-01,1.758284320384782218e+00,3.529530149468556477e+00,9.603319855219958345e-01,7.802503704287144792e+00
6.033474617779944760e-01,1.941458896935448486e+00,3.337584869737621140e+00,9.271505423931427625e-01,7.930223086620323159e+00
8.899532994935327457e-01,1.955971831463452659e+00,3.544629875899815374e+00,3.283242880548518983e+00,6.469670795566192290e+00
1.548663019838564470e+00,7.902408422595672555e-01,1.655980209062741126e+00,6.365318487322380037e+00,8.565628818225945462e-01
4.742844099476003494e-01,1.309000914525008774e+00,5.961677349861405517e+00,1.388303393378822026e+00,1.979263213094156981e+00
7.138549313949615893e-01,4.049729577177474837e+00,1.417604892074319167e+00,7.545964959346791456e-01,3.319858545817353068e+00
5.095116495960534397e-01,1.245747662350906504e+00,4.109739330817317793e+00,5.731155813630417484e+00,3.169663255459953533e+00
1.265521970961680509e+00,1.909493425938875610e+00,1.894085463063289954e+00,5.872877411951828108e+00,3.910769900633181972e+00
7.924680573682290063e-01,2.088193052975053643e+00,1.395401417141064693e+00,3.235082508558878800e+00,8.169367648328845988e+00
5.248601056014213784e-01,1.185332413552600883e+00,4.679621841232389556e+00,1.578104378458315304e+00,6.940776061282271314e+00
1.619441214403426699e+00,2.751248257960702492e+00,1.045964904023746200e+00,2.766207107602267179e+00,2.947878940516710067e+00
1.058419183256385177e+00,1.895733892937354614e+00,4.318356976030840677e+00,2.185950362049297269e+00,5.362919730608205704e+00
6.405004008549883832e-01,9.365572240417442407e-01,5.760166773453589961e+00,2.624096443182228011e+00,1.216856681630342774e+00
1.710784198717330451e+00,6.757877911013505656e-01,6.500264251389862302e-01,6.233414722424461374e+00,8.205982043465516185e-01
7.470955312382043800e-01,1.965016231149614434e+00,8.005216627097568871e-01,4.989214968754467350e+00,6.940670719066274863e+00
7.880545677970778318e-01,3.396280062105459852e+00,3.917104629509651215e+00,1.567046759024980584e+00,1.705422232165744179e+00
1.608432979050822276e+00,1.396111636991160143e+00,1.964581719852955599e+00,4.094280661154058087e+00,6.136064985219026546e+00
4.305382820529877752e-01,3.348318682687870584e+00,1.110788172673682128e+00,4.543521387131488343e-01,6.518834378674371877e+00
1.048842672448277336e+00,3.693672978991512146e+00,8.675208734297383817e-01,3.136199788655597231e+00,2.997684188520791437e+00
8.517682423188290830e-01,3.897825588677826580e+00,1.597929035807377440e+00,8.890721456655679145e-01,3.286241504230901889e+00
5.195305253894481057e-01,2.779456006830591797e+00,4.277708135700795111e+00,2.291139788667718058e+00,3.596893369960923348e+00
6.163934619562295714e-01,3.273971743406321799e+00,3.781104861572366804e+00,1.426709786406613167e+00,3.734568177099444330e+00
3.208921557356835264e-01,1.277856005308257936e+00,5.906226013842904798e+00,1.837004132146351054e+00,1.330639884841376519e+00
1.236771204351765352e+00,2.440009131329990755e+00,1.779349247322733696e+00,3.631863731805362594e+00,5.595411987700150469e+00
5.134250617023443652e-01,3.070519678365872807e+00,6.871932886220100123e-01,5.410271237815519108e+00,3.578767534813953155e+00
7.186725551949680879e-01,2.234330296841632979e+00,3.286109366292296663e+00,5.638449557018818226e+00,2.014616695277436254e+00
2.039588244717009946e+00,2.377999175165836032e+00,2.132689110014179601e+00,2.223658858507202574e+00,1.540282358709177624e+00
4.741378717088845507e-01,2.047149562822505153e+00,8.086677803778650198e-01,5.390269605412780773e-01,9.336027529279880000e+00
5.568504679456347528e-01,3.600720730071543141e+00,9.243070148074228332e-01,4.115179068056187717e+00,2.120253093385362497e+00
5.638531822801118309e-01,2.695402567550270412e+00,4.801313459673481887e+00,1.672800134407058437e+00,2.412924909434611909e+00
4.384215293225713905e-01,2.436489898499761164e+00,3.245137862286537001e+00,3.734874567418665858e+00,5.793110248294113696e+00
8.010485501428967758e-01,3.510088794622730379e+00,1.840793982473587942e+00,4.373972740853543151e+00,1.377400814610070023e+00
2.098049039888056466e+00,9.988184924939020881e-01,7.418862340861843707e-01,3.582445050709043954e+00,3.990342758561090664e-01
3.796819776421435644e-01,1.862745305618491054e+00,2.672513050748766439e+00,2.060321157827838867e+00,7.934966213404335278e+00
1.985745049494873904e-01,4.702977639689586153e-01,6.798112193003567061e-01,5.286816764281199177e-01,1.013113375236492608e+01
1.740950182191494555e+00,1.668637868505392863e+00,1.975582209185769766e+00,2.721622254605258195e+00,5.036732973285555026e+00
7.138026590848758346e-01,1.355108242356577231e+00,4.940245564034941417e+00,1.063429496567487309e+00,5.912347574444913434e+00
1.606849268780499385e+00,1.937260210705052499e+00,3.975693769045214321e+00,3.295241842144150723e+00,9.663255182722523262e-01
9.398065447670922445e-01,2.837907440968397754e+00,1.823031710930907323e+00,4.518321627490682779e+00,4.330027888945209291e+00
7.170478822016388420e-01,4.941270612356860048e-01,1.132981435062536679e+00,7.837819727120516333e+00,3.087431897082224097e+00
6.257137304615885132e-01,1.804648578709993290e+00,5.902403291084031833e-01,7.525113147564070459e+00,1.120022856008314305e+00
5.943259011645164458e-01,1.251060856929844034e+00,6.006552584349064361e+00,1.157706953882614798e+00,2.001985702029958958e+00
4.405390065815928402e-01,3.600430587704451568e+00,2.423287576098391849e+00,3.132941836138792180e+00,2.073814478777161519e+00
8.723655844122004677e-01,2.636911154995902784e+00,3.311226818160728502e+00,1.055698620726716941e+00,6.409698439776076562e+00
3.846509595969492823e-01,1.521182497992249028e+00,2.559220561940346084e+00,1.839268973407534924e+00,8.490646282015974933e+00
4.520867749362914023e-01,1.057940000999207930e+00,4.752349678223032114e+00,1.159827532348051804e+00,6.679265383748682616e+00
1.245632235131090892e+00,1.677251937325162645e+00,3.260568448477119130e+00,4.701946908056956254e+00,4.324359994563907073e+00
4.920070216942292185e-01,1.584835910441376505e+00,2.786989393392747871e+00,4.028130050393959216e+00,7.639542549847972985e+00
9.510450610570992946e-01,2.776229811122626678e+00,7.726090883124785424e-01,5.694542345227012525e+00,1.081165232664005993e+00
3.861147573800426391e-01,2.129132749699524041e+00,1.026363898429988097e+00,7.011605922150079273e+00,2.999171048998100275e+00
1.836929261089660148e+00,2.070152503232139729e+00,9.038154490759808812e-01,3.395283793124348470e+00,4.046034077817950880e+00
4.224548623947962378e-01,3.529456618632036857e+00,1.614076095351933304e+00,4.411313670922692332e+00,2.779078689549493220e+00
4.255772132116895090e-01,3.540219863279925772e+00,6.996262643645769774e-01,4.834465309332604654e+00,1.889407201925868751e+00
1.584304203266398092e+00,8.901021094678330803e-01,1.356358510200720735e+00,6.377039532931403798e+00,8.682839274316180855e-01
1.791663163119083357e+00,9.419889003309648290e-01,1.071652982927536524e+00,5.980354565881899731e+00,1.457809468804056152e+00
1.046792893397012758e+00,1.764384357722716734e+00,3.166031266356510443e+00,6.224839968356413955e+00,4.931437168533565618e-01
1.467885063233889120e+00,2.987390725925181734e+00,3.162610135104889864e+00,7.648850651689328428e-01,9.577606859669896000e-01
5.594711129690973506e-01,2.208558353813338648e+00,3.931033156822616004e+00,4.540957250164321835e+00,2.397086431830646180e+00
9.364681084348621676e-01,9.956759786799752598e-01,2.672057236214259834e+00,9.966886615052193976e-01,8.519986507374133211e+00
1.232570260148159402e+00,3.616971810554081568e+00,9.318137724188003679e-01,2.398592814575710719e+00,3.461996681831676081e+00
8.083444295883075448e-01,1.615944070373551256e+00,1.200583061328211132e+00,7.513979211923096813e+00,2.179700529520522068e+00
1.580499600862841358e+00,2.790061333422267253e+00,2.210009785168687735e+00,2.094924591571916572e+00,3.495977162655788728e+00
4.774711706373958586e-01,3.375827680337636583e+00,3.771043862288854243e+00,1.449900668491397759e+00,3.527716532469264088e+00
6.029444131658763251e-01,3.703357520239364487e+00,2.805470769305796086e+00,7.057412473513787754e-01,3.271003297234052809e+00
1.398888867258220925e+00,1.802560554347784505e+00,4.391884679651970380e+00,1.286766267481250781e+00,4.128316013151384745e+00
7.911580104897363297e-01,1.308862066710949179e+00,2.668427236553760462e+00,1.434418299116176909e+00,8.694278061780384093e+00
1.030849214017834914e+00,2.574021684800240184e+00,3.893411081572162757e+00,1.076632834187235321e+00,5.021045728953437148e+00
8.749058456365756964e-01,1.343232934714090998e+00,6.211498988993017223e-01,1.089588072785072193e+00,9.418139452512557241e+00
1.313111382947797390e+00,8.182244425467134485e-01,4.867395008459667771e+00,3.637128135272947649e+00,2.258562769893829980e+00
5.625575015747347196e-01,3.125256920454258847e+00,4.070888726230545984e+00,2.077152026708327437e+00,2.445542934146124558e+00
6.109755702091983487e-01,4.083385270560001779e+00,1.411787990990235553e+00,2.562800479098393147e+00,3.763293911721629637e-01
4.855719239722818825e-01,1.753761093333596310e+00,2.435307474706973174e+00,3.771187214260931952e+00,7.688875496525955811e+00
1.516470784990664011e+00,2.911435840381281448e+00,2.324441420065419983e+00,1.071780061064317113e+00,4.588964974500352234e+00
5.982171386691278459e-01,2.078862149688728955e+00,2.949766152366317673e+00,6.287696127658636058e+00,2.024191940850478932e+00
5.745663816576873639e-01,1.682257656345852226e+00,2.918078684559729297e+00,5.879193071325872211e+00,4.485564190755561675e+00
1.710339975151255132e+00,2.323050034536758179e+00,8.910475663689547687e-01,3.692895205930305735e+00,4.044254790756442119e+00
1.393084808491931170e+00,2.310528082968175134e+00,6.386028483034873471e-01,2.375881101505635584e+00,6.991157905150585883e+00
1.576860992782279425e+00,1.669826321905743427e+00,3.172774014024768885e+00,3.495702158325590503e+00,3.694401048375345553e+00
1.662181561375228434e+00,2.334921569158143750e+00,8.857036373747657620e-01,4.051165954785151513e+00,4.033454124619851200e+00
6.130025262065690317e-01,3.617688459339426288e+00,1.591984883507610471e+00,3.447325881723914520e+00,2.929109819644486024e+00
4.652520882607631969e-01,1.069189278355929140e+00,1.805122839334025953e+00,6.762245900712676949e+00,5.507100049295091893e+00
4.202242228566202553e-01,2.883606746034700130e+00,7.368291823697685761e-01,5.686773810989658173e+00,3.315096702537184470e+00
6.797563287060248705e-01,5.399773667295144630e-01,1.058118402873161612e+00,7.801698322926442941e+00,3.051227727024093284e+00
6.948715129224751763e-01,8.281270620613125910e-01,5.435352966350955661e+00,2.798797676136284274e+00,3.666923818753111242e+00
1.124381870893000235e+00,2.188975310070649716e+00,2.367653404648346616e+00,9.283614113597165041e-01,7.770711425085392143e+00
7.668394287052426872e-01,2.344302977011503142e+00,3.179075207478256448e+00,5.673205440064408300e+00,2.006452889042289023e+00
1.379517111578820510e+00,2.709785567188018440e+00,1.327198211293776797e+00,1.022948293035061518e+00,5.754095620630849339e+00
7.808319400198452387e-01,3.441084740109653151e+00,1.151265658869897734e+00,4.395774904593386267e+00,2.155988129442740320e+00
3.690521469778715313e-01,2.198615460055782123e+00,1.136042620718039631e+00,3.630735857686966384e+00,7.946219646825666949e+00
8.395374691316088711e-01,2.116931551170881942e+00,4.286961883598320533e+00,3.085435709572856844e+00,3.408494537159791893e+00
4.118566886223433698e-01,1.618260977115635768e+00,2.646289927941105624e+00,9.237882202140952348e-01,8.704017753855520567e+00
7.622592433608011975e-01,1.810261764229280423e+00,1.237825663326224790e+00,3.869764184514963734e+00,8.157478138671159229e+00
6.045041097634628047e-01,8.412458378939065007e-01,1.092776710442264321e+00,7.101774564206312590e+00,5.387294754018644660e+00
5.824095100872301867e-01,1.098350481681828139e+00,5.434498581130295491e+00,3.223346229223966741e+00,3.509054555396691200e+00
4.089213679145202729e-01,1.543030312858071351e+00,4.834807910756411253e+00,4.747681009066256230e+00,1.598807495125299294e+00
3.457961288079549056e-01,2.808943402011241819e+00,3.744386268222863023e+00,4.319236984608722629e+00,2.167654734426107677e+00
3.894707684094801947e-01,9.623307108134334653e-01,5.706993879560365635e+00,1.152742516684260865e+00,4.467456117924194281e+00
3.985407310696865713e-01,3.105397151695350910e+00,4.157894202282583329e+00,1.808160723197977049e+00,1.301614215107810058e+00
2.618398020963756956e-01,2.392068050019453107e+00,9.730728538367898750e-01,1.992434327617241818e+00,8.251687053373006009e+00
4.082921533116741220e-01,1.356228988011390024e+00,2.340415713748222437e+00,1.647298225363960089e+00,8.884343191698144793e+00
1.950577624990186276e-01,2.306586292378473013e-01,2.125791487089253307e-01,2.243529860754365779e-01,1.018766165596801265e+01
1.134212384703199961e+00,8.099067431387836358e-01,5.668021897906807993e+00,1.961152223317109700e+00,9.171614035632180695e-01
1.481689214006588928e+00,7.059439174784645221e-01,2.977142201455894366e+00,1.261261145609352319e+00,6.189861391266108015e+00
8.439556280823955481e-01,1.982595705152516263e+00,6.314014430173676695e-01,4.305105316124620884e+00,6.992825031268348646e+00
4.663554689737208214e-01,1.724000675096883928e+00,2.647350515737422416e+00,1.497462300921614586e+00,8.316502232460338817e+00
5.583627236873430766e-01,2.531202075942686758e+00,1.018688227979775318e+00,1.095338441431018772e+00,7.892791243204344553e+00
4.723016813531861202e-01,2.259288391585676514e+00,3.005150060520007660e+00,4.739510560107967230e+00,5.473084799977606885e+00
7.299491809433797940e-01,2.948872984895207772e+00,1.799515212102585027e+00,2.621205432050652817e+00,6.647842666839475889e+00
6.852219940222491479e-01,1.659283760425861010e+00,2.825351396803224446e+00,6.507875524831386871e-01,8.302809758555863340e+00
4.879554780104167211e-01,1.746096059427820313e+00,3.180414955028871837e+00,4.114574939031954592e+00,6.707542991013632161e+00
7.477940568315215586e-01,3.793015873654952408e+00,1.538100531403317150e+00,1.372233959948215176e+00,3.205098234553251935e+00
4.397643838632777080e-01,3.086943411292752959e+00,1.267317542707252276e+00,4.392462182513964919e+00,5.295030739572724521e+00
1.237260988892388003e+00,2.368068404236057134e+00,2.642040242316578968e+00,5.624441286770230697e+00,1.021538056624484270e+00
1.173282351875639895e+00,9.899873366189073653e-01,6.392936866830797316e-01,7.345923498917331429e+00,1.360748357250048279e+00
6.564163138929433039e-01,4.010244573120979039e-01,6.077940439581730026e+00,9.607368513326710602e-01,1.838348493628109370e+00
1.187233393731641495e+00,1.193897238359326707e+00,4.698132908034716060e+00,2.447534750229118927e+00,4.475644951864544474e+00
1.897907050399842310e+00,1.467908251717947143e+00,2.829317520302251587e+00,1.283352128793114222e+00,4.478498234381345533e+00
1.020616906089654385e+00,1.720798838398343911e+00,3.322216854350625859e+00,1.063595629844798829e+00,7.778891447258345693e+00
6.795424197375133923e-01,1.095327351969900498e+00,2.117191703609937914e+00,1.346318473910951941e+00,9.191964302128248221e+00
5.460960475216335430e-01,4.454865299457800853e-01,5.904193717311907896e+00,3.047442272675582875e-01,3.565336820068322421e+00
4.181832295486177520e-01,2.685934066925271146e+00,4.572341646902025047e+00,1.802718082559523260e+00,3.210462487303654910e+00
3.449664149278250380e-01,9.762109554016163981e-01,4.539576996347054028e+00,3.748113151889624461e+00,5.692462376542302138e+00
7.062693991189223919e-01,4.005312542424910305e+00,8.116352294659268107e-01,2.887600605745439974e+00,3.464358694878431066e-01
1.003373536254861698e+00,2.601377010538691970e+00,1.123060606358098124e+00,2.902876672700861693e+00,7.420637272975422860e+00
8.124039978383139626e-01,2.867977235594049823e+00,1.501264582261721436e+00,5.898422668995864981e+00,1.946419829681058644e+00
6.894676325858148935e-01,6.224308135415286269e-01,3.656791261552378991e+00,1.982251484258982233e+00,8.115418756231743913e+00
1.403926840063868697e+00,2.990023271702130003e+00,2.473818232437734466e+00,1.573966772166461192e+00,4.760955511966557197e+00
8.804735687510187869e-01,1.511725703139690680e+00,5.694477252760070662e-01,6.982892367201569250e+00,3.349057319461300253e+00
1.000128641158301246e+00,9.291298595923405124e-01,2.675296768954598559e+00,1.032252435185748940e+00,8.647846572375996743e+00
7.954878500921018780e-01,2.139868190149404992e+00,1.420517860819631162e+00,1.466983806415087077e+00,8.650655512481442599e+00
9.572527819670146876e-01,1.822305377777299729e+00,1.006887601504860896e+00,2.616991913731349317e+00,8.245012383811737067e+00
1.263506997571708146e+00,2.347912430016801277e+00,1.792918786220015104e+00,5.211707178455362133e+00,3.020713956063779904e+00
1.488803178063965227e+00,2.910567314784178183e+00,2.731967160959497765e+00,1.168208588899420475e+00,2.976336124339600708e+00
1.171157204838207289e+00,1.227299628676985499e+00,2.751754626071550636e+00,2.391654172004373358e+00,8.117098328728435064e+00
5.376471903598849522e-01,2.389335777872941158e+00,3.806035346001917841e+00,1.945263246810398750e+00,5.283473101664563742e+00
3.546610993654422117e-01,1.512743701451957801e+00,5.830318360527654065e+00,1.858578663104842876e+00,1.352214415799868341e+00
9.014976828818124233e-01,3.893138496743438814e+00,2.034985178966592922e+00,9.470712193937385059e-01,3.345279957503258572e+00
1.355406415603473747e+00,1.229837975343088141e+00,2.542486385473234467e+00,5.071055823875353141e+00,5.375991469528531574e+00
7.795596746340519578e-01,1.888190914943706389e+00,1.282638416829229300e+00,3.642914485825746507e+00,8.150994344367914479e+00
3.543737654672834414e-01,9.928504926031241906e-01,6.105963635910383935e+00,1.673768145789265249e+00,1.657752382255531565e+00
1.042508644683296737e+00,1.864292380536069604e+00,5.030493008651350628e+00,1.590712908567137873e+00,3.843994211441478015e+00
5.888332005497092236e-01,3.669385869623503216e-01,6.089214872364426157e+00,9.439028179782802397e-01,1.821514460273718550e+00
1.750889051103702965e+00,9.234591559714223630e-01,3.038168037821608269e+00,1.155896531284752227e+00,6.010718104656644023e+00
6.421552102673442342e-01,2.153648695347947672e+00,3.600413813273221741e+00,1.410584968472855527e+00,6.843018701850833274e+00
7.035529682635369708e-01,3.715162158025596018e+00,3.062548245006121661e+00,1.391630631020530640e+00,1.912673844092874331e+00
1.346783202525194234e+00,2.151962122057991866e+00,2.794624087638927445e+00,3.801524257631705872e+00,4.337060853427391116e+00
2.222930507769080855e-01,5.887569044062731516e-01,3.364103347535272182e-01,6.505840316764528453e-01,1.014468828268407030e+01
5.171958499456678071e-01,1.894614139030015298e+00,8.651948063069048178e-01,8.892656349330396726e-01,9.098579054264000376e+00
7.115390884861380050e-01,1.772092084336482909e+00,6.921519085043128516e-01,7.687104158362107142e+00,1.221709703112447531e+00
1.609097191613876099e+00,7.871804908416007995e-01,1.742141517169831344e+00,5.901172867732832117e+00,8.788761168566099347e-01
1.343614486256846874e+00,2.598695916585864740e+00,2.135128244548890386e+00,6.985524895684178670e-01,6.085273009655977283e+00
8.225012465496773784e-01,1.289895009607201715e+00,2.413885369238271128e+00,1.116496277175861973e+00,8.774547815380193683e+00
1.215148495822603980e+00,9.318006594204470971e-01,5.527628278569629572e+00,1.536815397616721368e+00,8.856182063201917254e-01
1.248761144210547513e+00,2.157848451570718584e+00,2.833861810771314715e+00,5.952357753340718816e+00,1.053824053263769933e+00
1.655119087199353967e+00,1.301897729576257490e+00,2.651444561210156259e+00,1.077890573022082243e+00,6.158316490526092757e+00
8.823460967893526075e-01,1.390777639014935119e+00,2.981264673316257330e+00,1.242318068294013589e+00,7.835393665337472946e+00
1.859967303508737402e+00,7.129182676495848803e-01,2.846495534287671880e+00,3.113036604283235587e+00,3.011200022484638694e+00
1.344351251995984597e+00,2.318555451067464190e+00,1.326674594418194575e+00,6.016464851891100807e+00,2.423291600136801449e+00
2.920273479756562707e-01,1.302413433857199543e+00,5.865457772945193327e+00,1.815164153874781139e+00,1.308617645784614147e+00
4.824277848755295639e-01,2.911415078331249351e+00,4.792178393152558336e+00,1.209339622880404530e+00,1.664963902659676753e+00
8.148828363996580837e-01,1.521812232817700394e+00,5.826221315510555776e-01,7.370136549480160504e+00,2.493217909100892360e+00
7.185750352121975659e-01,2.244089900036479346e+00,4.974691904812241106e+00,1.584193120938541144e+00,4.198048252453684626e+00
5.528526682462981956e-01,9.215868112528794454e-01,5.785565885919432105e+00,1.174726491159314934e+00,4.314929848794607281e+00
1.629690024996315323e+00,2.674173273599290024e+00,1.303835244245376002e+00,1.966111437774556991e+00,3.817006158002367755e+00
6.783299218981665435e-01,8.490323029362678575e-01,5.616891989810005370e+00,2.874749951967936923e+00,2.298996181060957156e+00
1.599386811249144946e+00,2.495762131361714875e+00,1.287274327571099608e+00,1.889015722177022516e+00,5.630858421128285052e+00
9.170194272777633104e-01,2.845453079479530967e+00,1.817319182088412255e+00,1.900890134747644566e+00,6.823948044606801488e+00
4.262381374453689808e-01,2.197824219332392914e+00,2.914811435531045269e+00,3.349036181783634269e+00,7.025560874115278409e+00
1.604842812495490101e+00,2.039880991013353295e+00,3.742105347349970579e+00,3.248666057714194366e+00,1.390826370798395661e+00
1.012617373441453195e+00,1.447401206880463809e+00,3.178469765605556052e+00,5.824576653682530747e+00,4.045764769229496238e+00
1.025493056610153664e+00,3.059624330538632364e+00,1.426247211362697165e+00,1.448902820413301429e+00,6.900457710122029908e+00
1.049990970363931631e+00,2.262785020275487113e+00,2.293816335646852611e+00,1.733643455119716847e+00,7.092987129491401532e+00
1.610088891635353292e+00,9.429753884879208403e-01,3.051884185520679083e+00,3.157230780313368790e+00,4.339586222860366327e+00
1.826604670357125926e+00,9.310999540753456261e-01,3.127452512307901777e+00,1.176368602972895916e+00,5.003827824102287991e+00
1.105608033450042882e+00,8.561292021058237722e-01,5.555540954558431999e+00,2.112043896637581852e+00,1.619908131297135512e+00
6.575936632217241895e-01,5.088319000542962378e-01,6.158371861506076961e+00,4.625570835362401434e-01,6.305615143625958874e-01
1.179108613588083276e+00,9.124684334078400072e-01,5.264167993694947256e+00,1.376356105230524651e+00,3.709490154560522779e+00
9.823723249045095418e-01,3.538642919676373566e+00,1.581555923506748673e+00,2.371046162896595533e+00,3.692729484434716269e+00
1.152875481981966210e+00,1.005969838531918015e+00,5.070051750441153526e-01,4.781277487385671598e+00,7.247958473706509253e+00
4.972291429622541781e-01,3.832995307391639628e+00,2.047611698144594428e+00,1.816978685053834974e+00,3.224723089797966846e+00
8.516714079436911167e-01,1.084687183242465824e+00,1.933814886728992821e+00,6.863893910577851365e+00,4.659371387420082833e+00
1.858339777961398820e+00,1.031530561448557703e+00,8.743896452349098070e-01,2.719795557057533397e+00,6.669198838460429712e+00
1.094632020515655224e+00,2.124934544377555579e+00,4.169634374450945202e+00,1.455291371380946330e+00,4.353230567841691823e+00
7.290682512208317423e-01,3.150592025681179020e+00,4.213474083788548263e+00,5.718261316620910639e-01,2.470647808074433627e+00
1.175634915185509222e+00,2.163229759148202813e+00,2.880214764482076362e+00,5.055531335754682054e+00,3.035370768390041274e+00
1.236196513840036815e+00,2.392953119450258015e+00,2.007756524550716293e+00,5.761427543915043969e+00,9.795410515745334168e-01
3.508610919834027064e-01,5.369606432937717999e-01,4.668769078083275237e-01,4.352640706091182032e-01,1.016372492006541961e+01
4.114529329186362716e-01,1.107754937042175758e+00,3.412970850680187684e+00,6.604532360738335939e+00,3.289402465223613348e+00
1.065124727242477309e+00,3.439582311680736471e+00,2.111744111936300516e+00,2.398571676522983864e+00,3.827102470716432503e+00
1.216784491619127495e+00,8.165719398843136467e-01,2.560181565955816918e+00,2.061325322562822748e+00,8.332399781667213290e+00
1.002506494060957376e+00,2.719285027034501034e+00,1.378370506581988675e+00,1.090291809527583977e+00,7.130572742930427310e+00
4.593002718308526466e-01,2.075463580661403018e+00,3.225175315794238884e+00,4.173363901745259064e+00,5.460231480321661834e+00
4.146749974329497213e-01,1.150899152377959034e+00,6.114027381973196285e+00,1.390191779200880218e+00,2.295041744627198010e+00
1.687627585336762159e+00,1.331012348267742063e+00,2.603794771605332237e+00,9.895889324065384463e-01,6.375153220049608827e+00
5.835005768128953552e-01,9.703027432176950517e-01,5.306646994438577458e+00,1.097235544832619869e+00,5.221929172093783045e+00
1.934239090142153783e+00,9.903691840647288469e-01,2.459849982896678000e+00,2.080493798035342401e+00,4.970503552310201911e+00
1.721989656429562476e+00,9.461089465477048321e-01,2.387708492437862429e+00,1.053325044444512359e+00,6.133750961948522651e+00
1.260762317118396370e+00,6.959804438682416494e-01,9.587817879992510672e-01,4.609995317883947230e+00,6.669550016341083243e+00
4.345132327227720359e-01,3.029457074922697224e+00,3.087870742372610611e+00,3.527283489860810750e+00,4.706453050608893740e+00
8.945380668042939298e-01,2.800950107937961508e+00,1.120523167250451202e+00,1.784992007852386209e+00,7.111948338078891929e+00
3.784957734816659647e-01,3.238286671595578259e+00,1.163345574607078881e+00,5.489669230621989193e+00,2.239890498711191391e+00
9.955085553908273877e-01,1.696719511294769056e+00,1.889887359327105720e+00,3.779548159978862731e+00,7.763784668627372376e+00
2.043458821362488909e+00,5.474660236013693115e-01,1.375186658049523558e+00,2.125557000831845844e+00,4.780969675883577352e+00
4.092790850883056275e-01,3.351338549335496797e+00,2.024511054265904608e+00,3.945153333149653996e+00,3.779432791595314978e+00
6.858087258425561439e-01,3.847519704398658202e+00,1.685155090085519447e+00,1.852373317829598243e+00,2.706187001214849897e+00
5.493911564295221872e-01,3.016606151159329841e+00,2.475876745710070104e+00,2.427315620598587742e+00,6.163649998041689670e+00
1.173971027166536896e+00,7.862692852726407278e-01,1.460493706261461355e+00,4.394950565739852877e+00,7.886437933562868707e+00
9.277068019112295616e-01,2.888451706892990689e+00,4.493814845326442153e+00,2.170604161737112570e+00,1.403604867883485152e+00
4.490996153397098789e-01,3.860653022556621017e-01,5.832448952277123233e+00,1.409421459181829039e+00,3.534676039051669605e+00
4.942253909514190413e-01,2.306123708475162015e+00,5.213252194028866526e+00,2.204319135978687783e+00,2.318658247504558290e+00
2.632966157344661662e-01,4.593133886455039727e-01,7.070224822737194437e-01,9.036405910789477858e-01,1.010505466442522859e+01
9.958845061583034841e-01,2.438814295059075654e+00,4.679149197178735342e+00,2.638981184672455349e+00,2.305081701820109519e+00
1.086002492073176784e+00,7.318385228956396649e-01,1.897253770796211825e+00,4.302251406375934728e+00,7.830208561317507865e+00
3.353198778315650830e-01,2.258221029464603458e+00,1.749691342551565443e+00,8.917388458097987858e-01,8.663174671206887112e+00
1.790943281180569446e+00,1.185150544599665068e+00,1.238757101548305206e+00,3.441030893276674885e+00,4.881409525909997882e+00
3.023224992437720804e-01,2.198516439765119124e+00,1.342128957356322427e+00,2.712550039954901848e+00,8.295716652819987047e+00
3.715093267134440547e-01,3.491486395514643348e+00,1.503743627045187603e+00,4.030336530740133760e+00,2.945132388362131870e+00
1.874758516900493444e+00,3.995959400624481406e-01,3.275575437215282548e+00,3.216538391494105920e+00,1.759177803271110951e+00
2.022925286295392588e+00,5.337265407536870843e-01,2.894067420038380245e+00,2.379306399260633587e+00,1.312083653656231697e+00
1.675193366438432196e+00,1.003924165609850760e+00,3.125970138484853056e+00,3.254967863476841750e+00,4.239860902379366081e+00
1.341505795185230276e+00,2.002918757879662781e+00,1.577515436238535518e+00,9.051336350148359022e-01,7.836765806469153439e+00
4.050179336375892558e-01,2.681239152084858191e+00,1.175236650345437894e+00,7.760929747689482294e-01,8.089640322578700804e+00
4.724016432200165427e-01,1.659887490956043932e+00,4.862298675081549781e+00,4.819599429675051283e+00,1.071163006102080262e+00
3.877076538164028197e-01,1.038791494162056850e+00,6.094080959023885136e+00,1.225481574867493650e+00,2.592749373314127137e+00
9.464862501630413316e-01,1.683896939596658537e+00,1.217908639879165644e+00,3.600016703302813426e+00,7.909393191283526470e+00
4.451848129339567306e-01,1.705063254569550324e+00,2.750256588624981458e+00,2.022596253905589503e+00,8.063956171628149150e+00
1.006617647984587638e+00,1.347316447708687859e+00,2.761881859354772040e+00,5.463174777531468962e+00,5.146896139279375504e+00
7.556319407903764329e-01,3.856107354371973717e+00,1.092934066981390728e+00,1.718294277721800656e+00,4.519711878791723869e+00
1.126023209332394304e+00,6.182505246259508702e-01,2.575922875170297388e+00,6.601811566759127281e+00,2.585351547217589641e+00
4.669390712419532741e-01,1.081404568361749030e+00,1.350927885834769082e+00,7.712343099935876189e+00,2.986223907855583448e+00
1.290175757393169809e+00,2.293456771088537849e+00,9.425810040191455741e-01,6.130280729186333488e+00,2.394417676472540446e+00
1.647884189340462546e+00,1.194259597209903490e+00,2.538559614307309253e+00,4.395807506926034947e+00,3.833889958856100399e+00
3.841401745583533645e-01,3.489479878367461652e+00,7.553603290415920046e-01,1.898887748369247452e+00,6.111201418752557402e+00
1.986512989277967378e+00,9.430224580472221785e-01,2.153588847303885334e+00,2.862446370029678722e+00,3.599363325479703501e+00
6.398890101772829464e-01,9.583476414224705309e-01,1.862246086320611838e+00,4.542416821373028490e+00,7.874519038843216912e+00
4.390590201329170883e-01,1.632195967721471686e+00,5.582261115376325300e+00,1.218453730729663897e+00,3.577394634330019141e+00
4.884052848128301871e-01,1.740064819881242064e+00,3.059260785361611390e+00,1.783430760672132021e+00,7.913012895589209172e+00
5.281400032089729191e-01,1.101179250225058581e+00,4.237629669532926302e-01,5.706508441874145632e+00,7.178178801971700551e+00
4.209633438599357791e-01,8.118189558073096723e-01,5.401458771491451927e+00,4.375457242051674633e+00,1.921411164087258872e+00
1.378349953731030642e+00,2.164401001971519189e+00,1.816568230320239952e+00,1.707808783448490075e+00,6.817040609938376683e+00
5.737244011129263299e-01,1.886049560213777454e+00,5.789572225518802018e-01,7.032598136744843131e+00,3.359556679082400077e+00
5.908913897720060593e-01,4.855013544382690838e-01,5.259697446508162955e+00,1.153663662963936520e+00,5.738303694904459462e+00
6.774944340933760634e-01,3.966224904438192311e+00,2.198050128004691128e+00,9.893427522339401925e-01,2.669677246676799953e+00
7.417547217178577235e-01,3.225164697215861409e+00,8.223774420220856252e-01,5.243369544472482602e+00,3.464659154835389110e+00
6.149286172606394096e-01,3.712725508898223836e+00,1.857453618996913303e+00,1.811019974405133404e+00,4.406721276716623059e+00
1.658872426903373665e+00,2.644474379492656180e+00,2.692029495557991314e+00,1.519018256169012426e+00,2.733229324428234186e+00
1.100216907281996725e+00,3.571463054306655671e+00,1.639229052161424116e+00,2.832956228273570076e+00,2.580217918466264138e+00
5.027806649089008317e-01,1.705743519476960568e+00,5.505017006990526873e-01,7.428879036251704093e+00,2.707210534901935972e+00
7.260780494449218248e-01,3.727483767366425838e+00,3.077080940601730319e+00,1.946119257606804265e+00,1.329706755770960536e+00
1.925152783985611737e+00,5.062731095078638610e-01,2.862669990080131122e+00,2.945838940641758441e+00,2.055646051385128459e+00
4.478363757844452397e-01,1.123782165663015364e+00,3.496948004746492256e+00,6.766830579860986461e+00,2.388352235424407777e+00
1.710794828392858902e+00,9.559110336006044761e-01,2.575986901109129867e+00,9.617810619103359659e-01,6.347345349553406457e+00
4.994301177379657508e-01,1.651780103485850804e+00,3.111370118256480577e+00,6.756980898863276686e+00,2.715547587895215553e+00
6.324425202289909453e-01,1.512941183419266755e+00,2.582989058280118932e+00,4.296963582380501023e+00,7.080134879500249667e+00
1.929050324511651038e+00,2.637052074157521186e+00,2.076930663247860576e+00,2.387395238098668493e+00,5.033481432464570471e-01
9.650705696911644482e-01,1.288885112808979994e+00,2.465008972403976095e+00,6.709814688105987024e+00,2.620171263017788021e+00
6.699096476135995015e-01,4.033842339432880841e+00,7.120061291450670016e-01,2.380296481488469951e+00,3.023723273113904653e-01
7.868918973346321621e-01,1.491249683890117694e+00,2.795169505234337048e+00,5.349629876047671262e-01,8.377599564620497929e+00
4.791701156801101424e-01,1.590657337473242006e+00,5.453015440143698100e-01,7.618550456295070994e+00,2.571496236903445975e+00
7.695422882638285333e-01,1.195207923366506275e+00,1.387740520546971057e+00,9.900992108904725919e-01,9.272440413893422217e+00
7.564771126225173781e-01,1.444741217468937577e+00,2.868856529289066426e+00,1.404628045316865581e+00,8.470413546723570164e+00
1.618976285112974978e+00,1.116391876753523693e+00,1.201167000802300766e+00,2.391871037965519697e+00,7.118593833573637397e+00
5.850248288440262900e-01,1.768107547436622795e+00,2.587101520239320163e+00,3.244866083941357005e+00,7.629224529655834530e+00
3.003483861699187685e-01,3.212594792191799664e-01,7.138783412135584205e-01,5.114242014768670685e-01,1.008422656249435967e+01
5.375425984834574233e-01,1.007561066544624850e+00,2.007676749632114621e+00,4.118437504642681546e+00,7.962753739162151234e+00
3.934632471402218501e-01,1.571886563115219015e+00,5.324964456398169066e-01,2.093753370779372514e+00,9.413621053502458480e+00
4.275053339519128137e-01,2.925189051796843298e+00,4.146937295926658607e+00,2.127367814515268574e+00,3.205836970568571420e+00
9.888428336286373410e-01,3.624406067732438341e+00,1.212327137083180961e+00,1.887930154579947617e+00,3.678023960774327694e+00
8.325775091306404363e-01,3.852734973492997650e+00,1.569347779757496175e+00,1.890286602392841298e+00,2.141271036783351178e+00
3.978434926343555333e-01,5.342660975424724512e-01,5.495607962458326945e+00,3.649509919183939743e-01,5.223229698845701208e+00
6.059683621747529170e-01,2.222937489711378500e+00,3.100118878367307040e+00,5.986329863121042649e+00,2.988774934775800585e+00
1.625088197388404376e+00,2.200364928085930760e+00,2.849790460743799603e+00,3.277985402702941808e+00,2.007312696159669230e+00
3.073793956063438637e-01,1.335500139138427800e+00,2.989837829628394505e+00,2.718634459089070088e+00,8.227292493526764616e+00
4.749561646053784281e-01,2.119648625343784065e+00,5.203079825237799660e-01,4.833342011846347042e+00,7.219575683096218555e+00
5.311052205121731262e-01,5.119531816125715284e-01,5.788810758547722202e+00,2.237443343517076411e+00,3.543175433429142096e+00
5.631383111394923091e-01,2.162551902720726726e+00,1.442727574573193561e+00,9.886365106772827538e-01,8.483661468718219467e+00
1.308984594684828640e+00,8.682681567086978358e-01,3.013080280815333634e+00,1.218350925808861618e+00,7.470479227322355698e+00
1.401072569568418746e+00,9.801563698428270577e-01,4.202471357851009337e+00,3.610452907704264192e+00,3.608311637422050300e+00
4.052462296706428324e-01,3.942625220027565991e+00,1.688954967855020195e+00,1.462434984840098817e+00,2.962611399555281633e+00
1.139930839928816164e+00,7.118981101851111770e-01,3.394247797898704011e+00,1.124192966594424137e+00,7.811962596385392921e+00
9.779541968857127232e-01,2.102203729198295790e+00,3.653568283679006434e+00,3.013771424242404073e+00,6.109383563623089763e+00
1.115211074134767610e+00,1.858213368463925930e+00,3.840810391192361006e+00,1.360366020154190947e+00,6.712792830098109675e+00
4.577741108629523881e-01,1.455712881171856488e+00,7.297720019103360878e-01,4.810458693194281210e+00,7.930027919422830252e+00
1.431601439080176785e+00,1.323424071897927767e+00,4.611821125071866589e+00,3.460998629162819640e+00,1.143882752214465892e+00
5.789764526137823886e-01,2.763255618340203945e+00,6.617545835490192818e-01,1.559741807376164413e+00,7.953199818424872447e+00
1.866291855977104230e+00,2.653340753549081832e+00,2.034730652493730307e+00,1.457656507072688790e+00,4.258632141141762140e-01
4.028970637068404748e-01,1.422876712625124940e+00,7.740327420575772166e-01,3.239727993854368826e+00,9.117425272610072184e+00
1.044915050291259195e+00,1.313928962319166782e+00,2.950384380907770776e+00,5.525044583712241497e+00,4.907342693720929461e+00
2.086350928386722092e+00,1.301985886934228009e+00,2.417857067303675223e+00,4.646445185584981985e-01,3.656254062052489040e+00
3.451796052143416005e-01,1.660838737514432006e+00,2.821363793817358356e+00,7.403796197650152067e-01,8.640728572274236186e+00
3.824208713796151127e-01,1.602983609130437026e+00,3.764408923647294181e+00,5.059866662449407082e-01,7.843544406390707380e+00
9.165377110367984859e-01,2.573019395004277232e+00,1.273963683520474177e+00,5.462500101712456591e+00,3.606774930038673332e+00
4.392424783779158570e-01,3.111329199140792756e+00,4.328029204737625868e+00,5.921101052627215644e-01,3.297028442479160493e+00
7.672483459371899350e-01,4.174092132059202598e+00,1.136531214058280170e+00,1.470408617904085391e+00,1.515326194861041254e+00
5.172277829321886289e-01,2.731101758631963250e+00,6.684456079619849334e-01,5.209495309824760056e+00,5.490200461613973459e+00
1.446492624307186947e+00,2.743127323631791015e+00,2.636814995538084183e+00,2.378369706349183765e+00,3.166802672656896522e+00
1.399981144347351769e+00,1.171500377228367196e+00,1.150284886253738703e+00,5.997135200308262526e+00,4.170009041647230852e+00
4.253113200459321952e-01,3.821660754704003793e-01,5.485644575802545830e+00,2.801227047958207539e+00,4.289730100113826161e+00
6.352885710065112601e-01,2.766370323850108726e+00,6.226130022379038342e-01,4.987487833605368515e+00,5.178121751527061001e+00
1.629455308600813890e+00,5.100848069327827972e-01,5.519368532593098564e-01,6.564904357550698677e+00,1.428160406856366027e+00
8.589838996551536487e-01,2.025338507967592960e+00,6.615776699089203072e-01,2.223985717745644131e+00,8.380855258987113032e+00
1.219832254504158664e+00,6.701296756332802973e-01,5.289538048483450439e+00,1.368837444497836620e+00,3.722958739654735005e+00
1.722054370718646865e+00,6.547743598890967132e-01,3.949311638299313643e+00,2.724024451541819936e+00,1.874755020164045938e+00
3.929617100413708153e-01,2.437694970779187731e+00,3.846813671014027047e+00,4.362563324407869203e+00,3.159813897001364946e+00
1.162859321395680379e+00,6.884490343573486104e-01,3.020628220373727135e+00,9.348608445287798219e-01,8.087562040790158946e+00
1.122829472081172675e+00,1.046163429751908902e+00,3.462132279551884739e+00,2.899883820217739494e+00,7.157576866946369520e+00
5.648769344430475403e-01,3.547004954061236948e+00,3.726372881829958850e+00,1.736166081947954964e+00,7.985418753773514400e-01
8.015401640812784834e-01,2.524398592834120603e+00,1.349411531494494998e+00,6.085537782364042414e+00,3.281268834983451121e+00
7.134556680456987099e-01,1.967289163791442030e+00,8.226270713970814663e-01,3.508260316141482260e+00,8.249002390327383694e+00
7.995688436203394200e-01,8.704938755077591406e-01,2.156064914690293932e+00,6.426530357360952905e+00,5.254122391568273542e+00
2.709006377583073610e-01,2.185772812676161081e+00,1.272713839703868199e+00,1.880124940746905393e+00,8.561816626551522091e+00
3.975791095478580228e-01,3.577158961478843491e+00,9.593911564028860806e-01,4.040389040752772942e+00,3.087848667257391266e+00
8.258501970209040088e-01,9.487863436545656004e-01,5.533875692519178990e-01,2.457600538347608943e+00,9.458880693679617480e+00
6.607834965805625682e-01,1.808432032501252174e+00,3.992055533816069257e+00,2.962618027862622405e+00,6.443182803144779314e+00
2.218342848891690977e+00,9.011397830512323237e-01,1.620688893062522506e+00,2.619399710481849386e+00,6.702666976640905272e-01
1.084256081382554360e+00,1.905588788294888314e+00,3.340856581142166437e+00,5.556068214476852063e+00,2.986075075048440386e+00
3.980836605023489461e-01,5.420985248398608736e-01,5.427037083548380103e+00,1.011036466286041380e+00,5.364184087176626647e+00
1.539649949082290359e+00,1.319014050445958874e+00,4.569970162957161186e+00,1.375718198816145987e+00,2.621472326081097926e+00
7.923608947744580355e-01,1.415177234026111730e+00,4.917845066063906145e+00,6.171626664370650772e-01,5.672360051572785444e+00
6.039348835001114857e-01,4.456083215328909830e-01,5.283137050921400402e+00,9.129515868351807395e-01,5.521238356357776489e+00
3.950897420428693962e-01,2.682000747783052308e+00,1.300923770480048036e+00,2.372463748760555546e+00,7.473511797612041541e+00
8.448966501058227108e-01,2.864242558915595982e+00,6.057832706440031689e-01,5.394432943599170471e+00,3.562876705185361814e+00
4.838998452251445648e-01,3.101614662593115135e+00,1.821954136800437496e+00,1.911878505619204471e+00,6.834969606059890346e+00
1.134999574077698803e+00,2.694786929153452526e+00,1.168872229325321310e+00,1.879018397508947835e+00,7.259004278425227774e+00
1.160383498855745987e+00,8.909137280485264210e-01,3.797018658744460762e+00,4.967506896625097923e+00,4.561910415827299836e+00
1.299216566375090087e+00,3.094861617327196779e+00,2.752048216063775143e+00,3.138440005074934813e+00,2.131038879733335722e+00
7.949588387266718348e-01,3.756290948800614871e+00,1.023071081835905227e+00,1.926786576943378071e+00,3.594211178125334527e+00
1.731494906732933270e+00,2.930745704850796329e+00,2.067749874545115940e+00,2.338191258834448671e+00,4.541441639822369480e-01
2.174812639296018091e+00,9.544710379762845198e-01,1.790830576163232379e+00,2.422626376259486403e+00,6.781650050747859426e-01
1.461498065717663941e+00,2.791945737554380802e+00,1.406869138760724169e+00,7.790319780132590743e-01,6.054104427200186045e+00
3.428323576902079228e-01,1.437762218710510798e+00,5.960127035288151909e+00,1.173409866984360450e+00,1.629034146763632673e+00
4.371008690230610561e-01,3.051172871075897408e+00,1.647490785844121230e+00,5.486962688149572998e+00,3.209287286563044184e+00
4.947624100049483609e-01,1.653335167032396136e+00,2.389312355246883346e+00,3.446376944367118611e+00,8.138492631405648936e+00
1.615386937748003016e+00,5.003105327430428240e-01,6.702821044466720224e-01,6.562490391105646026e+00,1.418881371958358617e+00
1.178579704933657712e+00,2.236287105760099259e+00,4.991288649723454540e+00,7.895646170988130930e-01,9.394134612822420127e-01
1.334426074920901151e+00,8.381358102015410427e-01,2.656169737464598057e+00,1.094776058992854129e+00,7.718031415636986026e+00
9.532023878220567958e-01,3.696413959957828066e+00,1.068262381036592323e+00,1.397250073673273363e+00,4.715545869267878665e+00
1.235323297631175876e+00,2.055206121836527622e+00,7.186213604017502865e-01,5.946567540115796469e+00,2.970272283998038443e+00
5.238988099117469766e-01,7.576888241942270064e-01,5.934279736414367790e+00,3.803806226407195901e-01,3.882254405862308300e+00
8.248315386288173068e-01,1.742415684911278184e+00,5.399886748612249932e+00,5.401824195432340936e-01,2.500466137513674081e+00
7.788818298750133096e-01,5.124172134359932240e-01,5.659035169113687758e+00,1.866853874825523230e+00,3.851589983728286093e+00
9.502417534953130351e-01,1.484216480898650214e+00,3.128800283354413736e+00,5.018828405567323792e+00,5.474805913924954304e+00
1.177479901549428831e+00,3.463572464126149164e+00,2.624376616690517583e+00,1.781400033411925765e+00,1.578329938866525062e+00
4.431400742665657089e-01,1.293609832508324953e+00,5.680881002005993885e+00,1.197294478896271608e+00,4.408022474213927566e+00
1.365260646514581122e+00,3.113008477997152301e+00,1.966063217329679036e+00,1.809872872209765893e+00,3.605787886569092660e+00
5.381328466273859190e-01,2.214368171220887138e+00,2.980904043144023685e+00,4.126790730003589758e+00,5.852343797378816603e+00
5.922769937813897601e-01,3.515027619417648630e+00,2.914356951701169152e+00,1.601933237515814623e+00,3.613708870336667545e+00
2.660522927990817688e-01,2.139706970196401770e+00,8.929852742352366590e-01,1.787881567969354268e+00,8.720744375634877699e+00
5.484796855603010224e-01,1.452905319413799967e+00,2.489484426725358190e+00,1.988285696963148164e+00,8.731824800740390913e+00
9.376753497196758103e-01,8.460484844966523754e-01,2.560394652921329950e+00,1.778247759707824560e+00,8.665063071738289935e+00
2.987380341107815918e-01,2.046016803836116615e+00,1.039262685579232182e+00,3.398845090410391734e+00,8.176351173223384450e+00
7.350544523014674869e-01,1.394314945497446834e+00,3.676221627729977737e+00,4.562728928416519558e+00,6.020197405366507937e+00
6.838858074324174474e-01,1.804565568889286986e+00,2.829612902522990581e+00,4.917181981786367118e+00,5.299737819485031309e+00
9.333729764245046745e-01,2.316951425017099719e+00,7.028866475753473564e-01,4.406928841657109075e+00,6.412028760911849368e+00
6.451391776725521332e-01,3.084804049624568556e+00,8.848999567044395498e-01,4.849226273494283923e+00,4.813195456591045307e+00
5.377321924017192112e-01,3.063542490062185930e+00,1.362921385514239470e+00,4.082689512870077309e+00,4.843940635621787116e+00
1.284605933423432989e+00,1.837874919223213332e+00,7.946435342508957334e-01,6.680043106117739882e+00,1.467896289258842968e+00
9.717644468707014038e-01,1.056593416100717997e+00,3.771122768291091720e+00,2.680789427418277082e+00,7.187685886768166554e+00
1.369300853230920767e+00,2.592734674271009343e+00,2.536886379440392858e+00,7.730581113787697856e-01,6.048130560565696534e+00
1.389684311004833805e+00,2.697979396800217700e+00,1.540646379632387264e+00,7.017469352399265947e-01,6.088467455327485567e+00
5.596007121821618968e-01,1.078618734509059873e+00,4.666975497441511189e-01,5.131395627874579368e+00,8.001186459569979093e+00
7.734320187234529076e-01,3.511113700525195225e-01,3.722693392202803819e-01,7.954935666704255226e+00,2.108450259360316270e+00
4.858867435164658244e-01,6.062253711570588788e-01,4.195382135790963751e-01,5.672958056867700272e+00,7.589327233366979897e+00
1.029125673236135352e+00,4.584161573517683830e-01,2.877997701974555511e+00,1.938796434596060880e+00,8.031879764521296039e+00
1.175830827113271582e+00,9.919924606115850807e-01,6.402592306794152588e-01,7.366769865383495208e+00,1.027250800854300650e+00
5.316214583633669388e-01,4.184546773684626464e-01,6.159634206744299512e+00,6.319506714025650007e-01,8.408842378245608984e-01
4.448047131202471638e-01,7.439008280358809788e-01,4.716375748865977435e-01,3.823975675403840313e+00,9.197457324439890058e+00
2.638052248428159885e-01,1.605975971658476276e+00,2.825302426569917369e+00,2.122349137926704987e+00,8.265595865932311881e+00
1.938179915223908534e+00,1.418020807089547475e+00,2.793478218788397971e+00,2.174613322927983816e+00,1.906851343718469316e+00
1.314254821165921960e+00,2.554632544081141710e+00,3.798230152462135578e+00,1.331160380006019217e+00,3.702702666354463545e+00
5.889784598803352589e-01,2.332491850354161400e+00,9.910555780169237883e-01,9.709724312332679297e-01,8.557388624759065365e+00
2.789020499967530542e-01,2.184201546433138130e+00,2.016121775195951482e+00,1.087002453354393161e+00,8.269826300334193192e+00
3.655450168610219763e-01,2.555520412698149002e+00,3.952552386217471181e+00,4.373560602226177707e+00,2.963666400863011141e+00
1.844283384156070627e+00,2.591011361112388833e+00,1.191540264044899988e+00,1.391469122532685176e+00,1.436386699489641039e+00
4.146156452306062334e-01,9.637642119593726742e-01,6.002040949440094586e+00,1.190910306298736066e+00,2.961245233140556543e+00
6.460416348340904946e-01,4.168630698025872938e+00,1.110468130444175028e+00,1.431670674725799230e+00,1.883970263521609567e+00
1.317637811518674207e+00,1.017072115932371235e+00,4.224173923636904249e+00,1.348655704748228601e+00,5.585737010177454387e+00
9.845281927178162196e-01,2.295053991111269731e+00,4.031866970971163866e+00,3.306863649978172059e+00,4.023497946159429794e+00
1.511951741171656760e+00,6.965562711826642772e-01,4.483730690157110566e+00,2.495477504004180336e+00,3.497761149257714308e+00
6.741341099252373681e-01,3.958925426001137282e+00,7.790447611354951452e-01,1.535262653114888742e+00,3.229067361057466279e+00
6.394525578193693827e-01,3.544072320255899466e+00,1.401166337917634008e+00,3.012389360290960383e+00,3.534268120033213112e+00
1.380033549124361159e+00,2.463186759245728830e+00,1.690281592437433922e+00,1.904785938871754958e+00,6.443605986025377597e+00
1.159975828596745639e+00,8.720054236157572802e-01,4.746532001136516854e+00,1.217979698336734362e+00,5.899364017872088972e+00
4.307082033083741157e-01,3.527311862755240224e-01,3.675211255272391675e+00,5.125683638913663742e+00,5.602128096763562048e+00
1.388051813628361053e+00,1.575248399559372459e+00,1.767639724768818033e+00,3.164453917337388678e+00,7.463618423062258422e+00
1.153286738797613564e+00,3.007901632808094305e+00,1.041013470053986367e+00,3.196105460028444867e+00,4.391022514036907687e+00
1.038034666240981840e+00,2.650213348740777963e+00,4.069486920129459229e+00,2.173682708213630299e+00,1.534282879760999529e+00
4.290075715756730412e-01,2.119760807852877793e+00,2.570388320995740106e+00,3.644729897262428242e+00,7.321247313333133278e+00
1.528199365009041300e+00,2.772905189548656946e+00,2.128050640316619724e+00,7.916585716976488607e-01,5.392646188220158621e+00
7.173073433326155879e-01,1.379714852034499728e+00,4.800412082640337808e+00,5.634143692357092004e-01,5.814523668842078941e+00
1.881325469421956331e+00,2.335742941105270809e+00,2.707795439811856664e+00,2.598702169000357554e+00,1.080513220107624628e+00
7.521035246171348110e-01,3.372708888722836029e+00,9.381708091680274197e-01,1.289010865595359379e+00,6.176397158301949020e+00
9.094194562832688122e-01,1.619857173040152087e+00,5.398607213728371157e+00,1.253509101195104725e+00,2.522420427416731670e+00
1.172157259661084083e+00,8.150497592272309966e-01,5.290218670432421888e+00,6.401698280316060474e-01,3.686699921371216604e+00
1.216453540082189644e+00,3.395133812178627419e+00,2.701093351190359648e+00,1.923959467661313205e+00,7.616142298458619120e-01
1.601314156065143157e+00,1.510426506780597311e+00,9.693564125694356104e-01,1.818813100844645314e+00,7.285584674611933487e+00
1.244769972819092185e+00,8.464540165101458458e-01,2.184398282356414533e+00,6.559869736303738819e+00,1.857853576930581507e+00
2.816512217757339842e-01,2.119544384393304171e+00,5.486006173624688564e+00,5.029579756633428822e-01,5.697517137601507686e-01
3.676430452636174628e-01,2.515654545853722168e-01,7.218251747300833410e-01,5.829437297308190935e-01,1.011076898293900506e+01
1.490325800706553405e+00,2.186633413839933482e+00,8.680222163727461249e-01,5.368029234680489203e+00,1.576862526944440734e+00
2.092096264853725796e+00,1.620118515156206307e+00,1.417297566666646080e+00,2.358317213004263557e+00,5.894079338265145740e-01
1.097106621785920666e+00,2.113300080051595753e+00,1.707977034351464862e+00,6.539025179003515653e+00,1.050634526880790620e+00
8.646886541231285639e-01,2.041140340076827098e+00,5.907774280546791434e-01,1.695870341533018522e+00,8.657674125280959032e+00
7.143089603789845032e-01,1.669550931645598313e+00,8.000067494513809496e-01,1.650011134023574355e+00,9.207341539000852393e+00
3.610742135004054720e-01,7.698568404069561222e-01,6.592003955446108510e-01,4.611877247151093151e+00,8.707735461648544728e+00
5.682520035934753855e-01,8.967296066122070197e-01,4.732057561216675090e+00,3.873403283077009873e-01,6.946375420065888484e+00
3.414814430098961351e-01,3.248942445061690609e+00,1.290568098079557302e+00,2.666473740284426963e+00,5.934025649957641591e+00
5.464978923890876361e-01,2.916639046782210531e+00,4.347686595276382349e+00,1.102980851400745310e+00,4.466641787734554114e+00
1.351658990386445769e+00,2.495013725830446116e+00,1.954505103119191789e+00,1.294239488102728375e+00,6.052980397520854261e+00
5.355983906028682906e-01,2.958854568426971365e+00,4.324287789265151893e+00,1.260262130439300687e+00,3.254492671262497527e+00
9.888639363247389014e-01,7.568710057014124137e-01,5.217997201753551195e+00,3.934803362139603355e-01,5.371589459262851030e+00
2.051764951688937799e+00,1.630331996332931244e+00,2.364488406602948345e+00,2.669329275112808819e+00,7.881856806790976666e-01
8.634488142235474673e-01,2.136887744176606319e+00,1.551691878702467164e+00,3.414606179225683213e+00,7.335976955281330092e+00
1.330433665674163546e+00,2.740504306497841380e+00,2.179402185476523091e+00,7.428264304960505715e-01,6.129546950583609544e+00
9.766648392437593529e-01,1.886408216628504553e+00,3.675558886548554227e+00,1.295183787124080776e+00,6.247357517870930188e+00
8.245517465557550274e-01,6.423683924453347238e-01,2.370983947283364923e+00,8.379004400004016473e-01,9.201929825124103957e+00
5.700319772931241591e-01,2.525793006440468336e+00,3.297019171171133856e+00,5.230592099255556349e+00,3.362291155074208060e+00
1.080427978887952722e+00,2.777819150218939992e+00,7.862541078154505758e-01,2.195613425952517961e+00,6.619086769338615284e+00
1.702514929311439440e+00,8.222130395666324976e-01,7.307334021478864017e-01,6.186333138706227253e+00,1.603463159304042929e+00
1.886064426799806126e+00,2.394338593063435106e+00,1.009595057296549303e+00,2.983629525125548909e+00,6.039741521436109428e-01
1.275921924888810288e+00,2.285557439660923063e+00,1.150245999918861006e+00,5.545582830833063248e+00,3.423301287908696366e+00
5.386202659215072464e-01,7.637573207802265118e-01,5.883576147634778764e+00,1.279263460952770437e+00,3.879881450944241639e+00
4.740381428517828621e-01,3.611174994375618841e+00,2.222959360519592309e+00,4.128334810523552001e+00,7.870072169590800470e-01
7.258660635587477206e-01,3.754607130812858795e+00,1.009377752333292522e+00,9.429411835953952492e-01,4.652146278839327742e+00
1.239952198218563506e+00,7.880196712934417480e-01,2.932277843027326192e+00,1.165977640424938233e+00,7.858229208915337161e+00
7.888866812812131979e-01,1.244048779567954899e+00,2.044029492059722397e+00,8.154415272624795374e-01,9.052382805084393524e+00
1.131794994366177587e+00,2.413407645019284509e+00,4.514298196888853809e+00,1.505429230792419082e+00,2.106431085854089780e+00
4.963559524939346601e-01,2.190396699710994266e+00,4.684753960310309440e-01,1.388610537442285908e+00,8.735041088181599633e+00
6.480497896443518924e-01,2.125888015869150216e+00,3.131561034694282153e+00,2.070541906403978949e+00,7.544855527790826244e+00
1.039767145883904176e+00,9.598036879771969510e-01,3.821469818901752191e+00,2.623229766659024964e+00,6.939977698836081288e+00
5.835897923572644919e-01,3.461572988636113735e+00,3.600547052454626584e+00,2.434218520866335389e+00,8.058223890912443732e-01
5.738002710500017534e-01,1.973680025857068587e+00,3.437367971477189865e+00,5.965658573783404250e+00,3.116479795363618521e+00
7.596298330680297806e-01,2.406506357110819394e+00,3.132020003619992554e+00,2.387566917234206443e+00,6.592487021579445994e+00
8.672615309351390245e-01,5.397236877949450617e-01,5.695836853433883462e+00,1.387626331132127522e+00,3.829740045589609121e+00
9.885888615802266299e-01,1.786854838637932819e+00,1.196929582021963867e+00,3.556511986853123641e+00,8.334018069666116801e+00
7.647539046986417954e-01,2.303979440870414841e+00,4.412792958377207420e+00,2.949489804642892565e+00,4.087137300687877506e+00
1.198156285495371343e+00,1.292610035165493443e+00,3.678281467433072827e+00,2.428493574743651351e+00,6.848953703332650633e+00
1.247045297502583416e+00,1.121860070808236243e+00,5.543001308302817343e-01,4.541579944759190468e+00,7.290168004149592207e+00
3.931204266713559936e-01,9.329707185943472147e-01,5.973214042107652944e+00,1.719270893590386873e+00,2.537184429355257009e+00
1.620243446527291686e+00,5.598982077491213571e-01,6.705693828005099277e-01,3.087888506527979970e+00,7.172490614578278745e+00
9.239667109550536717e-01,2.450873022674232793e+00,1.106210339703251444e+00,5.766024512406008107e+00,4.393975072745966770e+00
5.191887321781737397e-01,4.017160129800892987e-01,6.578890650441937549e-01,5.682360972546276479e+00,7.598730149045556104e+00
6.591863086911935454e-01,3.786106672288775066e+00,9.878855167380995450e-01,2.871909161564477841e+00,3.165370863316732564e+00
6.562025402160740484e-01,2.276150951317805315e+00,5.073591574991496156e-01,6.717113635193288523e+00,2.853131991965162761e+00
3.019408613455245027e-01,7.484880486264980926e-01,4.103174897880969008e-01,3.762655590305339359e+00,9.136137239341389105e+00
1.178136790265658984e+00,3.767795817667600744e+00,7.638275936373104535e-01,2.432117945980713181e+00,3.541937918036338617e-01
2.804826260857559150e-01,1.723887978655046949e+00,2.625698257768958932e+00,1.122221730086620184e+00,8.615604408524440316e+00
1.176376009979213766e+00,2.622111803616321346e+00,1.250220113318821769e+00,2.705473746784024414e+00,5.742270592750537084e+00
3.371736360063676274e-01,7.907992139534569809e-01,4.013343372583353386e+00,3.356177241123128319e-01,8.131134358700389697e+00
1.601651206066301514e+00,8.148205163608801538e-01,3.564065533148954135e+00,8.814045699652031107e-01,5.966767155226553321e+00
3.529737353058552962e-01,2.306632358355074963e+00,3.647711416491173253e+00,1.336951347123461975e+00,6.887769933891987328e+00
6.728265713852916718e-01,3.408786567142822577e+00,8.511199225801213686e-01,5.483070990652742616e+00,1.170899432465225320e+00
1.704981424101320586e+00,1.487873531052357201e+00,1.868377509612193510e+00,4.663692905852326653e+00,3.568364170042032768e+00
8.307859091232501214e-01,1.716621244538313551e+00,9.869709571176257246e-01,1.327730647442045608e+00,9.249473620221291270e+00
5.159785760202167948e-01,4.793867174346314042e-01,6.013994027764530514e+00,2.155459495567056738e+00,1.138402722614409779e+00
7.806115897662324610e-01,1.416837004116870302e+00,5.513059320889748260e-01,2.330057206322544427e+00,9.110029504969400449e+00
5.853631626630474427e-01,7.964826170048369125e-01,4.606969402035093530e+00,6.476131306395643827e-01,7.417411316076467642e+00
1.011939321232179001e+00,1.915380410182776050e+00,5.421752542768490946e-01,2.566709468453746812e+00,7.982038699829411499e+00
1.242204631064352638e+00,6.867697830001893156e-01,5.363824739980294076e+00,2.267877633088032141e+00,2.617972750264577542e+00
1.237639181697556268e+00,2.204140462037311288e+00,3.742534724795041345e+00,1.061725731485240409e+00,5.719072529386268755e+00
6.965519266530072473e-01,3.254138860323244842e+00,3.370745339873490121e+00,1.102341658456888362e+00,3.163816432154187286e+00
1.425521790774825215e+00,2.716620020243319722e+00,1.856265924363486031e+00,3.093094966263879364e+00,4.828439208722534737e+00
1.541721756629268913e+00,2.565535711650851258e+00,1.888323663620428139e+00,2.098352924089365246e+00,5.208880402238835750e+00
1.405864639636934532e+00,2.273527349475679582e+00,7.555361997853777822e-01,5.461672516258068377e+00,3.976284551826714253e+00
8.840986568909010579e-01,3.636826319630821036e+00,5.823813966901503214e-01,3.223220580718646477e+00,2.853393466955081781e+00
3.709670013963722868e-01,5.916867092388609084e-01,4.848440517085619295e-01,5.869621405660033098e+00,7.324724661238958490e+00
1.265686291551323839e+00,1.102291737383050529e+00,8.083917460589883364e-01,4.412273573578779029e+00,7.249408581716848765e+00
9.254149373587482463e-01,1.691042924172674322e+00,7.847579228336558632e-01,3.304433306437722706e+00,8.595709072148114416e+00
1.313263597950713013e+00,2.269486339487087445e+00,1.325203118474762354e+00,5.943045825091670675e-01,7.333671067342337757e+00
7.748268407167075988e-01,1.498635614906196789e+00,4.860412098079219589e+00,2.335680610733442464e+00,4.864312780202562969e+00
1.383268510795254258e+00,2.755523154154256193e+00,2.973191065589071869e+00,6.049439651490349235e-01,3.303684035795786844e+00
1.069075576249315596e+00,2.791746169571875491e+00,8.575652211561437532e-01,1.488148448450505423e+00,7.285807889771425572e+00
4.119021874342021494e-01,1.427586676673722188e+00,6.012245617413480403e+00,1.172271294773965522e+00,6.774589580643910480e-01
8.440273210324357178e-01,2.337588793731433690e+00,3.635582959374996648e+00,5.157572470609892434e+00,2.300011593013621791e+00
5.763290558370941508e-01,2.134295144565748092e+00,8.229133643658176345e-01,4.836582263967684980e+00,6.989992904820932829e+00
6.205710930378274259e-01,1.873426463753541826e+00,5.946157708770852812e-01,7.069076288257572394e+00,3.322668253541087857e+00
1.274434802056071181e+00,1.070521985104451623e+00,5.296492372117762581e-01,5.113048384342762098e+00,6.375882273008246948e+00
8.426485978608424521e-01,1.282532064033630625e+00,3.492206889893107569e+00,5.827203410155815000e+00,4.022722099520775529e+00
7.046851117995136526e-01,1.834441579595477378e+00,1.304459527449933098e+00,4.440606979469877480e+00,7.329827850376225307e+00
1.108151334698425750e+00,2.835931225204864958e+00,1.277953429018728437e+00,4.428759388371856787e+00,4.373379432109897991e+00
1.445586861079360297e+00,2.095098226135666764e+00,1.108578145817688210e+00,5.018911000517197074e+00,4.446438696049080264e+00
1.731887951393043856e+00,1.640301965519855631e+00,2.258548570295456859e+00,3.961413607196988540e+00,3.093170446945673557e+00
1.063373318383910693e+00,1.588963287913172984e+00,5.848311762795127544e-01,4.729894711352102377e+00,7.168552937157617322e+00
1.421184346310196300e+00,1.931446227826499662e+00,6.529237458354306689e-01,4.456692113094591789e+00,5.180645339813554351e+00
9.272326842749564202e-01,2.514586625331442615e+00,1.546369462299223674e+00,5.917357337115395133e+00,4.058468169888064914e+00
7.116729141293535177e-01,3.553367219954568057e+00,3.634793276341274915e+00,1.745161509145916945e+00,8.084101424761886978e-01
6.538232140663612357e-01,1.790155550854538369e+00,6.879611501226674530e-01,4.911017159269995602e+00,6.985035899137256088e+00
9.033040171739599167e-01,2.234037141057657383e+00,1.076094401288320679e+00,3.427273011037256012e+00,7.351163849966546593e+00
5.394893979977508636e-01,2.514482852549382752e+00,2.305910881480384145e+00,5.874239048406133534e+00,3.172110726771763201e+00
7.932655610379166777e-01,3.934077310675062833e+00,1.690128075158077614e+00,2.521447989573560644e+00,6.282904111536752323e-01
3.211752194315081188e-01,6.909978185561655994e-01,4.241439643499968604e+00,8.929552573811494476e-01,7.757361185084429955e+00
7.328532200008079922e-01,1.483826393070694971e+00,2.577614377738870033e+00,1.599961645279992295e+00,8.283872953591817634e+00
8.076161037220551675e-01,1.421936210387867217e+00,4.836297860602563503e+00,4.261100383749990783e+00,2.055956040691057307e+00
6.731662786153864708e-01,2.993138235749553289e+00,6.789168369866291908e-01,4.991662527021532014e+00,4.035875110254573350e+00
7.437521594428124772e-01,1.871268727650768904e+00,6.649451918431132924e-01,6.910696819773803234e+00,4.311129009055425954e+00
6.282648711878531245e-01,4.931264373396472278e-01,5.853094829580842706e+00,2.994933892108298523e-01,3.560085982011594208e+00
6.572075224980955532e-01,5.065928219397861643e-01,4.592895188000464479e+00,2.864474419383062909e-01,6.928979422441532421e+00
1.496734776464974326e+00,1.026984526071031301e+00,4.623147547242028033e+00,3.208577939119736100e-01,3.416336487664535237e+00
1.410364498807961997e+00,9.929163500413767940e-01,4.380538000195930870e+00,3.657553686583317476e-01,5.300308782241086369e+00
4.441267382978127953e-01,3.568399930750119076e+00,2.122509551820792151e+00,4.070847975336436164e+00,1.421982831638390454e+00
7.592324132188853492e-01,2.060711272388774162e+00,4.968763718043353039e-01,6.871914687264274235e+00,2.827928832483076693e+00
1.393259370091690208e+00,2.524243797079895213e+00,1.073694060280527829e+00,1.324140592073883349e+00,6.433523325975769147e+00
1.136233659795772954e+00,2.792459802672910385e+00,1.245912754867085859e+00,5.232261622377628818e+00,7.868545410537637341e-01
7.951973537259209301e-01,2.241822916009806654e+00,5.809220871204565650e-01,3.834051888776059958e+00,7.392537572783868249e+00
5.835170509881741907e-01,2.793303441468113046e+00,1.774339458912387979e+00,4.490847381003091776e+00,5.007725345020528351e+00
3.310653120076998412e-01,2.033776557225321913e+00,5.494874128870617547e+00,1.300292277552130171e+00,2.040079503207348655e+00
1.309810818146215361e+00,2.669710398820677177e+00,3.031160525952467655e+00,5.005259219575037832e-01,3.716810841126410914e+00
5.617668224969873947e-01,1.465957474242379099e+00,9.657085424935453188e-01,7.699150795211179066e+00,1.090309928527949612e+00
7.156082017710916343e-01,2.666324085831238477e+00,1.747383305031140033e+00,4.945189530407895440e+00,5.072606201414951776e+00
1.879251286874923377e+00,1.382471377040492388e+00,3.142744151836093014e+00,2.458303197888349167e+00,1.900626840215718261e+00
1.207780548330987358e+00,5.341577031387013674e-01,4.984157981326725384e+00,2.123668337757344649e+00,3.996281572737341747e+00
1.118267384184195468e+00,1.198230241767992199e+00,1.366810853451613905e+00,2.270576556120271761e+00,9.089647534481262170e+00
5.843505546032135012e-01,1.844979331262409428e+00,3.364007282829931444e+00,4.156596141670999778e+00,5.470833302128078834e+00
1.354029446974265749e+00,3.400455915218907332e+00,1.455179553075528709e+00,2.985278014649177081e+00,6.054863612822505292e-01
1.336787705333211562e+00,3.213098084190410653e+00,2.457833849632970136e+00,2.174805302661907191e+00,2.656165076541894710e+00
1.993610324936220035e+00,1.093552953004016892e+00,8.120145293463671976e-01,3.369555741204634192e+00,3.346928716810669169e+00
7.790133115510355921e-01,1.235588949275731041e+00,5.922321654014822023e+00,1.274075789928760027e+00,2.200818581553412034e+00
3.655312721098513129e-01,2.431752773496079545e+00,7.645505251336264241e-01,3.656790326221424525e+00,7.653447623773939945e+00
5.902966758940713099e-01,3.101493030148726238e+00,1.194500603157611973e+00,2.495504456082655143e+00,6.139177633233685150e+00
6.301916256584036979e-01,3.064547670546994063e+00,3.650627280560476695e+00,3.301510242803161077e+00,1.769377740539715527e+00
7.256610112990196093e-01,1.062840031745564184e+00,6.026055815343692501e+00,1.277274098925738954e+00,1.667274930794078847e+00
8.758110601963438047e-01,3.423540846345289879e+00,1.369375312764493868e+00,1.252668131825419362e+00,5.654469268830718320e+00
1.339098218819829489e+00,2.394599034996022002e+00,1.542377174919919103e+00,1.196216280898215523e+00,7.141674553190833663e+00
3.245867962525451622e-01,5.168258494540505232e-01,4.505147539495939490e-01,4.366985970812984341e-01,1.012733762062174492e+01
5.007476001791619780e-01,1.471303671073282526e+00,2.455091994460323779e+00,6.699668358028024961e+00,3.744601738927775259e+00
9.255663337757671361e-01,2.797495119113571072e+00,5.781427867808777155e-01,1.114957521649148520e+00,7.020846829121929922e+00
8.661423732227944150e-01,1.952264628092165610e+00,3.972742192397737071e+00,4.985534109084736265e+00,2.869315077950671089e+00
1.003364898553386064e+00,1.736539378815445733e+00,1.440954530561130209e+00,5.288734158277712538e+00,6.192561691677656022e+00
6.621974194850044348e-01,4.057209687879540283e+00,6.030190498663267062e-01,1.458999551144253060e+00,2.048563122775021395e+00
1.213246138600433621e+00,2.938094447455178670e+00,3.490255157783996864e+00,7.132129392628718811e-01,1.684262771569867478e+00
6.567589506995354931e-01,1.291364344677631060e+00,3.587852492618161637e+00,6.466348124327454983e+00,1.585177324896723139e+00
8.503123384992417044e-01,1.877017397685981859e+00,2.314453014737869019e+00,4.503214074843446824e-01,8.366580219033169286e+00
2.398769800406054253e-01,4.852773555318685705e-01,3.251596754554122448e+00,1.838102443252413787e+00,8.566774119781028318e+00
8.579655236888592551e-01,2.506981388253347820e+00,5.308467942797833183e-01,6.461946042607349838e+00,6.081886447092232917e-01
6.260402786295736766e-01,1.258278485954274828e+00,4.962163136656676521e-01,4.098135335681120317e+00,8.473985860256085800e+00
3.851113380631455141e-01,3.706754743153589882e+00,3.101717948161630378e+00,6.765497978525951694e-01,2.185161491408548429e+00
8.115518303913105136e-01,2.146788567293923311e+00,3.449159698105265015e+00,5.809886289405240767e+00,1.608693207825574900e+00
8.504371347997503605e-01,2.761142247782922610e+00,1.965528238125297644e+00,3.322208612837847408e+00,6.079763318946096007e+00
1.775162449574435586e+00,2.951089895623308479e+00,2.058872650403055005e+00,1.785593060890059869e+00,4.598783397565203157e-01
2.243404098308719785e+00,6.911741360105601029e-01,1.654853882343064519e+00,1.425775745772014602e+00,3.667165274272117248e-01
1.393198490746398566e+00,2.613435010593973651e+00,3.682679699330191347e+00,2.704397449411205745e+00,2.296214875497270658e+00
1.195669414627476890e+00,1.446860575275212835e+00,4.374210670807561208e+00,5.028196540402699810e+00,7.700204905946372858e-01
8.533497410458386057e-01,1.946546454619463518e+00,5.275777806496850797e-01,3.876926229092755971e+00,7.835652810550195468e+00
1.196258796002503955e+00,1.075463745498145052e+00,5.695994214387609667e-01,3.511895174261402630e+00,8.159686618540970215e+00
1.023257235559874134e+00,1.834809375180160629e+00,4.855430693972706990e+00,4.047040361385245255e+00,9.772001041478517447e-01
4.532321128852080383e-01,2.248113415579461094e+00,3.168866599136912487e+00,4.273482503665862353e+00,5.217977472344170309e+00
4.976585674304468410e-01,7.351715539543480782e-01,4.411255235870744862e+00,3.457728820494869737e-01,7.563015074428487416e+00
7.938832267793505260e-01,1.358038660297411715e+00,5.334736953389043634e+00,3.804970538602737151e-01,4.929791358132938228e+00
1.045369298732836016e+00,7.235762959595493093e-01,4.770291117130356362e+00,4.214424363800538309e+00,2.874097005968963447e+00
1.446379218712481318e+00,2.350666001654666104e+00,3.964022656825420210e+00,1.511179897479082435e+00,1.911456863311529197e+00
8.340495328738284364e-01,2.736601727368447534e+00,7.946344844253191431e-01,6.249567438197283664e+00,1.611474731206918865e+00
3.182149760799631300e-01,8.186420382607830781e-01,4.068302907047439021e+00,5.753287194391959680e+00,3.816716259020425550e+00
7.830474254506192278e-01,1.146253323353871423e+00,5.142464154297032408e+00,3.191592096630100905e-01,5.296057976802517331e+00
1.240952894682679997e+00,2.527163382843595318e+00,1.984451302018110708e+00,4.912772613136631605e+00,3.226225006687307051e+00
1.663061872375164008e+00,8.540217587659674203e-01,3.382640305917202550e+00,2.748445982226022100e+00,5.306085207397256198e+00
1.189371607771460226e+00,1.585902706916697991e+00,2.852377063864142581e+00,4.403367200946573412e+00,5.464251482729596709e+00
2.693637876777962847e-01,1.666513134475634539e+00,2.899097445152577723e+00,2.047919939923612098e+00,8.021680607457792433e+00
1.490752940083559297e+00,2.781015593436226840e+00,2.277043313579904193e+00,3.358907913878656171e+00,3.285635380871735567e+00
1.160244832127553805e+00,1.578490528113972502e+00,2.797783339026964633e+00,3.464793139225377683e+00,6.628298689684369194e+00
3.028218592792871755e-01,7.331865542413599224e-01,3.235654426739009715e+00,1.881828005148165950e+00,8.610171078590944660e+00
3.688571818372343714e-01,3.667264016948578398e+00,2.374576308103450994e+00,4.860522570097057793e-01,3.702337176178613021e+00
8.524760884360269575e-01,9.763081132402728901e-01,8.677289214622661007e-01,7.705628551122343239e+00,1.096787684439114230e+00
7.322004468116150022e-01,1.393617009979529309e+00,3.446253850112141137e+00,5.725796643137448960e+00,3.789225707765914386e+00
1.451872602746201668e+00,1.771259864289905117e+00,1.433321821031792176e+00,5.985503176222796817e+00,3.651004006093764076e+00
1.684822586563271551e+00,1.388729961952734460e+00,1.498330220989969153e+00,5.324189606698662480e+00,1.192292285513294248e+00
1.065341355913563381e+00,2.136158031676834046e+00,8.644937318963398232e-01,3.957687242608522560e+00,7.445928482349974509e+00
1.231932698079944988e+00,1.983398955457845947e+00,4.196901415264940205e+00,3.675462822636887950e-01,4.351751977116261827e+00
1.191886616437800139e+00,1.248514232898001897e+00,5.721469901415259240e-01,4.661860878470314162e+00,7.424004211795007357e+00
1.080588310784917905e+00,7.571943677223700320e-01,4.734306607772754028e+00,4.203309088705738716e+00,3.275923215426638890e+00
6.726589615588616233e-01,3.232829766682590478e+00,6.913029374324497489e-01,4.816493387421280303e+00,3.539109196688733139e+00
1.650986433647226637e+00,2.070703477692197758e+00,1.383567196147530876e+00,5.183882042603609186e+00,3.144300849987851088e+00
6.444486604886152659e-01,1.741440734270273349e+00,4.280492676724782619e+00,5.196862136877321348e+00,1.954996046392377895e+00
5.334526353524811082e-01,1.910492680517303477e+00,5.627418091832445235e+00,1.362387493820184314e+00,1.891195663668671534e+00
1.455314071252432395e+00,9.428684624119099134e-01,3.587692144073794775e+00,2.795695986699586744e+00,5.368122865673812250e+00
1.120592762493129113e+00,2.019247959176266871e+00,1.462659986416975588e+00,6.367247568370463462e+00,2.319534829305784029e+00
6.210061979452068393e-01,2.720920215053737490e+00,3.699787962962966414e+00,3.111212510422598498e+00,4.924194091312251054e+00
1.254301212027964629e+00,2.460306066622318877e+00,3.771117729165470500e+00,1.609206674065642328e+00,3.612784582730157013e+00
1.193368133389363983e+00,1.017775479592428534e+00,1.360129273010834527e+00,7.249549941752708726e+00,2.303515242869070612e+00
6.262327641857978744e-01,3.312890747371270983e+00,1.988648608589269617e+00,3.144837235566563027e+00,5.340432126369550225e+00
3.875303969899430157e-01,1.044405985040052887e+00,4.524275573213976109e+00,4.969520114196410709e+00,4.339894953832262203e+00
4.026715474625823799e-01,1.801465295036802861e+00,1.592438207814298678e+00,3.173407658951151067e+00,8.510583771596305525e+00
3.106785629403573390e-01,2.037655259950476694e+00,5.217437785559667418e+00,5.848508447543130373e-01,3.612818538131069790e+00
3.867888746889097673e-01,9.207692782678450483e-01,4.805925709254919909e+00,4.656533768074331725e+00,3.807706703987226327e+00
8.099336937692609428e-01,3.142476719127452967e+00,2.271234291850897424e+00,4.913301580205253316e+00,1.677659466727478454e+00
2.021778123593138243e+00,1.183077651284623943e+00,2.330660523407040330e+00,3.288474647192118461e+00,3.279362184158746363e+00
1.829725588121882573e+00,2.040585675127241316e+00,8.105294573714567630e-01,4.299954371087166827e+00,1.018428219524161182e+00
8.580617976346900377e-01,6.556478579086155722e-01,3.208322864988612189e+00,7.028501260087643310e+00,1.783278257037118841e+00
1.217768915621634029e+00,5.994661580340825413e-01,2.898696778881348912e+00,6.696244961875065016e+00,4.832466923777834489e-01
6.506008798278037908e-01,1.493396042011432723e+00,3.946560606884653044e+00,6.227614608667401797e+00,1.773827557039840297e+00
1.363469772501071819e+00,1.966452670249123624e+00,5.270213051788208425e-01,6.368218750568500397e+00,1.395491933898841630e+00
8.078848661349588012e-01,1.751640413986333744e+00,8.517241349849007381e-01,7.518049776922130611e+00,4.345306173572198727e-01
9.673410874327694753e-01,1.915575101252499746e+00,1.410187786271400956e+00,5.624018041142010205e+00,5.531890889663605648e+00
1.064949661540363746e+00,1.935547321222864436e+00,5.190602570397166104e+00,1.215868476644887508e+00,2.884695970034011570e+00
9.541327970124858782e-01,1.606855740672443744e+00,3.507419431426683332e+00,5.009779154029637027e+00,5.016838792866894714e+00
9.810861424349494042e-01,5.794450669017927602e-01,5.124540031189235734e+00,1.577707304214142736e+00,5.361146957765932974e+00
1.009962264648344821e+00,1.571903924725442270e+00,5.624314402235665256e+00,6.453685976835418225e-01,2.109421083441941569e+00
1.105148614511282101e+00,2.369110826286117355e+00,4.228962503596893185e+00,5.026884080409123046e-01,4.573983825847077966e+00
4.427285290582277377e-01,3.595739810039280671e-01,3.676151978355567396e-01,6.166945029061044359e+00,7.171544075800744267e+00
1.464847553163378224e+00,3.138950477527043148e+00,9.329800018818241725e-01,3.396061402538871565e+00,1.022062643269179283e+00
8.832265499585891799e-01,6.146119407057326622e-01,3.549178754072532804e+00,6.383255324329692115e+00,3.448772468547164127e+00
4.261236075980071591e-01,1.924279437092690337e+00,2.683582260528586616e+00,1.567094686153694738e+00,8.228603468325893289e+00
5.755717424758528544e-01,6.972336770626820224e-01,4.087549428144939156e+00,4.152774745418016167e+00,6.299795859866949677e+00
5.831314523058480637e-01,5.125921958281085544e-01,5.810711696777977942e+00,1.376632666412715533e+00,4.163085876834626831e+00
9.152965024026930019e-01,6.149367903381270928e-01,3.341517539618585886e+00,6.776968257499814463e+00,1.468651680662652836e+00
5.209829261556698787e-01,1.125201249217575139e+00,4.988493660240179706e-01,7.861831181062491680e+00,3.449075237709092079e+00
1.626895814348943370e+00,2.636676351375442096e+00,7.897817041999880550e-01,2.324104111786349236e+00,4.670564858128297026e+00
4.772405860994107796e-01,2.901420896959383100e+00,4.667991240624250970e+00,1.586531446819719804e+00,1.569735299414876106e+00
1.424550050769677334e+00,3.801506095218644132e-01,3.247589129153181542e+00,4.941079537764081486e+00,3.175382972752987865e+00
3.610400829741891027e-01,2.980637103023089374e+00,2.182640955475032118e+00,5.171268530296165622e+00,2.332060478295757022e+00
1.261663308634572100e+00,1.719922601457591682e+00,4.448369819397687053e+00,3.544363880137196832e-01,4.424410044737177472e+00
6.629128285400420761e-01,3.540690254920900171e-01,1.240007557753944445e+00,7.833318461530921262e+00,2.901505738902318221e+00
5.177673525659811649e-01,1.250673334299107209e+00,4.995849613431970759e-01,7.877317621360991673e+00,2.352684630112981790e+00
4.128704198754707955e-01,1.995209205582989975e+00,1.758181722172228678e+00,2.400880816300178910e+00,8.563323788323321750e+00
1.970616917697484149e+00,1.945999827955628314e+00,2.690575235728920767e+00,2.589616812174360128e+00,1.063934335134146369e+00
1.854137408225580153e+00,2.353369772738063137e+00,1.757415620911178200e+00,3.701042704035780062e+00,4.622018088204964403e-01
6.214399410355861963e-01,3.460275187536887120e+00,3.768077953723314888e+00,2.314038482746842096e+00,4.460406357743383898e-01
1.149948345249687254e+00,7.763955011475276446e-01,5.578249692714901009e+00,1.045081650124200401e+00,2.154339493992475596e+00
1.148757679301635637e+00,1.390727239320996400e+00,4.339607317413630483e+00,5.145434229702718909e+00,7.763870441635536412e-01
5.719556888688317464e-01,3.007546845590381768e+00,4.461324556570406052e+00,2.134798754849852820e+00,5.869048358638602192e-01
6.380644973951189458e-01,3.532254313474885166e+00,1.520684546338380905e+00,4.167914427271694144e+00,1.499530330487022889e+00
4.677613513797591605e-01,7.194836017366174064e-01,5.908529108638685301e+00,1.368052283624693999e+00,3.537836295178704127e+00
1.554815869347176527e+00,2.122360154739398208e+00,4.073097931701909147e+00,2.313391218122009541e+00,4.262526063927661313e-01
1.181114400836154044e+00,1.869580534250773196e+00,2.331298928362762979e+00,5.883814147564363495e+00,4.077696073567008916e+00
1.173723357217296259e+00,1.365148433399511863e+00,3.129103568840762684e+00,6.014975806568487293e+00,1.535180197479023789e+00
1.551810726828669829e+00,3.535001121539872448e-01,1.184547047988569357e+00,6.192465628578490922e+00,2.105688147426119539e+00
5.747311801431040923e-01,3.205751447901848739e+00,4.187091682508963686e+00,1.663470881397647982e+00,6.689753709304495644e-01
4.979230662205604285e-01,2.154952390745373147e+00,6.963128863498775356e-01,4.613897107090876304e+00,7.319367995047270092e+00
1.438280106052965968e+00,6.644970689463419733e-01,1.274029466886588136e+00,6.039105999768146660e+00,4.435061622099587098e+00
9.819025422744698250e-01,7.369877299845382090e-01,3.765782714397997388e+00,6.130579694213389885e+00,2.933619766163356068e+00
9.953952573274766902e-01,2.008744125003077752e+00,1.344487461057001898e+00,3.879596260066589419e+00,7.475847331257155837e+00
1.837356392078498324e+00,2.277233297230515152e+00,2.629593707650996315e+00,2.841807750233392493e+00,2.559857471335421408e+00
9.165237516974746868e-01,1.725322085127404925e+00,1.628230841541607132e+00,3.131217391596284205e+00,7.877079635829738358e+00
1.451573749667037783e+00,1.897367858894039916e+00,1.234963953883601473e+00,6.027842351162218115e+00,1.215404683466547731e+00
4.646139610157825062e-01,2.580332120202368351e+00,3.660236064834397673e+00,4.546099739270973217e+00,2.919760822101725495e+00
1.275322689150736100e+00,2.000711330486142359e+00,3.979243700939524508e+00,2.135309202433064879e+00,4.180540278612238758e+00
1.312260898903313322e+00,1.869604305720193427e+00,2.127166244109888193e+00,6.040403771902130181e+00,1.507164764278484226e+00
5.305811383615943733e-01,8.594858424151234910e-01,3.629105619113251358e+00,6.157714496416149430e+00,4.852282904149049614e+00
1.110637483965581263e+00,5.000136323178129283e-01,1.837602872531812981e+00,4.935035870143252623e+00,7.186185151391274673e+00
1.180292525884899524e+00,7.107567671091400419e-01,5.889404974559113715e-01,5.038313051778385621e+00,7.315495475502832079e+00
8.326905042976734395e-01,2.281123992513812482e+00,1.163146167206456028e+00,6.854418775943011077e+00,2.713043194902849731e+00
1.960788909569897598e+00,1.290068321224087100e+00,8.457433357147750019e-01,3.900825903436156317e+00,3.672036776471188979e+00
1.001517103538157372e+00,1.131771433790312198e+00,1.052433893579899138e+00,1.118951052145259251e+00,9.548541224832955976e+00
4.289918012442315298e-01,2.075334282336828373e+00,3.907594218535558106e+00,1.527608663492094010e+00,7.132504855358400064e+00
1.094261629843565009e+00,1.479840280206525360e+00,2.719227724098546517e+00,3.231794961190653126e+00,7.398142877000322137e+00
8.285675939589560723e-01,4.166456990168798669e+00,1.252552612108272179e+00,1.418460910633693839e+00,1.056413310110424941e+00
3.709155138126346563e-01,1.359659896312396699e+00,5.950992069125542017e+00,1.844994243777003495e+00,6.679642781833590170e-01
1.829780331330102205e+00,2.287453897741721143e+00,1.934798933498324658e+00,3.354508767807531378e+00,9.559659213600059102e-01
1.355288917335399024e+00,1.016385211367103025e+00,4.355931837691852770e+00,1.325652505378916324e+00,5.097016803485654002e+00
1.278238656311659893e+00,1.683340686709556611e+00,2.703073642633544882e+00,6.483081153772753069e+00,4.955472999486885133e-01
1.498406424951114202e+00,4.253153751764745527e-01,1.812780150603718665e+00,6.285661342101245275e+00,2.117464805799032401e+00
8.499152795253228643e-01,6.905839864899654401e-01,9.276857106427691679e-01,4.548025108453447096e+00,8.330915494580320768e+00
8.405627663355417223e-01,9.687544151141790350e-01,3.269327587075122388e+00,2.453234520219196302e+00,8.245057108373925914e+00
1.339575251601478056e+00,3.384811555313029352e+00,1.467169217654743063e+00,2.972694836523965378e+00,3.598031545587118685e-01
1.342238721609376739e+00,1.030941896291339477e+00,3.587659961837439404e+00,4.430356062865674183e+00,4.413068494875097336e+00
1.382779809499073753e+00,2.660951222825927776e+00,3.685630931722088111e+00,1.750432904172708692e+00,1.568249098163613686e+00
8.894742047380300720e-01,3.356005718983066100e+00,1.696628728698143185e+00,1.269335208069112486e+00,5.906726541930890306e+00
1.176866305761568476e+00,2.185981333181434394e+00,1.088565015603430108e+00,3.078478552991320338e+00,7.653255014946689805e+00
8.766610046642975274e-01,1.698664379012851944e+00,4.802636598071787333e+00,2.529240123736687273e+00,4.873728666069258253e+00
1.380149210964920492e+00,1.422233229630899043e+00,4.943778312148003451e+00,1.971324222971549744e+00,1.018419109114061527e+00
4.153221205061715104e-01,3.485903347699508270e-01,5.017972293196866218e+00,5.064307548749813925e+00,7.691837687442486526e-01
6.503901364956048425e-01,5.626158659875152290e-01,5.349856161388478526e+00,3.777380771650461710e+00,3.503368800457432819e+00
1.020472385808558702e+00,6.949569234778010252e-01,4.544644313649892631e+00,4.498410228343733053e+00,2.897765888941982393e+00
7.864258852210179729e-01,1.674385085373307547e+00,5.518824228440958102e+00,7.563114016785053018e-01,1.677406735999403375e+00
8.262326035593714479e-01,3.705844672401346518e+00,8.493820151199741320e-01,3.114167365051371927e+00,3.640953952261596349e+00
2.172324980913472814e+00,9.784637032566491088e-01,7.347151801355522593e-01,2.654543523073296996e+00,3.173681208352885919e-01
1.462382817201777652e+00,2.370781069729416934e+00,3.833921686603753098e+00,2.740529249666443956e+00,2.220638851503504263e+00
4.276890224899894122e-01,6.397605240371095903e-01,3.773500625016131815e-01,3.521454613793471022e+00,9.291850995437135552e+00
6.930178474543990941e-01,3.991793772119231143e+00,1.635598335904955736e+00,2.422893509344012486e+00,3.467572751453550928e-01
3.186205585589305667e-01,2.560558098072164057e+00,5.368664622552083987e-01,3.865538465932477852e+00,7.074020646435092985e+00
3.891091236641471829e-01,4.843283224418124533e-01,9.397427069539170397e-01,7.993405698295731554e+00,2.191454718268292190e+00
4.271205524615305227e-01,2.886862273863560091e+00,8.647705028767618263e-01,1.131400541406197391e+00,7.978494890962685382e+00
7.800508884810329890e-01,3.786968190778525312e+00,2.337841863681322963e+00,9.437967035096646029e-01,2.067797992905051174e+00
1.389598465876017874e+00,3.163200136615298863e+00,1.283510270910345641e+00,9.240108485906923796e-01,3.568951669763200218e+00
1.600535475043269429e+00,2.910917577211663776e+00,7.160059531465906568e-01,3.253297958943004886e+00,3.227058441881394679e-01
1.517211329113364648e+00,2.259398624073302386e+00,2.192575112462837428e+00,1.240985649856898521e+00,5.877123996843910625e+00
1.501561615610601752e+00,7.074445398696074250e-01,6.471918721051019840e-01,6.242912671523543011e+00,3.459636450624911319e+00
7.695210915226743387e-01,9.695293695502236186e-01,4.344111413173572522e-01,7.758798055945287153e+00,2.816147946306352345e+00
5.199229892758413518e-01,7.112156133465079577e-01,3.985798874450960927e+00,5.372957996298129979e-01,8.131508151817742558e+00
3.996297173308801520e-01,1.082491313085669926e+00,6.247128069556860730e+00,5.141480701630636307e-01,1.593888517457683562e+00
4.915720700518454445e-01,6.748429109538447435e-01,5.628672909770766175e+00,1.071498933151124433e+00,4.333562053748315712e+00
5.595323594084953278e-01,3.344506147452037226e+00,4.165706045135041613e+00,4.565844194721765392e-01,6.912840829589559366e-01
1.077248250294621679e+00,1.709534216169117160e+00,4.701604660380815481e+00,1.384712210308060021e+00,3.951935553568234560e+00
6.521487548807234358e-01,3.493305667980898033e+00,7.167939244597034687e-01,4.594487763026927851e+00,1.523052511272271925e+00
6.215507438448518718e-01,1.268880577460138603e+00,5.731305173758700633e+00,9.258891354712868171e-01,2.294058460269035926e+00
7.292155421786040703e-01,3.656166395050834517e+00,2.376811490168856622e+00,5.760287641966999050e-01,4.103410025693985830e+00
7.987405119402366527e-01,1.652780673793889488e+00,3.422918797076615061e+00,5.706374214245395926e+00,3.053956545906855613e+00
4.089542128401479348e-01,2.285431040073576892e+00,3.037377467051090463e+00,2.250629417864137061e+00,7.340603194110181917e+00
5.171680180460782594e-01,3.234216391595849061e+00,4.208216718481990526e+00,7.458029119547631147e-01,1.536505264827226602e+00
1.604770471154942646e+00,1.373274312144710629e+00,2.561679305401573181e+00,5.401167855021105524e+00,4.986489216325402096e-01
8.359537236926393167e-01,3.303893598124132858e+00,1.911450169400369159e+00,1.229926119415150509e+00,5.631727256420449912e+00
2.145761453905313143e+00,7.163571937816485269e-01,8.671061366370889090e-01,1.955821080064821693e+00,3.798597309109103648e+00
2.923845081774897325e-01,1.986416350010500098e+00,2.919419530214890646e+00,2.204439777868365979e+00,7.574119586130787063e+00
9.030053594377842607e-01,6.989520431974900472e-01,4.235754170909723726e+00,4.342649302578954762e-01,6.688293713140565089e+00
1.936882412989552105e+00,1.563364038461749317e+00,1.788926037030685201e+00,2.157587624124660763e+00,4.698862479218758104e+00
1.313868065583553957e+00,2.307927685228016834e+00,3.953153328198794725e+00,4.932483394645699182e-01,5.104841945005727410e+00
8.031154030804873445e-01,3.879543350930008572e+00,1.765440510301391264e+00,1.595792060555101255e+00,3.032546466013384734e+00
1.920886682829124448e+00,1.014729968468485177e+00,8.890630648553583537e-01,3.799769920909455756e+00,4.130626561891730830e+00
1.162510406244671168e+00,2.293514921464725020e+00,4.878149573227759994e+00,7.735955537852698960e-01,8.419211719939858618e-01
1.601379227527696347e+00,2.745056680517226955e+00,1.059937353121452208e+00,3.636381435400328210e-01,4.350885158755430915e+00
1.082840936740778304e+00,1.815691563002729492e+00,7.808645749420874971e-01,3.705817713927662016e+00,7.672644778705448587e+00
1.381229775532076820e+00,3.016872904202334116e+00,5.931519355849244057e-01,2.855388570396661496e+00,3.538046508026659431e+00
1.475430533528936161e+00,2.210391478321038328e+00,3.853308703849278594e+00,1.592011717652465075e+00,4.378915528230466592e+00
1.564496641034101909e+00,1.537551395215743799e+00,2.290005026843690672e+00,5.569403403185235746e+00,5.094125935223279278e-01
1.209927387728032322e+00,8.803157066526147156e-01,2.835490631360225500e+00,4.276675207580189486e+00,7.064756948225189070e+00
6.146153646587146913e-01,3.180300927593568416e-01,1.169180143254733961e+00,7.505035647505380325e+00,4.002445896312273987e+00
1.064038704543349478e+00,1.166777795657059968e+00,3.609930446539437288e+00,6.066565045544407120e+00,1.023914188468124653e+00
1.376353041261743515e+00,2.834937715705410533e+00,1.497708627021444361e+00,3.874345126251302673e+00,3.638967014587261239e+00
9.808179942939280194e-01,6.675007006172234414e-01,6.616508288076243804e-01,2.203740893139225943e+00,9.320611498517065385e+00
6.371715210395298978e-01,3.725628992613339463e+00,1.086077236358160114e+00,2.577554212282326951e+00,3.767317458315971201e+00
1.791107675989317860e+00,2.797532630146716048e+00,1.396286493658999595e+00,1.861141831247509426e+00,9.724994900205146120e-01
8.703210230977900252e-01,1.693808378160173600e+00,1.189777051036204902e+00,8.985874522131411801e-01,9.189068188474541543e+00
5.012141372720984034e-01,2.375390192134006817e+00,6.990896728475226585e-01,3.176215729545581290e+00,7.862681331781435468e+00
8.004916883286290474e-01,1.555376903154305435e+00,3.307069315171204948e+00,5.873842937826665001e+00,3.069511808818323306e+00
7.605384874357896674e-01,2.579862641190932671e+00,4.131254898239468787e+00,4.089211464334464807e+00,1.747424723655657930e+00
1.712746994491088026e+00,2.091315570830604820e+00,3.787960278452335405e+00,1.647909716195734786e+00,1.665626803409604451e+00
1.270480293100011426e+00,8.308969074400363031e-01,4.461692726953886634e+00,2.179064679741831156e+00,5.924800714630470644e+00
1.506809879273652175e+00,2.085956194957502507e+00,2.216800626001941499e+00,4.068965817528223283e+00,4.279928237523023427e+00
9.620455047753326827e-01,2.967783471612814861e+00,4.294830829442390474e+00,4.510024060516555355e-01,1.162860676496659362e+00
3.702181543289717047e-01,1.916845963555510401e+00,3.145924672721583715e+00,5.112475929486006709e-01,8.114055681660842012e+00
2.963864800020412638e-01,3.230131138732439844e+00,3.592139266534085884e+00,2.062719340128410739e+00,2.887889619259764284e+00
9.210308238987386931e-01,8.214240050790684311e-01,2.732651038810685939e+00,4.932166915055346657e+00,6.559189237744236678e+00
3.393588815235425993e-01,8.929461535069597167e-01,3.593365248524479361e-01,7.628280725597882395e+00,4.029178300555855685e+00
1.271598602325651139e+00,3.167713053729275252e+00,2.122786758227384496e+00,3.917828282526648387e+00,3.909639784260774409e-01
8.369778880636107310e-01,3.271437184448511282e+00,1.073931363046717768e+00,1.400373374524798598e+00,6.021125198083370655e+00
9.240431910094176748e-01,4.872066061433653061e-01,4.264357193716534766e+00,4.316134127151713962e-01,6.577791820835753533e+00
3.543846681351660033e-01,3.023072077441208094e+00,2.222494421104470153e+00,4.692998169377598394e+00,3.312872589471862472e+00
2.764140146156628397e-01,4.538307165067839155e-01,6.952125839431552157e-01,5.598982203983953188e-01,1.011259978791942515e+01
1.475091079869246258e+00,2.030352832321848933e+00,4.316213746306924115e+00,1.423087316751460829e+00,1.468004893708416692e+00
1.132593189970766190e+00,7.945662004494871145e-01,5.559101654610910437e+00,1.568239247796733293e+00,2.111455267132593239e+00
6.827574864013086220e-01,3.836069280455951080e+00,2.317396216338713177e+00,1.507730362830664417e+00,2.722461557460034598e+00
5.617703366943312959e-01,8.626836301697329290e-01,5.687867421162166259e+00,3.070314817969784560e+00,1.727084271401507776e+00
3.040156121900570163e-01,2.141370321716772107e+00,6.588371563677755116e-01,3.230715542128482110e+00,8.228183345777097202e+00
1.754119964386952280e+00,5.248736131402854665e-01,3.126925091679311208e+00,1.256324664565202642e+00,6.134767975891118219e+00
3.310564696766283843e-01,3.664121910483456812e+00,3.270542460863308687e+00,6.903609848357121770e-01,1.539719677734547876e+00
8.558055087034142083e-01,3.323567282749131380e+00,1.053215400387293110e+00,4.601697241691552698e+00,1.987571666116858315e+00
6.655622945969733584e-01,2.783911423774150684e+00,8.456656573477849825e-01,1.112212591383635596e+00,7.961260591439248024e+00
1.132045804721356408e+00,9.555452332104867885e-01,2.741923626541300951e+00,6.059654997804447163e+00,3.501524278114677813e+00
1.982705331983788177e+00,5.043679409357155752e-01,1.640928306097899192e+00,1.303677193649193544e+00,5.185589298902453237e+00
1.417962443771399794e+00,2.224613131811433053e+00,3.757204677685366701e+00,1.545195729084588798e+00,4.808512582308794414e+00
1.226007368075438864e+00,2.986810874260640070e+00,3.392670619001328713e+00,3.963620468737860669e-01,1.821625143009702352e+00
5.487143597631006786e-01,2.983199554813774412e+00,3.936047084094977055e+00,3.416021363406172906e+00,1.926085674250600732e+00
1.175010986635433019e+00,6.097833592962028648e-01,4.746621824817870205e+00,1.114586860464279239e+00,5.180769340099284470e+00
1.515976590266601143e+00,9.938538250058024381e-01,4.465520991645754556e+00,3.119287750105391055e+00,3.121353690199930142e+00
3.724173375923679474e-01,8.244278893871298530e-01,3.452761247438286496e+00,1.281700376244862216e+00,8.677478918465496349e+00
3.905633693183307997e-01,2.035818768454137118e+00,3.509317236212915248e+00,5.857234106623926628e+00,1.833646203191912960e+00
1.295322687094606184e+00,2.174754404245683670e+00,1.313733135090604964e+00,3.570180344648560933e+00,5.576640991721394158e+00
1.852873252281863170e+00,2.476347809563652191e+00,2.246705984621407470e+00,2.243574576194503400e+00,6.330697893731667136e-01
5.196217908908075112e-01,2.355842671533979527e+00,4.424397434608161817e+00,4.838572598427676397e+00,7.689465119381660996e-01
6.271031161115835362e-01,1.347797678516884368e+00,3.000352036388409971e+00,1.365443313067159270e+00,8.679901304273956342e+00
5.247125895499593629e-01,7.586926334238209835e-01,2.360361407060667993e+00,2.003609487512469478e+00,9.526086413816397425e+00
7.831196046992157100e-01,1.547755080204343603e+00,2.654207034269143506e+00,3.146243766905297834e-01,8.638031066313940798e+00
1.052936488320991959e+00,7.270871433200348788e-01,4.355997737799567560e+00,4.363586412302544737e+00,4.061341849135816418e+00
1.049673199925688527e+00,4.565406458875206908e-01,2.168697692342465899e+00,5.178916329826371623e+00,6.629849175891129320e+00
1.197742104913322558e+00,2.087044983721127789e+00,4.431805257714175106e+00,1.021460209085776505e+00,3.144429166772207296e+00
1.741351209095599373e+00,1.979053808204918052e+00,1.706816254833200208e+00,1.334680458837795181e+00,5.918882358059308402e+00
6.136723458763113648e-01,3.353738687422515685e+00,2.168108004337646388e+00,5.358447911445126666e-01,5.749786123331313448e+00
5.620324905437188434e-01,2.541090931488001026e+00,8.042607607241468726e-01,3.903070977752260973e+00,7.178293624632126502e+00
7.217630382544095724e-01,2.508936038873920804e+00,2.212746046561544944e+00,5.088597830170624725e+00,4.758441736015997847e+00
4.639920373600276982e-01,4.492529341845854507e-01,3.479650849198816509e+00,6.437734796302803097e-01,9.016802319171398850e+00
4.216667970906015639e-01,3.584214199686886371e+00,1.032403497579696960e+00,4.806811308580688724e+00,1.645957221650689473e+00
1.753286759472459266e+00,4.313641526315760144e-01,1.186668220597737911e+00,2.641615863716940460e+00,7.080462374853147445e+00
7.261880396708060292e-01,1.348111228209905699e+00,4.562539872050403567e+00,5.213712561084106412e+00,1.945457375301044678e+00
6.916170401611628771e-01,1.125666175016331039e+00,2.547798563969579710e+00,2.176643089356023353e+00,8.700807613202425017e+00
1.469178252660696016e+00,6.017051682733525197e-01,2.983822026597860777e+00,4.945015419040655225e+00,2.289921223817228402e+00
2.720960972056823968e-01,1.517345613582015140e+00,2.310033388458358594e+00,1.637989114125944168e+00,8.960166624212487108e+00
9.957295655590354677e-01,2.225261921670000032e+00,4.272829859951649212e+00,3.149598940861321417e+00,2.099382207573948111e+00
7.366415107575358112e-01,1.356638176039217214e+00,8.638702001932668795e-01,4.826476577967389936e+00,7.713792436129577546e+00
5.332530937499397883e-01,1.072236574076131932e+00,5.987428552964580319e+00,2.476753869119837859e+00,1.210023512272578650e+00
7.345164420742421596e-01,1.459537082127231544e+00,5.612953281665349792e+00,1.514749040894532772e+00,1.602947024082821414e+00
1.858926488005749222e+00,5.144329613141231938e-01,5.778937067133584904e-01,4.904137619029444117e+00,3.929295008956451341e+00
1.507652299814051577e+00,4.772242724480787457e-01,2.662039820658600675e+00,3.995039604132796462e+00,6.102866949387278694e+00
9.444201029111853885e-01,3.083718498877249470e+00,1.030539698389780101e+00,5.164571622634953840e+00,2.010404547209140080e+00
8.306968676965461595e-01,1.750255938937036237e+00,3.659729399547241080e+00,5.234370903792836316e+00,3.044458532260107209e+00
1.056745686919844385e+00,8.355293617464679690e-01,5.517566413549968907e+00,8.166075111443741319e-01,4.398690879104652396e+00
4.382746741377112065e-01,3.764716044252518490e-01,3.668422293741312679e+00,7.045448705382160171e-01,8.528707525810204970e+00
1.347049152709858255e+00,2.230905915278207363e+00,4.425644673848774246e+00,1.112613916687749782e+00,1.715890449673479923e+00
9.939000217309232887e-01,1.746887523605373582e+00,4.488659873420527191e+00,5.411087769884675991e-01,5.524564981239323380e+00
7.346652947141422141e-01,4.192260979612702165e+00,7.923889577175319276e-01,1.517925476162998999e+00,1.190528848402979012e+00
5.434152995813334996e-01,8.220157386239633768e-01,5.966961645707755224e+00,2.204698518292728338e+00,2.349727853002031353e+00
1.456653825289179860e+00,2.628440495804735821e+00,3.458484642797412967e+00,1.130192178308073503e+00,9.249888836761114286e-01
4.479291525288119358e-01,1.320709521848639101e+00,6.003397219254912542e+00,6.021410698101474779e-01,2.291814531869142968e+00
1.228936818551836119e+00,1.185431483923154339e+00,4.816985895096814740e-01,4.537862152706699348e+00,6.885368589332794720e+00
9.935466822035335932e-01,8.849581292432809887e-01,3.273631915376201018e+00,4.884790588257872379e+00,5.766546991865007854e+00
1.651047330486079545e+00,2.315379841213093481e+00,5.711650479620384857e-01,1.201985140034951272e+00,6.011149397242968817e+00
1.531384649648016794e+00,1.505541701943288846e+00,2.559752160126675058e+00,5.591779572249938823e+00,1.227237430918016070e+00
1.189793781544333573e+00,1.186800439941565255e+00,1.569658737626862477e+00,6.774239419364770143e+00,2.644542188582886588e+00
4.507481255989334024e-01,3.167437144521338954e+00,3.345388722967199691e+00,3.559274352346536663e+00,1.868875951619934472e+00
5.396605352466957717e-01,3.370034368841703376e+00,1.853170768329653662e+00,4.877533606462644222e+00,4.293585495599249180e-01
7.624327048883570157e-01,2.732959721070165049e+00,2.755384983726023140e+00,4.709872366192596971e+00,3.315712964551429831e+00
8.279711555277937673e-01,1.474982368273636268e+00,3.213363716006603976e+00,5.675253219183147735e+00,3.617031031581099398e+00
5.893099791205026472e-01,2.977844882941923288e+00,4.534275565504254146e+00,1.621315475888911450e+00,2.134225541033567097e+00
5.757160987986267298e-01,3.672623201518719238e+00,6.673429744566975463e-01,4.172636815625163642e+00,6.845114679617599895e-01
2.979996099719419145e-01,3.114672387600528669e+00,6.008637091541793041e-01,2.794486865120961561e+00,6.527643665439795129e+00
1.331157233669082895e+00,2.617554994092828213e+00,2.155594814540972681e+00,2.126569942726904028e+00,5.396862506667796211e+00
1.315418516894668599e+00,2.343579381674362416e+00,3.253145788973680119e+00,1.862706869971021861e+00,5.262894878935307830e+00
7.905998462397203497e-01,1.054148019822441995e+00,5.892266991189463177e+00,2.221922000253361951e+00,7.069749881952099857e-01
6.778761923536955614e-01,2.901901380574907652e+00,1.022583704119175207e+00,6.599050705410700601e+00,1.015848034769839536e+00
1.191561327976748519e+00,2.637442321038753423e+00,6.113788686703930386e-01,5.874951644141650497e+00,9.435907414023847473e-01
1.938900821982768585e+00,1.948337574009305850e+00,1.554267306124745174e+00,2.954855542548361136e+00,3.419638605831076816e-01
1.278406260819020535e+00,3.248459945707508290e+00,2.306036758916117702e+00,3.042699020387240161e+00,4.250086801410130066e-01
1.246286977928143358e+00,1.098016431447801589e+00,1.960992930486202157e+00,4.069736397644835968e+00,7.011870401130745556e+00
1.209967147424158007e+00,8.809733513700656049e-01,2.832483135036237609e+00,4.288370145760505459e+00,7.066265758586167678e+00
4.121459154338908970e-01,3.751154985800834729e-01,2.810585444371437092e+00,5.500433720190045506e+00,6.704166252323837227e+00
8.642561508012266414e-01,1.849771280489679093e+00,2.010720579699600385e+00,2.116420631696612542e+00,7.748968466394003052e+00
7.049537799328388088e-01,3.600838774723501334e+00,2.341220085273629348e+00,5.601583542798042048e-01,4.381572016273486803e+00
1.567645192396392773e+00,2.200750618531102543e+00,3.552255163544796979e+00,4.202717532760043562e-01,4.746326123895440396e+00
9.792775905357927746e-01,6.989514228024620301e-01,5.006943714682746460e+00,5.123718622930724109e-01,5.061297146033881589e+00
1.000003159060214308e+00,6.027972965130772298e-01,4.207884727321127727e+00,5.727614130038263696e+00,8.414269522259408829e-01
1.798609788082405680e+00,1.562375039484431127e+00,3.673764723112460828e+00,7.948413250223771431e-01,3.664785040024388429e+00
1.165855910452699762e+00,1.162899797738515817e+00,1.432506728231008442e+00,5.969310142270522590e+00,4.976001700795888993e+00
1.729935007122327839e+00,1.015012623016777749e+00,3.896663340049301816e+00,2.977592659751127524e+00,2.346406118874126090e+00
3.761315872790936266e-01,1.081436011000174835e+00,1.943820589312313052e+00,7.543537441004366073e+00,2.872396007966683040e+00
7.687933890972822315e-01,1.160357625739242282e+00,2.664272541494814295e+00,1.769245383687598538e+00,8.728953326029605719e+00
8.426229159745823871e-01,3.173862924924205853e+00,9.025507346253773822e-01,4.978882329413939267e+00,2.624628983021338513e+00
4.159509584079510436e-01,2.969217869235500018e+00,9.273173975493709253e-01,8.843911348418411755e-01,7.762450867369029339e+00
7.901331584245886441e-01,3.884673783759835519e+00,2.107400368928467937e+00,1.633174153726729472e+00,2.607095672830494593e+00
1.833852243344614052e+00,2.614216912860380049e+00,1.523262573533832098e+00,1.725586804394244389e+00,1.504352185819495258e+00
1.370144015613056876e+00,2.837627706623671031e+00,1.911201491644334727e+00,3.922955882914008097e+00,3.752152457732110591e+00
7.856072249807661834e-01,1.137708189024509986e+00,2.539592510826526262e+00,1.904566150326746587e+00,8.714066925573520805e+00
1.205086461091713801e+00,2.238543610784767601e+00,1.006825935143410344e+00,4.179372521882987357e+00,5.603355572452556999e+00
6.123978471229998277e-01,3.045795367074668469e+00,3.550682045631273542e+00,4.683794335701080280e-01,4.635868062002789003e+00
1.810350627270708834e+00,1.153839709470168451e+00,3.998670906884758569e+00,1.282831682498883463e+00,2.180841717038519256e+00
1.094181469792659733e+00,1.869941445942831626e+00,4.749713135755630589e+00,3.273398326168135863e+00,1.449436540265819140e+00
4.894740580311651712e-01,4.502560485657909339e-01,5.581897200963367389e+00,6.869353454000244330e-01,5.385695461325444633e+00
6.958855845757312419e-01,5.986035179068182055e-01,3.343362291364035066e+00,4.790085768706172642e-01,9.007544668695151913e+00
1.770792522436134275e+00,2.826777927143896640e+00,9.914230452635999224e-01,2.125295314830299098e+00,3.262305237758582166e+00
4.864409714786545047e-01,3.378099013724030986e+00,1.593263413634465886e+00,3.679225172379722686e+00,5.510435674640516979e+00
6.353627003453865552e-01,3.802016329088919733e+00,6.749904183205825969e-01,3.592719209410003334e+00,6.932407028508422719e-01
5.780577570180850389e-01,3.677773562702668642e+00,6.697677325783329971e-01,4.178240658193487889e+00,2.900530061074318988e-01
1.590446001407447074e+00,2.217391334475632636e+00,5.713371269214444492e-01,2.691947717372779270e+00,6.019766202952054890e+00
5.915510043472653745e-01,3.197801143368138588e-01,1.099717045372499147e+00,7.324078594666772801e+00,4.615924613338486360e+00
8.326442310559689641e-01,5.872469913127345009e-01,5.887940228971156209e+00,2.196826552961276047e+00,1.969395057692391315e+00
1.046277248833828555e+00,1.520275544573175264e+00,5.593611316358931163e+00,1.079070808583314722e+00,9.144161166927127216e-01
1.594335629151640621e+00,6.901028315407712332e-01,3.474854392257649138e+00,2.671281430359542242e+00,5.986406094452834559e+00
1.581758645500756177e+00,1.815380149684979294e+00,3.587214547707022749e+00,7.461291972200428946e-01,4.801170077465529928e+00
1.223560751123325963e+00,6.652628470052328602e-01,1.386758049429673179e+00,5.622296444393627191e+00,5.994869869946366947e+00
9.388153796150777719e-01,3.217187351786023441e+00,1.045312993354612363e+00,4.554483936060688798e+00,2.528823417239745908e+00
3.653535134049499256e-01,2.440681684370321403e+00,1.160022072389423453e+00,3.812225757491694011e+00,7.163009531165802635e+00
8.507870063644129566e-01,7.418143457232588833e-01,1.734098950152435314e+00,3.625929518647912353e+00,9.016382772779493848e+00
4.122316702785828180e-01,2.031144931686846178e+00,2.514990837170106630e+00,3.013181711070389568e+00,7.616489876376530965e+00
4.504765342098342451e-01,3.501423330521734822e+00,1.660778152593879842e+00,5.242113781819450757e-01,5.738152710368745524e+00
1.211186392224353980e+00,2.168210638591761885e+00,2.921752087829145417e+00,4.750383833659103772e+00,3.289300220543554421e+00
9.172610061661328196e-01,1.815615562503302582e+00,3.010223967586244331e+00,2.443547373641894893e+00,6.645073895085657156e+00
7.504519148902619730e-01,1.840149388275162057e+00,4.951215755554367881e-01,4.348128437851821460e+00,7.784424945415917563e+00
1.835855884853894171e+00,1.254117941186553953e+00,2.077257166701571123e+00,3.882769643105247415e+00,3.829912722964663896e+00
6.430040226321953600e-01,3.182045260007385412e+00,1.163042572625946791e+00,3.870331229152320862e+00,4.743539839714866702e+00
4.454409048387568126e-01,2.930626138696860394e+00,3.926892784733211794e+00,3.609228354081617685e+00,8.136527811209074423e-01
1.406127653792396348e+00,3.190052289349764703e+00,1.613528183402782146e+00,3.023618117307764752e+00,4.007129955298459612e-01
1.185919530859920634e+00,2.173696159434900466e+00,1.014492883503729015e+00,6.500232669288231513e+00,4.537851437342521610e-01
7.607097825923210266e-01,1.693569657129537775e+00,9.014079502254979115e-01,7.519998377776727416e+00,8.421732969090311993e-01
9.447896492297943594e-01,1.696816684911546247e+00,5.167738163956414610e+00,7.994045188704226312e-01,3.659450332635943770e+00
1.003883646485796088e+00,2.793868344402077764e+00,4.478926613495266551e+00,5.046600379337244924e-01,1.275593389895128382e+00
5.469174371552403269e-01,7.811692408604886673e-01,3.737941281003944738e-01,7.876321861857958240e+00,3.083462525766401008e+00
1.617287004769026648e+00,1.243952438622333734e+00,3.670256092216635402e+00,1.907887462760630815e+00,5.087983698828541179e+00
5.471139299869780537e-01,4.442258973289012203e-01,5.599278026868157454e+00,3.349949668554705440e+00,2.143818871547363614e+00
8.202278712510975289e-01,3.892089595566202931e+00,5.115725722119652819e-01,1.629383390544490329e+00,2.743741496480974096e+00
1.302358527830294932e+00,1.879725174955103384e+00,4.310148943212180228e+00,4.313121546095546321e+00,5.725320056376314026e-01
5.185145956882961649e-01,2.837751721589816256e+00,1.583402844718581726e+00,1.053928589937465077e+00,7.725201839335936072e+00
7.993714469278545565e-01,1.613551465028783882e+00,5.242133879751667891e+00,6.458938352134435679e-01,3.208956599253095732e+00
2.031016745301769788e+00,1.989041853418780370e+00,9.249541471910899260e-01,2.983889449970209995e+00,4.037788424346113181e-01
1.591109629390880409e+00,2.447887031815018766e+00,3.791706947391962679e+00,1.517868178923321265e+00,1.995445880154926410e+00
2.137275202826794285e+00,9.282125567759333951e-01,8.513288291329725865e-01,3.656172670672414249e+00,7.083119446152157384e-01
1.924928325605217871e+00,2.445776663790203198e+00,9.271634600210924004e-01,9.005693394822910092e-01,2.876909995181312407e+00
8.388655498827146673e-01,1.760464775171724172e+00,4.856028147354881641e-01,5.065745694500238372e+00,6.810443069271218341e+00
2.875802002810273206e-01,1.857690933771591446e+00,2.901124930538348856e+00,6.690529470438939086e+00,1.189955046700439167e+00
1.130349985962971981e+00,3.232703333177033844e+00,1.472951363806593195e+00,4.843309194680284202e-01,5.288461796903398238e+00
9.071367061714796787e-01,1.227188473861472895e+00,5.620152117543175230e+00,7.707338628368132216e-01,3.588408610170914947e+00
7.873546038740226738e-01,2.575611093693801479e+00,2.897744491564299807e+00,5.740780553941061015e+00,2.034836368055419342e+00
1.940529110563951942e+00,2.573487890761416264e+00,6.578282554372973934e-01,3.093329380842984477e+00,5.037388098333579478e-01
1.823256909182534802e+00,2.325445319729655846e+00,1.274676200533905845e+00,2.974527318680840082e+00,9.371127692309999535e-01
1.773220048517389902e+00,2.482306778334496755e+00,6.256226406365580361e-01,1.256726164509049726e+00,5.147677251972867296e+00
1.537121261228851843e+00,1.677138259401607989e+00,5.830453109775382003e-01,1.141839251585691883e+00,7.115354210494908571e+00
5.576956219323190300e-01,2.543770567815815120e+00,5.785964658718985021e-01,6.854007858920895480e+00,1.272412675080967670e+00
1.895608558966211721e+00,9.190151066085079368e-01,1.811761040539991097e+00,4.593305709902439915e+00,7.543032896687109634e-01
1.598412337470352718e+00,1.487485064223206699e+00,2.312109178635406437e+00,5.545752106411107718e+00,5.212053283760733624e-01
9.611582793857778029e-01,6.134943084343127406e-01,4.229601710571522233e+00,5.580199493263047650e+00,1.986375433192320017e+00
9.819021024168169687e-01,1.613821554703828376e+00,3.959629285039570235e+00,2.228888727255307511e+00,6.514228275224175135e+00
4.554958116162002302e-01,4.282938727355002362e-01,6.021083195613990746e+00,1.296115655658002908e+00,3.537908991750652987e+00
1.654234438043113542e+00,1.945991856138654885e+00,3.639304611164041248e+00,3.539927940529252193e-01,3.625620020099138863e+00
1.224459941049860001e+00,1.164721128956325513e+00,1.514091208720462545e+00,5.819960963145292432e+00,4.983302569058663423e+00
6.356093772847335455e-01,3.630608942539883532e+00,2.296066717329144247e+00,1.283258477698933309e+00,4.071372315908791784e+00
1.317747327470814245e+00,2.440196706057421672e+00,3.653120177986204808e+00,3.782930641299206531e+00,1.567837690107259485e+00
5.600816255026908053e-01,2.521148039021328113e+00,1.136961419650679428e+00,2.164695473296379458e+00,7.700778105670448070e+00
5.452617790650597929e-01,9.348438362142634794e-01,4.411645568855728783e+00,3.913705463238199567e-01,7.246097668720370422e+00
1.607411200403835227e+00,3.493570445480903008e-01,2.925169962055317985e+00,4.447593672629888140e+00,3.818881250974978769e+00
9.954901472700942167e-01,2.648760655496381844e+00,3.895548148830340729e+00,4.863062072024056937e-01,4.987101837217310596e+00
1.843382200138277804e+00,2.604582235817380020e+00,6.060403288410780576e-01,1.427776897592095695e+00,3.590759152599575899e+00
1.986220301768687690e+00,5.359820879893261170e-01,6.044340338156168890e-01,1.222924343422058469e+00,6.263385437917129650e+00
1.512195715590486156e+00,8.193259812425464084e-01,3.390448820186547696e+00,3.537098930180651912e+00,5.289270207275281521e+00
3.993546467015524071e-01,7.352951319568821198e-01,8.388630686117846125e-01,6.302323089253394350e+00,6.663331843934955145e+00
1.158860300535633714e+00,8.883245427520849447e-01,3.068145919119787735e+00,2.177833667487309555e+00,7.776522157234399657e+00
1.353208987672320562e+00,2.101714301732710233e+00,4.031859740273553427e+00,2.134218896027466172e+00,1.494787227590727907e+00
8.120163286216131038e-01,1.398814382762212372e+00,4.372031195913278268e+00,1.704778480556256692e+00,6.576074700591130195e+00
9.216909035845703979e-01,2.106095054042934400e+00,5.957384456593168842e-01,4.874045893604756152e+00,6.364839418504963930e+00
9.966532055911856425e-01,7.495740600048010904e-01,5.394782957120882294e+00,9.979731114385808066e-01,3.225909810457740168e+00
1.770072724089073457e+00,2.448635882019847720e+00,7.748955367479462009e-01,3.091550813994722535e+00,9.504319291943255088e-01
1.074136035546268575e+00,8.689081616851643819e-01,5.436349611640071133e-01,3.404908607781198082e+00,8.811855434300484902e+00
6.144432054085728900e-01,3.353214871003272979e+00,2.174541397559763389e+00,5.367624629133469494e-01,5.750703795100148064e+00
1.739191845605332354e+00,1.676096279558617841e+00,3.626325382531864872e+00,1.514475212858231057e+00,3.650783282853801825e+00
1.511818035758064394e+00,6.975711804673208061e-01,2.720450016394884152e+00,3.645714355245328164e+00,6.077160629333629771e+00
1.454424763250981689e+00,1.654908729205050832e+00,6.615496764746625624e-01,5.712309682235113151e+00,1.123161032609599097e+00
1.571633744977716240e+00,1.489751976037144487e+00,7.009961533407090828e-01,1.109470452117373718e+00,8.140644472654310349e+00
5.952620148029910130e-01,6.339083413748647367e-01,2.898902718040649695e+00,4.434315466076091394e-01,9.384885998339905555e+00
1.021364867846959568e+00,1.012865700199695906e+00,1.227470550896312185e+00,4.966397458604459914e+00,7.175967089977379310e+00
1.105437407676677530e+00,9.348244711948584529e-01,4.822786765729618064e-01,5.615888494591339430e+00,6.364678992181390882e+00
2.021045830898893669e+00,8.849367435814302629e-01,1.779688020256214864e+00,4.071018997321457888e+00,5.109465844646987609e-01
3.865624587106440413e-01,2.298822588017424895e+00,2.709625851825521181e+00,5.298976089061170569e+00,5.119051441842735528e+00
1.232935440509753455e+00,7.523949935453954074e-01,5.438320810800023608e+00,3.127201931293058568e+00,1.186850311603368846e+00
3.347232992722979916e-01,3.369048706724970810e+00,6.301057882964423706e-01,5.172396805344296133e+00,1.377229033957323434e+00
1.109216412369334881e+00,2.222760958027925948e+00,1.767943711706431609e+00,9.167348424720007660e-01,7.973127680437167797e+00
9.815510928916645339e-01,5.870152227277254386e-01,4.396902555087915054e+00,5.354471683724280950e+00,2.078050784066587386e+00
6.708767836003065588e-01,1.152322278921040777e+00,6.664213176938389438e-01,7.980460254950259014e+00,1.068275933922398613e+00
1.474364940770743981e+00,2.996579078650547512e+00,1.726809716971760889e+00,7.869197660394918747e-01,5.423846991313172161e+00
5.939819767275628104e-01,3.225266848143605314e-01,1.099177216877233798e+00,7.287487058556500585e+00,4.727339349141627345e+00
9.355316899675849562e-01,5.312187060038793263e-01,3.537007596771811091e+00,6.384821296328818896e+00,1.973555998316258719e+00
1.445433632113638511e+00,2.714290103990949721e+00,2.413934645341165197e+00,3.314443623809391060e+00,1.408211894232971106e+00
1.371882368155227239e+00,1.017507218652202727e+00,5.345524288960521453e+00,7.821568630681821066e-01,1.558703104261484951e+00
4.514944226142045824e-01,8.538411009959517850e-01,4.828741859425202065e+00,2.265359543749112525e+00,6.550699091717980593e+00
3.096331666784330472e-01,2.098740406811004711e+00,5.472520001425436931e+00,4.894718034640912485e-01,5.562655415608992460e-01
8.430365566237383312e-01,1.568959535503942959e+00,5.253683653218615746e+00,6.574436086803913115e-01,3.220506372720043586e+00
9.349175924946219185e-01,9.342259147794373941e-01,5.170618868519981426e+00,3.711148269962894819e+00,3.279972070497688907e+00
7.381586120943686158e-01,3.304051365892569425e+00,7.890073301794194860e-01,3.661687923020284785e-01,6.377607574588682660e+00
1.159643157990724704e+00,2.392866280460224537e+00,2.485927720855793943e+00,5.262671488199552883e+00,2.103227381694220188e+00
1.292064671558527555e+00,1.075941588383542147e+00,2.734407604146794402e+00,6.463173435737725292e+00,9.557677161895796747e-01
1.355940849459855269e+00,1.705639796748600556e+00,4.706502355179365438e+00,7.840484344607623335e-01,3.935749060583835668e+00
2.990195467979567812e-01,1.616065990584260703e+00,2.166131111792925612e+00,3.365602928220456924e+00,8.235619032195661049e+00
1.435185786040131806e+00,2.633442681798495943e+00,3.719524271062519816e+00,2.080811765380956579e+00,9.442864464042260986e-01
5.580168694218676784e-01,3.023479854352899121e+00,6.074154040207480065e-01,2.779149598994127945e+00,6.752202138461540493e+00
3.668918168725823770e-01,3.629570155504122653e-01,8.104751981262987570e-01,7.235177332941933770e+00,5.386063890418910205e+00
9.969215918292886336e-01,3.149758609421455802e+00,1.038096486926199713e+00,4.537122487575655505e+00,2.520882819292547872e+00
2.068007036957367095e+00,1.280547960058394441e+00,1.216158493279103636e+00,2.988916253581518578e+00,3.198055574490098696e+00
6.948802002692398005e-01,3.705537828112830834e+00,1.834177164752883282e+00,1.564536578117174948e+00,4.652034423198565527e+00
5.548241431314251404e-01,3.422095419039349551e+00,1.531732980520759346e+00,4.539254763015755145e+00,2.627212861463974036e+00
7.336549727433412382e-01,1.102495893389391357e+00,3.382691349775330369e+00,8.775425364697940767e-01,8.269292051369927066e+00
8.092395812306562020e-01,1.629523269163927646e+00,5.179333645593414026e+00,1.288975885585071035e+00,3.230255670817035352e+00
4.212080889673872619e-01,2.985834281919283129e+00,1.876676397456541689e+00,1.253739157957958206e+00,6.670641641637019781e+00
1.024800674203628414e+00,1.236497859648124642e+00,3.313685750745010594e+00,5.774288662842727682e+00,2.365482578278533587e+00
4.516842612693363623e-01,6.792009019381096691e-01,3.640834603960565463e-01,6.403653439285103666e+00,6.717840698111283260e+00
1.089860351829634588e+00,3.594132073515683867e+00,1.168609544666463718e+00,1.146414947645379545e+00,3.958590016643478204e+00
6.529295613633150364e-01,5.171937943089246481e-01,3.295761998395582815e+00,8.943245003885611499e-01,8.972553880395444992e+00
4.069177570240090080e-01,2.301066402408101119e+00,8.532732736288238806e-01,2.788197367960283835e+00,8.254855249953601870e+00
7.280790679212787442e-01,2.499425105791686530e+00,6.562573998870543379e-01,6.699984426248978941e+00,3.243124562973237701e+00
1.648786135097229488e+00,4.923517427759155352e-01,3.706185773019509355e+00,2.828362643539824806e+00,4.335265343021390549e+00
1.173371489293124181e+00,2.095388358316319533e+00,2.509504163094190332e+00,5.588083905277727581e+00,2.142064140682747642e+00
1.094787658631235949e+00,8.796447154097637444e-01,3.002901777840456532e+00,4.500718818143107924e+00,6.351538265743339018e+00
4.806472718599663629e-01,6.380903816770433501e-01,2.888623831998069047e+00,4.378296296378582753e+00,7.998850730354028826e+00
1.982482210771110420e+00,1.089531107106040952e+00,9.959549617147225309e-01,3.285056328487786281e+00,3.554651634525657578e+00
5.462242507722474549e-01,3.493857989241995199e+00,1.917163282589391615e+00,4.789005619326147212e+00,8.552353086489294931e-01
9.001809316413813544e-01,2.282986921649624357e+00,5.676167829718958835e-01,4.940187718928847893e-01,8.335695191577581653e+00
6.257998999649698746e-01,3.065665535976453082e+00,9.516449256040592219e-01,5.528313604651119206e+00,2.122165912097945473e+00
6.666007292463247413e-01,5.346755398746827481e-01,5.155738670278869229e+00,4.791987674509363693e+00,9.854759564453701159e-01
1.823000043718522090e+00,2.060967102918505489e+00,2.757949616489710376e+00,1.816463307458211496e+00,2.677884320059767287e+00
5.605700717111488096e-01,8.671068632488194705e-01,3.048470802043704797e+00,7.826391523814226758e-01,9.142888422950189664e+00
7.217321984141054081e-01,3.954227440550122652e-01,1.208166060773475436e+00,7.429597055781744785e+00,4.455020542783237225e+00
1.495727501733649767e+00,1.202827826215016271e+00,4.130628564949405224e+00,3.267102819142942316e+00,2.627285044445128559e+00
5.150059731862844936e-01,3.315129926543776584e+00,2.165566840022987716e+00,9.466928945243200388e-01,5.948093158354614829e+00
1.596687270235790823e+00,5.578816202777994171e-01,4.351091501695862007e+00,2.763821748787878896e+00,1.215072277989417193e+00
2.024594154171523108e+00,2.514534592903726384e+00,8.748686177722931889e-01,7.669377060022508630e-01,1.899923853806948948e+00
1.437524814876029122e+00,2.530096148324441074e+00,6.940658740000458238e-01,5.207701077718482452e+00,9.210719413339288897e-01
4.007309298423151755e-01,2.153021413810652707e+00,2.289898302020933141e+00,2.563931093521793603e+00,8.138604616563117844e+00
1.446849591326936801e+00,1.462929567221017413e+00,9.890676690575295193e-01,1.078303547559301467e+00,8.050689840266029407e+00
1.308209911315304730e+00,7.296295018316818481e-01,3.018731250765869678e+00,3.063456403126088468e+00,7.026116961223989321e+00
8.737759751427880417e-01,3.898870622379970285e+00,1.457961667089484159e+00,4.365852663554215529e-01,3.519150628730771668e+00
8.285567862748255408e-01,1.131431985048859890e+00,7.600683284655374017e-01,7.768828875830167568e+00,1.920108435797180491e+00
1.121876686836052128e+00,2.167038761192869423e+00,2.915069294813696921e+00,4.508332105888255725e+00,3.660046003859762642e+00
1.253412273376210528e+00,3.504409395457973364e+00,1.272722946106060959e+00,1.338422765460710373e+00,3.288615594123626806e+00
6.181265101213315738e-01,3.485177921596292805e+00,1.904390691654475498e+00,4.590824786426766835e+00,1.884372112722680015e+00
7.651205454876518486e-01,1.027053653994409732e+00,5.912885355718875857e+00,2.367319696824863318e+00,1.660924199446000449e+00
1.037845563647901370e+00,7.380911594691017541e-01,5.320008181165435168e+00,2.916174680103599037e+00,2.739173473766712164e+00
7.952376514920290740e-01,6.570787599882408347e-01,2.796897461498220938e+00,4.855631908260466645e+00,7.268410225145987447e+00
7.224752322751669675e-01,7.210302935408867686e-01,2.294577279299212957e+00,5.399501075467480149e+00,6.807062580523979278e+00
2.018399515527751209e+00,1.510864200295761961e+00,7.561576357214345734e-01,3.541725468026276857e+00,6.606290866767428049e-01
1.674409996017457658e+00,2.014694023213221996e+00,2.185780293470680924e+00,3.525121289641345523e+00,3.497944210177682312e+00
9.895453006523343698e-01,9.590232720005570366e-01,3.746308927562269631e+00,6.058420914428262805e+00,1.922336108038035674e+00
5.334488152027229146e-01,4.861338636392306123e-01,5.419519903941959704e+00,2.230324434024882674e+00,5.284284677142807141e+00
1.018952518976625976e+00,9.376008112047802268e-01,1.982709932028939193e+00,5.369578659927684683e+00,6.542295470734658558e+00
4.447409840665398906e-01,2.937529921354918194e+00,1.319608901526886369e+00,5.671944414339585627e+00,3.445530339388851893e+00
5.473296061334255169e-01,8.034383468831090003e-01,3.894126481575266308e-01,8.219148061533740446e+00,4.389251402562887039e-01
7.026137021188334497e-01,4.013534901861731896e+00,7.440467942481954200e-01,2.794390453220063186e+00,7.759967512402656808e-01
1.573639900611724762e+00,2.596352712974677068e+00,1.531822387427854704e+00,4.235758518919929827e+00,3.475708668338736151e-01
5.522243987247492658e-01,5.619077400253935650e-01,5.055018107717622833e+00,4.541628650107612408e+00,2.381158887570279603e+00
1.430489149601953836e+00,9.638347336385548747e-01,3.850813265710901323e+00,2.927507431829165174e+00,5.347090980569511487e+00
6.123370136017027843e-01,3.481841909293808879e+00,1.574804929361437900e+00,7.656452227987311510e-01,5.750521431044757215e+00
1.865287888070215061e+00,2.301407916870249704e+00,2.118721554619126923e+00,5.410866673105539926e-01,2.868963428583555242e+00
8.001434116153998133e-01,3.100377827102937633e+00,7.165000980482809645e-01,2.416883855867586917e+00,6.541966115642066981e+00
1.414929649484625518e+00,2.533949616792133597e+00,3.262052189385982182e+00,1.249175193741487444e+00,3.294151281965162603e+00
1.173190278531631492e+00,1.328059315119377359e+00,2.663044222958685481e+00,4.171360932570607472e-01,8.158606633409748454e+00
1.470715689170865703e+00,1.168224149724371719e+00,3.488683780775271082e+00,3.209944112822665119e+00,5.541064601715244287e+00
1.820521976427476707e+00,2.697764783258247423e+00,1.159199654423493708e+00,1.238889629217806210e+00,3.153297562661946163e+00
2.114376188963268177e+00,8.472205647299273501e-01,1.392470459805363880e+00,1.337490767967319361e+00,4.618190821000040636e+00
9.737074276286999952e-01,2.936268885075187907e+00,4.234749563879404377e+00,4.654080817845956952e-01,2.560150279042880950e+00
1.429073425577574330e+00,3.067910055872661523e+00,2.398541985895031647e+00,9.003436599426904996e-01,3.420259417244777111e+00
8.543901559391167133e-01,3.959230346545533852e+00,7.259325672090081172e-01,1.263657837093442371e+00,2.782756938161808691e+00
6.940705227908834374e-01,3.198289640651343468e+00,5.952348127268347611e-01,1.520674005019096775e+00,6.331845486741511486e+00
4.420774488029475258e-01,2.882266802567440500e+00,1.069092398315966363e+00,6.386748595686020380e+00,9.461740064328486577e-01
1.878031956281347226e+00,3.872434524971807290e-01,3.440495225789861333e+00,1.502862042777266316e+00,3.860295137553737543e+00
1.005906087993476250e+00,4.003367310512775390e+00,9.635471756828111189e-01,1.405319325694760924e+00,8.376511941882536227e-01
4.623269690061488357e-01,4.072130135478282953e-01,1.547600217462686611e+00,5.377548966332207137e+00,7.809102616177988843e+00
9.097670008665349473e-01,1.804336790685033165e+00,4.180206183061095260e+00,3.963457499484777991e+00,4.834926795978269354e+00
1.414665273850927996e+00,7.466081651297795663e-01,1.056510275636817875e+00,6.357962656161347148e+00,3.803389811050490010e+00
1.410548525730249692e+00,1.691846661454374567e+00,2.952550858973835179e+00,1.362370714232361557e+00,7.175511646169749014e+00
1.472130970624847324e+00,1.090878593649440287e+00,4.162790742826071089e+00,2.908118661892562073e+00,3.673019176290701182e+00
1.368898468868419371e+00,6.807551995158875879e-01,2.951570480152911458e+00,5.936218310602984438e+00,2.261987583908590338e+00
1.154629399665839440e+00,1.217733209975471631e+00,5.455960000700901702e+00,2.188764050808440498e+00,2.745386728746564753e+00
9.511967043248579223e-01,1.423534294109493725e+00,3.082642369330181431e+00,4.638280284272081389e+00,6.444445802007972901e+00
1.537720727648751007e+00,2.705535330571819941e+00,2.267930104107609424e+00,2.878468812941084920e+00,2.140503311032946332e+00
5.783593660276555859e-01,3.810290336947113055e-01,2.488513364682938267e+00,1.281697716906540219e+00,9.529732843106687668e+00
6.763193660908730642e-01,2.520706876607352598e+00,6.593340433844513404e-01,3.110543599036455831e+00,7.840501479193803469e+00
8.870836209637911196e-01,2.010866300804726059e+00,4.660808788417891257e+00,3.268922915468943646e+00,3.204422744795605293e+00
9.005675012376737065e-01,5.769265346138651163e-01,3.036547249879162358e+00,6.925231178244033892e+00,2.416903501829403389e+00
5.631483184475475356e-01,3.800213627400336192e-01,1.291511792666415914e+00,7.386083689524142848e+00,4.556901505780028394e+00
5.627916297261674750e-01,8.154665511981067372e-01,5.386328486330252296e+00,4.271353770579246145e+00,2.326295397294960932e+00
1.192456734839984378e+00,2.468722046575634099e+00,1.561987322418033619e+00,5.285493674109110529e+00,2.720832100165063938e+00
1.489874547657028980e+00,1.089571052625773362e+00,3.498360451523034875e+00,3.180573322880355214e+00,5.543563830353525290e+00
1.934547288700559697e+00,2.220943592137016420e+00,2.152775491107602246e+00,5.225714864538398841e-01,2.902707848902315479e+00
1.013408720207823688e+00,1.629659490797828791e+00,4.494658847890492304e+00,4.174710977912234888e+00,3.292807870013500504e-01
9.153831611194968021e-01,6.217111240478909728e-01,9.655413841710749345e-01,7.889718605068108737e+00,1.175749757522193129e+00
1.972204261170924067e+00,2.439773618208807004e+00,9.611162261982358901e-01,9.161519022944577539e-01,2.910758506594271822e+00
1.241730667118945863e+00,1.433604868363273610e+00,2.598301913403183505e+00,3.457100905845228445e-01,7.874960930484226296e+00
9.661659783501408416e-01,9.074277395359979792e-01,1.152426899667693627e+00,7.574760151190720769e+00,8.808499872850639179e-01
7.836821921326155849e-01,1.185801013009125437e+00,4.910672087957899667e-01,7.108926764052587721e+00,4.995702373116959194e+00
9.707821055225849260e-01,5.870694844189590089e-01,4.929280498560248525e+00,3.469934252992854518e+00,4.707565198627954750e+00
7.997471986939556077e-01,1.673134956224862968e+00,4.768725880071004730e-01,7.414008876795998404e+00,1.401670685932004723e+00
2.003092015896712930e+00,1.914836967128922485e+00,1.377782688541507650e+00,3.137495895585985295e+00,1.984308791514382664e+00
5.569575959236379159e-01,3.110869572045996456e+00,3.239985839408813462e+00,4.203420108522580634e+00,3.152324564365246440e-01
1.081433928171021908e+00,9.540541869164812505e-01,1.967546463651227207e+00,6.809808483417438829e+00,3.829886601550486436e+00
7.636749650828225100e-01,2.994718954555926516e+00,1.348302927971483767e+00,5.624963700568768488e+00,2.448749608883486584e+00
2.982895319033987969e-01,1.668276965084559915e+00,1.961069267958990725e+00,4.134251226966592085e+00,7.823134147399321670e+00
9.110420743558768075e-01,1.616927376690267870e+00,5.073891930126248617e+00,1.282039272213907122e+00,4.778717578223552920e+00
7.972213221257410387e-01,2.868187630072595695e+00,4.570708242644956343e+00,7.159831252126951373e-01,2.955581194146288393e+00
1.110428807196861101e+00,2.471101218120070886e+00,5.152469143060640633e-01,1.340522396896913992e+00,7.639112140076250057e+00
4.821957583503301836e-01,6.646119829645256161e-01,2.660295386452480315e+00,1.345930197264741945e+00,9.494245767741622544e+00
1.285160857127720213e+00,6.569147270939752481e-01,2.916726792190858397e+00,5.777612219225780166e+00,3.846220149879506334e+00
8.495245592698537074e-01,7.226843792781441067e-01,3.263096655158174375e+00,6.946662202567048361e+00,1.858709011560499169e+00
1.202318875119826824e+00,1.066991799956912512e+00,1.394199227310920719e+00,5.858646554873994994e+00,5.392410232321850572e+00
8.184441072650281424e-01,6.747192259104373147e-01,2.900744533781584256e+00,5.042418955752462573e+00,6.954218861522400985e+00
1.129673176384324629e+00,8.707742952762853594e-01,2.956832419276714585e+00,2.104816228615339568e+00,8.031288786219988651e+00
6.436071461332341093e-01,3.703516250845011459e-01,9.955397102143073162e-01,7.513219870812637424e+00,4.510360293507834406e+00
4.360717098135615810e-01,2.450136421243366058e+00,1.844802168007221299e+00,3.247571296213205727e+00,7.267744905200844485e+00
9.887007486728570660e-01,2.507986216602899443e+00,5.575573953093928559e-01,6.109975163439177237e+00,1.288588055055742032e+00
8.728161445068767232e-01,1.583721949328754874e+00,5.456546669167081642e-01,4.812010516273246274e+00,7.263443997483051362e+00
1.607269190556578131e+00,2.837277045156203492e+00,9.530018877088580753e-01,1.164396697220483556e+00,4.256421688149587546e+00
9.161446767878578257e-01,1.680580831708446521e+00,5.080906034691455631e+00,3.560127487871502794e+00,1.839857738528229092e+00
9.002337513239947464e-01,2.145477785780734337e+00,6.384726728181469024e-01,4.447256575469983098e+00,6.831491753851306470e+00
4.077327593015561691e-01,2.816313817329515690e+00,1.863580777934126909e+00,5.231041524780755125e+00,3.279624286636677155e+00
9.336556869870901165e-01,7.175792525178605885e-01,3.581915704887557172e+00,6.731980115118929575e+00,1.175678673298018229e+00
7.293080449855061653e-01,2.741185832318684401e+00,5.913578585531399368e-01,6.334214478793905201e+00,1.526351344135925103e+00
8.521069846516083901e-01,7.232977917306653293e-01,4.386173865976294994e-01,1.128534876055394154e+00,9.982597801320423514e+00
4.176061088966610546e-01,2.118643992301502799e+00,1.768691820197107134e+00,3.523140774601007941e+00,7.838602260331994920e+00
9.651728243209711788e-01,7.046536701319443541e-01,4.963370191182644220e+00,2.984738880771627301e+00,3.899447426407744999e+00
5.420793592060743071e-01,7.790401881301431963e-01,2.562355885805725375e+00,1.319562295983568445e+00,9.519996414645319760e+00
1.669745048721459790e+00,1.641696390403888817e+00,3.527210463919827177e+00,2.183593900139763289e+00,3.614153172994927665e+00
3.872083140497063480e-01,2.200940730914207055e+00,2.590562188827058687e+00,4.506474563859745430e+00,6.514935236004733454e+00
2.166824374403037989e+00,8.809883666824853687e-01,8.208544046141281747e-01,2.761917366614150104e+00,4.548816977495300784e-01
7.608382078264586124e-01,1.298943374865753952e+00,5.868527005804007324e+00,9.803260214783449111e-01,1.870067862486865851e+00
1.328259027431219153e+00,1.793040738871270356e+00,1.043339150478378441e+00,3.758817755729196630e+00,6.424060083017489653e+00
1.486494163403591084e+00,2.853682875647386652e+00,1.034687261145619264e+00,3.607698439645284916e-01,4.665034403528780516e+00
9.333843658038558644e-01,1.701545548841833844e+00,4.068009772616092867e+00,3.860724640946044950e+00,5.330730473870057828e+00
8.701913159438250389e-01,1.694457950871230967e+00,4.936967830265943213e+00,2.620898851083760306e+00,4.653051761109445295e+00
4.694248060674762746e-01,2.538148699173472966e+00,2.513654661573661020e+00,4.883531853859568450e+00,5.802904005306309898e+00
4.119220469120986050e-01,1.672885081025986320e+00,4.682427885247978927e-01,3.742116309774932592e+00,8.676833971434644965e+00
6.037914371577098871e-01,9.283463898001507175e-01,5.098179375852214257e+00,2.372933176479759876e+00,5.625044651423876552e+00
4.938431720080268539e-01,1.608592053996681592e+00,1.596707013978555967e+00,2.898665597525880155e+00,9.328756899702071337e+00
1.311791266841803694e+00,6.279933692127218636e-01,3.053697288180226899e+00,6.106722436183674496e+00,1.695886449954298270e+00
4.393170611155204353e-01,2.741641054359836183e+00,1.516869217945218118e+00,6.338287321459641355e+00,2.594051084497022597e+00
4.914987418247235840e-01,5.666652139551473510e-01,4.047462079258382417e+00,2.027724668865047875e+00,8.094951425844588044e+00
5.535569274782067284e-01,3.224786742101206194e+00,6.209406539185169382e-01,1.859297172946109855e+00,6.551374576182030118e+00
2.090246102801330608e+00,9.413278235363633506e-01,8.166589167937690075e-01,3.500203755819192963e+00,1.870595803895797493e+00
1.811313381379678678e+00,1.660091559676452722e+00,2.957706503824971911e+00,2.755540181791568344e+00,4.465047058616159248e+00
8.912511700119907232e-01,2.126103451723557747e+00,2.274741851261376624e+00,6.927969493773822762e+00,1.222444462754184169e+00
6.697199489713225873e-01,1.425546479246085907e+00,5.707966089375279495e+00,6.470444656788213456e-01,1.320965095873608108e+00
1.012342986768480557e+00,9.046644497382414496e-01,1.855917327976351228e+00,6.843065951553762183e+00,4.171134959677488041e+00
1.838104373328297347e+00,2.678829514586773097e+00,1.203560466799167727e+00,9.320011785292401374e-01,1.231411756586533679e+00
1.148871915942091482e+00,2.418477420552887835e+00,4.704942509140311202e+00,4.377241609018430735e-01,8.268031218686481276e-01
8.734870083217003423e-01,1.700604888683546312e+00,4.114466125174662814e+00,3.501259083546665263e+00,5.475097841070353688e+00
1.408649119513514236e+00,2.044732855170082075e+00,7.334519226995476204e-01,1.163811841709422090e+00,7.527558182625612382e+00
6.647265918486904290e-01,6.290684172139613395e-01,5.748445399123715660e+00,7.469623591111369532e-01,4.301460985076579036e+00
1.080114373625550517e+00,5.960789166638936765e-01,7.806985574334333045e-01,3.411455364584453420e+00,8.782220731874994968e+00
4.086491984408552880e-01,2.048148637209059597e+00,2.833351060896400320e+00,5.213312762898610231e+00,5.802760001149548152e+00
1.270598011933847582e+00,1.934789496794591113e+00,3.039538774045991598e+00,1.805003962001111795e+00,7.092696323611900056e+00
8.890736095478180001e-01,3.134387203345209816e+00,1.378669089197720909e+00,2.345687162055241082e+00,6.029689505376296665e+00
1.137436342726380500e+00,1.328945726702052577e+00,2.959550918544317621e+00,1.099357245519891002e+00,8.071743538226618497e+00
2.058116311141909627e+00,2.049641716494103427e+00,1.338599992884082823e+00,3.403282819626647360e-01,2.306549219193279932e+00
7.410830111010029420e-01,1.488264578544864492e+00,2.687009766195378901e+00,1.702296798917610765e+00,8.223546090421784527e+00
1.311645389181178345e+00,1.599094586550673380e+00,2.887366223205686033e+00,2.077731050510905231e+00,6.602913614667633269e+00
1.031893651355593855e+00,1.889210151644627134e+00,5.361567354440117672e-01,6.526449748831000264e-01,8.869717683566495481e+00
5.075975268950018160e-01,1.155320024488789565e+00,7.396749922520770015e-01,7.636773402254081411e+00,3.141590577349605784e+00
5.998418895201431678e-01,4.351125052352052269e-01,3.901162173853538029e+00,4.472253882172801731e+00,6.402641772726350489e+00
1.523710375779659065e+00,9.899706836735882032e-01,1.418446200974718741e+00,5.495710986990586910e+00,4.524743206247108240e+00
9.131207177237430361e-01,7.206831999579761394e-01,1.244953987269131979e+00,4.686565627264999812e+00,8.168168680612692967e+00
9.619308614377528599e-01,8.128016339082702046e-01,5.763831334878266599e-01,5.300066369636962094e+00,7.608729276269254882e+00
5.956725577442141262e-01,3.492230251632203686e+00,3.040610621474300945e+00,4.488080054379292583e-01,4.245140580137877429e+00
2.810497185288246547e-01,1.905243920266055158e+00,3.748392600929956409e+00,5.559227747708487044e+00,1.480156290378773276e+00
1.226228508304572973e+00,1.984100557265261244e+00,3.375489392555339752e+00,1.208009142263480218e+00,6.400317668300790075e+00
5.158180597074748519e-01,2.277292319527832731e+00,3.150526872477514839e+00,1.963265359297280410e+00,7.366567047548875813e+00
8.653962664847725250e-01,1.785821062800594827e+00,3.817106848263260410e+00,3.576342016422056957e+00,5.658651912195852063e+00
4.509837132993253506e-01,1.880652927014252906e+00,5.148396933708212497e-01,3.418163802590228784e+00,8.714818000182589230e+00
9.761915962409448699e-01,5.693950973259574999e-01,5.172830431358759640e+00,7.400999395236418366e-01,5.366811463086164302e+00
4.448861344629863601e-01,1.851901394859894578e+00,2.429245228196774242e+00,1.784425055848865682e+00,8.767960632984395986e+00
1.761021041013690169e+00,2.686157767318471112e+00,1.165763967872038176e+00,1.651362754126055155e+00,3.863543182354908012e+00
3.198627922566624759e-01,2.172761960427076033e+00,3.236342026960630225e+00,1.127218802403298081e+00,7.112566152864580715e+00
6.466728926008009637e-01,1.371781302156499072e+00,4.238401775733245280e+00,1.764153087912702311e+00,6.356743787932129131e+00
7.549684347687168895e-01,8.353013433768929907e-01,3.839075248019044317e-01,1.107289603838307102e+00,9.928313878545434790e+00
1.351263088282366187e+00,1.112944186158630222e+00,2.623474835399401517e+00,3.673101000563476770e-01,7.900128442223585346e+00
9.566046909087345673e-01,6.198597379381893813e-01,4.881055458236749800e+00,1.548565717132952990e+00,6.098235025445944757e+00
1.129966943581897310e+00,1.761220040537714748e+00,3.257521384752508187e+00,6.250000386231621130e-01,7.475034168189790940e+00
3.387305117631662088e-01,5.547345851079178436e-01,3.321791418260983786e+00,1.932517948670978480e+00,8.371639886197524305e+00
1.244490599400321917e+00,9.604793445650565697e-01,1.349411903374404087e+00,4.950340147819962233e+00,7.032624084357017580e+00
8.424315851907646646e-01,9.868860759728241838e-01,5.946308502660396123e+00,1.651689322493438805e+00,1.007460798099112376e+00
9.401321285693711172e-01,2.012506526186768063e+00,4.327472514069290455e+00,2.720646044112928763e+00,4.912235179359661252e+00
5.161439772667026915e-01,3.411596127863881556e+00,4.162118715893141641e+00,1.447219895598237827e+00,1.986145244727459236e+00
1.373762467023651013e+00,8.455744707992894904e-01,2.171196000258219794e+00,5.603404976168818941e+00,4.477813301110705524e+00
1.567231994263053707e+00,1.485461863772842950e+00,1.546758059637382221e+00,2.664753054787310393e+00,7.002495427053418986e+00
3.278487567228190458e-01,4.596477657777017223e-01,2.960232109772472864e+00,4.234964469121107911e+00,7.631424565670688054e+00
2.037447769744399118e+00,1.497408912509709200e+00,1.914739477774540344e+00,1.668601240379631756e+00,2.782848373299387834e+00
7.918471492717706894e-01,8.487920243433639822e-01,4.374139781356451095e+00,3.935956533258974765e+00,5.635916406983833227e+00
6.576493203123494613e-01,1.064799858891567474e+00,4.065998078963681817e-01,8.033223378204720433e+00,4.189906420207663018e-01
3.715554895524594836e-01,2.289633854725222406e+00,2.320697113619786034e+00,2.113120619673027001e+00,8.049451661821693804e+00
4.787258187144314281e-01,6.931785083829316019e-01,4.579477513962977753e+00,5.174388634239498685e+00,3.817216559381309882e+00
1.054849183473357321e+00,1.861405091170425852e+00,5.106219091166681601e+00,8.998758550609680107e-01,3.146015050491654641e+00
1.540119211187986226e+00,1.290126501282961247e+00,1.075070116028652212e+00,1.047685515495214048e+00,8.132314719195811392e+00
1.068894791199072269e+00,2.418596241175333894e+00,7.591296756108001365e-01,1.302531760636165714e+00,7.601121503815501335e+00
3.646006741018097408e-01,2.142117039010402735e+00,2.596645257971427867e+00,4.895276353164462968e+00,6.063931705134053551e+00
9.295604990675463419e-01,2.465478881491653951e+00,8.842850208525876443e-01,1.051903390411733863e+00,8.085201117202501564e+00
5.972305601402190245e-01,3.623748068410656553e-01,1.277165531583833058e+00,7.321528082382252833e+00,4.591808476263771865e+00
2.573856357426667629e-01,2.311735147282718117e+00,4.942118097517762543e+00,2.524436459293645019e+00,1.094394239782059186e+00
2.319209636378584793e+00,9.439284642782075352e-01,1.525076404461228385e+00,1.412027121571885813e+00,4.168353758407745691e-01
4.089882996392492087e-01,3.925630365991517601e-01,4.921387379401019335e-01,7.636803619440354574e+00,4.335853710136933437e+00
3.561268637737480258e-01,4.478247335889465330e-01,3.086154817990529597e-01,8.277387232519680893e+00,4.012317764412586252e-01
1.270852331657071232e+00,3.328654881874815175e+00,2.489398754345833353e+00,3.100329405052593135e+00,1.884665509224412228e+00
4.652066914014368892e-01,1.005266383706184374e+00,4.628890889109663398e+00,5.815936889929933074e+00,5.341628148823118760e-01
8.796658317026724294e-01,5.316888587230466090e-01,7.324188873516965792e-01,7.011454329593126644e+00,5.148926980232446660e+00
1.306347958620132532e+00,2.927602905673987177e+00,1.849289486137396965e+00,2.277361219374188117e+00,5.313488874487586777e+00
5.067643401662113023e-01,1.070791761297068989e+00,7.200220791695475242e-01,7.692964184054837951e+00,3.148921513562366492e+00
9.472850506679434401e-01,8.176212540244569560e-01,5.063086287355401005e+00,2.520299500975115237e+00,5.129555745978322534e+00
4.512081944371576503e-01,1.088126892866234430e+00,6.064442965699244681e+00,7.410612850617797065e-01,3.061096619487172266e+00
1.106464989769653240e+00,1.680784509971187557e+00,4.364714183570804096e+00,4.775003101186990229e+00,1.794676002908290435e+00
5.329585690708515955e-01,2.652705255426172304e+00,2.869045392137780759e+00,2.069322378062640411e+00,6.731392331072110657e+00
1.170095434395223011e+00,1.852915847991830400e+00,2.941103763266728066e+00,6.024281048884772005e-01,7.453344874272009868e+00
2.141254682411396271e+00,3.700023907744200424e-01,9.848474138804969025e-01,1.764086025177465267e+00,3.834811012849448364e+00
8.902997142902016048e-01,2.997440717048101000e+00,3.397893814826292047e+00,3.714414317793072406e+00,3.199128847191801683e-01
1.732621839451374601e+00,2.310168844148245970e+00,3.318817237191941327e+00,1.653818166879203577e+00,4.553277188407950371e-01
7.941114310219449246e-01,1.290430417462273605e+00,5.529108531493518441e+00,7.157703606230521043e-01,3.722200206631635755e+00
4.103891764085279004e-01,6.364453723988442446e-01,3.828716909083655029e+00,2.195479859377173604e+00,7.753256265879053366e+00
3.900381736943704380e-01,4.389371113341377084e-01,5.009395660513657589e+00,5.227121177447978440e+00,1.857413590099656897e+00
6.885779832516416565e-01,1.991957486000339284e+00,2.854306583424605304e+00,3.520002179491317218e-01,7.883585985453216871e+00
7.652387623182415055e-01,1.526167514147389381e+00,2.746968078755318565e+00,2.094067726869200730e+00,8.037548564858269629e+00
4.254391917339958029e-01,3.953481263954013780e+00,1.638813693680978290e+00,4.206709558635116086e-01,3.391254500763339674e+00
7.026051499726481131e-01,1.873526229421145217e+00,4.261251976644169659e+00,4.958456826824073183e+00,2.432447615050183920e+00
4.704956569807843270e-01,2.720730694517145665e+00,4.970093167420680302e+00,1.386576151971503190e+00,6.650989103947805292e-01
8.786554568270334986e-01,2.748271540559948267e+00,4.480215092848902181e+00,7.180317578660979638e-01,3.802074858362098464e+00
9.068602584851388482e-01,2.590610968183928442e+00,4.174231381059278156e+00,1.144836432083785382e+00,4.342488548767066803e+00
1.447973226200800489e+00,1.587065923347805274e+00,1.235272744867249806e+00,1.101414278637570021e+00,7.935522600338949850e+00
1.699429330358757761e+00,3.789428812712221095e-01,9.632352670129566974e-01,5.343008586201146493e+00,4.017874332470219301e+00
6.840263799664804134e-01,1.146512052375211699e+00,1.399169073645373240e+00,7.782165554439453459e+00,6.312880735515633557e-01
9.831852255038981969e-01,1.889119996770892485e+00,8.618705114884078755e-01,6.136620034372467503e-01,8.715337917020843150e+00
1.771123593372167848e+00,1.812054713884799995e+00,1.694538262213382440e+00,3.296584019405494059e-01,4.639388266026583274e+00
1.469151744584460406e+00,3.351351163928950161e+00,5.569745465625248748e-01,5.062645136481935815e-01,2.834584411189696951e+00
4.066276581362991416e-01,2.134053760219620788e+00,3.459404085524100836e+00,5.703764507108640025e+00,3.051330663597365600e+00
4.883447795226886212e-01,2.860798041160124150e+00,1.469285523207284783e+00,5.731367948288212943e+00,2.918737830597958993e+00
7.201701012417869308e-01,1.549797736095705147e+00,3.766509791952002750e+00,5.138880288252889450e+00,2.909409546566457561e+00
1.338725523208054380e+00,3.316632275776337124e+00,1.898027278447494304e+00,4.223572088578976258e-01,2.826645595722725446e+00
6.429236641498792260e-01,3.065186757643660442e+00,2.608584019904240936e+00,5.087048143898519115e+00,2.774468004182491399e+00
1.895466279062508974e+00,2.001243054323493809e+00,1.374321539446203833e+00,2.890545361681683190e+00,2.955097837926911719e+00
8.558254721286371325e-01,3.874339639899038623e+00,9.942470630265480835e-01,4.063539745072040077e-01,3.740380416562651522e+00
2.342182609238503410e-01,1.295978218882779753e+00,2.355958343794765764e+00,3.537664717380630375e+00,8.026385922182459609e+00
4.372534449005589519e-01,2.461593881812225160e+00,3.798639686756188460e+00,4.537130495234665162e+00,3.276048216176564942e+00
1.322218868169823036e+00,2.375601343243151753e+00,6.434850183028000270e-01,4.898811375406699753e+00,4.577192932095835332e+00
1.174406314574519605e+00,2.485948332135753169e+00,3.361405951116078317e+00,1.672041835033379664e+00,5.911625582858127004e+00
7.735102021361380809e-01,2.732419249168410058e+00,3.122474897912593583e+00,5.359813614147768135e+00,2.302451110635758802e+00
8.208803022925299508e-01,8.810992992954629344e-01,5.148453791363869492e+00,3.995582858966940876e+00,3.115447929539544525e+00
6.257611357487046222e-01,1.568850452951447316e+00,3.372066324780194968e+00,5.420864034811470056e+00,4.923197057405030108e+00
5.058753682773834415e-01,2.351433893375760142e+00,4.426552520104611865e+00,4.516452664393675320e+00,2.342416113438758440e+00
8.105297920452719795e-01,5.816656621594441523e-01,4.088285508060960360e+00,4.906283493020626274e+00,5.131056308502353502e+00
9.235201298836688277e-01,1.706246970516743122e+00,4.117583427301033439e+00,3.635552400394153061e+00,5.310327278795159422e+00
5.867155175184974869e-01,5.424575960355956239e-01,1.093761367087291880e+00,5.264232764164255229e+00,7.834569028176606054e+00
2.084343753840347535e+00,1.040280129261292208e+00,8.954818293247850391e-01,3.823357545488205833e+00,3.059125815763601430e+00
7.696567861013005052e-01,3.440850659498766895e+00,1.738924798847008901e+00,2.676763868556356840e+00,3.609669823085418283e+00
7.029173687497520806e-01,1.291250782472344039e+00,2.411801265485557622e+00,1.839994650575573765e+00,8.503291144381142530e+00
1.114181534224607084e+00,1.681108177943482218e+00,7.884270424193671190e-01,7.706300640026046977e-01,8.460865461415806976e+00
3.917798018675457405e-01,1.113639392855736210e+00,1.736005174171074472e+00,7.939699026280575112e+00,4.567159184435926056e-01
1.510713022195764310e+00,2.684811727415124416e+00,1.537464611649426605e+00,3.372484962300084987e+00,2.390496190765051043e+00
1.562955290124991903e+00,3.088578194996840054e+00,9.104163655532591104e-01,8.857716170794707189e-01,3.957501296034225735e+00
1.366101165721086641e+00,1.549635875892132919e+00,1.349224451380503398e+00,4.610360657628025383e-01,8.260216076995304135e+00
5.036575881742115790e-01,3.318691272551970162e-01,1.071701103709433278e+00,4.955193003076339142e-01,1.007253500149799308e+01
4.706998608133067252e-01,1.232201389516921042e+00,5.801648166786541161e+00,2.570699743401317683e+00,2.777143103171069605e+00
9.243694007927812928e-01,2.693169046831349611e+00,3.242653818991848347e+00,4.838542395851940014e+00,1.879037651486369587e+00
7.322721247004538858e-01,9.668708432709470779e-01,5.850084548303842169e+00,7.422118713644657584e-01,3.261288312909247367e+00
8.299276345849959657e-01,1.099166274230074736e+00,4.574641623326144213e+00,4.449951193767473612e+00,4.651749086529298971e+00
8.770407529639858701e-01,1.193319299274396394e+00,5.355588849052699274e+00,2.270406783738061929e+00,4.070782067548575078e+00
8.393297216607300548e-01,9.088264600106541469e-01,4.699067650880953906e+00,3.418047406972503754e+00,5.385096033878729926e+00
1.005597864074221359e+00,1.568770969673014104e+00,2.946057360071984821e+00,2.811393187161501661e+00,7.429858166429005095e+00
6.449184337474683781e-01,4.047873707637653418e+00,2.045965940782555226e+00,8.279320201603841411e-01,3.273508047281917244e-01
1.429655734361674924e+00,2.277050492141755811e+00,1.024938887562005796e+00,3.144551384075645828e+00,7.042164547612709491e+00
1.064478804378561572e+00,2.594376046694699234e+00,2.402849632079765652e+00,5.093578814320721904e+00,2.648844474563214035e+00
8.392390601669993400e-01,9.152914756589942691e-01,4.807387549929464932e+00,2.678302249496893772e+00,5.638154099606874858e+00
7.587470693289168899e-01,1.261040781514696896e+00,2.031810756961853315e+00,3.302748264504753450e+00,8.841102528763352453e+00
1.076331235438709122e+00,2.070022553394244458e+00,2.696652296220928502e+00,3.031213787224890766e+00,7.014372076665035038e+00
4.827985383057378788e-01,1.703698952911505193e+00,1.692416188570997848e+00,4.131330407970004615e+00,8.512124505124747387e+00
2.782633364276663190e-01,1.757192118115591617e+00,3.500916684264645529e+00,5.128295625177150541e+00,4.408384939943987391e+00
3.489883846266711998e-01,2.187134297990635190e+00,3.484918032809623423e+00,5.767544144077620949e+00,2.435124251752462943e+00
7.753880429273876107e-01,1.017483418326892597e+00,4.502776649363378958e+00,4.359944297177889894e+00,4.836839774990483676e+00
1.580426157438389101e+00,1.481849793840402718e+00,1.652955152580475762e+00,2.682909541221230487e+00,7.020651913487338192e+00
1.066727007390865456e+00,2.125818125472831444e+00,2.499311180168922952e+00,4.737075291232451413e+00,6.200500521203145432e+00
7.030407677226477858e-01,1.491330901825629107e+00,1.949631928878975851e+00,4.839839402926060963e+00,7.758007568501060547e+00
1.044392064913856277e+00,1.298479971778867981e+00,3.678696839319525402e+00,5.015027059963295564e+00,5.384299814998778189e+00
5.087488565076829783e-01,1.783623812729025593e+00,1.752903082776947175e+00,4.875272129499782281e+00,7.523784625931983605e+00
7.029372784214440451e-01,7.454269514527491758e-01,3.188056440562874183e+00,3.799320578354316247e+00,7.937931820229763069e+00
7.108090240383457825e-01,3.813484122674609123e-01,1.390855662239452117e+00,7.249321106518170410e+00,4.134652232093285917e+00
1.241286017389970464e+00,1.020559834793104859e+00,4.693145308900009027e+00,4.371866628934139243e+00,1.447573538034771623e+00
6.233548942639284274e-01,2.632458865786077240e+00,5.184925379618498198e+00,1.457537226653203621e+00,7.360599850764807384e-01
1.106657235803385042e+00,2.509084744054788096e+00,3.221538010077516834e+00,5.165058754659050066e+00,2.211735302664405545e+00
1.012956743171901541e+00,3.112126997639187653e+00,1.592998021577648471e+00,4.372219322673439379e+00,3.110902007754675402e+00
1.052291130189610957e+00,1.328309005378567331e+00,2.398728213113189067e+00,5.816648991573143412e+00,5.568251915002185193e+00
4.849506639964130672e-01,1.878648283237010608e+00,2.857394951016694939e+00,4.330938601990508730e+00,7.313573321320151699e+00
4.872113337144580170e-01,2.393266655882356098e+00,4.451241771681144321e+00,4.865416935500658902e+00,7.957908490111483824e-01
8.365732634764461162e-01,1.266828258921657957e+00,5.582485589650213242e+00,7.330673349438514563e-01,3.550742082277952960e+00
6.418925358260928471e-01,2.603785105501903896e+00,4.107692121296923737e+00,4.198481138023949732e+00,3.316174248615676445e-01
4.532465086591291326e-01,3.364260093938039375e+00,3.900878531725546328e+00,1.076827133875513764e+00,3.023630906009408648e+00
1.190592110402548087e+00,2.521200544933004828e+00,3.409385045537298264e+00,1.695461959769457572e+00,5.728660806211293810e+00
9.021177982362850178e-01,3.032028319812082096e+00,4.319328797283177757e+00,4.658593930869939781e-01,1.418636821590597119e+00
1.245893216199799758e+00,2.667146969032261783e+00,6.464400609347813464e-01,8.899596976318109309e-01,6.337253225744013285e+00
4.716989126871433680e-01,5.815340763075559360e-01,8.290602231573567238e-01,7.516968942608663440e+00,4.569473113354017180e+00
1.094330229052080217e+00,3.571257506294701844e+00,1.540021783867366878e+00,3.825486850393889915e-01,3.716575127094836617e+00
5.420052585356416319e-01,2.571979190649920977e+00,3.814319937770102253e+00,4.145940035628598253e+00,3.770374194199410223e+00
6.563382194479310261e-01,2.337063966600656961e+00,1.904352768534084417e+00,3.503590234111606083e+00,7.433923586878655954e+00
3.396606521983618898e-01,3.708251318607608482e+00,2.357096709392864753e+00,2.116020551442499453e+00,3.396709267340547456e+00
1.522006500028042719e+00,7.815173517326630126e-01,6.547460835033374060e-01,6.766893676302231597e+00,4.216149717304542577e-01
5.871816212778522281e-01,6.837165829424030061e-01,4.751372418837558342e+00,4.359930672018148989e+00,4.851795992364582588e+00
3.657529169853807050e-01,1.131684073974993154e+00,1.745773274077205839e+00,7.949467126186705812e+00,4.664840183497239723e-01
1.386164040659283891e+00,8.608358268684130898e-01,3.338606553418949296e+00,3.129264684036884070e+00,5.995428191279031260e+00
3.107992614353863314e-01,4.545480574234774251e-01,2.860302765467793717e-01,8.254802048858936203e+00,3.786441614964414781e-01
7.205234459577659623e-01,3.625180224992022193e+00,6.781598830772586073e-01,4.186632806393593143e+00,2.984473292307108228e-01
1.107754916586327631e+00,2.019702620335188215e+00,3.157249061227384690e+00,5.807848807478896092e+00,5.260747324312751161e-01
3.764351708631058502e-01,4.129910723465666789e-01,1.452362578420966610e+00,7.320244038725947533e+00,4.612090057397661091e+00
1.738575058335133594e+00,2.986773011027082259e+00,6.269367450521732277e-01,8.880265103926192616e-01,2.672821210455780250e+00
5.180611424899355111e-01,4.774163099636428154e-01,1.136096912469044096e+00,5.219839317076881535e+00,7.790175581089232359e+00
7.574076694094060702e-01,3.273135929848253411e+00,1.371143836048120068e+00,3.942937884437311968e-01,6.405732570730385156e+00
4.515345806747009805e-01,2.209946133739046026e+00,3.725996060565760271e+00,5.325266332746515729e+00,2.382330658069826246e+00
1.687195895755617903e+00,5.463387187557581237e-01,2.155666958319179649e+00,5.932646648057631644e+00,1.165381281499805910e+00
4.064433637319642134e-01,2.965498021091411918e+00,1.907859572099083856e+00,1.072196739937956611e+00,7.308401172857043271e+00
8.331359852884006045e-01,2.189033719913636045e+00,2.936539849450674922e+00,2.613529364024895330e+00,6.951271736291003478e+00
1.568760918387056780e+00,1.962085059790291020e+00,2.834626813244299992e+00,4.891943914152941275e+00,1.887976240280069273e+00
8.297773484876571626e-01,7.484025526374297188e-01,4.215022032856896139e+00,4.783071995024140044e+00,5.135343971282264164e+00
3.623652514372536215e-01,1.006182197077052809e+00,1.561261940283960481e+00,7.938004680830380799e+00,1.511950283177978527e+00
1.565102363961655030e+00,1.268764007016670137e+00,4.013795391985842897e+00,2.885100798201576389e+00,2.949653274446804918e+00
6.046660949069311286e-01,2.165642874690911324e+00,3.671072999308648388e+00,5.793952114568218015e+00,5.121780395205968173e-01
1.462029667765291752e+00,3.135094891555123109e+00,9.391984834265515447e-01,3.631916275286080964e+00,6.840555492288825645e-01
1.587584026007990312e+00,1.650915583274964904e+00,3.768203414929041095e+00,3.991570494476773145e+00,2.554734082411385998e+00
6.743054528302211414e-01,2.101888427013812954e+00,4.072019016694737203e+00,5.585026548551601522e+00,5.473925429299810741e-01
4.518709309387638484e-01,1.415317264410002718e+00,2.147354846356096747e+00,3.101018596658434490e+00,9.061483480316574912e+00
9.192078957652038973e-01,2.814828709572805732e+00,4.007712507201246943e+00,1.293114421694025351e+00,3.629992588311795831e+00
6.210326653975274391e-01,3.425323284858337036e-01,1.130290415154633354e+00,7.974200517158274160e+00,2.345498589254433774e+00
7.356656755451469465e-01,1.168075988312710756e+00,5.822172771240522238e+00,7.446204535960112558e-01,2.959356490759562419e+00
8.470555418729476260e-01,2.015309213407648681e+00,2.511303432301769334e+00,2.975064981828396071e+00,7.538721532376701617e+00
4.128102238328317242e-01,1.124431201940125913e+00,1.737926385943592056e+00,7.177748195732781333e+00,4.589099264626270269e+00
3.746186613753394457e-01,1.849100022990142200e+00,4.338558043478419335e-01,4.002138271412655435e+00,8.141281875406722435e+00
2.013948570385172054e+00,5.403211190267929176e-01,1.332373145965236150e+00,1.247943990817893090e+00,5.756787207797881223e+00
7.276611510323149901e-01,4.171074831610628308e-01,1.412157939822615837e+00,7.094106361251596660e+00,4.717351620067080198e+00
7.178314022493446078e-01,3.126051631720784041e+00,1.119396474881253045e+00,3.695841710972721517e-01,6.875034825863135524e+00
9.737678110203218385e-01,2.964108815509169936e+00,4.290200005639508873e+00,4.667971988220611657e-01,1.754247290096247358e+00
1.117556728752531203e+00,1.280180044372689396e+00,3.847659285901254833e+00,5.244594594898791762e+00,4.622006144636683800e+00
9.983445327111380996e-01,2.180082621702845724e+00,2.484022569094086474e+00,4.725909490078404218e+00,6.164403097263231324e+00
1.847624475731194094e-01,2.000234237605194587e-01,2.245074615909486426e-01,2.112411686064474825e-01,1.017366256091045251e+01
4.257567044533778211e-01,1.458040859489203367e+00,1.684675099596571801e+00,2.520262423924264361e+00,9.397055685982023121e+00
1.098644535636614128e+00,1.389024839067044326e+00,2.248934913012830883e+00,5.828856254790694358e+00,5.580459178219736138e+00
1.210985871737169539e+00,1.824281363971843817e+00,1.122316437989317794e+00,6.094429495413777875e-01,8.095582413419544210e+00
6.865191861090577108e-01,1.101868053915397105e+00,5.647143158887806713e+00,1.051432904447856309e+00,3.649584229728014328e+00
1.672226049109241108e+00,8.110282945588096482e-01,4.193425132301142000e+00,2.012689789661790130e+00,2.681483045572889967e+00
9.728606984033512095e-01,2.188713143052668730e+00,4.039803922424112237e+00,1.545544876353997177e+00,5.558767612085562249e+00
1.332931947143060292e+00,1.063187097584221030e+00,5.523449536469278165e-01,4.347139642207658916e+00,7.280632047623099012e+00
1.258406072778172735e+00,1.326548937779409965e+00,2.309810739362844867e+00,6.891006814729289331e+00,1.264591499890146853e+00
1.743549255936746034e+00,9.090483369321054052e-01,3.467237958344384197e+00,3.704255540437783711e+00,3.585680243129500955e+00
7.028621454735909380e-01,2.023338445286213538e+00,1.874053743660040849e+00,6.920803352073717107e+00,2.212855080708243882e+00
5.637972752998157144e-01,1.486465080361278002e+00,1.500534953555351603e+00,5.199847444975026711e+00,7.266746336866779288e+00
1.519121074422694173e+00,2.295254872658162970e+00,4.254234329021890026e+00,8.158768741295592264e-01,2.173755162890951276e+00
1.255693366548108925e+00,2.478056693105150643e+00,3.368609396997794825e+00,3.538188317069536737e+00,2.148468577994455675e+00
9.064943730590762083e-01,3.402748177384543826e+00,1.763779793614398406e+00,1.502922164164423258e+00,5.046805014506335674e+00
5.577045996909303360e-01,2.383521779105720384e+00,6.392544745182365817e-01,4.758945987692584367e+00,7.194114490219873481e+00
7.719974244772911387e-01,2.052867717911934342e+00,2.483561170686571895e+00,6.594458960633131639e+00,2.729326152109766035e+00
1.816043522953916911e+00,2.359944934364819780e+00,1.638155572657729708e+00,3.827079595898144948e+00,2.778915113667007830e+00
1.120334523120813053e+00,1.303155336520641416e+00,2.078531595523209763e+00,5.467637140470956503e+00,6.249962035056907617e+00
6.678672301033226066e-01,1.423581205594964150e+00,3.087058321309506415e+00,4.072088033043857358e+00,7.409593175288416766e+00
1.471626413016163593e+00,7.523000713786494043e-01,4.131979955359449619e+00,1.689694576996827902e+00,5.838065044854618968e+00
5.014528196891009371e-01,1.741939010623332340e+00,1.217664318024364256e+00,2.905935701116601155e+00,9.332102425107128951e+00
1.119905326334147189e+00,1.979231125112802303e+00,2.166250743905155041e+00,6.141861729943780546e+00,1.493991939326740681e+00
3.340142085784157944e-01,4.138050613300869873e-01,1.367563789121311046e+00,7.434050313858877601e+00,4.556893761203884452e+00
5.123417507385900072e-01,4.308853742137939591e+00,1.430119066406731809e+00,1.452456417880666928e+00,4.681529615703096114e-01
1.224844617716862816e+00,5.909887922841177144e-01,2.917055053179443025e+00,5.676677161200728960e+00,4.342986762712492954e+00
1.009999508972907689e+00,8.610711369933479187e-01,5.288938976543915871e+00,2.640600556184419023e+00,3.965902465943661692e+00
1.071978720620614833e+00,1.369950133756555166e+00,2.526027229631921944e+00,5.509901305460674692e+00,5.535745780488215750e+00
4.404544718563766503e-01,1.537910388143074680e+00,2.177579052734343268e+00,2.801819575036725407e+00,9.046802349528828557e+00
1.929842895633697264e+00,2.290506902053785598e+00,1.836065191546489839e+00,5.331179925105554718e-01,3.521177905275516551e+00
4.114745470432663033e-01,4.390482769188669976e-01,4.459637071578081091e+00,1.043340980447550415e+00,7.597357503229346776e+00
6.197340979150658402e-01,2.801014588319800325e+00,3.746228863394776454e+00,4.293047082580883078e+00,3.245237717825834034e-01
1.435404102012266314e+00,2.887529159366502896e+00,2.165887331551593853e+00,3.919926149781523428e+00,9.324048936697147960e-01
6.746000469800134125e-01,3.572576301535857812e+00,2.170449200691147773e+00,8.770335075692192728e-01,5.682363316539114528e+00
4.318176713059990735e-01,1.034016078881582201e+00,5.833372062777076650e+00,6.962098229063038435e-01,4.071401202575490430e+00
1.445074464441629125e+00,8.824137484663070463e-01,1.529389058359310605e+00,5.345573380071381164e-01,8.232482788193896894e+00
5.381629523781776836e-01,5.115755589122196190e-01,1.040337800320788819e+00,7.486571546103720998e+00,4.147904367683164395e+00
1.618952514630566997e+00,2.132584187894416949e+00,3.054470567780423806e+00,1.985202831548533053e+00,4.701190043587291534e+00
9.054174137167485537e-01,1.442015863021276267e+00,2.637569531917498988e+00,6.590970217412122523e+00,2.296863622511951863e+00
6.988118388707262874e-01,3.123576989494928124e+00,1.212490448554215394e+00,5.403676090748550820e+00,1.688570925892436181e+00
5.927112176024960100e-01,6.241854708434320109e-01,3.114715197705043348e+00,3.032876703488991854e+00,8.551862988269254728e+00
1.184286851195603951e+00,1.995473698174756283e+00,5.195751059461771959e+00,1.108135345377649017e+00,6.810292095547529900e-01
4.392883673342452555e-01,4.145962377060208759e+00,5.857269441554939782e-01,8.574525722588994814e-01,2.889439021619535364e+00
1.604655173692894010e+00,1.238853452563214219e+00,1.079252424076116768e+00,2.253167999463792093e+00,7.213175564553065300e+00
4.449519247191014992e-01,7.143913578398857211e-01,5.722767161415308612e-01,8.038276870233000082e+00,1.939649951363600522e+00
8.172349626155301916e-01,3.288591864940115350e+00,7.766780432849738069e-01,8.004363319348584138e-01,6.403347010219338387e+00
1.049853650424417140e+00,1.848520386718449426e+00,9.555165126891522753e-01,4.240516342735404787e-01,8.881098767316057518e+00
9.483030388958630930e-01,1.953838390270765224e+00,1.150958448757451791e+00,2.031071207310251481e+00,8.251102842860541742e+00
1.162563026852146075e+00,8.691297602552452428e-01,3.982917128180806898e+00,5.295075411806459798e+00,4.645309765914085176e+00
1.502507824953150273e+00,1.009761146845543855e+00,3.806032702775181242e+00,1.919508305782373192e+00,5.812327403534786718e+00
5.116663998287377391e-01,3.739726219032694310e+00,1.790445115299752032e+00,1.329554516355934801e+00,5.378338784539451467e+00
1.550459214065046387e+00,2.847603544631484684e+00,1.574869752570726700e+00,3.527708428474616298e-01,3.548090891309084061e+00
4.507872007089578359e-01,9.103988145850028246e-01,1.579756864214642897e+00,7.759399077468875916e+00,2.792122855797529279e+00
1.249377304664829769e+00,9.482346452168504136e-01,3.736314164467072985e+00,2.718705803005785793e+00,5.638813649497781633e+00
1.084207296965270961e+00,1.918140009405851609e+00,2.437964097678722020e+00,5.969230021711956269e+00,2.798734529968292417e+00
5.958205581962379149e-01,2.752733879120605298e+00,4.884606142906540605e+00,1.097527384669976680e+00,1.916815336520189650e+00
5.245870501599795288e-01,3.138070040425763541e+00,1.793253017945889427e+00,5.299244651267768447e+00,2.868567298597800019e-01
3.638473455192221540e-01,1.102263324567089420e+00,1.689739459406373046e+00,7.847440613362521411e+00,1.504401644693410978e+00
1.369514607267527051e+00,8.127687933470253423e-01,4.820760365454869190e-01,1.693515428967653946e+00,8.110131055550008128e+00
2.065686421925792882e+00,1.888891215257776590e+00,1.470659048288521786e+00,1.102418154310078169e+00,1.692141860777733431e+00
1.084370618152139309e+00,1.883528675716806156e+00,4.524018975213639493e+00,3.702866934353886474e+00,3.567431879808051765e+00
1.029944106332887577e+00,1.230406712040121642e+00,3.515523131926641565e+00,4.818343754274581947e+00,5.620666062148949038e+00
9.486398329186198630e-01,2.230960408361537084e+00,2.721600312353402273e+00,2.631997761654502277e+00,6.979035397892553227e+00
8.721693084140411667e-01,7.403394116851542694e-01,5.106198778479658529e+00,2.421423633179832446e+00,5.099338018834780328e+00
5.972629724035097842e-01,2.729101703602194284e+00,3.576885835796062896e+00,4.085788859831165354e+00,4.023269849651034846e+00
6.768510853177895914e-01,2.964158199381709213e+00,2.549734197699330185e+00,5.030759933995313737e+00,2.672028391875552966e+00
1.711907322207791626e+00,2.779042623439605286e+00,1.089467267831339070e+00,3.537069983898551317e+00,1.765963024117088498e+00
1.776683697365944781e+00,2.107649876818860069e+00,7.249877045233262818e-01,4.281277162244781387e+00,1.840631521796161962e+00
6.467839911238555395e-01,3.616345494126728344e+00,1.544238363110151724e+00,4.191135814438087692e+00,3.263640359353420783e-01
5.745779420317058683e-01,3.323208437540396076e+00,4.106273432586000638e+00,1.278143464731250845e+00,6.780785704970511141e-01
8.069234192474354916e-01,2.689141212035734974e+00,3.083526003170074858e+00,4.676138535722357936e+00,3.196478655995866891e+00
8.227390387526107851e-01,3.602745484963719047e+00,1.360288773695235820e+00,4.247674197659632611e+00,3.594865455735766768e-01
5.818197047900131036e-01,4.276410043958138729e+00,6.008297451796048572e-01,1.387952718745351088e+00,4.036492624349936609e-01
1.568961702956394699e+00,4.951099466367252511e-01,2.456166000779608005e+00,5.957564163602616425e+00,1.123651804195641368e+00
1.261260699727253520e+00,1.328348491997983327e+00,2.593005124222822921e+00,6.815768752664199681e+00,9.434075380484522322e-01
1.838725260064230538e+00,4.640686336524428857e-01,5.381437694867974297e-01,1.120029094498475430e+00,6.811556736037547743e+00
6.332044794604865245e-01,2.335786747098326011e+00,9.155435345565726690e-01,3.593376296148113047e-01,8.798839449292904291e+00
1.891395485241434304e+00,1.273620572465179013e+00,2.553059169013033536e+00,2.234451215819461378e+00,5.283376460828665522e+00
3.578491283906474751e-01,1.329470016425098766e+00,6.052422604675033568e+00,1.670779674457288921e+00,7.020299370597804511e-01
3.546188285639302329e-01,3.170564075248308633e+00,2.341407173215043880e+00,5.042222319876343839e+00,4.028623330637095545e-01
1.137403383687616731e+00,1.372162426723752437e+00,4.327389025545290480e+00,1.610821763428870623e+00,5.766087248711753155e+00
2.050447263228351691e+00,2.284066156730364838e+00,1.930616995964123062e+00,1.450128958291046377e+00,1.074940287777111481e+00
4.709134234521971107e-01,3.211010886378525608e+00,7.620236398016111412e-01,4.442248128926481243e+00,5.330008366935494735e+00
3.993401410846931787e-01,1.067995777777992261e+00,1.629765695802572578e+00,8.001250916839044436e+00,8.434941274936920141e-01
6.442648646578222893e-01,7.273568180314634590e-01,5.247299431305031625e+00,7.110454706147733006e-01,6.205801711163441148e+00
6.778890302363411724e-01,3.660986340152289298e+00,2.177968497443183438e+00,2.852795937630785428e-01,3.989771189105836058e+00
4.779310550851385009e-01,2.535454878327443318e+00,7.528807987645894650e-01,6.346548660262531172e+00,3.728227319561507436e+00
1.062375067190628686e+00,1.627179736649772224e+00,3.377178001697633825e+00,1.823421804013845904e+00,7.469577304035862397e+00
1.184570042473359175e+00,3.444206703388133395e+00,2.150493802867627036e+00,2.090487322479294363e+00,2.832085683005675314e+00
1.963339149180220788e+00,5.489772014202236594e-01,6.183210548485047475e-01,2.107040216043989833e+00,6.283639449441696279e+00
1.898343730731489210e+00,5.325351931932769123e-01,1.492918208590139795e+00,1.202144695795369422e+00,6.605112586619967807e+00
1.479835617581464424e+00,2.536951412151676966e+00,6.859677380321653750e-01,4.439457744978990483e+00,2.363035590557026389e+00
8.859626025238829250e-01,1.041509460147851396e+00,3.570892726593731137e+00,5.212829751031481607e+00,5.015132279138430071e+00
1.600016904708039256e+00,1.224409204255857420e+00,4.475968037651836262e+00,4.100873904931574554e-01,1.355891116246624506e+00
5.265450035457557298e-01,3.509518372033270328e+00,2.703792222777704257e+00,4.252937688403996219e+00,1.642215709439351468e+00
8.665294785392250176e-01,1.105458602795208911e+00,5.410756734870550311e+00,2.655122743013069719e+00,3.553892231629367071e+00
4.792500256116439816e-01,7.154519181009963980e-01,1.748875545411995969e+00,7.859694443632273320e+00,2.239993581635166375e+00
1.321554722973428575e+00,1.772354784609066591e+00,2.764276091487707809e+00,4.778537570893640840e+00,5.562008876508740762e+00
1.615798996635148699e+00,2.025084262330969942e+00,2.561757243313517840e+00,2.757834304334568998e+00,4.142090471658673501e+00
7.947613877706352081e-01,1.575100100140865989e+00,4.682163711243648052e+00,4.051221434928798715e+00,3.900846215673186013e+00
8.061900360131321053e-01,3.976738037287889771e+00,2.043533774389159063e+00,8.144875146149874734e-01,3.319719519868923330e-01
5.178750523269535222e-01,2.509804612987124983e+00,7.290861618171525782e-01,6.320251081551117700e+00,3.726484994954237351e+00
3.840734922154770414e-01,1.977799058420149247e+00,5.621978711544656448e+00,6.399179939711356901e-01,7.286736211261412022e-01
4.103729401003315402e-01,4.826896172339455449e-01,6.288334954649010378e+00,7.801711068533512261e-01,1.556504071951891444e+00
1.286867135783695382e+00,8.732516960238272397e-01,3.243428725578491711e+00,1.802082341673802768e+00,7.448237841695819483e+00
1.425577914821899439e+00,2.130021667481810432e+00,1.176644222715631294e+00,5.395158833625427697e+00,4.070024579894499617e+00
3.914614936375832577e-01,4.651391943871241441e-01,3.664236842306308972e+00,6.733879137375319957e+00,2.606694824587546755e+00
1.441152407402048752e+00,2.329882782330411128e+00,1.565479080090595776e+00,5.550108030079893950e+00,1.280217212484574318e+00
1.092258573125396870e+00,6.966770265927668682e-01,2.507126182002007209e+00,5.158556241339616655e+00,5.964595063762951455e+00
4.947922760111621576e-01,2.753520011690550717e+00,3.387153695812351373e+00,3.982223961666022660e+00,4.122463567426177811e+00
3.968753880918589605e-01,1.848683438088850606e+00,5.738750835057766508e+00,5.822313557982397025e-01,1.044195096538464096e+00
1.026777267834279250e+00,2.306121437591973855e+00,2.032129579521603446e+00,3.313561402899004804e+00,6.982172988219008225e+00
1.377989706870090147e+00,3.104558419365346822e+00,5.375084051540388597e-01,3.706275086675829833e+00,1.982295568838660760e+00
3.817195655392001119e-01,8.081657696070523311e-01,4.645702778464511518e+00,4.627319875985798525e+00,4.262212560974801612e+00
5.584404681664689729e-01,9.786455749346230082e-01,5.780165525039142604e-01,8.005771773161955096e+00,3.623464721254688881e-01
1.659933815268792578e+00,1.892189156733587119e+00,7.633948324189736567e-01,5.260632853536969300e+00,1.001277106165294750e+00
7.321773603108449047e-01,2.267029925548111002e+00,5.204714901844185171e+00,5.437064125870481046e-01,5.970886374353832071e-01
4.597096768597279115e-01,2.781775977724143534e+00,3.265865955217683858e+00,4.667958865805353241e+00,3.198895078477610454e+00
7.014666663012401049e-01,1.253928574143911234e+00,8.560092101710251589e-01,2.692329204403681953e+00,9.539218640889394862e+00
6.877162550285074172e-01,7.059503537298654763e-01,2.913746539932645874e+00,6.501810196575354084e+00,4.878023060343005035e+00
6.652630649579378552e-01,1.579229389777242254e+00,3.218593972119657920e+00,5.981864253562292788e+00,3.432790128540726293e+00
1.609175856195898646e+00,1.228046354353790282e+00,2.508262413686328518e+00,4.008277209948978737e+00,5.558358732818867054e+00
1.414493244430685248e+00,1.726420181783117513e+00,1.719350353077617743e+00,4.749361385082416231e-01,7.731930118676218378e+00
6.425976913210912356e-01,2.729716288627290322e+00,3.361171040859844528e+00,5.350375364359861940e+00,1.636796715785644230e+00
5.261123991599293559e-01,4.295431450577465782e+00,1.422936231137050367e+00,1.517258583204873279e+00,5.847997403037380471e-01
1.058840537037028628e+00,6.869532652914938087e-01,5.298589436629209004e+00,2.585592631989361401e+00,4.109967021604784776e+00
6.500611146899073489e-01,4.011692633508353367e+00,1.908757729212741339e+00,7.893530041270711006e-01,3.634426212743461226e-01
1.048578194867987090e+00,1.326497902322950617e+00,2.455525878478973301e+00,6.583308266903598494e+00,3.502782860039397761e+00
1.846229567060338805e+00,8.616061591792296692e-01,1.260524153946096071e+00,5.677036160938189191e+00,5.044224946177076063e-01
4.430879428184817947e-01,2.308409769458797722e+00,2.735636353888611261e+00,6.014109086349924915e+00,3.351143954725383622e+00
4.683053628851256422e-01,4.601896208708484148e-01,4.079481731030477398e+00,6.095091959470186005e+00,3.609112498960655557e+00
1.433856301386711385e+00,2.221410268044162528e+00,1.282402057009891738e+00,4.096302446482363635e+00,6.189032561944854294e+00
9.513696219000535859e-01,1.227890598362984420e+00,1.061785661588601215e+00,2.031883914731281049e+00,9.578454745805080606e+00
4.931551894955422122e-01,5.866771589007293564e-01,3.050441586276681161e+00,6.532340608445118768e+00,4.851434652121354496e+00
1.029417363736905955e+00,2.110506870683453773e+00,3.883704322612052895e+00,1.891255933366859043e+00,5.275477540667962373e+00
2.626316923882699439e-01,2.159135393383753598e+00,3.844221043695163598e+00,2.198305139881952197e+00,5.988155830481936448e+00
4.213139005743555821e-01,1.235627827077560248e+00,1.703681417260132669e+00,7.515259037708097445e+00,3.455169722819210421e+00
1.563092174542799917e+00,9.694348495356464035e-01,2.147501590389083503e+00,5.882128254232952269e-01,7.175133363126406927e+00
5.581601111401730542e-01,2.750279740084303093e+00,4.149875538215937354e+00,2.590966350202070778e+00,2.827168542618403890e+00
4.175954977700044313e-01,2.620960854703744847e+00,5.034030838485351822e+00,2.708262434533543317e+00,5.786144396074841545e-01
9.286439763123125468e-01,1.571186630117187732e+00,2.520914093566073877e+00,6.862847741237104948e+00,1.162777290306556299e+00
1.542375972068860346e+00,1.387627041825080010e+00,6.847687712042378472e-01,5.547235525364781594e+00,3.852659199238353871e+00
1.715593533774268042e+00,1.436674512757961431e+00,1.442896765991856123e+00,5.250835243672968389e+00,9.914794963012938389e-01
9.265403236965572553e-01,3.234007143229413739e+00,8.032010980210317896e-01,4.028458518686092171e-01,6.414284634155263731e+00
1.249456286213773915e+00,2.231963825190731665e+00,1.382057514317874602e+00,3.896891137347170631e+00,6.547700175644403764e+00
7.034961910127282003e-01,2.949948348481250093e+00,1.995741596621814828e+00,5.236166280790674143e+00,3.202399920392755561e+00
1.131717444457702282e+00,1.103652216371608263e+00,1.284349320249636550e+00,4.000360803547351018e+00,8.035740137422658691e+00
8.172902885046908761e-01,1.122897494544176533e+00,4.704742457308512371e+00,4.035042581342295875e+00,4.447678426572168497e+00
1.868015831917149816e+00,2.153769068358967420e+00,2.396121256482941941e+00,1.541159150945610623e+00,3.362800672306378580e+00
9.640439568054921526e-01,1.176443908164864105e+00,1.021124147289314665e+00,2.085555997397890771e+00,9.577842400759733366e+00
1.806206330625325096e+00,2.009279699246101725e+00,2.529530553847385566e+00,4.220213546717333841e+00,4.439485260350425344e-01
1.059797220407464380e+00,1.103949851323835274e+00,2.963221480556034404e+00,4.696967477926703438e+00,6.179191148622813934e+00
1.467903718363102961e+00,3.374920148356121530e+00,5.323873061371606763e-01,4.923018266644300089e-01,2.275224982762183767e+00
1.399141844492329589e+00,4.783148688454192388e-01,5.243502668381370135e-01,4.509632693224899569e+00,7.283619653469527222e+00
9.425693172591951274e-01,1.412239672785259526e+00,3.662721947476768936e+00,4.004388727659140557e+00,6.097118843121631215e+00
9.466824263054930411e-01,2.986599637949312935e+00,3.376856404632338382e+00,1.298691602327712191e+00,4.896638232986978423e+00
2.046019658491611715e+00,9.244723099080478512e-01,6.028883589150944022e-01,3.649866006561923726e+00,3.468841882686551692e+00
9.762256881363536865e-01,1.010427987969991115e+00,5.151664051721533077e+00,2.239588319978537356e+00,4.924339917319118243e+00
7.589240414577407279e-01,8.167585557826830822e-01,5.393152348583895694e+00,4.039553344073083530e+00,2.328499628672186184e+00
1.211520156008171423e+00,1.361104812766216199e+00,6.341018922386592038e-01,3.431726249431803932e+00,8.070907576021003393e+00
1.231805244475481009e+00,2.162865490815506497e+00,2.104943642776592405e+00,1.504233701706618964e+00,6.856881049066283040e+00
1.189989314125157183e+00,3.351693575675062320e+00,1.758561357875910058e+00,4.492916815483943616e+00,2.149841678216163121e+00
1.132418692976568053e+00,1.756988880167008826e+00,3.492733843120985338e+00,5.480903085055575552e+00,3.847081054875414186e+00
1.558933293558790290e+00,2.450971108453077640e+00,1.802941977212549896e+00,2.173373639240771205e+00,5.348069174194753472e+00
1.419580147462218278e+00,1.721751398233533070e+00,1.714902682310463611e+00,1.731742120878516200e+00,7.770344714288213162e+00
6.854495902198808333e-01,2.984123978670193189e+00,1.277195051063855447e+00,4.126648064195965748e-01,7.473350948881985367e+00
1.263550967782133938e+00,1.103436248364884298e+00,4.931750994535991417e+00,1.425404392052557645e+00,4.555326288384510924e+00
4.729808377640827288e-01,1.172902869231944978e+00,2.167303766655721553e+00,7.264188516675437413e+00,4.246625954352934329e+00
8.174963024475155882e-01,2.181320615465343060e+00,1.739587300163784489e+00,3.289172362015631457e+00,7.155134314160588538e+00
8.188793410020517305e-01,2.434526703753026933e+00,5.202426285802844497e+00,5.864213748369149215e-01,1.123099172197020934e+00
1.009220893937142982e+00,3.553086104811027379e+00,2.263067272763380711e+00,3.440861015184601079e+00,2.344280207805092164e+00
1.303745574237467286e+00,1.937166641053424510e+00,2.304450355365226244e+00,5.803399360340367075e+00,3.512702488195159400e+00
7.113591305759483507e-01,8.835128709442208184e-01,5.224805460569720950e+00,3.545643478954974892e+00,3.943670617727501160e+00
7.526733559508588245e-01,7.425492838680819441e-01,2.768221221877112725e+00,6.483213043595300817e+00,4.984968592850377078e+00
2.152702815072973230e+00,5.884685191037318797e-01,9.949512236746212990e-01,1.325985818878886224e+00,5.040358488852947794e+00
4.253488438262583715e-01,3.676649215975815732e+00,3.222828495031937024e+00,5.197582855537290492e-01,6.581618887129363493e-01
8.050870123533351297e-01,2.618113982152022068e+00,4.897449767239152152e+00,1.971103029989785371e+00,1.905950623768527086e+00
6.769718995795220851e-01,1.261943239199778466e+00,1.051147605323287548e+00,2.703780645495954538e+00,9.550670081981667892e+00
6.942724202513130827e-01,6.965939216504877241e-01,2.833140381802451202e+00,6.471460299800723348e+00,4.847673163568374299e+00
1.474020508383460326e+00,8.512276533455555017e-01,5.284602958497628400e-01,1.817776437269373879e+00,7.694847124929957261e+00
1.402037358479336637e+00,8.542270691658226944e-01,1.319245308979952958e+00,1.302475163640820277e+00,8.160904286211289715e+00
1.580892631266038739e+00,2.868914438743314754e+00,1.377336003253895047e+00,1.824794384523285906e+00,2.803124368490253815e+00
1.638526606711247391e+00,9.602727554042351787e-01,7.058742710989303060e-01,5.568341025259474719e+00,3.873764699133046108e+00
6.829508895649709643e-01,2.688293752423246641e+00,4.890694441144996851e+00,1.964347703895629849e+00,1.899195297674371563e+00
6.840735910764306205e-01,7.399225392459063411e-01,5.159200244272605040e+00,4.396308178965828262e+00,2.267004770261912494e+00
8.639180766153886637e-01,2.786241974230309282e+00,3.151571374932682801e+00,4.843248362348369973e+00,3.462051746005253561e-01
4.061942084987874013e-01,3.588770965872107421e+00,2.651659178015493001e+00,3.676446395453182081e+00,4.050611107447519843e-01
1.749403677958097036e+00,3.868165323151538382e-01,9.897377471893238354e-01,5.509236143036684297e+00,3.161777804645085510e+00
5.513441121770723541e-01,3.773974530797902016e+00,2.767865020998097503e+00,5.282719207340673684e-01,1.636660747995403176e+00
4.144077754429021376e-01,3.666156261806939654e+00,2.708676813540109141e+00,3.088390477311840687e+00,1.763865152336336450e+00
1.551583054521941341e+00,4.607370330648549173e-01,5.142194296639323037e-01,4.675749575424648974e+00,6.225732487002896498e+00
1.337338643642335789e+00,1.046534719183432216e+00,3.127653178394800282e+00,5.359114145157194642e+00,3.032020247302071869e+00
4.501767138848855598e-01,1.889105692852173668e+00,8.096811973606841129e-01,3.820677648644589475e+00,8.261719728242896466e+00
1.420713883287954893e+00,2.114126793654615977e+00,2.135207332964255134e+00,5.387849725550865720e+00,3.279463158437509573e+00
3.551002762408260183e-01,1.095900291361032286e+00,5.495739468204616784e+00,2.578002857240359713e+00,3.939661698006584611e+00
1.108076192676442862e+00,2.297093248846233671e+00,4.043603787295183771e+00,2.496827753908408720e+00,3.503792461392518653e+00
4.859172467177661492e-01,1.765909203160136887e+00,1.102510403578612630e+00,2.224368011239954424e+00,9.326381951534910897e+00
1.348570051606041265e+00,1.196598752911716801e+00,2.088112957269583347e+00,3.529145149894794553e+00,7.221302771739223303e+00
1.415886826235794871e+00,1.159384594574780047e+00,1.269873759421499937e+00,4.393181741346602109e+00,6.776925741896285160e+00
3.816708987363657823e-01,7.754522129995040647e-01,4.114436254137588955e-01,6.428781714474956388e+00,6.770433112066896797e+00
1.453298588815735481e+00,1.946083943875073885e+00,2.343207815530781613e+00,2.530518604859555154e+00,5.731960139179671287e+00
5.448096917812009776e-01,3.640117345006469662e+00,3.116505860549209306e+00,1.054314589804339120e+00,3.506271252225529045e-01
3.593113016273266624e-01,3.137757913336759241e+00,9.506353330165524529e-01,5.581569915964888828e+00,2.916276740256670497e+00
4.029074995038047224e-01,3.197825301413175225e+00,2.201096451488072425e+00,5.187116808182131500e+00,4.304736079335121923e-01
1.290996237178799744e+00,2.614890084696264161e+00,1.568942641191246823e+00,5.484865859449134184e+00,1.404128773332628421e+00
1.530634189237803922e+00,7.231401291975469992e-01,1.378811599750297656e+00,4.011066474006347526e+00,7.212591554262941074e+00
3.897194642447365798e-01,2.822501092951800850e+00,4.379882952896849702e+00,2.164507230455304132e+00,2.425346378629326338e+00
1.868228314796963385e+00,2.659215481005011927e+00,8.936866987902933879e-01,2.463169129447777994e+00,1.203680397672199698e+00
1.639669432790235692e+00,4.799371760779081453e-01,5.374900395218892291e-01,4.501331841870134909e+00,6.042904824074836867e+00
9.618871478403155928e-01,9.242034406917249978e-01,2.398031415629271912e+00,2.974484680952889537e+00,8.664585767574305208e+00
5.711271943158801045e-01,2.282076615310047352e+00,3.221541042118418741e+00,4.007775022781969732e-01,7.500048166798977789e+00
1.352927986234981894e+00,7.438296638172159359e-01,2.949071544204359352e+00,1.810073379802280336e+00,7.561449185921650162e+00
2.020966984392389865e+00,1.687253482443822783e+00,1.109220235632009777e+00,3.067819330251576826e+00,4.217547522055211218e+00
1.971158316375785979e+00,2.324132639605656969e+00,2.007421539769324248e+00,1.560154276375957050e+00,3.340421988415853249e+00
4.098954412777817691e-01,1.861220501457057530e+00,5.721022906931326091e+00,1.290303651458596379e+00,1.067643437607661117e+00
9.305326084966722977e-01,3.492110341458594558e+00,2.513792810150073276e+00,1.100348413472309828e+00,5.441764481638936779e+00
6.833872387493604705e-01,5.721614692990790729e-01,6.123976430995877962e+00,8.181182897492871309e-01,2.837346477643605258e+00
1.510008446663793746e+00,6.247400260732537403e-01,3.199299441411342926e+00,4.351659634509664087e+00,4.823906986956242982e+00
8.370703241669981143e-01,2.987894754619610183e+00,4.310787095640072231e+00,7.022112501947983532e-01,6.208127156593663543e-01
1.765409848543476601e+00,7.605043890775574633e-01,2.399640347028064724e+00,2.090155275245169975e+00,6.250864595837213322e+00
4.130312336713906074e-01,3.413640818237459129e+00,2.538118082429932088e+00,1.624813156507269873e+00,5.234286300066529840e+00
1.503740253955319961e+00,1.352848142408494603e+00,4.504141747473299873e+00,8.322428497837387473e-01,4.079353358273362318e+00
4.746787912371603912e-01,7.776120188111038667e-01,7.172206492304340486e-01,8.344889706049410938e-01,1.003111553790855126e+01
1.290806911225157005e+00,1.907368821908031364e+00,2.306431930407792041e+00,5.727805383967873532e+00,3.181262943423426748e+00
1.292392125126471392e+00,3.950663290534770944e+00,9.650466068234357930e-01,7.453039259203040334e-01,7.611884686930137089e-01
1.883310900219916428e+00,1.570377926565747817e+00,2.599137263022790023e+00,7.202481064618528883e-01,5.270195219133945841e+00
1.610103718703711939e+00,1.269422806825680539e+00,5.077147198838238840e-01,1.201605032169223541e+00,6.515710540310163168e+00
4.950486450808746497e-01,3.518752924421264527e+00,3.098223638292149751e+00,1.599028885618522855e+00,3.215917559965471018e+00
1.339029912495542707e+00,2.464217300099670993e+00,3.647166299965477698e+00,8.710387230383155321e-01,3.809338840604924226e+00
1.284829283210875195e+00,1.675892251834072422e+00,8.031551813824753250e-01,3.597908347504403359e+00,7.493361739447133907e+00
3.761344868063345448e-01,1.809283959285463927e+00,5.649356369605694539e+00,3.770818496591875624e-01,2.055496979610886399e+00
1.687907306327647516e+00,2.039566688508148928e+00,1.693917782815438144e+00,5.103682859418714468e-01,5.029384855945568056e+00
3.939797354595616641e-01,1.821525945051273077e+00,5.755954290682606000e+00,5.815319541208343601e-01,1.034832291796014214e+00
4.181450553143047921e-01,3.648046914052425649e+00,3.227471494704879706e+00,5.126516158944913748e-01,1.222675905569692745e+00
1.104893792897928773e+00,2.573467075066276699e+00,1.762205259534143087e+00,5.458970952701045931e+00,2.884345329302505090e-01
1.134484643651070268e+00,1.079837454900291593e+00,4.010263707669982303e+00,5.347364568739384261e+00,3.269212490782513747e+00
1.181824340079363989e+00,2.050212792790159000e+00,4.528464693086928783e+00,3.351093311741812020e+00,2.327297951044156488e+00
3.286789205969150029e-01,1.486100893623389929e+00,4.438676875772632258e+00,5.352196807539391976e+00,1.707774732338905643e+00
4.249134874843004672e-01,2.105579796528183945e+00,3.487892778134857430e+00,4.918286202663628259e+00,4.754203693090468086e+00
7.585511012668473274e-01,1.551410807393178271e+00,2.823439988268749534e+00,2.008650498613556934e+00,7.840829877126816783e+00
6.262009729275281877e-01,2.645039115866804735e+00,2.041615144303978724e+00,7.958225169734487459e-01,7.623601326648767440e+00
4.366141245482682010e-01,2.602187866841313202e+00,2.812404412857112845e+00,5.279188993516930495e+00,3.192201601136519962e+00
1.071871434082614982e+00,2.169764811774927526e+00,3.363668403808428131e+00,5.047363532590158464e+00,4.080035457775244012e-01
2.644198628403248152e-01,6.487744338566179270e-01,7.329547957215039045e-01,4.990365409937167485e-01,1.013427377615136216e+01
4.425822695763139691e-01,6.232676549087229345e-01,1.297005324997987596e+00,7.120573310734434003e+00,4.991018332373823974e+00
1.791430522755706800e+00,1.647039350821574821e+00,1.304751745320754663e+00,4.145332074235023256e+00,4.629692054672727153e+00
1.224723301516116747e+00,1.331215015758567821e+00,4.649112624778177771e-01,1.701292020682511064e+00,8.191703798232094158e+00
1.006962435297489966e+00,5.920185552119006100e-01,2.468419940245615063e+00,3.113540325236950235e+00,8.395633012528554318e+00
2.021465045669001981e+00,1.760633817132185364e+00,1.117202535602156654e+00,2.196348063236691850e+00,4.852656943038198278e+00
8.879032750747989367e-01,6.748313099986016361e-01,9.201252593391562318e-01,2.802625049690367742e+00,9.555223508057288484e+00
1.500632399251968785e+00,2.261471886564778710e+00,1.958524783508951428e+00,2.382575898596214437e+00,6.271503691786461054e+00
9.210812363973664985e-01,5.978127296346777975e-01,3.138113885037808526e+00,1.721950846849921390e+00,8.138566473432275572e+00
7.012630029324016245e-01,6.799585964155131501e-01,5.821359549657150190e+00,1.970273365003696764e+00,3.385300773623305837e+00
1.784861578214112843e+00,1.566183029194991638e+00,2.475129368590478940e+00,3.801002867654953210e+00,2.239999348390373513e+00
4.083756155274480548e-01,8.076533454955097113e-01,1.628006366377321212e+00,7.660953691994109249e+00,3.118575827011446755e+00
1.133823829959554441e+00,3.273269851322557322e+00,1.007932793009060246e+00,4.381595895071289881e+00,3.152192163847141515e+00
5.045676098928290054e-01,3.969284139090901053e+00,6.205667378635333353e-01,2.533382197384577150e+00,3.722211887504952355e+00
1.058834863192333664e+00,1.879782972638005090e+00,4.609192131761430389e-01,1.276022606271068671e+00,8.106198922256833583e+00
4.311152678857946841e-01,1.370955318486305252e+00,5.133563582980183782e+00,4.384645299465229407e+00,3.080591496484410996e+00
1.148891999870265579e+00,2.376417128250335242e+00,1.782847122401551410e+00,5.915358600210241846e+00,2.999945570742248435e+00
1.578037122941266190e+00,1.946405759915995404e+00,2.246907192233459583e+00,1.590390108966186933e+00,5.733989319441513466e+00
6.032664767981311682e-01,5.901288572040792602e-01,3.510130656669015359e+00,3.379306838088134590e+00,8.030946701579606994e+00
1.051050616848804964e+00,1.009659319138880296e+00,2.702754114467830870e+00,8.631114988136212585e-01,8.610777036770373982e+00
6.648109115639679878e-01,2.042107687576054875e+00,5.389966260604469817e+00,8.303348085982509286e-01,5.751587629171438509e-01
1.304064525938345653e+00,1.945880821791247550e+00,1.899899913254445405e+00,5.872061403620863373e+00,3.494925850062663653e+00
1.371115047622819771e+00,8.279217886261588388e-01,1.471332776757268590e+00,1.624054636867464652e+00,8.116097044799328586e+00
1.321276394610799709e+00,6.508152523797176014e-01,1.268745041089707204e+00,3.402396421485538003e+00,8.294564757887389561e+00
7.451290671268908650e-01,3.297796346983786542e+00,1.319602519188375567e+00,4.418972970387701205e-01,6.677307076144030518e+00
1.263888158892536140e+00,2.568006105217999213e+00,2.341360351011897656e+00,4.852847926538323087e+00,3.240831562911419272e-01
1.586102771041487003e+00,3.928809124893042903e-01,2.946455604495465508e+00,4.335893218618383393e+00,4.699881335036645069e+00
1.516010153988072595e+00,7.935633144366172065e-01,3.194503985060682894e+00,4.451492199016640505e+00,4.100708433859762359e+00
9.369328257174348584e-01,2.234574908481875344e+00,3.045739434422292558e+00,4.131007156263601487e+00,5.756486356664132664e+00
1.571647357769673903e+00,1.445573592517685801e+00,1.330374778012888726e+00,2.061467033479082112e+00,7.638376154195751333e+00
1.549470888697603854e+00,2.536406557370579851e+00,1.575717288398976734e+00,5.327643145603651931e+00,7.215002657023565913e-01
1.589593292932743207e+00,1.259751177434159208e+00,9.399042738876005609e-01,1.401554462144047886e+00,7.396418875366935097e+00
1.917217058509123495e+00,1.310528658685829351e+00,1.076739733481099304e+00,2.457964456554156296e+00,4.354800239601357426e+00
3.873707265173966241e-01,5.896651606597220763e-01,9.816595516156818579e-01,4.597588485168706995e+00,8.668954332202362778e+00
1.949426168566689155e+00,9.814586127617657141e-01,5.135820862798290420e-01,6.418457107653620097e-01,6.241633347711109892e+00
4.575903798722605331e-01,4.131878654399147699e+00,1.345821060356235499e+00,2.609511752923399097e+00,4.167676512321842885e-01
6.707677766843168632e-01,2.948905005117998357e+00,2.218699896724920073e+00,2.902885236668636182e+00,5.616590980714434522e+00
8.119547896485557192e-01,1.393810505217579321e+00,9.541282408097957468e-01,2.172319212394805632e+00,9.286262592243121006e+00
1.056411088676525445e+00,1.218051196671394276e+00,4.286415599586247183e+00,2.267090849337014991e+00,5.644784508737147988e+00
1.752245033504046923e+00,3.008690912059621247e+00,6.360485791901385744e-01,2.575890496517855510e+00,1.642437682673820953e+00
4.547337703881871862e-01,3.009111977522108461e+00,2.390880915141046614e+00,5.312426852931558585e+00,3.458123873874044962e-01
1.526183827877720445e+00,7.768578627449145291e-01,1.363193803367729773e+00,4.115664595195688946e+00,6.820983016691196887e+00
1.346786764591610730e+00,2.297465487539022355e+00,5.291173426175593830e-01,1.041012682181380988e+00,7.330857318956209845e+00
6.900703315788057068e-01,2.891370677707133741e+00,4.300220026574844923e+00,8.959058025345585374e-01,3.218664038938498173e+00
1.648176062503387218e+00,2.026029554394315202e+00,1.883251000274939857e+00,1.380179294023413217e+00,5.933266387499797290e+00
1.725204197650167526e+00,1.762780287757156783e+00,2.051522660663803066e+00,2.479316898985152395e+00,4.937010495590242520e+00
1.194783932550792072e+00,2.333415441990331907e+00,2.177028620572905027e+00,3.657379247184675997e+00,5.682570075640433593e+00
6.940961395795706146e-01,1.164042662048349497e+00,8.990476836834278007e-01,2.452763014781185191e+00,9.470014342693467313e+00
5.301727517602367046e-01,3.464513728473499921e+00,3.802611677203637353e+00,1.389458467493118743e+00,2.692345272274046408e+00
1.442830510797169730e+00,6.906987839179024036e-01,5.372257374237355831e-01,2.576548533112341222e+00,7.717745874625191682e+00
4.923432739308779560e-01,4.070245683688805904e+00,1.180585715607053388e+00,9.632097883473410560e-01,3.429350715351045853e+00
4.521221484415566816e-01,2.174598463933606229e+00,4.755154506316778829e+00,4.066210889303786047e+00,3.716168918075848371e-01
1.688353266183438173e+00,1.920743849531650671e+00,7.912922302353632142e-01,5.291148985270602623e+00,9.384593991787660849e-01
3.364516210102906912e-01,1.821649442102325933e+00,2.679558072649653511e+00,2.029921446301788723e+00,8.086184641292982533e+00
8.912615948035562674e-01,1.849564907043698803e+00,1.716997193298967161e+00,3.659151042544896093e+00,7.188032575941913471e+00
9.495474336296430007e-01,2.643632920310108325e+00,3.438660759213820750e+00,5.319146671573998120e+00,8.586624056906890790e-01
1.631008128082736208e+00,1.120869979608324352e+00,4.814723846804108698e-01,5.877875186113005190e-01,7.277757248613879071e+00
3.377978437775856491e-01,1.822663235469029752e+00,5.651542978930123695e+00,3.792684589836169406e-01,2.057683588935315999e+00
4.283404399274434171e-01,3.156921077083951754e+00,2.340024349821510974e+00,5.040839496482810489e+00,4.014795096701766486e-01
4.001263115820607452e-01,2.919593757600367656e+00,4.325756089985864250e+00,2.509264927807711043e+00,1.229418240023970377e+00
1.755930640220169092e+00,9.653713575342987019e-01,3.084074048121383527e+00,4.601235741599913887e+00,2.521697455017297251e+00
1.292692334199837312e+00,1.521865032898533476e+00,2.195363446778587857e+00,4.969349389903138459e+00,6.462705499403440967e+00
1.801695903744345184e+00,1.651457149260296964e+00,1.264456567774522755e+00,4.246193040582939560e+00,3.717991141986395132e+00
1.276608987492668712e+00,2.128214029833772614e+00,5.352981891561804373e-01,1.002632845675383910e+00,8.052977860958316469e+00
8.749057449880859316e-01,1.647687107407527218e+00,3.516641378930465578e+00,5.012342502519771870e+00,5.827809880954903932e+00
1.500413879295867892e+00,5.104137871347937949e-01,1.383111933789020087e+00,3.677444181376864130e+00,7.387078375298316679e+00
1.974531498070833724e+00,1.058828195395835170e+00,8.366034598956044732e-01,4.808931481164943733e+00,1.048477580695414968e+00
2.086931346667248111e+00,2.266005015099569420e+00,6.738093984350174148e-01,2.606709302307847587e+00,1.199413326319387130e+00
7.365477680147624051e-01,3.354099345454919501e+00,2.430562326886138713e+00,3.199451729397604804e+00,3.072227508834830534e+00
2.505088431082354572e-01,2.005237303777750668e+00,4.251986359529791315e+00,2.329283667244530065e+00,5.365767702705421804e+00
6.667026524974608570e-01,1.989671755023289412e+00,5.491474116753253476e+00,5.453443348080646569e-01,5.987265596563995373e-01
4.603483664222592919e-01,3.039523906181022639e+00,3.958827001979873028e+00,3.047487701879023181e+00,1.719276309005308478e+00
9.420114365429539394e-01,1.179980263110691485e+00,2.492326441775163826e+00,1.752798655038150688e+00,8.195719532751748915e+00
1.593820924904752800e+00,1.719619162779668198e+00,1.968453912204404244e+00,2.345840071022559759e+00,5.638186554951267304e+00
1.288777547418191061e+00,2.499221590678114335e+00,1.995542577447381394e+00,4.871617190345709503e+00,3.387767809316079681e+00
5.315995005909625037e-01,2.169963201592916668e+00,3.660269476713467363e+00,5.926395616938613387e+00,3.887427834852377195e-01
1.293095024204368393e+00,1.499053150663980594e+00,7.756538365366016929e-01,1.552622944898357504e+00,8.311827325107202569e+00
1.025282943851670847e+00,2.746337199510287430e+00,1.127317836007109442e+00,5.733882017140284226e+00,2.932429828501784019e+00
2.006667391534637801e+00,1.067029396300931854e+00,1.277363748270807120e+00,1.512141353603869476e+00,3.959312933833268655e+00
8.584911009452094177e-01,1.658988991731400686e+00,3.142184763832176930e+00,1.191910886994223651e+00,7.121628341004026197e+00
3.834151848285179964e-01,1.355855513385576305e+00,4.174665883110617592e+00,1.488636242985093894e+00,7.121325087973438883e+00
8.631876294387532678e-01,1.701076400787932208e+00,9.416873398237683990e-01,1.497674415527389336e+00,8.799682825381566431e+00
3.883198098237755636e-01,4.262344091475652741e-01,1.097718437304381789e+00,8.148162290155518406e-01,9.878929946718834287e+00
7.972037137093777037e-01,1.347003391224065316e+00,9.026900921300298197e-01,2.393637305783846703e+00,9.290895084536302306e+00
1.347579876710220947e+00,3.135468964809233761e+00,1.358933341005533313e+00,3.266590245010831506e+00,1.709943671560536060e+00
7.232244196125301450e-01,5.608604278997293413e-01,5.468466344871252272e-01,2.164478292047045116e+00,9.889015165713372468e+00
3.787639644248043114e-01,2.839871465687374030e+00,4.888550650834331712e+00,1.355655882811224178e+00,3.713524265008667502e-01
9.202932876105183180e-01,3.678327593659738159e+00,1.083818080395449135e+00,1.318286176390957243e+00,5.437398617521723487e+00
3.716964178039049993e-01,1.279607525136516433e+00,8.148737408302890728e-01,7.952987589147047842e+00,2.935592501564094348e-01
3.874298220591738118e-01,3.901667102237098117e+00,1.473814441707089751e+00,1.480792122184447779e+00,4.113761499578409087e+00
4.613866164614605081e-01,3.919325152549489211e+00,1.982491035276248814e+00,9.375301547842318506e-01,3.403671081787936981e+00
1.550032113318248417e+00,2.454110954788649490e+00,4.122856357876221622e+00,8.293102136530564605e-01,1.373963281410800708e+00
1.624661858321962749e+00,1.839765175591955071e+00,2.180002853143728991e+00,5.344109137620320027e+00,9.808616442114009848e-01
6.824879150878973011e-01,7.392454195856910104e-01,5.431677693545715613e+00,4.305064554677493049e+00,9.495332531916541585e-01
1.227168744032375303e+00,2.640565615245605180e+00,1.109201729553638494e+00,4.451000062933036183e+00,3.867106095964425005e+00
7.056003439440001745e-01,1.280737101926300747e+00,9.869311865244924098e-01,7.901814122596902301e+00,4.243431968030785262e-01
1.439554393821956602e+00,7.609960127231284455e-01,6.080732990484494227e-01,2.392407044252450099e+00,8.367634526040255594e+00
7.685680842959476955e-01,1.990204774122002584e+00,2.803669463810424922e+00,2.349221296329342401e+00,7.208049117032699016e+00
1.595607565435485320e+00,7.384341781394503368e-01,1.274384278836057094e+00,5.137350845895087836e+00,5.674299583331720243e+00
8.949922084907568909e-01,3.346928148624198851e+00,3.172952232805125394e+00,1.592009660675023142e+00,5.098723999359613401e+00
1.364032947081548430e+00,1.407123048352400430e+00,4.764065251182818095e+00,4.555378627522700397e-01,4.008577805301769104e+00
7.448943213971973565e-01,2.648202846531168220e+00,4.833962492553699697e+00,7.990489909330704688e-01,3.075745649801738146e+00
1.957352362364569220e+00,2.516697029609208602e+00,1.072452824293788076e+00,4.673285394788819214e-01,2.921797260016812725e+00
5.023480086379616960e-01,4.787961485478765544e-01,6.067388289326978601e+00,1.153158143967436766e+00,3.590791088713288559e+00
1.174195744118581075e+00,3.450265096944950649e+00,1.611973258324394864e+00,7.125176738684477762e-01,5.247936150794190624e+00
1.815148715684256064e+00,9.913670936919826149e-01,1.298384607042041505e+00,2.995387809683658809e+00,6.273423459158837368e+00
4.222283007332882088e-01,4.100277107054361991e+00,1.215178264128471186e+00,9.969036722335475886e-01,3.631508474253798191e+00
6.287391477473460721e-01,3.693055565094357728e+00,1.615784358624329453e+00,2.877693003211565070e+00,4.533684463245196028e+00
8.941209554298004125e-01,1.655574983653084420e+00,1.010040018070268886e+00,3.689266264164223763e+00,8.107880598398066851e+00
8.511639289085892734e-01,1.398036143284666188e+00,4.402941470836038818e+00,2.425183988387702438e+00,5.784346932391610352e+00
5.142145952383522234e-01,4.242873758589123412e+00,1.001480777383784826e+00,2.574856946439331828e+00,4.753334199133730231e-01
2.146458607637335980e+00,1.472651720828152211e+00,1.372889118368190386e+00,1.854523654005988176e+00,1.078320623373802079e+00
7.784314984727466191e-01,3.517366915123465443e+00,1.406823086919715138e+00,4.815933265376696859e+00,4.256210031490190726e-01
9.893368316882897862e-01,2.267888384547688041e+00,4.220185935912998509e+00,2.966139065772110506e+00,4.254596144822717640e+00
3.729850266838449224e-01,4.252764739981025777e+00,5.915663003026671030e-01,1.459495546650476872e+00,6.331767368818794761e-01
4.101259817696769616e-01,1.136769117956768715e+00,7.565688948910238576e-01,7.838129736796559222e+00,2.606607389735514424e+00
7.812096875876685109e-01,1.951891276305021128e+00,1.701867390577583405e+00,2.491029940838048073e+00,8.299522532642731321e+00
1.863717705179111839e+00,9.353769704259153883e-01,5.679679802134710576e-01,6.515187025796567166e-01,6.641951769917985082e+00
7.985587638742619454e-01,3.638813527880873644e-01,3.981438745683197333e-01,6.094323618547611288e-01,1.002571261635729272e+01
1.329293090123262022e+00,2.646061644705584026e+00,1.240697002865499554e+00,3.727073198762524520e+00,4.624495587524038775e+00
1.055747998573621782e+00,2.267468452103849952e+00,1.470327797441028483e+00,2.709109432777818238e+00,7.270532676169336739e+00
1.289706545391028802e+00,2.102252116979055341e+00,3.184742896636035603e+00,5.129225637513538771e+00,3.041804396242299369e+00
2.604484536267275829e-01,1.881863649669300642e+00,3.957918801416659971e+00,2.170783455553754404e+00,6.334163558907458302e+00
2.570373161498465397e-01,2.334449712864907767e+00,4.180276756411458017e+00,2.389453448373821232e+00,4.669933913992823094e+00
1.305623208540136027e+00,3.429161595268617635e+00,1.440106668068856344e+00,7.637299958020957735e-01,4.746240496615943272e+00
4.393849832189823945e-01,1.924294275697618906e+00,3.620111340639708519e+00,5.576548332431705113e+00,3.780667315566028641e+00
6.516179378544980638e-01,3.711366821677859029e+00,2.508525537907079439e+00,2.904847282004396014e+00,3.217631293530165415e+00
1.487444641669195322e+00,3.099135806737558951e+00,1.436483069758843989e+00,1.959574105895778739e+00,2.865286305799935818e+00
3.679075935822367360e-01,8.698654958085767497e-01,1.542099898121796819e+00,7.499391272664992059e+00,4.169656427450430414e+00
7.470321551805065852e-01,1.913707936546926724e+00,5.296303964138388665e+00,3.598878225843930023e-01,3.030896333063780812e+00
1.821230352058022195e+00,3.626935029529771981e-01,3.933075691345129687e+00,1.526430957332211680e+00,2.576551552570252923e+00
1.780208555958774586e+00,1.468608049655230285e+00,3.360272046632517551e+00,1.414071910514718144e+00,3.760024148162750102e+00
6.041217159079168564e-01,3.347003422827636410e+00,4.024851904093549315e+00,2.345902591069835008e+00,7.551858631274472877e-01
5.952138126470913893e-01,3.166742504801380864e+00,2.148210442691380173e+00,4.614486068294283427e+00,4.223451002543253452e+00
8.033242208935066353e-01,2.292157654941657352e+00,3.488549878810870641e+00,5.569057535615057120e+00,3.359620125553190118e+00
5.358747640785598287e-01,3.786594338445746555e+00,2.945860157227789156e+00,1.369691700862570416e+00,2.683880068573286870e+00
7.191175934353197796e-01,1.852243071809223096e+00,2.312055534276103330e+00,1.878454607851480329e+00,8.237934723057881214e+00
3.898478871972043125e-01,2.716924711994261887e-01,2.439008856020232763e-01,5.354677250517108078e-01,1.004786291273253518e+01
1.833080475682179245e+00,6.065987550272705642e-01,1.021301366267084898e+00,1.502469572038448442e+00,6.943833240896722714e+00
4.131860458931889690e-01,4.100678579321926365e-01,5.780070740294788401e+00,3.721032550401298433e+00,1.348647183879539968e+00
4.344681476696269917e-01,4.071894073072036768e+00,5.781709589799808313e-01,8.483709263823476787e-01,3.485172537529188208e+00
4.907034343746668470e-01,2.134721337538520114e+00,3.700960753826822103e+00,5.592845096333559418e+00,1.682629025680564494e+00
1.896975776511416190e-01,2.181328677122644777e-01,1.959991775091156629e-01,3.195041056667166646e-01,1.016743278890116642e+01
8.263104085497625650e-01,1.515972968786599040e+00,5.699553414542403829e+00,8.226612605128414968e-01,2.119501686674321483e+00
1.747235432648117204e+00,2.448585124800886970e+00,2.367233060084092955e+00,2.855605389394350269e+00,3.155594695463733501e+00
4.114341873086535539e-01,1.175679914148203942e+00,4.284064418257758966e+00,2.064944626891553447e+00,7.407329967823561567e+00
4.182695381025518522e-01,3.519299090206078340e+00,2.383197909478617316e+00,1.756419256690184616e+00,4.248921360356093579e+00
3.573625088940440842e-01,1.983207009272861088e+00,2.736559717113814294e+00,1.739581450941757090e+00,7.995905107433599390e+00
1.554690465002472433e+00,9.512610393436327083e-01,2.797206811304658647e+00,2.297834506411318589e+00,5.501631953012430465e+00
3.020376838570077993e-01,2.890175021177659342e+00,3.719778576937888381e+00,2.435981611234435906e+00,3.934773231713617481e+00
7.402256232614510267e-01,7.977135208449843695e-01,1.260624485543750728e+00,1.005668567389110812e+00,9.486377231965942514e+00
4.248518446810816140e-01,2.184977702780599440e+00,4.893130920863531408e+00,3.158858584260336944e+00,1.505584659911402223e+00
1.890050074955555770e+00,2.059636143940006825e+00,6.321542343941125575e-01,1.660853598585726232e+00,3.947272751490341847e+00
1.492877255846283724e+00,3.339495213379615635e+00,1.571065523850714740e+00,2.743009793872258850e+00,3.845005948415906039e-01
5.022655037161356528e-01,3.824051867188650533e+00,2.887879600960360449e+00,1.174648149909500727e+00,2.470860845153064034e+00
8.283500326258017576e-01,3.618018573655830572e+00,1.054804686795461022e+00,3.721737173099739060e+00,3.765622957803515192e+00
9.572398358013647357e-01,5.608920498513866315e-01,2.307778911962411694e+00,3.653330083721197052e+00,8.356751767254284147e+00
1.349128344672914759e+00,2.596484853551503935e+00,4.216254613388630279e-01,1.697389119882890318e+00,5.721630198181042459e+00
6.021859663905669846e-01,2.808282194468473048e+00,1.059355531602494072e+00,6.412137654743072623e+00,3.026430837286648412e+00
1.132846630328005366e+00,2.974703074767806932e+00,2.797841082319048933e+00,2.252873559257349001e+00,5.368329393290742324e+00
6.927661602499159965e-01,9.754009516072613684e-01,6.137849132196946389e-01,7.718108481261273468e+00,2.826328965810879446e+00
1.326914155701273801e+00,2.582659152471692643e+00,2.375196736356958827e+00,4.838785465863372437e+00,2.310388980463250697e+00
4.260032858769939867e-01,1.179466271423907031e+00,2.035589273425088219e+00,7.321053299400642089e+00,3.685225245328845212e+00
1.686760460359362668e+00,6.155935710409798922e-01,3.789921245824089624e+00,3.407339907359512310e+00,2.740624439918192046e+00
4.735627088754993941e-01,3.680853250984340796e+00,3.180682839741616696e+00,7.771001731426538939e-01,2.091419777350167930e+00
4.021324541887184578e-01,2.150782239402602158e+00,5.464105087961414142e+00,1.827208600250601833e+00,2.241469315428941567e+00
5.760007069265289381e-01,3.055269153010274241e+00,1.981110533766044846e+00,5.181847860629691382e+00,2.988183059703939382e+00
1.891157357549523965e+00,1.621319426222523230e+00,1.558738935182254703e+00,4.035092217788292857e+00,4.068986833553149829e+00
1.854192262985465689e+00,2.195748479662949393e+00,2.250689881019746874e+00,2.628552579824062985e+00,2.674513656006940909e+00
3.896408635033132839e-01,1.452807463749534733e+00,9.087934685389472689e-01,7.835507052159418784e+00,2.935483686713656337e-01
4.856176359549561616e-01,4.225204768370774744e+00,1.394832177637112647e+00,2.184015449090322747e+00,4.503704605868009692e-01
4.850715786565676924e-01,4.275686298633601723e+00,1.453701950406072640e+00,1.426690484225563216e+00,3.988013823100787225e-01
5.514638712307233792e-01,3.175646237512059322e+00,1.767210523144032708e+00,5.324392610157027583e+00,3.547872665278770099e-01
4.999828510312924745e-01,3.690902355107830601e+00,1.616634613490747441e+00,2.857585222426671567e+00,4.687958957107507096e+00
1.392810760337492848e+00,1.328261825903457982e+00,4.758727180665365708e+00,2.691088715612658611e+00,3.787986866116546114e+00
9.222310317679898173e-01,6.441565797086306056e-01,4.335956512317641121e+00,2.208304565602182024e+00,5.979905453417392103e+00
4.065842156567083254e-01,1.412586516162451344e+00,5.531308830242532615e+00,3.709665599135781200e+00,1.337280232614022735e+00
4.056977044382270581e-01,1.078054874685261399e+00,3.487767539725012522e+00,6.996732523950085714e+00,3.748002830722144685e-01
1.204237344872460813e+00,2.046122552902275515e+00,1.991367342480182323e+00,3.904526443186903339e+00,6.815930689991510860e+00
1.223056086778385509e+00,1.104678460962361441e+00,4.903503720182724734e+00,2.972158148729238114e+00,3.238551186942866256e+00
4.264427539168835768e-01,1.353410816425061558e+00,4.607574419696946144e+00,1.359694803386335860e+00,6.877388397637631989e+00
1.196114883443426979e+00,2.073230759520542588e+00,2.075021594050681983e+00,6.495595734682334310e+00,8.524166261978864956e-01
1.479504246332024042e+00,2.208232191808873424e+00,4.144293212133101534e+00,2.539473633605853209e+00,1.226563403287070475e+00
8.765284823007177817e-01,2.875995783476657852e+00,1.606524400718881918e+00,5.559112244309528883e+00,3.041625221468490237e-01
1.343246101854011387e+00,8.293572232720141102e-01,2.092368970155038976e+00,6.320451372655991662e+00,4.143849222192110382e+00
1.076435206314378501e+00,3.144960493091388809e+00,9.602412948185603536e-01,1.431008212218508380e+00,6.507230052421381750e+00
2.099376027343516249e+00,2.117409067607743722e+00,8.692297639541994858e-01,1.377674076198361908e+00,1.571350663516922541e+00
1.319018935298043038e+00,1.155317928691996565e+00,2.473537952855852762e+00,2.137659707328877445e+00,7.416464744058751890e+00
7.522939007992353044e-01,8.020248115087280638e-01,1.079136009438142585e+00,9.848539763214326781e-01,9.470884639299343988e+00
1.470909593104471558e+00,8.666619924386063101e-01,4.800943887222964834e-01,1.787114711252472565e+00,7.690976398776872891e+00
1.309018207402597778e+00,8.015187939233783254e-01,3.750884472420051186e+00,4.501932651196942636e+00,4.418753106050993473e+00
1.122620259524253150e+00,1.727920984797579829e+00,3.122520246408023503e+00,3.154243688962199421e+00,6.926534737531291341e+00
8.146047360962077599e-01,1.586833163206436748e+00,2.825762428996795528e+00,1.135175983944749944e+00,8.280797952995543554e+00
1.792725328998875600e+00,1.474836429679423633e+00,9.402959447086618461e-01,4.101145427569786506e+00,4.585505408007490402e+00
3.774466848068275260e-01,2.676202849663117611e+00,4.379822591582795077e+00,2.247564587382857582e+00,3.893050158817004558e+00
1.393374611858902323e+00,2.328856635473358416e+00,3.507507156680264249e+00,6.814798125767362880e-01,4.884157920483285231e+00
1.037383040848968374e+00,3.188937699283522775e+00,2.573150442100203161e+00,2.741491683469721163e+00,4.183414276855139668e+00
8.923197434405863993e-01,3.375898792820861249e+00,1.438889815856666754e+00,3.797089447347282931e+00,4.468827480624484316e+00
7.562094074216878514e-01,2.860504508994679007e+00,1.003745266562490412e+00,1.234225694886708746e+00,7.435700712737360440e+00
1.297618238957646275e+00,2.408473111283923718e+00,1.698825371589641975e+00,5.450334530630844831e+00,3.260326092235018014e-01
4.160436637434489215e-01,1.563465074597166993e+00,7.852726987999135710e-01,8.005350451277619683e+00,4.140976429607399201e-01
1.595296046510016774e+00,5.306056577788814677e-01,3.948775259096565460e+00,2.219480913625280216e+00,3.472364834169556769e+00
1.508633346781278917e+00,6.856166965838150773e-01,2.267700063062471294e+00,1.387475720523897005e+00,7.511493966781234377e+00
1.401902568488165191e+00,3.078249782015169966e+00,1.774869156377530066e+00,3.726529942781969140e+00,3.139171711938780973e+00
1.628965684277629888e+00,1.781421154642203852e+00,3.009041433458660819e+00,2.332909133298998849e+00,2.038079344733274567e+00
6.822215256807794281e-01,3.815410438301623852e+00,1.213826245070398935e+00,3.219886732698067799e+00,3.164103760885930150e-01
4.444406948349187703e-01,2.508793677678712530e+00,5.349173117662114230e+00,1.634423544670931427e+00,1.669853842783330489e+00
1.991523420416148715e+00,1.215367658693264907e+00,6.308660036885467282e-01,1.260793224528702572e+00,6.034639934520726001e+00
1.482013727264132719e+00,3.187157419453881868e+00,4.777712210057624698e-01,1.977434877693785564e+00,2.127763417989028127e+00
3.505622709074404098e-01,3.900847485716717244e+00,1.259688530744212942e+00,2.599140547723051142e+00,2.701122985465940651e+00
4.313602983029719562e-01,3.132179603638033605e+00,4.196101236975901649e+00,1.378975464212836233e+00,3.455887900627523379e+00
1.726029848443416004e+00,9.670272746944950093e-01,6.434794543771958919e-01,5.208919762591147418e+00,5.180356415045532792e+00
1.184345647203902896e+00,2.331609882711513038e+00,2.401583025591631504e+00,5.432999947474141500e+00,2.373169448413941840e+00
7.209871350631592568e-01,1.655555938984066611e+00,2.579989206690615600e+00,4.110763098814369521e+00,7.790795634939542857e+00
1.062920106130219366e+00,2.457164768667604804e+00,1.871344914451454011e+00,3.841264247252929476e+00,7.043968915290654387e+00
1.208192174875367453e+00,3.582151905857942076e+00,9.158574090766850029e-01,2.551369385148948066e+00,4.062561524212528141e+00
1.423879006701607830e+00,2.225829529758294179e+00,1.763519778330489229e+00,4.999900923984378132e+00,2.989471033192460769e+00
8.116795400809512229e-01,1.225711926547147446e+00,3.130817984379031138e+00,2.311214069790100467e+00,8.126343897424652241e+00
7.058047908621197797e-01,4.798633325605752287e-01,3.532048276417481425e+00,2.129839836635688322e+00,7.723081923055783449e+00
4.588765500198706548e-01,6.964688648019996542e-01,1.460003163948967675e+00,9.045038862380681000e-01,9.786499577771708758e+00
1.001639068723194637e+00,9.457165123136637153e-01,3.122316832925457142e+00,1.697295919485840798e+00,8.102349140233433999e+00
1.484779690803303076e+00,1.150582712471246216e+00,2.290847187607994773e+00,5.743908539576563221e+00,3.792554611441896650e+00
3.165343364583403374e-01,1.199683697554965844e+00,5.495801368150852184e-01,5.897997289662623821e+00,7.077064868816027143e+00
1.264251961355403520e+00,1.288632628263232771e+00,3.190158544024476850e+00,2.464099684324584150e+00,5.461670377474553639e+00
3.262257974556260764e-01,2.922555459034636538e+00,3.754784988786536548e+00,2.466924374344942272e+00,3.884316046706104864e+00
4.320517560004767388e-01,2.154232530615347141e+00,4.734345803603366321e+00,4.045520394892610838e+00,4.770948395586018798e-01
4.099088124958008006e-01,4.143671866239221346e-01,6.172956454350549294e+00,8.336560544315847476e-01,2.765034225372223542e+00
1.170172981483275976e+00,2.532060475262041699e+00,4.277289858706977199e+00,4.839158215961546494e-01,3.070166890331538223e+00
9.483683048199658128e-01,1.460124866747712691e+00,5.172068364864070844e+00,7.085638185003722000e-01,4.911251603102653185e+00
9.175847589903783907e-01,6.371625475319657728e-01,2.469671219568849274e+00,4.539142417844423960e+00,7.167574255658873739e+00
1.106783874072464702e+00,1.129634740552398986e+00,3.728787748544331482e+00,2.334473555822278001e+00,7.098582052097662576e+00
1.946999381630827752e+00,1.059092648601132058e+00,6.319337673606570949e-01,2.265703283150529046e+00,6.192437203412937130e+00
1.262532046979823352e+00,3.619274546807421888e+00,1.342199415561345699e+00,3.118627955251849215e+00,1.001281183344713055e+00
7.887339233552326245e-01,2.187340379073350771e+00,3.199396486964209974e+00,2.497128943007457469e+00,7.131563330528121192e+00
9.207382190897918095e-01,7.018178572158307871e-01,2.490592273267944190e+00,4.792851944210597681e-01,8.674465589066928217e+00
9.926336712578304189e-01,4.612753321889357383e-01,4.742643448968280495e+00,5.034051363946741908e+00,1.914543401277962520e+00
1.173424276670874900e+00,2.444271365124057294e+00,2.754596947765525883e+00,4.922245080028219810e+00,2.829837085987068512e+00
7.766608726619073089e-01,1.860787442385736012e+00,3.063843996369708833e+00,3.143170607859208321e+00,7.391671474861603031e+00
5.752727582340062540e-01,5.229374681941458824e-01,6.216893959790350976e+00,6.158970307229532093e-01,2.384261290994107441e+00
4.352252296103772955e-01,1.511420484611400994e+00,8.080051003414774335e-01,7.826880297092716710e+00,1.522056377948814543e+00
2.076741882293856811e+00,1.970542898908225871e+00,1.405986219386586855e+00,3.871072361552596153e+00,5.126747603990283730e-01
1.188533248749530813e+00,2.460854754262587818e+00,3.668620750005316289e+00,6.850674514453150010e-01,4.846509569380901716e+00
5.216961947218655693e-01,1.011446884744533481e+00,5.139632371197650151e+00,4.080558727613384562e+00,3.822229982015787009e+00
6.839453205069795372e-01,5.653513396571243632e-01,5.001698204938890058e+00,1.748988023643742284e+00,5.773229101941893759e+00
5.655508327940159674e-01,3.119390330390428900e+00,1.542084313530601714e+00,5.359754013180730858e+00,2.796016428724556580e+00
4.943842372475893976e-01,2.570503311910484534e+00,4.172376377828014071e+00,1.427455624627124386e+00,5.250249941464325332e+00
5.843931016283258062e-01,3.729940915887975716e+00,2.286688355841680842e+00,2.695193473467641709e+00,3.075955059176866069e+00
1.065291240616059953e+00,1.752235213285488369e+00,6.151997662057422378e-01,5.353905016907159364e+00,6.340408847424082950e+00
8.868014815562879072e-01,2.381809116652789715e+00,2.298142799508323009e+00,1.967751055287568329e+00,7.129047468193117076e+00
1.503830973758104816e+00,2.031078162694372580e+00,1.195409760818461731e+00,5.437828225647652225e+00,2.556780031001034903e+00
2.508600690846042314e-01,3.867183149111394491e-01,5.532415415120597313e-01,4.022946199486091556e-01,1.013592150555240146e+01
3.254892449001977606e-01,2.684715889203323158e+00,3.421093520784488806e+00,2.781845937108267108e+00,5.116466245431441351e+00
8.068183107322546288e-01,1.446282317052110633e+00,7.016999355046588116e-01,3.862019209517753460e+00,8.730395597324566381e+00
1.022676534011599525e+00,6.325162510973181273e-01,1.690245825702938687e+00,4.561517950004451372e+00,7.333050169478465996e+00
4.999152440883690707e-01,2.542664017979306301e+00,2.028058903674938129e+00,6.101981173867275565e+00,2.060257801814870948e+00
7.831563710822194713e-01,1.656691135720158581e+00,2.993502240193201214e+00,2.985381733721440334e+00,7.680599757149056295e+00
1.779856930323957087e+00,2.380383998948203406e+00,8.398392737225716109e-01,4.289091877997571522e+00,9.649512850744780268e-01
5.737325509556401304e-01,9.047742586619740290e-01,6.532700341013317757e-01,6.818594220097593528e-01,9.887802252871569664e+00
6.019248047002894175e-01,1.277474840577476067e+00,8.582507570995069335e-01,3.624406101871117336e+00,8.405462188527707212e+00
7.346016561441914838e-01,1.147223547304740521e+00,1.861211474854242098e+00,3.785811564505279669e+00,8.264757717514848778e+00
4.315568172180590523e-01,3.163566502411265358e+00,1.383868757564300944e+00,4.632594648789272185e+00,4.634176111595324166e+00
1.622271867566795533e+00,2.310191571641804664e+00,3.981339442277996632e+00,2.633042768052810789e+00,1.225746792064349888e+00
2.125524248006031236e+00,1.939012121725786741e+00,2.064548612326710941e+00,7.686362643485736834e-01,1.242593712386369953e+00
1.041201156545216167e+00,2.259761706959491523e+00,4.527439671933422005e+00,4.456744657687489175e-01,3.551486341423288895e+00
3.779358425120802334e-01,2.879136321841603063e+00,3.071847506888089274e+00,2.791944282879237793e+00,5.382435913780526882e+00
1.080569152923641418e+00,3.317418691920219764e+00,2.869733164673422543e+00,2.492315023676853425e+00,2.107240626935260597e+00
1.644866271962933446e+00,1.218161366255180678e+00,1.100880860983658671e+00,5.039278721018726870e+00,5.296177233731362399e+00
3.768101809766715160e-01,1.278685398212448421e+00,6.778725962357263768e-01,8.109566741933996070e+00,7.893473914352346910e-01
5.135611673955851053e-01,9.969744097511104020e-01,1.046098636746313648e+00,1.032032629446548944e+00,9.870729265574480493e+00
3.863025066177886435e-01,1.706496712517938219e+00,3.260025289436673468e+00,6.437515567893985491e+00,1.317518296413040968e+00
1.740995587838831460e+00,4.992764333722661263e-01,3.126304797252068557e+00,4.781206468237548357e+00,1.935178437483229263e+00
1.162705874783362070e+00,8.416169222140333916e-01,2.780781208040605357e+00,2.238702218935173960e+00,7.578954357714407841e+00
1.437307737051149559e+00,1.566621865705379868e+00,2.143750334354179721e+00,6.073143230141794469e+00,1.432855460941483638e+00
3.359031616015505373e-01,2.342555636824103171e+00,1.394185307478370550e+00,5.935342871575727486e+00,4.751096942063844253e+00
3.146361895830777078e-01,1.615972031051496893e+00,3.149809163702550929e+00,6.772861591153188421e+00,3.124385205665380916e-01
5.339514234359650224e-01,1.088059491737298767e+00,1.435105743075316020e+00,5.088114234328348751e+00,8.216149266392685391e+00
1.382497441394942683e+00,6.569569074613764714e-01,5.431423485372588011e+00,8.252611423085024489e-01,2.514746922995359846e+00
1.078738985282386098e+00,9.334106337722229974e-01,9.620186885702495250e-01,4.122010857101039427e+00,8.515432141815191258e+00
1.488435087725751726e+00,2.160946068551051535e+00,2.539259718150253420e+00,4.388811544111260510e+00,1.952995359924974528e+00
4.244275003243604960e-01,4.009259769791712280e+00,1.420056592111982541e+00,2.233139618212563349e+00,1.002040613357884302e+00
1.165425334808448010e+00,1.260978022885894223e+00,2.030398872782494202e+00,1.606627534031930260e+00,8.142481067957572094e+00
8.077970302692079052e-01,2.259991379196379935e+00,3.748103630409682197e+00,3.848798669558880281e+00,4.616842240025825994e+00
6.300222140435015605e-01,4.208059440003981244e+00,1.434370483207199731e+00,2.161499992896891875e+00,4.572440247892611831e-01
5.747865172496577912e-01,3.377170985140158788e+00,1.894616689875026072e+00,4.748502396396106384e+00,3.179774183220708816e-01
8.951137540771719747e-01,1.338913915770102214e+00,2.730974719604006840e+00,5.576502188815784855e+00,4.953955896426369243e+00
4.133884973509374117e-01,2.689876584115210356e+00,1.010216090308400316e+00,5.315222949708424238e+00,5.502204847675239208e+00
2.965672583728002909e-01,1.862907682740423398e+00,2.327805505124673324e+00,6.990223493627111040e+00,2.862371860978659144e-01
8.617319786321147035e-01,1.273476797818396511e+00,3.225918304201644382e+00,6.448409778517419255e+00,4.222680756275509317e+00
8.130640276058401783e-01,2.170126787274592850e+00,1.060685562609400279e+00,3.792236223775045989e+00,7.411776509525926038e+00
8.523136263918055233e-01,3.443693059119018240e+00,1.823331576812307286e+00,3.954757305525373301e+00,2.686023579671192429e+00
1.496130192362012501e+00,3.009593302993883501e+00,1.978495168403496596e+00,6.945152149012496778e-01,4.335842009757446824e+00
9.533104344364209393e-01,2.488224573120895400e+00,1.194185579040840883e+00,3.148037606589947579e+00,7.396538473592341845e+00
4.905382384978468346e-01,2.808161935492440975e+00,2.036493682212818346e+00,5.717838764322775269e+00,2.361407062333880980e+00
1.158332746190090523e+00,1.678902577772319216e+00,1.011926315339018334e+00,4.273186217596964376e+00,7.092722059653239874e+00
1.634684900598463608e+00,3.171462938223665318e-01,1.305499152256131667e+00,5.668649035386608581e+00,2.528739611160629508e+00
6.016780557513176086e-01,2.458872187398565945e+00,3.551637413630619466e+00,5.927892891752823523e+00,4.730365771918787487e-01
1.219676337629735707e+00,1.447113431891657642e+00,3.137193449459416694e+00,2.393354250514856396e+00,5.976891393596504010e+00
1.433099341266361737e+00,1.335327606091704089e+00,3.373935468456693343e+00,5.291488856448032685e+00,9.300616573981085322e-01
5.564352127410332471e-01,3.336343881002996614e+00,1.905889383329815612e+00,4.783571676755213886e+00,3.041398159465589224e-01
1.139770079545244563e+00,2.362322825329079556e+00,3.522845246715177847e+00,1.254993167863044601e+00,5.340121331568713714e+00
7.864087826678355375e-01,2.065578122353227464e+00,2.713912029255937775e+00,3.132234279679493305e+00,7.380735146681888459e+00
1.161280194320512438e+00,9.222123664246352215e-01,3.957659163399897206e+00,1.366054243963677362e+00,7.476075570366202960e+00
1.956075023272136892e+00,1.144018248828196693e+00,8.211912566349757192e-01,3.796580838274420167e+00,4.472076501777100255e+00
7.586355086234866096e-01,3.570676924975476396e+00,1.274203181670191753e+00,1.272150100066244738e+00,6.045826781748845136e+00
1.597845352045479173e+00,5.266449499227775499e-01,1.978818068778364303e+00,4.321296473342316702e+00,6.296112661468024285e+00
1.317004808533968507e+00,3.382803045146270282e+00,1.372889986521710792e+00,3.973856372419710681e+00,2.479551264031941038e+00
1.342629818426662514e+00,2.816818428086091064e+00,8.209245421614710381e-01,5.325342693796553561e+00,8.275843428382299027e-01
1.508544433549963815e+00,1.544547516563601341e+00,7.775688757810286234e-01,5.708006107360817261e+00,3.638827533366332467e+00
1.296559501842894591e+00,1.240157112444082665e+00,1.229205206432367747e+00,2.363117878508245173e+00,8.867856055193541920e+00
8.426781426146752185e-01,1.464429483199340742e+00,5.602387518510615338e-01,4.424255149142599208e+00,7.419550289540508103e+00
1.142022749039249607e+00,2.195706596931906507e+00,1.419466922670921338e+00,6.611837132506199310e+00,4.499609679628528425e-01
1.293713764107234043e+00,2.222310081198727971e+00,3.854983377916087139e+00,2.877664377833468734e+00,4.143622870360941235e+00
8.630135639092022526e-01,4.106373505519612443e+00,1.798347182394167021e+00,1.923614676939768620e+00,5.154617937238792358e-01
1.433128637366318348e+00,1.559829906902054475e+00,1.192736344906759172e+00,4.316027877605664642e+00,6.090518716905691576e+00
1.133225651546288182e+00,1.266191206300482763e+00,1.766014102667444963e+00,2.147818852714604265e+00,7.840713601869608418e+00
4.338652843825844263e-01,3.459840729939031245e+00,1.165371368912788697e+00,5.253240986171574534e+00,3.823617575951288039e-01
1.479883929352723282e+00,1.172511111579908283e+00,4.396049782643157045e+00,3.308476807092591621e+00,3.535411427727477296e+00
1.105294687585880897e+00,2.507326568640275255e+00,4.363958917375153845e+00,1.319181691991397898e+00,3.626368880476114498e+00
1.166264428168229061e+00,7.564376155011207636e-01,2.815587678954540873e+00,2.582679289692973779e+00,8.074485249287965516e+00
4.050279680232676260e-01,5.947885479703458600e-01,3.825334660662050190e+00,4.277578055995475914e+00,6.574039287967129219e+00
1.830780775635553859e+00,2.102578103721154612e+00,1.771228611176537182e+00,4.151948886886133394e+00,9.678327196105933616e-01
3.076761273502113814e-01,7.709682244894044967e-01,4.303401383596374696e-01,4.791861121588097738e+00,8.490331370148700429e+00
5.155013946375055500e-01,2.774031562574270193e+00,4.517525192519332933e+00,1.806656239917586504e+00,3.358348446293787593e+00
5.317617576223173659e-01,8.025080226041723108e-01,4.834700358210155535e-01,3.413168935361209133e+00,9.453320017782351314e+00
1.047901187786943744e+00,1.802085322176442350e+00,1.383794429927138303e+00,4.104523205463275204e+00,7.301607672643660507e+00
1.555831162329427864e+00,1.590416774937823519e+00,3.116736659847990421e+00,1.967751801466031569e+00,4.662421640335895567e+00
1.187958000008347170e+00,1.858304480545494242e+00,3.631547678962629977e+00,5.002285663497792356e+00,1.882821232464470862e+00
9.730471932226369969e-01,1.507196179575394535e+00,7.167459936855866687e-01,3.265718483933309990e+00,8.629356732511640260e+00
2.796561932648349846e-01,1.081132014151823029e+00,4.903212569577369839e-01,5.912670586223288893e+00,7.040269407953397618e+00
1.012035544087726890e+00,1.209422951684622660e+00,2.427762885774141566e+00,6.194938864399528455e+00,4.433823892378604192e+00
1.292284712781441192e+00,3.600134263312721572e+00,9.367237670031890451e-01,2.826551011083877629e+00,2.940521311052566311e+00
1.057938723151880644e+00,3.187906049855768753e+00,2.758500751712553267e+00,2.619340309190015592e+00,3.741591406760798044e+00
4.286617270797957180e-01,2.979813370609325940e+00,1.394735672649938030e+00,5.459664242073330342e+00,3.384741045156883565e+00
8.965908525057422196e-01,1.720102382472380231e+00,9.526778979942369663e-01,3.708274155185499854e+00,7.941331543789861058e+00
4.213883302745028425e-01,2.108290905506165380e+00,3.796263940745942200e+00,5.350294250277928043e+00,2.632182222338411481e+00
6.105789584523104718e-01,8.158835643777002655e-01,5.716445894898256608e-01,5.310733249308132287e+00,7.777037355189157175e+00
9.452653123503113042e-01,2.985476330005448098e+00,1.576162332590422599e+00,2.046686225959517103e+00,5.583030066320533891e+00
1.552228681094198315e+00,2.152350349266589635e+00,2.232957118626847759e+00,4.292440592105569941e+00,1.943212090648289925e+00
9.321209067774449686e-01,2.745719809602230388e+00,3.494072689755126859e+00,4.386556345595340467e+00,3.498119415586679604e-01
1.243207575192360359e+00,1.300068246509472836e+00,2.070989512795800014e+00,1.508661819275572746e+00,7.885067278811786373e+00
8.690140007053185345e-01,1.654012479584667794e+00,2.615860058868206828e+00,6.663079380598492030e+00,3.201087257361623362e-01
7.658931898233913849e-01,7.990452799732501443e-01,1.148641354374689616e+00,1.370039228087343020e+00,9.514268229746672745e+00
7.228410646406904227e-01,2.982662708563445175e+00,5.937807481508814433e-01,5.393182789266954380e+00,4.019335351749192320e+00
1.913759199786481791e+00,2.542498183662702971e+00,1.133654564890505423e+00,1.083173853745647008e+00,3.458741992401683341e+00
1.584793104131750230e+00,1.554617479740641794e+00,2.340948622568205018e+00,4.970468109205352647e+00,3.002288361142259610e-01
7.434451075516539387e-01,2.189606772217489894e+00,3.332890796481932316e+00,5.732765750631410917e+00,6.500755041658443645e-01
1.129911248078421693e+00,1.088467499916624615e+00,4.080856885469796858e+00,5.511972979689811147e+00,1.686690157500904341e+00
3.311527674130358978e-01,2.311333283306320041e+00,4.660609916123510388e+00,2.307986760105881441e+00,4.056562776739804477e+00
1.134510085555848535e+00,2.249785900006318951e+00,9.757694474503213478e-01,5.782516759828739694e+00,3.032200128713379073e+00
7.687552712370169239e-01,3.459328729334051999e+00,2.666557605295477362e+00,2.787114272954425598e+00,1.966105591066418912e+00
9.581615609609763773e-01,1.655107905370347909e+00,4.027204680646046420e+00,2.240666691597940297e+00,5.518388315926873844e+00
3.397336572956706768e-01,2.917258099392834758e+00,3.132290342582824128e+00,3.488157140738741724e+00,4.203475692282819587e+00
3.843843877900506856e-01,4.498652173652057940e-01,6.298217867508867585e+00,1.084660906436486272e+00,1.336405991778001789e+00
9.567649971795046948e-01,1.809224997422077319e+00,4.906270027866693084e+00,3.686037826745815593e+00,3.954666788621090667e-01
1.539426647018149019e+00,1.821703710083045546e+00,2.121650412989843471e+00,2.806397359888033183e+00,5.141017668211206981e+00
2.984127921332953015e-01,1.664792241407649032e+00,4.568084475114197573e+00,1.608957273760085238e+00,5.457517456234758590e+00
1.273285508400597177e+00,2.781691603018208614e+00,8.879992028849881258e-01,1.324568085490870128e+00,5.734871722018532125e+00
4.401310682229443993e-01,2.768168230780976291e+00,1.848108402876910139e+00,4.391517226037292332e+00,6.113487134337439066e+00
1.963684446425783658e+00,5.439445324481966271e-01,1.120359611453158655e+00,5.189678942837495867e+00,1.604377964713695981e+00
8.302652633233814639e-01,1.555018435258680221e+00,2.552264171721398966e+00,1.663488471877991426e+00,8.251398893430900827e+00
1.349514456668179818e+00,1.522967571968258937e+00,1.195506509753565094e+00,4.373866594190998214e+00,6.569825845345247828e+00
8.295169432100660822e-01,2.270756490167039399e+00,4.842445587998428280e+00,2.469685251134151383e+00,1.928933244036880712e+00
1.115484652503245799e+00,2.546682251703777933e+00,3.743463219107006079e+00,3.201070122131728368e+00,6.426824163604458739e-01
3.633428955078523148e-01,2.377392804539283588e+00,8.358918760761510081e-01,6.138267215566339807e+00,4.321637908852121512e+00
7.513141466645461009e-01,5.144900301549684141e-01,4.824562992317929400e+00,1.513653071514909687e+00,6.544098192621151000e+00
4.285398726641841960e-01,2.979922293843880188e-01,7.698704228005877059e-01,4.857356214678234529e+00,8.297894374013862873e+00
4.740351169800361419e-01,3.810909815140176793e+00,1.317719196850739793e+00,2.317938576516050286e+00,3.209703714346618497e+00
1.533318039504703467e+00,1.439644421719097345e+00,3.539294099721303599e+00,2.263755711306719931e+00,4.646232115187278744e+00
1.244487098077770026e+00,1.304584071048646265e+00,1.098346429622791165e+00,4.125387246387494322e+00,7.107195674032865895e+00
1.339481624796912573e+00,1.267492437717510745e+00,1.323560517357934785e+00,6.440218234972933331e+00,5.161114726283090093e+00
1.178247358764195063e+00,4.371121382952847245e-01,3.617075144753015614e+00,1.599672421132737998e+00,7.536833262127275113e+00
9.167980831903552730e-01,8.801115503613947677e-01,2.630823364147034216e+00,2.278905402682128933e+00,8.783643579367426568e+00
1.347582307974307447e+00,2.065549637442795294e+00,1.859426983752728635e+00,4.952950508945034080e+00,4.518089551803162074e+00
8.127422310070345768e-01,6.551640232766554606e-01,1.812939899034314628e+00,4.453929511861760560e+00,8.076825072892287238e+00
9.441123017482674351e-01,8.609796114341202733e-01,4.047519186390878154e+00,5.711747190471164970e+00,3.277689373451452060e+00
8.085135453655841742e-01,2.596126566303637695e+00,4.063774334838179847e+00,2.535540261891865654e+00,3.367573830747291108e+00
4.009012832579720853e-01,4.228782371667043627e+00,8.132509424192424508e-01,1.449445610814606766e+00,6.231268010460094819e-01
1.707890397536479643e+00,1.992094225765082882e+00,1.969994871181261153e+00,2.748927952900980465e+00,4.133184120225084968e+00
4.131111843586785515e-01,3.818232468965233828e+00,7.841360715472263099e-01,1.013373680854505743e+00,4.918174245871440142e+00
6.149703175120641019e-01,3.574705019080443691e+00,1.689708475336719085e+00,1.445006273227321003e+00,5.500002747218872834e+00
1.763460539617972334e+00,2.888564476272187154e+00,6.393202061862511831e-01,1.481155358395410460e+00,1.861538590323752018e+00
3.956139654329507982e-01,4.034999215848455556e+00,1.327154995540021476e+00,1.381130362612835283e+00,3.189232526057742767e+00
5.789325113852834548e-01,3.660955986923628558e+00,1.250946596970107461e+00,3.712367313671179669e+00,3.536605055786825158e+00
1.211120156510310686e+00,9.678734775960163850e-01,2.726208766829868679e+00,6.482113220941744025e+00,1.627251525636635332e+00
8.194849575358946758e-01,1.175516652611430235e+00,4.444773742367632785e+00,4.696415295725112848e+00,4.444996007723555742e+00
8.448058104228755028e-01,1.589553131677253095e+00,4.413452590736872239e+00,5.212589576186310580e+00,9.396774748966806312e-01
1.774961734133784219e+00,2.544579199312756668e+00,1.604306151945655401e+00,3.427373171962682541e+00,4.405882279352107966e-01
8.086079983336419419e-01,1.393684360413934620e+00,2.297767958282366685e+00,2.287368652683761550e+00,8.505137513607756716e+00
1.278247295383083015e+00,2.557751561643574867e+00,1.664533863694044324e+00,4.509543924378783153e+00,4.574109280954734125e+00
3.687098875139896981e-01,5.757493419162358350e-01,4.595950604164851239e-01,6.331693951314949942e+00,6.966311112772844538e+00
7.862794893088517201e-01,1.726791292670096567e+00,3.109587982123338090e+00,1.907692232149647449e+00,7.536964580670304059e+00
3.623490001414495509e-01,2.377373536480400062e+00,8.354267541742839143e-01,6.139042738513594166e+00,4.316231253893926478e+00
2.893741303089105155e-01,2.480289872517487559e+00,4.427485654679848892e+00,2.538363425269738016e+00,3.538281815863264512e+00
1.249831257070847634e+00,3.864309219679467056e+00,6.495480592169773360e-01,1.854355429643322006e+00,6.932010326848550008e-01
9.111467038000720109e-01,1.511510794383503331e+00,1.029882060646240438e+00,3.378669981348770168e+00,8.817961933926117268e+00
5.284101523921195254e-01,4.034777373553314561e+00,1.819346934963984364e+00,1.085549585079036650e+00,2.081571595257779794e+00
7.437331730856603373e-01,1.341437011586367856e+00,4.084431366684669662e+00,2.076215946361669840e+00,7.489769884101386666e+00
4.128882777541121873e-01,1.954528694901635610e+00,5.388550259433740663e+00,1.654682051553988842e+00,1.648384603475918642e+00
2.766210512942347544e-01,1.775970554826325598e+00,2.388142794773175037e+00,6.953462507870074916e+00,6.880748740335138613e-01
2.796750971169386646e-01,1.855120080594980347e+00,4.583851565038831843e+00,1.654993142468990097e+00,5.088492025757723525e+00
6.330638022346247729e-01,1.326489426754060563e+00,2.349494440106477011e+00,3.208577598572661671e+00,8.772422697930545965e+00
1.253238114988876495e+00,3.321296021223892669e+00,2.799950248987150836e+00,1.705473550520478332e+00,1.408820304984651273e+00
6.333764341916016116e-01,1.466957816505982226e+00,6.074601731393255655e+00,7.110956058104953570e-01,9.137278598821354514e-01
3.521008403717288404e-01,1.945769784285153792e+00,4.611113548462637546e+00,2.311312998746322567e+00,4.679700747602905331e+00
1.245965789372518007e+00,1.145498942682044774e+00,4.249192501343117989e+00,1.884284740305109729e+00,5.611258422372347177e+00
8.997884659504001847e-01,2.991994099178709732e+00,4.011687706192752501e+00,1.723413869838106738e+00,1.925059983289854504e+00
4.687905002414384792e-01,1.680022436967006261e+00,5.939027197059222551e+00,1.838330151352105091e+00,1.261673364844551504e+00
7.834757166790572436e-01,2.025516865813364653e+00,2.166694781815067472e+00,6.265574035927837571e+00,3.842517119214666543e+00
4.475921719233705853e-01,3.598160112968962210e+00,3.330982818631303743e+00,1.745568940656429646e+00,2.639352123058125610e+00
3.359794921806174561e-01,1.752068072703999890e+00,2.176397211560988421e+00,6.419291959465805775e+00,4.419855938514633209e+00
1.127900905221681072e+00,1.003880707154294338e+00,2.595793846690538142e+00,6.690164584296700134e+00,1.667665036330160167e+00
3.392363320640726654e-01,1.508552916496732399e+00,3.126544514446448986e+00,5.881120409216536338e+00,4.769902956140050776e+00
1.536395398770538989e+00,1.678093323705089901e+00,1.337362724982577689e+00,5.318448120459764894e+00,3.172051459138644613e+00
2.359315171817208678e-01,2.133486122725691381e+00,2.573971036821840030e+00,2.161267641720771238e+00,7.716071523942962251e+00
1.008286093977998288e+00,2.183338532381577046e+00,3.584026107438395670e+00,2.219139584192791226e+00,5.793610747861046129e+00
1.462957422438437183e+00,2.922305141013865182e+00,2.209547324969212134e+00,2.165468190013089433e+00,4.753106023632240884e+00
1.124746570168123405e+00,4.372191955084505088e-01,3.491794823785217439e+00,2.140330440610167084e+00,7.508499548360145326e+00
8.172375543984440327e-01,1.362361581831868174e+00,2.628064945333920654e+00,6.806122550722452758e+00,7.093199886252732345e-01
4.014133816131207899e-01,2.943358592213307201e+00,1.950670448799834977e+00,2.077533874856320573e+00,6.386547366710814799e+00
4.974263081041240264e-01,1.293025745798285886e+00,2.318110223950561544e+00,8.460693875988193335e-01,9.058963632327975191e+00
1.660728335560815561e+00,1.698614265338454832e+00,2.167327288863333035e+00,3.298250594348609566e-01,5.306285445773820442e+00
1.347002910136395393e+00,3.063081363380411482e+00,2.611052447435786572e+00,1.506904250203119799e+00,2.755163296719716381e+00
4.520818799395720511e-01,2.762863899607750362e+00,3.022251251745005973e+00,3.491213457815225407e+00,4.951788271557809651e+00
9.217096507785402792e-01,5.892077541605567070e-01,1.713919539538678816e+00,4.425697892327510985e+00,8.047343540038735199e+00
4.969266951434649360e-01,4.945616322894346162e-01,4.078089541174505506e+00,1.585387109075344414e+00,7.713836704532300637e+00
3.574958034778548122e-01,3.141243628139608113e+00,5.103238055032208731e-01,1.514142326391729743e+00,7.173408616880928790e+00
4.269318164249240044e-01,2.686978969402360473e+00,9.835608573905380014e-01,6.611017359330902288e+00,3.242437005217990720e-01
7.926609379254627719e-01,1.518656795514255586e+00,3.553175708370955199e+00,1.522203652425328624e+00,7.111109962858059852e+00
6.420872300500544139e-01,1.695877582117974125e+00,2.749793978191531263e+00,1.576830137096843831e+00,8.249113637321054071e+00
2.002267565155514628e+00,1.640909210303617805e+00,2.324701866930482197e+00,2.134110803975189707e+00,7.030873870835667727e-01
8.175353120132271556e-01,1.195274058602790124e+00,2.005547079513381625e+00,3.805951905593644824e+00,8.215876731650318732e+00
2.750638443671315492e-01,2.585751870659608098e+00,3.947115935548652033e+00,3.228253815165084362e+00,3.946321474427864739e+00
1.121782274509451671e+00,3.216832255316539602e+00,1.914325476851630903e+00,2.385932637359006403e+00,4.700701842379544360e+00
6.329574458835309780e-01,3.303474185982608446e+00,2.237427811211974316e+00,2.454065256302555564e+00,4.762615772564763539e+00
2.396022757186987984e-01,1.797544869108443688e+00,2.491050757556489526e+00,2.173154920129355627e+00,8.269058812947010395e+00
1.171317289341378576e+00,2.434688722923676441e+00,3.616527390795317931e+00,3.060210588105869878e+00,4.003427342906746844e+00
8.594745564042337582e-01,2.992239420865689947e+00,2.584395578538818850e+00,5.391193495829303295e+00,2.141560980956709326e+00
1.447899303683067185e+00,1.466070179723580669e+00,2.876353419435927261e+00,2.453385035624333188e+00,7.082357000893685139e+00
3.322722756084967588e-01,1.571475671248799166e+00,5.202658346349178231e+00,1.661170419043590307e+00,4.353366600226602046e+00
3.376744466032842729e-01,9.926449722094088379e-01,6.233710432543220215e-01,8.194811079170655432e+00,3.514687709812493455e-01
1.603239415048262950e+00,2.342924759071507879e+00,2.742098812301929645e+00,3.966578452437127034e+00,1.402349586897408296e+00
4.103862282368003211e-01,1.475804966498890813e+00,2.883639170218634362e+00,6.188874999078277206e+00,4.801689050353541433e+00
3.959720574872800380e-01,2.742716820810731537e+00,1.462714164473982947e+00,6.347178923287923880e+00,3.061449252267437471e-01
1.290173440112788672e+00,2.969610910599639109e+00,2.493670953827081149e+00,2.401259310714718875e+00,3.334077957293963834e+00
1.407111254047759274e+00,3.970154085655970277e-01,2.869877353282496379e+00,4.009877773939897416e+00,6.268462559461829287e+00
7.783841272140959999e-01,5.196752581009600469e-01,3.731375585477183510e+00,1.841360589507449408e+00,7.676409221859546328e+00
1.231916144915732758e+00,3.191277535682729982e-01,3.085843291036205471e+00,1.122776786980364871e+00,7.719846824895906678e+00
7.120069703586813237e-01,4.959280833465571359e-01,3.445900444089727177e+00,1.027202303156750096e+00,8.398990184775719570e+00
3.338028437166492557e-01,4.121406355426792345e+00,1.522309482995016783e+00,1.518227511029048848e+00,5.945507044137652297e-01
3.014864469972085015e-01,1.999435727331935642e+00,3.146358558311732168e+00,2.881016810513195026e+00,7.272111222223757387e+00
4.558499140406712669e-01,2.231850418791242685e+00,2.796310325011225117e+00,4.192013769274735679e+00,6.480942886145090398e+00
4.497332778020753929e-01,2.759105632335362657e+00,3.527203009128720534e+00,4.020516400444209992e+00,3.090986629476845771e+00
2.376409281789716443e-01,1.223816318125670932e+00,3.369774151870588152e+00,4.020346067563400183e+00,6.604700962632613859e+00
6.997474298901373846e-01,3.323435938317836680e+00,3.673888306410186821e+00,2.755615099216353059e+00,4.954921436994951245e-01
8.256663593487959529e-01,2.002051348610300430e+00,2.191877685824302091e+00,6.288487154943269708e+00,3.632681242676537359e+00
1.754842986589901344e+00,1.665265451266678465e+00,3.635304524246262936e+00,2.674572546953950969e+00,3.283913073479475475e+00
3.142923990534204348e-01,2.592267434975870088e+00,1.232599912271375109e+00,2.414267486368652627e+00,7.909126658890445860e+00
2.620827017657149649e-01,1.840175388826008840e+00,2.286115625440086951e+00,6.957791474959750033e+00,5.570729742650890604e-01
1.102032466099325259e+00,3.223202691930559638e+00,2.774767477903101742e+00,2.656712992320950484e+00,3.605404493039656266e+00
4.858448655708503816e-01,1.021258214424489941e+00,1.065448331274963190e+00,3.485159017081535193e+00,9.128173149729667202e+00
5.516786063221532643e-01,2.926054892881066571e+00,5.353975773311435704e-01,3.133014592074798266e+00,7.057612887838176086e+00
1.220960301057512742e+00,3.516175495611034041e+00,8.755516730114265567e-01,2.785076715369194211e+00,3.211853325105903156e+00
3.157789925085406346e-01,2.899863700371674291e+00,3.684218082982849030e+00,2.165429122568175657e+00,4.556909033810878640e+00
9.026186214947733433e-01,1.673190768987777632e+00,4.321623335971191082e+00,5.237989890506717039e+00,9.548054668084513530e-01
1.692499398049601922e+00,1.643367444774782360e+00,2.169889380984963978e+00,1.367489618949798702e+00,5.517609017936523585e+00
1.618090553114999608e+00,3.760067923179855054e-01,3.447814393163694202e+00,1.576560832626426656e+00,5.920560613712239295e+00
1.502773508196729280e+00,3.022115734815649102e+00,5.155882798025905878e-01,1.612246669451774750e+00,2.034522732317858740e+00
4.655388591598662584e-01,2.869506176641599460e+00,3.839193045331326548e+00,2.546407604243348999e+00,3.706125057543437240e+00
1.257615000500959201e+00,2.679556308704821976e+00,3.640555325644977192e+00,2.477972236730132671e+00,2.336388280337932333e+00
1.299985027780903524e+00,4.835267996751200226e-01,3.945977303454439422e+00,1.502474537655895004e+00,6.689519736786527560e+00
3.753170020849788124e-01,3.092264549581523525e+00,2.059877792632904381e+00,2.188885825590220602e+00,6.288949458499133449e+00
1.327074775119526429e+00,3.617964239620157230e+00,5.841144321477140799e-01,1.782529875116307672e+00,1.389412261793164571e+00
3.898510757554557449e-01,7.498922767474625051e-01,1.306439607613189668e+00,2.241336021637936771e+00,9.602335546068083261e+00
7.283022039229589684e-01,1.220361372134700417e+00,5.243644047927721985e+00,3.664513961691141741e+00,3.156992455250937191e+00
3.928938985100855485e-01,4.062508630316534308e+00,5.936794589572785830e-01,1.416115511507564761e+00,3.531406327201514816e+00
1.412808947129084780e+00,3.424318370935172329e+00,9.414358137473954891e-01,2.102166901560155843e+00,6.128742598764352900e-01
1.137974981556757470e+00,1.724101847687160571e+00,1.129672942704286420e+00,3.157184247876874128e+00,8.296578149270526836e+00
2.966029533120496109e-01,1.563768959739445519e+00,4.432498250939249096e-01,8.419306756217468379e-01,9.704387748102156763e+00
1.332134608250391317e+00,1.939369657830800175e+00,4.282307694045244695e+00,1.400061254456957283e+00,3.067944546665918981e+00
1.360001385658654804e+00,2.640914845158091495e+00,5.385389129130524477e-01,1.311230820352093485e+00,6.456917780204341817e+00
1.526784243691682086e+00,8.259222697606167785e-01,3.108767930122546819e+00,4.941004894852544460e+00,1.764134217800114701e+00
6.041669317012144935e-01,3.695968872033885688e+00,8.623377453077369914e-01,1.916542365450367047e+00,5.650049114984110332e+00
3.829170078680310119e-01,2.991451080958469344e+00,2.985151578039250353e+00,2.867939115238307135e+00,5.354306565603029533e+00
1.818124988401971676e+00,9.912245391145877438e-01,1.800484611732534601e+00,2.282243598090983649e+00,6.128788742786780652e+00
8.373073130702655131e-01,5.935310158730131569e-01,3.921636546589933214e+00,1.421695694042136804e+00,7.830320402287477499e+00
1.219547768882013994e+00,5.527522315162932687e-01,2.694126257578373540e+00,3.703133910807264950e+00,7.753847538165855369e+00
1.034605400026943123e+00,2.095741881644421323e+00,4.525211276807501903e+00,3.297276484640742300e+00,1.424013396073017468e+00
7.025728155025457999e-01,1.925892474541523791e+00,2.578705375321854287e+00,1.083281096021092127e+00,8.093559082963009743e+00
6.830668519032023767e-01,1.834589173569792564e+00,2.347653618613970483e+00,6.024654731315845169e+00,4.575897596313284410e+00
1.698310135770700446e+00,1.656847141767299192e+00,1.365953007458981849e+00,5.271838977157996098e+00,9.191493910661594491e-01
1.237675974777743715e+00,3.133298083924889177e-01,2.960777625041833172e+00,1.505073197821856112e+00,7.713709187140584511e+00
1.575532468310313350e+00,3.750402501127052535e-01,3.597356625790503859e+00,1.576360798061047674e+00,5.920379566270415062e+00
1.324741568095046063e+00,1.830216741554662185e+00,3.363538830478665087e+00,2.181295501698443662e+00,5.905985167016514659e+00
6.032763677002623837e-01,3.887536730931118178e+00,7.429616477713594236e-01,3.004903130480054863e+00,8.622492272237940458e-01
1.197333250444403419e+00,2.821490403094031318e+00,3.700937464695566170e+00,2.344127783646440921e+00,3.644604941552677113e-01
2.333187220473585122e-01,1.435982597006385308e+00,2.769626578232076142e+00,6.873147859108334146e+00,1.648162139326585063e+00
6.060249316617464244e-01,1.313536935291689467e+00,8.187263456926783256e-01,1.304288774205605739e+00,9.718234940037071112e+00
1.371808971504786090e+00,1.670600614983229093e+00,3.514840810717731578e+00,3.554752148770858433e+00,4.430701468584367753e+00
5.520356875431957633e-01,2.092695223064061416e+00,2.314570238287511295e+00,3.454490403307498347e+00,7.691032808180380265e+00
8.292289259717703365e-01,2.415185811144988204e+00,4.458600762168054565e+00,1.524217969698519859e+00,3.881842752354312864e+00
1.513137235885859466e+00,1.137830013651647043e+00,2.473181686398234991e+00,6.157903628116487837e-01,7.055413829665127423e+00
1.170488890141061944e+00,3.404802290489172378e+00,1.808322836199425687e+00,2.263500849283141658e+00,4.614078742988962922e+00
1.314098488464798598e+00,1.594620095541452898e+00,4.007986705435907737e+00,1.252218182170833582e+00,5.397324683726854033e+00
1.110560456667531559e+00,2.426096630218088634e+00,3.215059940141272499e+00,2.936693099221174386e+00,4.790317811379884105e+00
2.990630263345699924e-01,2.500817707368268472e+00,1.531289948887450958e+00,6.486901618476382581e+00,1.744830382822406323e+00
1.508219092718892096e+00,1.356443718543981714e+00,3.677030605362451965e+00,2.596290085813936610e+00,4.415527074466305990e+00
7.122813663710045873e-01,1.686802274831517012e+00,2.104569407874323339e+00,1.905792127913420897e+00,8.934197176120749262e+00
3.338892930232191802e-01,1.138571451496955378e+00,1.573429169799964500e+00,3.480273116690378199e+00,8.867487549716040363e+00
9.874479899471678701e-01,5.317123613291026007e-01,2.892759769300986772e+00,1.689549172097001284e+00,8.199353477945747315e+00
1.398158543114110142e+00,1.325183981580799530e+00,4.053506735543954242e+00,1.922873032696029716e+00,4.823975800514642920e+00
3.560594421461830139e-01,2.094682034420574546e+00,1.273184959169688213e+00,5.631090229193940644e+00,6.263006311479707655e+00
6.650447019622605094e-01,1.499308444889294822e+00,5.551490681228953505e+00,2.254678622009190114e+00,3.663564121548151586e+00
1.495910040825566334e+00,1.420427176354969845e+00,4.258610433047952171e+00,1.464851854849379631e+00,4.488031467917750206e+00
3.564043644152422030e-01,2.679004718648819061e+00,1.499185758421416992e+00,6.553185190782447656e+00,3.411667815070251741e-01
8.102373233652611084e-01,7.351117356055930641e-01,1.397322705454167036e+00,2.381936711022619058e+00,9.567562664798012761e+00
5.278683558218402183e-01,1.090680851736097523e+00,1.216568680285951221e+00,1.209344627582328968e+00,9.768025287779142474e+00
5.319164211876148407e-01,1.126775150545504367e+00,1.064140442367430994e+00,1.198655485912934582e+00,9.757336146109748753e+00
7.544302245524903139e-01,1.264604172860645637e+00,5.429481421292921439e+00,2.161467789680013407e+00,3.580639345358828773e+00
2.004936388698353333e+00,1.314920007772610422e+00,2.681612619923847696e+00,7.201249873734894003e-01,1.152193147088470315e+00
1.140740216722230249e+00,1.795503119244960200e+00,3.633560006975145473e+00,1.294599859754042903e+00,6.334671635964949310e+00
6.307870926229328656e-01,2.383757898706293954e+00,5.449358681603458265e+00,1.722356143560869635e+00,8.149323175548551790e-01
3.787275276462248597e-01,2.082315944687343379e+00,5.067371096853252155e+00,3.261982007051400068e+00,1.591413081518361361e+00
1.121239976419879936e+00,1.647268912225117621e+00,2.650325736457086023e+00,1.421431706836675080e+00,7.736765560293309640e+00
1.299675706241391282e+00,2.261069027252881281e+00,1.109320847791352094e+00,1.198816845784989926e+00,7.161199842334336374e+00
1.161729454826971875e+00,1.556725756717342923e+00,1.568161513762151182e+00,7.062892850126903710e+00,1.701340438127425525e+00
5.104764276855573435e-01,2.186211015253086920e+00,1.943612337971410309e+00,5.964426514447081829e+00,4.785729806145770482e+00
1.450101078611155003e+00,1.378209764223012446e+00,4.089556218953307898e+00,2.934067075740889319e+00,4.373483085183596408e+00
5.750947313609130473e-01,2.850928374579824176e+00,5.541389442086124273e-01,3.049117230704439852e+00,7.414886414168962325e+00
1.519338691709265277e+00,1.708186533381868433e+00,3.778421996398721117e+00,2.946271651125742519e+00,4.020528361993787492e+00
3.990519972002692373e-01,2.483241368110192582e+00,1.476704067744718518e+00,5.330667318966503032e+00,5.362122057692062960e+00
1.040654949833294429e+00,2.959693051088803095e+00,3.833853270944502345e+00,8.427515753504452034e-01,3.332179193985684851e+00
5.552286048629249127e-01,4.473472420656016135e-01,3.643841089925916599e+00,9.678844122481800039e-01,8.120299282993215684e+00
1.154676381750754377e+00,1.384964986069458615e+00,2.877749935423297156e+00,6.032445672323482277e+00,3.318034690687544863e+00
1.488116063808651246e+00,1.282554249102695332e+00,4.128784590199674476e+00,1.600311183989701069e+00,5.085552496310993043e+00
1.538520357537493943e+00,2.064423345149153377e+00,2.163690656008248059e+00,6.001701207154948037e-01,5.087479595786624564e+00
1.079287195913779751e+00,1.223350883851023863e+00,2.518805106580384923e+00,6.001878669317415316e+00,4.765819730796680531e+00
1.077962307365467165e+00,3.152858017954210279e+00,3.296829063918313096e+00,1.789142670903679733e+00,2.920861485466319518e+00
1.376308173822951897e+00,3.287934385352252242e+00,2.940367113549928746e+00,8.198238275182464507e-01,1.989229115322199259e+00
5.477418659373854970e-01,1.197095673015864614e+00,6.103618575472774310e+00,6.717392625309184240e-01,1.555401500030085149e+00
8.146893019972542005e-01,1.392207202676515099e+00,4.153225847803687643e+00,5.461413996755759115e+00,1.670603037766069221e+00
4.998850793339075782e-01,2.551050342820453842e+00,1.541122161569259186e+00,5.998309258164385760e+00,4.085434728777252111e+00
3.047556954170970167e-01,1.460149764076857259e+00,5.222536213523186532e+00,2.338846445567960064e+00,4.399102217662738568e+00
4.906653484506959817e-01,1.140893476451068089e+00,1.205048993656527401e+00,7.568409541183191536e+00,3.230006162789224700e+00
8.351234930426786329e-01,2.306724492754860023e+00,3.724244283599752237e+00,6.681203340721471040e-01,5.950677132417235171e+00
8.152154048306560208e-01,5.751765207748842368e-01,2.178711795564498566e+00,8.363880089986335253e-01,9.343492564680545343e+00
8.796837967571867756e-01,3.548564269375852565e+00,3.523819944895010714e+00,1.970431212037444091e+00,2.754421058287459978e+00
1.266099154920145686e+00,9.458979716323971942e-01,1.454720362597545336e+00,3.659132381172087722e+00,8.144602282248152747e+00
4.692810980674841370e-01,7.161255730014410847e-01,2.414328503864613396e+00,1.246750309727471695e+00,9.550623090078842026e+00
1.693949053331299304e+00,1.664237957603878160e+00,2.380145926641058729e+00,3.718456827100004580e-01,5.352942787415115866e+00
1.110846692506841205e+00,2.416899042761849525e+00,2.097213665729217080e+00,5.412109105391043506e+00,1.717001492282841824e+00
7.226542932961208532e-01,1.208882857470426009e+00,3.017680192112545345e+00,5.237254915144271550e+00,6.223475334246970192e+00
1.440482512830449258e+00,3.399145394502075312e+00,6.308896698271890813e-01,2.271990240739338418e+00,1.053698867023342700e+00
3.766985829878771730e-01,3.589449870084547189e+00,2.392495118043623581e+00,2.525187352438540422e+00,3.700815199458171278e+00
4.705917732027422029e-01,2.254933038108029031e+00,8.960683251970754659e-01,4.753577870475660383e+00,7.157406301241288737e+00
8.641565116892433451e-01,2.639566276509047960e+00,3.229566185767844821e+00,5.013423310539570910e-01,5.696626755205761228e+00
1.420572876836671883e+00,1.511484177265860263e+00,3.736167358394353766e+00,1.437585511561235485e+00,4.496447641669940154e+00
1.435367405631374549e+00,2.048960374389872996e+00,2.386827412139326920e+00,5.186251327248695198e+00,4.925916826646397517e+00
1.007146222026056304e+00,2.572026583087059226e+00,1.593360801192344578e+00,6.061860201929734515e+00,3.002642442509193099e+00
3.064917511288869356e-01,2.997200651304404495e+00,3.529254757824705990e+00,1.873355666672894992e+00,4.740185592406392701e+00
5.360571351344645130e-01,1.228709219450799583e+00,5.988925196376132298e+00,1.549906149544664213e+00,1.533093304788891054e+00
3.663594610844499999e-01,2.362970103698249780e+00,1.072560561015670100e+00,7.035899848149043123e+00,7.747015797050275099e-01
3.900448507979196178e-01,8.676739578049463830e-01,1.666728567774709013e+00,7.804344788244368836e+00,1.490839796435017517e+00
1.211360697352180882e+00,5.483718954618399533e-01,1.984123975409563867e+00,2.173210158331792208e+00,8.469002871718343428e+00
1.419534292903261719e+00,8.762339459193437818e-01,1.796272622288254128e+00,3.935278794562110161e+00,7.111078008379362103e+00
7.507797602414270077e-01,1.319579916817984699e+00,1.214162166877792881e+00,6.347449149384731815e-01,9.771028170269243418e+00
1.441511525427672691e+00,3.081964273720881664e+00,1.760288923619615531e+00,3.295533031230402532e+00,2.090985511939662533e+00
3.749824177907366551e-01,2.051256311782922559e+00,1.223282743553101071e+00,5.418648478789203082e+00,6.342769539531694534e+00
1.184053997422755966e+00,2.472947472625730114e+00,1.678158254712059705e+00,5.648400040523372745e+00,3.609368868669702746e+00
4.109590821544766293e-01,3.356048287529303398e+00,9.568164146705773199e-01,9.722690923434280652e-01,6.672289825291082721e+00
1.252892698923760761e+00,1.475230196700417773e+00,2.570805374564316903e+00,4.382502169225994670e+00,6.833027813958056917e+00
5.720177163314237312e-01,1.119406579306408966e+00,3.916811174150566899e+00,5.876643238241006983e+00,3.972267542682935915e+00
5.692830185408948029e-01,3.590238741260734390e+00,2.073692329105634613e+00,1.115486865842973518e+00,4.487518410458505080e+00
9.306188785703239930e-01,2.139015747059036077e+00,3.315847305354689301e+00,5.877872210817893794e+00,3.890476702089713523e-01
5.999902853504308631e-01,7.093443789670870192e-01,5.842830744841726043e-01,7.469343311430294285e+00,4.429657059497908556e+00
6.089856221565510541e-01,1.160597194702257973e+00,5.661170230632046607e-01,6.357382081277760832e+00,6.481067120443167795e+00
1.345595841452984942e+00,1.617795231115247701e+00,4.246913519608185084e+00,3.279551510574190143e+00,4.089861652018696780e+00
7.298077183643469912e-01,2.801800080192667242e+00,1.824148879179608773e+00,5.671516901008144984e+00,4.061029519032393509e+00
1.127089461564720230e+00,2.247327260739024446e+00,5.401325660443820897e-01,4.948082196039537806e+00,6.163655732814728339e+00
1.554237174670530131e+00,1.570933207382181118e+00,1.996835561671854498e+00,1.726221495855685184e+00,6.482457403288456987e+00
1.099414684194562897e+00,3.404830497582317150e+00,2.636041834940936024e+00,6.769212218004856396e-01,1.578819790425001202e+00
8.176711892528016890e-01,2.133804362336769955e+00,5.015646632529914051e+00,2.166865358268672548e+00,2.111676200866912989e+00
9.644716823896750668e-01,2.864636118716850977e+00,3.892269781737102807e+00,7.221238896041813904e-01,4.350831979379077730e+00
4.977721419829088667e-01,3.640405041109492590e+00,1.721808100213083170e+00,1.782639685896439286e+00,5.603820866438592674e+00
6.210297057914589969e-01,1.277484517249004803e+00,3.495624463672069915e+00,6.437577011793456094e+00,3.006248424719912382e+00
1.950002906625989185e+00,3.970221706188646338e-01,9.017403198944011766e-01,2.262018950586148325e+00,5.935704414987139188e+00
7.408641577738552808e-01,2.016340802693942447e+00,4.808612146490857775e+00,3.043795101965304006e+00,1.642554397423712009e+00
2.427491739151362016e-01,1.624513332108417751e+00,3.156763108140506979e+00,6.530563243141258134e+00,5.778048375715906237e-01
3.303168164921692629e-01,2.131711033688831858e+00,1.334448797160611155e+00,5.929156033175879692e+00,5.355161719616075011e+00
3.452491726822796703e-01,2.645386917338662602e+00,1.546135803034030642e+00,6.638690953955933338e+00,1.035283614466314006e+00
9.496906428950433465e-01,2.797594834980092315e+00,3.482566951176453873e+00,2.999096771382711690e+00,3.109564941683067296e+00
1.471235217319621480e+00,1.177132745849823303e+00,4.551456570521644096e+00,2.008253348560152585e+00,2.688605785494538214e+00
7.874822216835209998e-01,1.445349324523314882e+00,4.508663666575105644e+00,5.202521579423193820e+00,9.753511347634142847e-01
8.052262867447625982e-01,6.009118276931741942e-01,4.724549698619976645e+00,1.859522243750826753e+00,6.704232949010158649e+00
2.611068591879526779e-01,1.211945410546313662e+00,2.717716572222040217e+00,6.330832106918957258e+00,4.473057685643963666e+00
3.324417948873306661e-01,2.223391072075782571e+00,1.522266071516551245e+00,6.968026202714113104e+00,1.537994316610808543e+00
1.317949411174748953e+00,3.845771918433090963e+00,9.270285146221680650e-01,7.072859142017573486e-01,7.232715661939455032e-01
5.856228352159373873e-01,1.237619084017509641e+00,6.177242379194750832e+00,7.097658941892512896e-01,8.086954972102948780e-01
1.223197949535280271e+00,3.793245435713597846e+00,2.020934154872989108e+00,7.090510938543348463e-01,7.222334581890699212e-01
7.556047999313506569e-01,4.921202893102551990e-01,2.293207043725777439e+00,1.029093848456010152e+00,9.340556617256631000e+00
1.051659201277069577e+00,2.448814658387886922e+00,1.569285137069320157e+00,6.252179614387701756e-01,7.383770654836591341e+00
1.322662698144952520e+00,1.598255344537679923e+00,4.495032304557885716e+00,2.517552387010062898e+00,3.501668662523278464e+00
1.272253329365377716e+00,6.353832344914868147e-01,1.041199091942966781e+00,2.835475588159762861e+00,8.776370302135493517e+00
7.993552041639471195e-01,4.071081838537823350e-01,2.935840158545043987e+00,1.123172706028440881e+00,8.703981069237316959e+00
7.047614637764796353e-01,5.028848987102400026e-01,3.386747412516724065e+00,1.161101083980697446e+00,8.528907339969190815e+00
9.054777511140839064e-01,3.099925609877562938e+00,3.974890389612179220e+00,3.942578130900583067e-01,2.122948371596452333e+00
1.369580330705823634e+00,2.911906377722412120e+00,2.880356010087349095e+00,3.521049199507779726e+00,1.356973572632834468e+00
4.320985081562785934e-01,4.119009446704295918e+00,1.115448732817509558e+00,1.029825371031653836e+00,2.921679507448183610e+00
1.024222570365640683e+00,3.092413366151919529e+00,2.378174659381257161e+00,7.205840490610576632e-01,4.863497651049578430e+00
1.182040412438320587e+00,3.415353962469938498e+00,1.780477601042406599e+00,2.933212431368298567e+00,4.624072913538483931e+00
2.628686317381664361e-01,1.856836303882203554e+00,3.652861715879875515e+00,5.745367512644663499e+00,1.664486749171684377e+00
6.493231316363687888e-01,1.466575449321052105e+00,5.483686604116125629e+00,2.566266213569697197e+00,3.653529773054484675e+00
1.576695562086461999e+00,1.322933030620446537e+00,1.032420139500620060e+00,2.930199748273275340e+00,7.349527995005936454e+00
4.292760198904814750e-01,1.817152966552296078e+00,2.453160806971039332e+00,6.832068190267150065e+00,2.674866947635254455e+00
3.421124616172914190e-01,2.462755350033391633e+00,1.489874839629705461e+00,6.627979396021797420e+00,2.199741353830647395e+00
1.312669291659018578e+00,8.707164040524113524e-01,1.118657999309360829e+00,1.032155114379211369e+00,8.824612004338602489e+00
1.308818628681807317e+00,2.445552708656371088e+00,1.946854790182399819e+00,5.132734906417054432e+00,2.071305571905174503e+00
4.976691278273174812e-01,2.229585667567026697e+00,3.811384031860975075e+00,1.622537602284001235e+00,6.785827581556906019e+00
3.488229387282444360e-01,2.297682365488655343e+00,4.803212761688628873e+00,3.240592887035608438e+00,6.291018456798582736e-01
6.380981233346015857e-01,1.758508482205312751e+00,3.595742298675502990e+00,5.730995026731029007e+00,1.632451042546664288e+00
1.351402072029931345e+00,1.187415791487827610e+00,3.500228041155001968e+00,7.198658234560200153e-01,7.314844381468570411e+00
5.262774734697110990e-01,1.076454732378757662e+00,5.448572634418352045e+00,3.982183016319848168e+00,2.008050560883512414e+00
3.492327166879183320e-01,2.018121085803201709e+00,2.454827720685813564e+00,6.871420548504758585e+00,1.093068893760232196e+00
9.956453880018951708e-01,2.926280577049078513e+00,4.448477208593741850e+00,6.849131906128846925e-01,1.243378507579748105e+00
4.615520561632876495e-01,4.249434329580018321e+00,6.001231589152702384e-01,1.500511517718442267e+00,7.053941302778216071e-01
9.740244576089761575e-01,4.097048061930942175e+00,1.185231892821019706e+00,1.104588032342790349e+00,2.902066924895121414e+00
7.680712745776925310e-01,3.624791268098257468e+00,2.961719570128579893e+00,1.717880169326504003e+00,3.029669037928861108e+00
3.753218594464194924e-01,1.288666583142450861e+00,3.385821332896589819e+00,5.964473509490556324e+00,3.885209018609963483e+00
3.967925595634117508e-01,1.437130515826773758e+00,5.378659593751796919e+00,3.369444899254196990e+00,8.192525172345660467e-01
1.508573589550527227e+00,7.941808597815454007e-01,4.418130204634762137e+00,3.602514449408425801e+00,1.192391526912229160e+00
9.075777839520611234e-01,2.793081391493245746e+00,1.584596904083677593e+00,6.654570853615668913e-01,7.209794618935134736e+00
1.552220783198811960e+00,1.752645862723304138e+00,3.666646000980027686e+00,2.706100500022215360e+00,4.575754627648636941e+00
1.174781353326098010e+00,3.972074490729756491e+00,9.180835065228597491e-01,6.798044119934019136e-01,6.763841095543153825e-01
1.213605581367886987e+00,1.535982019623344019e+00,3.760093206699404611e+00,3.208255755050819946e+00,6.532188917177957244e+00
1.093176594218577824e+00,5.657032813436364549e-01,1.057500898022719849e+00,3.980012030168150083e+00,8.424850272446587240e+00
1.048123913018991438e+00,2.276719377713161574e+00,1.833113013430462068e+00,6.348965041698275691e-01,7.711043374515591964e+00
5.903330736944603085e-01,1.100064366245446790e+00,7.698774232597973555e-01,7.997281254078051127e+00,1.567477352439718530e+00
1.940318801998503817e+00,1.238640932709762943e+00,1.867475879107267200e+00,1.142055848859315548e+00,5.224927105696749230e+00
6.725292749209934584e-01,3.492363499032645979e+00,7.796123023872139068e-01,1.804468296193104448e+00,5.700824570597075258e+00
3.428497235651351560e-01,4.241239626364404103e+00,5.597024585445493639e-01,1.067513680189838610e+00,7.964860296884105351e-01
1.502602841831705449e+00,2.989706557175227708e+00,2.288995235124927419e+00,1.599316163597329865e+00,2.781616156122011851e+00
1.651213901790541838e+00,1.103534157946382877e+00,2.719405193768444473e+00,5.124967170023251306e+00,2.761645090854301543e+00
9.284346418833404613e-01,1.623504117449465989e+00,4.950117129363024837e+00,3.013335614420228570e+00,1.657507808333376076e+00
1.275912209549061593e+00,2.689695937240250689e+00,1.862092889543314644e+00,2.076472490859321063e+00,5.807137388419649326e+00
4.295356420954848931e-01,2.175520990315689573e+00,2.399333929289087841e+00,4.883145161141162482e+00,6.044402209146750415e+00
1.425852474257217173e+00,8.580764082712952767e-01,2.529957887355433588e+00,1.220973397389767401e+00,7.652167578636340117e+00
9.078796638586359435e-01,5.637816876155947732e-01,9.084623284918218467e-01,1.842565709083417547e+00,9.954957409456266504e+00
1.322114742878425897e+00,1.573011094663459897e+00,2.664189063295074433e+00,5.846575490619395410e+00,3.747576135003014564e+00
2.937552546489349825e-01,1.568020392062293933e+00,2.785117592799354114e+00,7.003348724528311031e+00,2.993624169990661277e-01
2.141651417063584750e-01,9.248387997704781149e-01,3.170787811575921822e+00,6.867566000668618997e+00,1.642580280886870359e+00
7.383142600072506445e-01,2.999874149947422630e+00,3.666810623502225308e+00,1.854784742793524899e+00,4.403483735845361124e+00
5.823809689856669358e-01,3.614462789650470853e+00,1.979152919781171693e+00,4.079071334127524651e+00,3.822725945740869657e-01
1.557253487734105768e+00,2.504194388553429462e+00,3.614491736365196051e+00,3.691547776948130632e+00,5.534530099010768200e-01
9.905729442280715169e-01,2.140898751937081013e+00,4.752866196036990232e+00,1.690296444598420988e+00,3.758558698424191213e+00
1.699531712470610412e+00,1.335400245452585732e+00,2.160995350282495675e+00,9.907030383703971932e-01,6.832837143925075907e+00
4.841690092282209257e-01,4.371021632387462330e-01,4.725244035984368374e+00,2.947812179761194251e+00,6.515796653581860554e+00
1.037801122168571233e+00,1.721165409821384662e+00,3.476542058475610375e+00,1.273173873802107225e+00,7.022982544916446912e+00
1.466170582392545274e+00,2.048567962112231911e+00,1.569676571923658281e+00,1.326175030450700953e+00,7.216895619035716969e+00
1.107141259918538179e+00,1.097431812552146724e+00,4.183075317368947665e+00,1.320725725085097890e+00,6.448841162519224568e+00
8.039654307046000259e-01,1.813183769119418143e+00,3.330772535904747755e+00,7.233786356039537679e-01,7.312428196060014152e+00
1.473169930442361553e+00,2.426967281713727331e+00,2.729124151376645546e+00,1.411851415168305923e+00,5.930194182517690926e+00
4.791055375813221273e-01,1.273836119547895995e+00,3.676408125222040635e+00,1.839585958654140985e+00,7.901734334480589261e+00
1.449430252553765897e+00,1.856916395484740523e+00,2.677107542619772129e+00,1.665976840292992645e+00,7.086437194482806845e+00
1.175509053751732758e+00,2.560890771642218233e+00,4.032140553621195167e+00,2.400367525265972191e+00,8.608106273445598200e-01
6.519535878130513495e-01,2.886076715354280786e+00,2.023814352471962064e+00,5.642178439514131227e+00,3.195830721519234974e+00
1.680853455232675486e+00,2.794672010709732035e+00,6.414784337866794584e-01,4.066079822707205693e+00,1.791684667407848819e+00
1.554142482590492147e+00,6.938859871484325259e-01,4.288890531684963037e+00,2.723689915023942643e+00,1.015719105480076712e+00
4.099318335542945224e-01,4.061204888756369868e+00,1.526345759871506225e+00,2.253264113759186227e+00,6.224871455814162680e-01
1.324697016011953554e+00,4.755085624152506352e-01,5.263709029453506716e+00,1.939889411687913512e+00,1.806342537727836373e+00
1.246637209918576517e+00,1.999359990068123594e+00,2.313641771464045593e+00,1.898867569433019931e+00,7.798431512273060306e+00
1.009805810042233798e+00,1.486681766684929240e+00,4.152979686771706369e+00,5.956099055884205740e+00,1.221829990358471729e+00
1.471476062175285371e+00,1.583671828431422401e+00,3.693306841190612921e+00,2.226224647367688103e+00,6.327958149654239861e+00
1.705557582672971417e+00,1.244648649169076693e+00,2.108685486918052909e+00,4.452647724512774907e-01,5.750178637016646555e+00
7.157866695250101330e-01,3.107710222892806406e+00,5.322417585640407678e-01,1.659557974448225393e+00,7.010180120160386608e+00
1.886300895666316535e+00,9.081305716432055419e-01,6.908106952565959968e-01,6.178965905187996377e+00,1.290301805908644184e+00
1.221677956418600441e+00,2.148698593961812175e+00,1.010148624433692355e+00,6.572098776391462671e+00,3.921832616554445927e-01
3.672874692610721414e-01,2.614870379670160450e+00,9.486941515325618690e-01,6.698625206375473873e+00,7.637158557583945129e-01
1.861189977244032123e+00,4.308873460078667672e-01,8.791629728327942095e-01,2.151197119143537506e+00,6.846174597373459569e+00
1.423210286998311425e+00,9.257216617786232504e-01,2.809420757161975146e+00,1.827566896778566541e+00,7.181315225957265014e+00
1.306696948662876112e+00,1.900253484798916981e+00,1.961926449021486940e+00,4.300232003166409633e+00,6.311603752312874960e+00
1.439884808929590587e+00,3.097513530920133817e+00,8.825039867425354956e-01,1.969472171825265461e+00,5.471665675530117845e+00
1.716783195158685160e+00,1.075001758187158263e+00,8.226864010041443631e-01,6.776869145056577670e-01,7.023547812770217114e+00
4.108636893920486477e-01,2.887838627289231574e+00,1.181126049943408418e+00,1.487684763194514703e+00,7.750508396030698854e+00
3.163528526831546062e-01,1.604879717281236129e+00,2.617964696729417895e+00,6.760385050835918896e+00,3.011640515502257198e+00
2.406381719708342304e-01,2.069203367427661533e+00,2.336636921220643259e+00,6.641027350997136480e+00,7.936696230375943628e-01
3.629242029537908532e-01,3.488033568129889073e+00,5.389884219859031322e-01,1.238093530138215437e+00,6.239402688989695633e+00
9.421835812364993679e-01,1.475705456287541573e+00,4.249664585650589466e+00,5.360145937417136075e+00,2.669184121306846791e+00
5.990934564611584134e-01,1.245794689561871227e+00,6.128753866413603646e+00,6.872347562429510504e-01,8.703292088903897827e-01
5.397532121767872892e-01,1.594444602231282371e+00,5.582898347519663851e+00,2.436273707052134974e+00,3.024393463098986601e+00
2.082871724009181413e+00,9.201423241023642952e-01,1.245226096280585892e+00,3.343204176446178177e+00,2.819828749487043762e+00
1.379609256313653498e+00,1.403925122521308744e+00,3.739328157608458714e+00,3.392126926020230249e-01,5.315673078940982954e+00
4.185660741581661015e-01,3.433165745379600509e+00,9.502972341122776223e-01,1.746038592517345833e+00,6.422468902602832763e+00
1.261996715652716539e+00,1.291797478614358674e+00,1.394161980642185661e+00,3.515295758302895202e+00,8.157238232489792296e+00
1.291432983477766472e+00,7.554745537277802736e-01,1.249450317299344082e+00,3.383101697695174881e+00,8.275270034097026439e+00
1.472130968016077013e+00,6.954741097593446497e-01,8.960426337164901778e-01,3.771748445954484552e+00,7.648871496281395288e+00
4.648263422396652356e-01,2.815967746210758182e+00,1.651387838871137159e+00,4.392437443549546572e+00,6.114037531995457186e+00
1.662224598693631261e+00,2.574608492435812135e+00,3.208329913076312767e+00,3.703378087212396697e+00,5.658519444284718647e-01
6.751657661161666324e-01,1.545445468791416976e+00,2.457854456966977352e+00,6.999013655666123768e+00,2.950273481368783646e-01
4.035339668915470246e-01,3.007530695743386939e+00,3.614599273206692942e+00,3.812417771259263954e+00,6.427649252250889900e-01
3.656193003018684551e-01,4.212918038590118819e+00,5.823706419630848563e-01,1.462481868183219014e+00,1.602437020587806460e+00
4.360547140855960402e-01,3.897507901642295991e+00,8.132175729322101976e-01,1.044409786303396093e+00,4.645620665847757458e+00
8.641462238716830502e-01,2.426820067862803132e+00,4.684844623145617781e+00,1.811301675497770436e+00,5.689237706619552082e-01
1.386965261987233689e+00,1.373192687650126365e+00,2.601947335097952951e+00,6.606072273293404962e+00,1.107904220702322196e+00
1.300241126492751365e+00,5.820804411690480018e-01,1.505952964134109173e+00,7.436660001158010846e-01,8.817803489275160445e+00
8.113442707285034583e-01,2.193683860511620232e+00,2.157811497115261989e+00,1.189500750058798406e+00,7.859764977140595299e+00
8.369973115265829655e-01,1.651907738593140884e+00,2.056631590844201440e+00,6.829095872703435433e+00,1.799630975902435148e+00
8.978193495589650297e-01,3.693988025662648944e+00,1.015612182112931805e+00,1.099139726657868410e+00,4.855524295703213866e+00
9.958096532151562430e-01,9.009134908254466945e-01,4.493621837208200631e+00,4.583201745229253277e+00,1.681912334881333404e+00
1.418051077678150307e+00,1.758409888456527348e+00,4.060714500350690592e+00,3.234377627845489211e+00,3.629131966308520418e+00
5.662818428295941509e-01,1.422270137509062504e+00,5.321742841358730658e+00,3.827482104481479297e+00,1.341400674857013975e+00
6.384753874718600564e-01,5.220966605411059280e-01,2.886840148246853310e+00,3.858763331530357110e+00,7.867038695416518124e+00
1.266453207913164514e+00,1.233662924211129885e+00,2.184330339331773896e+00,3.893006901240618767e+00,7.504208433252964383e+00
6.663913667457390666e-01,3.713892654237942903e+00,1.088775509430851995e+00,1.972979963504048584e+00,4.962778982810042372e+00
4.961165188808873694e-01,3.562937119661568897e+00,1.967071080155228469e+00,1.033121764242006746e+00,5.598678469620947062e+00
1.448372444625873445e+00,1.495634720599983813e+00,2.621413940642425722e+00,5.291592984907994790e+00,3.593058051812905607e+00
1.703555646624543174e+00,6.885832669104479109e-01,1.770548159015656653e+00,4.317641141750792055e-01,6.457363914982819253e+00
1.208342359886376283e+00,5.180745617548649928e-01,4.968082240218937073e+00,1.281512182962743385e+00,3.899863587916299057e+00
3.244499225306642920e-01,2.313389888211671241e+00,4.365039727541674686e-01,1.147848182742156498e+00,8.841504476660084322e+00
1.610525531130618804e+00,5.172839220145175609e-01,4.246089856066220136e+00,2.649994060332353740e+00,3.591351070267728041e+00
6.317551478019773903e-01,5.418278208243022531e-01,4.621601021367578888e+00,3.221954872438682838e+00,6.473460968484483047e+00
1.511232700733957213e+00,6.423759267243738247e-01,4.153636141527743852e+00,3.403304988417365617e+00,8.412721368929929611e-01
4.288539782219363827e-01,1.458718587699385116e+00,5.546359425657992226e+00,2.708083918537497858e+00,9.899878589340220802e-01
1.265396960173021057e+00,1.969131038684651003e+00,2.777668900809155517e+00,6.394024313701087259e+00,5.561859601620189331e-01
1.028750773018848097e+00,1.045438284359560654e+00,4.670904352416299865e+00,1.060153548901475951e+00,5.320076628223120885e+00
9.602490516836019729e-01,2.709006589186092384e+00,4.412493150877475401e+00,9.981656128676156259e-01,5.891810461040296598e-01
1.050168467974589737e+00,8.234645032104972451e-01,5.198867952847601615e+00,3.211424610179356876e+00,2.819308020620613586e+00
1.241106700447281330e+00,1.088945034569394510e+00,3.284488871327650550e+00,2.988302752338862334e+00,6.968856340472423305e+00
7.098077094693941991e-01,1.940104404469628729e+00,1.726381303299306502e+00,6.725671863539632866e+00,2.504071876676828623e+00
2.700406148981620569e-01,1.807138747518031829e+00,5.301757385395317712e+00,7.455908640688539979e-01,3.614473856559265563e+00
3.989504722402867909e-01,3.828424707210420053e+00,1.010904639308869646e+00,1.268509399630532997e+00,4.609511305569120587e+00
9.069314170453245394e-01,2.477989140709484506e+00,4.622412746320462951e+00,2.221699881726551862e+00,6.082687659503109856e-01
3.868737122060271205e-01,1.399673137127446232e+00,4.823896756151720311e+00,3.060116602781192352e+00,4.532071011065141874e+00
4.300081069796995448e-01,3.745096996731870576e+00,7.912229884879291575e-01,4.332851690822732138e+00,1.343638211621099865e+00
7.782222877580541320e-01,3.714870040324623535e+00,1.389483399175284628e+00,2.474628040498553005e+00,4.412160775670603385e+00
6.515322394060563127e-01,4.484698390404441293e-01,3.288045362971587338e+00,7.004576802932700019e+00,1.322630581205211486e+00
1.125236627713794402e+00,7.046602821619447621e-01,3.332365459968387178e+00,2.798517613839075935e+00,7.597846285461945293e+00
1.231149560449668723e+00,5.811282203093630638e-01,1.764913469289835835e+00,1.540054801172564547e+00,8.778858991231702547e+00
1.279183340188806417e+00,3.306365955484966701e+00,2.636458232458135154e+00,5.823750376029064313e-01,1.409119712673643443e+00
9.491555706570555806e-01,9.902853648972518297e-01,4.011740573932672582e+00,5.410646065419538742e-01,7.205264676045699979e+00
6.477241341098620708e-01,1.044678181942550577e+00,5.579124737173644100e+00,1.828050883449018560e+00,4.063387082481553669e+00
1.201663952919765910e+00,2.257068616467556854e+00,3.975070280566832093e+00,4.136414600581336920e+00,1.006704143792048090e+00
1.316679621916217791e+00,3.735637009107960260e+00,6.770006202775277204e-01,1.512319693943692922e+00,3.069845029977231299e+00
1.092199499651114847e+00,1.721149907290290715e+00,4.365511756330661797e+00,8.715690362772448019e-01,5.118209448377121440e+00
6.294498848673751867e-01,1.276915258481360782e+00,1.293300283004352513e+00,6.983095293367377332e-01,9.749344776574607963e+00
6.028167367726702253e-01,1.214955995592623683e+00,6.175211653672309176e+00,7.018895416676720345e-01,8.064899469934190268e-01
8.031829049586101110e-01,2.190083165584515434e+00,4.205044561133116865e+00,3.487261772489852696e+00,2.920811848100425046e+00
8.601894300680918981e-01,2.431321818189140505e+00,2.157765461137843399e+00,6.034891128940324201e+00,8.774915362000715868e-01
1.051026779119787591e+00,7.802630511018643356e-01,4.165470533346689486e+00,5.565559682931221275e+00,1.768478108698547491e+00
1.349333486584881836e+00,1.221083710228173969e+00,3.004474035085047845e+00,5.182194678624866491e+00,3.550500835357203400e+00
5.799800277619340250e-01,1.142405380615346022e+00,1.161875343310377895e+00,6.356903901524129097e-01,9.861661362644248641e+00
3.995774093216092337e-01,4.108494997317463593e+00,1.322825297343146911e+00,1.630233861578614718e+00,2.675448037882412144e+00
1.878173591538310871e+00,2.511529989989492062e+00,8.981301145494414717e-01,3.838779423635004129e+00,4.585509545818441390e-01
1.243552173192740806e+00,1.044075126111790652e+00,3.220982765967902672e+00,6.056509468424698284e+00,2.713032113371203202e+00
1.255269779353038517e+00,3.502110788992968793e+00,2.405708257411815598e+00,1.921687609706289823e+00,6.793097048704748175e-01
1.681253678241768190e+00,1.054048947285478821e+00,3.625705499883139726e+00,2.464480790360362938e+00,3.972149795556229268e+00
1.268560125759285562e+00,1.087693901757381676e+00,3.608921941652224685e+00,7.234614793521949583e-01,7.003175472839984650e+00
1.597921134176167213e+00,2.615605399609621795e+00,1.436051207812091279e+00,4.068878626834663947e+00,1.941553033250597915e+00
1.474814334921976222e+00,4.787607448724843229e-01,2.301114956557160696e+00,4.188591719980645500e+00,6.454344246838168431e+00
7.432888833198246781e-01,6.025267899812503103e-01,3.441587378030841471e+00,4.805290959745163626e+00,6.326284268036523883e+00
2.881092466399349794e-01,3.052373902529634253e-01,9.749055836328626157e-01,5.547262277864182245e-01,1.016124598324840278e+01
9.549254535035263114e-01,2.794049993437147883e+00,4.130967260684056619e+00,9.558729461538182370e-01,5.468883793902322710e-01
1.112360412288945222e+00,5.198264819189081232e-01,3.183209909553244454e+00,5.669678245116025472e+00,4.091850509814361381e+00
9.435769195683088029e-01,1.036299626657765094e+00,2.552442448502754591e+00,3.434258908082688411e+00,8.390049896482024039e+00
7.386334527969975472e-01,4.551927859940155807e-01,2.263421179791084814e+00,3.412157362103471314e+00,8.798479218055128115e+00
1.240251379367471429e+00,2.248542042236057359e+00,1.007416659718461949e+00,6.097665181927884426e+00,3.290865142912841601e-01
1.053782664069613073e+00,9.507700214221397328e-01,4.274764341310055116e+00,5.240057241617907202e+00,1.766596733759332905e+00
1.157285517845737521e+00,1.759095617393994448e+00,2.295868544464188421e+00,4.369803477517375079e+00,6.509265045060609545e+00
5.710785736983343686e-01,3.180491063167971699e+00,3.855459992740617015e+00,3.245742258613799613e+00,1.608432994411769901e+00
1.407704646443044938e+00,2.234671048528986681e+00,2.489858205122997603e+00,5.293304120397356094e+00,2.266789899877799996e+00
3.882337263981566755e-01,2.270227479173284824e+00,5.240536793805364191e+00,2.782575573076469411e+00,1.451348070096903919e+00
9.409828352202206370e-01,2.717020378698445260e+00,2.517097299836785318e+00,1.174515248530645373e+00,6.468483687193785414e+00
1.578202475152497897e+00,2.327233784498539571e+00,2.573491272590952228e+00,3.973503891110244268e+00,3.157008624155682064e+00
7.724296829809080833e-01,2.136020061109654922e+00,5.114756737470917969e+00,1.479242386776861595e+00,5.609912059961443820e-01
6.209098544629105820e-01,4.211922811671131583e+00,6.513675912026574144e-01,1.517380477401764516e+00,2.709988317383618117e+00
1.349754660507093362e+00,2.995894494289780496e+00,1.089970949249084553e+00,1.886364724949670890e+00,5.388558228654522608e+00
6.024097434543735918e-01,5.223479974343666621e-01,3.089219893160721764e+00,3.934408472136760260e+00,7.942683836022921717e+00
1.343764627277646451e+00,1.059193932679242556e+00,5.019505984712991697e+00,1.860587037558247836e+00,2.081600039424220228e+00
1.991168469066671110e+00,2.261358896426899356e+00,1.912119362572594738e+00,2.377252234136476350e+00,2.116865645676553775e+00
1.208602140428169047e+00,1.265179591153216876e+00,5.421442377415209180e+00,1.021798761384428822e+00,1.041599301848251224e+00
1.264545600415484472e+00,2.392484019865345868e+00,1.129922090740495655e+00,6.090183206557195916e+00,3.955961023463180903e-01
9.344146033346247826e-01,2.303856202443078871e+00,1.858778814698935689e+00,6.402042520967469841e+00,1.896957186902642256e+00
1.516210262814168930e+00,1.747951047094763011e+00,1.957256540330206240e+00,5.043896357999755331e+00,4.974256772216412159e+00
1.022959530373017678e+00,9.228645723560299219e-01,4.426515653964687047e+00,4.513717006453432212e+00,2.964720970904845654e+00
3.102458086802113435e-01,1.795203781489924655e+00,3.939062298775086735e-01,3.143334219205973667e+00,8.821749239074467397e+00
9.953036492709042005e-01,1.808134057824183349e+00,2.242110914988957315e+00,6.376548481650517353e+00,1.576162058970279389e+00
4.396767632559606676e-01,3.466107619845124055e-01,4.272793591898372156e+00,1.175229454099460336e+00,7.674656350010557126e+00
1.706527417493852283e+00,2.144358446061698231e+00,5.201494137039708310e-01,2.956829572791739302e+00,6.169721229099798698e+00
5.133373539395067464e-01,4.535130022387370285e-01,4.407507103700766926e+00,5.720408636878382858e+00,3.071788932801345240e+00
1.263749819961819565e+00,1.084167493895262568e+00,3.587498331076758529e+00,1.142714622639878108e+00,7.005007836859721948e+00
7.922860062384557978e-01,3.963251895783159728e-01,2.948999208673759309e+00,8.899287981330785691e-01,8.691769718471345385e+00
1.385461670754152941e+00,6.996156257847161442e-01,3.340011091018259215e+00,4.497422141977592602e+00,4.368362680513172336e+00
1.162969994138726149e+00,3.735741437765434547e+00,5.999619310720634147e-01,1.459181175786751217e+00,3.033772496894723503e+00
4.341293267972099468e-01,2.482791287994612350e+00,7.747100589995379316e-01,7.114016782622330837e+00,4.100304750930853226e-01
1.201959404473212700e+00,1.416630845147208273e+00,3.214902960772263008e+00,2.570159166948960738e+00,7.214945582810055491e+00
1.237825896695796457e+00,2.413927703207845887e+00,8.786413785724972447e-01,6.058766256134137329e+00,3.508179912441716786e-01
6.747638901296486580e-01,4.950195240427694987e-01,3.912187661213565093e+00,1.274681757043018893e+00,7.865082093742827851e+00
6.023137859399732008e-01,2.359820101344070498e+00,4.109966198515006219e+00,3.621784549320619107e+00,3.864540323321913107e+00
9.902867136793520597e-01,1.626682277808741528e+00,5.582660465253612259e+00,2.074102187310072232e+00,7.136393410463683917e-01
9.065352767603684914e-01,9.939717963799328260e-01,2.423678237763432719e+00,3.676849224361689483e+00,8.383196073188214470e+00
8.323899679688953057e-01,1.244913709840062221e+00,2.900493744184952760e+00,5.567447932458298610e+00,5.115301900596334050e+00
8.704903042281328940e-01,7.287485101200948945e-01,2.058004184630243927e+00,2.355248075121703533e+00,9.344778404519244575e+00
6.109633720904881216e-01,5.896916237422888951e-01,3.866028845798748836e+00,4.622305452542557980e+00,6.414439858040912767e+00
3.394398511137919905e-01,6.093250252089341679e-01,7.401203121723032297e-01,6.999136385531732785e+00,5.719787077835096767e+00
6.476347932762246407e-01,5.526196027742849015e-01,2.207347392548404397e+00,2.626147047991275407e+00,9.230181427451771725e+00
4.673608735033500938e-01,7.330201510499013695e-01,3.271607960673585946e+00,6.981347422102948563e+00,2.773611145737031602e-01
9.212646075029894410e-01,1.665396541894195392e+00,1.597532283687148169e+00,1.140543513042115986e+00,8.721351876250992063e+00
8.503002056298163414e-01,6.407459699634660000e-01,2.665283249630729046e+00,1.509035832643612185e+00,8.732767340859444616e+00
1.084364643247311522e+00,2.073760909087156268e+00,8.317066445940570762e-01,6.244671002693188200e+00,1.186662438373314199e+00
9.970369623390801239e-01,2.430643408833920383e+00,4.880591250025939409e+00,1.621533339214497049e+00,3.560273719005916160e+00
1.091460019880693189e+00,8.030089786339037472e-01,2.375311924540194575e+00,6.930237709604294416e+00,3.223310726402779380e-01
7.363122836754942835e-01,4.065993711613322681e-01,3.100393931256849811e+00,1.145440154338989380e+00,8.726248517547864125e+00
5.639524203993024898e-01,4.693081208758581591e-01,3.563916662139964053e+00,4.768214112464335130e+00,6.289207420755695388e+00
8.086457875905992410e-01,5.361807039136841091e-01,4.290749130330985039e+00,1.221271976420499339e+00,6.960193570273343511e+00
4.060314054469470468e-01,3.076604801206038520e+00,4.833459499902508782e-01,1.106175795233553361e+00,7.313713571480732867e+00
1.363489169207647400e+00,2.230392628162529256e+00,3.552126103893598952e+00,3.425466871440626448e+00,1.895976386943994285e+00
3.989055048551294336e-01,2.130857438522113512e+00,2.860768547323686573e+00,6.253983373501178278e+00,1.703550649225206826e+00
1.002241032927751796e+00,7.394386842504159230e-01,1.210481493694162358e+00,3.776210564612014764e+00,8.690640760916483742e+00
5.436315217422886814e-01,8.850750798600850455e-01,4.367762414352767131e+00,5.104950066771269945e-01,7.385523533408454355e+00
5.544763616015480068e-01,5.658044712688039546e-01,4.755100763486806770e+00,1.294227561927595138e+00,6.774395266859886355e+00
4.761684730011981892e-01,7.769340218053332192e-01,2.485305178082992672e+00,4.381286185790886023e+00,7.862966205136039832e+00
4.092583727662360005e-01,2.965479727226549844e+00,5.532722499960662788e-01,1.144712640743535070e+00,7.886450313659916667e+00
4.243061121015149206e-01,1.008036674439467317e+00,3.266154010579267020e+00,4.275646138357423354e+00,6.895912364633595359e+00
3.771281024845777319e-01,2.241177504137661813e+00,9.889254476610325195e-01,6.615212706920214458e+00,3.817705302244569499e+00
8.463113275826514847e-01,1.387854232958551481e+00,7.279505006139032064e-01,5.367539894264142575e+00,7.077080588028777264e+00
2.316947585175931079e-01,5.369646050593330777e-01,6.681569198551503552e-01,5.282145944359741385e+00,7.811435107964057600e+00
7.093095880113265972e-01,1.416165021968832871e+00,7.323082088116354971e-01,1.142278973446078982e+00,9.800619726675032339e+00
6.060502976696293675e-01,1.045683701057460446e+00,1.611196663747922475e+00,5.536719950466706841e+00,7.003922859942722567e+00
7.611370962548176244e-01,2.470088768345013897e+00,5.011284163447278672e+00,1.344586352052846490e+00,6.885479908004685790e-01
5.985534862749053442e-01,4.038253243829496242e+00,8.952531826786140901e-01,1.818621243769569240e+00,1.588103420480706074e+00
4.413433974753444566e-01,1.119906982770565440e+00,2.993247366974887580e+00,3.734473180398163450e+00,8.254055226411230350e+00
6.348821402317731399e-01,1.138101632946176389e+00,5.304131514137672809e+00,3.073951631534284079e+00,2.449821042518302239e+00
4.214506871890799089e-01,5.511713702968206174e-01,3.939288246599989551e-01,7.115392634419386297e+00,5.482997661303867787e+00
1.639251734141291106e+00,1.999413683579737366e+00,2.191419612220018909e+00,2.277055498334276784e+00,6.158820646045740865e+00
4.662975883630288143e-01,4.205537464908757905e-01,3.590068760627453059e+00,3.629878314640200276e+00,7.618743876524074032e+00
1.224405919788349006e+00,5.785321600750616966e-01,3.210114574743152982e+00,5.822478682393241733e+00,3.703271174430434520e+00
8.399264378778101836e-01,1.797938831106922208e+00,4.949748641538956662e+00,1.914009468151661064e+00,4.348612626671421566e+00
6.757900500592535220e-01,9.943483514229651821e-01,3.048047011293472774e+00,1.063050932368810875e+00,8.620790161176962840e+00
9.793114403530319700e-01,6.243437590555822592e-01,1.950841827085959768e+00,1.329153839808217885e+00,8.984977930331419671e+00
1.447724875961256652e+00,2.404151420014781326e+00,6.692841352548111189e-01,9.125836514258605092e-01,7.801502246060986856e+00
1.386891943285422091e+00,3.354852550460293514e+00,2.098200406246407468e+00,4.068243482798445498e+00,1.241633239897569574e+00
1.087694458178201984e+00,1.414562823119728474e+00,4.646954153134966070e+00,9.141427119064227114e-01,5.145868900594251727e+00
1.030562459441119127e+00,2.631272804241514329e+00,4.685230534565558713e+00,1.596712535424984925e+00,3.314392403761544870e+00
1.120435000266996495e+00,2.490727774728989097e+00,3.593915008226048702e+00,2.607691070636100950e+00,3.901387670186636569e+00
3.593690815851656173e-01,2.342345234310363455e+00,2.000005534796133855e+00,1.318793914025680136e+00,8.396426447065357124e+00
3.183583698260983863e-01,2.580909671915322612e+00,4.458272937816543657e-01,1.257254896385225917e+00,8.355250639695494641e+00
1.392567418613958274e+00,1.228232169413746133e+00,1.072098536522011480e+00,2.030104043203214026e+00,8.082543211664223293e+00
1.220767770626240756e+00,5.547461111847843407e-01,2.349672032019776147e+00,2.177336273054192528e+00,7.787534505360004466e+00
4.822493618358009160e-01,1.603157402377028085e+00,6.010897416595167186e+00,1.053686460048192108e+00,1.765242466147848521e+00
8.802082483213152786e-01,1.007641177275360622e+00,2.874352566380425689e+00,3.860399371593598694e+00,8.102774181670220344e+00
5.869087783139161907e-01,6.183764151673556420e-01,4.445839093403583853e+00,2.660117713164919184e+00,7.004601366966217491e+00
1.750414467737192670e+00,1.676934451016831140e+00,4.634929054208210553e-01,1.331820340620088139e+00,6.897593549231209487e+00
1.866214982341120932e+00,1.215900884096140722e+00,3.236119649812899013e+00,1.514535569814873472e+00,2.428976375375152319e+00
8.853010015168716329e-01,6.729253016960972111e-01,3.803895525449488169e+00,5.242763290691478062e+00,5.149348210568702733e+00
2.326655850027882777e-01,2.032866520616953832e+00,1.639421768485553432e+00,6.842979169456598676e+00,1.616159936269784492e+00
7.841467492947868934e-01,1.304638215940686408e+00,3.067933396871575624e+00,1.194679215874714373e+00,8.177450854884959597e+00
5.948587511234006975e-01,3.360759445031264447e-01,6.402519669625887921e-01,8.010903710534927669e+00,2.190988998471264715e+00
5.837705186406515478e-01,6.312646296369082144e-01,4.826616609403633795e+00,1.337468957983463103e+00,6.735267535912375259e+00
7.122426032707291910e-01,3.364418694163158641e+00,3.050763579369196510e+00,4.248044423518262391e+00,8.614922100125981252e-01
1.063044119643554275e+00,2.273336027003044268e+00,1.376865959870112288e+00,6.270155750116119364e+00,1.004896970771118392e+00
7.049911132020025839e-01,1.391988138729360003e+00,5.970071909584671488e+00,9.764586703248191446e-01,2.037334543734690584e+00
3.344738183824166877e-01,1.707102176301472651e+00,4.030964886973114503e+00,1.523239682013006968e+00,7.224332442542081623e+00
1.049106573712463408e+00,3.597732913827178525e+00,8.551127659330276520e-01,2.657206270883033294e+00,3.808948757433639809e+00
1.429134606937108920e+00,1.942227316652216373e+00,6.172675223656525212e-01,2.459548543910063945e+00,7.363071438501830102e+00
4.922465859073786865e-01,2.751319413380734158e+00,2.141843767534972187e+00,1.490353381824862877e+00,7.923817660518814421e+00
9.011035729148810791e-01,1.531451387362194660e+00,2.276090810663081943e+00,4.576610391682660151e+00,6.952585565158564407e+00
9.206629131423010870e-01,5.783104624702524177e-01,3.500411188804104956e+00,1.132839606694950429e+00,7.898154918026849991e+00
1.175931192577313489e+00,2.977070428129416690e+00,5.242909164470371808e-01,2.496263680334892321e+00,7.174831064930177860e+00
1.579882263305432355e+00,2.569218076438065435e+00,2.286330224998541993e+00,3.814784287383252259e+00,1.958665648304075635e+00
1.091200888299183269e+00,2.522670128295076530e+00,5.000858121167761183e+00,1.044261373375929169e+00,1.781997128729053914e+00
1.082610852248877098e+00,2.645704866046147963e+00,3.499891333081921907e+00,2.586439590619997730e+00,4.442147769820023129e+00
4.876458572705398287e-01,1.455824864247370787e+00,5.348566181248457951e+00,4.211289280292874082e+00,1.184971239817369515e+00
9.762062019393844547e-01,1.750275916940114973e+00,2.262170061770240714e+00,6.573524751237461494e+00,1.531085609483064935e+00
4.595807676851894064e-01,3.798076780129659435e-01,4.585145905385899390e+00,1.096287135996436568e+00,7.198507849809505643e+00
1.346327734378822027e+00,2.036202480604312193e+00,2.801205031101796639e+00,5.935595430697498287e+00,1.201326365171763833e+00
2.996468788608535050e-01,2.685707095292055313e-01,1.025954554671022256e+00,4.260110305861009028e-01,1.016602550846883979e+01
6.717502607838542472e-01,6.877144574159477219e-01,4.216428070117695270e+00,1.203538201789319029e+00,7.617116665468696368e+00
1.609025373277628290e+00,3.138797371636859346e+00,5.457671320514370095e-01,1.465429072856816006e+00,5.882437454874820393e-01
1.275779030233096911e+00,3.593983767211310631e+00,3.669469452163830470e-01,1.727384154950788897e+00,3.036342638427887763e+00
1.675297907012959442e+00,2.040787032581013349e+00,7.064430782479376170e-01,2.918837921097874322e+00,6.133781547922352750e+00
7.902090704031969892e-01,1.322106662798270715e+00,5.713566201682308332e+00,1.855381163721965709e+00,1.653852782467201354e+00
2.208378901612218781e-01,8.317108188606505692e-01,2.605537249773453468e+00,4.490103584991052443e+00,7.353911357860525300e+00
7.539418591143889348e-01,3.622572326549645116e-01,4.203950026793414452e+00,6.149288678570484779e-01,7.320013534101160069e+00
3.536130683377485817e-01,2.267057873961351167e+00,5.862028758642208182e-01,4.297041904716508931e+00,7.485467327516776237e+00
1.107261002762635727e+00,8.202911608993598280e-01,3.295383524944872189e+00,4.348214175835509288e+00,6.346102495612075955e+00
6.466085023000096577e-01,9.617242962206629109e-01,5.507596201488922816e+00,3.498733280160580605e+00,3.044936509073640218e-01
1.083268964322638972e+00,2.111262021747022821e+00,3.788651039407501031e+00,6.989148321676277309e-01,6.592931328634580090e+00
9.261019755638911777e-01,7.320544056345543726e-01,4.706186691902654040e+00,5.089208595088238418e+00,2.131318331494336249e+00
7.413281838889906883e-01,1.333828001463732704e+00,2.512177655705571500e+00,6.944433650898771404e+00,1.364467781842442218e+00
3.875797133078437984e-01,2.057850035048913284e+00,4.416452305403223200e+00,3.544302454623722287e+00,3.928605043669167962e+00
6.729043753877302914e-01,1.052346181646164780e+00,4.958248599398578982e+00,5.038832549198276389e+00,1.489190018249400893e+00
4.067762049041195316e-01,6.772352888192215703e-01,3.907900615085993401e+00,6.362206530829451090e+00,2.118698625947602387e+00
1.514541925288597213e+00,2.968021596546736252e+00,5.604007573436970979e-01,1.930815084908146240e+00,3.939867472844474250e+00
1.923618891859648405e+00,2.535316659058710176e+00,5.112438092099649278e-01,3.459853909499987168e+00,1.496306716688115435e+00
8.139920427206281950e-01,1.530472339808950810e+00,4.899688349786697650e+00,2.088152108111854588e+00,5.421059601980069864e+00
1.720646703113056786e+00,1.175558585994242566e+00,6.083900131294348590e-01,4.722801979792636828e+00,5.175457433496559290e+00
9.379335733109526174e-01,1.365810709348806551e+00,4.171382451117356283e+00,5.867768809012251729e+00,2.421938949610263681e+00
2.655437320829500125e-01,1.017364461004100384e+00,3.515649921156362101e+00,6.567231117523881778e+00,1.661018100763131944e+00
8.940787665180873756e-01,1.196731921100300022e+00,3.067035018143340785e+00,5.255326035965475207e+00,5.098331044674929480e+00
1.266424279550373955e+00,1.425625361152978332e+00,1.035726539970352578e+00,5.705057326643593107e+00,5.500508069426237157e+00
6.065346736266183925e-01,4.851237578062606026e-01,4.218419703958294242e+00,1.632569522795873196e+00,7.610129689103763084e+00
8.017466660030188041e-01,2.355071095419102534e+00,1.134669600969111958e+00,6.272609683859486474e+00,3.801088495540744017e+00
6.656617117415208895e-01,8.779411882283564283e-01,4.136281086876109292e+00,1.531369550780194100e+00,7.343189183461499958e+00
4.132170570760261841e-01,2.459034623846585887e+00,2.290847250225488185e+00,6.603459672476950537e+00,8.289237126510151654e-01
1.020337393850236252e+00,4.067705741855457413e-01,2.639663292479780932e+00,9.472120460637756256e-01,8.493757637146085671e+00
3.506510354142158281e-01,1.889890041111872199e+00,5.699220254805990038e-01,4.637127212909277318e+00,7.403293669095198482e+00
7.298407583098553975e-01,1.339008448550143449e+00,5.076472760114981497e+00,1.784835740692334305e+00,5.404371531756524405e+00
7.853760672567307033e-01,1.450685287363528309e+00,4.707133032537115014e+00,3.140506573678168767e+00,2.741860832854287722e+00
1.037405765459435747e+00,1.123251884077827611e+00,2.453779781859883879e+00,2.090628481530190541e+00,8.117294421465098608e+00
1.235378581908082918e+00,7.409170643632132514e-01,2.479886506675259561e+00,2.122253772748249556e+00,7.540129016125246331e+00
4.244965495842965564e-01,3.734286105296046987e+00,2.872223348975206925e+00,1.708529111958220215e+00,3.103484367421523338e+00
1.435855309676562941e+00,1.381324960986743955e+00,3.447678314448913373e+00,1.367147848997327442e+00,6.932921057608449011e+00
1.183973898599040453e+00,2.792106622305827734e+00,2.352377569702047033e+00,4.059812393544242504e+00,4.307439491974444756e+00
5.741563405050473801e-01,1.720576583768225643e+00,1.634587944867410769e+00,6.433061973881766704e+00,3.957758252380076058e+00
6.382442501981858696e-01,1.110582769299522488e+00,2.359398497163585517e+00,8.409766522256439947e-01,9.043825252761536149e+00
3.246107612242898899e-01,4.853024143212916197e-01,2.147057937423910268e+00,4.379671651829941226e+00,8.117000074445032354e+00
1.028589388989614939e+00,3.807711126547675740e+00,1.314187294610396517e+00,3.360830119588928966e+00,4.249878237294862360e-01
1.503914458930427855e+00,8.146708977813988950e-01,1.044578095603193590e+00,5.577747042136736333e+00,5.347380103984065158e+00
5.647268623698051826e-01,1.754154971691165521e+00,5.644380643579681944e+00,1.286878229768524617e+00,3.549490778261531698e+00
7.309736514011011543e-01,3.852735308840721795e-01,4.183648631314710542e+00,5.996590455732691005e-01,7.299930897662112450e+00
4.415882586303581103e-01,2.312599365667124651e+00,4.529309019709240047e-01,1.165134215249462590e+00,8.857937971214738582e+00
5.035458906319640882e-01,4.117488281255099469e-01,4.694664511944941054e+00,2.130106954205268188e+00,6.806658348293156635e+00
3.310206804069637521e-01,1.296635883061463712e+00,2.825807710766221170e+00,6.495073417616558764e+00,4.229248365214264282e+00
7.599677688728505576e-01,3.383558147423345042e-01,4.853768344518371691e+00,4.885276969115886381e+00,2.840506375597848798e-01
6.115629579819195083e-01,8.752281053426584911e-01,3.946748367132797863e+00,2.305815641458279774e+00,7.324018973026957369e+00
1.769269309908828580e+00,2.371852092115521060e+00,5.018395878217081219e-01,3.041212621695978502e+00,4.762836124218090994e+00
1.723212928515192033e+00,2.574868344999457825e+00,2.757897763959494153e+00,2.610806016031463894e+00,8.280239415467753883e-01
3.249092847332205602e-01,1.019832236494893296e+00,3.419978278184074405e+00,7.002693000747170160e+00,3.591924748363155562e-01
8.230865959510591523e-01,1.529322171013869358e+00,4.042446616592354047e+00,7.214187875826463259e-01,7.375914798583273146e+00
1.261345642504106523e+00,2.629195001981991631e+00,2.942795989964565706e+00,4.187009488839590787e+00,5.141866537647110658e-01
2.068028820377691535e+00,1.227980887233790286e+00,6.998657109936334830e-01,2.597075836052369802e+00,4.684595180110738610e+00
1.206347563012297952e+00,3.816264286121996641e+00,4.787079938120474276e-01,1.800305371318833281e+00,3.117436631583740514e+00
1.332077858993386821e+00,3.563578707779788246e+00,1.025022309331124148e+00,2.792715487481161052e+00,2.821477166568998829e+00
4.494574310818031937e-01,2.606445309750369699e+00,3.925824531276459695e+00,2.065712527772408436e+00,5.776678470327635040e+00
3.509972742024831116e-01,1.155811115000340505e+00,4.867831665814519315e-01,7.976007091590640030e+00,2.086244890357192183e+00
8.932803924481516056e-01,6.256645111300047635e-01,1.141506108581485268e+00,7.954833814787336976e+00,4.499934781766101177e-01
5.009596639766116244e-01,5.108018795159627867e-01,3.930195952544975668e+00,3.868174899074305451e+00,6.752733107303596327e+00
4.117776998536835098e-01,2.824066441531645655e+00,4.884885810225942038e+00,1.292900601412519057e+00,2.137305357946044371e+00
1.154775867542342294e+00,1.055676771133409630e+00,1.037799289230767030e+00,4.585117971367779210e-01,9.016124303716940958e+00
5.185828765702991117e-01,7.010974656656268067e-01,3.572269895247467630e+00,9.929008821614666580e-01,8.383713508893499977e+00
3.186546333033819511e-01,3.143792828021827024e+00,3.669857707997130625e+00,2.769874123887394290e+00,1.661157924630562999e+00
9.760186178837619853e-01,1.017025323445954976e+00,3.995801491590686538e+00,6.110346807745539177e-01,7.303676884710412764e+00
8.279375551234531283e-01,2.130436329085848790e+00,1.191323339794239544e+00,4.693272112093048065e+00,7.265751626614415315e+00
1.047195303081559281e+00,1.852345780601054814e+00,5.441261670101793513e+00,1.593978500418885336e+00,8.498152441860087336e-01
8.054047158599983991e-01,9.794881388061587035e-01,7.772763660908934558e-01,2.334947150510968239e+00,9.329442305523965473e+00
8.954364007709338935e-01,4.478688805482004542e-01,5.884059610696645848e+00,1.342962163852856383e+00,2.876108231458621156e-01
4.483073691469486310e-01,5.197190649196852252e-01,2.509734391526630581e+00,3.947027384134058181e+00,8.466663015996514829e+00
1.778413946654931355e+00,3.048198014854875293e+00,1.008283717592567408e+00,9.009482698194732908e-01,7.449746206506238089e-01
1.942106787198876638e+00,9.453941189316062976e-01,1.270685357789622660e+00,2.238499554354517862e+00,5.074491122700609758e+00
9.909556167227664414e-01,8.725766761944868666e-01,1.317339575182305822e+00,2.771408063400823352e+00,9.152414352203283698e+00
8.870935772330847957e-01,2.093363345179370061e+00,1.219657810307372747e+00,4.551697711213872566e+00,6.980527625972683836e+00
9.623668475178036585e-01,9.917085651208376040e-01,3.553286402586451231e+00,3.903856125690300161e+00,6.552606860026483737e+00
6.523413046277489746e-01,1.024232826803158858e+00,2.150547371840257238e+00,3.510394432737978576e+00,8.814891395448492872e+00
9.577478142385829063e-01,7.677470949132303435e-01,3.437017882687392500e+00,1.546674519085118549e+00,7.970080892410470241e+00
7.038828405256210008e-01,4.774975430001036636e-01,3.218952267280715152e+00,6.887919728674014586e+00,2.243739556770353971e+00
1.100406223916069459e+00,2.254508503748761772e+00,3.359273108971660982e+00,5.179128912260644313e+00,1.687619496990786949e+00
1.170292980594306975e+00,7.032885748154631411e-01,4.769635269843256475e-01,3.849355884085578605e+00,8.523228701660217510e+00
8.531153135842538537e-01,6.230426707874682224e-01,5.439058514160648450e+00,3.333851389893606854e+00,2.078802830240890742e+00
1.240836937595002132e+00,1.272562230714010090e+00,9.398443318139675373e-01,7.590883525611229476e-01,9.117178866097509271e+00
6.400726027951790797e-01,4.539124728769872164e-01,3.009106984779072569e+00,9.165828080418352286e-01,8.895546062958969102e+00
4.022162319260876862e-01,5.806816710443070129e-01,2.213905982197224898e+00,4.517208384987887904e+00,8.115921293046790552e+00
6.554370240309237428e-01,1.166409949405041280e+00,3.464044599784693368e+00,6.074952325758575356e+00,1.733558890075562520e+00
1.094646045578350879e+00,1.873655123278830548e+00,4.818680881687184225e+00,2.251172616665075843e+00,3.790954078415973427e+00
5.102491071336160422e-01,2.460395632642064179e+00,5.022575138312144638e+00,2.001857350052365092e+00,2.981544152478605714e+00
7.517447446818629198e-01,3.187937056558547977e-01,4.735599299179489741e+00,4.753552868638331930e+00,2.304824139865177202e+00
1.057468759001612746e+00,4.345120518022625999e-01,2.799563563522956766e+00,1.004583966350214297e+00,8.289274494670999971e+00
3.939939874873612524e-01,6.818405481329594675e-01,8.112532694408349787e-01,7.421460241148793990e+00,4.968726094290336626e+00
1.406335572517957822e+00,2.418973011642756799e+00,2.952720176853540490e+00,4.137285183336915750e+00,1.855673634619817935e+00
6.288696841063509124e-01,4.215233088112031012e+00,6.204972517803015730e-01,1.534656977234333697e+00,1.475717342292020673e+00
1.036851339166134700e+00,5.731748711336117630e-01,2.593655399566691333e+00,9.556753595165266013e-01,8.500059448815768803e+00
9.521182284323930212e-01,1.039672172138492057e+00,3.912852929530178603e+00,5.101013437569864584e-01,7.184565398056004248e+00
8.819758868025828757e-01,8.102403858488638200e-01,3.370871029838935495e+00,1.061880637652107717e+00,8.027111880515260367e+00
5.191202454507870545e-01,9.256042550979786121e-01,1.262338140126856301e+00,3.548987107364236948e+00,9.022749262159303285e+00
1.274591291229222101e+00,3.354330903044279832e+00,2.118664823334619474e+00,2.741721732564875502e+00,3.612766662187610667e+00
8.394673218274981696e-01,1.190968741105317585e+00,5.532397755178458887e+00,2.024232343628682873e+00,3.374928461746657504e+00
4.084573743447809102e-01,7.036489551709275148e-01,4.842931640699193352e+00,4.724384686433378278e+00,3.572074579845025077e+00
1.057077637236891965e+00,6.763265785140786246e-01,7.514875314267042139e-01,4.432802339811001247e+00,8.397325910090620127e+00
1.434242133006353281e+00,1.738319741244732430e+00,1.848564682724659569e+00,3.203065095100719351e+00,7.414043801836561975e+00
2.957363417866653577e-01,1.280287779074654075e+00,2.838355395170331086e+00,6.578702035424004002e+00,3.750750789677729458e+00
1.296824227324633538e+00,3.369380934012211171e+00,2.509408490826386728e+00,1.453657028364724768e+00,2.756292337373402734e+00
7.314208394005674574e-01,1.036829377186432311e+00,7.495043003681417515e-01,2.171613260235469856e+00,9.591257683219431840e+00
1.390954011605674001e+00,2.273430415720363307e+00,2.591955766542932693e+00,5.348868066758901030e+00,1.294423228966584460e+00
8.481990611715035655e-01,7.553956506401211524e-01,9.807398311420834069e-01,2.338045610308733924e+00,9.334457320720632723e+00
4.472235437262302438e-01,3.140559710665345450e-01,5.069616296698308489e+00,4.878175849868183533e+00,2.798111446175899353e-01
8.628817385362042014e-01,2.188906982521027000e+00,1.436901892572888251e+00,6.298199192891676290e+00,1.961028792096702889e+00
8.750648159002154536e-01,3.487110424600293523e+00,2.328164656219310569e+00,3.464989138994438278e+00,3.405747374149147966e+00
8.747949604990059580e-01,2.159591611863750149e+00,3.369657477201752016e+00,5.681409281868917027e+00,1.783985682596854305e+00
6.891188319005729923e-01,1.672771340013981423e+00,2.816367490461100687e+00,6.663500104770395005e+00,1.735032972769187332e+00
9.892202146996336154e-01,2.443627162248832363e+00,4.381798407445849364e+00,3.566657930903689433e+00,2.382727395559178341e+00
6.906987618055502320e-01,5.544361351773066104e-01,5.912478972996513704e+00,2.462642071535869448e+00,3.116122753269849888e-01
8.615546539623584188e-01,1.565762136936967419e+00,5.012602795028129776e+00,2.356783052125591915e+00,2.153113064926442277e+00
1.752867242490920630e+00,2.322911212945465209e+00,4.366683889765733406e-01,3.968529654863287348e+00,2.854619747924018291e+00
9.539095395028707181e-01,2.145605209826885851e+00,3.507569493548354345e+00,2.291548008017228355e+00,7.118002133741467397e+00
1.372151503559310592e+00,1.705421133498066011e+00,1.543402488336952372e+00,6.043155500260185553e-01,8.130851062018388475e+00
1.930151660255472468e+00,2.820769923726823336e+00,2.006849810944407064e+00,1.837990892299958157e+00,4.782367604816563644e-01
8.013827128838899583e-01,2.512344055556118949e+00,1.180363207746915721e+00,6.576842275119070713e+00,3.497745733354316600e-01
1.830458828069448485e+00,1.874576029467874383e+00,1.118964443733245551e+00,4.181392539441838530e+00,4.962414263507868850e-01
3.835065612505661470e-01,1.945676826239679524e+00,3.622643576781747754e+00,1.257519564563776893e+00,7.547709224812628293e+00
3.672071091104471829e-01,3.055173461223146703e+00,3.673029451975823978e+00,3.445736278692322241e+00,1.707611354469615428e+00
1.191076575299219620e+00,2.480057782614351947e+00,3.026439589026102883e+00,2.092282599105696583e+00,6.794304979321729832e+00
7.660845872030150883e-01,1.607429643552336085e+00,2.271665929182643762e+00,6.974024543282785871e+00,1.511595141392710229e+00
4.548796376511216044e-01,3.040825559212140483e+00,2.714897519253788083e+00,3.812259618566447905e+00,4.309326058267643589e+00
1.339623835181854794e+00,2.732551552779502124e+00,2.986154160688007764e+00,4.091851932046855822e+00,5.744502184560790203e-01
1.772429641618613605e+00,2.507287500602608521e+00,7.349871139292190048e-01,3.314181729923164177e+00,3.058442594297173578e+00
1.239313218917550863e+00,3.557472743678520732e+00,4.599175991209910608e-01,3.439803571412574978e+00,1.332687188708809201e+00
1.731560772218296407e+00,1.763190502686669880e+00,3.049942828473606315e+00,4.132917596060023513e+00,8.284811007924952619e-01
7.125574347686349785e-01,3.535034440342204043e+00,2.445341081442216069e+00,4.226438155233262606e+00,9.462929364410181954e-01
3.603381339296616859e-01,6.751326403917279340e-01,3.607549524949328124e+00,5.607650892281269783e+00,5.447560766964091528e+00
1.327913225531932362e+00,2.119732774655008090e+00,1.549470849587372578e+00,6.074083908828353806e+00,2.492862752978972640e+00
8.091763242856221394e-01,1.457321215298599704e+00,2.743374936057152436e+00,1.494960523773861016e+00,8.451646679363085113e+00
4.196442575923452489e-01,5.999795490686271604e-01,3.016388106311453932e+00,9.113681741576913353e-01,9.070903637165157463e+00
3.990960098439786941e-01,6.984590413523543706e-01,8.507222243934060568e-01,7.419214313978708120e+00,4.972871883811900595e+00
1.233420813125287063e+00,3.192274629559517685e+00,3.385316993029312993e+00,2.960714034870708833e+00,1.176686965501606785e+00
1.130739371305939489e+00,2.932509417830982290e+00,5.239796163639800497e-01,2.161070586703450758e+00,7.250219964145194318e+00
4.218866231107126219e-01,2.597611573483015412e+00,3.928451825144060994e+00,2.052181616797361219e+00,5.632870292181499927e+00
2.950539588907443167e-01,1.234187054378632187e+00,2.721421170139627144e+00,6.290056846099332688e+00,4.736911194344510356e+00
4.073555520868023527e-01,5.476425512971800913e-01,9.768367043937780103e-01,4.427859948423558123e-01,1.006367609151741149e+01
1.040348026211384669e+00,1.885006783094480554e+00,3.632819798351734519e+00,1.919139053957142904e+00,6.623700479224497784e+00
1.162172975198799918e+00,3.101927060131579150e+00,3.130447615069728684e+00,3.668434407829297417e+00,5.890637113547637638e-01
1.102491009879668749e+00,2.226523639206083871e+00,1.057392489851725959e+00,5.432131357397191884e+00,5.338988270723220353e+00
1.631666802945510586e+00,5.484959070126893543e-01,4.301788875879173801e+00,1.430731028062883770e+00,1.832891460088756030e+00
9.941478023491822080e-01,3.672620418082134908e+00,2.487261499134284737e+00,2.075029408284764898e+00,3.230585983833177632e+00
1.018497869413496959e+00,6.767293570076848841e-01,5.844446446910309234e+00,2.464488522881819410e+00,3.981630762510734445e-01
1.101227814648507497e+00,2.107724901252417293e+00,1.772957115567304953e+00,2.005228823000293925e+00,7.953806469573352800e+00
8.887106877851265185e-01,1.693591691197554372e+00,3.015863220090928554e+00,1.123177289340577367e+00,8.093322363556405108e+00
1.532175769798128862e+00,2.122509600798297758e+00,1.076522352689431195e+00,2.679832772098601712e+00,6.693272005580016781e+00
2.017867851510416699e+00,1.211255415862920293e+00,1.148748984542372842e+00,3.125170478179076117e+00,2.846799691387062570e+00
5.655673692211784509e-01,4.008826246425486239e+00,2.581631165730488675e+00,7.600088966295559523e-01,1.302707410373789676e+00
1.388253254455097840e+00,3.209274769595914734e+00,8.688079408104774082e-01,1.107941838410780866e+00,5.451612274708863559e+00
1.125776223983404156e+00,5.671751183851294620e-01,3.210050020431761464e+00,1.216665573816059442e+00,7.683395144569625579e+00
9.942069940442903597e-01,2.217189454238291280e+00,3.960143270887249933e+00,1.384698590821752617e+00,5.787873620266634767e+00
9.439807109302817967e-01,1.666082285465380952e+00,1.046844850042648378e+00,8.608009664653573090e-01,9.126158417345795471e+00
3.504507467686883704e-01,6.810615494174541151e-01,7.166864926672050773e-01,7.312533055449802255e+00,4.993019649822879380e+00
2.117308165147228360e-01,1.305209539678484854e+00,4.757784083500197880e+00,3.755543390024220329e+00,3.831333354463038354e+00
1.892899875804660681e+00,2.304950310798969504e+00,1.268834965798720571e+00,3.144193886458026110e+00,3.918484527422300356e+00
9.273708671152954830e-01,1.775371270640545784e+00,2.570217866105859450e+00,5.939116832612154617e+00,5.011693793620643156e+00
9.001226855775330549e-01,6.910290738554882850e-01,5.632724614562874876e+00,2.430160094436375484e+00,1.775216603438063423e+00
2.616608519721920212e-01,1.149778621040609350e+00,3.131291162170966924e+00,6.980182850710538567e+00,2.546809412886042456e-01
6.655985918780303878e-01,2.293499622160417140e+00,4.314684263654066321e+00,2.807721612603166772e+00,5.356611320446266866e+00
5.088762332205484240e-01,2.732965244861806031e+00,2.208137812601728367e+00,6.355539307479055822e+00,4.232808057343001584e-01
1.765618635357000699e+00,8.621416043875613777e-01,3.558297365888039465e+00,1.514303346744027223e+00,3.830082846893578363e+00
4.604039920631821659e-01,7.386066239945220380e-01,3.397056261246019560e+00,6.828218045104368805e+00,4.153441403511938246e-01
1.304936349840164045e+00,3.344133160892352130e+00,2.498002843647602944e+00,1.407717877958181374e+00,3.368301814405359806e+00
5.120000870717276165e-01,2.705827518747780491e+00,2.240228710336730433e+00,6.295674345778757619e+00,1.966211893589212334e+00
5.422361219276823352e-01,3.522169701923116847e-01,5.942816161301541555e+00,1.062803332676758528e+00,2.546725492306635807e+00
8.957653816816784076e-01,1.599937921240207173e+00,5.124583666044062902e+00,3.017572624030182560e+00,2.514548764815479065e-01
6.070345836120485394e-01,9.302164899789046038e-01,5.118004623808230846e+00,1.752778338445326156e+00,6.147644085768126487e+00
4.854176287676723600e-01,3.636312236524540387e-01,4.410152781191448712e-01,4.204193765986911080e-01,1.014742014134426462e+01
1.439857206227544317e+00,6.082084194527082044e-01,1.019387550344039717e+00,1.049225965895578483e+00,8.492337836402775508e+00
1.403785423153235179e+00,2.805118181658093235e+00,3.381457962769028658e+00,1.247656081213757595e+00,2.044637771383295721e+00
1.407166267612417254e+00,1.285492494653384554e+00,3.856904183452224188e+00,1.946191817996096862e+00,6.212047661429894063e+00
1.598150343065301904e+00,2.880782846100040651e+00,9.055473523693682303e-01,1.992802017808629644e+00,5.281146691030158991e+00
1.047967119265539093e+00,8.478206903518729076e-01,3.270208504618697720e+00,7.577230162479028364e-01,8.573216560187947977e+00
1.598053888624445751e+00,1.476964658480246495e+00,4.582194019011981645e+00,6.640960944358080820e-01,9.176638416319466973e-01
1.003338601024699628e+00,2.094757351790843103e+00,3.451737238522138096e+00,4.718454710670825669e+00,3.937816792576376734e+00
9.070784629027173196e-01,1.393670701794507361e+00,7.070730957952811035e-01,4.625435192056222000e+00,7.744820906059095122e+00
3.966095167888126771e-01,4.146341768274663941e+00,7.162914481959613555e-01,1.307854565943155745e+00,2.985474011193786747e+00
1.614811039000073389e+00,6.769487795487112436e-01,3.265549819244384366e+00,4.977231235994477920e+00,3.678726299253323173e-01
6.969821217495981713e-01,4.113218181899936710e+00,9.761983755442863453e-01,1.431751157838564215e+00,2.759134267101701177e+00
1.313302678669793888e+00,5.994945113835024042e-01,1.324690654881182317e+00,7.276900773149417745e+00,1.062601891801260745e+00
2.019845048504489871e+00,1.495825136480737783e+00,1.748012314147879831e+00,6.441867626884727471e-01,4.077487312805233799e+00
1.392473551925276221e+00,1.900466347764988129e+00,9.057240789328974140e-01,7.543150285548054779e-01,8.377127611096284454e+00
6.679417009097761149e-01,1.318137287431580873e+00,2.254281942242306158e+00,1.637098545108917724e+00,9.001032315571670495e+00
1.633212758870666192e+00,1.599958246925257566e+00,4.219499252490030550e+00,5.969624182362525122e-01,2.893678503123922052e-01
8.458479199002431059e-01,1.591506451839051151e+00,3.209128937004491533e+00,1.124605204391843083e+00,8.069517860152654265e+00
1.998801650900366766e+00,2.333426735808316721e+00,5.783932081500572364e-01,2.597850355442578696e+00,4.442119519332413446e+00
9.917117666837590439e-01,1.529052042329880567e+00,7.711442258884753098e-01,5.050928933994464742e+00,7.192235389447700911e+00
4.070408328752675442e-01,4.094103748357341921e+00,8.799131871044442166e-01,1.243628460236556599e+00,3.612867498564090507e+00
1.014177869291045031e+00,2.337754260077833379e+00,4.035030746928397249e+00,1.313663173426894426e+00,3.924681704982210029e+00
8.246232563649920078e-01,1.640799082957433042e+00,4.602020320410356469e+00,3.325614047035704512e+00,3.681101277270828920e+00
7.368734805603578408e-01,9.216121870081972478e-01,9.170463675288428318e-01,2.376261444304512693e+00,9.667693272127422688e+00
1.262589005119104213e+00,2.020247143581344496e+00,4.734732632624420567e+00,1.456370546183684223e+00,6.138064216652050487e-01
7.946838054949596497e-01,1.608871884506258620e+00,1.530172942146169168e+00,6.864052735328498578e+00,1.406270334137949440e+00
3.036186019929186242e-01,1.906323916084827097e+00,5.141210362767396624e+00,2.341539767015145657e+00,2.408611637294344021e+00
1.342753554959458917e+00,3.340903131058377884e+00,2.613132783067678044e+00,2.929775159026903442e+00,1.164448290709251932e+00
7.955127496952754118e-01,2.463092713258212552e+00,1.152760155053001334e+00,6.540043046220986867e+00,8.666159840718554719e-01
1.884293758346266223e+00,8.859487268703640783e-01,2.614829691411980850e+00,4.219290648631870866e+00,1.028907383375796680e+00
8.921585450480311597e-01,1.604199263293526023e+00,5.168228171981843921e+00,2.767887640593407639e+00,2.605966431424415752e-01
2.256836192293417143e-01,1.738012122969160300e+00,4.897034085239596379e+00,2.618749839168604154e+00,3.785446152632769845e+00
5.614911315260852076e-01,1.554443344713793085e+00,5.914271458683794336e+00,1.145763802792115982e+00,6.892061674710159291e-01
1.119826812005176642e+00,1.914300603685037627e+00,5.039548430925613332e+00,3.158584087194935996e+00,3.916341062672434314e-01
6.308853548565298563e-01,3.774778143568166211e+00,3.032712775978114728e+00,7.127178849032216323e-01,1.197437369997683909e+00
2.161342578609216636e-01,1.993831849356146435e+00,1.773911833841724350e+00,6.790260415001464267e+00,2.280142415336383621e+00
1.369088584793478169e+00,1.111650987494857912e+00,1.206434207220914878e+00,4.654471659156133034e-01,8.466426610140437958e+00
4.152611446224047098e-01,4.045365903666096941e+00,9.713689749246952054e-01,9.371993996768746005e-01,4.059371446153715368e+00
1.008416941964604518e+00,3.782178672998882885e+00,1.143670594579163424e+00,1.799964614213524161e+00,4.307921584873262155e+00
9.107058443933039316e-01,3.241768424267572613e+00,3.755469057335976579e+00,1.873533566861827815e+00,3.225593726955329643e+00
4.257661962374281739e-01,2.348798069294859570e+00,4.196314795514735962e+00,2.039206029595781455e+00,5.750171972151007616e+00
7.653021571858524830e-01,1.437805095210378026e+00,1.131830290515160042e+00,7.636342919555149100e-01,9.507053577076558071e+00
4.811143655687355469e-01,3.535440099534646663e+00,2.750321317748723793e+00,7.426440767970374779e-01,4.807425770572749890e+00
7.459641989539357310e-01,9.293469260542844834e-01,4.828215706524805917e+00,1.213702329856758855e+00,6.324682391504373058e+00
1.117930333433163614e+00,2.986641894732382951e+00,3.778294362091534353e+00,2.526868780575564521e+00,1.086178728163932572e+00
1.744347908870446329e+00,1.700386190483887727e+00,4.084841675485794354e+00,5.758678926462397207e-01,3.595055420172114102e-01
4.370046476823447046e-01,2.536153151086322222e+00,3.820153374582412109e+00,2.272444817207893930e+00,5.974020602853990169e+00
7.531177307279507405e-01,1.282137966690525932e+00,5.241561837765164711e+00,3.310963686617773849e+00,1.773201126694574636e+00
1.067782134982479869e+00,1.494915565013676284e+00,5.254529021639570807e+00,2.854447382481984707e+00,4.722854542836918967e-01
9.249835463058888596e-01,2.649807989988758106e+00,2.986167512722682993e+00,2.032523152959702983e+00,6.497140978723816573e+00
7.718528666269082184e-01,1.570423953484033408e+00,3.393226616924004624e+00,6.436329779944804486e+00,3.181189922407806070e-01
1.471743610997250817e+00,2.551773808090284756e+00,2.152082393618719003e+00,3.404702246607616445e+00,3.941453380267818662e+00
1.211163417472081338e+00,1.045166228280367315e+00,2.576888028498212524e+00,4.756786436166136056e+00,6.953101767163805569e+00
1.087167957600518431e+00,2.709214542633337164e+00,3.077554365912165579e+00,3.103598556479426840e+00,3.521808665287548656e+00
1.432579626889400437e+00,1.422550748967149392e+00,1.623681531853775173e+00,6.269689451829241200e+00,3.472463545501888182e-01
8.960232888434578324e-01,2.612841845107095828e+00,1.919440827508948288e+00,6.045504909363624613e+00,1.211171130138842145e+00
1.029735903692614363e+00,2.301585083784634556e+00,9.262988997399035362e-01,5.381342992501275013e+00,5.404873242690181989e+00
5.454231395633931667e-01,2.528072508169078692e+00,8.522688295082401222e-01,6.074592729820492920e+00,5.013939816528014681e+00
3.875358963843739679e-01,2.214342042830068635e+00,3.155408777539634446e+00,6.169315279850560607e+00,2.146684275126899077e+00
1.915005568902210520e+00,8.987719416627593105e-01,2.657807462369358387e+00,3.989629679617404001e+00,1.031923286680152652e+00
7.579529446552329963e-01,1.600219570045012141e+00,5.186166766440132747e+00,2.386496170687881779e+00,2.453568040967080144e+00
2.262289558402001133e-01,2.048853323249464342e+00,4.493072819852248934e+00,3.946370614453079906e+00,2.014294895527938500e+00
1.757383435582632991e+00,1.246560369958148007e+00,3.380748090288892449e+00,3.483923004607335727e+00,2.882463459604277745e+00
8.259104010030449139e-01,1.416705542845915877e+00,3.676968500387448824e+00,2.157246296292529397e+00,7.166934536957182189e+00
1.474722827687557691e+00,2.959524516544940642e+00,1.928580750125626686e+00,1.299075685300022931e+00,3.488687100370794880e+00
1.069256287992710552e+00,1.872316653628273819e+00,1.183653093206087359e+00,9.767508035025528335e-01,8.872983939225751016e+00
1.202990801032153501e+00,2.783633197330324993e+00,2.993888227126258794e+00,3.759102301869827745e+00,3.183523943116600030e+00
4.097430946631399062e-01,3.654409307942227070e+00,9.077755480094621410e-01,1.771927550919775385e+00,5.685949879871931678e+00
4.603262597064302630e-01,2.780839220083926921e+00,4.340531401812476986e+00,1.630110359480133164e+00,4.591413679617875054e+00
6.094079067745411527e-01,3.850867774147904044e+00,2.542536700369316449e+00,1.228189834370593925e+00,3.604390121015355053e+00
5.833285443226987610e-01,1.939596654581231316e+00,1.849547062455038082e+00,6.994891283431063478e+00,9.153072975104477038e-01
1.088447309726480405e+00,2.609869891145631282e+00,1.977920186219450205e+00,5.829298612635582799e+00,2.511922702157564746e+00
6.038767802824338560e-01,2.814571509927543680e+00,9.686678519297760026e-01,5.292714254939298257e+00,5.452724470602433371e+00
8.887064765151787560e-01,1.836441691465459769e+00,2.921192535877684904e+00,5.286561901907325556e+00,5.076333051125030416e+00
8.176087798325855083e-01,1.853374229183857747e+00,3.819358862967881407e+00,2.742102750096027552e+00,7.033134799074217902e+00
1.965356234809361391e+00,1.144140164698241424e+00,2.758308994818040372e+00,3.571804477135056111e+00,1.057756984075836959e+00
1.041769520470427368e+00,1.625180368094547578e+00,5.433011332197622778e+00,2.040822832632713357e+00,6.803599863690095173e-01
8.253847286331584820e-01,4.868281987152949797e-01,5.975979758047656354e+00,1.357294942533490367e+00,3.019436018264962662e-01
2.751466082582695316e-01,1.422133605545075730e+00,5.029602198020165282e+00,3.982247257204373003e+00,2.565781039548030495e+00
1.623037961814799646e+00,2.960618466247937786e+00,5.173985227171508106e-01,1.423874101633377576e+00,1.953059032627043834e+00
1.048987971312127510e+00,2.010368927924094162e+00,2.143289743297036143e+00,6.958262599378636892e+00,4.442544118076262039e-01
5.833371305161373366e-01,4.310693143923613468e-01,6.073258980655273476e+00,2.468089473930302091e+00,1.037884547656004575e+00
1.255504831780940744e+00,2.646462416082840274e+00,2.941859296862931572e+00,3.119563245314873612e+00,4.889458565075734953e+00
2.300996119921217831e-01,1.258557440008186035e+00,4.282331437432974397e+00,2.426710031511935206e+00,6.466891621634735188e+00
6.094690756723573077e-01,9.809650384691491753e-01,3.090483476727285961e+00,6.895140546014885352e+00,1.630274193603701294e+00
1.274956264542637552e+00,1.306500791273649487e+00,2.006669995248107963e+00,5.451119349112415691e+00,5.414174819318919418e+00
1.714013086709648803e+00,2.404481570300526894e+00,1.684714549404387807e+00,4.132576237338549063e+00,1.027954899310696835e+00
8.657845698643369392e-01,8.483232338147257412e-01,2.613239433936481504e+00,2.290168030094907436e+00,8.518615687383544355e+00
4.788205017131291763e-01,1.253659968624040610e+00,6.851474610614305405e-01,7.006745679912556923e+00,5.447884140766016792e+00
1.200067770977324422e+00,4.732851808337719124e-01,3.691115655363384818e+00,5.404498026105274633e+00,2.147280798225552623e+00
3.159061573051927807e-01,9.842279289880681015e-01,4.102760687960298469e+00,6.329628818954077474e+00,4.305802686837814086e-01
1.395529827649397259e+00,1.241696508235904162e+00,4.325258840564504048e+00,3.210388564515894494e+00,4.626803413530256925e+00
3.652189018331010173e-01,2.153718865718598163e+00,5.160105734036107172e+00,3.056712942073982919e+00,7.570055423622904511e-01
5.515437360606881834e-01,1.029674536801419071e+00,2.941343147105163425e+00,6.734393433969900755e+00,1.652384694598911796e+00
3.048210805514268706e-01,2.594267390338178103e+00,3.679323882977563187e+00,3.541159157328612750e+00,3.547124812877399336e+00
5.004221468337720635e-01,1.976848533549780518e+00,5.022966398676383726e+00,1.966064343904803779e+00,4.837690019628383631e+00
4.702379202360296717e-01,5.868332070695696512e-01,3.692012775570470140e+00,5.814072043503252019e+00,5.095047886405520643e+00
9.317122327316293973e-01,2.139460648133158838e+00,2.029942765888365752e+00,6.093934733048935293e+00,1.357129568619615423e+00
7.062415805593486029e-01,1.832051487609975826e+00,7.173618292862065093e-01,5.665031140670479637e+00,6.313516526555894792e+00
3.346262581208946374e-01,1.933580003527953561e+00,4.767004099681315665e+00,4.045379344694695511e+00,2.123771435251603723e+00
8.931821656564068457e-01,2.699170226117087790e+00,2.730002193778536590e+00,1.983359130771421786e+00,6.259233111073799094e+00
2.353424532136635661e-01,2.059395052228722989e+00,4.505037329558127190e+00,3.958008320730213470e+00,1.992156767813686669e+00
1.505066413108505419e+00,2.169124096675700830e+00,3.105508761474520707e+00,8.388257051465004555e-01,6.480104196592331611e+00
9.184039239466766924e-01,1.981176862286555762e+00,4.002050203101911841e+00,3.950678003858073328e+00,2.353958422809536710e+00
3.396749608351909422e-01,1.465676017097513828e+00,4.967426777473868960e+00,3.646529237928350486e+00,3.949055932225763677e+00
4.715311556569075080e-01,7.663419964109909888e-01,5.892616840930398503e+00,2.677990529740571723e+00,1.558352006168910009e+00
1.379264687722637106e+00,2.224750283517836547e+00,2.604227716562294237e+00,2.455953851773601038e+00,3.839483035077055906e+00
1.114239118573141951e+00,3.421018027607867218e-01,4.780278409363378778e+00,3.120253602397599746e+00,2.795338841776912719e+00
8.161473249986106460e-01,4.147575221285467739e-01,2.731360553584468054e+00,1.026228839013218819e+00,8.899851557088155118e+00
5.340724448234298594e-01,2.686024603269426603e+00,7.789181534244652427e-01,1.864144360940830136e+00,7.915948827114922537e+00
1.468701692146678894e+00,1.674777563912428269e+00,4.570431651947682639e+00,5.969020993090792260e-01,1.457779702110420184e+00
2.226539102252425018e-01,1.610878128722557312e+00,4.770254997478452275e+00,3.899042960779059985e+00,2.444211727042396198e+00
1.400521211272857558e+00,1.234777474688637078e+00,2.852779964827812709e+00,5.698552031238285132e+00,3.954271015104137366e+00
9.799633786391670487e-01,2.573973482055952111e+00,2.364904391563648289e+00,2.730226171295745630e+00,6.510958321177084507e+00
1.607845925306471413e+00,1.922197977035812855e+00,8.287707839558171585e-01,2.729332975186377297e+00,6.633511655017637842e+00
3.827719631759392005e-01,1.343374096264696060e+00,4.167645226086072796e+00,2.434517119144840702e+00,7.212764145305532892e+00
1.214696043844746054e+00,3.888571778311150640e-01,5.135705518024055394e+00,1.497035915898926595e+00,2.711474418421537802e+00
9.216811078557840542e-01,3.402545668716161487e+00,2.304638258110518034e+00,3.587423138713864645e+00,3.320909014952178495e+00
1.769873508006735374e+00,2.708112731099136195e+00,8.222885532029574618e-01,2.995243305355739238e+00,9.968982738308115321e-01
1.775607336998135111e+00,2.238702102686593864e+00,1.287367090035308692e+00,4.073777125258854603e+00,4.080392716529176234e+00
8.910757317803541522e-01,2.292576816216931324e+00,1.545466685215884706e+00,6.892041330042301794e+00,1.069727639406217623e+00
1.733803156919852206e+00,5.858807470908338200e-01,1.112309469086717684e+00,1.876834809915081781e+00,7.610950553055072731e+00
9.611393754359028874e-01,1.551547035983917633e+00,1.019550539240355658e+00,8.424819163547550005e-01,9.195312312272154287e+00
6.667901460295255767e-01,1.767307897387207394e+00,1.559141954591259260e+00,4.672365941685389323e+00,7.947063103315200827e+00
1.067612125231722553e+00,1.756240956854256963e+00,4.394327855316725540e+00,5.112552575979317560e+00,1.742654500764330150e+00
9.547173290448038863e-01,2.348513429162868427e+00,1.565338152214908130e+00,3.658473121738005762e+00,7.246250660618745343e+00
6.449891101607567734e-01,3.006390438013098798e+00,2.556365641840321334e+00,1.741880664782353261e+00,6.408279493085558443e+00
8.768422814220914185e-01,1.578284848383435301e+00,4.771940048086774411e+00,3.245371097456149823e+00,2.128691066873840132e+00
8.107102302525016624e-01,2.329049716128270386e+00,3.995971763388903142e+00,1.283773047668579803e+00,7.021157479154077841e+00
2.010918932128300973e+00,1.719445095889478026e+00,1.033546394715700867e+00,2.332968850486530243e+00,5.047044846332906509e+00
1.891354569081786341e+00,8.211961697513316949e-01,2.371353728943818240e+00,3.198099439354288975e+00,2.873184678733601949e+00
5.769415923354541675e-01,1.085601987960770121e+00,4.447716643481407495e-01,7.076576728821643236e+00,5.455032796019766650e+00
8.961633067934411390e-01,2.585697349036558901e+00,4.123979317649471454e+00,1.267114229857809748e+00,4.615141459268808255e+00
9.218251168433233556e-01,1.609569085293192758e+00,9.975645814960112379e-01,1.580471087394433871e+00,9.130331667676397700e+00
1.128421417447771802e+00,2.942855733798778406e+00,2.448788540577905071e+00,4.836257061336618257e+00,3.132916352200389554e+00
7.347716856805805996e-01,1.784513563150456505e+00,4.163451281314090480e+00,2.932571977978035704e+00,6.912108304811750870e+00
7.022611900382347283e-01,3.427816938720764206e+00,2.067324135907766536e+00,1.870531879275281639e+00,5.624952663726399571e+00
4.745904119988799130e-01,1.258538451404304537e+00,6.871012298403778029e-01,7.008699448691504408e+00,5.449837909544964276e+00
7.563301863024809446e-01,4.621330181902724155e-01,6.054552406264466669e+00,1.329698413223038944e+00,3.111939989227647252e-01
1.547140863258090970e+00,1.417186085970283393e+00,4.373317936526103011e+00,5.915760499885618362e-01,2.595202735039526143e+00
9.382189282992751123e-01,2.807408465919476015e+00,2.419415132094464571e+00,2.687473837304282132e+00,6.944075903779610037e+00
4.676245549963384818e-01,5.334271141215037870e-01,6.483025117693236306e-01,7.048066986824737867e+00,6.067184373020428900e+00
1.098394622158010758e+00,3.036729538231586201e+00,2.185469335160200366e+00,4.668805765624071569e+00,2.449065011934546732e+00
6.674787482672861483e-01,1.888568652601043008e+00,1.944205755027468729e+00,4.005258688926454980e+00,7.932245382813181145e+00
1.312149187282911633e+00,1.313989286475863549e+00,2.268655004521790364e+00,6.454814539785785676e+00,4.046777011544516078e+00
1.021984613110326734e+00,3.461130380260829753e+00,2.541212045578832956e+00,2.572868781581184816e+00,3.243196715764116611e+00
1.401074865551102944e+00,1.235236888865055116e+00,2.854159357777307005e+00,5.701549499505998320e+00,3.940125493379428079e+00
6.033490789719183622e-01,3.060481801895452048e+00,2.449963010030173027e+00,4.054852866173461301e+00,4.824638422973694496e+00
5.666723440178218496e-01,1.116711261638343000e+00,7.649113378493523907e-01,6.603206943592273781e+00,6.153508714206524566e+00
3.389958067222035298e-01,2.967974674125857693e+00,2.898250293697985924e+00,3.822013190051595011e+00,3.897803154490413036e+00
5.322198474507372490e-01,3.474307785059672415e+00,3.691551354868211732e+00,1.254534852021225610e+00,2.098640395423237326e+00
1.860297598831440080e+00,1.108188853855709866e+00,4.224203328325659257e+00,6.109977629576873737e-01,3.929925489432569696e-01
1.101915207497232707e+00,1.594272325230377874e+00,4.965176386786211538e+00,3.048916732740631907e+00,3.196984604459808033e+00
1.656258857469639301e+00,1.869688549211492967e+00,2.503384244674311088e+00,3.877744811784985757e+00,5.098866841967429231e+00
7.066243021975044947e-01,3.581465142907994448e+00,8.667468060885369363e-01,1.938040249399227033e+00,5.611347807679298860e+00
7.782575188039890790e-01,3.678076682725646140e+00,4.420983125027842520e-01,1.907672908246946353e+00,5.679974630872952623e+00
1.343277276957715261e+00,1.379313818542573067e+00,2.726930979520740372e+00,5.671295883483534084e+00,3.842809799719399066e+00
1.482870865094266133e+00,1.653678427748441981e+00,6.350737228011829050e-01,4.927073296608543984e+00,5.442978910414799643e+00
5.700420737016351769e-01,9.095251769220826787e-01,4.182059382575681994e+00,6.198500928978515567e+00,3.335629300762463223e-01
1.284171649195768650e+00,1.460485502505763700e+00,3.874201243386990789e+00,4.752241808295733172e+00,8.812569283497222461e-01
1.882579750979230138e+00,2.247048925380972229e+00,5.683223635089648118e-01,3.409822355204099154e+00,4.433571700240133140e+00
7.885594857957372028e-01,5.036053993925025951e-01,5.123679240821351399e+00,1.222491511216329929e+00,5.728387820924533358e+00
6.761989642757268992e-01,2.127419216851944572e+00,5.288659343444891192e+00,2.523221566920505143e+00,6.132812500717894633e-01
1.434682678208877071e+00,2.949191956425482264e+00,2.844836049133086409e+00,8.231489574979189427e-01,4.324209739552393295e+00
7.578978342208302355e-01,2.889923222020877258e+00,2.938358579219193079e+00,7.875261631004905061e-01,7.039862154743928180e+00
8.336255705751764999e-01,1.513134088185892789e+00,4.780021390798123271e+00,2.108672467187525879e+00,6.305488511923009298e+00
5.780648754239314790e-01,2.387415979803776622e+00,5.348403572416398966e+00,2.128695187080445805e+00,1.510008428718375706e+00
1.464221251160707338e+00,1.284055132748233019e+00,2.554666101318175286e+00,5.601409058020633935e+00,3.893370826046308242e+00
2.232152027145633544e-01,1.504786514764564043e+00,5.287740014115123621e+00,2.391508054503133973e+00,3.282018209395193953e+00
8.425352296993229295e-01,1.892970620041577234e+00,5.234913284713885062e+00,2.928475543104416268e+00,3.275249134904788528e-01
6.461102361606739786e-01,3.321926681979022078e+00,1.981621158518308556e+00,2.061046536444782973e+00,5.552413913349792729e+00
1.577706797167482522e+00,8.937049261382770116e-01,4.245253433910673557e+00,3.055032394128683215e+00,2.855407784435782803e-01
1.478093077974310887e+00,2.133588591350799035e+00,4.095784316311988249e+00,2.583198616673367365e+00,4.846625308438335389e-01
4.903111511786191201e-01,1.658777258653997944e+00,4.857438096037815178e+00,2.098744066734163471e+00,5.600414085633665273e+00
9.229467840611178531e-01,1.526851093531805592e+00,3.200509395437437288e+00,6.209426211511834381e+00,3.963702733350329410e-01
1.385551836515209079e+00,1.583889697667671514e+00,4.739015061710579069e+00,2.467719506144290698e+00,3.297756890425882492e-01
7.410763872387214901e-01,1.975345603905027003e+00,5.773794471838748166e+00,2.159970292915205814e+00,8.192450751880587800e-01
2.920089434792574323e-01,2.959972581964474436e+00,3.521979013728286922e+00,2.310361498062193153e+00,3.899104323718917797e+00
2.364766866641792031e+00,8.072403371723690935e-01,1.244943045723327479e+00,1.688762601194637281e+00,4.718608584764728553e-01
1.503599559727471391e+00,3.250659175360810060e+00,2.545044815902464563e+00,9.202740990555259293e-01,3.786487712908331305e-01
1.439656673673608056e+00,1.544290433335302914e+00,4.750827297407657746e+00,2.495426350568269669e+00,3.574825334665670540e-01
3.737179285952889618e-01,1.277825031670085210e+00,6.035981466531021411e+00,1.636329641201502927e+00,3.280408457574898740e-01
6.915534356838868302e-01,1.185987892865195903e+00,3.615390661173999209e+00,6.347392535618629594e+00,3.580974753788794818e-01
1.544594093432605231e+00,2.475188760114929831e+00,3.760496449392255247e+00,2.456282417067489288e+00,3.925246955830830053e-01
1.184076223691116425e+00,4.315847400901483555e-01,2.875770763400225416e+00,2.299735050267652792e+00,7.449091287752430013e+00
1.189689316038968769e+00,6.992179830418027153e-01,3.102484017589830056e+00,2.258705644702114324e+00,7.226059822919536302e+00
2.077597711909108913e+00,1.677036798290516995e+00,5.312555624571910773e-01,1.138693702080609382e+00,4.204073168856129250e+00
7.400104961742822729e-01,2.513703310872412722e+00,3.227880948360968283e+00,1.610820479123850735e+00,7.054202992046342047e+00
4.302435015794228157e-01,3.552415219229987819e+00,1.130275666327001272e+00,3.930313541394787613e+00,3.724591403087746055e+00
1.474632861004308459e+00,9.511609121166437752e-01,2.403101157337502514e+00,4.773370746198801307e+00,5.626231150237423151e+00
6.064568026929954003e-01,1.260227400872100834e+00,5.039010175594967222e+00,4.324036612203972396e+00,2.980967847090774114e+00
8.821969516402348166e-01,1.582371423767548801e+00,5.125020609160432450e+00,3.004028081481248336e+00,2.415671160301128273e-01
7.685569898283045598e-01,1.952715847637735092e+00,1.584144683274261389e+00,3.960287561518492705e+00,7.539290952526507716e+00
3.771873126779154428e-01,2.301065290984098066e+00,2.320366268159685497e+00,6.500446123899576101e+00,2.195993237974718681e+00
1.114530095483014183e+00,1.252834764617789531e+00,3.201130908663317953e+00,6.355445021820829155e+00,9.250268711779847663e-01
6.438673494825988275e-01,1.833896618073471707e+00,1.603769281969488425e+00,4.427638970557115528e+00,7.905851812192918437e+00
1.217008697251544369e+00,2.717051102171255561e+00,3.323093454656866452e+00,2.201644715473095371e+00,5.117344744091321118e+00
7.033110731066085641e-01,3.839432002489059137e+00,1.813785452138898080e+00,7.600286465426804305e-01,4.215593182962469321e+00
1.916900994390071666e+00,2.330513522121963721e+00,2.309591368879831741e+00,2.636610764466475132e+00,1.326577619826684984e+00
1.435736786212295168e+00,1.458052602766010786e+00,2.649845367351732595e+00,5.729531127226216825e+00,3.894508687678697179e+00
3.873474733371931045e-01,3.211931988900741608e+00,2.407759342477664433e+00,3.853631162119237175e+00,3.930404776542427037e+00
6.156965425950453596e-01,2.794191618106802277e+00,2.868399187086335012e+00,4.522193625653038396e+00,4.863916038461261415e+00
8.807600867814695533e-01,2.325043657781928452e+00,1.614594052456764350e+00,6.743723909812423756e+00,1.043772070382241068e+00
1.683969626120782159e+00,1.807865465450298359e+00,6.341651687320352115e-01,5.648724997905960166e+00,1.263510651084422065e+00
1.201809170422730944e+00,1.433475142410468361e+00,3.118125664148466925e+00,4.121166414028044400e+00,5.477260420248863504e+00
1.513780179887808552e+00,1.599197460661865300e+00,1.063474140876034646e+00,4.259113538444058378e+00,6.242208718485334984e+00
1.525591469874211459e+00,2.205562513483688036e+00,3.236451030708823229e+00,8.655194862611170770e-01,6.338439641280403158e+00
4.003680552991523145e-01,2.378635300566169786e+00,2.691765160738119445e+00,6.489705693003260834e+00,4.668348446037746680e-01
1.031368793593119060e+00,2.131282867965453409e+00,2.162453501851107962e+00,1.307799369409550660e+00,8.428860740743093771e+00
1.762784244019640845e+00,1.431263145058173869e+00,5.640965883330205655e-01,9.861566115664190946e-01,6.787952326479449461e+00
1.243543097625767979e+00,2.055898291141124545e+00,4.615566289546631396e+00,1.565682620827777205e+00,5.872804543144354295e-01
1.300402442121955993e+00,5.364770682175128425e-01,3.210130231447405613e+00,5.706539943628365918e+00,2.874054710397034862e-01
8.138226254277941552e-01,2.197021922098819413e+00,1.587389802098957636e+00,6.821478778474331151e+00,9.991650878382465351e-01
4.021639269384886806e-01,7.112914850102424191e-01,5.460701587275371693e-01,2.697459333202556486e+00,9.848280380496930775e+00
1.533026762848385793e+00,2.554001514190340494e+00,3.777480065332271320e+00,2.473266033007505360e+00,4.095083115230988002e-01
1.979204463798938995e+00,2.246813200722404424e+00,1.869622651308192385e+00,2.358780407674765822e+00,2.655127104737841748e+00
2.134507245020366817e+00,1.737513865360649223e+00,6.340434016277822771e-01,1.039061448202778237e+00,4.704912672458010370e+00
2.684446328241226754e-01,2.953292226647666663e+00,2.594750377844829536e+00,1.878280147611289586e+00,6.068937404695526894e+00
3.623369975637925622e-01,2.765752113993339201e+00,3.425595641104199895e+00,3.606475642966757711e+00,3.815882250150529398e+00
5.803476128865258099e-01,3.282865908599727156e+00,3.946476712356775884e+00,3.338770422723528863e+00,8.582843031166755843e-01
6.056735104606674192e-01,2.403054127515885430e+00,5.142959374956840080e+00,3.217632205616529184e+00,8.415710231540527442e-01
1.492617325670066109e+00,3.017870051850766178e+00,1.801962491445389336e+00,3.066254998351647831e+00,3.034973577377498288e-01
3.926942994065710790e-01,1.909889921510738109e+00,3.097634342405635621e+00,6.422620891360558915e+00,3.789854374677757987e-01
7.668517964875460891e-01,2.846147866371016910e+00,3.843147606661543758e+00,7.993926038207991303e-01,6.024762191160579761e+00
8.252069520945548575e-01,2.094927564577727441e+00,1.282825728879864569e+00,3.803202854125046439e+00,7.609609632985967487e+00
3.672803786526443459e-01,9.291991062575064575e-01,3.551232435357649209e+00,6.839797360436153717e+00,2.287326424844155603e+00
5.143778797615957687e-01,2.653078242872978887e+00,4.391355267521964478e+00,3.604299129437224192e+00,1.164849460631513622e+00
9.510868407419277304e-01,2.769942954786280609e+00,1.223306405810106412e+00,3.029509912703845842e+00,7.329717373642793632e+00
1.302868245200963226e+00,9.945759666153024536e-01,2.349673250610286868e+00,1.209396909968497358e+00,8.599795597254736634e+00
8.012740378036933286e-01,1.999664496606971209e+00,5.277362362669387963e+00,2.574818745957973665e+00,6.119358331587148037e-01
5.531347632751072441e-01,2.940896442260941157e+00,2.925094907579510739e+00,7.657782712090188681e-01,7.026411385398420251e+00
4.409986578392686707e-01,3.293337877421721682e+00,3.773952783312221726e+00,3.630810876392015718e+00,8.721136819352961478e-01
1.211198027745012062e+00,3.088184997521439712e+00,9.263297909819958598e-01,2.004383023255732699e+00,6.279092605984727626e+00
1.496743043479834334e+00,2.436460627467772699e+00,1.554751560909494179e+00,7.681077291382842898e-01,7.002676125112083483e+00
1.018570763004962076e+00,6.781293121858094075e-01,5.825780542912414539e+00,2.574652816396413080e+00,4.658066386198691511e-01
7.080662293176995803e-01,1.251513537234158147e+00,5.946396469776373372e+00,1.831900029049797318e+00,2.210974326802829903e+00
6.580833334328418660e-01,2.909453715984620548e+00,3.907947934177835592e+00,8.049587228963412944e-01,5.539028552109058090e+00
9.027277847586379078e-01,3.034406074965061428e+00,3.676880644792126951e+00,1.652533850001698168e+00,5.410048515539815028e+00
1.477339684855694557e+00,3.046780756871604545e+00,2.836575293056691205e+00,9.135096708426876377e-01,4.209522477176379951e+00
2.557834955845899594e-01,3.526631143707152471e+00,2.992904666360052701e+00,2.111574259040433610e+00,2.282617150596216504e+00
7.912530573283884650e-01,4.042304213310897509e+00,4.143775645953456377e-01,2.009701856406515219e+00,3.434070171310998454e+00
8.458564600113183118e-01,1.348254792576684125e+00,4.333773011304445255e+00,4.930038216304701848e+00,3.925622996241964202e+00
1.422422778025730139e+00,3.089976065104076852e+00,9.445666230806727404e-01,1.793277869962743853e+00,5.155347370471496937e+00
1.007754236190062436e+00,9.440141183416446147e-01,5.788137770816184080e+00,2.124880259296761498e+00,2.430604608894384455e+00
7.815605343643894365e-01,3.006897753301813747e+00,3.532456359992725670e+00,7.933466480151378786e-01,6.019441309196913004e+00
2.877063159286933347e-01,2.836822302596505807e+00,2.941385315674745371e+00,1.899385449148954130e+00,6.089252385847571780e+00
7.177499076261595334e-01,1.267543943228806924e+00,5.894269299206562174e+00,1.569040399725335266e+00,2.302223862945124822e+00
4.298485212238681297e-01,1.602176943480400517e+00,5.330500946325778422e+00,6.270502115640684826e-01,4.784625967653989953e+00
3.051040650551297695e-01,2.185120450184378171e+00,1.938882000165621289e+00,2.598418339435055291e+00,8.110202148403780953e+00
8.092256785818956466e-01,4.188662714010464860e+00,4.378342355354572502e-01,2.125467794827777368e+00,1.677921684094070720e+00
7.465577292500253925e-01,2.789085202732143554e+00,3.326661093729240015e+00,7.599384252691332442e-01,6.849242623513813299e+00
3.662283437112454632e-01,2.545499111756838406e+00,2.910136133933629576e+00,5.926378987827413347e+00,1.076054394201674480e+00
1.622840814874103366e+00,5.250453092852847004e-01,2.342948223961234699e+00,5.975611998535471869e+00,2.771586751292514084e+00
7.818670643546301591e-01,1.778525141067575754e+00,4.146816708620569614e+00,3.437307214086548157e+00,5.840508475420731038e+00
7.149750878166963863e-01,2.847609283350664988e+00,3.709525889317145442e+00,2.427110400854064487e+00,5.713778659847612573e+00
1.217737731973399740e+00,2.098845565230305077e+00,5.219631645874258652e-01,6.122552516571839298e+00,4.820077807248638990e+00
4.335942649912192248e-01,2.513081215065506413e+00,4.454569588958117166e+00,3.136827281576803905e+00,2.047591700082685762e+00
8.517517324545834656e-01,1.786669449169878909e+00,1.608440847466376056e+00,1.034789418867890332e+00,9.081463587130979676e+00
1.056058745734929971e+00,1.858845085680825626e+00,2.962005093303222036e+00,6.262520997686515045e+00,6.834642483300836791e-01
1.920808029804639938e+00,7.195130009903214496e-01,2.327587887472131634e+00,4.564670015969387151e+00,1.381768455563118225e+00
7.103900583894444676e-01,2.839542365795240553e+00,2.890356021479134174e+00,4.578025777743509828e+00,4.861124493471751684e+00
3.508087232513459330e-01,9.994585307469310287e-01,5.550043682745847029e+00,3.680046539959628937e+00,1.768216340693041788e+00
3.775488225894628735e-01,4.494477602487569889e-01,1.940632060967824923e+00,7.630082322664976324e+00,3.297691862342062574e+00
8.048822878692369898e-01,1.589286710861440577e+00,4.621949109451517934e+00,3.258424495395595866e+00,4.190280657188476532e+00
1.318118097044287840e+00,1.086434027375844158e+00,2.422517709310237688e+00,4.808672615999636690e+00,6.316896239183400930e+00
1.314400764305923897e+00,8.500113275618250697e-01,1.918144055293322658e+00,3.026549625671484112e+00,8.692674731357193707e+00
1.778283948270367398e+00,1.592724770968181991e+00,5.680361246135658959e-01,1.501671493273631031e+00,6.367998969729870673e+00
1.976502126864722930e+00,2.516212664300064183e+00,5.140641810632562425e-01,1.757867211320477185e+00,3.577213313275374951e+00
7.209091562817012688e-01,2.764649852665950203e+00,2.973913036817006361e+00,4.704425367305165473e+00,4.920813584552353959e+00
8.574253189599556624e-01,2.009731960109333748e+00,1.734630853029511366e+00,1.705118724429707910e+00,9.015817547028879275e+00
8.333806444721192364e-01,2.766525398907342836e+00,3.297597504389561784e+00,7.650897287649718326e-01,6.856118488154621993e+00
1.596054433747267964e+00,6.972099627875159022e-01,3.878854557396540059e+00,4.171601924641185732e+00,4.134104667662770183e+00
8.633099816550801053e-01,1.840233856575272053e+00,5.295538850479640125e+00,2.552276036508069890e+00,7.581407145909269119e-01
1.074091504806057973e+00,2.570734826733221734e+00,3.024567304123541245e+00,2.437442996256689476e+00,6.373686586974336876e+00
1.123382621341424192e+00,8.000464855008861953e-01,5.123117494635124558e+00,3.002124982025816458e+00,2.398395968438838677e-01
1.634179182585239420e+00,2.834506756518653248e+00,3.010077720393264045e+00,5.825870416501113258e-01,3.659674699844748247e-01
1.384948128748045626e+00,1.356150819051984868e+00,1.956731924791231370e+00,5.548115297792280742e+00,5.701481204117271773e+00
2.154361087229202110e-01,1.539133538767032849e+00,5.216857783471358978e+00,3.188937166963120795e+00,2.190372059515223402e+00
2.754149083984677171e-01,3.373688216321814259e+00,2.805725046293095826e+00,2.875907944939438021e+00,2.752670895019723840e+00
8.786751627966449263e-01,2.013048669606483987e+00,1.402197738791605586e+00,6.801597267638150868e+00,4.400963417282142132e+00
1.215478850251534348e+00,3.452378743125492200e+00,1.970528212691691206e+00,3.654642373600635263e+00,1.630419362026581442e+00
6.665270780443401932e-01,1.899347517252552908e+00,4.166401520725670160e+00,3.826034802560807080e+00,6.073681547912387124e+00
1.762210210726117499e+00,1.974653486454096107e+00,8.388219418310552955e-01,2.050921846693571915e+00,5.536780857019328650e+00
1.585605103940321170e+00,7.035798884842158207e-01,2.189002743583374766e+00,5.086011976724025274e+00,5.709887659939061777e+00
3.490024152076952602e-01,1.450619723533091543e+00,4.935750736743949041e+00,3.941799127601709252e+00,3.707612693392926762e+00
5.569677031533029066e-01,1.502706835256731210e+00,2.768485194289275864e+00,4.368404970165028267e+00,7.435931422441512950e+00
5.981093386922229360e-01,3.892750035668504083e+00,2.442690066605559096e+00,1.267797016032809143e+00,2.091570895265458141e+00
4.206609272111423992e-01,3.573981061477611743e+00,2.895582282028042798e+00,3.548915887501009170e+00,1.191452281181821116e+00
1.147239888936948393e+00,1.848261297498376532e+00,2.477015943672256082e+00,1.631815457738389208e+00,8.405868303795694274e+00
1.385999952381355094e+00,2.499929759162031306e+00,1.572229742860041135e+00,5.449555526232075842e+00,1.923933072630559682e+00
2.031346846853022026e+00,2.500053844046961959e+00,1.171035609730922911e+00,2.965103641336058971e+00,1.824099494399567867e+00
2.390169406359202442e-01,1.461107980052029465e+00,5.275244957772522447e+00,2.820264320613137699e+00,3.046889401674984121e+00
7.136727645492029204e-01,1.739344427482603983e+00,3.195584662795460495e+00,4.450804926578478593e+00,6.831991499858618866e+00
1.899637597316463200e+00,1.985586732524706743e+00,9.365117893810616101e-01,1.958600132236564484e+00,5.597235991649219145e+00
1.276563739658459262e+00,2.341143690399327237e+00,3.202674665965784317e+00,1.688125592389817520e+00,6.655506176240871596e+00
3.315156204656651839e-01,1.412655942726142255e+00,5.086057789665960449e+00,4.024186738349190939e+00,1.895688442494527504e+00
9.002522614407997281e-01,8.250501698940810869e-01,3.211214116051550160e+00,4.272460096460890533e+00,7.590239336143373095e+00
1.030327244686994437e+00,1.463751412853685707e+00,2.789402072365188445e+00,4.500848584636274907e+00,6.871901807193701472e+00
1.049693720994639978e+00,3.478114079333287645e+00,3.818917409164312993e+00,2.234828472426065193e+00,5.127015245431111312e-01
1.780413596409011756e+00,3.119507971364880561e+00,2.256691806925147592e+00,1.097170798978860162e+00,4.709267325096739287e-01
2.092525861636827411e+00,2.273245288672645081e+00,1.061607133323803742e+00,2.277870818282370813e+00,1.483974063815501232e+00
1.052167783117260225e+00,2.455739980893376195e+00,1.454796360835438174e+00,4.945389548890955389e+00,5.453825496957791508e+00
3.730594482079360175e-01,1.601987322840364047e+00,4.998081639271784837e+00,3.453972112987583998e+00,3.438799925279849568e+00
3.442223694347240626e-01,1.529071024508577681e+00,4.103863872679293756e+00,5.624709680747617568e+00,2.196995313073076161e+00
1.038526031217035239e+00,3.480115102898684309e-01,4.196981200832744285e+00,4.838665945865072260e+00,2.545822764867263555e+00
1.523899793872369735e+00,1.013808356698043145e+00,2.421126908040172498e+00,5.299853540404154906e+00,5.281113812463837043e+00
4.775464071983980263e-01,1.677825625497303186e+00,5.672837560969899329e+00,2.208784590036183548e+00,2.146187583441887092e+00
1.117743262327310250e+00,8.318710032241356522e-01,5.377325466355435069e+00,3.083977945865304715e+00,7.806107622101103871e-01
6.750312306638848181e-01,1.204761886760587597e+00,6.054480510592854081e+00,1.741206958812219874e+00,8.032008326809214616e-01
1.364922443862464529e+00,3.044416644662850224e+00,2.451356817304746194e+00,3.709616708546506825e+00,2.486779513833215383e+00
5.516523611835941754e-01,1.525063012311802968e+00,2.357914552943312092e+00,3.188997433530588843e+00,8.723554372827106107e+00
2.237220505400613069e-01,1.447724702505447159e+00,4.683952097573831352e+00,3.762666257464351460e+00,3.838456221903169485e+00
1.922213025982022705e+00,2.011782119158898929e+00,9.206845955110600777e-01,1.245131837447081891e+00,5.246027146148651177e+00
6.143498034257968143e-01,3.329525635338179135e-01,1.291567417716951383e+00,1.074495791099209230e+00,9.782443161660076214e+00
3.852977743881354500e-01,2.714986229014575869e+00,4.429581743977936803e+00,3.493763017109582592e+00,1.179647247370396723e+00
1.370449093166747012e+00,2.386732128732090619e+00,2.124118547674071156e+00,1.064504224236111352e+00,6.937352201422879894e+00
1.217731996356331781e+00,1.004427022414549509e+00,4.321030760991519948e+00,3.627979927330178267e+00,5.979395828962478454e+00
1.470730399064052563e+00,7.816614626978932723e-01,3.199649953801700253e+00,1.971042331107471401e+00,7.215640679914613109e+00
3.820328781739500412e-01,4.176789022289780995e+00,1.790171824627142083e+00,1.266987766766293655e+00,4.547870652841542460e-01
8.765069188769110120e-01,2.097257575483499004e+00,4.869971482213179215e+00,2.958791183987556472e+00,2.757143136588862675e-01
1.291812481348289632e+00,2.746220826772617141e+00,3.722181579441846466e+00,3.957460661595343598e+00,8.939456967676475685e-01
3.098463895160305515e-01,1.673902319821876761e+00,3.708861156311094032e+00,5.677363418542944906e+00,3.172504531903577618e+00
1.591598146590014196e+00,1.000488220106628967e+00,1.991742798050214258e+00,5.610644280315714383e+00,3.493840076827073649e+00
9.799688641107517917e-01,7.612485119056356941e-01,1.485577691821390989e+00,6.429454454032508259e+00,6.563240634430026255e+00
9.149851508587554250e-01,6.616281377373164352e-01,1.033230896064602167e+00,2.704073282869403183e+00,9.571972500600262279e+00
9.671823385895406133e-01,4.638941572691706039e-01,4.717387756768276041e+00,2.578237554214600991e+00,5.219024736690849764e+00
5.154703803477471702e-01,1.537142296705156008e+00,2.199352801355488385e+00,1.351478856051865574e+00,9.187440051856087919e+00
5.297452831179105814e-01,1.685063884507465692e+00,4.573689728386271192e+00,3.843127626624862181e+00,3.915276248901372824e+00
4.493149776548204244e-01,2.775163576709316793e+00,4.508039881851543917e+00,2.613601360867285450e+00,1.957646389964895928e+00
9.605379689953770228e-01,1.537486144438513058e+00,5.397320401476497054e+00,2.206546533997991055e+00,3.003281543573869672e-01
1.137152030993186180e+00,3.073282106686849868e+00,1.448632798267035060e+00,6.722964629516750001e-01,5.893173495618416524e+00
4.226402982827550114e-01,2.530874232874675833e+00,3.323750892425496595e+00,3.072682018014048388e+00,5.825902390108168127e+00
1.484562680658242151e+00,5.659405177350355087e-01,2.482066720477056787e+00,5.035603028854605867e+00,3.722118309344664588e+00
1.547078093246642139e+00,1.290781529446794140e+00,3.650705651927119710e+00,3.913959857457419034e+00,3.453065192982503806e+00
7.823670656206073160e-01,5.550721836567092948e-01,2.029818538142534656e+00,6.191871859462692029e+00,6.812768684918026452e+00
9.652339272576436757e-01,8.196328150302967241e-01,1.244157308874807022e+00,6.335451040478373486e+00,6.476929987693471169e+00
9.946177642415232611e-01,5.460565356068233234e-01,5.503207357983789016e+00,2.675707005946748485e+00,3.912825263173782986e+00
1.247267362424415715e+00,8.089820723145992876e-01,8.090724934639168531e-01,3.313893854377072845e+00,8.778272239859074233e+00
1.160657301677831432e+00,6.841063377055058847e-01,4.513340679575186698e+00,2.653945965308663002e+00,4.561651661061356222e+00
1.481379193447591947e+00,1.498862547380885202e+00,7.498160903719195414e-01,3.932726273697773500e+00,7.581610501141674341e+00
8.554523848116005746e-01,1.940232129091439273e+00,2.097447012575700764e+00,1.744784835448513149e+00,8.901877499644768932e+00
1.285298358322452428e+00,6.503137883835445887e-01,3.512981791263417808e+00,4.597861146358050988e+00,3.915204964670200738e+00
6.171939662475069976e-01,3.665498509403046223e-01,1.062578991157235198e+00,9.622699380210552045e-01,1.000858109488212122e+01
6.562040234478663248e-01,3.736633517186441988e+00,6.744897194094428006e-01,1.836862453168708775e+00,5.003153903096450250e+00
1.122799548346625542e+00,6.103942292296191674e-01,1.392056973720206425e+00,7.438638378932269646e+00,3.725238003965563482e+00
1.096966648689081225e+00,7.952616769159432941e-01,4.829119548673785012e+00,2.820252605030072246e+00,3.897887884509898981e+00
2.125208163215815960e-01,1.301778458838441122e+00,4.741025266801930371e+00,3.753429981293397333e+00,3.906236277076547303e+00
4.558808645944384397e-01,6.180135891001528048e-01,4.448828360365753909e+00,6.107277127034754116e+00,3.609893346028747452e-01
1.555647964044884812e+00,2.400347789830006295e+00,3.814280905104152186e+00,5.623128685149522132e-01,1.585769548241399374e+00
8.768119496511976863e-01,2.197243389891628151e+00,4.212758728864235636e+00,5.010934431577005910e+00,8.161468101969511224e-01
6.676853895518550797e-01,1.078186353751534599e+00,4.949581674904993456e+00,3.962110478780732414e+00,3.235945805465009872e+00
5.581367288189997833e-01,4.020054724226063692e-01,4.556620076020852395e+00,5.660018806769929078e+00,2.950356260150116539e-01
1.118319124902888095e+00,9.331712899776103409e-01,4.467369558439187038e+00,4.149395774997261199e+00,4.604324210503766501e+00
1.415311194351628998e+00,9.238342906502358121e-01,2.278503177986503481e+00,5.490650728945659864e+00,5.229043969249127066e+00
7.660526585435618596e-01,4.367720438475182210e-01,4.833132804372018754e+00,4.878366097409305269e+00,2.800013921587113930e-01
6.512338189400808108e-01,3.760086915816771014e-01,4.918910987477495667e+00,4.813767177490168692e+00,2.614181542502088007e+00
6.332444269691481775e-01,2.432122670770747064e+00,4.246910015478968070e+00,5.045438091936324199e+00,8.506504705562690782e-01
3.272877528980891459e-01,1.514786107696100004e+00,5.264220370800424043e+00,2.566215216513852315e+00,3.943383485334157612e+00
2.917394677887832910e-01,1.269479653296252675e+00,3.319946532119752991e+00,4.744456291962514172e+00,6.197702328367810765e+00
1.611149902240428755e+00,6.106836458931296230e-01,2.378102471181498867e+00,5.705389646645813606e+00,2.230066528332780962e+00
1.266682695210793907e+00,5.236005246995056872e-01,3.297679173317705104e+00,5.701794846067985922e+00,2.826603734793234346e-01
9.711231080100494184e-01,7.803137128532935396e-01,4.453915726198136582e+00,5.093897299264840584e+00,3.430508797635535512e+00
4.799055261588454635e-01,3.964747976013807573e+00,1.954029532529796054e+00,1.452215198340190305e+00,3.226888271897674798e+00
1.261246822175681404e+00,1.493119107876012430e+00,1.356454196223920272e+00,2.209288850668033710e+00,7.823716381745157378e+00
3.874704782477591536e-01,1.412936492490095342e+00,3.992230621210627994e+00,5.676371290668515535e+00,2.723280009519415401e+00
1.501713735135930872e+00,2.731214507131666913e+00,3.819232496609303307e-01,1.856705420093281544e+00,5.811054510533876893e+00
8.492343311681880280e-01,1.339451671762693197e+00,2.041921157333018488e+00,1.933636482032853543e+00,8.838864331783101491e+00
7.523733770411016319e-01,2.352021645252538207e+00,1.411615226382088029e+00,3.903672221787505947e+00,7.727684330142870373e+00
1.095174010894611749e+00,1.302378282735163761e+00,5.160992370968861209e+00,2.196272691076552430e+00,4.067458271218610477e+00
1.566132459574917757e+00,2.529679511019329752e+00,8.027489136085265153e-01,4.760933153297647102e+00,3.693661636575376050e+00
1.216669939201171058e+00,3.374850453014504925e+00,3.840118049678401313e+00,2.294056502245386930e+00,5.372679776316119371e-01
7.168288511992870760e-01,7.588298599526185351e-01,3.474738985216600629e+00,4.856291570017793546e+00,6.107581655463008907e+00
5.290969150273583388e-01,2.065173223423405702e+00,4.851903480755662024e+00,5.061903944642818232e-01,4.888113364056465571e+00
9.829856068830107318e-01,8.797741493875539387e-01,5.549293355551821350e+00,1.762398040730824622e+00,3.721191609755587049e+00
4.838155899775649083e-01,4.029947950506923560e-01,4.064478261947299664e+00,6.581670096605102493e+00,9.415132410748929814e-01
6.805230479056900705e-01,1.084330998188654638e+00,5.079148313708044427e+00,3.123143023759952008e+00,3.911286630044355395e+00
1.112325322578863629e+00,3.014795522634867275e+00,9.724895381488278812e-01,2.173465167159895017e+00,6.282443450908660409e+00
9.670938306533928275e-01,1.344382961391227926e+00,4.688514441237991548e+00,1.088592358716510056e+00,6.537057459352219269e+00
1.884904311614564953e+00,1.407409181810007404e+00,1.312154563942214303e+00,3.017939908930742821e+00,4.302922088523394528e+00
3.232016935844015948e-01,3.664987161531004123e+00,2.823316789305792440e+00,2.015552802842589308e+00,1.918336063870008434e+00
5.771389950293133175e-01,3.639903306833208174e-01,6.134223335580889724e+00,1.196886096813961409e+00,2.017418210282864610e+00
9.469988627530931957e-01,2.651742960050028408e+00,2.381879049094260736e+00,3.828172995599344208e+00,6.562881218495873803e+00
1.450085720633462305e+00,2.645249337934101774e+00,1.586926749648612134e+00,5.924658039590087633e+00,5.258840746660778942e-01
4.779748502496136142e-01,2.289423271151058259e+00,2.087477155492960978e+00,4.880486299455610855e+00,6.094343476564382023e+00
1.926652452652740211e+00,9.135568608088637799e-01,6.933002846294566979e-01,2.330012689510363444e+00,6.771322607301155649e+00
1.312414787620860501e+00,5.882800404110954950e-01,2.599174590573845034e+00,1.116209306970590509e+00,8.118835283158475136e+00
3.978974677043275454e-01,7.166535674024443470e-01,6.149969571777834432e+00,2.014621170257389071e+00,1.702785128005708470e+00
8.668395186953801179e-01,4.384332174556093698e-01,3.401812890312700510e+00,4.842521670495272268e+00,6.299899479545694625e+00
4.418860862738525630e-01,1.562545264196036010e+00,3.807991731860843387e+00,4.576499363927530872e-01,7.717316075289014421e+00
1.345172037502800677e+00,1.240745558408473004e+00,1.856092072519502700e+00,1.546182924941394088e+00,8.515364903728242396e+00
8.605786520553921903e-01,1.712868310301436381e+00,4.392691610425507598e+00,3.716014497675386163e+00,4.660158658388181330e+00
1.272920192962406993e+00,9.248747241020776055e-01,4.630522739012433497e+00,8.842228361676219839e-01,6.171061067530387412e+00
1.532407944754212492e+00,2.415861469210686785e+00,3.624942225275168406e-01,2.359932258321273402e+00,6.015381349718460058e+00
6.613377086375133995e-01,9.037845542750309047e-01,2.432264841741095029e+00,6.964309763843218093e+00,4.898464024992882138e+00
9.982654829014991904e-01,1.656481059724832505e+00,5.233169697002476362e+00,8.452136345507861304e-01,4.413009939519455749e+00
1.754248521980749764e+00,1.598727670563526271e+00,3.773757016570590483e+00,5.406184989581814815e-01,1.545568718814119613e+00
2.020938101691065469e+00,1.113051776106253499e+00,6.313920813539574128e-01,1.445785244298686933e+00,5.845343057752000249e+00
4.914490894221732464e-01,3.626216266712027014e+00,2.514647528519529107e+00,7.552056970164621186e-01,4.820155366090772553e+00
1.474019414622826707e+00,2.671121712876622922e+00,1.186179777794611701e+00,2.644190090984374741e+00,5.662103579871201831e+00
1.483644128353628577e+00,3.736658476750835955e+00,1.085707756702156024e+00,1.380027431424851514e+00,1.835115272089820948e+00
1.220208415588404094e+00,8.851757340288908260e-01,5.336668615085217837e+00,2.022712598873899204e+00,1.575821012015145239e+00
1.624938858163410771e+00,3.138015364782731798e+00,1.333374004488689035e+00,1.303588779960276778e+00,5.946566655577799621e-01
3.359279176495485464e-01,3.581622289131284109e+00,2.951814178658455745e+00,2.728198536062810042e+00,1.089546861612218365e+00
4.466369142161705774e-01,3.548101829331055113e-01,4.428690024032181149e+00,5.742438071701581492e+00,2.602770504008591779e+00
5.466999508806613672e-01,6.635612482664881018e-01,5.312423064731543576e+00,1.514302499881693631e+00,5.978139986021325569e+00
5.234558587067041913e-01,6.368254662795519438e-01,6.086899576169051862e+00,2.520468602289598792e+00,9.532035472289961398e-01
6.413620036831579885e-01,1.183031064280784417e+00,3.417258337265565604e+00,4.840707297718537916e+00,6.305370637163564496e+00
1.276918677308301886e+00,2.032396227205234052e+00,2.469480384522257932e+00,6.536101412483142248e+00,9.067899801536414284e-01
5.418533571675940852e-01,4.737272542559306521e-01,4.439584927584049545e+00,2.758091230538497030e+00,7.290160725222310845e+00
5.752418989661998161e-01,4.557833655916794235e-01,5.757955375638974971e+00,1.169359225416701342e+00,4.920111422337525298e+00
1.760723080822671260e+00,1.131439797327183028e+00,3.232753676265611276e+00,4.387979805487495000e+00,2.198488510401372942e+00
1.392222061807468769e+00,9.789183588590588680e-01,3.259678261809853872e+00,4.937847353993874755e+00,3.569289081872293767e+00
1.864690864637874146e+00,1.718115694292066564e+00,3.725832154315667388e+00,1.174016420794469440e+00,1.615912286054192126e+00
3.932385989554539329e-01,3.360458911334069931e+00,8.486851424997632343e-01,1.081303610948568528e+00,6.817780921878248357e+00
1.360446425700549078e+00,1.710461637052507422e+00,3.700447106525093677e+00,1.377655247960333007e+00,6.318823723223895961e+00
1.472113797460440576e+00,2.800836625144011549e+00,1.346061256186239063e+00,1.287583857871124060e+00,4.985708899102573533e+00
9.398028651709504633e-01,4.138639203732954464e-01,4.051898126842599090e+00,5.729409022423081588e+00,2.375546695924099172e+00
1.404475093957942677e+00,2.238978032938640172e+00,4.027189207082125577e+00,4.239613932899174209e+00,9.101555162531165255e-01
1.090210188052192386e+00,2.320332172296139195e+00,3.770059992633368662e+00,3.933404491979861639e+00,3.402817641133481175e+00
2.001797655783075225e+00,1.901945077695722075e+00,2.670540438257972937e+00,9.361007164163730465e-01,2.883860753787631293e+00
1.352399470836395334e+00,1.491814970334863766e+00,1.509395537691039069e+00,1.564431902836534549e+00,8.638174568372091855e+00
8.921289139993143769e-01,3.295726560201333921e+00,7.479982771384399154e-01,5.109415378766478888e+00,3.282228854126025386e+00
9.946788615652077947e-01,1.645231937946444845e+00,4.591711534767610736e+00,1.582238580933206906e+00,6.153976836973727771e+00
6.696430147840053415e-01,2.382131772032711314e+00,1.505450677703176643e+00,4.199008000690856335e+00,7.806262013072911898e+00
6.179242540320867283e-01,8.585192640271381848e-01,2.293404666281162463e+00,7.191669933675771453e+00,4.361721552416038428e+00
1.505324714206613734e+00,2.770936823349762435e+00,3.062245752142440658e+00,2.111548533450627652e+00,1.924090506135257339e+00
1.822988548747711546e+00,2.742142842488190624e+00,3.087075902565736385e+00,2.060907320974226575e+00,6.193481481644433906e-01
9.173993304304365326e-01,1.490699308718292260e+00,3.745973654592490654e+00,4.857788164735059588e+00,4.643638767526436339e+00
2.059421599447494255e+00,1.198295894661205896e+00,1.472148245730941163e+00,2.024329816956140782e+00,1.884907536622452806e+00
1.557830907939919740e+00,2.986877429452837074e+00,3.319710251218686015e-01,2.646804163237879148e+00,3.244340211650596384e+00
4.870291036312746069e-01,2.871167174498438168e+00,2.881061115241038806e+00,2.088939825623342905e+00,5.856379324104035611e+00
7.899618565228136990e-01,1.243528767858605999e+00,3.836504249457925120e+00,5.447420032979537474e-01,7.757906345567698203e+00
3.909635261322497168e-01,4.133434826305236953e+00,1.262807256474182127e+00,1.614083130975357827e+00,1.813661640857257007e+00
9.822802906544825241e-01,3.590394353177356557e+00,3.397623457808881309e+00,2.487309522834999953e+00,1.916292371842387654e+00
1.715775907713020576e+00,1.058922906980974243e+00,1.285803567036772010e+00,3.930564487548243946e+00,7.048896497770229530e+00
1.384357244273221266e+00,3.758628098302417175e+00,1.164165029388969375e+00,9.356175507100331634e-01,1.394566145887594200e+00
1.007565340287740696e+00,4.710403547353020359e-01,1.952042895750075502e+00,4.012970574165084514e+00,7.880053956833646289e+00
3.423696653770987308e-01,1.273539383358892163e+00,3.269468056445409498e+00,4.653736811420621677e+00,6.528795854728127956e+00
6.580494651654482663e-01,4.468874805334694389e-01,3.921326726114438888e+00,6.542964109320303479e+00,1.355234502915215966e+00
1.200857318702628351e+00,9.048313947282020653e-01,5.207358757515390124e+00,2.508441558902363422e+00,1.502609665740478606e+00
3.553788993050991940e-01,3.844590033841342791e+00,2.166794120449106575e+00,2.549400272627091013e+00,2.346570518776579295e+00
5.440034186732378707e-01,3.932385191754786735e+00,1.564281630126320710e+00,1.664364735686509444e+00,2.560909790000017505e+00
1.714492994637097478e+00,2.498624149702431740e+00,4.832972280003773324e-01,1.950420628770749287e+00,6.134578075475570991e+00
1.767539087127212749e+00,2.848295091115192967e+00,1.074954044483093618e+00,1.059969439237642419e+00,2.642866481911269716e+00
1.743152440141285897e+00,1.659548802306208604e+00,1.698443012389957207e+00,2.313506427611075722e+00,6.245660405724692055e+00
1.989294549383414878e+00,2.345420269290547033e+00,1.155846344471102238e+00,1.956871284983851877e+00,2.648288979450353686e+00
8.204211111320449668e-01,1.248471024399369966e+00,3.899817945842145139e+00,3.941742908387233069e+00,6.852247059191221012e+00
4.788702749970214501e-01,4.050702533564843888e-01,4.027340654779309581e+00,6.549435493497044014e+00,1.804962503112459649e+00
1.345489985473705463e+00,1.489180108505677058e+00,1.626795015573683445e+00,1.588287663276940265e+00,8.434729537786772369e+00
5.567275470298691520e-01,2.630980195283321166e+00,4.727642873960122394e+00,4.302704293443016859e+00,1.218239121793715629e+00
1.035037110426782370e+00,3.416341683396726836e+00,3.945855531235546554e+00,2.231209134013077744e+00,5.090821861301235707e-01
1.533762318005248204e+00,2.009955611407245879e+00,3.012106311523382374e+00,5.659726549010409613e+00,5.324645572963186968e-01
1.241898185879988237e+00,1.888485089881200674e+00,3.643135695466389379e+00,9.978522245684418035e-01,6.480271158115772145e+00
1.517843396238002240e+00,2.877087375428866167e+00,2.385243982360777615e+00,2.651247167985137487e+00,3.073748619521100789e+00
1.455952105811037844e+00,1.621462957715465336e+00,1.788368681194359322e+00,4.345953578642564707e+00,5.924013720205124400e+00
1.170206620793320829e+00,8.361036191726263223e-01,5.303129850609605178e+00,2.212045068102396428e+00,2.571045469323637311e-01
7.094078957836731369e-01,5.066652680904295547e-01,4.261088922173558835e+00,6.263034218451121404e+00,9.596336688379054625e-01
4.846894131314529175e-01,1.913083807299256645e+00,5.391415485676834152e+00,1.630233209952463458e+00,2.832374878272841290e+00
8.800559389196065396e-01,7.837844389699887282e-01,2.648494414194244140e+00,6.641595194300591309e+00,5.037428041482771235e+00
1.014467793686645969e+00,2.896923467100326555e+00,2.950506501672360393e+00,1.467305424504397937e+00,5.978545710459632900e+00
4.333069003707432643e-01,3.871218564827923814e+00,2.124795477594230597e+00,3.167673569837072378e+00,1.237835195911736408e+00
4.576647076084057186e-01,3.786527668126105084e+00,9.039256739449039735e-01,2.900687770798046294e+00,2.978489467370550869e+00
8.322312870584895883e-01,2.306718520996204891e+00,3.722932524476405991e+00,1.082566188815359709e+00,7.178036909724643699e+00
7.803909104189590273e-01,4.222204347137155089e-01,3.125703873250698983e+00,4.625474245121995232e+00,6.844184998652585783e+00
1.099699625202154918e+00,8.001424579664797587e-01,2.070764878116280183e+00,3.620571219577913613e+00,8.011808937939603581e+00
2.001021765148970566e+00,1.906804545395321071e+00,1.504142828646085395e+00,1.738894710264923926e+00,5.233166651127991287e+00
1.088488569053931210e+00,2.647489452956814038e+00,1.241448624277557977e+00,4.226337882558692804e+00,5.908743216894647432e+00
7.473204848100041264e-01,1.162581349146738052e+00,1.750941328897335669e+00,4.424937348204787568e+00,7.838145933876616844e+00
4.820560688199450050e-01,3.316488055292933446e+00,5.768511558356608226e-01,8.294391015867322858e-01,6.755745353356056526e+00
1.669956287545862672e+00,1.856026668241137045e+00,6.747324941925052499e-01,5.589759998688500708e+00,2.329476736566813422e+00
6.260153397535888065e-01,5.158002812658861735e-01,5.160082903130744469e+00,1.791136797563624983e+00,6.293525172845871651e+00
3.367168516930438837e-01,2.867463445620664242e+00,3.637255133969447218e+00,2.809166524497389794e+00,4.299608975452540172e+00
5.106893189099147579e-01,1.670949413995071353e+00,4.498549839817230556e+00,1.485856749845251290e+00,6.429475219649363638e+00
1.092904901406670293e+00,1.914768163916499066e+00,3.870849763404118904e-01,5.333677941773738773e+00,6.217256261154791908e+00
1.013441543723337501e+00,3.164600746361872829e+00,2.826049982986327702e+00,2.177968678546539305e+00,5.173767830148219282e+00
1.367995231097820286e+00,1.986132984104096000e+00,3.898164185014898031e+00,1.126070512201882368e+00,5.803444125415111010e+00
1.401665800891494618e+00,2.114377470501078271e+00,2.327413516100753199e+00,1.233739435116051553e+00,7.341129100272057784e+00
6.848832819627811430e-01,4.866663779976311277e-01,4.285309056113420390e+00,6.306090298834942764e+00,9.862424065642292348e-01
1.115908103102012827e+00,3.552536616408052961e+00,9.051903416496328569e-01,1.364829069236952241e+00,5.687947688843697946e+00
4.683679697685895205e-01,3.417980414642172615e+00,1.941357942385062652e+00,2.409486471372823679e+00,5.960959984920763510e+00
4.515489326802939463e-01,8.041960251707357399e-01,4.980789680552926590e+00,4.861646105620199165e+00,1.314778882166839136e+00
7.434090519292966270e-01,1.884071435334301992e+00,5.128789875832418410e+00,3.076548295692294488e+00,1.403736409660244711e+00
4.056834911229114660e-01,4.217195757599419892e+00,9.271816475826406556e-01,1.286560143797665479e+00,2.406952391087559207e+00
6.539487910466166287e-01,9.874371634650519480e-01,4.338499268040592938e+00,1.363040402338043577e+00,7.322545581555735872e+00
1.184888752708276760e+00,1.131126622480397304e+00,5.389778190977107641e+00,1.942186670873457643e+00,3.049009729742021557e-01
1.166383338718184559e+00,1.264940540441673589e+00,1.936049116297711148e+00,6.910281585023938966e+00,4.158686389198890332e+00
1.868353636900130343e+00,6.431261543322478458e-01,2.664196669703565945e+00,1.594481841629751706e+00,6.113683638910619500e+00
1.920199014825344275e+00,1.231682034592087582e+00,1.657807049079768280e+00,2.412520459951714713e+00,5.885815919951484787e+00
1.141309890555195494e+00,2.294324309140483020e+00,3.355567112812833486e+00,4.308632433312083343e+00,1.784597609945928642e+00
1.152717298481482411e+00,1.995770229723974776e+00,4.152727680894706674e-01,4.964954754302588924e+00,6.552784238860430932e+00
6.713353051319373987e-01,5.076077504088966075e-01,1.880952852593809732e+00,7.092102746992562601e+00,5.257119147816303517e+00
1.523533358898502499e+00,2.829947178406307273e+00,3.672746718458594906e-01,3.546797506159367952e+00,3.755673696002606921e+00
1.281647319878680191e+00,2.409270814335139121e+00,4.011484112004075619e+00,2.723443664188729407e+00,1.331016901980468070e+00
1.453256879121950007e+00,2.938645044636735815e+00,2.716713773824982248e+00,1.559241027188285500e+00,2.468546073375855965e+00
1.398194890995857698e+00,2.686770614289080594e+00,3.444173448790219805e+00,7.028045500590083261e-01,3.290480424012336869e+00
4.694792335311647746e-01,1.666644209361935580e+00,4.416215216236942354e+00,3.192606616790000906e+00,5.996835296637254231e+00
6.513283329102137476e-01,1.423810017630670277e+00,8.160057206969255628e-01,2.821820516175304938e+00,9.365623964010937996e+00
1.042134422268766070e+00,1.753467685244844088e+00,1.374168936931699392e+00,6.153584758854024450e+00,5.578697468394416603e+00
5.229542219001893644e-01,4.041070760933006545e-01,4.667491594454248549e+00,5.087331119562709780e+00,3.699784896541497670e+00
6.167111328590823005e-01,2.737213208396845232e+00,1.660396538625735996e+00,1.514740043734036590e+00,7.760999247230262910e+00
1.000281631387475167e+00,2.634985641372721510e+00,4.339520613906592494e+00,2.078777425565861314e+00,6.852956663646079249e-01
1.358845850333088690e+00,1.161807827886729871e+00,5.084040808912034137e+00,1.835911833583133701e+00,3.365801344672421536e+00
1.341350249726480204e+00,2.426979226444308413e+00,4.089381801797535299e-01,3.514100774616069067e+00,6.461015288848569682e+00
1.553083270377270120e+00,2.796619263385040188e+00,3.590244829926017012e-01,3.687502204535963557e+00,3.272195257245428035e+00
1.761183460196619421e+00,2.679893175982304143e+00,1.069588438461084312e+00,3.139069998331260880e+00,3.848265967304495661e+00
9.518090584896801154e-01,2.104473677004775389e+00,5.286868480357378441e-01,5.623052783142198585e+00,6.380302883454393559e+00
1.730537709742990593e+00,2.857524212312044121e+00,1.204695164727968448e+00,2.746589434270842123e+00,2.849690688784130899e+00
6.819283767154468157e-01,5.489776746704239097e-01,5.990780040285590857e+00,2.615661049322020482e+00,2.456882829575338434e+00
1.090739441596646930e+00,9.911939521595025671e-01,5.157237305852889975e+00,2.943411940041168240e+00,2.467234252680536033e-01
4.011051176851616051e-01,3.921619185308962585e+00,2.220155021505167969e+00,2.608437180075172002e+00,1.468216967932181038e+00
6.109921776678389760e-01,2.468746260785278590e+00,4.625759060668218403e+00,5.919274811696138006e-01,4.973850450761797326e+00
9.484822083924271396e-01,1.981622236713269647e+00,6.817908766205045268e-01,5.274880969452436119e+00,6.158459288833489254e+00
1.182636225187470247e+00,2.111571888274145437e+00,3.848620332751374606e-01,4.612017572871343063e+00,6.438668336852765961e+00
1.457833333512163376e+00,2.373921971672209530e+00,3.070876548998247912e+00,1.685758696351342678e+00,6.082710675712688975e+00
1.440057940099071843e+00,2.515507902489171332e+00,5.242219726979738814e-01,2.240312461060701477e+00,7.483904051341964347e+00
2.118006304939243023e+00,6.490016896484533948e-01,4.984544235905525866e-01,2.453041073090855839e+00,1.175622739450842280e+00
1.540449342837885371e+00,2.478292262086485120e+00,5.519550122878631448e-01,4.016463695357213481e+00,3.718549283284435791e+00
1.424331447914901627e+00,2.800270924155648267e+00,4.118850695433086129e-01,1.372261265903590877e+00,6.420877789148892845e+00
1.749280409011028103e+00,6.428234024309532613e-01,2.496098694746172075e+00,2.744579753945826983e+00,4.607784416683667672e+00
3.894198841149676404e-01,2.105487928377631768e+00,5.275670731722645890e+00,1.859464889618340555e+00,2.176326590701616492e+00
9.674997192795897760e-01,3.449003822711475653e+00,2.410427840606951033e+00,1.146411640829827050e+00,5.688881656213713889e+00
4.017500020785788051e-01,3.969839229105105005e+00,5.607116218904327765e-01,2.999860577108289128e+00,2.042352370181152565e+00
1.298695650168715243e+00,2.817016500247692345e+00,3.052907683129566507e+00,1.253892577843443767e+00,1.154432682816620481e+00
8.066692437582629882e-01,2.305655224964058725e+00,5.628234158436608681e+00,9.020893431202509083e-01,4.735887292860183062e-01
5.600127853430907354e-01,2.480357616126911857e+00,2.409402078401952974e+00,4.427751573597956680e-01,7.701474333913014725e+00
3.753952512717670942e-01,3.995029358990776380e+00,3.869605352735642767e-01,3.157170305878120864e+00,2.093990267838925057e+00
6.789371710929050785e-01,1.872214658083919403e+00,1.470309775053530110e+00,7.472688432858388019e+00,2.472999865816672305e+00
1.266977461149620066e+00,1.399332914845747622e+00,2.874186034828308589e+00,4.972762627997814100e+00,5.445527102746588355e+00
1.357189751598170790e+00,2.652206582623124032e+00,2.866755795762765846e+00,2.399875423552994658e+00,2.802716188053576918e+00
4.408640395677401180e-01,1.668719450267108551e+00,4.488778260917466234e+00,3.233801319776495653e+00,5.640467894739048305e+00
1.594731821697771945e+00,3.042487184013547896e+00,3.528231839588713004e-01,2.697961734819838586e+00,2.819350788844988465e+00
1.537952684857442298e+00,2.389337509924067682e+00,2.558127751588936682e+00,3.269477653256731564e+00,3.201057737724297692e+00
2.051417423805129037e+00,1.719421657411841275e+00,1.436011802757064970e+00,7.481738176210561697e-01,4.918003615678486540e+00
1.085304275704756627e+00,1.843401649537854903e+00,8.791794371691106225e-01,2.317574964004053051e+00,8.892466286169160128e+00
1.307447914054830074e+00,2.408104405557618399e+00,3.783792846671460097e+00,3.919650437434583523e+00,3.032085317225332588e+00
1.847439437375452576e+00,1.231330785125355654e+00,3.527031116595070070e+00,3.068819951339706531e+00,3.586071016939828549e-01
2.161495538755309642e+00,9.870409659413634795e-01,2.973348539475248575e+00,7.320769797882714647e-01,1.178372060130587373e+00
7.103927308620943126e-01,1.831824703130231935e+00,5.046489389538137971e+00,3.342814572556247921e+00,8.168330258083260631e-01
6.009448068629650308e-01,2.583149491513123230e+00,2.252470181371426516e+00,5.160058112977731204e-01,7.733355922852262587e+00
1.534959537039905175e+00,2.960907452108219040e+00,6.095264817282350922e-01,2.638928034522507016e+00,3.224157457046194164e+00
6.818919666421840997e-01,1.220648426048340784e+00,3.535418323290708820e+00,5.151138073186671384e+00,5.925018783326986949e+00
7.520022910281620732e-01,3.851128187993599017e+00,2.265724082589638311e+00,1.016028999433177926e+00,2.404784878262412384e+00
1.115834615646262629e+00,2.099545059399917424e+00,1.995258003582976336e+00,2.915018802524400154e+00,6.952982620157895255e+00
4.088086110364715364e-01,2.046593830459441765e+00,1.728525128247976106e+00,3.846395120922825317e+00,7.717564541131300970e+00
1.197613933345675674e+00,2.862465481004831336e+00,4.998021688262828111e-01,3.597986025635235396e+00,6.575268697578663613e+00
3.603456018030208874e-01,4.578151858088794768e-01,4.410500955986633720e+00,8.101891787441782844e-01,7.544987769248517218e+00
1.767780297004126755e+00,1.982458683159672663e+00,1.796436029573613258e+00,1.736188773622138415e+00,5.440562642975713459e+00
9.509825581993391896e-01,5.946188530141927053e-01,3.619155858092917732e+00,5.394263252594072355e+00,5.477557790822141115e+00
1.447769330881882421e+00,3.126558590920439418e+00,2.211925977327084070e+00,2.597935371832306828e+00,1.900441918574466760e+00
5.464840715611782862e-01,2.422253421835844467e+00,4.471944644407052749e+00,1.307677459140771603e+00,4.907174983649007061e+00
5.621199533072391841e-01,3.626336750526006458e+00,9.852443711642357993e-01,2.579965507473412245e+00,4.825045252018028918e+00
4.791149617401950223e-01,1.646260382989373383e+00,3.552286812838497010e+00,6.131109759760065891e+00,3.759924423325153864e+00
5.779381023622751634e-01,3.420007571486488818e+00,3.101340314728406877e+00,3.347964399389536716e+00,1.451168064647431866e+00
1.103559527482367297e+00,1.081853790285155048e+00,5.153565614929236816e+00,3.032572978243862849e+00,2.684757827199992786e-01
5.978703063317559740e-01,2.047541120870459253e+00,4.725802483719516722e+00,1.154277480871917616e+00,5.637260863230876495e+00
1.339237402394928944e+00,2.954619936599777841e+00,3.847555854256657915e-01,4.407130546838908813e+00,2.127216321641824059e+00
1.907917985823125218e+00,2.479642745804365056e+00,5.479555573442401739e-01,2.177905195005287453e+00,2.790084895341972349e+00
6.638746397167063495e-01,2.488719797949063839e+00,4.665630829342241603e-01,2.569266999361098147e+00,8.594183766916998479e+00
3.474372438591548651e-01,3.481485567664353020e+00,2.955112610075702584e+00,3.072344818211201645e+00,1.952505363663642468e+00
2.975711952847613917e-01,3.870881373922980373e+00,3.123079350294487577e-01,2.986959836300874471e+00,2.713834552473405548e+00
7.870468715020941808e-01,3.589382882921523077e+00,3.406375321060866046e+00,5.462365949040510760e-01,1.818497372332919859e+00
1.027219913520633465e+00,1.232879043667207242e+00,2.633398072157572933e+00,6.567527596406936397e+00,2.904574429849690054e-01
2.101953689006780479e+00,2.564686521055867363e+00,9.040441269477774711e-01,1.231933037185634294e+00,1.521501079713838411e+00
1.680518447599507192e+00,2.279620989514201668e+00,3.632344419949323111e+00,6.236637430167928375e-01,4.396775961999422222e+00
1.351723642659188096e+00,2.618555633973311370e+00,3.193623850030086864e+00,1.803014032508674758e+00,5.701488659054828823e+00
9.770612896605639364e-01,1.524229628410738391e+00,4.523545507291293899e-01,2.897587574535320787e+00,9.182397052105049085e+00
1.034364232225806202e+00,5.890236216612582121e-01,3.847270795890306516e+00,4.969816097899729890e+00,5.215883616933745692e+00
1.691721294087721539e+00,3.226635889301140203e+00,3.810264215899556439e-01,1.677872104639037243e+00,1.615728245422926701e+00
1.290823716098480123e+00,1.433602392374061729e+00,5.882023542536756189e-01,4.102665803456846838e+00,7.351793644893563240e+00
1.836790978662984353e+00,1.774866901750349557e+00,3.025563394736819234e+00,3.185152627543924586e-01,2.518955563910161288e-01
4.179502555891453364e-01,1.524243534487674134e+00,3.551329071697982176e+00,2.095225490333302965e+00,7.691621145688104733e+00
5.127465226416947353e-01,2.764080159353554222e+00,1.700703376361819785e+00,4.920148409803589473e+00,5.436054023609845132e+00
1.586974380152901931e+00,2.206504709717249657e+00,1.975431668205106073e+00,2.878564817756827043e+00,2.755327767837112862e+00
7.813193709180061841e-01,2.299962798905357708e+00,5.044113628971033103e-01,4.801079271639909329e+00,7.468204232887968530e+00
1.751215868484304661e+00,2.037899250142795715e+00,6.985725855971812726e-01,4.896841691492697102e+00,1.587750836237324492e+00
1.645685788030547325e+00,2.869196846226391262e+00,5.582778971314796834e-01,1.964250249560601347e+00,3.015789935785220255e+00
3.381467780272339185e-01,1.484530804288198613e+00,3.685188856447377148e+00,5.599737461194257193e+00,4.450076645642260686e+00
6.572193743942574828e-01,2.913858825500266647e+00,1.670220671575425531e+00,4.490709527271896651e-01,7.703020432341650903e+00
1.462700947252723704e+00,1.396446319609496722e+00,2.553024343534747054e+00,5.507764631500578822e+00,3.905718070250670859e+00
5.127553765624446314e-01,1.453878846254024859e+00,4.428357308112810031e+00,5.575699965963609728e+00,3.085621777296618795e-01
5.831868582297400350e-01,1.912686122159827029e+00,3.242036746083357457e+00,6.133447255686499844e+00,3.762261919251587816e+00
4.641265153933957777e-01,3.355528917074205864e-01,4.987844181381663411e+00,4.800496852989683205e+00,2.309895202885429377e+00
2.060164712980112611e+00,7.550321974391474011e-01,2.562097152619786655e+00,3.835128639287491703e-01,3.123020190818117214e+00
1.578725794539455496e+00,2.902015191201390731e+00,2.021486519387964975e+00,2.829130082047269124e+00,2.667400692721143773e+00
1.367619904512738849e+00,2.835772852149269774e+00,1.030928500891387989e+00,2.502512871038137021e+00,4.197536614097653107e+00
6.161271004976158761e-01,1.603772170609960801e+00,3.557135594513701982e+00,4.793253960285477788e+00,5.592076955082155187e+00
5.496750615375870508e-01,7.785949734774753050e-01,5.973097356666139390e+00,6.328033561671284613e-01,2.020326200804370753e+00
4.963888845737088884e-01,6.975644709636594776e-01,1.672379003514731455e+00,7.611039907871946397e+00,3.632267655092328074e+00
1.414118976046854215e+00,2.256036005296389924e+00,3.389969764016807829e+00,3.481803018339793443e+00,2.549582362560441684e+00
7.185224775788164875e-01,3.613320290780516419e+00,3.228592140192106719e+00,4.754731042986936052e-01,9.312333310408626996e-01
1.805968646383418585e+00,1.853662955959682002e+00,3.127246434587524604e+00,4.019276835603537434e-01,3.189938904368499806e+00
9.802149127372584703e-01,1.796085566548952794e+00,4.987693041376628500e+00,5.973728664082760265e-01,4.796482016140235949e+00
1.741031445038455416e+00,2.134239033463569246e+00,3.065594874734018482e+00,7.144511664088668557e-01,4.155022789944972317e+00
4.821898790613851626e-01,2.138656693422391175e+00,4.887811934293483596e+00,6.111544520167075945e-01,4.925535341989445648e+00
5.682241426686728270e-01,1.572650221465959230e+00,1.947747059328052366e+00,7.238545265612502000e+00,3.200990894943092968e+00
1.930400545515792876e+00,1.867740548627597308e+00,2.742546530548583661e+00,3.918480181107841243e-01,2.132571199256132033e+00
4.820139477120257698e-01,2.308474094208827321e+00,3.690975807118740626e+00,5.513028147312010852e+00,1.608217454859818929e+00
3.749142401694744442e-01,3.565593956681027077e+00,2.804485263746522516e+00,3.095214182337695519e+00,2.041812966809311458e+00
1.078145628977546178e+00,1.721088370109331578e+00,4.668035722057161108e-01,2.398004190514515965e+00,9.099258382218611274e+00
1.655096102864361818e+00,1.257998724928306222e+00,1.209756865194995257e+00,2.276366858033062712e+00,6.966661090256867084e+00
2.836647740436016307e-01,3.535708083103164867e+00,2.849665426912617150e+00,2.994970926266325773e+00,1.386880339211986168e+00
1.645012835694178666e+00,9.864033378706303923e-01,5.251101425353117413e-01,6.091068612240283286e+00,4.441193632472460351e+00
4.778826580347641517e-01,1.912794610648482996e+00,5.591460196064876875e+00,1.344305394168613610e+00,3.153988323887181977e+00
1.752349803317390764e+00,2.700767504659794760e+00,1.185094586817457607e+00,4.113037059198235035e+00,1.617874684103022931e+00
9.797205446741248380e-01,1.608786563204487319e+00,1.184528829651312787e+00,2.627838326433509231e+00,9.107840353131406275e+00
1.514584108420456543e+00,2.289082872638797728e+00,4.796303712090201898e-01,3.588700109177777708e+00,6.521585135344214024e+00
3.904434236741284869e-01,2.633522251694330740e-01,3.703336685658495497e+00,6.684666367567902334e+00,2.637257781286748148e-01
1.216543694327284042e+00,1.393415146130529081e+00,3.824332199946854249e+00,4.897171040394034947e+00,3.068260696665590648e-01
6.607450024457370841e-01,5.241926951982861516e-01,4.708542376725345591e+00,4.628378549089997129e+00,3.873325706243913036e+00
1.586130588461904356e+00,2.357137897318630770e+00,1.503921159241225602e+00,4.797478640112731618e+00,4.972800657367079324e+00
1.799011664881609018e+00,8.455073716090453217e-01,5.363053991580445379e-01,2.217227014180292777e+00,7.849812862080586484e+00
2.061385286829279018e+00,2.972118745324579869e+00,8.199046906004926472e-01,9.007855078532407411e-01,1.295757701679566498e+00
1.140614309092462308e+00,1.249218783289783197e+00,4.746621480490788691e+00,3.513039155840054661e+00,1.605989723257936763e+00
1.689220813006484967e+00,2.139080255641262696e+00,3.267605832826509626e+00,3.043442170764125709e+00,4.557190040479044968e-01
1.054773847617105131e+00,8.250935409323001402e-01,5.463286570715124135e+00,1.491866805390511752e+00,2.174924854146401465e+00
1.373353866644717591e+00,1.235987665663177193e+00,3.163557885711687057e+00,1.464363477938830815e+00,7.361732622591394382e+00
1.300240182117358145e+00,2.356644289196620168e+00,2.736529610642743027e+00,4.642251631228118569e+00,2.543825392203310276e+00
1.211854831616454131e+00,1.082256987965591222e+00,5.278175677996286730e+00,2.923482097546908687e+00,3.510919599933476354e-01
1.282429726467502640e+00,2.347859334994434111e+00,3.585595052112789394e-01,3.427218102395592325e+00,6.530140489218138278e+00
7.018656962541491851e-01,4.619769281578690046e-01,9.793557674145938474e-01,6.314524496709679191e+00,6.716423848624781812e+00
1.793758816643970189e+00,1.733503822959491458e+00,2.950489413110826131e+00,2.086717663253222277e+00,2.518955563910161288e-01
1.902132083292714659e+00,1.461880012671076923e+00,3.024862624218755514e+00,3.178144922363289604e-01,2.511947858729526306e-01
4.915004155723508017e-01,4.863466106349431661e-01,4.802644774231056957e+00,5.468904945822080421e+00,3.449264346950568494e-01
1.872762744272628677e+00,6.550361883828867970e-01,2.930693200955452493e+00,3.158968246866408203e-01,4.199349558356146872e+00
1.431234533515673757e+00,2.789302365931023431e+00,1.250385816947220397e+00,2.824974613988708860e+00,5.669789157709672622e+00
1.195523746610170246e+00,8.880252606002972948e-01,1.779417925064136652e+00,4.895033611424763009e+00,6.969707274706352429e+00
1.666889089990551298e+00,1.615454575575951290e+00,7.673486225055610177e-01,5.729856069445239619e+00,3.460386622730309281e-01
1.045441528858143787e+00,4.996027592354943536e-01,2.834097109197799114e+00,6.291776312257692183e+00,3.633777103383090346e+00
1.052089616760787827e+00,2.260148434351151092e+00,3.311109445567746778e+00,3.024534387757000342e+00,6.233885238235143511e+00
1.766139747564604345e+00,8.047092375175071144e-01,2.338485458100026726e+00,5.484594227400815036e+00,4.004836494222874799e-01
9.740319544379099082e-01,4.691466747533847292e-01,1.411820873330768000e+00,3.126843431339368262e+00,8.887065195062810119e+00
1.830869436134896944e+00,9.104838801867275455e-01,3.306608309101269683e+00,1.287829308460595623e+00,5.034163749718208791e+00
1.359143956825903388e+00,2.768941465888076880e+00,1.192576972552814585e+00,8.274745775892522470e-01,7.479908252019266790e+00
1.500766391788390663e+00,2.913100228511539935e+00,3.088340388285622851e+00,3.812922563031964085e-01,3.146725499398200787e-01
5.380998692419843854e-01,6.908633751806050327e-01,4.580274734440152429e+00,5.866598863363365446e+00,3.785208498818430356e-01
8.342858701351086870e-01,1.808550969029012245e+00,2.003066581909666244e+00,6.256010712306301791e+00,2.746416880970462326e+00
8.310367648612344560e-01,1.313708896433421147e+00,5.211935074704757476e+00,2.591399726899084488e+00,5.138087803017294952e+00
7.400068650827776873e-01,1.740572679996861716e+00,4.357055498110001812e-01,2.774707056398845406e+00,9.277460810118082435e+00
8.451598683109354804e-01,7.573764220385093004e-01,4.405194422650252406e+00,2.545817890618705004e+00,6.242838465812113213e+00
1.384113424407279469e+00,2.838802905693092793e+00,1.657410768186443839e+00,5.453444402688978343e-01,6.904178402813045956e+00
1.514996424689419641e+00,2.838815898301280338e+00,3.838432386146286568e-01,4.162158799871979120e+00,2.814992506257391280e+00
3.417878389130180050e-01,3.459913474426421498e+00,3.491654975183596799e-01,1.651941176955982638e+00,6.175933932255441405e+00
5.284095606244856302e-01,3.452460879069425559e+00,2.916460180169534677e+00,2.984013350086971883e+00,1.789978436249366034e+00
1.202449387501363764e+00,2.953342678758613005e+00,2.355966907997763204e+00,2.882007872986819041e+00,2.788212621596724006e+00
9.830691452495415872e-01,1.489290947433463463e+00,4.064271460132561131e+00,3.599896582772239118e+00,6.458493393221766965e+00
1.242133878544523062e+00,1.755492167569173478e+00,2.969154511616237002e+00,7.562141591398815477e-01,7.833269990367820235e+00
5.174223989924651157e-01,7.991668225479637844e-01,4.240216662202024978e+00,6.104110676834845428e+00,3.231927814343877325e-01
1.724140455759920920e+00,8.488456594388374965e-01,1.808304263186365723e+00,5.506558411345064741e+00,3.526807228247108572e+00
1.106148112249242699e+00,5.223137086440439170e-01,5.777962774731671303e+00,1.070094005175616703e+00,1.589200855132736789e+00
1.713866042764998543e+00,8.154781025521340432e-01,2.248682109661396034e+00,5.124793320539040131e+00,4.114962360208030745e+00
2.023898362377613225e+00,6.850249263724539350e-01,2.499789924857857670e+00,1.395260065532509586e+00,4.160835194039250062e+00
1.192987665050523116e+00,2.148281726376808365e+00,3.714742058055694462e-01,3.734694431537616488e+00,7.070624716046895131e+00
9.996205891885396877e-01,1.355920344446684078e+00,3.982956235285014746e+00,4.128765848374568392e+00,6.298436581676424062e+00
1.237109490284103552e+00,2.992375649171459706e+00,3.306606451861327844e+00,3.111657966729821201e+00,3.493725815478888053e-01
1.822551912637302207e+00,1.763626545346959507e+00,3.342827313177243020e+00,3.802865286684684043e-01,2.120150674573919147e+00
1.137880512037397818e+00,2.235032138911401844e+00,2.450705098620715283e+00,2.512841487129447771e+00,5.900905215520786840e+00
1.012035827788477560e+00,1.586504879959618419e+00,1.872029159381783936e+00,4.295265304586623145e+00,7.159273435701256183e+00
1.039777899383235171e+00,5.056525186488549650e-01,4.543661256238695323e+00,3.778369219727665040e+00,4.751226888870053955e+00
1.645143765806008185e+00,2.996495639071558248e+00,1.034757804292126826e+00,2.128724091710169297e+00,1.010376175296083590e+00
1.311122171442853368e+00,2.693328516667787831e+00,2.903047510821842536e+00,1.333837979682844566e+00,4.199463295903115068e+00
1.203618143339977298e+00,1.719361154761431587e+00,1.123517656039893620e+00,3.947689322099616760e+00,8.086672679128241725e+00
1.537792370480620674e+00,3.150357590867643776e+00,3.281030186438758656e-01,2.416065190783653005e+00,2.622536956539220032e+00
1.283572618367059270e+00,2.451078016278276372e+00,2.783076397642265665e+00,2.853257363955977066e+00,2.731100074057218663e+00
4.286468991811365759e-01,3.736825130179308729e+00,1.925672915242993000e+00,9.831801715853689672e-01,5.112587615354123649e+00
5.211347722304954244e-01,3.268311670071971875e+00,3.190350731657204619e+00,4.039531378522451810e+00,2.679857799314976141e+00
3.279498539867481965e-01,3.863149586141047198e+00,2.343112171506756436e+00,1.853419174938845559e+00,1.319494558227199521e+00
7.377110385103056167e-01,8.524783829522426526e-01,3.804758775485399536e+00,2.325505222623080126e+00,7.560174690550371501e+00
1.253406597187330274e+00,9.559008032218963002e-01,4.688508993720343909e+00,1.826155257056117476e+00,5.699380402211009056e+00
1.214739100699451013e+00,1.090992502489309235e+00,3.857840572727031514e+00,4.230571217552140162e+00,5.531561997280382670e+00
1.139278237385082493e+00,5.018325044865733497e-01,5.640636564226762850e+00,1.058160355677502551e+00,1.551274642585384278e+00
1.115798215951524730e+00,5.297890623080142580e-01,5.782196593812479968e+00,1.060735370457895677e+00,1.595968549927502700e+00
8.602264685712613934e-01,7.464394785279018230e-01,4.416941812930160083e+00,2.556987653494367851e+00,6.249942432830516204e+00
1.256523392930477101e+00,9.584103872153582060e-01,5.687450890934854009e+00,1.055960092118291005e+00,8.346494907288791731e-01
4.574238800277168338e-01,2.746648999900634269e+00,3.903065310702997337e+00,2.544251983962647401e+00,3.703629976293545845e+00
7.617174761197840205e-01,4.678305066126783873e-01,1.097661311960240749e+00,4.799392322140555223e+00,8.303136286281450396e+00
2.049421068106664023e+00,7.415014437379290335e-01,2.520472396433881990e+00,3.829617327466870447e-01,4.228425140821388872e+00
1.296816199717500950e+00,1.952093083837131759e+00,7.285623578667869138e-01,6.185345210770798907e+00,5.323799971207547443e+00
1.135928512313880923e+00,6.000603933668081647e-01,1.931957265745130492e+00,1.300694075261660920e+00,9.556786306980889378e+00
1.093848278934774321e+00,6.135086107875535877e-01,4.785457067120584718e+00,4.293678359656857069e+00,4.288431522345539371e+00
2.132120105628986018e+00,1.854356958414462797e+00,2.077845585181071097e+00,8.620567330045048049e-01,8.832926532323213120e-01
5.177401942461810069e-01,4.926604464722648680e-01,4.053453540610439276e+00,1.972838838556951524e+00,8.108107519777149719e+00
9.750737480609956709e-01,8.667037671633248674e-01,5.369989794664016713e+00,3.074561581097400076e+00,1.594319254245254669e+00
5.714793164802510761e-01,4.096883760018127374e-01,7.384920579655293027e-01,3.943513551987328114e+00,9.223010196799213745e+00
5.284160705449998385e-01,5.125317655586646426e-01,5.375568765333431642e+00,4.180405438180910593e+00,3.598847259163155066e+00
1.252657461338462230e+00,1.287685321130786154e+00,5.076909939707892505e+00,1.864391807462235207e+00,2.610490308742986487e-01
1.054017151638126926e+00,5.094073198625297394e-01,2.478952543419800758e+00,7.093498517165716777e+00,7.502152059570965648e-01
9.203940778101007414e-01,1.243482405193992335e+00,3.926798472163130604e+00,3.268785434482231356e+00,7.364164683114609922e+00
1.559647499652140334e+00,1.394128328272876471e+00,2.218891669981690296e+00,4.598497787861487218e+00,4.766520924006616866e+00
1.170441428292058772e+00,1.943452074742686442e+00,4.082636040994259141e-01,1.258561484035584321e+00,8.712977850667352087e+00
5.561350990625161250e-01,5.611785692965648442e-01,5.657825869934223206e+00,4.243081120894128588e+00,8.931845864762487652e-01
9.951632839248052420e-01,6.109772946034571772e-01,4.055310000821306993e+00,2.591200986055334887e+00,6.441315357869506819e+00
1.702750504851810120e+00,1.786834982315959497e+00,3.565542799848232303e+00,2.758357274106071899e-01,1.696978269871536327e+00
6.793634067492397843e-01,2.656161784640960200e+00,2.592618498705061114e+00,5.903358326183766103e+00,2.170484607003693611e+00
1.266122541195642937e+00,2.747757515819301055e+00,2.553598475949693025e+00,2.903254572914077514e+00,2.754984799943671625e+00
1.590908196384095863e+00,2.915729898135633658e+00,1.304956032173949509e+00,2.397302750951318728e+00,2.603025331482875071e+00
1.177336451625580205e+00,1.886790763374555535e+00,1.308469211048469472e+00,4.810686088426303630e-01,8.869848911584075069e+00
1.136815957007012212e+00,6.957815088098103784e-01,3.378179748020882833e+00,5.969806638229743889e+00,9.895376456067495052e-01
9.072583498281165948e-01,1.670755456377902348e+00,4.051967919718264532e+00,1.578416413544424746e+00,6.167820266240221727e+00
1.410325854105409782e+00,2.265028522150450030e+00,3.256308482326623732e+00,2.003974640080392167e+00,2.504307878725911429e+00
7.745761303288831723e-01,1.424776396607470019e+00,3.207034165311122842e-01,7.546603980808953338e+00,2.620987476809614858e+00
4.403746511151749310e-01,3.836186125881130948e+00,2.846058005722607476e+00,8.293704092929942151e-01,5.709286838215983373e-01
1.697284850802532663e+00,6.827451124075963884e-01,2.578691668755026534e+00,4.033242312807838736e-01,6.789756457608497442e+00
3.243705928994105037e-01,3.543947673596330450e+00,2.147058731135750520e+00,2.598807452639277038e+00,3.828132860364281242e+00
2.968370416193075179e-01,2.962675208446361896e+00,2.114860317876082973e+00,2.454408494686819431e+00,6.132240349244346689e+00
1.824768579794884715e+00,1.119909654936766419e+00,2.924716723672211582e+00,8.495023153699114982e-01,4.201458113495661451e+00
9.246699922586530951e-01,1.172449973888774366e+00,5.470289187665740904e+00,3.146622689119424443e+00,1.305846654763424430e+00
1.112533029703434817e+00,1.268195303137801266e+00,4.102660368912484756e+00,5.231894124609585361e+00,4.736061332968342974e+00
1.256505927326346805e+00,2.249635745510195406e+00,3.256707406695569795e-01,5.954668442142723173e+00,2.499100757027997055e+00
1.819052132399359811e+00,1.104163723122372209e+00,2.979051685866388466e-01,4.791463023712061009e+00,2.588564766142701146e+00
1.609817022660280372e+00,1.244540137308677297e+00,3.697962614416117511e+00,1.488753107740075077e+00,5.211420568910387630e+00
4.269568579666147001e-01,2.339833329151824515e+00,3.629629375511844280e+00,5.633726475165460101e+00,6.237662501187286601e-01
3.658254303361968551e-01,3.785783820241657605e+00,2.439323797301456764e+00,1.963768552854756821e+00,1.359203393739848442e+00
1.231308476413438768e+00,2.840292666121209120e+00,2.907016067544879512e+00,2.681910363051189794e+00,2.820996084520026592e+00
1.504239320863465457e+00,1.047392697923274829e+00,3.539885635628593707e+00,4.116048932605931299e+00,3.135737524251120956e+00
1.294579106538630286e+00,8.510064071266774111e-01,4.675236453764253675e+00,1.028313968432384762e+00,5.649836942341105228e+00
2.932343201368954322e-01,3.483759726432275272e+00,2.994839043209335472e+00,2.598079453391100913e+00,2.074963965027187829e+00
9.409859722384177338e-01,1.782065463584196596e+00,3.771387950451052795e-01,1.267967966519603085e+00,9.210960977443182429e+00
3.512533222854114512e-01,1.224313504446916001e+00,5.576273956853455616e+00,3.103726623512073957e+00,2.956469842693971284e+00
1.206901354932687909e+00,5.600360649899918108e-01,1.003204377307201467e+00,3.210617188383058096e+00,8.786413592224173286e+00
8.684644397970586738e-01,5.915409466155361340e-01,2.771522344379082181e+00,6.974907957175616069e+00,2.303219538481870110e+00
2.134621614615847207e+00,2.573905596848642396e+00,1.111822353331672231e+00,2.734631808848262846e+00,1.025644478109111635e+00
1.613553151289915499e+00,1.015959417184680191e+00,3.154008096787879190e+00,4.607242389826289752e+00,2.635515989070301490e+00
9.351889609299350870e-01,2.103308976602482616e+00,1.069720968128377470e+00,1.416539473220969292e+00,8.914111798374868556e+00
1.175756665149855218e+00,7.967769461627052241e-01,3.012820707319687319e+00,3.187799730623837036e+00,7.746783071119125452e+00
7.589771585373656926e-01,3.017924385816035393e+00,2.321352609043345616e+00,5.525947257085486619e+00,1.465415075125231947e+00
1.012222115618952811e+00,3.581482458809932101e+00,9.366541293082639719e-01,4.498243460941361960e+00,1.763265091633587467e+00
1.124042953928424904e+00,2.153242050498299864e+00,2.420357736387646064e+00,5.808775065002071081e+00,2.645712033947154929e+00
1.292906164463904606e+00,2.466954420020759819e+00,3.724272058621085346e+00,4.799056325940336265e-01,4.756593641797337568e+00
1.257600229558081928e+00,8.114237273493127844e-01,5.364326946149723163e+00,1.875580342594357575e+00,2.698032719440660809e+00
1.257437493239560444e+00,2.195211840570461703e+00,8.171908203594147047e-01,5.360970366486299987e+00,4.829031169188539252e+00
1.199622854898982682e+00,2.041239405032947651e+00,3.273296383577889213e+00,4.929626884156513289e-01,7.019667800541304459e+00
9.093339129000237442e-01,1.404405884106949998e+00,3.330480868971469111e+00,3.907016215627756139e+00,7.409144381404765944e+00
1.686054169669858993e+00,1.307449594695578643e+00,3.788396697853984918e+00,4.242104263022487665e+00,8.522151475981341040e-01
1.956722790548578006e+00,7.307163304423707206e-01,2.428224654311464281e+00,3.817210387655661785e-01,4.641118799018880026e+00
7.802874549275404803e-01,1.093193511208257140e+00,2.279811219501957087e+00,7.425545835669782324e-01,9.841250237664883826e+00
3.526284991798413482e-01,3.425815979288088453e+00,3.136199621806812221e+00,2.728097385973521138e+00,2.625011421523689492e+00
8.629887004320722088e-01,1.435451299855691421e+00,2.489605290298000817e+00,6.996818518041631130e+00,2.492926070220034429e+00
3.817624111039600310e-01,3.862192924317104481e+00,2.352126609067572982e+00,1.424636239045254271e+00,2.805832342170186067e+00
8.884516365098733548e-01,3.620780255256387026e+00,3.136653866872059382e+00,2.277857700228409055e+00,1.290150034249821109e+00
1.671583152357396074e+00,1.006337100173759769e+00,3.836904448207953400e-01,5.956920671517329069e+00,2.951506085645667632e+00
1.898347499772801594e+00,1.080733634859881054e+00,3.694379482210081722e+00,1.487328034124621334e+00,3.988903800322249893e-01
2.103368840786543181e+00,2.034292937238643351e+00,1.249157042544334129e+00,3.968205075933004533e-01,3.340856316690632988e-01
3.521856921812474006e-01,3.858853675581453757e+00,8.924253460894762124e-01,2.946294513071162857e+00,2.818997075099877847e+00
7.696343418386137891e-01,4.898734014487134414e-01,6.038720598652845162e+00,1.619994642364463999e+00,2.544510615049671465e+00
7.804688888892920007e-01,1.389937079135473041e+00,3.266219374760771510e-01,7.415238394015847945e+00,3.289685138831799804e+00
1.693455848566372435e+00,2.926982822463586764e+00,1.116029532596420459e+00,2.167985688675025280e+00,2.946556718712185940e+00
1.409197299900829758e+00,2.661689026787497525e+00,3.580856771915779113e+00,5.571023387435766194e-01,5.230788627116178979e+00
9.257254372799457176e-01,3.528631813788404514e+00,2.843750645608634553e+00,3.610946123511980410e+00,1.753132020671530622e+00
1.092790011977663900e+00,7.818438175348284558e-01,5.339684276907697758e+00,2.278356890920883782e+00,1.324129004654755137e+00
8.036878882369699051e-01,1.495922674199196667e+00,3.083586451688123398e-01,7.435100566822966606e+00,2.608185300544016094e+00
4.186009246659018190e-01,2.931101081022739474e-01,3.689776942564571005e+00,6.757713050651913633e+00,2.940954108921309818e-01
6.122748023420947483e-01,5.200814912288189706e-01,5.886586383417034440e+00,2.935749270013510603e+00,2.741147746205748525e+00
1.479799636017014475e+00,1.013902749984588958e+00,8.566094701132812572e-01,1.453951175974890209e+00,9.125533404808395588e+00
4.579737605320386984e-01,3.537492114266686194e+00,2.266690918070137784e+00,3.999636470264795296e+00,2.639962891057319183e+00
1.707746898969100036e+00,8.563708547676993632e-01,2.772206618202406325e-01,5.359354737190468398e+00,2.568868532736015009e+00
3.811773354091609889e-01,2.950725565286467234e-01,3.101779729822305320e+00,7.244367120163982321e+00,2.871345529773587368e-01
7.461252875891806191e-01,2.424592645499731969e+00,3.638378327781532029e+00,3.453901207141792717e+00,6.411438174207052754e+00
1.097980516014080976e+00,1.577342968215534214e+00,8.532371741314823677e-01,7.427231391499234725e+00,8.339440609004877825e-01
8.073037479790502458e-01,1.522759341180278891e+00,4.891549678319226935e+00,3.944967827808619987e+00,2.593620075941744929e+00
9.185879206258689145e-01,3.113264841170347630e+00,3.864740192133255370e+00,2.209013608699891940e+00,3.494490738234174554e+00
1.401121244686924783e+00,2.572872642956522071e+00,3.187026437496588205e+00,8.000580990869359255e-01,2.786793757569933305e+00
1.726158921622766407e+00,1.916960420758854422e+00,3.336862716010384311e+00,6.985733647548820757e-01,1.964601091587354187e+00
9.871582779675758257e-01,2.223015414919785382e+00,1.932855164667347747e+00,1.432983532320685871e+00,7.591699946247540964e+00
3.098811950623617806e-01,3.467720787305636598e+00,2.662845835238219827e+00,2.909590866906869078e+00,2.785595664217329404e+00
8.458022628397959819e-01,8.755620030641476648e-01,4.411775091098674828e+00,2.561181792865678819e+00,6.190046028514449183e+00
3.652591269590198531e-01,2.127348757322520267e+00,5.032585715633138612e+00,2.338931231907216635e+00,2.544273957250398954e+00
1.305428935290668058e+00,2.120750687821308933e+00,4.177854682213373749e+00,4.056056539226037927e+00,1.004973008350910746e+00
1.167825293743069093e+00,1.820502014244107958e+00,5.069160617770865906e-01,3.292271677057502011e+00,8.567581555322833609e+00
1.269985009996979830e+00,2.158970331308603718e+00,2.243901696821588576e+00,2.470281824616084698e+00,7.636258506530749557e+00
9.417152866479845397e-01,1.821532709623385315e+00,2.767654206187723509e-01,5.788598663371598896e+00,5.343179600843737553e+00
1.187759136845134122e+00,2.140525806692883837e+00,2.382883541268588701e+00,4.326684476329285545e+00,3.869873134005491266e+00
1.582602199765065887e+00,2.566180378214148572e+00,6.419390768292330129e-01,4.257413251270793175e+00,3.336260656061255325e+00
1.551916032228232822e+00,1.664328910914178783e+00,3.140149494176626366e+00,3.553212508628899258e+00,5.245057668166729137e+00
6.644003845005839182e-01,1.142241554253422997e+00,3.085708898317121029e-01,7.612668227581568914e+00,3.273282474718945956e+00
1.964766310268284855e+00,9.819719292399969879e-01,3.134241596887489267e-01,4.097786938927705513e+00,2.602080681754468827e+00
1.266000955825807406e+00,3.390991282284877339e+00,3.175848114484184581e+00,7.542467747264962608e-01,4.105857007824838534e-01
3.845885321508863974e-01,5.770024987914781356e-01,3.863154462003671075e+00,6.702775351515849245e+00,3.304416461116775894e-01
5.155927887857765235e-01,3.769119138589778761e-01,9.443283916079481255e-01,8.072714810619652681e+00,1.997764737005868430e+00
6.051553031012908423e-01,4.434042980453478666e-01,3.347314257247774538e+00,6.933319534345283586e+00,2.248579197876126479e+00
1.671892169400134964e+00,2.122925300426881989e+00,1.286009619165824347e+00,3.378765438635582985e+00,6.501088578116453576e+00
7.061370053176967421e-01,4.542588397061515515e-01,2.445644683594283109e+00,5.050072319543287058e+00,6.938109812702076162e+00
1.065990648266922136e+00,2.821864601988173238e+00,3.167161147536164956e-01,4.936228791108140612e+00,3.227741594999640640e+00
3.358446039222862112e-01,2.898997442995086549e-01,6.856602626564942682e-01,1.480501217466581920e+00,1.008674194680658687e+01
6.749778725354348419e-01,9.042747149662984096e-01,2.482400125192473883e+00,4.268711466891910611e+00,8.279739692538525375e+00
7.938999253917033982e-01,6.167661266598709613e-01,1.387683833957269464e+00,5.118587153256042299e-01,1.005085169810312351e+01
7.063447190888408889e-01,4.227753574942916259e-01,5.036112100721472196e+00,4.989653224749945437e+00,3.633347577761087965e-01
1.382298107301160872e+00,2.413550160237411646e+00,2.564620728836154662e+00,3.944447224764184856e+00,4.808239368959344340e+00
1.305547642496346583e+00,2.560011078951702768e+00,2.728967739978813256e+00,5.925527009639499632e-01,7.288449136611504287e+00
1.048958106345603269e+00,7.751177796943590215e-01,2.395088789767084059e+00,4.672450647186360939e+00,7.242570827667092814e+00
1.202321789402750696e+00,6.595857640230813335e-01,1.739901936191729170e+00,3.613758274847238550e+00,8.121519707149406742e+00
1.343980792904484467e+00,6.175776497200748949e-01,2.204300300675133606e+00,4.220426554899715299e+00,6.682122037949211446e+00
7.687020938002359083e-01,5.037887238894218633e-01,5.987877591722099879e+00,1.567099892079486967e+00,1.927913363878831277e+00
7.859102839004616925e-01,4.481425837548672630e-01,5.777071852607038593e+00,2.388387983392134650e+00,2.480040335063165458e+00
1.457803644169143098e+00,1.413710022893810425e+00,2.950234648160729112e+00,1.972133170022843718e+00,6.384471848432646368e+00
4.717092427488812634e-01,6.113239300279853516e-01,5.895945608166545782e+00,7.848416375894016195e-01,4.103839188438920260e+00
8.768339757511531829e-01,8.204117523901648390e-01,5.503812754161351073e+00,3.015207379539126542e+00,2.608733424778462595e+00
3.274129532539140630e-01,1.831901605665738453e+00,5.249033782097553669e+00,2.986180714549155901e+00,2.601332553092700728e+00
1.600937219851663817e+00,2.611067311450663730e+00,2.763037517544922217e+00,1.682081673268689403e+00,4.832278813183102706e+00
2.349792665162566963e-01,1.170964902798477869e+00,2.880219769367863059e+00,1.705271233630047290e+00,8.596470453686286817e+00
9.388798389426538105e-01,4.186700251873104461e-01,1.111150644929349562e+00,5.602178587194608816e+00,6.667108469966224860e+00
1.138082825967490663e+00,1.812069355222168276e+00,3.044365452698613583e-01,5.469965503041327004e+00,5.369701010857538037e+00
9.137878423056118304e-01,2.816042730766802116e+00,2.526605441878628788e+00,5.762244297607080235e+00,8.582777413276516665e-01
1.911933688152244848e+00,2.855558092524164593e+00,1.083658240960245989e+00,8.670103432429179247e-01,3.674837044550939957e+00
1.440587216753321353e+00,5.896912872798903971e-01,2.449285383782190628e+00,5.937864007475826433e+00,2.731901680541480304e-01
2.082783343540138166e+00,7.543217372793012965e-01,1.829613717135864626e+00,3.499286085407976366e+00,9.295843350621428858e-01
1.142029759466821837e+00,2.795264026354592701e+00,2.811429704721140954e+00,2.040739844922338175e+00,3.789157288008471625e+00
5.741645208815900903e-01,3.991075678674801175e+00,3.343699286790896785e+00,9.274994898342383554e-01,5.160326538886448322e-01
8.977332423155739427e-01,5.853502140568783707e-01,1.140459846586761916e+00,5.228028018009723610e+00,7.324207224004792849e+00
9.978173100548932695e-01,2.888028346912540290e+00,3.862916818347866821e-01,5.564779608202620409e+00,3.340686407095120103e+00
6.139037392716466535e-01,1.232684420790712165e+00,3.617515750893558035e+00,3.066246791321410647e+00,7.503562911488155684e+00
1.856847210965204331e+00,1.351622077591129401e+00,3.610959442074738401e+00,1.400080910846816629e+00,3.203094140790149202e-01
1.557214166464357508e+00,9.985821577725152443e-01,9.372914317010659913e-01,1.181646246105980902e+00,8.735988629056196331e+00
2.151323092915447432e+00,1.450554123298434694e+00,2.672502705877552565e+00,9.489159997509716282e-01,4.079715190257974800e-01
1.304046724611575003e+00,3.074694884786266069e+00,3.292464856589547573e+00,3.883274105558145450e-01,3.041527894676786525e-01
5.752560081621246324e-01,3.374069742395350846e-01,4.180121860852557880e+00,4.316932606746517465e+00,5.573398625149887486e+00
4.394979815626272046e-01,1.028697009671100782e+00,3.935699146544405558e+00,2.108613523125763667e+00,7.532491736700064777e+00
5.749510798296716407e-01,3.815332528126303968e-01,4.096293382981678555e+00,5.941454506427397142e+00,3.278757419136657081e+00
1.083035852706213609e+00,3.532242745887336000e+00,3.487359347441225665e+00,1.864295546424188377e+00,5.375923317151283243e-01
1.107141601863312452e+00,3.792374129884652501e+00,6.649330660313637065e-01,2.839960236163598495e+00,2.708144746538757808e+00
1.149851274383719479e+00,2.063597248857088839e+00,4.773960299872737956e+00,3.630474164196401787e+00,1.107419397694969776e+00
1.071797743793124091e+00,3.015933090328902999e+00,4.082216313475837133e-01,5.440303565251755735e+00,2.867160663133119680e+00
1.490916066722936861e+00,6.685069972624884116e-01,2.465844365446894670e+00,5.922066150433005660e+00,2.605032450469673133e+00
1.052905863664576946e+00,1.047708230186499279e+00,3.849141993307069853e+00,3.549982808406259238e+00,6.936101559788368398e+00
1.583350223685850100e+00,1.556409885036550866e+00,4.021729721253135104e+00,2.676695342208455841e+00,1.592887428787390425e+00
1.050176628426251257e+00,4.820944541169124853e-01,3.794176241881383582e+00,5.964858535069248902e+00,3.001846956475703321e-01
9.355341844534407203e-01,3.891953106281208496e-01,2.900590716698100202e+00,6.659177210294501492e+00,2.382366208552733344e-01
1.031447711138495649e+00,6.323469502286847010e-01,1.338358116736800607e+00,7.438528069860069536e+00,1.279742390872769198e+00
1.909803957377420369e+00,6.990926205978331698e-01,3.343759879690796577e+00,2.363015067539762371e-01,2.409679426181509931e-01
7.974683302556160314e-01,3.337559547674907812e+00,4.700433232806167649e-01,5.135419543449281754e+00,2.727429779388082398e+00
2.202276289088503258e+00,7.743534002273442240e-01,1.974210961202874204e+00,3.139005490475944016e-01,3.185669849117691577e-01
1.061682783817687437e+00,1.823416294573001917e+00,1.965023768197871057e+00,5.767368311317673246e+00,4.888803436366066180e+00
1.323454065474914065e+00,1.061717085162581231e+00,1.782861109756126883e+00,6.694444070016393411e+00,1.404182550826027276e+00
9.016549343281450302e-01,2.841105384240463660e+00,2.805563622720741002e+00,5.400785859392521537e+00,4.095203898087441119e-01
5.680013830116829032e-01,6.897247791150309393e-01,3.657880775591372924e+00,7.097133222451034840e+00,8.975854322496372717e-01
8.181573036978947444e-01,1.510898749656837792e+00,4.136090239166867466e-01,5.833587889757802181e+00,6.298733719074173010e+00
1.433770239332159635e+00,2.272294622595438351e+00,3.856615685822723516e-01,5.279845820955276103e+00,3.306923407710186780e+00
4.410990810608995116e-01,7.462243873874567779e-01,2.327173515689820782e+00,1.767018062796879452e+00,9.667423413775942720e+00
4.328446756571819876e-01,3.610194564921407778e+00,2.934403238919542023e+00,2.901901663436404544e+00,1.659591730715965330e+00
1.149013877937692163e+00,7.840516805482207197e-01,3.919534524335091863e+00,5.303274620930554129e+00,1.825100884513106925e+00
5.751528612457661449e-01,3.460085444623034689e+00,6.992184348668734062e-01,5.097253785843262719e+00,2.203347238377814321e+00
1.477173749807341396e+00,5.767824792917287668e-01,3.373865253475069270e+00,4.836976818180903415e+00,2.606351700776834424e-01
9.405986322057897642e-01,3.046748655545329143e+00,3.020059787815705388e+00,4.864380642538063348e+00,1.944658345474064687e+00
3.096961876730989771e-01,1.995202584561080794e+00,4.790482928532307838e+00,2.313872427798159492e+00,4.142464604667318362e+00
1.426011296039489507e+00,3.566634284206059213e+00,1.369857008502358253e+00,7.098426103964063927e-01,3.661815364523940408e-01
2.150965662704358294e+00,9.929752918622160029e-01,1.942331384610975764e+00,9.752492610372659465e-01,2.939525343275721236e-01
4.743761292872309410e-01,7.536010878877370534e-01,3.981050898786357539e+00,2.027204693727981955e+00,8.195716602723241095e+00
1.287925155499012764e+00,2.492479787247066536e+00,2.947473940408423254e-01,4.114507316350690225e+00,4.850724015616595608e+00
1.855009585194997701e+00,9.193253212178824629e-01,3.563951524678671934e+00,2.640444948558853810e-01,1.752170421330678129e+00
1.284178060914729969e+00,5.651978879072541151e-01,1.910234546098965591e+00,6.688250228038786993e+00,1.941128474914122215e+00
3.908189894592586922e-01,2.016303724257980878e+00,1.714548065559257539e+00,1.850270407224931191e+00,8.659610764405245575e+00
1.040520919399839261e+00,9.283539140593417560e-01,2.634255062278970883e+00,3.759567907391318187e+00,7.918586985476024687e+00
1.519999131800878533e+00,2.883392474811607542e+00,8.379613197925859236e-01,3.444429638111059511e+00,5.025721847860690872e+00
8.167892707538749741e-01,3.376085154395218169e+00,4.905878880919254392e-01,5.088192960458304270e+00,2.751334507920012662e+00
2.707124029638922624e-01,1.916899421072392862e+00,5.109914559154894675e+00,2.881365193118167412e+00,2.693305746793628330e+00
5.133861331043320098e-01,8.533837681530075381e-01,4.220424731684530029e-01,2.408243934481731241e+00,9.608165561507867380e+00
1.378836738326518097e+00,5.783330444000465143e-01,5.157905354649686913e+00,1.047663070216470871e+00,2.764747674439765324e-01
2.080758638291075435e+00,7.567038998051558440e-01,1.442947753934927135e+00,8.770375576667286399e-01,6.265681233756251522e+00
6.337983752871593213e-01,4.550593585572093036e-01,4.741586864722508565e+00,4.897173161871581470e+00,2.982518834898268079e+00
1.455194714404805634e+00,2.110134278425944032e+00,3.090704324814468773e+00,1.541855235954269876e+00,6.143202641578286993e+00
8.038122915697027970e-01,1.443175920087355069e+00,2.296036562291525751e+00,5.496442621112311855e+00,6.063877833935028328e+00
1.153987545532144887e+00,2.150216344026317561e+00,2.842551619249050976e+00,3.778182356878229786e+00,6.182714713863409095e+00
3.714159070121644257e-01,1.319608694480388866e+00,3.051155711444839991e+00,1.689008527018464267e+00,8.732429748462706698e+00
1.137095895704212545e+00,8.428588167970185729e-01,1.405101820833234871e+00,1.224418967750242615e+00,9.290182056432467306e+00
6.547427975028896618e-01,5.313723047838951885e-01,4.342720243093012300e+00,5.710127807479229212e+00,3.228867510677698505e+00
1.343826361920452461e+00,6.983885263743099259e-01,4.390850237770331788e+00,1.790312673542113320e+00,6.161986508976784016e+00
7.830473436165108492e-01,6.202876262886682923e-01,5.438902605331568552e+00,4.108300383368414188e+00,2.051802938771996487e+00
1.187881670160519931e+00,1.329983082438982667e+00,2.954723244933448179e+00,4.625131718555922866e+00,6.860035812911728925e+00
1.303294290630991004e+00,7.231180139223885028e-01,1.259682972118251865e+00,1.265263318845081475e+00,9.395057113989018660e+00
1.978492498673892763e+00,1.555823993577341691e+00,1.900673575184657071e+00,3.128249760479767883e+00,1.354802812066607132e+00
1.257079899223296993e+00,1.240677208792055675e+00,4.516628950137699938e+00,1.404518787698913140e+00,6.191837720428796210e+00
3.836821990266247595e-01,2.824353513200975052e-01,3.136034795048068702e+00,7.218072716830622682e+00,2.865621001747972740e-01
1.725139940907043368e+00,9.752110092308980960e-01,2.130707114644426081e+00,5.047354464326752499e+00,1.133885437651699579e+00
1.712505840061775420e+00,1.657305734479632253e+00,1.001619155657080373e+00,5.098833957096426062e+00,6.320937480671015019e-01
1.015744101386928833e+00,3.002999169804840385e+00,1.895185300936488737e+00,7.834784783865400559e-01,6.832156070345735799e+00
1.324771610976831049e+00,7.950881659686429570e-01,1.548251389062450523e+00,4.186823213404599286e+00,7.024911786415074744e+00
8.295980536777016745e-01,2.558969366012345259e-01,2.460775627983766256e+00,5.887100353943787390e+00,5.256916780153128244e+00
9.725684985574410968e-01,1.845259516973578151e+00,2.816353909465629801e-01,7.061147483993089224e+00,7.526746488925351031e-01
1.044551676633815207e+00,1.996922957505981255e+00,3.221645407339998601e-01,5.868963921939197803e+00,4.831920296049975860e+00
4.005525245438061877e-01,1.218209124897728479e+00,3.037795729739954709e+00,1.628930103030693299e+00,8.557753477904421757e+00
4.379232409370382717e-01,2.000234838378717406e+00,5.067321309007031260e+00,2.971444750281075020e+00,2.473312904056603312e+00
1.006418657877248490e+00,4.230842858789864991e-01,2.505953436502268872e+00,6.864256251322820468e+00,2.585884175919765382e-01
9.310383508159657540e-01,1.800732010279882278e+00,1.199783142066530139e+00,5.678572130689480524e+00,5.340282070281682891e+00
1.934869653362589759e+00,8.039382552098779389e-01,4.874300289111602180e-01,4.165512019549519884e+00,4.285022893582078218e+00
1.440536525199349382e+00,5.661652244084958152e-01,9.069680165233712232e-01,6.570031955893828268e+00,2.951748080318368217e-01
6.676232098090220113e-01,1.151332886964880009e+00,6.799050373881526665e-01,6.570502913266543565e+00,5.395436058201880769e+00
6.194533407092266408e-01,4.200842811846153824e-01,3.816407778225592740e+00,6.585936797724397884e+00,3.765019805580253065e-01
1.412847476547112624e+00,6.210527348710224160e-01,5.194177942906788914e+00,1.046170966247425449e+00,3.106113754761749002e-01
1.202283804344505436e+00,1.690164363867804331e+00,2.280736646476593243e+00,3.967141762819981210e+00,7.527103136235248293e+00
7.881301184060693910e-01,2.989026892779541367e+00,2.588180200552622878e+00,5.623433941866399444e+00,4.636202699212979006e-01
8.729999962087839904e-01,4.198115550249353900e-01,2.380120186705994900e+00,7.065820057423573886e+00,2.532145515275844527e+00
4.111454908941024611e-01,2.562488248956860670e-01,3.176165027984515721e+00,5.742557548846005666e+00,5.342177067926225931e+00
1.096076596958676985e+00,3.161434117808920585e-01,3.634176840124926144e+00,3.542397950986915678e+00,5.983375627184093659e+00
1.079791127205061096e+00,5.171194996556510715e-01,3.356956270834636769e+00,6.276195723845057195e+00,2.209904016450723763e+00
1.597855739621976801e+00,2.461393986609653250e+00,2.900856165513709062e+00,2.276267545843821516e+00,1.682532203519068625e+00
1.171787036172769803e+00,1.617745084840742198e+00,4.603583888347034581e+00,6.403065907141480828e-01,6.123430546425741916e+00
7.816687586546955391e-01,1.055740602458546729e+00,2.710686177305564382e+00,6.017282971262359226e+00,5.387099397471700080e+00
1.559554044248678384e+00,7.630650387657862410e-01,5.086181044229837189e-01,3.760632525197613596e+00,7.499056306105932102e+00
6.180661467866788161e-01,2.463811626080973038e+00,4.129702100678938947e+00,1.730186629595246828e+00,6.371386842646847626e+00
6.035630187201059815e-01,4.601652206527049871e-01,3.166293640792818387e+00,5.685336480354587607e+00,5.554594491022768032e+00
1.119418500729735921e+00,6.475330403112504740e-01,3.236248526960987526e+00,3.945551220614345489e+00,6.403284567581777331e+00
1.742161966713883237e+00,1.041563787221445381e+00,1.384300087468394391e+00,3.127191745621303198e+00,6.264942611411228768e+00
1.143135415587412940e+00,2.340479710979069594e+00,3.384510376267024778e+00,4.125821665875840871e+00,2.166905716209448496e+00
1.119511493779719924e+00,8.205060239106581887e-01,5.445839467346591078e+00,2.460826660714169112e+00,3.405276907717231238e-01
1.786381138454520956e+00,7.492934655676299904e-01,1.470024845021697946e+00,4.482950066620979612e+00,4.616767695926878190e+00
1.788081033608777126e+00,1.052724662312818582e+00,5.755571332275586371e-01,1.489463586397407724e+00,7.785154493551184274e+00
8.122941017236703365e-01,3.279957385653767821e-01,2.588254118614327748e+00,5.914230346318513298e+00,5.282666352792669606e+00
1.520646738959050559e+00,9.641475029098600658e-01,1.145810419028313154e+00,5.597712764118183415e-01,8.938325749488249983e+00
7.249846197901521627e-01,2.695056748832223015e+00,4.142678070398797097e+00,1.423279992076695422e+00,5.912275701814786899e+00
1.096546329108508022e+00,5.918622730228418893e-01,4.948359417897196244e-01,7.286584454207895689e+00,4.070539942121470744e+00
1.953125775365803785e+00,2.786236143695809186e+00,1.310819253690012287e+00,4.370399554500599137e-01,3.957280974461956369e-01
8.810470888460985028e-01,1.826679695131609993e+00,7.260724297960053919e-01,5.963034831937337188e+00,5.368822901046530482e+00
4.274249318549457888e-01,3.425036031918369805e-01,2.477024148687563709e+00,7.046291831395192773e+00,4.246071070890854671e+00
4.062054812218380828e-01,3.168486773642987253e-01,9.505520387118836512e-01,7.860064598288811766e+00,3.097440670301672583e+00
1.377416856579851467e+00,5.522381704932579627e-01,1.108763696505905560e+00,6.700056887337885847e+00,1.040061678133457512e+00
7.595243552257558983e-01,5.822403490779703983e-01,2.802687471892178372e+00,1.885931599426466043e+00,8.779608033703064862e+00
9.131227669365489241e-01,4.007598334652621830e+00,9.772941212545720457e-01,2.670903421227272201e+00,2.524189214852723406e+00
7.037414050595183213e-01,5.091000836022124831e-01,4.646137496218204710e+00,3.253344266840592081e+00,6.031521134957785080e+00
1.643769578100553241e+00,6.826931758615658596e-01,2.782060066444367763e+00,5.163876204526504310e+00,5.264266989988070078e-01
3.673388557152778011e-01,5.420134386561661355e-01,5.389149916192677026e+00,2.805441465839216608e+00,3.821490480436308346e+00
1.980600757895851105e+00,7.080367446226165651e-01,9.932311343720052754e-01,3.922899596978129289e+00,8.574291122006354460e-01
3.941706007576875059e-01,2.933482146280081415e-01,3.134984388910909914e+00,7.199909005022405495e+00,1.165135887644021651e+00
7.737512168849915994e-01,2.672682853593707275e+00,2.558055897276970470e+00,4.410436040698256122e+00,5.644427298987144681e+00
1.048785228186770002e+00,1.715293906092144383e+00,1.185622151526067203e+00,6.772173842654836129e+00,1.696745090426565516e+00
4.911766180463521536e-01,8.640361252839120487e-01,2.926808444235067697e+00,1.677829871681800977e+00,8.665144553298887331e+00
1.431693007803269246e+00,2.507047887046716994e+00,3.525946526237836220e+00,3.357440623017654557e-01,1.100660808225511378e+00
4.444333718035961556e-01,1.456378596196959752e+00,3.529210598893095074e+00,1.697102059756832038e+00,8.148041128180254944e+00
2.327194863256322188e-01,5.445425777599608441e-01,2.637973314134530511e+00,3.279210127020297350e+00,8.486022605190139956e+00
2.283523596916121057e-01,1.542155083793002923e+00,2.515197364405680425e+00,1.566804795755705193e+00,8.587309201975728001e+00
3.126606075353215441e-01,1.899050071122494243e+00,1.738056119391077736e+00,1.800049995101765887e+00,8.796027775946209104e+00
1.125567717986575289e+00,7.389304890293582062e-01,4.472819635089289037e+00,5.181195485316415272e+00,2.159298197789853102e+00
6.289893945502020856e-01,4.609049816873628247e-01,2.961955515926544269e+00,6.818019205809292771e+00,4.328856740625984578e+00
1.103284408330437838e+00,7.963347349885440130e-01,7.388146446755159413e-01,7.612377694103544812e+00,3.583717689298755449e+00
6.968120874528244135e-01,5.135980123000721820e-01,4.219404065674942750e+00,6.312984571542911816e+00,1.794919194527208939e+00
8.962687408730793948e-01,1.430742051622484245e+00,4.702652223642668439e+00,4.784238516863580593e+00,2.840588114500768757e+00
7.783237896457018135e-01,1.657303487900144479e+00,5.214988737447172618e+00,2.954909257549988233e+00,2.101556319796611838e+00
5.113224314484282607e-01,5.731401641425259985e-01,2.789918765009258284e+00,7.753230592131668431e+00,6.053726831304777622e-01
1.129108490745170945e+00,7.051788321713070573e-01,5.898952534226664657e-01,7.774747511192444449e+00,3.161220009783592300e+00
1.032717650960629729e+00,4.732593956091866172e-01,3.081150178151740526e+00,6.576743939555330876e+00,3.046313705492260659e-01
1.422523056473446124e+00,8.176479801158336169e-01,4.845108815646304579e-01,3.976102142252539107e+00,7.716508422297190251e+00
4.309289778698067730e-01,2.979937503203406446e-01,3.296377833540208080e+00,5.605120703145135330e+00,5.561653293619453819e+00
9.745713614395810076e-01,2.765403759198127864e-01,3.113182386540380708e+00,5.027659574796276232e+00,5.262561508932466658e+00
1.649432505323373377e+00,6.343634597654264073e-01,3.745101550797172330e+00,3.791100286094980509e-01,4.027410794323973420e+00
1.688678885843871047e+00,9.285924651389652063e-01,2.854083320716727545e+00,5.144149496057272231e+00,3.738279519813682561e-01
9.762494432168649094e-01,4.520635498476219816e-01,2.721357647424428983e+00,6.726272749654053307e+00,2.751321813640910996e+00
3.152009009001168760e-01,4.614866662873617909e-01,3.224683795138095110e+00,6.711891709380305215e+00,3.262425680772956582e+00
6.924804135349992285e-01,3.442825033134691015e+00,2.331988481325868445e+00,1.965658169210235506e+00,5.738274425171538518e+00
1.346343056879681921e+00,9.189498487287257600e-01,4.324731838070315249e+00,2.048534834342582656e+00,6.386237854563505678e+00
2.993495365661844043e-01,1.780859278187691297e+00,5.434096776044940569e+00,2.994700136291846171e+00,9.551145661659354857e-01
1.906030619360089551e+00,3.086044420039274483e-01,2.990066250563810257e+00,1.758956866756125614e-01,1.297268897126197640e+00
8.519433280682300325e-01,4.187754567719721432e-01,2.679047743781151070e+00,6.108938144297216155e+00,4.835049607961861007e+00
1.126205459777484652e+00,1.063498733050726841e+00,1.646358714872062201e+00,5.946882926410512749e-01,9.788004418314852018e+00
6.334718259475670132e-01,7.160477217942478045e-01,2.589540197985188641e+00,6.515680033873741728e+00,6.093593521316722494e+00
1.724094848053531415e+00,1.224337974344912316e+00,3.381933543971411993e+00,8.021976223012590168e-01,5.949321265780612045e+00
1.227075626159627619e+00,4.983039034619769492e-01,3.837377050296813419e+00,5.036328871738282587e+00,1.950230802925360996e+00
1.235872321602598856e+00,2.502286311159978016e+00,9.218134600155369895e-01,3.522209962401620764e+00,4.950101464246582594e+00
1.774911842715387822e+00,1.985620302833518203e+00,2.435282278152854030e+00,3.247054774157889678e+00,2.160133439566326974e+00
2.170368839504859260e+00,1.524813635077104657e+00,4.103453461783838629e-01,7.005346958710216843e-01,2.858014036422865112e-01
1.991639538619623506e+00,7.755627417543839996e-01,2.734721075791419764e+00,2.430814740557697973e-01,1.939541389790775394e+00
1.244759376448897115e+00,6.950698283935072830e-01,7.099614570603646202e-01,6.743226730970585336e+00,3.342843851404988520e+00
1.381677482567655213e+00,3.253540348495857604e+00,2.615478720606728924e+00,1.406828930187242310e+00,3.302966181115691846e-01
1.818825189845766355e+00,6.895736080750499708e-01,3.429858431985865153e+00,1.498268420964959269e+00,1.337509707524886959e+00
8.564177167910194122e-01,1.780901284976117660e+00,1.198383311600132783e+00,7.178672972824798215e+00,7.517046809087226666e-01
1.895484062781499057e+00,1.274850586992470225e+00,3.659895431910904939e+00,1.427232106526000965e+00,3.474606097581992015e-01
6.291064552130770648e-01,3.706379365871681930e+00,1.175839180127107531e+00,8.208425113454064226e-01,6.124412083657645667e+00
1.153096831861717408e+00,6.721387562277104655e-01,7.219643549689280793e-01,7.892528175536853041e+00,2.271516917161096938e+00
1.492662983807148125e+00,9.983048596569974453e-01,2.933200266625899832e+00,4.426644752809328232e+00,6.104000694731409382e+00
6.906473719780206189e-01,1.231603530842456884e+00,4.958975865357145629e+00,3.349253108432650894e+00,4.614689460949887412e+00
8.447317966645044862e-01,1.671414561693835843e+00,4.505862673395443885e+00,2.447257315902058306e+00,5.762105214066925107e+00
2.802632336522803413e-01,1.109212783620359133e+00,3.675677524294200360e+00,2.862430776143335631e+00,7.483446752339935948e+00
1.198838498030276201e+00,2.162741257949490237e+00,1.061133604034246281e+00,4.015223978934352012e+00,6.501070856242737506e+00
7.429929692226202587e-01,1.339086366325695554e+00,1.707900870971290175e+00,4.977350730574961801e+00,7.197288516940064440e+00
1.795794695610930081e+00,3.261518968246046590e-01,2.793271548984230801e+00,3.302233421541676872e+00,1.330852475575206695e+00
1.223750704244507714e+00,4.663807928819851956e-01,3.947641358530046052e+00,4.821329933678229374e+00,2.369846965776390424e-01
1.352508066307259504e+00,7.695577031302350823e-01,5.168095261273006891e+00,5.373920022630243043e-01,4.829959387286138828e+00
1.390226288036777280e+00,1.940748402238704262e+00,9.864406065869935070e-01,4.741961188414667738e+00,6.633756834664723989e+00
1.202585486547046667e+00,4.795921878329447163e-01,3.731516695076137591e+00,5.279522009563370588e+00,1.084444177167187995e+00
3.385481306423764325e-01,2.255617816705774992e+00,3.740472573582196425e+00,2.303915568229508715e+00,5.907523586686799888e+00
3.336643931580487443e-01,1.193576309147905246e+00,3.155091377699967392e+00,1.666312259162440634e+00,8.610020261502016936e+00
4.848796543808412962e-01,5.762059716733303194e-01,6.255192786069854183e-01,5.915354958467001545e+00,7.438948359145348022e+00
1.432930239143105133e+00,3.013874460111376496e+00,3.050760173029590239e-01,3.805398797327497196e+00,1.410372978771096797e+00
1.742115895239317647e+00,9.048273100158192861e-01,3.773769685596987111e-01,4.164081640079174917e+00,4.747689269941156809e+00
1.409593023442912596e+00,1.239555940639900378e+00,5.326444693246146223e-01,6.309499952644995524e+00,4.124207022194741334e+00
3.981742486333311182e-01,1.862109929846989864e+00,5.122021311453731407e+00,1.563569427521087407e+00,4.891918598262606110e+00
3.902159562184865926e-01,1.962943720296207228e+00,5.465114754228136640e+00,2.145146069591344684e+00,2.771141437956499587e+00
1.500685712347536338e+00,1.575105418004138169e+00,9.795018811814470983e-01,4.919007704253754554e+00,5.940393729731701100e+00
1.580240203829113010e+00,7.837017582642009650e-01,8.812424618181827762e-01,2.667064166755336863e-01,7.492096957063958840e+00
1.218201507106208448e+00,6.911489527590028992e-01,5.495705108710955855e+00,4.525853586343085988e-01,3.888879199416189536e+00
1.784817682210932732e+00,8.575568305099223743e-01,2.388260514817908575e+00,4.050913283490596983e-01,6.617372748622368128e+00
1.278502156365499243e+00,2.412108527722891527e+00,4.175519223699273752e+00,5.074571939643470753e-01,5.221367053937878921e+00
1.160391141680100269e+00,8.482856853229039373e-01,6.533485734281849755e-01,4.829335302859153467e-01,9.139909131247856422e+00
3.873516918128044884e-01,2.968501893881057008e+00,3.454642170213205965e+00,2.565288751199642281e+00,3.626040165305270513e+00
1.185034429960891034e+00,6.951410900826967554e-01,4.715867434701653593e+00,1.437927802172766611e+00,6.324468465659596639e+00
4.203152707480726225e-01,3.208413573570630728e+00,2.621079290755885083e+00,2.455186920584206955e+00,5.569533496579910370e+00
2.188016895913311277e+00,9.441160796983184555e-01,2.940967063045109242e+00,7.929050093551799350e-01,9.099126128716243933e-01
5.918140468735439974e-01,8.627574450540129725e-01,1.386806248986454992e+00,4.549635534813218030e+00,8.638552477283415243e+00
3.263882461963915627e-01,2.722387314203090547e+00,3.859959950911667104e+00,2.564985658022319370e+00,4.620649368593697126e+00
6.350689958289245096e-01,8.154597677695909486e-01,1.716508389359479692e+00,5.491150705424859169e+00,7.437646569251345596e+00
1.539352330706245997e+00,9.836401119430482343e-01,3.085697210341608709e+00,3.790068838328446876e+00,6.071734753296327725e+00
9.571497739092715840e-01,2.110909273753957649e+00,2.000179634693557418e+00,6.311136925022813315e-01,9.094781205162195903e+00
7.569789914980094014e-01,1.246048019817705965e+00,4.678002884885063217e+00,2.241969179783644073e+00,5.683698028526125157e+00
6.493403118809120134e-01,9.432915608700271903e-01,2.318306896184392230e+00,6.118789284205734980e+00,5.273936772877510393e+00
7.303137538495256820e-01,1.028338776395862908e+00,6.124659539760771709e-01,3.009879699012732779e+00,9.486556307051566606e+00
1.444650560857665411e+00,2.621988567952819871e+00,1.116079215092260046e+00,4.924364938092950617e+00,1.369342515902527424e+00
1.315510002187910477e+00,9.305779843663650741e-01,8.942627350208092185e-01,3.943745573363317547e+00,8.193072395050862156e+00
1.746591221253064319e+00,1.530049740362796840e+00,3.498322086279932019e+00,9.727914704437623516e-01,4.114499113975773170e+00
1.327192725261662432e+00,2.612693345580432980e-01,8.967345648013893555e-01,6.487568843567136589e+00,1.512374504047325985e+00
3.614202852407578659e-01,3.283004699327017328e-01,4.489190080535142569e-01,2.099886950188960100e+00,1.006365040376249276e+01
1.504534801006483846e+00,8.528773045231022865e-01,4.121066011208668556e+00,2.483080688431418270e-01,3.518828292132293978e+00
1.888210153547338122e+00,2.209218698754253030e+00,1.806311462969037551e+00,2.777168819667226618e+00,4.566562821712158105e+00
5.503215084155509418e-01,2.727771213439179832e+00,3.085697681263802838e+00,1.215718406736241874e+00,6.810049689001625772e+00
3.618023058784360368e-01,2.292707526357490533e+00,9.064399994605123467e-01,1.837024731527962196e+00,8.702377198172188244e+00
6.417697241995252710e-01,1.012030766923035952e+00,3.231574635878844859e+00,6.667206430480690393e+00,4.116806611542837224e+00
3.960639050829668495e-01,6.244660891541145009e-01,2.056618559992509976e+00,5.111036423409331064e+00,7.470287469023908500e+00
3.314342547429836028e-01,3.269126722139249264e+00,3.340150446576845567e-01,3.787542620916801273e+00,5.375780373169500415e+00
1.533580356709032921e+00,6.101052950861458601e-01,2.277630969780255477e+00,4.884137828010473470e+00,5.017474994940614330e+00
1.015651962178486301e+00,1.068467963862501868e+00,1.931600484330477485e+00,4.956092422932404373e-01,9.484811440012929751e+00
5.342405449661333794e-01,2.867170620536708014e+00,3.656179658432961332e+00,2.541772285039550994e+00,5.200714064293597616e+00
2.032709770047389064e+00,1.772560722386067766e+00,4.579049138238601158e-01,2.742935094252991757e+00,3.634461088700080555e+00
4.437479161451399201e-01,3.790942093367851484e+00,1.655736755188381482e+00,2.730555221625163398e+00,4.002717211150962129e+00
1.368442852000973708e+00,1.735121989185762548e+00,3.654961066437826922e+00,1.334708602960874568e+00,6.644572858149810912e+00
1.332364361283806087e+00,2.719146120823821899e+00,3.273437321470836769e-01,4.154744088906304533e+00,3.495924506424135547e+00
4.583662620884887406e-01,3.080013422638417708e+00,2.535244022812852549e+00,4.974948413830857064e+00,2.699856977388724655e+00
3.523148853313523010e-01,1.823037136706664896e+00,5.145637359323463222e+00,2.622359402915132254e+00,3.679794934605049139e+00
1.329821430041517427e+00,1.916438637171277604e+00,4.046686197281979425e+00,3.786241675470528589e-01,5.092534027520584594e+00
1.436589020317712517e+00,8.456661097376582115e-01,4.339308277179294571e+00,2.560155297794072027e+00,5.096361408303240026e+00
8.192543343031957193e-01,1.455591404634699160e+00,2.421490637446493288e+00,5.799156063048005905e+00,5.548298010991368656e+00
1.965580661996572109e+00,1.635128810975371660e+00,5.905186655462785206e-01,3.116530889491247347e+00,3.946729301370083487e+00
1.324399820559162055e+00,1.862692131449099620e+00,4.053408824840052382e+00,6.920920362250562174e-01,6.991165131851165171e+00
1.172210624217409514e+00,1.807447037041451932e+00,4.028766971809369934e+00,4.305846809194020075e+00,1.665312436514771566e+00
2.870687480745760523e-01,1.620848918101241320e+00,4.591348395943285254e+00,2.333908989278111967e+00,5.648756887442979213e+00
3.375135029911603968e-01,1.755831385542687695e+00,4.952908235991774433e+00,2.595418699564437048e+00,4.651082410135815692e+00
1.617054282282011091e+00,7.149387846959988080e-01,2.106406641945152813e+00,5.526654621537146816e+00,2.983140019368732077e+00
1.851318668202293294e+00,1.599947686314957096e+00,2.086909533293256569e+00,3.425874468676845641e+00,1.669537411439947938e+00
1.371423264904956918e+00,2.956292515494784112e+00,2.982561710689687118e+00,8.000991513875975736e-01,2.469894188856830985e-01
1.158462818153056517e+00,1.241317136057948911e+00,3.095407569000678261e-01,5.893177373361172755e+00,5.358669899423127880e+00
2.257009882238971699e-01,5.159269356083736602e-01,3.954144941905421540e+00,4.366356584671261309e+00,6.029547998555501387e+00
3.907314040822815748e-01,1.957479204560799602e+00,4.319842511554849995e-01,4.632868537993826585e+00,7.830423452354613012e+00
1.582406508436480008e+00,2.423047022062787548e+00,1.010242727864232526e+00,5.180121503319893073e+00,1.845743085079609047e+00
1.150293128655899721e+00,1.860667790710277547e+00,4.233824435202151903e+00,4.532536673775720004e+00,2.124082079184323568e+00
1.735537905913218548e+00,2.307678254774303106e+00,1.013158946452686004e+00,3.027592495948390194e-01,3.977236399630035280e+00
9.383751397689401585e-01,5.404499324533572624e-01,2.755014840003858101e+00,6.669224940187451267e+00,3.585560657246657623e+00
9.732248747511209608e-01,7.156750692118487578e-01,2.729669427368676793e+00,7.042038350312233241e+00,1.789772442971171884e+00
1.383322176605810583e+00,9.971932831199822322e-01,4.146840873738218747e+00,2.414475990932596794e+00,5.677655973160733005e+00
5.426351277787224703e-01,6.025626188724284571e-01,3.398070367012699489e+00,7.185584318326767139e+00,2.272126842081506393e+00
3.704256300834475879e-01,2.245546614689600151e+00,1.045092609535892336e+00,1.908636388470983380e+00,8.695250202708072251e+00
8.365433628552896295e-01,8.790578795272820933e-01,2.174843296179576946e+00,4.314261195832145290e-01,9.493423431094207388e+00
4.719007472194708397e-01,1.999179497449861564e+00,3.333328710802741401e+00,1.057848905668705264e+00,7.826945734076939054e+00
5.340915561371666342e-01,1.904760590048492297e+00,5.149367228061877633e+00,2.676822771163674730e+00,2.691690410783303289e+00
4.284654279609707572e-01,3.543222348968377400e+00,3.265179274112568919e+00,9.358676198921846989e-01,3.881838782344069649e+00
1.100004047870520640e+00,6.242809344527682214e-01,6.325388284353378188e-01,7.782643322345396797e+00,2.624425529799797818e+00
1.451149301872605824e+00,1.716255200559532179e+00,3.095580187195882793e+00,1.843983434444265823e+00,6.942791922283972461e+00
1.136944768440209419e+00,8.095283349233541870e-01,2.455830449029510198e+00,4.219160238649132921e+00,7.244019379754830901e+00
8.716872250713556536e-01,2.045200727619725711e+00,5.460077488641529309e-01,1.893637675301963696e+00,8.452119928546601102e+00
1.662229551516260395e+00,2.547297720260327303e+00,1.645300258181596753e+00,2.997087022427522007e-01,3.117075799541177528e+00
8.762644763452589469e-01,1.866126154226310341e+00,4.432094773187326808e+00,1.549555970570345886e+00,5.586427956808682538e+00
1.312015983971854149e+00,5.042226466603645374e-01,4.873497877654012100e+00,2.026345736488640803e+00,1.323738657915111583e+00
3.556243996919372652e-01,3.417206199587349946e+00,2.691952408115443340e+00,8.697576213392617106e-01,4.706034314502122839e+00
4.653885979414447704e-01,6.372478193148569670e-01,4.747747219756098813e-01,3.479899644928307723e+00,9.452820434848158371e+00
8.848233851803029015e-01,2.588147135230224105e+00,4.401282552241955415e+00,3.843724915632416472e+00,4.164617764174008419e-01
2.005626433369952277e+00,7.805853330921868061e-01,3.111781714764235041e+00,2.848367117345219635e-01,8.983362019527079134e-01
4.175240308878557238e-01,5.331836790350681365e-01,3.333071221824801089e+00,3.674876847494917609e+00,7.988166155364279319e+00
1.650202541680366952e+00,2.529182316523181928e+00,2.289679272345542138e+00,1.772336546504485799e+00,3.768724034875652773e+00
2.124754801276826033e+00,7.366292030203942520e-01,1.402613873254803245e+00,1.433882238525005848e+00,1.699562023854554349e+00
1.025560627841450634e+00,5.783933787454358377e-01,7.884766160480938257e-01,4.150384490828129991e+00,8.383437020066748957e+00
1.463229177648817991e+00,9.843232838169517773e-01,2.487746953991521348e+00,4.898524062367084042e+00,5.878979568439921977e+00
1.430430115180111983e+00,1.984452580575372327e+00,4.369636333649464244e-01,3.447241649283313780e+00,7.226154221641750475e+00
4.337641749855474238e-01,6.931927484072410994e-01,4.815457026156799714e+00,2.947751968370851294e+00,6.176878464773138511e+00
1.132092520970721106e+00,1.725604342084715581e+00,5.156426419747421441e+00,5.030035177081848552e-01,4.836253677444568133e+00
1.271603430750217090e+00,3.773125008074956210e-01,4.914520751871595650e+00,2.927045410812413540e+00,2.720919528296502410e+00
5.870338736498277310e-01,2.734596367852315968e+00,2.658388858477644501e+00,5.458595463626306987e+00,3.458727931198839922e+00
3.289218857597270285e-01,3.911367290987203260e-01,4.813319469170344034e-01,1.851753733085627296e+00,1.013271937903315312e+01
3.606728733202914094e-01,2.646628745237254332e+00,3.378528202900134669e+00,3.673586326605958519e+00,4.916545075282356514e+00
1.598045004015505866e+00,9.237839427451577379e-01,2.626612832644336315e+00,3.206172088114533358e-01,6.281753382972627975e+00
6.387330896068637021e-01,3.432735271456913928e+00,3.242039503810527190e+00,8.989092033085934741e-01,3.840314462503538362e+00
2.053597176121898737e+00,2.343642064727771590e+00,1.820718567348180272e+00,4.509841886844067060e-01,3.916785896951059942e-01
1.149690867121599958e+00,1.086904741982990474e+00,7.559806965405064805e-01,3.375898326627325030e+00,9.057183973995595494e+00
1.174639355222089954e+00,2.212740913935334230e+00,3.867603640344178806e-01,5.259295966907576947e+00,5.454473364806939450e+00
1.513509502366648718e+00,1.481366168929678206e+00,2.304957333745435655e+00,6.031376670215552460e-01,8.207983635208586648e+00
3.988379674496577709e-01,3.065615657084294288e+00,1.170174483190498549e+00,3.597655801821842747e+00,6.405570413550791820e+00
1.074031296200563368e+00,6.479409324132104908e-01,9.757952824375711876e-01,7.392325645235689358e+00,1.269315207355198982e+00
5.955256237003243580e-01,2.607719719312520557e+00,5.224502229253797481e+00,2.008470491901420463e+00,2.022764535507796779e+00
1.895898592519753567e+00,9.039863114793944554e-01,2.942124057664416537e+00,9.884405576771786439e-01,3.769727635794211995e+00
7.853597415407581606e-01,1.650927404710745616e+00,2.439563621699466722e+00,6.823688205865530598e+00,2.695288395037572560e+00
3.089069261895842633e-01,1.983668112750852197e+00,3.227587477298998753e+00,4.285004443694409915e+00,5.433917261966202616e+00
1.249876186902411535e+00,2.195486550254799774e+00,2.317956979847363819e+00,6.064489694806376452e-01,8.214757489564858517e+00
1.212576157798790133e+00,1.665073849400961370e+00,5.157169647349639785e-01,5.592979373890094585e+00,6.172673467256226232e+00
4.040591023336188581e-01,2.961945066071483890e+00,3.384743252829058413e+00,2.495930551655849428e+00,5.195148369849843739e+00
2.058592531893726374e+00,4.561837249960596363e-01,1.140706669645775717e+00,1.218015064933041236e+00,4.761221441717792047e+00
4.030604151687856018e-01,1.885442964223348561e+00,3.711549724282613649e+00,4.850779902211551864e+00,5.021529140789954049e+00
2.169123089863840281e+00,3.818937411440819774e-01,1.055274543036155199e+00,2.977436395849216710e-01,1.744251643959523479e+00
4.357892338460678805e-01,4.914104140036631430e-01,7.207301253698767951e-01,7.052613006041482002e+00,5.955908012042013588e+00
1.176276310399483105e+00,6.544429116724362894e-01,1.120499957767725041e+00,7.357096103531203468e+00,1.531608228044075481e+00
7.606108067651584648e-01,2.817343845457268348e+00,2.971934503449396914e+00,2.544961230719869683e+00,6.609681442195859624e+00
1.267539303258249817e+00,1.218797645864128087e+00,5.192044601430082729e+00,8.065825995258856240e-01,4.969386865092631389e+00
3.959731428958683797e-01,2.027069722701511534e+00,2.547961171333365193e+00,1.716016322956212647e+00,8.482845112842756663e+00
8.811906028037916894e-01,8.420322418842225431e-01,3.297637476966799763e+00,6.027071184251267866e+00,4.901827894681676234e+00
7.523591914202809594e-01,2.814901562109610733e+00,3.515526313259756730e+00,5.019297088221784442e+00,1.611573870478565595e+00
2.155207722275711113e+00,3.719682103516399052e-01,1.043703338657512747e+00,2.880135215709228591e-01,1.871454523325197350e+00
2.118754504036237218e+00,9.887400259114136336e-01,1.045056703694233313e+00,2.830285972374676495e-01,1.872801072183941207e+00
3.986780056338291578e-01,3.415219081620528563e+00,2.695607417146614893e+00,9.996912166252434062e-01,5.155861307439310259e+00
2.133707330773099820e+00,4.660588854315317331e-01,2.674579359765171471e+00,7.715291993228472478e-01,1.203929601473366251e+00
2.111452059062929099e+00,3.360940465197775895e-01,1.411896686118471411e+00,1.976952423475261678e-01,1.308096853841130169e+00
7.784531636114138120e-01,3.729475212657950678e+00,3.183786884287592045e+00,3.990429925130842825e-01,3.339005614744902095e-01
1.034873527615190136e+00,5.845013656821620440e-01,3.207890632870575853e+00,4.560491503633172350e+00,5.595511396915582303e+00
5.282185745043712632e-01,3.382017435837864738e+00,2.646823324462808547e+00,4.845410977425250287e+00,2.218236203951311047e+00
1.684621053904660437e+00,3.359981541289947526e-01,4.052095069731458388e+00,3.053673428938055712e-01,2.328417511798287265e+00
7.098621472329655901e-01,8.968603401840962164e-01,2.294187259110780808e+00,5.406706080015639238e+00,6.452618582404116232e+00
5.378548537191419898e-01,1.624258634432280912e+00,5.511077078334455370e-01,7.482364689421174830e+00,4.497039497591698520e+00
1.863913037875436940e+00,6.194164585293147063e-01,3.284195898030449090e+00,2.228497281716205758e-01,2.185000612042985679e+00
6.411485946790962398e-01,3.094565013030873835e-01,1.628132197532727643e+00,3.630888496078968686e+00,8.887446666526733097e+00
4.319163639159728785e-01,3.182410556803684454e+00,2.412406311476345433e+00,3.717385225661497650e+00,4.899681502653934650e+00
1.867131753624032831e+00,1.326306373963705321e+00,2.065202827443875844e+00,1.847427654589062218e+00,6.058227897575847898e+00
6.471819194066774639e-01,3.870626807736038955e-01,1.386766793959542055e+00,3.341266496692461452e+00,9.374969398217814387e+00
8.142037865781230899e-01,2.509511041526056863e-01,2.423075579590020734e+00,5.802432127931227868e+00,5.446921623187085615e+00
1.236019191393540329e+00,4.565252255379914637e-01,3.957179093645179169e+00,4.830428354994513285e+00,5.213260371919961056e-01
1.131272445872820720e+00,9.198962891281285970e-01,5.399519682245403907e+00,7.512578018747619879e-01,4.697490529676584536e+00
1.393137267384316758e+00,1.883111366652050922e+00,2.805506291515814654e-01,4.351042127934274362e+00,5.343110631273824573e+00
4.005823357719828781e-01,3.369548926277384115e+00,2.138994751951807771e+00,3.000892264121643116e+00,4.938024739938732921e+00
2.689105522984142627e-01,4.935493017613051814e-01,3.990109365625122084e+00,4.401279820526385222e+00,6.060057643901982871e+00
9.331171523101134957e-01,4.980878156513561805e-01,6.123154680901856661e-01,6.501262310586819915e+00,5.287056786850553358e+00
8.703065807718393110e-01,1.463658633740625437e+00,2.222101501056080064e+00,5.546158553748043119e+00,5.317208583789065912e+00
3.011583565434826637e-01,3.287554007983025439e+00,2.715844891155780871e+00,2.501599760193035316e+00,4.600856355193644553e+00
4.473402623556423374e-01,1.487647228418890855e+00,6.213350664946252877e+00,7.675861366101152106e-01,8.835366424108480610e-01
2.052094985654653758e+00,2.449929738177508032e+00,1.604846748102767506e+00,8.297930212057806898e-01,1.080330150574235981e+00
1.146809830997372215e+00,7.271625563345314180e-01,1.637860310432085242e+00,4.712653761407444186e+00,6.991226709247409410e+00
1.552504857914307035e+00,2.801273299181865184e+00,6.052172744882748923e-01,4.885134566093782826e-01,5.980156273414308998e+00
1.033447781023120182e+00,1.050475928806907877e+00,1.499474131603466098e+00,5.545987482489026510e-01,9.973723304711402449e+00
2.202097941111278989e-01,4.327591293393394656e-01,5.556508961912721034e+00,3.072661588996732362e+00,3.013107293974652379e+00
1.842503657463645084e+00,9.394216026991357715e-01,5.250342031903287854e-01,3.342410878932284390e+00,4.958945740396773161e+00
1.244536368802152460e+00,2.064288858493377177e+00,5.044800536055465301e+00,7.630430608081052446e-01,3.996159669713770790e-01
7.711861829741870622e-01,2.860765429656364489e+00,6.124098510003530560e-01,3.969770420033730929e+00,6.281473069989388591e+00
1.341807947707303494e+00,8.425250289450749719e-01,4.242224254367530811e+00,4.359383077902288406e+00,3.253878855982266227e-01
1.609345821528350706e+00,7.008097252276249689e-01,8.681686107598359792e-01,6.378584488222620585e-01,7.811590990704759818e+00
8.429385200727526062e-01,4.667772945625046077e-01,2.440575914355784359e+00,5.658127740850157572e+00,6.737160322251927624e+00
1.251389362279200945e+00,5.123891062759353687e-01,4.656274241946818826e+00,1.840747533581274853e+00,5.975304535847549836e+00
4.600655624423443113e-01,2.651868912093386377e-01,1.080355674905045138e+00,6.952457769870413529e+00,5.409198032380956533e+00
4.085825982244764565e-01,2.012449054195772469e+00,3.646214061131030970e+00,1.624880298455211314e+00,7.128803349719449400e+00
6.583511526435039674e-01,3.568746381982168536e+00,4.682591372072010261e-01,3.124220983624078851e+00,5.507615649988923501e+00
1.124550008262313661e+00,4.495318909710593891e-01,3.552261373050038085e+00,4.297809233859590350e+00,4.784250542474971724e+00
1.761356039407427465e+00,2.305774206053174957e+00,3.977468378859287945e-01,4.584305928431132493e+00,1.584119000722821413e+00
4.100742712564516834e-01,4.875103621461379655e-01,3.431796660834138368e+00,3.095570175767861976e+00,8.202824574675485536e+00
1.212532249821429486e+00,1.751558738756903377e+00,2.967180866639457903e+00,5.414341483108297659e+00,4.441967965501169679e+00
1.363811061012700998e+00,2.509838808645124431e+00,3.527386461366287529e-01,3.760717405684818271e+00,5.414136130602194008e+00
7.465909510651760339e-01,2.745059648504409866e-01,2.484569334979729316e+00,5.563412016138772564e+00,6.067517957204485946e+00
4.397922199949463318e-01,2.571499901729035642e+00,2.919011840432937377e-01,6.756454175594333478e+00,1.264632965784503016e+00
1.229239242912909758e+00,5.513601973178929860e-01,3.953910671702067781e+00,4.816852743602717979e+00,8.971071815954829720e-01
1.118019527882425201e+00,1.998157910560343975e+00,3.390017871276727490e+00,4.793636950733276336e+00,2.479153413820473162e+00
2.030615835901516508e+00,4.747293345571002576e-01,2.782115671707617199e+00,1.299122579492663077e+00,1.143442575228419411e+00
2.977433742430803942e-01,3.165562663709543756e+00,3.002627799268209330e-01,3.671648011641851284e+00,5.675515441745437428e+00
2.807508542594315259e-01,5.732687881455311718e-01,4.038639257311899655e+00,4.454106237960329118e+00,5.993477738603258054e+00
2.278348250596154700e-01,5.603348710887958717e-01,5.694223004353037076e+00,3.094120958466531679e+00,2.013297180083805316e+00
5.672207448003404595e-01,1.590287025757586070e+00,3.837404145727343785e+00,3.987047182990943739e+00,6.297331631271884334e+00
1.408885765863722828e+00,2.700672820152577813e+00,3.861429795208716209e-01,5.366437834381256877e+00,8.451683855139426882e-01
2.020288511918857832e+00,1.320040313634670781e+00,1.069785591554991200e+00,3.478859763168411501e+00,2.442499647594090106e+00
6.256457764703436952e-01,2.748272060485598800e+00,1.446488024495548252e+00,2.975389076903746766e+00,7.191373876178412949e+00
2.500576112235408655e-01,2.579298784290036117e+00,4.189541413582644758e+00,3.027944060116957381e+00,2.721316958032831135e+00
2.027827145092210070e+00,3.783409270016248604e-01,2.685411432031804768e+00,7.100723251759172294e-01,1.362130569786991430e+00
9.413250503617375253e-01,1.883908421097044483e+00,5.559008446574394968e-01,6.825078011572267123e+00,1.202242030966094388e+00
4.550565756626832603e-01,7.127745698142654573e-01,3.832902968064463511e+00,4.512767473693414466e+00,6.085230281544538045e+00
7.555853743969975778e-01,2.754376040837930972e+00,1.595928953192846222e+00,3.988118735427943040e+00,6.237485332194682819e+00
5.110094800025952733e-01,5.729536300222078937e-01,2.780873004898920531e+00,7.727201212339649850e+00,1.273755919825609428e+00
3.543921986691693782e-01,6.178492466982277165e-01,5.502208199611780870e+00,3.722349762775186033e+00,3.091624340108988900e+00
9.326585838214536128e-01,8.902344467851411869e-01,2.075644159935785105e+00,5.882133401269569184e-01,9.930417633074240413e+00
1.039420558124198202e+00,3.256464824932757018e+00,6.255430567212785231e-01,4.779502405059998793e+00,3.038206802814336083e+00
1.730302160537475764e+00,1.568045725014370673e+00,1.776453448798678503e+00,3.180764273146351684e+00,6.359528555769617952e+00
3.720469714245797643e-01,3.777351184324325151e-01,5.063768561960825032e+00,4.810272330746701464e+00,1.093138982347172661e+00
2.252403646308332341e+00,1.395283286453798288e+00,1.273942800891822991e+00,4.209989946530092730e-01,3.727295314049868802e-01
8.555698350082677761e-01,2.835339973857157414e+00,1.218112515163355170e+00,4.088125381881236642e+00,6.036354179544225929e+00
1.047802668164056872e+00,1.219542003663849794e+00,2.704544472754488282e+00,4.933304332004246007e+00,6.753980522723769475e+00
1.459064562806644094e+00,3.180422489700021060e+00,2.330932918537925502e+00,1.506827379119817234e+00,7.532146072025680539e-01
3.834711046915764143e-01,2.302636029993354594e-01,5.053679213099561807e+00,4.799249720343493841e+00,1.097441375379420769e+00
1.808656727740344472e+00,2.630982841968093400e+00,1.169174016607476663e+00,3.087403177008161581e+00,1.843734652446347377e+00
6.606681104477751809e-01,1.085217749586322444e+00,3.076753207312423744e+00,6.373137065517749278e+00,5.119043997093577048e+00
3.023209718043987637e-01,5.116896216920296947e-01,5.852464678004380971e+00,2.288985493184041431e+00,3.022801643759298607e+00
2.708649235226836538e-01,2.526662918523876478e+00,4.381237301823901475e+00,3.096441219619722851e+00,2.960852974665617587e+00
8.005949605133517721e-01,7.681215265070924225e-01,2.696116818780355917e+00,9.569442053718454355e-01,9.615347176567142995e+00
1.309459716558258657e+00,5.049233899141356563e-01,5.223761714039762083e+00,2.219761841877647690e+00,2.562205446098177575e+00
1.546690781349771449e+00,1.626617956078252547e+00,3.260749197567976321e+00,4.894204373587929702e+00,2.844641568903144790e+00
1.216761261634054403e+00,1.695787911494310851e+00,5.427172100406880695e-01,4.870464706503343955e+00,6.243572562934357251e+00
4.496680894797211447e-01,3.158234446326376066e+00,2.873040622232201358e-01,5.757424588862147807e+00,5.961427602629003619e-01
8.752622461535106702e-01,3.102301871045030524e+00,7.280799330618666909e-01,4.230903947501770901e+00,5.818020982701458621e+00
9.767208414661541216e-01,1.782710310516247398e+00,1.070458448833896847e+00,6.798732962112102207e+00,3.398426264769445204e+00
1.204290536128422628e+00,6.984221709253431998e-01,3.950152938073619335e+00,4.823841627459967363e+00,2.392210919903608457e-01
2.222224944401049562e+00,1.087159270673160094e+00,4.042109906153520393e-01,6.944003338903920186e-01,2.798557436810982235e-01
4.606169633157466414e-01,2.462279737573060512e+00,4.794797693150149698e+00,2.057616599934569912e+00,3.260939032618548339e+00
4.327351903803254851e-01,3.864818550467279401e-01,4.623477113311247777e+00,5.832123855892053399e+00,1.256575739124716540e+00
8.905695129489661355e-01,5.325912213991499389e-01,1.280690116908414611e+00,7.265457495621056694e+00,3.750857272238683038e+00
1.412741895504804335e+00,2.188136634861242324e+00,3.416904980748744491e-01,5.909954802522669581e+00,6.507826521977796430e-01
1.475861582673160255e+00,2.188479846124579353e+00,2.240816634991594114e+00,6.218049709433845607e+00,5.829032027532209392e-01
2.845374925250663822e-01,4.690777401163909177e-01,5.303935471940063096e+00,4.512316661759121494e+00,1.567572400595425464e+00
3.987926817906753962e-01,2.944819055434223509e-01,4.612763795010897283e+00,5.356513076110961613e+00,2.523566167287362383e+00
8.999971843892349277e-01,3.348794379523578169e+00,1.141961472353999474e+00,3.084981561298699049e+00,5.800226499050578077e+00
3.707049616265893910e-01,2.909471774323048265e+00,4.923881444883019043e+00,5.541801486988078285e-01,1.050118501824869544e+00
3.503728032339439857e-01,2.792205038850688936e+00,4.180242093636644896e+00,3.191531231237104915e+00,3.119511970829889069e+00
1.550982500178529344e+00,1.561766973002087333e+00,5.293902444389622097e-01,1.495710828481712662e+00,8.583335388738717597e+00
1.532393295939439071e+00,3.660370416773600422e+00,1.341962122176258987e+00,4.601477966293355815e-01,1.117403373213536444e+00
1.030680383998971550e+00,1.944334997622408912e+00,2.417605112171627713e-01,6.625352647241650850e+00,5.324153384000416267e-01
4.824681405406491264e-01,2.251180471684372186e+00,4.774163772413414719e+00,1.044059172062801188e+00,5.681869613450995615e+00
4.022842512784370328e-01,2.582289318217465546e+00,2.598728369476592803e-01,4.993257293166408317e+00,5.735466242583838081e+00
1.111151497949439237e+00,2.471450628523624182e+00,3.208169775645871580e-01,5.940262395435571108e+00,2.115694073783411788e+00
2.636686014606670625e-01,1.852827512496799445e+00,3.189511273348960341e+00,2.051147319149145609e+00,7.647548872946997811e+00
3.120047270479340273e-01,2.556043201022696998e+00,3.354407094566323799e+00,4.326166959482558028e+00,4.129905979001894600e+00
1.981501581082133479e+00,3.797469156091615172e-01,3.068474568140658665e+00,6.473076526832550748e-01,9.283320537753356749e-01
2.157744092530157864e+00,1.022296089884705550e+00,3.391177224273679291e-01,2.212095020527392042e-01,6.681527957037092236e-01
1.841074946943421775e+00,5.035230271199341301e-01,1.480420629797685184e+00,4.878159000566493653e+00,3.123530515469029600e-01
3.901517485238004124e-01,7.715986829346033193e-01,5.014175342625995846e+00,3.019168573632066810e+00,5.624148829754330059e+00
9.628851691260886803e-01,1.705443945716018428e+00,3.068628160870108257e-01,5.509705750089532117e+00,6.128953106633380443e+00
5.039430467686411008e-01,3.615347784337000547e+00,1.126030331758573588e+00,4.549821388461122496e+00,6.239344063088181347e-01
4.437124075974465676e-01,1.846472249114240238e+00,5.059159599136229701e+00,3.090645393223471427e+00,3.084670815201683958e+00
3.407147797501267616e-01,3.914681112876380542e+00,1.290762832171518326e+00,2.557615316468667022e+00,3.098575901199019267e+00
7.059722713140059724e-01,7.049645857484510003e-01,3.229467561074656157e+00,5.143136945626006984e+00,7.334583875623674309e+00
2.573490553298290462e-01,3.738621128410445360e-01,5.694716203965651147e+00,1.404879518508421077e+00,4.171207246866550200e+00
9.868960987330903656e-01,4.414748029220004533e+00,5.850993626724669827e-01,5.524661429299613236e-01,1.084936049382613898e+00
9.499174375661965097e-01,1.785115827995035431e+00,4.164184098058980155e+00,4.561073230867059181e+00,4.275113693532336612e+00
1.493681247170753235e+00,2.376660679578808555e+00,2.887138045968941746e+00,2.817689644895086665e-01,4.188330627597474098e+00
8.929622503795958677e-01,1.889551925076555339e+00,3.046164398617212665e+00,6.112445336772565518e+00,4.661494732708092448e-01
9.504517184172467381e-01,1.733489722355554097e+00,3.483000302395887093e+00,2.351861982827850195e+00,6.413881376535236711e+00
1.723579872035335248e+00,2.537655573067925552e+00,3.225664181538070885e+00,3.780557285340161444e-01,1.500308496846928241e+00
1.252728873933439457e+00,2.177807188433544816e+00,3.945566082167271560e+00,2.130220335630720108e+00,2.170666144924135565e+00
2.888084174984462127e-01,4.000813442854708191e-01,5.847646583042690693e+00,1.566769490517349928e+00,3.199319148576553307e+00
8.472000017890908286e-01,1.350828941007701234e+00,5.337427637505387512e-01,7.414906092875811261e+00,4.572551369287724654e+00
9.206115103115566356e-01,1.794409439086043445e+00,1.134213000479991518e+00,7.181053300857278998e+00,8.006927373929211278e-01
1.708289622852125600e+00,7.047010669012199191e-01,3.724568788617243165e+00,3.911773232624267127e-01,5.106304772944608494e+00
1.481753469914160348e+00,1.368107484823922082e+00,4.701989550305286869e+00,3.995394895657806700e-01,2.422589658470262641e+00
1.538169100040042148e+00,2.551465706914297638e+00,1.237135943603884014e+00,4.171856006172811604e+00,3.875997046396579382e+00
1.613856999908039880e+00,2.422936489156034323e+00,3.231904647787545048e+00,1.067546019414255420e+00,8.311156629143499064e-01
3.647335939767618607e-01,2.584626589857622392e+00,5.266048633944365953e+00,9.839298685546777889e-01,1.055731150050372325e+00
3.499043097699716109e-01,3.187570316337640541e+00,8.569032968872427602e-01,4.004948262088670496e+00,5.393858200743354203e+00
3.346871729178016452e-01,5.650791410967577200e-01,5.751639597612405730e+00,2.886406275546026912e+00,3.140692996409813809e+00
5.799999976746166297e-01,2.373431594484259222e+00,4.676640664297798899e+00,4.412682283444067544e+00,1.696321789146188141e+00
7.219396139780718258e-01,1.080364314819379334e+00,3.131185855844228705e+00,4.204136581421043850e+00,6.552508323656101474e+00
3.064998410253625960e-01,9.298545868563375949e-01,5.825568259315661024e+00,2.074129714959842552e+00,3.091186139773411501e+00
1.326552058848266658e+00,2.048145157548832973e+00,9.515174906910438546e-01,6.150403220237609325e+00,2.224188266976858230e+00
2.014212023228580950e+00,8.775954330481433585e-01,5.083610678699292951e-01,1.788398062477259742e+00,6.711677015262896617e+00
2.680755815734255920e-01,4.965323081714685394e-01,6.003748378267268038e+00,2.083200056424815205e+00,2.011061003237629041e+00
2.224249027831637360e+00,1.577872350969418802e+00,4.619858952398289698e-01,4.644267098973040020e-01,3.372686758936623841e-01
6.061753052701240874e-01,1.171630414714227353e+00,4.686218903699715277e+00,4.773847350972729942e+00,2.977082206203203185e+00
1.655818110926038367e+00,2.386631478964390762e+00,3.324570036944123341e-01,3.642548619312822478e+00,3.125377708733115600e+00
7.669021280306207444e-01,1.237003720409007634e+00,3.211806717085993190e-01,5.885970475947568836e+00,6.659206403039532596e+00
1.539154553880421883e+00,1.776705735840625300e+00,3.297308286594697435e+00,1.124251116167906517e+00,6.419372010063232104e+00
2.848483910924299312e-01,4.990579323673320911e-01,5.664194484013311381e+00,3.160307993668698856e+00,2.796483904506345652e+00
7.179476384835636882e-01,2.193515560207938808e+00,4.485699532896327391e+00,4.643831613929410018e+00,3.576505277997758192e+00
1.178073497175539330e+00,1.264868563034999838e+00,9.252368418718752707e-01,6.952622321867148791e+00,4.822532504554443378e+00
1.663159357668030580e+00,2.670038529759746204e+00,1.312604596080880315e+00,3.591861343756543867e-01,2.841790814612205729e+00
5.441571822607328413e-01,1.160569306803843848e+00,2.887124200734848767e+00,6.222174672512534865e-01,9.326330269949174578e+00
1.016122095986557117e+00,2.161075881469939564e+00,4.241435615438281737e+00,3.133001285952521364e+00,3.072754148408100239e+00
3.611251398495635700e-01,2.959923377187036575e+00,4.564793199742093854e+00,2.163624408514829511e+00,1.725306772534044075e+00
1.927998695144142127e+00,3.363923891907623087e-01,3.074949204976966222e+00,2.042578283420024010e-01,1.163713211609573417e+00
9.344483539296853936e-01,1.772370537710632687e+00,1.604668558814014379e+00,6.593464580941661879e+00,6.477673052075061388e-01
9.271982495840112026e-01,3.905049437052453776e+00,5.398986063794389834e-01,4.065213194993753554e+00,1.561629047353500166e+00
1.019678353497684098e+00,4.282379392920871997e-01,2.952754059503445827e+00,3.573727820692439661e+00,7.316011256172512134e+00
3.578038063436124183e-01,3.201024884610189081e-01,6.102503960063405231e+00,2.031802781625113852e+00,1.122897342237527685e+00
5.232846573402951673e-01,4.052417138361799509e+00,5.616885858495710426e-01,2.719625189182371394e-01,3.040885847907624839e+00
4.349589911749563997e-01,3.227501717884506682e-01,4.645164515439526909e+00,5.405290445219502082e+00,1.085512535281790925e+00
1.053784143003017482e+00,1.738180847827418773e+00,3.472205960604902497e+00,5.517113390470246514e+00,1.454980356544578912e+00
1.435708855273975182e+00,8.377379763423169479e-01,3.841130220962071906e+00,4.099948896084993244e+00,6.725596624633074505e-01
5.592114852186278462e-01,2.328901533322190520e+00,4.345566866298235520e-01,2.511602948069687091e+00,8.782131804244800222e+00
1.349294641857866628e+00,2.547125257852866032e+00,1.769566535526185369e+00,4.834678114347862987e+00,5.594422938725058803e-01
6.253094190741055325e-01,7.665197905140039847e-01,7.665403862363104892e-01,7.105523421693316521e+00,5.593747950761721377e+00
1.314846868565221039e+00,2.348253203154721636e+00,4.092337359217798287e+00,4.874806904317418588e-01,5.201390550405273316e+00
1.604639614021777572e+00,5.567175314599004388e-01,2.402724913734033851e+00,5.361506641343790847e+00,4.373914348766700932e+00
3.480232892694519187e-01,9.744302071473491811e-01,5.882764385673739049e+00,2.121615927794696432e+00,3.047107225914333473e+00
4.089964724264679719e-01,2.105805754264151730e+00,3.120931858831580641e+00,3.911750011275084038e+00,6.684869663683267405e+00
1.524214416093016888e+00,2.852785642051077541e+00,3.934544627185741494e-01,4.323163808548066811e+00,1.610621737475869564e+00
6.129833876429191530e-01,5.306161796476019932e-01,3.473171565685898798e+00,5.673593929958804516e-01,9.062796544398795007e+00
1.429481604477303769e+00,2.057654086491466749e+00,2.821750878759542447e-01,5.574657033692112407e+00,7.124209420817040339e-01
1.735121898428217069e+00,9.691500932987314743e-01,1.967806474256581062e+00,6.323674642764093079e+00,7.506134189044129101e-01
1.145002336137740162e+00,1.409698824725828192e+00,1.519945672741271681e+00,6.979053550121658844e+00,4.991423448749286784e+00
7.236012628871659746e-01,1.219733808252069229e+00,2.951410181403947841e-01,7.723695615317256902e+00,1.977259146481046059e+00
4.792660546557578338e-01,3.656911814178848141e-01,5.210239413714655043e+00,4.778234335680011213e+00,1.193524870121028592e+00
8.088010299434444939e-01,3.485929257489343680e+00,5.509189863667490750e-01,4.205709025283623781e+00,4.976841841150990042e+00
1.319583482135015418e+00,1.383511874543035480e+00,2.172033107450510592e+00,6.250435683355477501e+00,3.950330749270301478e+00
5.770712082016469235e-01,2.502289047694793211e+00,8.530261876865812276e-01,2.719159152615966413e+00,8.437401453160862985e+00
9.876779395662294014e-01,9.064558778608157175e-01,2.461304705191274866e+00,4.203359482397340585e+00,8.300098880068992102e+00
1.471481929354067519e+00,1.401794301564722733e+00,4.643936685843140566e+00,1.341554410007349318e+00,3.082839360132800799e-01
2.339421505074652519e-01,4.439131548853898490e-01,5.600835814380631383e+00,2.965572860845476555e+00,3.023158346912277583e+00
1.893599826312531986e+00,3.008872590651713308e-01,2.975807827342815681e+00,6.164633769952010400e-01,1.287891390637290412e+00
3.674017610215908336e-01,5.288915694202660500e-01,4.495733693482266702e+00,2.580264263870923003e+00,7.048482973790994421e+00
6.804921018500535990e-01,8.176076735788058159e-01,3.742287184686418078e-01,7.839941329699198214e+00,2.658998267964188589e+00
3.298317671707264309e-01,4.087263928348331965e-01,4.011642672773656493e+00,1.106860439016534636e+00,8.146870468836922896e+00
6.175427743168740990e-01,3.901829200878499826e+00,4.030301130117434627e-01,3.400196736197363734e+00,2.702415048772472961e+00
1.106042408133212307e+00,1.868772228717475503e+00,3.079674212654662568e+00,5.502957339555579530e+00,2.406379810281806364e+00
5.882554462407963980e-01,5.621858523584941647e-01,4.198316602345632198e+00,3.543682740883202786e+00,7.328196069226777354e+00
1.212005715983646148e+00,2.172788657506844689e+00,3.463205393540392807e-01,6.407262606604484212e+00,6.343500576028812121e-01
5.849857140556558033e-01,1.491036789727216982e+00,3.476991630077963080e+00,3.356066304855705340e+00,7.817825430147037125e+00
4.992593213785697093e-01,1.684211909853708722e+00,1.010850670303101717e+00,2.013652277385112654e+00,9.625335387469458936e+00
9.257361369888457148e-01,7.137186510872081113e-01,1.039037036530458646e+00,6.857282196711683042e+00,5.932094399127077367e+00
3.269068234706672404e-01,7.428317141145993618e-01,5.240622669292823055e+00,1.529798737033296607e+00,5.613847502341038798e+00
1.147093333775138113e+00,1.237227269033401189e+00,1.195923262828701983e+00,7.295599802635392983e+00,3.283448385658856772e+00
1.881566723133636376e+00,1.819403244160661348e+00,2.957665613370079161e+00,1.083299814590785948e+00,3.648825504982315948e-01
1.217745955118814560e+00,1.312067444874426503e+00,9.429845990794925026e-01,6.739056024271699030e+00,4.911372638987449690e+00
9.231015344228752362e-01,1.749393784887586456e+00,9.264167525021149707e-01,7.233313923746022667e+00,1.011403690828377444e+00
1.243402521203003541e+00,2.946026007549543912e+00,3.007037563852997586e+00,1.928323687012795107e-01,1.314240184276947554e+00
1.344387218491871705e+00,1.138671536908184345e+00,4.721665859247744734e+00,3.084513796628449711e+00,3.202018701189758287e-01
9.358683926066128089e-01,1.525710382474824156e+00,3.668489198152205866e+00,4.572012277377382361e+00,3.973080050517266315e+00
3.501417804005850232e-01,1.780764703528971538e+00,3.559168153866634210e+00,5.161664329273721208e+00,4.124616069367718296e+00
1.067379057344081561e+00,1.993498786129280109e+00,3.746778826017049369e+00,4.726107774878171242e+00,2.076693320849488877e+00
3.827754618548161458e-01,7.728580857195220810e-01,5.677473406365787234e+00,3.994315749051626785e-01,4.888705710703360907e+00
1.608222238417379657e+00,2.051472187312509465e+00,4.245974125971545554e+00,4.284937663677164665e-01,1.229850181290771616e+00
9.068248782442328570e-01,3.606848693170782827e+00,5.903407423704468693e-01,5.575358291163265978e-01,6.721960410513464268e+00
2.147895065432339656e+00,2.343949474509282371e+00,5.705272407606745144e-01,2.101905747159529270e+00,4.515531654609938883e-01
9.000873282973219647e-01,9.517495177642369963e-01,7.554394289483323810e-01,4.340083946429865946e+00,8.928065345027558664e+00
1.791273869362436155e+00,2.225399810309252047e+00,6.891876646897574510e-01,4.320355577891380250e+00,3.470698712302922484e+00
6.133729397529648075e-01,2.002895563681593050e+00,8.429203007539937120e-01,6.314554701857122865e+00,6.076265031046823140e+00
7.570418066760845610e-01,3.752462029004846045e+00,4.690340333459309674e-01,7.297779962913144569e-01,5.575917113691634341e+00
4.767634810096547104e-01,3.228624943137775816e+00,3.118041443799038914e-01,5.679846879776778046e+00,6.577545697421878224e-01
9.801945021883575748e-01,2.249902737509015704e+00,4.313076608153780356e+00,2.654832276551318149e+00,4.783067921181556770e+00
1.893840430281576115e+00,1.419905450976212347e+00,2.941240063113627290e+00,2.943279486384189347e+00,1.165443979429859889e+00
3.285670606570772478e-01,5.669116251678915086e-01,5.771920793698566143e+00,1.471765541308663661e+00,4.125489030398342472e+00
4.351768865262826136e-01,5.151441302660650923e-01,5.292983325048581378e+00,3.296433835068784290e+00,4.988017622394973927e+00
1.357116004189240721e+00,1.852069259145145530e+00,1.992531713212424727e+00,1.098217162262569158e+00,8.042953982483775022e+00
4.112864800284010691e-01,7.829012061128630684e-01,3.922085860682535063e+00,1.828163036311506451e+00,8.215819324302216842e+00
6.015106335894446765e-01,2.149168455074769390e+00,8.572085206165422910e-01,6.074398094345260901e+00,6.058378077693942210e+00
2.104145627171795763e+00,8.551017647464638216e-01,1.050996794648038524e+00,2.206148211025810379e+00,5.067302039229939048e+00
4.197222846103529914e-01,1.667841382159476193e+00,1.282882033842876357e+00,1.258409122392791568e+00,9.541369839930915475e+00
4.841806139612822579e-01,3.308796380848236240e-01,4.134756892004610940e+00,6.374902911460289090e+00,1.198040615016223498e+00
1.716769900285040729e+00,2.609547735982667760e+00,1.034341928866657101e+00,4.874371621161488477e-01,6.113892644837492618e+00
1.643342422181153673e+00,3.462527127114279901e-01,3.920378489389313437e+00,8.689061716095989318e-01,3.543131924227034268e+00
1.829870721085211649e+00,3.055028339404618709e+00,4.843134192017388706e-01,2.529232126456116170e+00,2.033197662837176178e+00
6.528355017330234045e-01,2.642992928850615098e+00,3.823026382073259066e-01,6.720450106113093902e+00,1.584593474198121577e+00
5.095472614759029018e-01,2.895225339608825443e+00,4.063454200829855090e+00,1.408575577062681106e+00,4.168591179443295935e+00
1.223247300691928885e+00,2.789819800170346475e+00,2.504783707568890794e+00,4.278070456352099704e+00,6.060734200267345884e-01
4.330502971196460438e-01,6.238031864260003001e-01,5.344372827551326033e+00,3.318248485839776496e+00,4.484460495923676682e+00
1.893324390184742079e+00,3.097516087664052620e+00,1.360455534629199104e+00,5.071320767143158159e-01,4.453830691971794598e-01
3.828494153510105802e-01,8.722572077737009710e-01,5.531728663490006248e+00,9.579755394147110303e-01,5.188397323869004651e+00
6.771908104052513089e-01,1.870831629710696165e+00,8.904702850420986859e-01,6.801158027871260892e+00,5.189872849466040883e+00
3.809634510599120283e-01,1.634202786391360629e+00,4.136058984395557525e-01,7.755149311827628011e+00,1.628348960502358889e+00
5.947963715852043753e-01,1.987836040081551570e+00,8.336718952383016523e-01,6.322343438437903806e+00,6.070067197244353174e+00
1.088691056668916968e+00,1.617960067361641441e+00,9.295086144301748510e-01,1.243449854070801441e+00,9.364768362452537076e+00
5.960430484895526959e-01,1.735140644048448921e+00,1.740592929378407705e+00,8.619115266992403157e-01,9.573331958129084995e+00
1.963879978507110824e+00,3.486668973817325656e-01,2.742339669091961696e+00,2.140736558357511643e-01,2.161279420573226862e+00
1.137796404889774182e+00,2.501510919090290663e+00,1.206375165917977332e+00,5.545390830859403763e+00,1.554109385605013438e+00
9.966492676283105201e-01,2.075938783098895346e+00,5.036431396225983903e+00,3.517510616364379894e-01,2.293340162756355216e+00
1.400745472522428425e+00,2.151848411404893469e+00,3.460426238257598097e+00,3.991946730640326901e+00,1.166356351374868705e+00
5.950265398820658858e-01,1.222000029106380836e+00,4.948680500475910904e+00,4.210480112203766723e+00,4.983261782499070591e+00
1.450423663210513858e+00,5.556565316954467093e-01,3.423155661211748413e+00,4.632115982965465228e+00,2.359014052457523825e+00
1.504324901085896338e+00,3.664162465618006070e+00,4.524964022898151916e-01,9.763260162906814976e-01,2.107759758400780115e+00
2.081108978308712665e+00,2.515356572261643553e+00,1.545888682451784568e+00,1.646566329875380319e+00,1.557039191004284895e+00
1.271660050589457303e+00,2.049967939460249688e+00,4.264510073309031313e+00,3.082281983745207565e+00,1.608609792114095605e+00
1.545761935626664751e+00,2.671508246434147971e+00,2.265221925594207875e+00,1.766493486288796544e-01,6.307903942236944284e-01
1.370869200390048004e+00,4.983797307856816516e-01,6.554437483826907052e-01,6.586180395779158481e+00,1.232178362971902308e+00
6.990224299726464086e-01,3.711984959404190043e+00,4.335009143507603246e-01,7.007466043668435507e-01,5.645086246925671070e+00
1.912077086406089643e+00,7.010907247602239378e-01,2.945386497642767942e+00,2.182622636245827308e-01,2.153500822650596280e+00
1.784107231482251255e+00,4.020346427513307175e-01,3.248961321482617848e+00,2.093726752878517061e+00,1.297799507414987508e+00
8.814910550811272394e-01,3.786609354800937854e+00,4.979397171228822638e-01,9.575101911755364847e-01,5.534104809560568938e+00
8.967306920453417263e-01,2.072259878825025936e+00,2.712659935073980511e-01,6.714446899657641410e+00,1.938725921826639276e+00
1.158843929319889332e+00,4.416012873072034939e-01,3.679944665166093198e+00,5.499414450919352326e+00,1.707943128520299947e+00
1.869507563038444564e+00,1.060742069888023664e+00,3.223759705785555596e+00,1.716251627819449954e+00,2.051121300180485996e+00
4.660530191627002550e-01,3.708557700250377120e+00,4.067740223568260816e-01,1.420610573784427011e+00,5.834910628069970073e+00
4.662569886325635404e-01,2.988863647969220771e+00,3.781806256384975806e-01,6.178215881039173851e+00,6.747413321025252930e-01
1.744787854768675039e+00,9.908850655132229734e-01,4.158900449209804506e+00,7.288627084225411945e-01,2.202633963166952924e+00
5.690919139556633866e-01,2.110577595418576813e+00,9.974374718583700616e-01,6.790422506318330775e+00,5.270260442208198448e+00
1.551977993271513423e+00,3.197127245584216126e+00,3.225050594938381199e-01,2.155878214983587338e+00,2.958103974622116605e-01
1.547214606074591048e+00,9.448137571949024593e-01,3.743337868981706507e-01,6.344436148452416546e+00,5.989661082755826094e-01
5.268457711214371564e-01,2.650749715961863817e+00,3.368484555743316289e-01,6.720328825853773225e+00,6.250749047197792230e-01
9.527415638702877443e-01,1.128752478290711903e+00,4.881631329042837919e+00,3.088995282311604029e+00,4.891962572895454997e+00
6.798423224110692331e-01,1.892499351508754479e+00,7.742217748136058786e-01,6.878918047367136523e+00,4.997882691292080182e+00
6.008602677752307164e-01,3.131743633652700698e+00,3.060162058470295432e-01,5.776136732485957381e+00,6.148549038867097138e-01
6.302337397158273014e-01,3.602189970144857423e+00,3.394724200626371147e-01,4.697568501337862301e+00,9.714849051975874561e-01
1.368747364109992759e+00,2.644757745762414292e+00,3.191267714096391317e-01,4.373106294911569769e+00,2.129705471428330110e+00
1.138681162287872528e+00,3.044985117276418407e+00,1.968213188553409765e+00,4.304525374822215866e+00,5.571739665681708864e+00
8.812279234847266718e-01,3.440894421630885880e+00,5.537120267643114158e-01,7.620281857581605589e-01,7.197401039370028286e+00
1.686566573826922877e+00,3.338340291303363738e+00,4.112015159065920966e-01,3.776389627203265986e-01,8.170864767610803714e-01
5.612677860978037003e-01,2.528513142063875119e-01,4.780480738737453272e+00,5.101471363382019675e+00,1.756065753054476319e+00
9.322804590110682632e-01,1.433088286915993992e+00,1.404814945012597294e+00,6.501475198200405536e+00,4.944407437361729940e+00
1.788361475538013945e+00,4.371844658152947427e-01,9.112737920164372118e-01,3.233356557509388662e-01,6.967073897492274348e+00
1.181331046634113147e+00,1.669306644964863029e+00,4.111017575675942837e+00,3.628740684678461115e+00,4.458143282285497833e+00
2.036451746796807516e+00,1.969791454432282318e+00,1.212112067004326388e+00,2.386574778164186839e+00,7.569852797464355909e-01
1.375065342723594153e+00,4.689090409362274281e-01,4.411504837029200488e+00,6.279887455342750835e-01,4.297482196037639923e+00
3.893001735691648535e-01,4.482023302839569512e-01,5.530779854837673426e+00,3.181817487927491417e+00,3.883836607610380742e+00
1.664287169464718552e+00,2.713845360889689751e+00,1.239401326100345146e+00,5.869494965012586052e-01,6.886245326463138028e+00
1.162917706736642298e+00,2.122800420961668877e+00,3.826495877417885438e+00,4.366086142980522666e+00,8.181370163746763957e-01
7.586710581672849729e-01,1.903106426937321682e+00,2.429660835004086472e+00,6.671468748098257073e+00,1.055387847124108047e+00
8.958727146787124340e-01,1.666668295991449833e+00,6.679467066637783113e-01,5.514644412678029184e+00,5.930690707424195907e+00
2.176308013602362035e+00,8.121547474732973004e-01,4.150434250698683547e-01,2.386141568392340373e-01,1.411963139977095771e+00
1.964134100185757514e+00,2.583538949146607422e+00,1.264821447755578587e+00,3.586207825425714035e-01,3.497130541432736384e-01
4.157843541125600395e-01,5.022266185204051769e-01,5.953195985925815670e+00,1.211729619308205663e+00,3.493392689720635325e+00
1.362145778553281561e+00,2.364012452449926638e+00,9.140938657604256168e-01,3.388849007690414861e-01,7.100985011741053121e+00
7.952062850625676305e-01,1.466850590740890858e+00,2.665094324168819195e+00,6.202054144682185743e+00,3.516546579387491267e+00
1.395557615220014203e+00,3.052928850258866067e+00,3.618242656421785330e+00,4.522109862703193039e-01,8.404897068709111796e-01
2.708049661789511120e-01,1.932040793028652725e+00,2.707414176116852644e+00,6.173112022915256070e+00,3.549263289232171825e+00
9.059234494250656411e-01,6.426720282359763559e-01,4.419046586865278847e+00,5.631512861451102303e+00,1.311451990503467169e+00
4.652832168874572738e-01,2.574711881846121209e+00,7.964621338705808462e-01,6.668563382822566332e+00,5.756260739809564431e-01
1.710850077337815245e+00,2.233177878800615801e+00,3.123274890661448033e+00,1.300166717388336446e+00,1.421766406940499605e+00
7.660212986081463837e-01,2.572001896622885475e+00,4.209540408588144267e+00,1.315742422063661321e+00,6.571896136670912547e+00
9.057344405662881570e-01,2.059651840909208609e+00,4.945563074056092745e+00,2.948510612039707546e+00,2.924881840158500612e+00
2.001101576866075593e+00,1.920124587147664208e+00,4.100701978898317335e-01,2.974245257452095004e-01,3.295161504297972499e+00
1.073735227138318926e+00,1.865470110503726131e+00,3.696252279670773966e+00,2.644253131099294052e+00,5.078080535160751197e+00
1.298812512210934411e+00,1.523137508828282360e+00,3.616230942316129404e+00,4.881564463268833087e+00,1.138674343452870996e+00
2.125064089248295041e+00,6.990442910192591341e-01,1.011691691912270485e+00,3.789125360113813623e-01,4.706874953935523465e+00
1.615064806227200389e+00,7.001406115105178740e-01,3.250072447753559413e+00,3.937645224602397409e-01,6.575475638946621793e+00
1.432571469717968338e+00,6.095505452696006188e-01,1.881788584306073542e+00,4.004900200118348130e-01,8.486168555966925098e+00
1.788458740326827057e+00,1.052929808457393257e+00,3.474313466189670851e+00,4.461562310037899159e+00,1.281707141104317937e+00
2.174858745561438322e+00,1.779907288660982134e+00,4.513099761761065754e-01,5.799629113064910246e-01,3.474322241585675597e-01
1.179115919762562470e+00,1.797844425799703050e+00,2.528384832086558287e+00,1.085224530642834972e+00,8.326633049698125788e+00
1.201840751004250585e+00,3.217523519578687208e-01,5.058360701199579701e+00,2.002928687282314879e+00,2.817821692897430896e+00
1.508187365332766205e+00,3.013527398250610556e+00,2.668811189198873279e+00,1.013157309162141750e+00,2.992678156541691781e+00
1.108664824981171471e+00,2.123494818037894749e+00,5.193591698460386930e-01,3.181876560477155280e+00,6.669237426071585872e+00
3.664807689588220341e-01,2.508735198936013155e+00,8.200151711945380395e-01,5.892001795693580846e+00,5.027435634137164655e+00
1.033379759070057080e+00,1.800129602266957951e+00,1.495386714754115998e+00,3.909041430480142409e+00,6.744193196697305659e+00
8.278444219170382201e-01,1.557459827752525561e+00,3.075670572694239047e-01,7.291707236151234284e+00,2.676600006849354507e+00
1.645892410388786864e+00,1.939235288010571656e+00,1.591523355442455046e+00,1.017821264927989855e+00,7.026463217433008168e+00
3.823399875004829251e-01,2.998371155102219077e-01,3.351026396047438904e+00,4.562274588917121676e+00,6.935987433221533216e+00
1.555253887465933404e+00,1.867020913724358744e+00,2.616216493741549520e+00,3.669945577963565686e+00,4.712888067883775456e+00
1.095385882307993164e+00,1.590528983469630564e+00,3.215455436584067517e+00,3.094039825505530139e+00,7.037783820333433304e+00
1.378905672394858728e+00,8.704494310558408277e-01,5.487472075804507909e+00,4.428669024877501248e-01,8.783620138707532998e-01
1.069133973401675597e+00,5.952497078573546485e-01,5.594841244453110818e+00,5.805706278244314733e-01,1.366615171250001648e+00
6.964055654672994811e-01,2.712548284867917214e+00,2.429480373445457975e+00,2.893310608942192719e+00,7.384660820176875085e+00
6.745637185466824004e-01,3.405145446968510514e-01,5.635045604755371862e+00,3.555683798999959566e-01,4.216794156118017334e+00
6.212847297463888196e-01,3.004598474863924285e+00,4.349826372250988449e+00,1.525797861610950434e+00,2.033484826945829660e+00
1.653129796455347966e+00,6.866405050995196824e-01,4.322837086153157315e-01,6.338094597251950901e+00,6.640438132022947748e-01
8.278828720317201739e-01,1.221377397809228160e+00,5.077090981071193276e+00,3.992653815720518029e+00,1.210101950579737684e+00
1.569229118413126178e+00,6.798602875529237144e-01,2.378376461907706130e+00,3.380481012441811650e+00,5.824178089277383563e+00
1.637684481480078169e+00,2.521199844447722160e+00,2.501971263943135515e+00,1.537112380768964170e+00,1.472644955455972182e+00
6.105858793580779542e-01,5.559833593688420228e-01,5.230743113058522020e+00,8.167878358374212056e-01,6.522405915165484735e+00
4.388800841950200038e-01,2.687304267881529096e+00,1.930234305716495236e+00,5.528055316200595648e+00,3.550353626623926839e+00
2.053483187042653757e+00,5.313219286038042277e-01,1.645565535621840603e+00,5.903507233482889749e-01,5.355931660283148155e+00
1.207672102411545323e+00,5.708223262991338753e-01,4.392977157691159817e+00,3.613516808431627592e+00,3.557284540426445929e+00
5.817657455868248118e-01,2.862961168160014669e+00,9.721255999749693899e-01,1.156931200415921790e+00,8.090650494345336341e+00
1.445439508325198519e+00,2.773002631957026676e-01,4.768591411275643566e+00,4.538994796532206943e-01,2.134899092444451363e-01
5.235943426876701334e-01,3.642728792390191650e+00,2.635099324454771019e-01,4.175381024204669167e+00,5.292831639811297340e-01
1.068938981370430863e+00,3.101546052617508153e-01,5.494211223507872610e+00,1.181732348880184302e+00,2.396151789827076328e+00
3.990291443532613114e-01,4.805616048548675412e-01,5.794291288817579932e+00,4.413078640085508209e-01,4.518681372101238658e+00
1.430739598607909224e+00,6.554465571980463423e-01,1.665892229138543179e+00,6.475206138610666073e+00,5.021075639049729311e+00
5.524404257001946927e-01,5.342947732185800991e-01,4.616157246468953979e+00,4.473827811682749456e+00,4.228106226753100216e+00
1.642119649256038816e+00,4.946501718267649617e-01,4.230392812334232922e+00,3.897535963805910164e+00,4.321136059797482387e-01
1.827043725304845267e+00,2.857170752266354974e+00,1.482655796882796029e+00,1.814360212120275762e+00,1.426068551738250312e+00
3.777342018085800279e-01,4.818480660552874051e-01,4.220514632196940674e+00,6.225208121237205461e+00,1.183671598679725045e+00
6.898194486040299944e-01,2.035028240819785061e+00,1.182372788453703416e+00,5.917337545846254265e+00,6.874501104364020065e+00
2.559873279455434081e-01,2.795846758214984629e+00,3.972548431101982747e+00,1.621223413768161370e+00,4.334681166332725155e+00
1.355154100472502510e+00,1.183494972259628852e+00,5.830607621996912293e+00,9.598639014602475816e-01,1.103116937441383172e+00
5.918055114994635879e-01,5.812202389671331515e-01,2.439680972994259900e+00,3.766269431781195998e+00,8.982347674087566958e+00
1.687884720416757300e+00,3.031636457944430596e+00,1.189827481147146093e+00,1.950529034396042860e+00,1.341748956761076972e+00
6.115474399901020819e-01,1.621277366147336529e+00,6.187866649338304548e+00,5.176018352891427199e-01,1.016563873899358317e+00
1.873344993444387763e+00,7.080626996125163330e-01,1.004730244185171539e+00,4.851129224857225530e+00,1.178998438333676901e+00
8.041330255075345157e-01,1.454971263783529700e+00,5.574862455065481281e-01,4.772033783264999940e+00,7.249881001476754960e+00
4.473908373526983562e-01,5.945766294831484888e-01,6.053288931966471331e+00,5.319085082790292462e-01,3.920315098042223667e+00
4.556425869219695723e-01,3.170828812691246501e-01,5.031507554045495212e+00,4.914668156532119525e+00,1.981455662213817970e+00
2.025432924650456545e+00,1.182288836238164276e+00,2.802317883647913455e+00,1.808544486543789853e+00,1.923404733109813636e+00
6.000402150101614707e-01,5.883741939934830079e-01,4.826719677008280307e+00,7.943945930257736432e-01,7.342855897090364792e+00
9.271780170484256178e-01,3.623869320378238612e+00,6.470705927640197919e-01,3.045805202169744597e+00,5.610614891365159451e+00
1.450063389271279757e+00,3.274325892060427901e-01,4.668543791076215754e+00,3.949628879508473300e-01,2.750182445242796536e+00
1.236313783453849791e+00,7.864618045463990237e-01,4.572400714799006671e+00,1.034069408110303234e+00,6.372749290093493002e+00
6.445955975681196826e-01,2.900336219683548045e+00,2.199744876029286367e+00,1.406506697815300022e+00,7.443124667284189755e+00
1.189119148599451226e+00,4.612924899863008465e-01,2.830830971803396601e+00,4.386329927577795829e+00,6.917452743376099278e+00
4.988488072228787762e-01,2.270197750102881162e+00,8.972975915695589055e-01,5.508079219323006370e+00,6.148989278591457719e+00
1.808905472341522991e+00,7.667957954321850123e-01,4.100618700891616619e+00,3.754565814315050876e+00,5.063263703023322959e-01
1.893357964386857439e+00,7.938712804815527546e-01,2.800619734112592685e+00,5.299068374993063379e-01,6.086317667342496129e+00
1.581321227826836928e+00,3.579725500538800453e+00,1.094880763077193286e+00,7.934375840931140456e-01,1.421490114353831213e+00
4.419760714626650433e-01,2.020630989860467075e+00,2.833247616900256727e+00,6.144465549998892939e+00,3.607767603655021915e+00
8.339696831884070294e-01,2.614577270480123339e+00,4.856538649300395916e-01,6.489934536658537922e+00,2.587370260237633612e+00
1.608051372645716182e+00,2.480760928324905912e+00,5.300143332396320961e-01,1.763008280751168666e+00,7.203753411408871266e+00
1.415517788515663566e+00,7.271666753775056780e-01,4.768591411275643566e+00,4.538994796532206943e-01,2.134899092444451363e-01
1.419732990253542493e+00,3.179329029308027854e-01,4.633897163029861765e+00,2.090386586356965726e+00,2.134423161581715522e+00
6.265650593483614861e-01,3.022511447693978059e+00,4.704936289721304288e-01,2.574440331027796347e+00,7.528008483702825160e+00
1.345464685547536732e+00,9.907812080175248948e-01,4.161284868502254319e+00,4.626615881677818010e+00,1.353973960212551120e+00
1.714321090575265050e+00,3.246685227972474497e+00,4.072194462051275110e-01,3.959888627564590591e-01,2.228940350841285056e+00
1.397816354584779708e+00,1.980709066165688315e+00,1.333267765912717895e+00,2.882266273322078298e+00,7.815026084780867244e+00
2.092278450602377049e+00,6.491780309469081800e-01,3.673425149031371850e-01,4.113997696986061214e+00,1.711369084983232369e+00
3.718440651990977952e-01,2.559489400268390558e+00,6.794634112861115405e-01,6.518499008432882214e+00,3.451283010287945263e+00
1.696163393904487560e+00,3.111893836993015583e+00,1.201801043908008015e+00,9.807067683602810337e-01,7.962738800643347492e-01
1.137116523370218957e+00,2.310213055987397901e+00,4.253513960500528768e+00,1.718845861693966359e+00,2.233385018387807008e+00
1.018677105595966026e+00,1.774760024093686495e+00,4.407816543748460880e+00,3.489408527364690205e-01,3.991020946444309381e+00
3.582193434005861432e-01,2.206905958020989100e+00,2.379362318369064866e+00,6.203888057908221398e+00,3.920341409622619011e+00
1.156764296215941012e+00,1.531388355709218052e+00,8.512152575271567656e-01,9.789812894269687149e-01,8.845471399327525575e+00
1.323124555473808694e+00,4.580840463558422115e-01,3.803117020674079640e+00,5.355559745871545374e-01,7.035752490005642734e+00
1.620668076865011686e+00,4.399589429574647936e-01,3.453824988062860868e+00,3.978632411247683631e+00,2.990533744224947554e+00
1.565833721387237532e+00,1.510949789929040499e+00,1.307828641600140784e+00,9.860272605850712857e-01,8.135380462917604305e+00
1.650828952700529317e+00,2.590418676487129535e-01,4.260081125349008069e+00,4.410897792692175523e-01,2.325719755755869256e-01
1.933654392539782219e+00,8.744357983212545093e-01,2.728574487435180274e+00,5.141854764309516934e-01,5.982750646335253997e+00
9.170545280649124997e-01,6.471694011656952128e-01,6.041630483320951761e+00,8.061456614013359223e-01,2.239127608430602212e+00
1.418738277568656780e+00,3.354963557084462700e-01,5.047123444876188358e+00,5.199233988767145709e-01,6.746609400631995435e-01
2.149805828954293840e+00,3.811143437368207931e-01,1.306601567343510073e+00,1.064235628272300893e+00,1.438865422807090955e+00
1.723826000772096689e+00,5.495701682876679151e-01,3.619237704775903453e+00,3.732490928087005777e+00,1.256907399798711467e+00
3.487088308055484309e-01,2.550753081462373562e+00,4.142757800871576634e+00,3.050348384213565023e+00,4.443444971875253557e+00
8.877135147546920679e-01,5.149683820086166097e-01,5.782605313074210329e+00,4.751161266142061579e-01,2.962147909672979917e+00
1.450198777520339100e+00,2.178582055789145322e+00,1.020537283235112724e+00,6.303059993194905175e+00,5.211371041636821966e-01
3.763885196198935024e-01,3.811097872519469298e+00,1.723934000916029996e+00,2.419666237587016155e+00,3.775050829157718724e+00
1.463960402909012082e+00,2.953723378495263785e-01,4.788389120083999195e+00,3.703327246551948448e-01,2.133946042308521585e-01
1.420099543142763432e+00,2.984240126782036207e-01,4.635841273883231750e+00,4.646123893681403660e-01,2.738505524859526030e+00
2.196826726045761013e+00,3.819732925206549279e-01,2.735114986964397032e-01,2.542258037322133735e-01,1.082030624894407600e+00
1.584259668016310796e+00,2.612498813019421551e+00,1.649355910502749989e+00,3.748556082753383700e-01,2.740716693815993477e+00
2.890437655135937867e-01,3.723924413531302102e-01,5.654110603389396417e+00,1.731860007332927109e+00,3.975337236433169608e+00
4.108351681462663052e-01,1.623955453136290306e+00,5.537539550638465258e+00,1.489495856570370425e+00,3.199972002188237408e+00
2.060705106265603881e+00,6.858587270480673848e-01,1.321622655353346554e+00,3.713439233238282178e+00,2.856217155593494095e+00
1.393829909892688734e+00,3.274793121567028953e-01,4.427410908779383369e+00,3.350139832850222987e-01,4.319490725435584544e+00
1.040666261682520410e+00,1.885573866378321917e+00,4.678110774169860875e+00,1.692066945824194368e+00,3.013336820815123218e+00
1.081711992296341851e+00,2.018860919399850129e+00,4.436072914702782199e+00,3.584301805784040340e-01,3.032387908715302949e+00
1.649504363683841568e+00,4.122096041073669559e-01,4.086148295054948143e+00,5.571924710722202523e-01,3.913320543261097573e+00
1.359283735889597722e+00,1.530179833789383492e+00,3.984720745250380336e+00,1.646371984447760228e+00,6.536576656482994352e+00
1.523800997451780992e+00,3.095739847869922734e-01,4.652132380934273392e+00,2.055266895922749804e+00,2.925711009957892017e-01
1.726222670228490186e+00,5.056440663504517818e-01,3.127576004175018909e+00,2.182306603311813920e+00,4.467874393329697824e+00
7.283232271300765781e-01,1.251877161661075988e+00,2.649776180822926541e+00,7.055762246371166668e+00,3.039898559437354209e+00
1.406444930328442977e+00,6.601807300849136251e-01,3.914073155041321250e+00,3.575415913638119836e+00,2.878445963969080701e+00
1.261626330116914385e+00,2.356923966474952170e+00,3.251219232962181849e+00,4.395568810763283096e+00,3.462072755720611572e-01
1.495344293253082268e+00,1.970516102591838514e+00,1.031789663954178815e+00,1.260754203077149249e+00,7.934055725722097385e+00
1.147781208453355850e+00,1.232697780150984412e+00,7.937267211479079876e-01,7.474274904402771647e+00,1.740437650102831579e+00
2.161180890451819270e+00,3.949462742247686897e-01,1.313565973426112699e+00,2.724192238001763577e-01,1.457821269774585371e+00
2.195254492377640698e+00,3.943940675044620425e-01,9.154461481937452572e-01,1.004959130671200462e+00,6.882499369382785170e-01
1.218238271808609996e+00,4.041412693395606825e-01,3.360175377283927567e+00,3.884957104763924751e-01,7.324563791468156282e+00
4.438958842788776060e-01,2.895768125880536115e+00,4.019006098968035623e+00,2.915471774531997795e+00,3.392273630196778633e+00
1.778741350257950327e+00,7.469689538956787445e-01,9.141532281489795908e-01,6.091605222778895268e+00,4.871399665575045224e-01
3.265134394028595954e-01,2.204701282051702904e+00,3.111287610175764939e+00,1.360531428520773245e+00,7.397874609274343705e+00
6.858894689680825607e-01,3.608498878562389045e+00,2.036735762395371019e+00,3.077236844786035985e-01,4.541613869214472743e+00
1.989636547457453997e+00,4.369301315034744837e-01,1.690888132758526563e+00,1.990379983336316716e+00,4.477108438216645503e+00
1.600950638304164286e+00,2.792621925181624665e+00,1.283523937690885131e+00,1.045850178209713155e+00,2.678401970601029358e+00
1.096916273895439886e+00,1.992115321626665381e+00,4.677139522453315656e+00,4.695273552121674299e-01,3.835930895529134688e+00
1.050655385374309914e+00,6.388021108086916477e-01,5.709972205251877320e+00,1.180696561053963034e+00,3.458245595254181293e+00
4.201626835337664012e-01,2.741540462628750063e+00,4.548397058207548582e+00,1.877262118812204950e+00,2.578073654560238293e+00
1.300007644270098739e+00,1.956190176802194758e+00,1.032460950564344060e+00,6.388983145627719296e+00,1.003179542385164602e+00
7.197811278649127731e-01,3.236050499317226326e+00,3.170799687582800175e+00,2.287757076445555704e+00,5.515430890973632927e+00
2.092519946363042838e+00,6.300779913734064763e-01,1.197718162797374752e+00,3.827240601843791001e+00,3.551076860424566828e-01
4.434263522403740221e-01,3.561270106387482759e+00,3.654371153753670498e-01,4.868036730638447551e+00,5.505875974028365816e-01
1.024356194884975979e+00,1.772399230391777047e+00,3.821773167391551151e+00,5.387306756011755127e+00,1.647327860600865002e+00
1.501994011270909368e+00,2.186994772401967158e+00,4.096339222054752871e-01,2.245285585486107571e+00,7.087252703486284666e+00
3.869608452581286828e-01,2.167957551864447385e+00,3.028609966067938863e+00,2.364178681928744474e+00,7.461044570568990508e+00
1.197265647164773128e+00,2.361564434084745479e+00,2.745071391578264297e+00,6.094165820345514017e-01,7.737933825364998519e+00
3.783252835715790185e-01,2.768486840241957569e+00,4.600411752619732120e+00,1.820514967777087767e+00,1.398345505888958007e+00
1.515712431307635999e+00,4.306704018154459135e-01,3.736337758973472312e+00,4.262451666525528537e+00,1.983619571067689158e+00
1.227945656218509374e+00,2.311668739962934094e+00,2.965490552743267560e+00,4.475431521746910057e+00,1.908901174477975138e+00
4.874538049803940343e-01,1.890038981363270754e+00,2.929823317395633175e+00,1.088853355764299868e+00,8.390544632660462909e+00
3.436140193099006535e-01,2.233738963440355274e+00,3.147014977686581449e+00,1.184292030116745664e+00,7.414467119504471349e+00
2.086287571554022335e+00,9.821607361118915858e-01,8.203441539778750791e-01,2.663733143380787372e+00,5.658478096917519906e+00
1.853426351284152673e+00,6.926933506997642320e-01,8.507813108944844993e-01,6.885409200234946514e-01,7.443252250162591288e+00
1.368948134008181494e+00,2.335018223336771559e+00,1.139687451548350161e+00,5.800016030380145793e+00,1.023056953781755540e+00
6.284345119387609868e-01,6.456907431738277969e-01,4.133583661755699801e-01,2.907459859176955708e-01,1.009540549713920932e+01
1.404370824924740635e+00,3.216906910615819903e+00,2.931291493535471027e+00,3.434385442422217771e+00,1.144363361131226942e+00
4.838474948401363385e-01,4.256221803548807969e+00,1.094415067386948603e+00,5.627170894513700006e-01,6.166920211696608201e-01
3.734830230685408092e-01,3.031327665320930009e+00,3.448370382858863548e-01,6.174093243824866128e+00,7.842962806736755166e-01
1.239865060413118059e+00,2.801951906692243366e+00,7.223316103571066904e-01,5.514614040893918379e+00,5.857914241202702987e-01
2.087282363092481496e+00,5.850335495183062173e-01,9.835270522431194262e-01,3.736564323993037395e-01,5.248460953251225192e+00
5.284318845220866701e-01,3.035548780257663282e+00,3.136045533604678415e+00,4.916500347239032287e+00,3.760644735701512142e-01
3.420253296196203441e-01,2.707432497244861125e+00,3.352324540780383444e+00,5.077997797351809339e+00,2.123718930086110568e+00
7.626780157388082237e-01,3.759157885688831358e-01,5.774802749938936941e+00,3.247130105663750044e+00,7.703414078224166683e-01
1.057425720438432748e+00,1.922731134385548657e+00,8.134260172639661279e-01,6.398475604278686113e+00,3.342664597201532750e+00
1.546700205102216952e+00,1.557703002720129071e+00,7.647714480110411328e-01,1.171188092337683173e+00,7.443380155340297399e+00
6.648707757404109797e-01,3.334775514563240506e+00,9.269607141907240111e-01,4.371137657996524428e-01,7.107643846354035233e+00
1.843131776009143241e+00,4.438370839254686673e-01,4.098292629843893309e+00,3.166672865801062886e-01,7.837429700094403762e-01
5.705754113506998904e-01,3.982286721222876746e+00,6.111000313334118417e-01,3.071707190930814679e+00,1.483031452071303935e+00
4.777466245111443022e-01,3.384335089484585612e+00,4.045791941329449415e+00,1.672222784639702642e+00,1.529853581725952871e+00
1.185976954936102334e+00,2.594264675703302103e+00,1.542678896970714142e+00,4.211474672565926447e+00,5.602536769413419826e+00
1.869031206227343755e+00,3.825359966973332915e-01,7.288379097844963628e-01,1.299755416901350547e+00,6.885668712966298344e+00
1.114955464544884034e+00,1.646725478392145003e+00,1.120373624023445869e+00,9.188328360775376291e-01,8.553298506635822918e+00
1.033233337748204361e+00,2.066697902356498417e+00,7.042405227985741867e-01,6.600199274557996709e+00,5.511183546718931847e-01
9.779836448395515802e-01,1.585247017974086070e+00,3.115589462643003071e-01,5.384354020750265590e+00,6.362721870832970694e+00
1.634715202365847109e+00,5.225046687739329787e-01,4.254310105839672396e+00,3.599094503955438951e-01,2.257625728822057198e-01
2.164755747522651763e+00,5.819632082226692260e-01,1.445006894322468982e+00,4.040872414604291585e+00,8.816518880149373238e-01
4.039437483052551459e-01,3.098094074482971916e+00,4.240326501493731470e+00,1.927893341908891500e+00,1.448309173061043342e+00
1.440432276894182850e+00,3.163293186090009312e-01,4.638308643528468167e+00,2.984514675550672957e-01,2.948912456652365233e+00
1.635038573053767763e+00,2.595036458881474495e-01,4.213822020471042151e+00,4.660128485236405549e-01,1.703359029005611092e+00
4.113606009499097826e-01,5.126047515139970923e-01,4.892372120145859427e+00,5.264447867198557063e+00,1.861297286821942620e+00
6.323968145882460368e-01,2.950981487993697971e+00,2.453442667640764352e+00,3.604252119768981633e+00,6.212630216881644962e+00
3.978143935191650327e-01,2.564919021532353849e+00,3.480056106452428910e+00,3.726710788536919949e+00,5.001715782885165495e+00
1.126332199794120470e+00,2.239986734590505790e+00,4.897668492420813813e+00,4.796120969920096844e-01,3.226739765676669980e-01
2.252287430589381856e+00,7.062563130937145051e-01,2.025907763192702049e+00,5.284675440779275091e-01,3.715294236535847672e-01
1.393531270157978730e+00,1.153678448183505845e+00,4.797254744535696780e+00,2.603658749386322246e-01,1.029303775931609710e+00
1.277635975301364635e+00,2.690825717943766016e+00,1.928748963026373442e+00,1.237762493063515601e+00,5.363120936662608251e+00
1.097355705351805044e+00,2.414755218067693221e+00,4.215407353452577333e+00,2.261680675012434083e+00,2.180969186567101481e+00
4.811240866087884149e-01,1.556818406681596434e+00,3.672305950789550799e+00,6.258227990294618515e+00,3.156863865727349339e+00
2.292878879593514441e+00,7.465079242271279725e-01,2.066449450983576241e+00,4.618685541814562812e-01,4.190369231329376665e-01
1.676102806204272211e+00,3.440545351746985836e-01,4.173359665810184360e+00,4.636533350497790695e-01,3.178122036533718386e+00
1.161668012836138963e+00,2.113973430335279957e+00,2.791682500036390735e+00,2.870529938505272938e+00,7.493344282922472566e+00
4.684250267419270974e-01,1.415877640660949677e+00,6.487987500075964586e-01,3.329729246048379832e+00,9.255724380656827677e+00
1.959041956137321350e+00,2.776376531953986149e+00,9.594372091727425556e-01,1.093594768277259321e+00,1.699419021769158267e+00
2.516695935767730985e-01,3.281600112332664132e+00,3.666464012882077572e+00,1.845421151741833299e+00,2.280561347893151236e+00
1.229510579311090313e+00,2.114732107009907658e+00,4.432216473573802773e+00,4.488985151885526714e-01,2.403807114949220447e-01
1.351319315455105752e+00,8.434557231394480548e-01,2.084142567781068212e-01,6.616640092728603761e+00,5.237027838869942054e-01
2.019911896193284928e+00,1.758963476708551354e+00,9.076337523279442987e-01,2.824598878063653729e+00,4.447295353471650614e+00
3.933594058143057848e-01,2.827446520075428626e+00,4.839194781698702208e+00,4.522273473616373329e-01,1.157305417295688921e+00
5.401967982209179286e-01,8.540216950986208033e-01,2.692161737827178936e-01,5.591165316358684301e+00,7.425577585823465832e+00
1.950595019416396347e+00,3.079620828469589178e+00,5.438729561190390749e-01,6.127735235077763631e-01,3.375908665290578092e+00
1.510963300150453881e+00,1.029171856278686237e+00,2.148209624049283173e-01,5.951004956737937057e+00,1.294413775924357024e+00
2.527796258126429607e-01,3.183176134775239419e+00,3.903881340084241813e+00,1.843390346952509695e+00,1.525372532962028238e+00
2.910739570261740017e-01,3.278105335613649363e+00,3.663754117277826960e+00,2.420946600520969660e+00,1.421435001781624186e+00
9.815073867762273974e-01,2.617673636977627893e+00,2.802986552398745168e+00,4.214198503183461675e+00,5.344122450267058788e+00
5.188151954963141632e-01,3.690824367616835744e+00,9.391182603928149852e-01,3.780438058297856063e+00,5.265401925359525226e-01
2.319520007572069831e-01,3.026230033477731673e+00,4.312885050452899272e+00,1.845413259170765485e+00,2.684828599163453511e-01
4.111618490556845917e-01,2.760067175382715732e+00,4.746392376879346564e+00,4.170121582694541473e-01,2.271711778859897279e+00
1.337258391929383006e+00,1.938260793046163721e+00,4.433666650649982444e+00,4.016148052692450898e-01,3.096159256481050281e-01
1.647136451822170056e+00,4.823419232651735555e-01,4.272055330972640341e+00,4.725502025170985609e-01,2.588493202130319193e-01
2.922198416251590158e-01,2.860599713758269491e+00,4.798082867971958265e+00,4.173221380119823687e-01,1.109812342409048469e+00
4.026035071518013209e-01,2.832781268366806326e+00,4.497553757669365382e+00,5.065443867084580276e-01,3.355805132085081244e+00
5.429859222635755600e-01,4.427526583255577131e-01,5.616617330739384961e+00,3.435797640216246673e+00,2.518896731478350581e+00
3.975012271874452940e-01,2.749377767986440624e+00,4.924421643595554343e+00,6.700549105635793534e-01,1.447830483781389788e+00
1.330344175542463425e+00,8.278045688528925528e-01,7.107263283662178521e-01,6.612717558339154422e+00,2.280818145698111921e-01
1.106573278144435957e+00,4.087344320762214878e+00,9.213022386543189279e-01,6.353379757633779157e-01,8.365253078173819912e-01
1.809417593127564894e+00,1.121700723354332574e+00,2.617675916428934269e-01,4.960261557675852195e+00,5.613757397879999278e-01
4.002882113151013943e-01,3.452060520310932912e+00,8.852751845902535610e-01,4.965975051152154762e+00,5.800649861541952168e-01
1.582844416272588317e+00,3.761526707404784231e-01,1.598868165351667203e+00,2.014805725573787676e+00,7.076445790757007970e+00
1.175597558141865395e+00,2.251081193558950755e+00,1.060634659989151407e+00,4.694399051892819585e+00,6.487450273334288475e+00
7.491028947849891484e-01,2.732277575498830657e+00,4.525830607697384877e+00,1.742240150134301890e+00,1.452139472034584822e+00
1.536815895140654975e+00,2.844091086489902720e-01,4.860110823780461331e+00,4.420544283516573136e-01,2.851163079273145717e-01
1.334639124653414166e+00,8.298174899085171141e-01,2.073446404280997191e-01,6.586052283917107175e+00,1.296201810268285959e+00
1.509280541679636434e+00,1.028997129424797041e+00,2.079327104602238518e-01,6.014529599298466422e+00,5.207476564112835105e-01
2.001434481877691240e+00,1.358403189696037128e+00,1.314744433646086730e+00,3.454450277803577052e+00,2.434389244269530295e+00
2.021309371298867674e+00,7.041787787659411491e-01,4.282003378754180578e-01,2.384324250077209939e+00,5.801570548761409540e+00
6.338964478984518980e-01,2.727296128251694096e+00,4.542071274268022485e+00,3.935394542758233971e+00,9.060097119318964998e-01
2.109412783413985082e+00,7.840159619856823525e-01,4.959925979613145075e-01,5.105683839550875902e+00,1.499212516342598223e+00
1.562732064127521525e+00,3.866814785761928386e-01,4.570690372581974081e+00,2.180072489360683097e+00,1.489844780114892409e+00
1.538154032299585694e+00,1.425949887804456306e+00,6.041510360345149211e-01,4.961615384630720271e+00,6.604550650600748085e+00
1.599689819770516497e+00,3.005375130085796265e+00,1.067376818601288191e+00,1.889625112182518496e+00,4.077414214173247231e+00
1.423521225377649913e+00,9.340852430742379031e-01,1.295949474624837894e+00,5.700378686761049529e+00,4.703462645333917003e+00
1.947068154103344106e+00,6.800721464082453149e-01,3.211400093436756364e+00,2.483342466324278242e+00,3.599131236544539925e-01
1.361500078708499206e+00,2.333836671064754675e+00,2.678182388559388727e+00,1.336494522044575195e+00,6.939406050156596173e+00
1.025486195137343293e+00,2.679623163458804136e+00,4.678275830858509843e-01,1.425306153070596826e+00,8.223095388574712672e+00
1.230837537306385565e+00,2.252661116183678924e+00,4.201054168834306601e+00,2.880147794895614233e+00,2.296141217070144958e+00
1.882011019327979318e+00,5.907765036907814959e-01,3.702540923282214624e+00,2.492134072783094734e+00,3.734614869413187543e-01
9.447273156368400926e-01,1.009839350782459899e+00,7.142001846053618319e-01,1.446338991466003421e+00,9.696366822400529273e+00
1.686869472667965164e+00,2.668883920086375205e+00,1.618406715171961885e+00,1.444752454612089565e+00,2.397415165265465831e+00
1.379845685429123225e+00,3.293197105723975504e+00,1.063996402191325741e+00,1.878803170973148307e+00,1.402628986102797626e+00
3.965073251249646158e-01,2.965062926108565478e+00,2.852441349905759260e+00,2.783928803712327760e+00,5.830971920815937182e+00
1.917964245170226345e+00,3.046528743864091116e+00,5.038025730658141077e-01,2.694513017937966382e+00,1.491866487224550841e+00
1.535262272858090027e+00,2.711646057171460678e-01,4.674740957401020580e+00,4.814653464081847800e-01,2.525778585280392119e-01
2.194581362846420358e+00,3.955862196262831532e-01,8.448225951833693292e-01,2.226112022916389710e-01,6.907248027216114084e-01
1.242376922405083128e+00,2.361440743108543572e+00,1.421102277459497465e+00,5.276616272707746802e+00,3.354390653527040467e+00
1.359610382575387577e+00,1.961810427305098248e+00,2.914098720546421273e+00,4.094046646671222867e+00,2.178511807610118645e+00
5.415782849805189647e-01,7.361089663376356729e-01,6.016315918191955880e+00,1.110827646444821681e+00,3.048642911855324655e+00
1.435338666775439087e+00,3.412913027847369607e-01,4.566383895103417245e+00,4.161206273550883128e-01,3.591165719544075152e+00
4.772331318055543226e-01,4.018254095728710951e+00,9.959993561792200856e-01,3.762325068806269268e-01,4.296269810850830595e+00
9.189810146624834974e-01,4.321966933076563100e-01,5.962576794501697641e+00,3.262811480957296673e-01,3.286049559818862154e-01
1.115761933662312799e+00,9.445645504478790144e-01,4.055684325208198437e+00,5.374382195935524464e+00,3.818376854344585958e+00
1.600931864907540580e+00,2.717607142086412964e+00,3.798700147305744124e-01,3.578849600671020870e+00,3.664983426645228803e+00
2.146868731410953857e-01,2.970574265666868552e+00,4.247360400531523972e+00,1.841287275111028743e+00,1.365184373666591622e+00
1.823534750116590608e+00,3.128426934171255169e+00,4.325170999094467006e-01,2.064193886677303524e+00,1.083853064849374714e+00
1.146727904096455530e+00,2.740628847445495619e+00,3.007772172471222527e-01,5.483860812584251399e+00,1.532797896258897952e+00
2.232623133578457875e+00,6.342509927926448521e-01,2.703409305542129548e+00,7.906038452250543358e-01,4.429636275575166149e-01
1.372387503538922138e+00,5.727539377613480864e-01,5.228537697996860523e+00,3.188587685046285092e+00,4.563497051275414718e-01
4.336250548032987151e-01,2.771103576918264588e-01,6.159215532429418438e+00,7.876837255713000641e-01,2.602244582870251177e-01
1.731063704395342517e+00,1.098734348950493489e+00,3.356441325009843490e-01,4.917455472103736902e+00,2.707185126161775202e-01
3.507875158023121553e-01,2.823493262755992994e+00,3.696102171985239160e+00,3.532904286289702434e+00,2.479512909602204829e+00
8.006253047514005905e-01,1.323320444523409911e+00,5.971895623665663067e+00,4.242094133106092402e-01,2.146354278517417669e+00
1.432561882557319866e+00,2.026146840741631650e+00,4.042031670038278790e+00,3.588949671274075826e+00,2.070823297570315358e+00
7.903467542996995832e-01,3.254991554354123018e-01,1.743765947462058152e+00,7.704616164061393491e+00,3.038976014757505117e-01
1.458103946714845112e+00,3.322539385633728415e+00,7.300254864392381471e-01,1.922526495900272803e+00,9.221501471008261008e-01
1.063552595095635933e+00,1.742568035930469605e+00,2.243105915541817375e+00,6.305966659214748304e+00,1.743391859834225510e+00
1.432695264303404992e+00,2.799826192240554512e+00,3.086004042402178627e+00,3.958864047289040844e+00,9.450640713241775792e-01
2.068933719098905666e+00,2.819722931883244854e+00,5.195134195350269435e-01,2.430503355134722376e+00,1.522909388693003629e+00
8.913046505656955221e-01,4.281973627682672756e+00,7.897330270233475780e-01,4.586885781560278152e-01,9.314735792417476734e-01
1.597359543525149084e+00,1.795387467091499767e+00,4.216549338153033233e+00,7.651926128013635253e-01,8.887737501186756539e-01
1.768320940764155358e+00,1.097576623646020710e+00,2.024201247714848328e+00,5.044262342140886091e+00,3.975253826533264312e-01
1.235695296193092485e+00,2.246953712068649800e+00,4.042543018168289315e+00,1.198111105456549197e+00,2.485843954501882003e+00
3.390747437687807730e-01,4.994342780474904653e-01,5.738792218712049475e+00,3.144289920098540136e+00,2.439677617344186145e-01
1.769598729675803561e+00,7.421294744289959056e-01,1.054615957765264289e+00,6.179975872042160034e+00,1.327058035546974324e+00
9.340421477939957473e-01,1.683749978467620423e+00,2.644111992339753137e+00,5.876974292076332596e+00,2.575935951242704469e+00
1.192937446676390678e+00,3.002983740706900218e+00,2.781370598226641788e-01,4.368324221521186601e+00,2.615704704511764289e-01
1.529669006330036662e+00,1.080740829342027087e+00,7.823650070674974533e-01,5.707315181410174354e+00,3.902984859020657282e+00
7.978603407179828411e-01,9.229064742255365106e-01,5.903293474192580881e+00,3.755840585089146311e-01,2.784113273385231402e+00
1.473312789657064359e+00,1.077258288408600606e+00,1.940031277547761057e+00,5.989547538394340620e+00,2.235118808405929691e+00
1.736055663767700263e+00,1.749727577975573212e+00,4.282856896090896925e-01,2.232548845563139484e+00,6.839836072540189882e+00
9.776579539023527721e-01,1.515586960209822642e+00,5.670738992707702764e+00,1.586711921871544639e+00,3.898493783852159389e-01
2.046160729375611886e+00,1.304930687504363140e+00,1.067642541754000973e+00,3.182994725961041382e+00,2.819817555078782956e+00
1.768429733997236575e+00,5.854483789556714779e-01,2.921513819198712003e+00,4.679154240103222229e+00,3.859323853897489998e-01
1.664170150517103597e+00,1.047630304901471465e+00,2.258909749756273566e+00,5.038378048471769510e+00,1.345782955797862890e+00
1.598838175451751775e+00,3.737211963126793268e+00,1.155960952813126941e+00,4.965815274812010460e-01,1.444999299063427056e+00
3.875486061991291753e-01,2.404455695847675933e+00,3.020655970682648572e+00,5.625914319138962227e+00,2.669026367203231054e+00
8.010952230617854886e-01,8.202257557713892311e-01,4.799543346059119031e+00,2.605552148804719081e+00,5.915299620278310577e+00
1.502609969144015567e+00,9.727240044249403361e-01,8.034530401233990204e-01,6.078152223408169519e+00,4.247326898989811639e-01
1.639801820891404027e+00,3.857683543676367344e-01,4.233237565920749290e+00,1.018604029747488982e+00,8.614700863430977407e-01
1.641998073080240816e+00,1.002973175542898332e+00,4.022435127261362986e+00,1.375197430725979553e+00,1.300664023474506159e+00
1.172699719572846355e+00,5.052205585362317120e-01,3.097310707808538233e+00,6.132589368276739172e+00,2.773662530305434082e-01
8.517750489323410168e-01,1.512232215964510518e+00,4.151911022395998963e+00,2.891792240283862281e+00,5.818527930980699203e+00
1.186648415261444045e+00,2.270716002868701011e+00,3.863105369425296143e+00,3.169050537867823536e+00,2.705245418756144216e-01
4.207077051687595493e-01,3.057739877075204227e+00,4.620485689781580696e+00,5.519610009955018270e-01,6.000834667316201632e-01
6.321944899723104250e-01,6.195974580212988414e-01,4.162909525494601581e+00,5.991988958152557387e+00,5.509653359966687480e-01
4.829763474822894587e-01,2.730160276256383245e+00,4.963642625466853531e+00,2.009872055487038178e+00,1.048159328945229785e+00
4.070027371457920484e-01,2.445342739803838761e+00,3.530038427260899780e+00,1.633296264810877307e+00,6.938506237378486929e+00
1.098461328209549448e+00,1.744844206850975521e+00,5.236098279384033383e+00,7.383020801526045673e-01,3.132943578299761667e-01
1.032125085610051896e+00,2.691807987092787346e+00,3.863481377151883223e+00,1.914013611816856031e+00,2.525237996794696738e+00
5.827939842295883910e-01,3.677639175483477518e-01,4.899141320075126593e+00,2.858943057990269043e+00,5.573199601326282782e+00
1.418684586281443005e+00,5.772139389643501373e-01,2.255357349464117422e-01,6.514333868554918361e+00,1.103585750728863779e+00
4.169373041528199875e-01,3.191319102356641180e-01,6.146643069358195710e+00,7.764537660882042669e-01,4.300003775091805203e-01
4.767626542555900571e-01,1.153007229370879072e+00,1.147770147986908462e+00,7.314697521505094002e+00,4.739223843064289454e+00
1.058253057451478130e+00,2.958565123019472054e+00,3.970689948498850264e+00,3.237152678805185424e+00,9.439595355927375975e-01
7.476533762786262693e-01,1.100957271357096978e+00,4.459859742801270954e+00,3.263958266404691333e+00,6.535658357759568382e+00
4.174832199617931616e-01,2.447461185625225522e+00,3.348198250975364942e+00,1.573414473569632044e+00,6.926751964670962991e+00
4.404105916769146534e-01,2.853459282577147094e-01,6.112956216302436907e+00,1.259554379012596037e+00,1.039685269635466591e+00
1.827538879872884214e+00,5.969593319489592265e-01,5.267996147023388254e-01,5.398154842558581912e+00,2.895181115281324935e+00
4.505981081489183193e-01,6.229098122651987035e-01,6.252775846061338960e+00,3.580434392037432079e-01,7.598045001062573300e-01
2.989293467500213075e-01,3.834071214224171076e+00,8.436136938742275770e-01,3.557138143851414025e+00,3.348906506583214648e-01
5.526660949011039659e-01,3.301776379918140325e+00,9.035466803314161632e-01,4.180405437445586236e-01,7.208247967413234925e+00
6.674067731446132745e-01,4.017976985305123927e-01,3.419395177541471931e+00,3.440059235762781276e-01,8.699463314467450914e+00
1.308437734653401074e+00,7.344329625100833869e-01,2.443611816880439047e+00,4.950109389163077078e-01,8.978831018451323587e+00
1.535856572960172528e+00,2.972626607016365385e-01,3.870683224686800816e+00,4.789700254499037468e-01,4.687063971403144791e+00
1.220266122100037931e+00,3.386361805082337639e+00,3.565124592959182159e+00,1.495922006660600934e+00,7.170225353845964822e-01
1.615398832825201136e+00,5.123343048210468043e-01,3.209484312578049447e+00,4.403324328113750852e+00,2.283269563188085272e+00
4.378334641692388507e-01,6.357551209061271802e-01,5.673743938212076898e+00,3.557794143669441578e+00,3.227644487786909822e-01
1.218225240718208813e+00,4.557784312675192684e-01,2.799561509897506295e-01,7.249348239720047715e+00,1.370289529903610193e+00
2.237281717576824758e-01,2.970057538898625005e+00,4.242549546366464419e+00,1.844713712908507164e+00,1.633861849068453553e+00
4.177682800789525031e-01,3.221835455071433985e-01,6.148710982602832331e+00,7.772763240887208269e-01,2.291968488734562881e-01
2.321188129748376294e+00,8.696313919290113992e-01,4.334526036718750475e-01,3.867699728659097502e-01,8.198918283885477942e-01
1.416404267112503890e+00,6.689738981965320797e-01,2.541231344700926598e-01,6.366797945559243388e+00,2.641677382976090893e+00
1.255152229420480214e+00,3.096972316448722395e+00,9.283401885524590336e-01,3.806193817037077931e-01,6.083077572413674972e+00
9.314498811687261792e-01,4.552519193342874360e-01,5.865359880553289607e+00,1.952987235531939980e+00,5.816974463426224373e-01
3.567299422203623616e-01,3.789077419184429640e+00,8.844565063823268680e-01,4.037432155490817465e+00,3.934807852150078444e-01
1.179712936176683158e+00,1.814995590649506996e+00,6.234331177340497465e-01,7.398280180849186038e+00,1.028379632123885834e+00
3.808156151248630050e-01,2.578407686080518957e+00,6.252285996880677654e-01,6.615646889115607721e+00,3.454161018432619357e-01
1.735960741198103729e+00,1.087719265496634780e+00,3.925721708555566902e+00,8.343724536694414606e-01,2.465982894537032344e+00
1.165203198808884899e+00,1.716472177577469616e+00,2.742874826085683004e+00,1.217742298742970686e+00,8.197794569109188245e+00
1.395651208121198028e+00,2.264159318146310718e-01,4.802576844694898206e+00,1.002890284025013123e+00,1.255422684845558967e+00
2.426987385962490196e-01,3.041235529954861683e+00,4.363295405734412213e+00,1.383554809724042656e+00,2.897208833012181461e-01
6.388772671735620801e-01,4.199611467942303555e-01,1.626041118689509180e+00,5.703196926909165576e+00,7.029772336055000181e+00
3.093584133478073372e-01,3.780700288622650618e+00,9.746324369112515651e-01,3.518765633100387813e+00,1.967897601846078315e+00
1.649871690245301670e+00,3.402661960560308341e+00,6.349170787312257147e-01,4.059941375999616686e-01,1.308057280305108039e+00
3.346227832661482493e-01,3.123949506153025357e+00,4.283547408755461916e+00,1.826483955055461905e+00,1.555426582994790419e+00
2.932267508791903676e-01,4.232043792275845817e+00,6.068132457111763411e-01,7.972576147257950385e-01,7.002073712172766085e-01
1.031434836015536538e+00,1.748981118673003987e+00,2.941023580111180369e+00,1.245875957006581158e+00,7.781304089535005630e+00
7.633056486497232784e-01,2.776054329320737590e+00,4.263701982233800258e+00,1.717128898882262833e+00,2.019249971580316938e+00
2.791820808175269342e-01,3.162270798961116736e+00,4.052556140455495282e+00,2.248922205004758368e+00,1.371960022386829792e+00
1.615958168976968423e+00,3.296427465533237289e+00,9.443676868881495379e-01,3.240871080297694218e-01,1.093522360525396753e+00
4.778218901378050720e-01,2.699517879143330301e+00,4.887206309341636690e+00,3.499346889781203007e-01,2.022642340013892426e+00
1.145740890122914468e+00,2.059320580056084538e+00,3.310515753101137992e+00,1.034775550667554000e+00,6.684036877739682581e+00
1.209558914280506325e+00,2.517948434115687917e+00,3.407546284370512879e-01,4.756616289061047276e+00,4.578877509255172562e+00
1.799418670993958136e+00,1.573248122571288654e+00,1.084323655932329933e+00,4.408169269192981687e+00,2.605934051982744526e-01
2.044567430884466130e+00,5.114898027508081313e-01,2.520038213363715141e+00,1.084884823795538189e+00,4.159460296824980752e+00
4.632407104631613981e-01,2.025447857238971583e+00,5.687126778296806684e+00,2.048703068979440545e+00,4.224697066820182201e-01
3.511847040552817933e-01,2.616806438503155086e+00,4.335027072563492290e+00,1.214546024685980719e+00,4.843077769441553215e+00
7.292895264377337039e-01,2.142301253555673579e+00,4.367101053819292922e+00,1.483378943698557162e+00,6.947987559228989696e+00
1.719811748225497094e+00,3.094530840589755805e+00,4.316189382625378324e-01,2.866052053460465654e+00,2.123489560649126418e+00
1.296827092714821772e+00,1.157537399358408603e+00,8.540134376713048869e-01,7.097506261372557468e+00,1.353987489214702356e+00
8.792555979961760304e-01,1.150557726526758362e+00,4.709782832921527884e+00,5.610188547508559331e+00,9.112458927801362352e-01
4.163528782793863292e-01,3.717254120426030095e+00,6.804004093630064975e-01,8.201544169591535871e-01,5.860991060566238531e+00
1.542276960277409126e+00,1.915201443625392352e+00,1.791004362193106880e+00,5.018942595287867903e+00,1.888930852502983759e+00
8.222842619140700027e-01,6.523752048250902602e-01,6.119296743167164543e+00,3.974107180681299423e-01,1.101692251119471777e+00
1.097123863624267948e+00,7.473701603525504389e-01,5.946083950800524320e+00,4.197039818557328772e-01,4.244415417247304756e-01
9.074085137029094250e-01,1.437803579642681573e+00,5.109889162503380433e+00,2.168140837756689976e+00,4.166106888051817947e+00
1.367204726449640528e+00,6.623219603702310554e-01,4.799505269095106108e+00,9.998187084252208034e-01,1.252351109245766647e+00
4.298486644437358173e-01,4.284436421440133813e+00,3.934371866300552245e-01,8.509644476846923711e-01,8.206519509307008686e-01
6.490801437237760929e-01,1.049078789051301364e+00,6.075915052205312250e+00,5.867821908498143113e-01,7.554700708916421981e-01
1.716804766527069148e+00,1.512540295640571353e+00,1.070971319582590953e+00,3.844060620941740947e+00,4.903387097413820506e+00
1.943793508294538341e+00,1.467137257405001227e+00,1.139647533490618869e+00,3.399502363720038112e+00,1.141967849601134066e+00
2.112836581277514725e+00,6.065740166438365888e-01,3.421562885964440914e-01,2.372361495478564564e+00,2.791286537733487894e+00
1.201480619353819668e+00,8.286454235571408811e-01,2.439784955728768967e+00,8.360346173986192841e-01,8.917540897008196410e+00
1.502330818747460661e+00,2.638602881132118272e-01,4.660930418133453657e+00,4.473469692500200989e-01,1.299040422882896451e+00
2.052949783211251322e+00,3.429954187891968709e-01,2.194200903460831853e+00,7.991565236391453553e-01,6.416813921670609933e-01
1.459924010043949449e+00,3.738854282156409692e-01,4.693532060742173329e+00,2.922565608754918998e+00,1.378463183518616519e+00
1.440865153529117482e+00,1.958322552386481341e+00,4.202796651381773607e+00,1.232232800619769586e+00,3.182062941742771489e+00
3.135067737140758704e-01,4.100411200910222931e+00,1.383025063420551870e+00,7.434117777510003133e-01,6.463615342424818833e-01
1.731797720602188617e+00,3.107513937773258017e-01,4.065364590335367012e+00,1.064481390145731732e+00,1.317013790966277575e+00
1.415916978635834766e+00,5.683983772251487432e-01,4.846112559069605474e+00,7.992234375093593135e-01,1.273735558567000048e+00
1.109940559186770814e+00,4.739761933466724031e-01,3.580427483442281567e+00,1.531069314293088013e+00,6.917787899667296792e+00
1.650010397749526181e+00,1.449914022356481924e+00,1.031612254956716601e+00,3.902101199215613825e+00,5.352102139609989706e+00
2.362695666142757001e-01,2.318094403520081670e+00,5.639987554386673985e-01,6.926193871280867498e+00,1.514660439421071425e+00
1.944578266485594842e+00,6.520820401273286215e-01,1.370133351504365660e+00,1.141100733977602477e+00,5.698386511958885237e+00
3.072102229477072233e-01,3.149172498273955512e+00,9.854913393834370261e-01,8.843084718907715525e-01,7.093097111679901090e+00
1.783743261410509984e+00,3.838994545933117064e-01,3.951469797331248035e+00,1.303588512930859311e+00,7.201518747401813858e-01
3.001223250478457505e-01,1.664367491729438653e+00,5.734150477146729763e+00,1.942180754599982739e+00,1.479950138223412592e+00
1.826051671121941222e+00,2.551229694743532228e+00,6.325784219361012539e-01,3.084333300905526709e+00,3.130881336725757524e+00
3.303257873991367055e-01,3.220500365738243609e+00,3.847933839733236994e+00,1.927094071883358906e+00,1.446594753338530603e+00
5.524363524318323115e-01,2.943390768682065506e+00,1.042479439887224801e+00,6.084983710604427998e+00,2.711590091169054695e+00
9.613122537050791117e-01,2.337397924273843852e+00,7.119443279084688436e-01,5.990686723985519713e+00,3.947143209264824648e+00
1.937036673254952435e+00,1.701319182489334114e+00,1.191756601269974514e+00,3.964323885170545569e+00,3.327748802203083778e-01
3.281601146037411154e-01,3.975604869756738324e+00,2.184818453680466455e+00,7.621389114972414447e-01,7.170029930984609390e-01
2.006574124556528282e+00,1.232843627312714796e+00,3.020912951169149041e-01,3.767642067018955210e+00,1.384794146626161737e+00
1.921769623202007615e+00,1.458152648511660043e+00,8.711110540161427496e-01,2.983996803130578357e+00,6.181412921421912010e+00
4.586751453246291632e-01,3.960175705409129332e+00,1.807703475335945553e+00,2.039015601832397717e+00,2.290053386753622355e+00
7.847546544638324129e-01,1.117897485805026347e+00,1.845025157964259810e+00,4.366389541278741238e-01,9.760378757524275528e+00
4.317323458849493534e-01,3.911232575786893761e+00,8.254206097058585101e-01,1.839310886310251192e+00,3.770911334283456817e+00
7.720529600084937716e-01,3.750496098269715528e+00,7.929375828301481466e-01,3.781395535214119974e+00,4.039063057421118930e-01
2.038280148513808232e+00,1.514957383122528256e+00,1.204278340201146102e+00,3.121384903616591266e+00,7.310646918294037011e-01
1.513514377399366451e+00,2.545714290484125675e-01,4.636479404283746497e+00,7.878379837863616064e-01,8.688554474813536821e-01
2.171894463302402212e+00,3.893917060842098099e-01,1.107241015965612307e+00,4.538995857162020364e-01,1.098270203679852397e+00
1.975356999927244672e+00,2.576885433908396195e+00,9.842722346932081257e-01,1.311883748727354471e+00,8.289926889742254001e-01
1.223726737819930133e+00,2.345923327828806748e+00,4.325274319628695352e+00,5.429821040125356602e-01,2.576475389364952795e-01
2.110705842637102592e+00,1.164105620788137729e+00,1.889734920317385214e+00,4.651568813190291585e-01,5.185166666089577880e+00
2.167979564143457660e-01,3.810792643618346354e+00,1.542093650906553925e+00,2.553473167436469016e+00,2.062127771830173373e+00
2.466133092280136385e-01,2.049102542248311565e+00,2.872832702662820203e+00,6.331275905720272767e+00,1.531222761038868230e+00
2.135373098172338446e-01,4.068520819179266113e+00,6.577905572723090621e-01,1.839999251465612051e+00,6.154297888910928993e-01
2.957231712037344251e-01,3.014805016822727168e+00,4.405704811894898043e+00,7.533364448837654992e-01,1.418871166055382327e+00
1.917818542840941110e+00,1.002739249618163964e+00,1.108095768164204964e+00,4.431214093815326827e+00,2.836382298206201469e-01
3.790485026286206094e-01,3.468692324459986320e+00,3.743333711019645627e+00,8.839209780213383993e-01,2.649106202260214538e+00
3.263227508756166295e-01,3.005744133596654599e+00,4.447494972998184082e+00,7.789248822461785071e-01,6.476594751170947628e-01
2.263533732103289176e-01,3.976024969087499805e+00,1.296434319661872170e+00,1.808303720791883951e+00,1.372837896172500960e+00
3.420482732404927506e-01,2.591452662473323620e+00,3.192688187171095482e+00,5.486958525520760688e+00,7.282083293485247522e-01
3.831534118520508181e-01,2.098899086083492627e+00,5.392528584163414962e+00,2.566581737291871779e+00,1.524187768358154615e+00
6.501827056622162537e-01,1.963493171149854888e+00,5.552713987909911886e+00,2.054451808174627470e+00,1.554849820564219609e+00
2.974786780762214700e-01,3.079922211161386425e+00,2.870760484703699600e+00,1.712796814367890885e+00,5.611822054286369266e+00
2.011561258824410725e+00,1.156093558350011818e+00,2.010112001074559451e+00,5.204259044698498204e-01,6.436071657784587785e+00
9.234414494219405078e-01,2.202745252703247392e+00,2.530090483211456798e-01,6.652910294098246524e+00,4.622863008413428676e-01
1.342407839667155933e+00,3.245345667594672356e+00,6.477276345002329627e-01,1.759304161613066908e+00,1.438914197972690268e+00
2.193815372532513130e+00,4.933443579214752961e-01,5.654218229350695957e-01,3.663399092032947890e-01,3.736616039552282498e+00
2.427136821349221985e-01,2.111299834771259931e+00,5.355446450514132373e+00,1.888673320580585901e+00,6.641038580060666385e-01
7.782681696426675400e-01,1.707658813917560137e+00,2.381842976000511758e+00,5.647444218374414460e-01,9.511436048861485304e+00
4.371682588963924365e-01,2.238514880076996505e+00,2.653757674775595987e+00,6.350916076540168653e+00,2.093762699885232781e+00
1.315686534451109946e+00,1.068317447293867239e+00,5.011738455421449467e-01,5.220999519304434067e+00,7.260135245338203092e+00
4.617696340941352950e-01,2.904400608426664476e+00,4.581939851370906425e+00,8.285958066508021247e-01,2.238406563850225517e+00
1.791853489188153237e+00,2.790889090705796605e+00,8.884834812471672505e-01,1.947639092153148788e+00,1.669125955814570350e+00
1.538104685110408765e+00,3.183778937031358502e-01,4.321823654107462609e+00,2.970775348147758788e+00,1.344692579845381042e+00
8.517851666734126415e-01,3.039018540286970715e-01,5.943971594454054319e+00,1.113082443022715307e+00,1.410716380573818984e+00
2.925270706676519339e-01,1.446196138463561320e+00,5.637090514953657205e+00,2.859321308662599925e+00,1.473971333876960665e+00
2.081563107932840495e+00,6.544356886445246158e-01,8.721443155551726889e-01,9.353973653660405674e-01,5.078061791875803976e+00
2.430151095636055025e-01,4.177282146208040281e+00,9.304852836952817174e-01,3.969794155917381051e-01,6.776954074183876298e-01
4.684721902618143030e-01,4.010265763293511476e+00,1.208361587634912748e+00,1.589148159446935882e+00,6.212714260702431046e-01
1.424197782285114622e+00,9.325950329225101143e-01,7.916604643736482316e-01,6.222288392368546361e+00,2.828935660150173170e+00
1.602761032195149093e+00,9.090554030781492489e-01,4.527607467779457551e+00,1.930311754686590220e+00,9.622676991598636542e-01
2.049311606340779690e+00,1.608751399049299202e+00,1.063992084821675510e+00,6.079461344084058361e-01,6.765684578040430885e+00
1.330653344485109413e+00,8.954759371821721103e-01,3.396868925492386282e+00,5.325972018624187676e+00,1.537151815146672540e+00
7.190573736539608296e-01,2.781574333207471827e+00,3.503093007362327427e+00,5.918978127346054663e+00,6.014651143707312464e-01
4.298081947750979626e-01,3.256975824696354493e+00,3.386458089311791042e+00,1.555340787398937552e+00,3.921548103636984806e+00
5.201767907570568061e-01,4.312390094571106225e+00,1.033822090233923685e+00,3.714178599324469143e-01,5.075290399556239285e-01
2.038498449065758056e+00,6.869416724260385410e-01,1.204884005212729647e+00,3.609533591689671805e+00,4.643231484827432531e+00
1.652030483801452121e+00,1.171425041397684108e+00,4.509351105568141449e+00,3.249899422372169999e-01,9.826723649225407309e-01
2.052654279882941968e-01,4.018108660633457951e+00,6.446623758678565741e-01,1.813947901547103392e+00,1.704195746853745419e+00
2.118742077954965664e-01,3.903556626726830459e+00,6.373084279938771024e-01,2.974894896281202961e+00,6.120789716087352561e-01
9.542447901021346990e-01,3.695737373586042707e-01,5.826780111636302273e+00,2.295362280569547053e+00,1.263249277907501078e+00
1.523329938536516659e+00,1.415090634986381879e+00,1.121156447349469509e+00,1.023677990403329741e+00,8.785593521120354410e+00
8.643018946119351842e-01,1.589546671363163188e+00,4.813682556898254639e+00,1.789299569972451653e+00,5.301070622195133808e+00
4.807472885576422050e-01,2.393078474260343036e+00,5.301258437018573133e+00,2.010799611151258937e+00,1.548568994774689012e+00
1.567747655637452109e+00,1.461272128359250910e+00,8.745393994231064339e-01,1.038358448528953870e+00,8.955358592257299577e+00
1.184551221136445509e+00,2.160805905018220674e+00,4.555361029951594531e+00,1.986604955008738349e+00,1.466197684411603364e+00
7.998185392565841934e-01,1.251197403146159015e+00,5.549581361488830744e+00,9.463891917021389766e-01,1.258046854683481319e+00
8.679641391172574494e-01,1.476401064281876341e+00,1.474417991732387190e+00,5.785754970800415897e+00,6.468177355581500976e+00
1.830789212275723665e+00,5.110412710728677865e-01,1.403832838813571016e+00,3.159858261552671799e+00,6.018887544416836377e+00
9.844458004111066307e-01,9.315143262106680977e-01,2.320543657003733440e+00,4.148490294296308667e-01,9.289966022397903700e+00
1.344067385336991327e+00,8.401643417183920493e-01,2.346026674664478395e-01,6.627405874789732643e+00,3.639899547873757246e-01
1.417052918563308506e+00,2.295953569155859686e-01,4.645496509015688780e+00,9.945846058288416724e-01,2.248235416424003486e+00
2.915533058798766008e-01,1.939017184714009190e+00,5.562776534933316697e+00,1.394691256228956178e+00,2.030927162988861223e+00
1.235888278238492566e+00,3.586648639181558185e+00,1.651011027164852596e+00,4.309837193898304886e-01,7.116997112164800132e-01
1.117044638642293197e+00,1.822441006400228547e+00,3.409503728299182246e+00,5.257056833276819496e+00,2.893156292379497785e+00
6.380202056128744248e-01,9.602478766649373831e-01,6.071423651540402311e+00,1.896080103626130775e+00,1.367833389039042169e+00
1.155482937555560641e+00,2.293665821977650232e+00,4.428973220050357540e+00,8.163854147881253187e-01,2.385121793611629792e-01
3.609100708901121224e-01,4.001120089946439862e+00,1.437550217350752613e+00,2.063565391595513443e+00,6.782008776092038893e-01
1.529662929938220062e+00,9.671278280232691316e-01,6.356477313166322141e-01,6.009897939601426486e+00,2.387317059288537990e+00
1.190011143294697815e+00,3.935601742484263088e+00,1.278641907271721667e+00,5.404677542768169252e-01,7.752001366583444186e-01
1.787863794431020725e+00,5.010586634258518135e-01,9.423140586205798197e-01,4.227031848649571710e-01,7.210701047456181456e+00
4.812082123143084367e-01,3.360224789048548377e+00,3.426314462078741130e+00,1.358214272223241315e+00,3.413961490767334350e+00
6.020585730156260418e-01,8.323223215521210472e-01,5.635871697035819139e+00,2.706288836796040709e+00,3.961773390612354451e+00
6.459975510051390035e-01,3.349540875791237049e+00,3.151460086380233339e+00,4.206672766246482564e-01,4.748124746877124380e+00
1.190430144027558423e+00,2.476716104018084508e+00,4.539377394000862154e+00,7.383884936175288960e-01,8.276121776002336450e-01
1.954435047575739104e-01,2.259370820936722257e+00,2.869571605790540492e+00,5.840745020629158901e+00,1.747767252079278855e+00
3.863842407535091894e-01,1.429600583081649834e+00,4.653926444565166243e+00,1.713382426217681331e+00,6.380241037796879233e+00
1.144953584689338832e+00,8.027064741632190525e-01,7.304118296751407335e-01,7.529999245739616320e+00,2.249705216261413288e+00
1.803895684067549299e+00,2.619031049147486634e+00,2.359733934633007291e+00,2.311222083498512436e+00,1.516241323179381872e+00
3.731465827078418451e-01,5.000088119823042909e-01,6.094467862321055307e+00,2.146172212328961493e+00,7.445939201234934579e-01
4.904958595405296551e-01,6.234077234016995872e-01,4.836182763088466174e+00,5.100295870254543118e+00,3.570305851339479197e+00
1.428414780411501717e+00,5.460640475135485339e-01,2.365500986615636680e+00,9.736632691708643206e-01,8.767192228196137194e+00
9.340673531459182666e-01,1.730926322297466458e+00,2.512384094678803415e-01,7.040755166648004604e+00,1.640303792305215946e+00
4.571662819855295545e-01,2.632562553922483950e+00,2.804857702928709173e+00,5.925043433590194475e+00,1.789760294456282930e+00
4.442943054208314813e-01,2.614015534327412738e+00,3.508623738729987451e+00,2.320370649009058095e+00,6.120996108972071248e+00
1.213103157019740364e+00,6.099662289374092605e-01,5.473159279311729186e+00,1.135751873808708456e+00,1.711831833826315208e+00
4.903408863944372920e-01,6.101129787142258731e-01,6.120775078159906180e+00,3.383115816732631398e-01,2.174260174760545006e+00
4.296069242210142081e-01,3.852509672808055896e+00,2.971803906453736932e+00,3.023038406905059761e-01,7.557569727206684407e-01
1.448162966572270394e+00,1.239392080457913492e+00,4.761487105261255515e+00,1.532151548305633160e+00,7.357317761193556960e-01
1.331354919049636543e+00,2.115476984627858048e+00,4.322798140997833549e+00,2.231984628333546272e+00,3.139712809271283378e-01
2.362963359800649699e-01,2.057040405885492085e+00,2.547925583421803530e+00,6.520322637467955040e+00,1.449931790034747259e+00
1.260612709503871276e+00,6.708388180870834550e-01,1.923082509637414339e-01,6.602928438448665283e+00,1.569609068383633232e+00
7.581666516783351906e-01,3.303003105664339856e+00,1.673115832162304972e+00,4.586120792550899772e+00,4.696850993040420974e+00
2.330551681505025341e-01,3.109639693003493743e+00,4.333342381185650183e+00,2.189008078941316049e-01,2.914444774509857283e-01
1.524473967029179811e+00,2.960541849674509951e+00,1.664384013299634812e+00,8.034255316889830079e-01,1.421964301456650759e+00
1.119478764161422335e+00,1.921978834784179746e+00,8.999867754752333138e-01,6.416577121389813954e+00,1.613760632328121725e+00
8.991520075899503972e-01,1.798717599016954383e+00,2.265593926337990116e-01,6.687804655598788450e+00,2.350241532229946362e+00
1.244276934580506699e+00,1.926220137319563097e+00,8.949321052921813680e-01,6.212859173564378779e+00,1.195072662898229554e+00
1.659897763921883262e+00,2.525106288107779928e+00,3.216730148340230411e+00,8.957541693789239368e-01,3.606835765217926704e-01
1.541388990631578304e+00,1.268500473483946678e+00,4.435349438473382477e+00,1.104998048847112502e+00,9.801140557292149502e-01
1.575220141869608126e+00,3.168844826222342981e+00,1.149643301601466217e+00,1.964951221098387268e+00,8.021937525941492675e-01
7.322680496973363873e-01,5.146131003780800572e-01,6.233560895007395963e+00,3.988783527947333818e-01,1.509775023634192692e+00
1.734159809104031780e+00,9.980201187498818349e-01,4.007313125924211183e-01,5.817682195368990783e+00,1.766414682515154988e+00
4.989974443797473569e-01,2.107324770348175225e+00,9.051366741080770772e-01,7.338506949517796585e+00,1.033708244989024250e+00
7.880268505408878355e-01,1.419565760455690162e+00,5.765553365375104988e+00,6.775661182469594479e-01,2.914131852611948625e-01
2.187557506332757917e+00,3.924213536995041496e-01,2.048425403236370901e+00,1.013682845731613602e+00,1.057272050594896484e+00
4.467540674399205769e-01,4.248066889847438077e+00,9.800614147099659945e-01,3.103163940928034270e-01,7.905639893676463803e-01
6.759929081764233239e-01,1.053062395866142920e+00,5.560113095566300956e+00,1.069192790682124805e+00,3.994105709471318821e+00
5.833460189968051601e-01,4.019290056161410440e+00,1.462741421156309674e+00,7.978446238577536764e-01,6.155540878052430109e-01
1.191260240399608650e+00,2.292356260188347594e+00,4.463948167766346842e+00,2.511323745910923333e-01,3.074947895897972572e-01
8.683128872629987116e-01,1.684068770525879222e+00,2.583836192712405389e-01,5.050590722832652979e+00,6.505049159248156521e+00
1.412271681206253682e+00,2.156459061719165682e+00,4.283323241890339084e+00,9.022711561785712320e-01,1.988592647498630406e+00
4.795719149141507431e-01,2.996507236406564800e+00,3.329875073688247422e+00,4.670289398454547936e+00,3.555751548694567332e-01
1.331747602832136224e+00,3.368213689935025901e+00,1.192710599005462724e+00,1.055078191858543901e+00,5.148203830373922152e+00
3.007597089353621911e-01,2.792735082048091400e+00,4.598039689645583294e+00,1.744968978206638210e+00,6.648620573358015040e-01
8.550311451031598065e-01,1.811352224067769967e+00,7.688421593603833593e-01,7.018352919849603744e+00,3.443099619288626512e-01
6.115628921232041382e-01,3.918814881803603711e+00,7.637432385136877500e-01,2.528063055762221456e+00,4.842260285022645050e+00
1.729493742685306312e+00,9.123552495536901841e-01,2.555153101605016630e-01,4.570616397178603130e+00,2.945243051420624703e+00
1.309125913109832728e+00,3.857736586497145792e-01,4.929944525867609784e+00,3.281127144175170596e+00,2.313655798257538088e+00
2.476242105722601394e-01,2.511308448434585117e+00,1.232110879540321058e+00,6.524241493175502171e+00,1.797913579927283401e+00
2.161190686309188980e+00,4.789701468705552800e-01,2.035688047242950383e+00,3.266978731529865065e+00,1.002702172759685428e+00
1.349717908650253317e+00,3.463689177315397494e+00,1.515027414125563521e+00,6.110670491964889095e-01,7.123030110305716978e-01
2.585933808077736096e-01,2.214764142576591155e+00,2.866173015123766099e+00,6.003893827991358734e+00,2.353619355580558015e+00
5.421944199028134737e-01,3.742879813918925436e+00,1.252499331801957272e+00,4.162186622563011640e-01,5.662555233947727196e+00
2.211619141272357092e-01,1.353532684847460477e+00,3.486730760881065816e+00,5.291316683486600780e+00,4.835105646067034968e+00
2.386181382550749408e-01,2.029391799606224733e+00,2.556443713384155991e+00,6.534946178812808704e+00,1.801488288746565969e+00
1.189530079084591296e+00,3.926481173207359010e-01,5.716855162395537704e+00,1.181846580409585901e+00,1.486187641919705316e+00
5.628630636529268205e-01,4.053767461957130891e+00,2.224471383152576642e+00,2.281890571253208044e+00,5.293654284265123522e-01
1.840346100932876539e+00,2.741935538596336652e+00,4.714298357033419595e-01,1.892544120389147544e+00,4.167042593531474104e+00
1.294506192476914119e+00,2.554253097126009120e+00,4.147398366454228658e+00,1.130132993015105836e+00,1.390093097848849268e+00
5.748632935884907535e-01,3.246088635320228732e+00,3.402650247600708666e-01,5.209829918659730552e+00,2.458176899139151494e+00
1.533739623844276645e+00,3.602660186615966431e+00,1.062575182727738099e+00,1.187206260829730020e+00,5.397132022704996812e-01
1.778965066616946089e+00,2.952847234509679897e+00,5.199661942255853209e-01,1.027484661587374948e+00,5.093349510028542859e+00
1.111428390525809107e+00,5.112639983812662381e-01,2.218891420865500397e+00,1.791963658087845301e+00,9.173043816615770396e+00
1.647757197688629160e+00,8.615814340725574949e-01,3.069661823359596253e-01,5.322723178015461798e+00,2.993490708691716851e+00
1.053873273442018421e+00,2.077074594875443658e+00,3.484057105327986292e+00,4.562145504466055712e+00,2.287073964322412500e-01
1.722030878160672795e+00,9.007819200534185056e-01,9.366549311638812103e-01,4.743922189897369357e+00,1.598290635594119546e+00
7.221137523159194549e-01,1.205102855693426234e+00,1.452771890223576223e+00,7.341721773043355270e+00,3.634465531369853508e+00
2.126216033841785258e+00,1.766951747080513169e+00,5.840340789679375755e-01,1.049976936095232460e+00,5.821877391862768647e+00
1.225134380099205167e+00,2.914751081922350551e+00,3.680454482218182388e+00,3.696938954482118955e+00,1.749882476505931983e+00
6.173453215013239292e-01,1.976772314142937859e+00,3.553175549335019667e+00,5.895689607368491458e+00,1.885680564556110994e+00
1.217114164906450302e+00,5.757558724995432975e-01,4.696646944639732979e+00,2.763964305173030933e+00,3.648982784619193342e+00
1.623783878417146775e+00,2.457299292982170424e+00,7.205914039808802851e-01,4.249915949362365275e+00,3.967786588356309707e+00
1.227121653175299976e+00,2.142989859140032483e+00,5.217842286772979676e+00,4.696045617273465478e-01,8.595283199368350946e-01
1.322299848296087932e+00,6.768290445234719233e-01,1.882617113656741559e+00,6.531450713868025559e+00,1.685199579721672558e+00
3.429373431521063886e-01,5.730360609899165514e-01,5.990972450041430086e+00,2.367886409321368291e+00,2.258604479421179256e+00
3.600043114161430302e-01,2.651563192463296303e+00,2.106327761075044158e+00,6.220499049282587123e+00,2.260750447221192339e+00
7.664277629013581672e-01,3.855968166350506099e+00,4.706462742880188621e-01,5.057201184288138140e-01,5.306266792048064396e+00
7.372105155037227409e-01,2.165362651595708066e+00,4.816230947656796602e+00,3.598382491994067234e+00,9.745140093260111769e-01
1.933069694500735569e-01,2.307918159379094725e+00,2.386178475106618180e+00,5.517647531131979477e+00,3.804130121132337283e+00
1.943099369239240870e+00,2.979020389235694788e-01,2.555900973625428563e+00,1.780984591632152059e+00,2.605460320879897207e+00
6.395472723993809172e-01,3.640307314274033423e+00,1.213387545689723401e+00,3.749585798531406500e+00,2.465180030985248960e-01
1.148817889349177834e+00,2.181522808210667908e+00,4.476838840911568695e+00,1.211447292176341062e+00,6.613071931904401790e-01
4.487909852951761924e-01,3.886205736342184913e+00,2.880406348764627200e+00,3.206066521435422811e-01,1.370684641763172618e+00
3.118339200662748611e-01,1.944883583413719030e+00,1.700273477979674208e+00,5.104189096829708561e+00,6.725736642914529995e+00
3.147382513560195716e-01,3.207853189643765646e+00,3.587189728969605529e+00,1.919217920014662626e+00,3.769160087606330034e+00
8.171159143250777968e-01,1.509722176651574044e+00,4.996885721465142538e+00,2.268037724172624614e+00,3.883758198286574093e+00
7.763402861585713133e-01,1.711993728286957284e+00,1.091501903533876661e+00,7.268404986382080324e+00,4.172370331033725677e+00
2.383289295382677586e-01,2.030441939374490801e+00,3.327984540926451018e+00,5.885723857453781349e+00,1.789502749010077443e+00
1.552729242532740139e+00,2.143057787618416921e+00,1.138178638847265223e+00,5.535298217160299572e+00,4.087785814799357986e+00
4.127714544525250551e-01,3.133554485418165392e+00,3.249586212575219069e+00,2.226934046982493864e+00,4.578375341390393594e+00
5.864269782879313331e-01,4.405371596855511385e+00,5.144964647617270570e-01,1.438330094751277155e+00,6.014743008172488414e-01
8.867479042656897237e-01,1.207908880577972521e+00,5.756772604755197698e+00,2.101930216382748906e+00,2.113438149654320863e+00
6.774038060131857275e-01,1.095054721384852048e+00,5.904107693575349813e+00,3.680526846347224046e-01,2.226023378683121390e+00
5.118023947965366638e-01,3.115458193553171107e-01,6.153767987623830038e+00,1.186159380959618481e+00,1.734732554178819441e+00
9.152901330723761664e-01,1.631238018313179383e+00,4.138827984413044447e+00,5.127246512835657910e+00,7.405831050997709886e-01
1.077922933581333176e+00,1.171893801247749112e+00,2.240318687311799728e+00,6.095891983691983818e+00,4.354025254886763285e+00
3.043427332606674085e-01,1.337586661071964667e+00,1.375859765117787514e+00,4.203265691427921169e+00,8.419989970681161395e+00
4.234848696989960692e-01,3.574453424396161427e+00,1.929816137468567172e+00,2.684282447909792424e+00,3.884126798731260433e+00
2.880781394039810261e-01,1.985567398717669851e+00,4.223039112518078397e+00,5.250323681776588813e+00,4.345880379048124853e-01
1.339725749025335588e+00,2.357494437827245104e+00,3.336374127367970122e+00,2.466125010326081668e+00,3.928605399272834919e+00
1.333306573924565752e+00,2.568282066191453605e+00,1.339768092460345006e+00,5.385381146349612180e+00,2.552739631557299660e+00
4.091519405083253735e-01,2.425900808537366338e+00,2.123817433907248198e+00,6.327512597170405151e+00,3.637759046787907735e+00
1.105794057253256968e+00,2.094374062779793544e+00,3.446274888768542599e+00,4.491127446055402928e+00,2.895733471210658383e+00
5.267453592102210314e-01,3.972080736692113589e+00,2.567496052284227392e+00,2.230005757044156933e+00,5.324911881837941507e-01
1.417259735620719274e+00,4.469056580428359959e-01,4.781114210562316558e+00,1.783870970742503115e+00,1.300184020060517920e+00
7.816805524983853060e-01,1.270215902811125730e+00,5.207379449770658475e+00,4.434185562029425043e+00,7.639544421605929392e-01
1.427622998467277249e+00,1.983046319595555440e+00,1.060665295526172613e+00,6.100262963414705197e+00,2.014074197883398920e+00
8.425480689719140326e-01,1.861065913376134029e+00,1.186280486857174576e+00,7.196546023962367755e+00,4.213533212878379786e+00
1.509241133631709531e+00,8.728406879897081527e-01,1.469099951086242140e+00,6.317280226280055366e+00,2.716541607110303680e+00
1.589413047824209890e+00,2.438814358247074043e+00,7.261995480379459522e-01,5.102802373237345535e+00,1.207250853962104076e+00
8.145503795387332158e-01,1.797736341721890119e+00,1.284747568128926432e+00,7.215112214513318634e+00,4.140192275127771993e+00
1.405264718768601151e+00,2.654165873775554685e-01,4.781622533510143214e+00,2.363544706094885761e+00,1.325638458007667664e+00
5.750944444659921162e-01,2.759259986164749101e+00,3.545935508632384714e+00,4.642192171320750127e+00,3.087540632869355539e-01
1.793111095384275266e+00,3.293162540231900248e+00,5.150673348450560685e-01,1.414540431603273030e+00,5.776846376692448271e-01
8.970610993107642761e-01,2.456059604007133856e+00,4.185880704264737240e+00,9.745308098747198500e-01,3.948178593343906861e+00
4.145889779974936129e-01,3.632849780455170485e+00,2.620716986000582338e+00,3.107822370791911926e+00,4.129405298503028288e-01
5.964801138780994050e-01,4.497271034122446443e-01,1.307769863678447386e+00,7.695151612457298285e+00,1.578559185291709133e+00
4.987102384462350213e-01,4.217625966063496712e+00,4.328265029247075346e-01,2.463910317487828294e+00,4.754314282073913711e-01
1.967568633208650386e+00,1.060711198409418410e+00,3.281847983725240669e-01,4.038780959236902390e+00,3.586910536160788365e-01
4.569567365895733091e-01,3.708449896571072379e+00,3.940357467454054241e-01,4.438885044472788977e+00,1.875999082619896230e+00
1.014041644802937681e+00,1.866250120369710830e+00,2.683994465998525425e-01,6.657884586824946993e+00,1.856683892736530339e+00
4.900603295899350620e-01,3.956365837033703592e+00,1.215486485681954054e+00,3.062310109319159590e-01,3.568082054119675828e+00
3.344642449380568761e-01,4.174890834167369391e+00,1.541002259902418237e+00,2.831530427633627278e-01,6.721661123355419099e-01
1.687102860939377225e+00,2.379988161667125901e+00,7.557709856602858878e-01,4.527341563509870603e+00,2.042194047454673367e+00
5.340162974382741679e-01,4.411402515864981111e-01,6.257450921337922800e+00,4.317001594502800077e-01,1.206536384212756108e+00
3.331943507128715676e-01,3.272714403481187695e+00,3.389201167881890076e+00,2.006765309285680310e+00,3.924459771460069302e+00
2.155849391647104429e+00,1.419420266019790322e+00,8.845461711680221439e-01,3.535394498983704947e-01,2.836323762029439588e-01
7.787342973694779680e-01,1.296425429648404126e+00,9.369981319607394443e-01,5.119625572670789992e+00,8.212443366836389202e+00
6.404944644258045994e-01,3.894583031352834457e+00,3.059953938507662841e+00,1.705110609493208695e+00,5.561690109779841018e-01
5.348269369545446406e-01,1.008389452596269553e+00,2.538610691559892718e+00,6.639116164112644825e+00,5.868846903199107068e+00
2.047144760354428161e+00,4.347755672769916813e-01,1.361386240317615126e+00,2.712397348087936866e+00,1.295399761846944386e+00
1.193151069780058249e+00,2.211775684263735720e+00,4.341542422311826854e+00,1.837403342119121818e+00,2.719924618204046407e+00
1.381400089906804851e+00,7.086102153720560404e-01,4.169342851885827095e+00,3.758811154432541102e+00,2.299846197731211517e-01
1.209823216610409036e+00,1.961025237645696029e+00,4.296205794022649904e+00,1.497668853672883271e+00,1.244861660874549081e+00
1.970195889355334518e-01,4.040909188226487814e+00,1.723730902612187199e+00,4.296945049866928712e-01,6.475389553828854172e-01
1.340408127007524763e+00,8.297732007112952335e-01,4.300218970866574786e+00,3.360775436625667023e+00,1.275981900083167364e+00
1.110283986304101411e+00,2.156314877078881143e+00,3.365473100364273495e+00,4.666190007731793266e+00,2.638975666559563171e-01
1.274501372276400479e+00,9.183439758006698428e-01,3.000742657716394479e+00,5.522072104479692101e+00,1.625834998428484557e+00
1.434157403657103647e+00,3.612103356609353000e+00,1.554880106508051973e+00,3.851411984374260022e-01,8.962425398676829857e-01
9.252288434087672098e-01,2.466908976023116207e+00,3.831876003430741306e+00,4.041011387711151315e+00,1.131526583867609625e+00
2.956785730389657751e-01,2.110403977482465443e+00,3.120329410775635637e+00,5.705772643503311592e+00,3.515641539134311877e+00
3.316345850030041342e-01,3.998656368588322962e+00,1.432758711973228127e+00,1.720502224249071954e+00,7.842087147874710062e-01
1.156410681262352025e+00,2.158066307414962637e+00,1.164085405433662235e+00,6.210314501393161102e+00,8.069572534349006565e-01
1.014447504611365680e+00,5.083523801931202346e-01,3.967077422342185855e+00,5.630336694189088220e+00,1.339177434152126311e+00
1.745103432244312414e+00,2.400179248129681753e+00,2.830877513280750879e+00,2.156100474122200961e+00,3.308798359405594969e+00
1.564963687283579707e+00,8.677999105432223637e-01,3.021353697477868749e-01,4.423587172022616976e+00,5.431743498068113851e+00
2.942296578732467860e-01,1.200440647042559261e+00,5.218556009820126462e+00,3.273525001956346436e+00,3.917359480696840368e+00
1.239559244362326673e+00,3.769470915792981103e+00,1.541240194937894881e+00,1.947402822442950932e+00,7.788743864010536644e-01
1.738026222097397655e+00,2.725473560520304428e+00,1.296886798564412135e+00,7.004983986964019582e-01,1.717656289847627971e+00
1.685131720873245698e+00,1.195098838211785530e+00,1.727130087452628304e+00,4.765969944459460095e+00,9.909420747706974009e-01
4.568533766517507977e-01,1.950581007009165369e+00,3.956950171692988238e+00,5.823899227041870574e+00,1.099981890076681790e+00
6.057525320947559910e-01,4.201383109424262408e+00,1.985122007138966360e+00,4.435083376694108348e-01,5.307243520946163251e-01
1.286876520830464887e+00,7.929104595272348233e-01,3.970013361552428677e+00,1.006233344875545832e+00,6.669862064633311327e+00
2.709358906320779581e-01,2.173601956642378763e+00,3.760665511210476541e+00,5.515255098093862607e+00,4.164579424012216924e-01
3.828674735125562334e-01,3.026265419053213890e+00,4.760708885605603236e+00,1.015403388313025346e+00,4.211921710329489255e-01
3.036481950830982601e-01,2.826370496130304222e+00,9.074736610856212193e-01,5.615642032332634592e+00,3.590249265060436734e+00
3.917385724781272671e-01,3.125124442201877351e+00,3.729411298816955878e+00,2.156244014877536586e+00,3.953303084614133489e+00
8.223205225555683118e-01,1.596833494004914922e+00,1.346513293608336159e+00,7.183437817795254254e+00,3.752649024278134959e+00
9.809686570840602249e-01,1.859700872640425162e+00,4.537376175408907031e+00,4.471640823730623993e+00,2.374163409899833876e+00
8.830369191300120324e-01,2.330078844999489363e+00,1.225148337311673830e+00,1.585105630418711220e+00,8.281029150426507002e+00
3.226451476529593188e-01,1.648478216016315390e+00,4.068306469095269051e+00,5.951802818986419830e+00,4.631749233455812464e-01
3.941021938833785820e-01,3.904056142981456201e+00,3.037008825931213796e+00,1.682165496916759651e+00,5.332238984015349459e-01
4.062399172333572284e-01,1.833452499204690778e+00,3.876456840012410865e+00,5.930751797582353824e+00,4.558641497227341466e-01
3.453031860307224088e-01,4.274836421185424840e+00,2.982862340091663178e-01,3.143379503222593074e-01,1.170756957555259881e+00
1.227359738432575398e+00,9.666920798824412131e-01,4.220779853791343683e+00,4.022296304619324303e+00,1.622267174384113275e+00
3.290786061151476649e-01,2.938024050689682198e+00,1.068015047359808900e+00,5.721537966950495324e+00,6.224229295366960901e-01
3.012874742741770140e-01,3.287555483022565728e+00,1.193243155969406999e+00,5.002428482717431457e+00,4.193901174781650698e-01
1.113246054838335386e+00,8.022194696907861688e-01,2.620745091679769878e+00,6.177275228922019856e+00,1.833956629116744619e+00
7.130042003658416672e-01,3.874511569582900217e-01,2.003936582009830047e+00,7.689105811485200448e+00,1.042347378596632845e+00
2.210048516700929611e+00,3.893990362767114632e-01,1.906008588407168469e+00,8.758285483338812405e-01,7.765621796516612996e-01
9.502685564651460748e-01,1.015576043052227595e+00,3.595517047102451347e+00,6.334062196632377351e+00,1.494415963622953480e+00
3.215869285133938771e-01,2.651474037404492279e+00,3.561434202785445979e+00,4.544139525260961321e+00,6.235162755940519830e-01
1.505265815397973661e+00,3.121799359192584333e+00,1.397473131791399092e+00,2.116845352363704857e-01,2.767635852779353201e-01
9.213253259276166229e-01,1.065560802864085943e+00,2.517370772504637255e+00,7.043572558053255328e+00,8.409154122209854254e-01
5.732118592626413989e-01,4.804139172030194027e-01,6.291833380449179280e+00,3.713008524911169950e-01,1.345306083510864781e+00
5.626863470697494041e-01,4.350085611773743643e+00,4.913499959966326491e-01,1.850002990885854626e+00,4.811523221370569425e-01
1.950542863815181716e-01,2.688210305127865851e+00,2.604609594016734642e-01,5.857560510826131939e+00,3.294797870986949206e+00
1.383682352461548026e+00,3.262249936896631564e+00,1.469448656849882129e+00,1.245059481385855316e+00,2.110122129434605309e+00
6.466363895328189892e-01,4.110793391938650565e+00,4.001799456413043798e-01,2.657006415248121201e+00,4.895698700659323332e-01
1.952451300732877426e+00,2.107879172377791654e+00,2.645976341541196764e+00,5.347986352142209965e-01,3.816094688371752142e+00
7.129397239828144661e-01,4.245232995572955303e+00,3.832788411928012007e-01,1.355394880284767956e+00,4.871686249257093371e-01
1.434732436650994369e+00,3.391743840132702470e+00,1.028655329767159010e+00,4.374401770026022374e-01,4.416498251153941013e+00
3.948526043256124218e-01,3.777554145627912696e+00,1.517479777384141526e+00,1.551219821398885035e+00,4.133363469808507773e+00
5.439268856648578065e-01,3.555355556361714964e+00,3.536158591204987101e+00,1.776641039465491678e+00,1.192197914126542413e+00
7.249848294512741820e-01,4.239470217314806888e+00,3.681155799951300045e-01,1.352491049161086423e+00,4.998832737036300600e-01
1.499261699693106964e+00,1.164868923140231383e+00,3.204971622113322871e-01,6.061995077440673896e+00,1.664087586111276051e+00
5.964486718158947820e-01,2.710023221550010408e+00,7.035345802715732288e-01,2.342056060251749727e+00,8.301419966849357124e+00
5.506676998339958828e-01,3.833740591757389016e+00,2.725694038260530583e+00,1.659827365458332205e+00,2.237330561188701328e+00
3.519094635707792351e-01,3.961479324150293913e+00,1.430036522558077783e+00,2.302111383372972941e+00,6.617260516168610440e-01
9.676222451193003948e-01,1.041851529770398965e+00,2.799945678235729929e+00,7.135889488409486781e+00,9.217270834790491918e-01
1.321603544569353250e+00,3.261298959327620928e+00,6.703686297615230050e-01,5.518940346453868884e-01,5.152533280044094610e+00
1.231772108417438671e+00,1.999836306046121281e+00,5.085835115935184447e-01,3.912196609463457708e+00,7.341067564818251512e+00
1.468047856717164867e+00,1.071084514419027522e+00,3.383706399123674879e-01,6.339959092309856992e+00,2.256471676550145133e+00
5.835578742454223811e-01,4.006304317217880495e+00,5.436773951767641666e-01,1.577202790069064609e+00,4.995102117460191060e+00
8.358330613315685387e-01,1.408289324750104488e+00,5.143172290570580785e+00,3.917043231746110354e+00,3.350977388032203019e-01
1.054320859943576716e+00,1.888530004359171288e+00,2.274060018631833380e+00,5.975400606183187691e+00,3.435799101948021850e+00
1.539573859784070464e+00,2.877975376987174094e+00,1.617978408092203058e+00,1.556368326192884233e+00,3.760209487175141252e+00
5.968487937126480958e-01,2.608543838691188554e+00,3.916076827200834498e-01,6.236968991660446271e+00,3.431141596878203526e+00
7.773795869258290914e-01,1.221946748704728858e+00,4.790829215782568262e+00,3.121505909440305704e+00,5.647170099994459846e+00
1.014602983875076525e+00,3.540403690418658655e+00,1.567622559818723893e+00,1.661460547579024283e+00,4.185351294655997201e+00
6.258350102481928801e-01,1.175202686232227123e+00,6.126473993724214751e+00,5.886366954982880095e-01,1.889473803684109221e+00
4.417095512662164158e-01,2.331459176253188659e+00,2.997216869131784645e+00,6.150269459017110307e+00,4.828354779345758740e-01
6.329859903495105300e-01,2.326267376511974572e+00,5.071319669342915226e-01,5.389143174073384834e+00,5.208251377850482200e+00
4.423155093586427222e-01,3.412432409908030095e+00,1.146517427378332954e+00,3.308778968848913316e-01,6.487203507094164934e+00
4.932627938796525502e-01,3.716698075914264709e+00,1.050162128499414038e+00,9.077787129841097258e-01,5.819348335903166358e+00
4.808455137757696729e-01,2.457315451284995511e+00,3.984580623224316387e+00,5.389483750288387220e+00,5.737481064166114475e-01
2.308184668313210397e-01,1.851292160696894840e+00,2.607603456916382179e+00,5.791277968946985766e+00,4.444935629947282862e+00
6.852578313383812514e-01,3.059871650045706826e+00,4.062581314018721024e+00,4.371369503675811008e-01,4.695677225267779420e+00
8.501665397012484471e-01,1.390779736966394564e+00,2.523565262621170646e+00,4.229714350690920277e+00,7.739082500384037999e+00
1.250346208906017331e+00,2.278031047531837494e+00,2.448141810132264062e+00,1.319948293875090606e+00,7.131848942465777164e+00
4.197121388393765251e-01,3.028931817179932651e+00,3.866723568235026942e+00,1.562282687224653799e+00,3.851122647421350909e+00
4.879564668366709879e-01,1.262929181535796808e+00,2.773708810033128191e+00,6.900604026611222963e+00,4.123932416829615200e+00
6.539664824032631607e-01,2.820146181276543818e+00,2.792072828707727883e+00,5.249658223303215188e+00,5.066831213431967074e-01
5.914566275704923326e-01,5.426242102151772606e-01,3.730516262008297002e+00,4.852717230942696358e-01,8.861409553916944404e+00
2.188152346654410052e-01,1.608463917274023824e+00,3.241367200783352498e+00,6.289213813144776566e+00,2.303816120025039549e+00
3.187298111070801521e-01,2.459121631146998777e+00,3.467898711660682753e+00,5.116737100754851220e+00,2.627455470382830338e+00
4.951239154927286057e-01,3.116432269563507607e+00,4.079392454312281480e+00,8.518501195716853269e-01,4.264871778239854194e+00
4.988206430083489407e-01,2.393793837100832711e+00,9.254798718765444576e-01,5.804352526370071708e+00,4.458010187370368804e+00
4.164574329587183987e-01,1.985783826577749656e+00,2.582694642606965907e+00,5.876420683583525317e+00,4.530078344583822414e+00
1.794511464263450318e+00,3.216531243110391181e+00,1.193214493881451510e+00,1.413570194729521168e+00,4.716473704345536255e-01
5.035942034138116696e-01,2.470756909791998357e+00,3.855472993820286298e+00,4.615799976425154050e+00,3.522195489928926504e-01
5.193929405531949595e-01,3.207231778495825747e+00,1.119458040795182185e+00,1.893339456060170622e+00,6.607066559478568912e+00
1.156158412409576952e+00,2.981497860192433791e+00,3.711998739445687256e+00,2.749893067126203405e-01,8.355762427437019024e-01
3.362699435718550234e-01,1.042622088041011974e+00,4.628864889077820344e+00,5.723103206004681809e+00,4.695470778909203169e-01
5.143955465040077613e-01,2.679810902623261271e+00,3.614395749718610329e+00,4.354080626897359529e+00,2.420673732989648552e-01
7.447106322946162038e-01,1.502318078754443453e+00,2.765209672685426057e+00,5.659247150751428812e+00,4.380345167674379425e+00
1.095708239798671935e+00,1.430324697925732469e+00,2.574224880907377333e+00,5.550370816246383399e+00,4.127272241796687169e+00
1.327556690787604410e+00,7.336667108187925335e-01,2.517964329727555017e-01,6.707156953573639058e+00,1.014481559730890714e+00
2.181061250051647082e+00,6.233035482282920370e-01,9.068614649535948757e-01,2.266479485807328498e+00,5.107727940152826385e+00
4.677194708997405859e-01,2.987370577109254022e+00,4.075923300481044009e+00,2.174042270796830767e+00,3.865592958722380068e+00
1.124342496579544992e+00,2.407880477561367805e+00,3.315591461602704459e+00,5.268134797225503263e+00,8.464906267094467474e-01
1.297259024695626151e+00,2.417615063461520553e+00,3.775663481559479173e-01,6.029480469067006077e+00,1.308457382169040173e+00
4.048110523495836444e-01,2.393580099598494382e+00,5.473788025113321076e+00,8.823815166939907861e-01,5.051970224137964927e-01
5.650814193989922574e-01,4.366691255423975626e+00,8.446376313047415652e-01,1.410512986616663689e+00,5.736571926826354861e-01
3.070677544603281905e-01,1.875499153769379257e+00,4.360097228821870452e+00,5.268789889605049126e+00,4.530542457332732420e-01
1.403016202805623003e+00,2.719005849250357265e+00,1.649498793593438428e+00,1.804303721435193797e+00,4.978869340446532732e+00
7.221716075796864587e-01,1.708884995018923103e+00,3.712575689177505911e+00,6.205920805902984227e+00,3.792351232671969941e-01
4.915102954754780873e-01,4.125530513462874471e-01,5.309061689759738023e+00,4.587685104892681665e+00,1.376895505911076789e+00
1.865630353056662472e+00,1.017596050860019030e+00,2.820074197948243544e-01,4.166049124371264512e+00,1.998555251667596178e+00
3.162926606723885925e-01,3.386916782857387620e+00,3.382234150362093850e+00,2.587221553548185726e-01,3.558545728234999928e+00
4.576964744837251353e-01,3.318137039547532030e+00,3.319402634678014330e+00,3.529390365913426253e-01,4.798097008276371866e+00
7.864035349616327331e-01,1.469433962652437975e+00,2.940825102320490991e+00,5.982689573142525141e+00,3.496185486321255809e+00
6.425296238054998277e-01,1.072398180109813026e+00,6.017328594981305123e+00,1.287666408880111746e+00,1.184844652138589804e+00
6.420923019158055745e-01,2.434104134272471409e+00,2.363754588738876006e+00,5.801164551315522999e+00,2.890857722361508841e+00
3.958595095720191526e-01,3.872156849901012166e+00,1.565408767441657911e+00,2.598266344604087119e-01,3.792867936952094343e+00
5.794360650489486231e-01,4.128013423324579101e+00,5.094568710829343594e-01,1.377865415326011700e+00,4.145633174153251055e+00
9.854477964209007457e-01,1.917743895546516919e+00,2.366563928903911318e+00,5.640773681078961488e+00,3.727450650676775723e+00
7.342536759014126613e-01,1.328176625521111598e+00,3.692278964289230636e+00,6.041501456434186679e+00,9.309966546092250939e-01
5.718073937251721972e-01,3.342027860373635306e+00,3.393375876973622862e+00,2.806879550214969044e-01,3.672293741415837420e+00
5.698746833542562840e-01,3.111010074261296943e+00,2.248473023134960336e+00,4.317670983414379826e+00,4.426607787467616184e+00
1.245980167745009526e+00,6.507251623162867427e-01,4.389057371336785529e+00,4.616988064245988177e+00,9.929944350760029348e-01
1.406755489774667689e+00,2.491590775410837288e+00,7.165400716030281281e-01,4.836103918852413308e+00,2.969059904186904575e+00
8.025368745961237726e-01,2.234131855925010512e+00,5.204338988714526160e+00,4.375720043775946366e-01,3.956340556649151630e+00
7.660751044783293828e-01,2.160071237287314538e+00,2.959726326011394626e+00,5.913776592765459306e+00,2.767090592623725254e+00
1.889759770584568566e+00,3.875268354428879625e-01,2.138115593846300344e-01,4.229156118716414170e+00,1.614062431328448621e+00
5.954834009705325393e-01,1.455610109233221205e+00,4.266814318672952133e+00,5.441525497314452231e+00,2.387933694136548990e+00
8.432471725178073418e-01,7.656903247396075196e-01,5.074158235754473445e+00,1.079004115745068715e+00,6.423671246924620881e+00
7.054394352948535341e-01,4.245212901252013893e+00,8.302183677994871003e-01,3.456758533403613831e-01,7.991289853705239032e-01
1.404533590208718152e+00,3.187781112287354723e+00,1.174520756851915815e+00,9.588908309862796964e-01,3.824157132780172219e+00
1.117659272199687415e+00,7.369763210197853853e-01,1.767926015066853651e+00,6.086671207772592851e+00,5.354045637186351847e+00
3.627262301368157082e-01,3.510586155726036495e+00,3.627105873895760446e+00,1.681853015067083845e+00,2.259573856324613050e+00
3.975058548128724834e-01,2.912610856081538357e-01,6.181538462376137133e+00,8.055563115125765616e-01,1.340381509893041612e+00
1.246620227713022278e+00,2.291786896094802017e+00,1.547826571448699617e+00,5.926030864395162467e+00,1.893642640847019054e+00
4.114160697575045544e-01,3.468984661629425759e+00,1.237308696738006475e+00,3.756154931023441002e-01,6.502584616146107166e+00
6.800548089157695264e-01,4.075854853127997224e+00,1.781699380748344552e+00,3.787897828946565904e-01,2.818714452663927172e+00
4.189694648471171678e-01,3.935975778742593079e+00,2.045571464241311865e+00,3.970760960111682225e-01,3.645365268012804361e+00
1.524229553157043782e+00,8.938953991117791764e-01,8.057613352103665250e-01,5.095987148166634562e+00,4.280807613775955645e+00
1.964367121757735646e+00,3.806083851746319136e-01,2.782252106897529220e-01,4.298447835237671377e+00,1.786414942718392851e+00
1.334368836403832859e+00,2.528720145763672544e+00,4.117867218926830830e+00,2.015581474894455383e+00,1.333427841623697319e+00
5.788758928453662245e-01,3.494738297023441298e+00,2.042878606258127228e+00,4.565430138610755861e+00,4.595260894214406311e-01
6.748111020254757841e-01,2.816468889501936079e+00,2.170331906040989356e+00,6.311966748961344464e+00,9.178732448931530286e-01
1.604968957022498532e+00,2.861926973136011298e+00,1.453995579913532010e+00,4.512285222841544430e-01,6.494786155185748866e-01
1.133504150553389156e+00,1.700607851365173451e+00,4.816753215024481172e+00,7.648602105582638089e-01,1.257566804510159564e+00
1.430483757624338326e+00,5.862929107076126911e-01,4.197637076346143026e+00,3.712411148152923168e+00,2.199330623835375587e+00
3.260616049245443904e-01,4.007952809622367774e+00,8.713996599975533108e-01,1.861338196026284031e+00,1.767064227338101645e+00
1.952565648958659306e-01,2.539697727651961223e+00,3.158996244721002711e+00,4.941938941235678229e+00,2.503930734484054454e+00
5.005456028533658008e-01,1.515202332317515888e+00,4.471257523648499266e+00,5.074929312030585393e+00,2.018856757322472717e+00
6.127513804340660730e-01,2.780112876781528186e+00,3.744803870530370116e+00,1.336195391894949402e+00,5.718305505866850602e+00
4.404604251536555770e-01,3.819922242346838637e+00,1.667880456088799868e+00,1.047212305242886110e+00,4.323104142076616974e+00
6.057141144288853418e-01,1.089090215883511625e+00,3.101516068922543390e+00,5.417713011630528541e+00,6.781768259310437585e+00
1.321246597541756440e+00,2.053224000064874044e+00,1.808650845373255267e+00,2.737947707335438352e+00,7.699913083342121212e+00
7.084055424198760775e-01,1.580558115634572269e+00,3.534029084448040869e+00,1.376379029251277419e+00,8.293218444256673649e+00
1.424340913746122927e+00,9.210316609200301929e-01,5.189365163074031173e-01,6.122148144917590962e+00,1.600412792957298658e+00
9.927017150804944290e-01,1.822382815816523394e+00,3.072180446036840706e+00,6.060939132684650232e+00,8.471170402699108593e-01
5.954997429959720812e-01,6.071425279477620229e-01,6.127410030058177526e+00,3.938071939943684208e-01,2.705318360107109577e+00
1.021779793092205679e+00,1.920328609491841254e+00,3.087924877836763837e+00,4.159186430152653102e+00,5.476316661459978974e+00
5.014703342084060322e-01,2.765301690766103881e+00,3.832031016829260395e+00,3.687750863030569093e+00,6.129673530774070178e-01
1.514081542803902503e+00,2.913883209103822480e+00,1.255168435218756429e+00,2.628048655395737399e+00,2.931241838725888171e-01
1.037173573178052921e+00,2.233646040764798890e+00,2.944026792547303817e+00,3.896626406267560849e+00,3.819992424118169083e+00
5.284369591179871595e-01,3.369579095321797446e+00,1.687468430652774298e+00,2.120087395126958096e+00,6.408152533387229788e+00
9.869400258029144002e-01,1.855828322595550528e+00,2.924690900833879947e+00,5.973590089092821742e+00,7.692176425683300289e-01
5.254170199852183920e-01,2.315872001151661586e+00,2.566173164292393061e+00,6.016030832543417972e+00,3.602605480783624081e+00
9.909528521129010725e-01,1.804972664631354640e+00,2.924314103489964456e+00,6.272680336159527137e+00,3.404768325548774288e-01
8.688696528210664294e-01,2.421747076100400964e+00,3.111145213479610483e+00,5.949263743911595625e+00,1.296985463946749739e+00
4.683608130679432491e-01,3.421585102773103682e+00,3.540424846590942476e+00,2.223915029506812413e+00,2.006652848754803653e+00
1.138089933943193355e+00,1.960054194122125892e+00,1.286259317529741431e+00,3.314034426516572207e+00,7.759883754437447934e+00
1.177205364700679713e+00,1.988898469361258581e+00,2.537901635932453992e+00,4.480081860179154774e+00,5.405486919567670689e+00
1.056483567991737482e+00,2.461618830226684373e+00,2.464270211935394583e-01,4.923709710508871851e+00,3.900224452008551612e+00
1.479851870011690718e+00,1.717179496841892750e+00,3.375226309690857018e+00,3.510032893950193689e+00,5.231719851485470585e+00
3.521988313327650832e-01,3.164741743696720899e+00,3.400378908854770454e+00,2.873075991490448455e+00,3.939385148866644482e+00
8.862812363428042017e-01,1.423940792583280768e+00,1.258934704639935287e+00,2.315609643759233283e+00,9.221190341072718510e+00
8.128876847591453014e-01,3.768971274635067203e+00,2.238013534216884981e+00,2.366225603650805587e-01,1.473194280105535103e+00
3.197517090395791128e-01,4.227227107030181230e+00,9.025620103381923887e-01,3.142455379739335086e-01,7.226069518196649444e-01
6.548212463268929806e-01,4.040071156637902838e+00,2.496743298149659118e+00,4.148809121950882695e-01,2.286902007272353821e+00
1.332846449616333917e+00,7.552042972126309373e-01,3.470588660067654985e-01,6.657018447851155152e+00,4.655084338746399153e-01
2.037189971702830782e+00,3.441731015592586762e-01,2.893623273939741836e+00,1.078406283729120174e+00,1.356103058976627640e+00
2.078679447275428416e+00,1.066312683844271358e+00,2.350084832250942946e-01,1.094675997401665990e+00,1.589327573350795442e+00
5.426569039941526729e-01,2.535990155705101667e+00,4.670930383447053913e+00,2.845699100778428026e+00,1.404848947057194763e+00
1.606969366589519277e+00,1.515384324194564369e+00,1.306881352435376398e+00,5.358101280118936494e+00,1.692639350917126695e+00
3.991500036999043877e-01,4.112780240572735835e+00,9.489201216615419376e-01,1.766349431886892418e+00,7.282328072751765857e-01
1.595416324590319235e+00,3.203628654303901868e+00,9.147288195358218577e-01,3.244800610372475802e-01,1.484781039220017362e+00
1.992673286452010251e+00,3.209083387442246860e+00,5.356782995101166955e-01,9.083785707008653620e-01,1.615389749264761310e+00
2.473785706108262428e+00,7.217268940472724159e-01,4.896583843146248838e-01,8.591856618553079805e-01,9.293801328514279536e-01
1.293428977092987431e+00,6.568574678345187046e-01,2.220404584783778890e-01,6.649827358543283218e+00,1.513393601571714431e+00
9.830815016018016328e-01,3.815795760669736580e+00,2.371559636778637792e+00,1.354106021541316984e+00,1.312783639659327317e+00
1.555719302743429955e+00,7.644822610572568067e-01,4.327692990998779798e+00,1.729859260188313597e+00,4.017230991590196254e+00
1.238240980346144049e+00,2.503405637981464427e+00,2.395721282359202231e+00,4.395565501744297165e+00,1.459600245322570489e+00
6.930519413182986144e-01,2.950579519268753614e+00,3.387907819833303247e+00,3.284813970446600173e+00,3.812944008864318057e+00
1.946309178182117794e+00,9.589614410302521597e-01,3.391081465219255020e-01,4.325588412331764054e+00,1.258916616580350700e+00
5.602890934514173082e-01,4.038066094932291961e+00,1.510067622494190909e+00,8.853734797347065921e-01,2.353180843062645522e+00
1.313296568320358126e+00,1.298654694312394664e+00,3.617739878425845212e+00,4.585968680310497092e+00,1.313311729260148386e+00
1.428597429115730844e+00,4.361551296810805001e-01,3.929004301163359969e+00,4.590710906586275009e+00,1.188628686772936538e+00
2.426750236215490020e+00,7.577961948095787159e-01,5.337823436804461918e-01,2.987734727951480984e+00,9.768375045112405175e-01
7.570999362282970768e-01,4.367980523813941862e-01,9.254783674703633833e-01,7.716823327890903528e+00,3.688352641048944225e+00
1.663930626314065186e+00,4.645027463063833850e-01,9.172965901390432997e-01,5.593371546963973096e+00,2.836080718315342697e+00
6.205908847375675164e-01,3.162606809892947179e-01,4.497932402532031304e+00,5.733871394237649355e+00,1.793916219040579296e+00
1.290119617059918733e+00,1.315112535890312850e+00,4.540000200127101593e+00,3.753588591498364657e+00,1.398762469769008643e+00
3.736035351706627483e-01,3.405045137753055506e+00,3.946429651184213405e+00,9.211388215033586846e-01,2.236579334545794051e+00
1.105011118434327422e+00,1.974320796010620604e+00,3.169690159689227293e+00,4.961044917966190404e+00,4.438788222541623973e+00
1.209071873502435279e+00,1.505204103216929434e+00,3.439219109045375533e-01,6.204441310755418826e+00,2.056541851357788442e+00
5.227890365510370341e-01,3.666042869708770358e+00,2.880219903308127272e+00,3.953214338328210342e-01,3.847343223099325193e+00
1.440110033413275037e+00,7.916344601399459835e-01,5.362103563030681030e+00,3.815261868449835725e-01,1.339534384080585339e+00
9.487068461972045785e-01,1.799842642648853186e+00,2.083954055999037436e-01,6.562119884068576603e+00,2.099172040589042165e+00
1.374518607486516775e+00,8.909398620975138572e-01,3.353857402467228521e+00,4.387119841174521362e+00,3.077615229732042934e+00
1.139360648646304597e+00,1.633098240465666429e+00,3.239707225243031896e+00,3.443073690258034780e+00,6.692198506616869658e+00
1.616723451315835947e+00,4.115837097454804749e-01,2.593353336811819343e+00,5.786858157131375080e+00,2.341768952459873709e+00
1.344606710293121399e+00,9.442461054214786875e-01,1.832928855300144821e+00,2.889468043452270596e+00,8.648938913103783932e+00
1.071267942082607449e+00,1.644775624984425866e+00,4.055113747026624971e+00,4.081530831934935044e+00,2.882284524301786721e+00
1.293782059890579594e+00,1.281625656379520972e+00,5.743416036056796514e-01,6.390171392611986301e-01,9.319420963512708767e+00
2.874251545155077081e-01,2.703325646106081059e+00,2.792736473088655025e+00,4.853455910678349028e+00,3.734472977721428943e+00
4.138840110519854121e-01,3.632814960908610669e+00,3.525151867261631988e+00,2.948965051708885010e-01,7.483496372010509656e-01
1.057619925852683052e+00,1.953690370146720756e+00,3.491530459277053300e+00,4.763482895955797325e+00,2.433346167800097271e-01
1.040484008887595069e+00,2.028019992267364735e+00,4.871340657053685241e+00,3.850594132554503446e-01,3.837081202521954282e+00
1.845853364911234529e+00,4.139194703420212007e-01,1.432986551246601348e+00,5.029235831213606289e+00,1.386603106039287603e+00
1.029821668682159519e+00,1.161657135228283844e+00,3.498761386213377289e+00,5.479154607914077602e+00,3.593708486844779948e+00
4.574504009607094912e-01,3.872128416323942446e+00,2.809021253994194112e+00,1.354647800018619952e+00,1.608813754516650985e+00
2.216039174747561069e-01,1.983169717086136430e+00,2.048364064070095303e+00,6.272804313330292203e+00,3.836022577924620425e+00
3.464506830901810108e-01,1.899710106425527956e+00,3.327815990573073979e+00,5.564099878914305464e+00,4.418622996753322596e+00
9.998822980778183656e-01,1.986916603590930253e+00,3.955183043037914903e+00,4.622689080354524194e+00,2.892509723207099537e-01
1.193330998196495241e+00,1.330084169664210947e+00,3.864224847676867469e+00,4.571453781238263403e+00,2.973472253109602725e+00
1.328700898873196756e+00,1.893059753099906484e+00,7.721218221189489750e-01,6.869985285184762702e+00,9.288573174836689539e-01
1.485148807105806767e+00,4.103449798147641658e+00,9.165845820867384308e-01,9.580704655237644030e-01,1.316237855582746530e+00
4.450670629052240201e-01,6.825068412199414292e-01,5.279676033618971864e+00,1.663714128757980193e+00,5.149887627634472942e+00
3.506887103547186024e-01,1.980756695207737117e+00,2.041084397888723867e+00,6.646073221301818990e+00,3.897836776205847453e+00
6.603408176385443529e-01,1.914899874105610689e+00,4.165205770853782852e+00,4.075921444964457407e+00,4.737890828559866208e+00
1.639211945664108327e+00,6.809104589062068280e-01,7.576995138907804961e-01,1.058571965651191604e+00,8.734411564154655139e+00
1.596040159025410077e+00,2.272090685323930437e+00,6.341705814747464753e-01,5.208733140670197770e+00,3.750501538932878187e+00
2.710203634321216026e-01,2.066449771357909526e+00,2.637849549719117448e+00,5.712622718996491322e+00,4.382026152226297100e+00
1.122256473397363230e+00,2.050078803127937555e+00,3.854305856520812590e+00,4.673378593257680791e+00,3.718111312162667437e-01
1.478632564036664210e+00,2.217672821783118309e+00,1.963027324542687468e+00,4.550748775833683979e+00,1.943577454648223179e+00
9.727320338077106721e-01,4.868413083329657942e-01,4.534639330504610655e+00,5.529235951148757877e+00,9.193822379736646955e-01
8.468927139737938425e-01,1.535154725397321007e+00,1.888016228711171474e+00,4.274068461005025021e+00,7.893390431764816029e+00
3.098718138899037022e-01,2.223438243489831212e+00,2.716808587496591709e+00,5.471822814386278822e+00,3.711700361934143988e+00
9.953635139725843795e-01,2.168805784887442023e+00,3.438002387352969258e+00,4.549551320533018917e+00,2.185370331767232388e-01
1.635406631860028881e+00,2.770547301935655793e-01,1.142203980403320163e+00,5.688861445468760714e+00,1.316224715516843613e+00
9.606184148496885733e-01,1.134543870642793495e+00,3.524659463724390207e+00,2.778650303966642365e+00,7.083943966325229269e+00
1.365107117734684739e+00,1.388514095241754731e+00,1.380299076683488835e+00,5.444113695518041141e+00,3.970778390197956753e+00
5.178464347674214263e-01,1.651564087614429743e+00,1.868001555777380807e+00,5.453398537260687462e+00,6.097944112285877516e+00
1.944989855873620277e+00,3.829854133419373086e-01,1.389420200237535319e+00,4.562960811084797896e+00,1.791865966417303113e+00
1.767969330861455468e+00,2.529586849317857045e+00,4.149142480151651213e+00,5.480166153252912231e-01,9.767035050264007978e-01
5.676242874124202142e-01,3.258807892515249272e+00,4.130352787686025096e+00,1.311995620409195595e+00,7.529799737226952061e-01
3.403680106649555892e-01,3.169417314477901648e+00,4.085174692973523314e+00,2.378245094833461859e-01,2.261345764057352881e+00
3.883875852947281104e-01,2.248756423726782305e+00,8.608328021141606889e-01,7.260030486903070290e+00,1.536401139999856280e+00
1.086131153579255493e+00,1.981134203405230831e+00,3.211833980202543515e+00,5.549157962355268481e+00,2.294131015163615395e+00
1.948339910554156340e+00,1.169053685754861460e+00,1.546393420369458926e+00,3.970598173247581020e+00,3.116379824993922298e-01
1.688544330390148840e+00,1.921931883794103069e+00,1.270318814107889605e+00,4.716094205899986846e+00,1.187371915459072280e+00
1.195603499821869642e+00,2.052571105853511213e+00,4.163039275455957089e+00,4.151350885847350902e+00,1.894505426184781793e+00
3.615444656998320627e-01,2.462230064798013984e+00,2.864107799675067678e+00,4.186241335696085031e+00,5.607646275371697797e+00
1.820805969895913812e+00,2.958379214423951353e+00,9.856236575571087899e-01,3.593490352226459961e-01,7.789645694331344128e-01
1.396702978300508491e+00,2.507630614248450129e+00,3.767945028337446267e+00,1.948487671230173746e+00,3.037438288421560717e+00
1.283109390772207314e+00,7.223796536784004019e-01,1.438415317148037387e+00,1.682498430560469993e+00,9.782036495474843107e+00
2.079037021176786570e+00,8.124666145668215655e-01,5.592321752001140345e-01,1.439498769509350184e+00,6.735487565301934154e+00
3.125330667575570431e-01,2.096227948490932746e+00,3.016344109066064316e+00,5.559024105129886983e+00,4.270756853199120684e+00
1.641632251814307386e+00,2.827097080938615892e-01,1.148222406497368731e+00,5.696789917075636644e+00,1.283153139450179170e+00
1.337536768059355063e+00,1.430349091329787159e+00,3.509933002417344738e+00,4.584832471027200818e+00,2.492364575891805045e-01
1.437678352606775345e+00,6.102332210838513626e-01,3.466820552945786282e+00,4.983268030308491525e+00,2.799490166404912661e-01
1.056076649382777344e+00,1.930335319429324348e-01,3.522138135549044424e+00,5.614331500653748641e+00,1.240961810959743339e+00
3.296644668656060206e-01,1.643995890464455600e+00,3.333402565792614514e+00,5.512741399915229046e+00,3.799223989915587740e+00
3.411473980798124250e-01,4.082122988456463375e+00,1.458523475225058874e+00,2.008784729891988086e-01,6.284348771546783841e-01
1.235091247837749595e+00,2.813307324138770937e+00,2.152561314821922256e+00,4.425614421427060963e-01,5.827082911034673351e+00
3.704901368024706709e-01,3.090415308348736900e+00,3.258687913056427021e+00,3.894391997161277708e+00,3.420067580495539161e+00
4.577287370899509322e-01,2.739241077450108808e+00,1.249897399596206604e+00,4.459346156212561141e+00,6.378906259988612604e+00
2.804982154720286891e-01,2.252740574849846578e+00,2.771736406591724489e+00,5.618018131726198128e+00,3.839894177666497654e+00
1.093053726177754426e+00,1.861463438500796208e+00,3.931979550845239757e+00,4.895911363204684896e+00,2.250410504173433690e+00
2.071190002467226954e-01,1.324666367447422388e+00,1.569298470877547036e+00,7.347712504673478584e+00,2.666784975846297367e+00
1.034407155169013492e+00,8.767597789725114499e-01,3.233530492681080837e+00,6.383931025432305617e+00,2.000060347541943617e+00
2.310141136525483141e+00,7.693973105640860011e-01,6.475302172784513921e-01,3.594995571913770505e+00,9.016734483747705919e-01
4.682499000661006772e-01,3.433606587070851202e+00,1.023790336301262816e+00,1.840359427142643334e+00,6.377181843370624215e+00
5.232710811204343004e-01,3.129382018264038834e+00,4.248598502054627968e-01,6.093699887062103748e+00,2.258430869447065614e+00
1.762988858100807965e+00,3.261946763253951609e+00,4.105564655226429660e-01,1.213150380804352446e+00,1.683349951307830938e+00
1.521068449065220651e+00,8.355718358409502944e-01,3.561638158697316925e+00,4.378552575429572435e+00,1.144829948724359836e+00
4.918922616228560418e-01,3.456764731534807122e+00,1.330772884710361925e+00,4.811816018130754991e+00,2.097139976436813491e+00
1.098350279733474100e+00,2.670542527499851548e+00,4.029950680857071532e+00,1.554188721654165661e+00,3.997458620594755541e+00
1.280297228621798844e+00,2.759541314136342738e+00,3.091639602908727635e+00,1.992793636294397097e-01,2.495158915166391989e+00
4.650713825421292635e-01,2.806683342234015832e+00,3.364929753852061722e+00,4.111648928556492777e+00,2.362011998402192781e+00
8.368704685646468633e-01,1.629117665120548342e+00,2.361098425737934825e+00,6.347322667540908014e+00,1.663383789127156787e+00
1.056547933311979826e+00,1.591960792464027996e+00,2.213767437329748677e+00,6.101153118692933752e+00,4.629292931832804214e+00
3.030825117153755355e-01,3.186871377796559823e+00,3.578575451147356201e+00,1.750411007314020218e+00,3.906115048944402535e+00
6.183388438080859029e-01,2.923901846743271360e+00,5.978271321855990195e-01,6.489269381941193515e+00,2.099646091636112377e+00
7.491369948735742135e-01,4.175248106894272837e+00,4.425051720574310621e-01,2.462950108167985430e+00,2.092009715143333892e+00
1.123754616334132539e+00,5.083394238398409870e-01,3.251362389831625954e+00,6.054116988670198651e+00,2.057250260700033362e+00
2.806631506038246848e-01,2.556789668437878138e+00,2.651129914915413721e+00,5.535628476755795724e+00,2.883547009695620833e+00
1.777227885107001804e+00,3.279974488573886848e+00,4.213771454841362396e-01,9.970617443611892172e-01,1.694696944957939877e+00
3.506087556847139464e-01,1.731137425460068213e+00,2.069767610808604275e+00,4.133743112244758322e+00,7.725001433099427217e+00
1.521855660096647078e+00,3.885562358253364379e-01,2.817379048969792077e+00,5.802470900017755007e+00,1.429101210323749704e+00
6.361520030113172464e-01,4.052222636950449264e+00,9.547118471901490100e-01,1.037733596953972937e+00,4.763604264371410046e+00
1.378797662755580689e+00,4.709359432885337204e-01,3.256711436136541682e+00,5.784396277508802697e+00,1.411026587814796951e+00
9.961244319427118299e-01,2.026069205057435152e+00,3.757632293137193269e+00,4.517141696157538355e+00,2.942910578409993594e+00
1.232306758044142247e+00,4.290133228359296336e-01,1.252487974840504448e+00,6.911720370714879991e+00,2.051722685962485748e+00
6.784783499756781300e-01,2.846125668781480655e+00,9.890927748689095633e-01,6.421962272927340676e-01,8.666988344284375145e+00
1.567966245751284848e+00,3.896365552515935748e-01,2.519081667327832452e+00,5.357159365030317311e+00,3.415727797297862356e+00
1.980249869035654586e-01,2.352603090004748765e+00,2.464423341953480673e+00,6.003167855160342015e+00,1.843346602682875979e+00
1.032826938658566895e+00,2.121080339492564359e+00,3.443756598018472115e+00,4.555305531198521329e+00,2.242912438422260124e-01
8.775661131072951537e-01,1.915805193830187658e+00,2.492650995342754250e+00,6.030353392501508480e+00,1.889330036617616226e+00
2.624184002214462463e-01,2.028708271739616542e+00,2.747857988913649407e+00,5.867862355755886661e+00,3.888928425665035604e+00
1.127472987586215059e+00,2.340783899587605354e+00,3.130005005010280339e+00,2.426931118873435267e+00,5.465354267297433566e+00
1.143905853575128084e+00,2.014272298677198147e+00,4.447631509608089395e+00,4.423976989286996009e+00,8.478041449459775558e-01
3.059845766087997965e-01,2.471606169333343761e+00,2.583999566340172915e+00,5.955974108276949508e+00,2.544800806966613926e+00
1.527964087375027535e+00,1.240451795993876560e+00,3.419676628490114112e+00,4.589705276887719343e+00,2.607659728059247506e+00
7.342726927176824736e-01,1.988885595283153007e+00,3.201107563237654663e+00,6.176016765445846879e+00,1.713283975629681377e+00
1.620185520038178950e+00,3.290330901147930365e-01,3.585589687078781118e+00,4.030123054998760779e+00,1.355423615431257334e+00
1.138115290627268017e+00,2.364012291414814282e+00,3.593194862235479903e+00,4.416698965548588873e+00,2.679794962294539395e+00
1.048609053375558986e+00,3.650045523129740732e-01,3.478958027664970309e+00,6.519675827610283747e+00,1.442262985649200413e+00
3.176579699691384207e-01,2.716608081683933307e+00,2.806025853815532489e+00,2.048455324955196222e+00,6.652928643996288471e+00
1.386195426863992441e+00,4.537710482604389028e-01,4.251559674395153365e+00,4.255695039099774313e+00,2.710725303672680386e+00
1.222014512153733801e+00,2.047369837088291789e+00,3.080421376627534347e+00,5.629583716669633198e+00,3.950726927066442462e-01
1.303394877554227893e+00,2.351295677551920704e+00,3.203525530774867569e+00,4.686407245509695230e+00,1.776560389846980836e+00
9.772425398399238183e-01,2.169316458766024969e+00,3.704888840522325921e+00,4.602033770034077875e+00,2.682502198078975941e-01
1.015735845640514778e+00,1.642858722464159094e+00,3.473057325050693755e+00,5.841740991855471243e+00,1.405386239608231280e+00
7.403711066088480841e-01,1.326279314179578339e+00,2.639917473336309772e+00,6.630761168366047009e+00,1.800578783156764617e-01
1.288331833865019149e+00,6.963665695278803414e-01,3.808007075597916291e+00,4.657316160568416130e+00,1.522287131654179726e+00
3.471438719116418659e-01,3.048507011221885499e+00,3.156193860338554202e+00,2.985151427461273155e+00,4.272720576139798609e+00
1.232063047123348687e+00,7.952068279548104579e-01,1.069674415981401783e+00,1.034663473554192414e+00,1.000328342663216219e+01
8.299976420426000701e-01,1.106333778376878518e+00,2.662105218000257789e+00,6.536796483771366795e+00,4.095511248494601020e+00
1.454423602681658378e+00,2.581651309126744565e+00,3.177302310577588162e+00,2.660520097370216441e-01,2.552180390795772968e+00
1.161263350357575774e+00,1.674710083791695503e+00,2.545198616341638242e+00,5.676588111963826400e+00,3.963125998143969042e+00
9.459808527642856735e-01,6.300157014941871747e-01,2.505130219578627582e+00,6.951599086128743998e+00,2.928317656977056593e+00
9.545925595468179869e-01,3.591103317446352472e-01,3.036562934668963987e+00,6.251852481229645875e+00,2.574337561906126393e+00
9.119013442257893898e-01,2.156905712517404261e+00,4.248346694273214541e-01,6.286217804030047596e+00,3.484369159530928961e+00
1.510601292530435069e+00,2.624730552626190594e+00,3.195128191960633135e+00,1.476367718290456210e+00,2.072820930766805514e+00
1.429387086609801960e+00,2.600748555838151788e+00,3.132922201517603256e+00,2.410537132670036997e-01,2.536441806990601400e+00
1.585228158062371273e+00,3.501548445984401958e+00,3.863937011595008353e-01,1.186714606330293575e+00,1.659186960920221221e+00
1.427789807541651523e+00,3.102573934979098613e+00,9.638597829037807152e-01,1.244732855359075518e+00,2.488381400203780736e+00
2.021995806932342377e-01,1.666380420941727225e+00,3.986710140660195911e+00,4.776692424042419560e+00,3.830279602397063332e+00
1.333130584527411067e+00,2.750587957456875010e+00,3.638336792660760821e+00,1.207045177194733032e+00,1.712863719764226245e+00
1.274466040483551499e+00,3.689849820543095404e+00,4.919824291970072982e-01,1.218567356772042309e+00,4.888192693331983918e+00
4.593561957222043191e-01,2.416198341600779731e+00,2.649383892456219414e+00,5.712406420810679286e+00,3.762318573771870511e+00
9.567981714175453067e-01,4.976556235029265807e-01,2.525824145726830672e+00,6.738877970137718165e+00,1.853407169636762442e+00
8.127440235906125965e-01,1.506999716517603005e+00,2.103591954609092873e+00,6.262761490674483511e+00,3.720301148579005623e+00
9.823012781654067993e-01,1.734607761292762174e+00,1.434521903155790312e+00,6.519286586196124667e+00,2.610041092736900215e+00
2.159332865420127145e-01,1.497386435340186006e+00,3.528212067398205143e+00,5.599058810473379388e+00,3.845914254958004985e+00
1.901172621806912488e-01,2.582355424327209104e+00,2.670893059007830583e+00,4.751426978098035825e+00,3.798080506892308250e+00
1.296116248964988227e+00,1.081976026898507470e+00,4.212498866193064018e+00,3.506646449000778709e+00,3.821548149659328875e+00
7.677820300388578101e-01,1.195961546301461897e+00,3.017726866373349193e+00,6.563738759873838369e+00,6.326091353792017147e-01
1.417690548893970615e+00,3.409863068414894505e-01,4.394974310114561078e+00,3.859015361270043520e+00,1.378165507192969930e+00
8.977973139534494162e-01,1.265682898503129872e+00,1.068297004313928600e+00,3.120961408127006287e+00,9.299070062478184795e+00
7.710106749481218102e-01,1.494201563862608051e+00,4.089421347303423104e+00,4.871421308233350622e+00,4.203292989138014413e+00
3.725538631331239414e-01,1.360337563341198042e+00,3.333661669263009220e+00,6.274298561597129620e+00,3.890031670892634352e+00
1.487110976258605222e+00,1.742355028411626039e+00,4.336623769545465912e+00,3.258187059920576889e+00,2.168054399724335113e+00
1.004049256830635617e+00,2.356477484101627606e+00,1.868040142098998713e+00,4.702998388182890288e+00,4.335408940427058155e+00
1.787951956363386774e+00,3.327770235967584700e+00,4.950952787112720688e-01,5.227570979310112165e-01,1.235597223803405864e+00
1.069098238914864885e+00,2.095122075118920346e+00,2.739290509792481565e+00,4.827100333854605907e+00,3.895358001255019076e+00
5.122816448070048878e-01,3.155536545818940386e+00,4.993480508741054980e-01,5.160778938663823645e+00,3.943139412072133254e+00
8.134711699066154988e-01,2.347392479951265210e-01,2.425201108281228812e+00,7.144614651769440883e+00,2.050591694956928890e-01
3.358964443511235354e-01,2.390282071479223891e+00,2.479148253363465226e+00,5.503538646780093302e+00,3.864766381500074566e+00
8.605294716113089937e-01,1.527059094459375377e+00,5.360051606607815877e+00,1.752975317169293223e+00,3.926163282529107956e+00
1.194004409259373123e+00,3.360599300122368849e-01,2.863965791223056723e+00,6.372267635964335319e+00,7.498825182473913831e-01
2.060936006796675324e-01,2.772721227116742959e+00,3.954781735992173530e+00,2.449757991526510192e+00,3.394581869656561945e+00
8.437242154781441350e-01,1.975954239927573686e-01,2.127334780797914160e+00,7.082353941652979046e+00,1.903142426834349754e+00
7.449550407821243780e-01,1.042255005985036620e+00,2.129614194618218548e+00,5.068786499720417282e+00,7.390622698860370932e+00
1.407697412038873219e+00,5.157465337304194541e-01,2.757477869953441463e+00,5.258092573475644294e+00,1.253945724146834362e+00
1.807931272526303590e-01,1.962916868874281739e+00,3.490388734603635967e+00,4.945312260313624364e+00,3.794294120064152676e+00
9.314669231031268426e-01,3.250543776085128012e-01,8.680598055821352466e-01,5.206814614647107042e+00,7.312534162450260666e+00
1.605693981746104004e+00,3.459130721869674741e+00,4.465365767783249229e-01,4.420132604559023348e-01,3.429303136007487041e+00
1.255521773515699158e+00,2.671868695009279371e+00,3.740247837946375054e+00,2.213228846826504892e-01,4.298011264625435368e-01
1.338396131068658512e+00,2.833159482807925400e+00,3.168741930690158526e+00,2.477441395436091598e-01,2.058606293797440756e+00
1.159735385142737440e+00,3.166544100047127941e+00,3.214642810597218237e+00,2.563259404798589047e-01,1.304724512263476521e+00
1.544883323198603442e+00,3.253541670546882703e+00,5.269696851434386708e-01,1.191905560097665795e+00,5.136862413857968157e+00
2.942257213132741800e-01,2.260354797302969398e+00,3.283408612410419369e+00,5.000111575126717334e+00,4.177169788747160162e+00
1.057401726502072314e+00,3.682662540065772205e+00,2.342489040885865847e+00,3.245069592085478849e-01,2.230844041813550227e+00
9.567797827750028627e-01,1.726525719229905942e+00,2.809003448547582327e+00,5.660145198807787992e+00,2.943729829151582766e+00
2.958686539994438425e-01,2.218654390894066353e+00,3.594530741345665525e+00,5.211995580896735092e+00,3.053190854224465678e+00
1.207850568128460811e+00,2.608801885437529666e+00,3.718805255470685633e+00,1.942291564147387017e+00,3.777619876218194062e+00
2.650643016521440076e-01,2.830174350796021532e+00,1.356742883711858916e+00,5.796446840246568755e+00,2.733710813210062263e+00
1.072778522217969321e+00,3.532253599961904245e-01,2.942054087867221668e+00,6.906121056413512704e+00,3.603720369167762727e-01
8.815742943874482762e-01,1.522082281437174833e+00,3.500753579469608301e+00,5.058525183216840304e+00,3.867092742386397664e+00
6.402801005550383673e-01,7.370525028333386741e-01,4.388198564905875898e+00,5.058836157934433864e+00,4.048360953686823471e+00
1.090611125212300969e+00,2.068283947795524380e+00,3.921482722890394790e+00,4.115952242742187295e+00,1.699920024066204682e+00
3.638240986096337171e-01,2.456384354334130382e+00,3.453097175296244270e+00,5.350386171365518528e+00,2.035812784153377297e+00
1.542233265033567724e+00,7.051618064680489351e-01,1.076753618800862844e+00,5.622178788593845233e+00,1.252848706475986340e+00
6.881712005230141704e-01,1.417260666814710079e+00,5.552554356489323162e+00,2.145376851204478241e-01,2.517600417274109770e+00
1.296346137433343371e+00,2.659577917107563305e+00,3.733750256113926191e+00,1.167443902200405725e+00,2.596945356206258992e+00
1.171916301343183253e+00,4.058985707856246350e+00,4.215567259758231655e-01,1.223408954189940001e+00,1.733006804351691521e+00
1.541425923445527424e+00,1.604852833609874407e+00,4.530848526982858004e+00,3.330319697872258455e+00,4.394459919945617465e-01
1.079270909098227760e+00,3.050303726141022853e+00,3.090397583356430555e+00,1.980373440771426852e-01,2.493916895614094908e+00
1.596625985933719516e+00,2.596919155942822854e+00,1.318351352512105334e+00,5.026188605811632293e+00,1.772323018615082457e+00
1.129360962701976057e+00,2.102061124737624631e+00,3.964196498624593001e+00,4.079857404947129673e+00,1.348038267276116198e+00
1.143809919826487720e+00,1.377853756543450325e+00,3.456672719297070540e+00,5.139279988464940274e+00,3.932455406850757562e+00
1.095737730528438147e+00,1.605759356185453512e+00,1.262303974826525454e+00,7.091491680088793714e+00,7.478133763721777072e-01
1.316582521741251677e+00,2.938890749855883056e-01,3.612819932351847285e+00,4.899597011519776224e+00,1.976786359876852250e+00
5.648711303884278445e-01,1.400032624113642932e+00,5.610706664328241722e+00,4.954461283985718278e-01,2.494387126170178881e+00
2.164327157955271419e-01,2.984994142376917736e+00,1.575892391069628307e+00,4.747987613831522680e+00,3.819495506272505558e+00
5.795691183578415284e-01,2.779295414325497315e+00,3.000288079503226513e+00,5.419766671219281129e+00,2.064253753560652438e+00
1.355176014657869521e+00,2.511112713038998745e+00,1.013005066396619469e+00,5.370320358811915717e+00,1.635468958717369192e+00
1.806369413034300209e+00,1.342832337071282245e+00,3.125152612433575339e+00,2.216249317068895164e-01,2.352915622794996331e+00
3.140729238469204265e-01,3.047747083180040395e+00,1.044195031867218626e+00,5.022565373917013964e+00,3.904961249102144372e+00
1.041941011504870618e+00,2.115317192868062079e+00,3.098316202757604998e+00,5.442442475416910064e+00,1.610881667688241592e+00
9.416903895605681640e-01,4.168350861885780079e-01,2.564785578940126598e+00,6.267808328998438760e+00,4.185306173064833324e+00
1.528994777436657682e+00,3.516881565475338811e-01,1.405236763780705056e+00,6.332147533114443227e+00,1.439754442679796798e+00
3.796106922690932750e-01,5.803946806119646418e-01,6.084888268944510514e+00,3.055167423722124909e-01,2.724867070199179953e+00
1.573343131698020647e+00,5.717226367463618120e-01,1.319836605613084357e+00,6.483994840723917186e+00,8.461100142114335032e-01
1.070262432388688456e+00,2.476006851980641077e-01,8.029202365774810168e-01,4.520871837457098863e+00,7.364969506402418098e+00
6.383414057080872839e-01,1.676609131437794664e+00,2.717364034616451818e+00,6.708207729646189499e+00,2.575044395958185350e-01
6.924384914770301824e-01,2.265787207075679710e+00,2.985126666199058754e+00,5.033624710732252261e+00,3.882606570482780128e+00
1.247963554935551667e+00,2.164273097571816962e+00,1.427104709029056950e+00,6.233393286516413667e+00,3.562368974815842138e-01
1.193378389151451113e+00,2.426582631001558799e+00,1.092398834138209374e+00,4.823075297337167555e+00,5.716730997370136791e+00
5.316175889989750436e-01,2.859660995606382539e+00,1.434629451865801375e+00,5.572680728784294324e+00,3.970823282004518173e+00
6.383820515769387249e-01,1.193121256777343042e+00,8.713196065435017124e-01,7.608341109267145796e+00,3.307548215608594244e+00
1.182594021711104837e+00,1.779373284570982205e+00,4.384329570966046141e+00,4.164105343452440877e+00,4.734289540114314798e-01
1.115570630559941323e+00,4.207984269489315476e-01,3.384569311202994424e+00,5.745857161012717818e+00,3.343887352157013826e+00
9.307926058859161689e-01,1.238099278653504776e+00,2.565371861373112683e+00,6.987452019320850916e+00,1.483684895194450792e+00
1.130831791232141281e+00,1.824227375840956622e+00,2.813670004579917006e+00,4.575574954460331689e+00,6.146239919038126054e+00
5.832036519381437190e-01,2.070570495276887524e+00,6.721698916328031626e-01,6.569988469153037691e+00,5.332533279130865722e+00
1.597525494011438507e+00,5.797289950877447806e-01,4.521571883643370704e+00,2.099173029387472411e+00,3.046246784832409737e+00
9.090518346109821568e-01,2.963132083365072056e-01,1.478797352565135892e+00,4.237365707402926063e+00,8.054508116605905599e+00
4.953386878090034751e-01,2.751284005436857694e+00,1.886545319769094897e+00,5.443582425355972809e+00,4.250644229693600451e+00
7.789089436379699194e-01,3.624950925902106769e-01,4.204166623382146639e+00,6.122248113697726701e+00,1.427454499389731124e+00
1.236436720618122376e+00,4.611038668461455714e-01,2.976547440037199621e+00,5.264256530438495396e+00,4.488040921580559228e+00
1.766131027050493962e+00,5.345117808392246816e-01,2.910817789076643347e+00,3.075810287583388369e+00,6.267858490245385994e+00
1.231699590669912414e+00,2.263042041091296586e+00,1.653576670362261858e+00,4.640747502184466633e+00,5.071643534132805442e+00
2.288116401421738388e-01,3.160262770695053458e+00,1.654027703299810526e+00,5.024333435925661284e+00,1.836960851969699160e+00
8.377114191596124471e-01,1.539859019935669426e+00,3.072244015664112204e+00,5.682425095797358772e+00,1.885982445657776507e+00
1.291117251961937384e+00,2.582354967996897344e+00,1.428201836831028082e+00,2.101289863590274365e+00,7.491151819430964309e+00
8.600781209726813259e-01,3.135101290420394982e+00,5.190331685073180656e-01,5.725251956810589959e+00,2.554454309276087187e+00
6.763760855277088924e-01,2.063327717099945335e+00,2.619008700709019255e+00,6.063851522674396755e+00,1.929082881501795743e-01
1.304821581636933736e+00,1.983711356647542834e+00,4.046051058109346954e+00,1.371481431717585187e+00,2.148764301327100501e+00
9.274020761408678926e-01,2.608016565959359490e+00,4.476046837246902221e+00,3.249370951642585048e-01,3.401348106634331181e+00
1.372678336887046546e+00,3.610101383948412401e+00,1.218395870146560034e+00,3.495823875535020164e-01,2.361712181115124043e+00
6.975853164888421443e-01,3.660068611205483879e+00,3.096070471464049678e+00,9.429523333286347064e-01,3.653458194417896987e+00
3.504533533144739699e-01,3.061349116098494250e+00,1.110845771238735846e+00,5.017553980267629221e+00,4.215108356954964108e+00
7.124865952915951928e-01,2.185444724054530941e+00,3.417843046310007793e+00,5.191213925898255255e+00,3.986444987959482322e+00
1.008898212127034455e+00,1.704964841460217428e+00,3.223384330716328350e+00,6.084927980466365405e+00,3.380891218846538426e-01
8.599942051129458864e-01,2.520865437332548531e+00,1.524420286002355240e+00,4.769502260720947184e+00,4.354849808515064424e+00
1.978623367835457447e+00,1.086998456472541008e+00,2.011669488957205765e+00,3.484496293474849682e-01,4.411541696058804973e+00
1.087280536194250136e+00,1.799650279370776707e+00,3.508365121102961837e+00,5.160284465575000645e+00,3.220226269615934278e+00
1.163785938774490436e+00,2.045354541321680486e+00,2.153015349316340199e+00,5.901745607171115182e+00,1.364173576071850746e+00
9.313185952411234814e-01,2.974915392915061574e+00,1.190722953687786578e+00,4.891817345274539264e+00,4.007761643784927941e+00
8.836133696432532103e-01,4.465596469270193047e+00,5.496203453227704872e-01,1.041445984819312942e+00,7.804781413225526654e-01
1.070636138733079612e+00,2.041101551354201238e+00,3.096808228670492991e+00,5.230573974948562466e+00,3.271887054998991129e+00
2.295474120562651654e-01,3.120200166042621071e+00,8.718381644094036487e-01,4.786452625424204577e+00,3.734587510056690984e+00
3.386450580661161114e-01,2.866270732261607002e+00,6.180140621749288243e-01,5.579402752123441722e+00,3.904217940255302111e+00
1.066481031094747678e+00,2.607748162172289774e-01,3.590601120329998341e+00,5.550800842301125471e+00,2.637142308585719519e+00
1.826003581789597652e+00,7.457159439572633719e-01,2.314364995370647105e+00,4.615237424655615150e+00,4.776544454363946812e+00
9.506650051392746548e-01,1.599048359322584822e+00,3.042017789465595090e+00,4.717596678653831255e+00,5.545930655653609875e+00
2.505104658329053713e-01,1.823376884961306565e+00,3.127876225748017713e+00,6.456649111925741202e+00,3.905871965748246577e-01
7.594586249130298450e-01,1.381463912352429713e+00,2.746537688058206417e+00,6.471228129335983681e+00,2.016995998103696952e-01
1.090702408402376200e+00,3.042309254488386294e+00,3.095962976274358347e+00,7.151593999138869950e-01,2.289524809507540226e+00
1.062644151112594137e+00,2.515001893313294268e+00,4.462821774465140834e+00,6.188879205081592172e-01,3.788396378460385350e+00
1.356349241957208740e+00,1.915454022848811277e+00,4.257814070583735955e+00,3.147642293702825000e+00,1.163397830078719553e+00
9.054947730505640280e-01,1.849961896144486584e+00,3.267136889361770269e+00,5.290734326720756719e+00,3.506470916520232350e+00
1.220541031855193914e+00,2.425815842821485102e+00,3.996987015374098284e+00,3.439610454970102316e-01,3.938722699530790017e+00
1.470457363205661672e+00,2.504626173657396926e+00,4.166343663164597810e-01,5.095277935270113190e+00,3.660765068077052931e+00
5.838782494091419029e-01,8.503912728436964219e-01,1.440778563387798306e+00,2.824574386975531315e+00,9.441496311321767365e+00
1.379114806378161528e+00,2.426456129022569463e+00,1.292403232878958530e+00,5.337922245942324118e+00,3.466603887420637520e+00
1.930041040363506877e+00,2.953530067107755785e-01,1.847517631928349946e+00,4.144286818746681256e+00,1.365715019064864588e+00
5.222601609839164771e-01,2.035171752092498121e+00,2.680820557794514336e+00,4.670880013932905972e-01,8.820123187152033140e+00
1.624603258863442257e+00,1.962559731063375779e+00,3.669258863597781861e+00,6.003158612768405566e-01,2.960444457732738677e+00
1.984098809143030939e+00,2.080843508991330193e+00,2.325150939148573848e+00,1.663201632072735192e+00,1.611976025064092877e+00
3.728850527572369344e-01,2.199518580129665057e+00,3.766994658347419644e+00,5.258163382116698870e+00,3.308433497571085180e+00
7.907048122249804578e-01,1.325186550408818720e+00,3.244085875815196918e+00,6.515183890904823194e+00,1.367200561708654671e+00
7.899971008413124718e-01,1.449168263897047337e+00,3.117521081657080195e+00,5.945743673125241990e+00,3.922774249267447999e+00
1.412290114413883302e+00,3.591013617769864275e-01,4.421674197385117466e+00,3.607833756332707420e+00,2.610270400664468582e+00
5.792937424400226298e-01,2.032254519792892733e+00,2.653844822940256698e+00,8.987400672552978698e-01,8.825936534184384286e+00
3.903587830750025467e-01,2.736665407040564268e+00,4.750084875213954838e+00,1.683092814952689587e+00,3.318245239049425255e+00
1.520350832566019106e+00,3.789087112011968461e-01,1.487842241138746413e+00,5.553321301426929146e+00,4.369525662309224678e+00
1.240325662754281799e+00,3.281149835750857946e+00,1.812215987557781016e+00,2.032836625036948508e+00,3.892091614320283721e+00
1.173124232115282162e+00,3.519226539792794095e-01,3.550577896324854876e+00,5.567475043001230084e+00,3.158651695920551283e+00
2.175742633257907066e+00,9.179080711316391916e-01,4.146178794258357225e-01,1.617566441943562028e+00,4.579689740230719508e+00
1.022737060222143946e+00,1.709528525205457727e+00,3.848491254910109127e+00,5.518026727997085601e+00,3.612315462580200642e-01
1.146060316926225564e+00,2.159376695547577718e+00,2.083105020828245557e+00,5.178549912759887519e+00,2.773672041736614080e+00
1.103465357162886074e+00,7.741162961923886421e-01,2.823828052987213511e+00,4.949762003170493085e-01,8.329685283232725723e+00
1.389517624271846774e+00,2.501445465780649524e+00,4.336915723146017587e-01,5.968829762352768853e+00,1.704265972387173145e+00
1.132815685647133863e+00,2.052955887844639893e+00,2.101855359880268725e+00,5.671661823917292011e+00,1.304034613166706436e+00
9.978071417655463016e-01,3.156481114375564445e+00,3.230282852697951679e+00,2.378656648041998500e-01,2.410609099884871931e+00
2.286796410387085809e-01,1.949769499191340572e+00,3.061069072787103273e+00,5.311403643045594869e+00,3.876028833826140829e+00
2.565420934206062764e+00,8.260363396602875552e-01,6.032156079065019716e-01,6.213330625581058309e-01,9.905929557154957710e-01
8.085175699366102808e-01,1.161488632921433561e+00,3.231313649859430370e+00,6.142980254720663780e+00,1.899392394472186607e-01
1.094741027717779369e+00,3.204218008099191106e-01,2.944522626703049983e+00,6.123634992498257823e+00,1.236990435235611585e+00
1.837972341438963708e+00,1.496562819125816679e+00,3.090546911434877142e+00,3.720925934857393647e-01,4.344947398734761990e+00
1.623688989193278864e+00,1.338827856389064097e+00,8.083506552028667524e-01,6.257519416532923984e-01,9.097042298295839657e+00
1.285046477675765297e+00,5.314726247245901147e-01,3.740817968271196836e+00,5.210592430041449674e+00,3.756683122263348551e+00
1.134130417830602200e+00,1.134125265563509677e+00,3.822364669953617788e+00,5.442533809777708065e+00,1.530459881490443763e+00
1.043106071271669766e+00,3.236694984783471618e+00,2.853047962095692558e+00,4.268991510419238189e+00,4.950157966452939928e-01
1.226050214044653863e+00,7.726692066969688133e-01,3.229063045450447422e+00,5.991950643785187047e+00,1.373861922533952118e+00
2.043669304252706986e+00,2.962166080930716650e+00,6.346531707482735429e-01,8.219658124999067450e-01,3.009352390851956383e+00
9.679231725434560563e-01,2.709802483848977595e+00,2.514416108949141027e+00,4.294229784359642643e+00,1.832275560111296331e+00
1.241857694356766961e+00,2.052313995504784216e-01,3.826113533209763329e+00,4.539797699843773238e+00,1.827572946230026973e+00
1.389574961637587203e+00,2.515996937570822656e+00,3.781578151216399952e+00,1.336463478960120632e+00,2.870922489320401061e-01
1.346994160144232566e+00,2.496970821908263360e+00,5.933349114481638598e-01,5.475786527614859622e+00,1.734441350978129570e+00
1.471850452894859052e+00,2.894550047428211315e+00,2.307476595319473578e+00,2.179333844455873415e+00,4.294503936669384458e+00
1.142951580938029288e+00,1.971947753253284197e-01,3.294079403060149236e+00,5.614331500653748641e+00,1.240961810959743339e+00
1.149760323661716876e+00,3.168748542528809775e+00,3.192449192146340931e+00,1.597625778860196188e+00,1.396124656730517000e+00
1.112146653830589527e+00,2.411421301266082118e+00,2.291551088348831478e+00,6.071397647064390668e+00,1.678215080033097495e+00
1.817410151835130216e+00,2.313450602558951630e+00,2.894866015046683838e+00,3.213917057431050495e+00,2.004831199596406321e+00
3.748362220324064631e-01,1.915807926206004597e+00,3.934974641342051882e+00,5.165985999686304453e+00,3.990889016948258039e+00
8.709240349114680813e-01,1.458447682588287275e+00,2.769953680734867252e+00,3.832943855036652359e+00,7.032382274695451407e+00
4.065145635944881763e-01,2.089991879961959231e+00,3.625523049381873975e+00,5.740926834196026007e+00,1.366802206999395697e+00
1.219283057849412266e+00,7.681058663357382965e-01,1.066822911199881485e+00,5.967883650329641299e+00,6.990001322376004467e+00
8.924989916964183312e-01,1.536823975652165997e+00,1.835426904852831553e+00,6.719022923325036700e+00,2.885640915587651456e+00
1.770368926769241735e+00,2.013218655892389464e+00,2.984769262352080954e+00,3.255607374660390296e-01,2.587696764946132877e+00
6.897123784553077508e-01,1.767521432460194220e+00,3.608430189721804737e+00,5.350510178802090344e+00,4.138033673052651018e+00
1.168271351706284600e+00,2.439923458842866211e+00,3.770135026373039877e-01,6.327316165417128602e+00,1.648105209176378594e+00
9.562887342949434322e-01,1.655282685279205079e+00,3.692462312649966716e+00,5.199408787734061121e+00,3.389337869847734108e+00
1.060178118098875188e+00,1.836181448741598388e+00,1.120958375575789923e+00,6.395980081128012529e+00,3.356282232441615498e+00
1.450586348175716633e+00,3.390680683923573135e-01,4.630963083554186177e+00,2.880833810641645787e+00,1.928205496086128345e+00
7.005009693009485172e-01,4.738352481831505925e-01,6.222099346884106374e+00,6.789182913299867117e-01,8.002868522867417900e-01
1.144376786697748116e+00,2.364765158547533996e+00,4.096103157446281950e-01,6.468822605366059797e+00,2.531015683711069997e+00
8.444772271017904064e-01,1.299021313635224439e+00,3.233787796666956371e+00,5.105738609617508139e+00,4.863381971087642697e+00
8.925215383651725620e-01,1.721451028543231176e+00,3.283908824013642036e+00,5.562381689151563613e+00,2.348636622703656585e+00
3.616646892408112990e-01,1.970234421724122553e+00,3.431857898515639160e+00,6.094952554703755077e+00,2.654712594444101903e+00
9.112213981655969963e-01,2.722262943382748102e+00,4.828491581098356633e+00,5.056255423181086339e-01,2.203462570549151067e+00
3.246921913343174815e-01,2.926666298983551240e+00,4.469969004421682435e+00,1.350574545478860244e+00,2.878845788845853182e+00
6.461073643196568739e-01,5.739817055403699797e-01,5.025339651905918359e+00,8.164643445132035993e-01,7.192927587220321328e+00
8.288545181300930320e-01,1.415719790202994322e+00,3.299956444370555797e+00,5.190892450302315275e+00,4.643487039426499763e+00
1.087760711558912075e+00,2.608025382651383950e+00,4.339614126573623665e+00,7.534363594086939120e-01,4.177682998732996644e+00
2.684563749939745114e-01,3.220261026220510026e+00,3.239037111338431973e+00,2.218818677210070867e+00,3.869580137913060991e+00
1.039950173661478683e+00,6.108570215335147324e-01,2.435827451425934598e+00,6.983711652135028203e+00,2.843447169117452877e-01
1.160074272930954997e+00,2.748779406099764788e+00,3.773049173318410165e+00,1.268228172566749690e+00,2.014020592137751198e+00
1.243861061674080615e+00,2.596888638636256630e+00,3.510526906816541226e-01,5.431995055220991908e+00,1.559410870067893029e+00
1.215633893238552421e+00,4.876385396829705510e-01,3.029790288730881187e+00,5.370322465867879203e+00,3.814802780555725192e+00
1.383616108138909562e+00,2.217345112279909713e+00,2.468382953530339208e+00,5.246854530419327034e+00,2.427177318544009754e+00
7.116139648515200644e-01,4.379798293134982146e-01,5.810116032266397390e+00,3.579394111750657803e+00,4.482620255306631885e-01
1.445901460034890951e+00,3.617370809464788284e-01,3.932700496078187058e+00,3.930253770157516868e+00,8.014328324613588794e-01
1.006215485634489148e+00,1.852581591088658497e+00,3.601962769217031735e+00,3.436750517382988424e+00,3.946579672021993890e+00
1.774687228309013154e-01,1.426400417728217906e+00,2.496357387539354988e+00,7.089210028046240453e+00,3.388865743056819202e-01
3.893713659347699529e-01,3.976045869082986961e+00,1.410691294016890973e+00,1.515048068641739132e+00,2.649355201160707551e+00
1.449591990696828869e+00,5.502762984247404621e-01,4.643377950134401466e+00,3.780722154023572035e+00,1.455137604291978359e+00
1.121625191751851380e+00,3.075931171619878057e+00,2.950756793820037416e+00,1.148347750770575271e+00,2.137803033339861880e+00
8.701997094524778209e-01,1.664628921486455138e+00,3.343064198439293921e+00,4.786006568242830106e+00,5.108926826755268991e+00
1.641811339763493915e+00,4.247836708511391612e-01,4.055578491376278016e+00,3.852858761586326342e+00,1.682858400736739757e+00
4.658068830185602693e-01,2.966806309760694482e-01,5.410293922484342488e+00,4.161046437327994063e+00,1.094664319929836482e+00
1.619408079621010632e+00,4.069312406095653145e-01,4.493422619544878316e+00,2.074790279637378276e+00,1.376368102008208805e+00
9.568196251988816403e-01,1.945000417689360050e+00,4.419516903396430330e+00,3.643159176243236708e+00,1.311327561187247692e+00
6.736703493204840854e-01,1.526384957086259320e+00,2.730860758830596868e+00,6.311476898945023173e+00,2.110546068396466080e+00
2.134174666743176019e-01,2.059690548438132041e+00,3.592023601943121314e+00,5.360484668983703571e+00,1.836127697031343153e+00
1.106240155885244381e+00,2.783195622446286599e+00,3.803556959656156256e+00,6.662524830999685399e-01,4.227864359803667149e+00
4.887851877612568452e-01,1.837771785042015438e+00,2.753771748920444296e+00,6.719575205943514540e+00,9.586589680773343058e-01
1.293656719229457241e+00,2.254299212483624526e+00,4.401643510783787683e+00,2.476524804564283588e+00,9.609503430358891096e-01
1.047475957008126235e+00,4.697068724653962746e-01,3.511777693310615511e+00,5.615061411860169827e+00,1.240786114495830095e+00
1.502020231995175870e+00,1.620872549609354341e+00,4.439980252956250872e+00,2.939472199695871146e-01,2.158674807997182921e+00
1.214062326256578839e+00,1.824696105470064333e+00,4.318710746640215703e+00,3.844957152273772216e+00,1.189501159266963981e+00
1.399991609715922181e+00,3.368024258223544787e-01,4.439702323667508388e+00,3.822511374769886228e+00,1.374027726877539157e+00
1.848728327038740016e-01,1.993868847618815110e+00,1.389359407751430853e+00,7.090274857018235011e+00,3.399514032776760342e-01
2.343626059291845920e-01,1.611912710116467862e+00,2.354652878863688237e+00,7.135148942989627763e+00,3.848254892490686196e-01
6.884874998625047926e-01,1.377125252450910775e+00,2.358029641631593343e+00,6.814835571170055672e+00,3.774495076301024543e+00
1.421298659989326474e+00,2.552238459910223689e+00,4.274610069902534670e-01,5.396564526207114021e+00,1.655795029244037764e+00
3.757831374803974889e-01,2.046660700521546694e+00,3.690657565667802675e+00,6.089991093050784343e+00,5.329234351431699768e-01
2.798054621664927133e-01,1.918654232907783364e+00,1.463762289667115413e+00,7.151058095988290120e+00,1.651260746149916026e+00
1.284754982365146070e+00,2.645796232922600577e+00,3.623830611761211240e-01,5.376294095991708488e+00,3.651794913188792235e-01
9.064388816078924327e-01,1.232161613631016284e+00,2.756585261950992738e+00,6.463265180450477487e+00,2.745304627716126933e-01
7.782257400794914126e-01,2.170110018916291850e+00,4.121609126951631730e+00,3.716779656202604532e+00,3.390725622770212055e+00
1.518963597167199087e+00,2.179594702199613820e+00,3.828176132093412676e-01,5.446585585073794533e+00,2.195460230494549858e+00
7.418628535744840047e-01,1.108110257120346276e+00,3.213830878186338058e+00,6.549991816823244939e+00,3.017827944481177305e+00
3.984801081237854814e-01,6.077465976405022063e-01,3.618795814733657856e+00,6.663850231817963099e+00,1.061199845579293033e+00
1.277846426408072666e+00,4.877722303360445544e-01,4.322021598865265268e+00,4.140735240839692466e+00,2.588989451635415606e-01
2.923902558589512868e-01,1.263208422847004186e+00,2.101471527439335851e+00,7.591289557065310056e+00,1.436503707307869249e+00
4.034626869510409830e-01,5.524564456005602864e-01,5.204950512488487391e+00,4.604604355332392984e+00,1.326516854247119515e+00
1.290017295044636247e+00,3.815208700764116667e-01,3.571908498801213305e+00,4.888255123947193859e+00,1.804078122923382099e-01
3.226181527928326798e-01,1.783756816908316001e+00,2.529627548573341045e+00,6.124921553453195777e+00,4.629534348326132864e+00
1.206950755811884601e+00,2.508221008232770721e+00,3.482949574627924316e-01,5.234876181538544948e+00,3.282422273878744967e+00
1.618931303978759395e+00,4.970716312172257512e-01,9.000683849168928941e-01,5.446782246935036653e+00,3.648788290279706636e+00
5.252418955395417033e-01,1.790722094798803399e-01,1.514387991741972694e+00,7.797864699493304741e+00,8.675310237385893686e-01
1.094656679884544959e+00,1.785987972680163294e+00,3.249348432303406309e+00,5.218316405971430427e+00,3.763609943622841847e+00
4.328075335137172019e-01,5.306205758898929759e-01,3.001475066936251324e+00,2.358328133044412134e+00,8.900095066465235405e+00
2.750350993176236547e-01,2.405411540463902931e+00,4.231221948883149508e+00,4.341922411242561175e+00,1.217078776927893458e+00
7.443451739424538083e-01,1.493467798975517624e+00,2.705143802989291135e+00,6.071562003887478909e+00,4.466484156680682993e+00
6.644184980779619387e-01,3.614275300613006836e-01,4.971395372754237485e+00,4.267418761300023178e+00,3.381954646478114945e+00
2.127102807570779408e+00,1.355394617459104278e+00,5.548794020646035108e-01,1.092975790662823243e+00,4.612118806733351839e+00
3.570631048213386838e-01,1.362684071110517259e+00,2.226110574246126905e+00,7.430880373507516623e+00,1.915931647932738402e+00
1.321519116151255835e+00,2.668367026344332427e+00,3.495678723299252777e+00,3.782396263953210491e-01,4.479214007353692573e+00
5.746100319750427898e-01,2.738530562381799704e+00,4.361579591859109151e+00,1.148939550863325110e+00,4.371042182237279583e+00
1.174956731071002514e+00,3.961622921170431688e+00,4.531109068198204692e-01,6.312937977713255489e-01,1.793260821459998100e+00
2.047924257117417657e+00,3.179615099140846723e+00,5.631157614340672746e-01,9.337067383727917225e-01,1.173226478345074320e+00
1.023978416832000748e+00,2.690777463876827258e-01,3.179478113982369347e+00,6.045599402412651813e+00,2.933297036579639805e+00
1.357632632216514867e+00,3.178055335004883908e+00,1.074866808283333697e+00,2.989945982033463068e+00,2.588869245548836240e+00
2.385291086884660516e-01,2.140791926214621554e+00,1.034726178395136253e+00,7.127284074529703695e+00,9.279212389978646058e-01
4.613797738633906298e-01,2.646957179721332931e+00,3.953404016231962803e+00,4.357562351240920506e+00,1.847807288200222331e+00
2.612430417588517129e-01,2.822747392180668391e-01,3.364222690572692964e-01,8.234728804238676148e+00,2.643509742377732064e-01
7.702237548041672710e-01,1.433117373123577343e+00,2.713840326306770745e+00,6.621574338631366352e+00,8.559723391597118258e-01
1.747919235585349673e+00,2.889725006267116481e+00,4.267786320763633512e-01,1.509546883424647268e+00,3.396194200196365642e+00
1.008693329578466802e+00,2.053637882535242376e+00,1.280650580124627957e+00,6.603254859230195173e+00,1.295668921285458630e+00
1.469421369695919743e+00,5.279525145203189940e-01,4.618707964341917993e+00,3.384737803041163673e+00,1.023780210699136273e+00
1.064640614626076287e+00,2.969257159100474053e-01,3.613367666386800181e+00,5.651436044414792192e+00,8.818365844046980317e-01
1.359157521686938708e+00,1.223638131579651844e+00,2.217179109536789205e+00,6.422632413111500682e+00,1.776436505455418979e+00
8.985290412331283783e-01,1.971639161452398259e+00,3.468130803260709882e+00,4.313890352082103696e+00,4.353105686280327014e+00
6.363143084349994760e-01,3.549610801446874575e+00,2.996427186301886536e+00,1.799762523638736678e+00,3.486594228357367431e+00
1.265971018540321458e+00,3.444178430890180831e+00,1.516696715609092916e+00,7.501173357920883911e-01,1.455328973238455337e+00
3.592468646018460721e-01,1.676143902915658013e-01,2.321087770739707068e+00,7.440139314802900472e+00,1.910857549282025891e+00
1.081030764470228167e+00,1.899788548658671417e+00,1.164939674443798978e+00,6.760966338388029406e+00,3.085698029615128180e-01
5.611669861153897321e-01,3.045508692138342854e-01,3.577605101954955735e+00,6.639092539262747117e+00,2.005095218710722271e+00
8.785997444743922635e-01,3.314329248202740885e-01,9.022567263086249678e-01,7.094521781591160092e+00,4.140225001210303013e+00
1.489809457612823351e+00,2.878216051081059490e+00,2.323551984448735119e+00,1.788533337484312424e+00,3.997340253019948109e-01
2.419707167082586763e-01,1.323317068389377127e+00,2.277068331492191344e+00,7.392030510431305323e+00,1.117421203752185122e+00
1.252119134581402893e+00,2.085285807662072610e+00,1.726265950061524057e+00,6.144927653215205510e+00,1.738640940154733139e+00
2.043170574475780210e+00,1.340679188539543487e+00,3.331551937515875306e+00,2.063311531869969961e+00,4.190102059820283165e-01
2.936498291441774211e-01,1.641790045791158281e+00,2.481399756484961028e+00,7.205106896579132503e+00,3.772927844511069218e-01
1.596406593468893131e+00,5.526692453964648921e-01,2.331510537120904392e+00,1.820719800331856320e+00,8.244663882905916452e+00
7.907635500327221401e-01,2.646517483510469892e-01,1.587395821291782694e+00,7.350032691280395269e+00,2.881201827520570635e+00
5.218275192494541415e-01,6.820073117896455761e-01,4.546860155179158092e+00,5.839237890312501733e+00,1.698714397867014281e+00
1.384847019359288112e+00,1.231066347677209460e+00,2.345882916591115031e+00,5.902398935934230373e+00,1.721516188209128995e+00
8.270749394870104965e-01,1.446626076189878152e+00,3.163275821921455400e+00,6.222038487609716562e+00,3.071161243046970135e+00
1.839542348353387036e+00,6.042514319862022365e-01,1.672913856542984412e+00,3.976750006292975037e+00,2.912664072081815991e+00
2.048122893484066176e-01,2.257836671988544819e-01,2.797759001191113537e-01,8.155429829106948247e+00,9.379177494255368508e-01
1.511423963590134090e+00,5.482629909760912135e-01,3.390120571470801814e+00,4.796870234815673761e+00,2.776900955028706597e-01
1.209032439920325830e+00,4.001102983958667036e-01,2.695163800330568904e+00,6.240465634682629492e+00,2.013747133192478778e+00
6.707342378782230607e-01,2.786729501093591077e-01,4.715470018874540870e+00,5.056148458220174113e+00,2.325431844505074785e+00
1.133967491409753725e+00,3.138255677578823288e+00,1.673367489128090524e+00,3.605190692595269919e+00,3.625097422056081431e+00
4.464362104664144626e-01,1.845288413908688474e+00,2.105836015693726360e+00,9.894933144967802408e-01,9.188681693902115200e+00
1.517852842602140262e+00,2.430381880166637920e+00,4.328492224994805682e+00,5.023025434325170124e-01,1.327423263913187768e+00
3.162069214166712272e-01,1.430215367878121757e+00,2.004286383298147012e+00,6.152348898712864056e+00,5.823386793524290006e+00
4.474652231031004956e-01,2.669754322774772204e-01,2.334975824605936001e+00,7.415015548774165133e+00,2.787756321448265684e+00
2.888163848452108273e-01,1.626752928005434473e+00,2.792398917215240584e+00,6.809925082685573727e+00,2.281943582546472893e+00
1.176942589432601327e+00,3.037896677285705671e+00,3.346993809936732678e+00,2.864811116573960925e-01,2.555319578647705647e+00
9.300589973506013797e-01,1.589828218323698028e+00,3.377455905986142426e+00,3.804410471478655964e+00,5.902470329309021935e+00
1.812050757946659818e+00,8.068249877836932704e-01,2.103459900208742184e+00,3.873981892784493564e+00,5.365507643896984646e+00
5.186771256246709427e-01,4.683177026478856364e-01,2.215309598624068954e+00,7.793665708719466956e+00,1.332069763972044019e+00
4.672057606821055087e-01,5.507526997313347827e-01,2.371621111368057200e+00,7.235850997191732858e+00,3.848625427941011257e+00
8.666025428536135999e-01,2.121545252505024237e+00,1.729633745572196180e+00,6.487039483666390716e+00,2.632951492689971307e+00
2.166939292327039190e-01,1.620734620874126897e+00,2.671073531140734758e+00,6.917926325300620682e+00,3.765393347365872945e-01
2.590051057772920218e-01,2.888927041176744259e-01,4.041946598117733824e-01,8.218651536460194862e+00,2.518885968516523799e-01
5.064313667600268687e-01,1.513119269940497169e+00,1.720733865746755464e+00,5.341255874216554567e+00,7.750337703358195718e+00
1.140533257332413175e+00,2.065997730188394499e+00,1.343206603392238963e+00,5.225877386025937987e+00,5.530566358757649681e+00
5.662567181863574772e-01,6.974792222201795511e-01,3.809474586026906806e+00,4.958659346617305452e+00,5.877267212916509997e+00
3.429560079695950781e-01,4.181112811147921215e-01,5.820692336489426966e-01,8.052423762448654543e+00,2.268182081452799093e+00
1.137442362150832942e+00,1.971677262707629552e+00,3.287265912847207705e+00,5.376873382869792550e+00,3.514588177110869460e-01
1.765273167397552356e+00,1.640201335434360530e+00,3.047804186701937645e+00,1.194644939786558169e+00,4.292470965855120113e+00
3.579087101422109285e-01,2.149938113453741195e+00,3.987554896648674685e+00,5.475636193775181404e+00,1.494885828954477525e+00
5.031409287905218575e-01,2.665048744824314864e-01,2.925706795455675913e+00,7.187867923920927105e+00,2.111748686387644014e+00
1.979887272076750637e+00,6.262236825699389886e-01,1.173525136148483083e+00,5.659086141511570744e+00,9.222946261771811649e-01
1.110156437351972558e+00,1.768657231370643679e+00,3.362690415829189927e+00,5.880654975859708422e+00,3.825514411755415178e-01
5.335578589268250571e-01,4.342067800263692545e-01,4.510707088595286685e+00,6.050598870742868840e+00,2.154986452666932006e+00
1.187230720744610668e+00,1.929359741685593432e+00,3.549016215854682521e+00,5.499258308293446085e+00,4.088791617019465474e-01
9.666828209367246405e-01,4.552541968323419730e-01,1.821441515237383069e+00,7.431462499707013336e+00,1.556532667134253201e+00
5.775066698590178849e-01,3.170360345396501245e-01,2.724410608768033093e+00,7.406216642260445404e+00,2.058796068981654681e+00
7.651149006454914803e-01,2.455469351419111490e+00,3.868627457612910270e+00,4.783856807627589802e+00,3.421921519187230420e-01
9.080289573112798607e-01,1.717113933996602171e+00,2.573303814118914623e+00,6.324376099331348478e+00,9.617054750885494219e-01
3.340755079372013658e-01,1.558013935182089416e+00,2.447347856240542185e+00,7.311070335537348974e+00,4.656254279961595244e-01
6.376404862908495730e-01,9.660569676332442235e-01,1.929110376547499506e+00,7.523417000578319858e+00,2.006572962205037669e+00
2.385867622118882925e-01,1.547967887107157825e-01,1.168647089658753080e+00,8.025901794763257158e+00,1.942687839632120661e-01
7.702718284749141553e-01,1.794240152474974925e+00,5.218999690657730284e+00,1.767957238540545761e+00,2.817364610814118375e+00
8.159772119864538986e-01,1.354539340140957115e+00,2.878354977601224718e+00,5.905728137743594175e+00,3.500973562511948689e+00
1.609273580257482461e+00,7.277574466423581967e-01,4.231490888325932787e+00,2.455207530188108223e+00,3.090089102145002542e+00
1.038917180261751394e+00,2.914289730948448565e+00,3.425112084659731604e+00,1.023689338183955799e+00,2.496924242292129392e+00
4.105060018186394988e-01,1.639903205582901313e-01,2.160252354820153986e+00,7.482264796043218702e+00,1.904133651457231347e+00
1.069605851599767732e+00,3.360866333818454121e-01,2.713542865798526105e+00,3.740531968350865988e+00,7.109196054742394466e+00
3.549165500053000910e-01,2.349241619600543896e+00,4.057775414523531410e+00,4.797306788775482111e+00,2.571725604746279092e+00
4.577838369838566623e-01,2.729638419714826458e+00,4.197503895166342147e+00,3.651173489796090799e+00,1.142806585964959876e+00
8.041311143818274942e-01,5.283924675198775622e-01,4.788758255403902098e+00,5.241039373596930062e+00,3.410893883926776060e-01
1.145349508724367027e+00,1.667108914696593613e+00,3.759395209297561102e+00,4.224616717114001219e+00,2.387231372183447498e+00
4.801327040240802035e-01,6.691294732530290723e-01,2.059038260801940190e+00,7.586390408014377584e+00,2.109258746119654915e-01
8.926936874483225592e-01,2.046109138194947552e-01,1.839408607144724206e+00,7.205546322146949123e+00,1.704786202850957499e-01
1.030811219071526397e+00,1.983429425782621047e+00,3.841190521213497355e+00,4.203775572800831029e+00,1.382945841613670401e+00
2.575395897606509443e-01,2.741800657891866333e-01,3.847077788694215350e-01,8.051089691570370022e+00,2.490451440235646352e+00
7.472894037011246215e-01,2.064676539151163670e+00,3.279630347890437392e+00,5.768405785975689426e+00,2.124046995859913523e+00
1.247050346033837798e+00,2.073492869770863667e+00,3.472983331499263304e+00,3.132354076366819839e+00,4.239354694026080672e+00
1.173598090130675065e+00,3.031892963706111388e+00,3.693988584549611875e+00,4.437140466540452910e-01,2.640184390378737422e+00
9.131568868742889755e-01,1.984809695139895913e+00,1.694761459760935507e+00,6.645495759450737339e+00,2.227336290549941644e+00
2.581420437680107538e-01,1.729319143183669638e+00,2.274058791934635337e+00,7.102217613905011717e+00,1.347731581043357219e+00
3.715270396281820098e-01,1.490000138015443731e+00,2.542880866880139923e+00,7.002871709040611847e+00,2.672620497944784734e+00
6.487375939524679946e-01,1.053516935603699300e+00,2.095648771270126165e+00,7.293500744052697549e+00,9.387235917476541847e-01
4.514162298759638592e-01,7.475475161413551728e-01,1.411490012136213057e+00,7.794465019805945971e+00,1.817675752062967998e-01
8.239137850711206745e-01,2.177791150041482882e-01,2.166520544931388681e+00,7.226010395802410891e+00,1.909426939405578505e-01
4.978664657724344300e-01,8.295753541650792151e-01,1.249619770320065326e+00,7.805199857337502323e+00,1.925024127378533456e-01
2.995071010415495949e-01,3.169987178698398633e+00,2.604745530288187894e+00,3.915331464928776928e+00,3.666950688687968807e+00
1.093105911507309624e+00,5.880082966275146372e-01,2.472908546390649054e+00,6.094969700718694483e+00,4.128131782323227306e+00
4.841687982453942718e-01,3.338605416830514039e-01,1.169661965961059868e+00,7.579073920379950202e+00,4.221039900237729903e+00
9.187662125982927197e-01,5.993955838136255654e-01,4.737343855901549716e+00,5.277755405278898415e+00,3.778054200746464031e-01
3.306938110725436974e-01,3.432924025336853702e-01,3.352389848013545559e-01,3.819234724414302562e+00,9.306002453373311667e+00
4.544409480787601208e-01,2.761521871056260569e+00,4.351854369201552331e+00,4.201823901891593493e+00,8.865641197642734062e-01
9.922314979698958481e-01,3.918335133153135752e-01,1.090072885156224025e+00,7.615451424464781738e+00,1.136817636084511474e+00
3.123506659358405435e-01,3.257344934931427072e-01,3.819573730288191582e-01,7.597894222637158634e+00,4.349381469354981711e+00
1.099307254485236474e+00,3.906736128123988738e-01,2.881767997266400094e+00,6.126539526610738307e+00,2.611250216155313275e+00
8.357743040930312173e-01,7.863587724316524197e-01,1.664649517312231319e+00,7.477284457080977553e+00,2.301212477666812473e-01
1.063153678996084928e+00,1.460092331270230304e+00,3.948551210743947326e+00,5.540037472502363336e+00,3.520452126598738185e-01
4.721934719047232720e-01,3.987623586775362883e-01,1.071590988518064558e+00,8.106273477464124966e+00,1.013534051029611138e+00
7.896321064451691241e-01,2.472417170483560689e-01,5.331651020565100652e+00,2.937903051151206757e+00,2.962023927574405580e+00
1.092329897360021285e+00,3.735473231322536392e-01,3.347073200685858563e+00,5.531178224302212065e+00,4.601456215144729356e+00
1.108101807695178520e+00,2.850631741186340218e+00,3.616475435556842033e+00,4.042995561805786675e-01,4.072284994257969970e+00
9.313644686722525323e-01,3.881746884147095344e-01,6.004157244147262595e+00,1.761221919809969005e+00,3.999842825457446960e-01
4.099962770498888354e-01,3.580868978570647676e-01,3.442946958023616499e+00,6.794026462880134787e+00,3.217101371804024890e+00
6.365076688709221386e-01,3.177868027520506788e-01,4.174277412914555896e+00,5.925158468667957479e+00,2.753201957353924367e+00
1.701529666893949688e+00,4.296007095612324744e-01,3.508921337573280841e+00,3.819870857469763958e+00,2.995581985795212621e-01
6.418185230920356865e-01,5.996485319255887569e-01,3.329515496600062185e+00,6.826138165254810986e+00,3.239927381663413986e+00
9.030993255053996194e-01,1.754173897930279669e+00,3.948887778713273899e+00,5.245366586880533255e+00,4.451422255583639132e-01
2.492511845565386075e-01,1.976938466441446218e+00,1.427620278624537553e+00,7.249592885757872196e+00,4.058155632502067345e-01
8.451700485977132749e-01,2.261388395061317169e+00,2.292691106425801983e+00,5.727321612098829284e+00,1.953356818478838353e+00
8.605046051147178243e-01,1.281034351259283222e+00,2.830519853502865057e+00,6.306982446552320098e+00,1.441298393386948540e+00
7.733836013814316956e-01,5.101666655829788510e-01,4.369538071867657969e+00,5.229646379823122970e+00,3.954286871774983059e+00
1.052131329214787137e+00,2.756267067509435620e+00,3.324396699610923545e+00,3.627234342376893128e+00,2.147307969210033640e+00
1.254184664087759860e+00,2.845905057414107375e+00,3.069182358461111981e+00,6.149609220436991208e-01,3.572781838596678750e+00
3.537534994780534015e-01,1.757812273471662579e+00,2.347832754186590432e+00,7.222777072631253681e+00,4.865573452696357881e-01
4.658944486781282923e-01,4.327707797483164587e-01,2.473203811980583033e+00,7.874694710596347846e+00,1.028501579224215590e+00
1.186911180951889966e+00,3.740195832891607397e-01,1.390875789583440270e+00,7.240829744746222651e+00,2.456752432199363678e+00
9.174054917048570790e-01,3.260381341534966282e+00,3.453176114688518261e+00,7.052548105125286959e-01,3.239599429789601803e+00
2.677040038410911094e-01,2.011590282893870985e+00,1.141457843895742563e+00,6.935877320991026274e+00,2.344514942236320731e+00
8.137450186487575898e-01,1.900746560463266066e+00,5.269427628187548507e+00,1.987683873959583680e-01,2.778090340659904456e-01
1.166996355219182879e+00,1.868912191538170564e+00,1.028552304509130488e+00,6.930330960500177717e+00,1.063662696013890629e+00
1.279484215074699449e+00,4.757057932664784383e-01,1.426473305248708634e+00,6.929203053721713523e+00,1.470330087108272288e+00
3.070917806055048493e-01,1.775732007748969776e+00,2.308333281474705068e+00,7.216605750182330858e+00,4.662822964417721039e-01
1.408900971073263619e+00,2.819607497105514060e+00,3.207273624032433545e+00,2.874896115082277159e-01,2.153042398848206584e+00
1.839900537709639350e+00,4.938999876924645149e-01,1.023603533450384795e+00,5.784773712274197344e+00,2.622727637307400883e+00
1.005686771180944961e+00,1.577339752221913471e+00,3.169799327774973641e+00,6.380894271607518320e+00,1.103138733687572204e+00
5.958830071333709455e-01,3.815936829835432365e-01,4.527185484781345970e+00,5.933726552119938269e+00,7.921871291055743169e-01
6.973323580076471462e-01,1.211428337128882093e+00,1.819207269786807135e+00,7.171123930530755253e+00,1.677057270515741327e-01
2.176628576193928855e-01,1.996746734841597926e-01,2.768594152970342837e-01,8.163981742819281351e+00,9.371105983909884252e-01
1.524708681266017773e+00,1.336461195343297881e+00,3.911086768024807814e+00,1.579210504117908087e+00,1.841903022021877501e+00
6.637584152265513238e-01,9.303739846856824425e-01,1.198722694049421555e+00,7.671737646801509491e+00,7.622443533961796858e-01
4.644697926889744255e-01,4.093354095880216148e-01,3.036778363944339088e+00,7.294194014591256270e+00,1.637041281740263976e+00
3.009530360384114478e-01,8.760115835471899981e-01,3.732417816009549583e+00,6.515545729733879021e+00,2.218788799960537794e+00
3.366216149970822635e-01,2.188057722712670738e+00,3.211560366861096583e+00,5.951916952308610398e+00,2.614147748161812945e+00
4.054441821251531519e-01,1.569595453594569090e+00,2.472537242969889526e+00,6.843666779583932325e+00,3.795170418670330559e+00
1.119257953320435428e+00,1.113864823907201096e+00,2.423796697413793222e+00,4.522771849513357090e+00,7.184336862787658262e+00
2.926891254338803150e-01,2.203552754165399585e-01,1.095587627743092263e+00,8.115639372441130206e+00,6.702075734589926226e-01
4.624782019402910449e-01,4.910082773325086247e-01,2.843727843231614205e+00,1.454965446139897089e+00,9.486647563121266558e+00
5.967869771077475294e-01,5.859679061771468911e-01,5.032627692143043951e+00,4.993669772898384984e+00,1.683184057198634065e+00
3.645384993890512515e-01,3.165770091249730522e-01,1.537478070353095916e+00,7.792902073734918389e+00,2.922184490002794455e+00
5.757420284661173282e-01,5.981719287888935810e-01,5.017784389777852461e+00,5.158539290826862356e+00,4.276527854848432009e-01
4.338781669884183012e-01,4.398662429086714898e-01,2.881190783989396209e+00,6.920384887758533665e+00,3.696280873074582196e+00
2.325387894427883018e-01,2.051215618629869952e-01,2.898723970858879673e-01,7.901290554492648610e+00,2.920043093642055609e+00
8.751829559922952306e-01,2.186598243786148643e+00,3.269662186300803519e+00,1.394133835661721887e+00,6.739192595468902702e+00
1.815790016957578856e-01,1.418785037627978252e+00,2.478674292002116086e+00,7.028389026244954430e+00,1.547361064131336228e+00
2.198916876447231106e-01,2.018621744658293526e-01,2.792249086549354886e-01,8.184496809780801740e+00,5.107664588146272333e-01
4.575604687914949231e-01,6.138333478797334264e-01,3.074020466626600001e+00,7.349915538536656356e+00,1.680558031851870027e+00
7.877650435593865907e-01,1.276172529773326181e+00,1.758359541076902843e+00,7.395469700490053810e+00,1.088494952830448392e+00
3.078415642082833470e-01,5.337143623351284782e-01,3.932546539694725674e-01,1.545257565275798717e+00,1.004518533449988738e+01
6.951590165222256701e-01,5.822963534451496281e-01,4.325554219014712487e+00,5.734085941377131235e+00,2.990254973012064443e+00
4.318478464634368796e-01,4.636893721641229815e-01,1.515273886180380503e+00,7.910927797210635326e+00,1.713051452966229293e+00
7.863411889138001154e-01,2.898625048477374011e-01,5.746262331712681082e+00,2.735628168105314284e+00,3.059642782506626357e-01
7.038589047258061449e-01,2.439456147292524690e+00,6.353975758178588285e-01,3.887633756822319597e+00,8.485025988344693459e+00
3.355540667498602136e-01,3.437438534535220303e+00,2.551311977361962580e+00,4.270112341522573018e+00,4.033805071414908183e-01
6.028873491483833780e-01,4.707963523799173489e-01,3.356564511439428244e+00,6.955044254241196988e+00,3.024150522770455041e+00
1.084391123456671435e+00,2.611352958926356216e+00,2.645307586827005952e+00,5.574554621845242863e+00,1.265537218535677910e+00
4.206364288338047541e-01,3.628078593475210223e+00,3.166421788306209351e+00,6.367620487788443473e-01,2.440684555481720697e+00
3.941965792139198177e-01,2.503794223037626221e+00,3.352449736008772607e+00,5.278751877877423837e+00,1.759941831730811090e+00
2.787891331557239005e-01,6.333276640658951351e-01,4.410888944673768131e-01,1.553448174229099310e+00,1.008240463187530267e+01
3.690714548670004924e-01,2.317173111322595513e+00,8.471873695778303626e-01,7.087504686399207721e+00,4.443838868150337684e-01
7.495943227064747472e-01,1.459107439094187608e+00,8.950788093899224585e-01,5.635761772242362966e+00,7.289598606690160132e+00
9.739534165529093457e-01,2.951358043192881198e+00,2.917567106672330990e+00,2.087381320437758370e-01,4.315653770172061421e+00
6.008650262692586397e-01,5.435654696907468164e-01,3.948751898480480804e+00,6.078167236022002928e-01,8.737433475482315970e+00
1.334286479700898420e+00,2.523389704652057031e+00,3.670042820295823294e+00,2.698814435442966064e-01,2.553293605755561746e+00
5.765408087078711663e-01,5.655975547632964284e-01,6.442558220931798196e+00,5.804461401785286911e-01,9.238351180416851660e-01
4.070700117513776362e-01,2.762140943160436901e+00,4.039532776760069055e+00,4.294391783437015775e+00,4.374330637743192307e-01
4.584578438179234827e-01,3.083777237479741196e-01,2.124332169623369460e+00,7.894557051987125540e+00,3.441056218541111433e-01
1.894699855792820298e+00,1.419454733575894245e+00,3.544901564873518485e+00,3.509352490968715710e-01,2.180889183840443835e+00
1.034127063707908523e+00,8.126459629131048690e-01,3.246285713823600538e+00,6.272670353792214826e+00,1.536953077197709572e+00
3.095448578121069994e-01,2.728306807844634307e-01,4.130690247980479124e-01,8.064331696930265636e+00,2.348656448351348569e+00
1.010689194695277626e+00,2.653763207347425990e+00,4.248790976221458848e+00,3.556516961117317077e+00,7.222477251830533573e-01
1.240000104896811006e+00,2.115647164783784007e+00,3.150862099459728505e+00,4.858427808690826133e+00,1.464193244665406901e+00
1.235955215525067707e+00,1.110592220325576029e+00,2.301304010355631924e+00,6.665636912148619864e+00,3.560205377742506005e+00
2.043211917755994589e-01,1.424177413115188306e+00,2.496357387539354988e+00,7.089210028046240453e+00,3.388865743056819202e-01
3.231126274378803842e-01,2.923789986607236435e-01,1.141276913949342608e+00,8.061657973897665030e+00,2.300249630976207438e-01
1.007292671851189869e+00,3.550090764856582481e+00,1.966289103036617414e+00,1.759874963017830085e+00,4.513514512300781156e+00
1.105518178810595886e+00,1.846992100584624374e+00,3.889345335790242331e+00,5.142722732035372779e+00,8.564901239413919010e-01
3.805729869821544153e-01,1.457584583944435019e+00,2.106701513759085653e+00,6.035447635676304934e+00,6.167147397392155561e+00
5.887557005504678864e-01,9.580367052074987289e-01,4.128138971309834315e-01,5.962387140377122918e+00,6.518573969175528227e+00
1.588004159846376329e+00,1.165605787952336936e+00,1.117769383116539839e+00,5.942085324508502353e+00,1.018185885754086417e+00
1.054602247682824956e+00,2.592579408709971389e+00,4.216313005792422963e+00,1.105888915059877853e+00,2.521803525640123667e+00
1.206523357815572739e+00,2.886997082392127822e+00,3.736881589909750279e+00,3.159787518587644506e-01,2.521629719032774997e+00
6.256015252167546059e-01,4.536001323618754077e-01,3.434935324770485021e+00,4.965095712783597293e+00,6.598695834261798510e+00
6.717909927866632103e-01,1.074327700122805540e+00,1.557683957566759592e+00,7.654079053647276254e+00,2.683953950611975836e-01
4.902729970812025329e-01,1.607815062758371383e+00,2.474476948989284164e+00,7.215958738740987144e+00,4.659499557062604658e-01
1.684123448364523323e+00,1.594668200013715342e+00,3.295018194268334977e+00,2.878465904709363032e-01,4.053542501485435601e+00
4.775004522752216429e-01,1.059544407372381425e+00,5.540532872831978928e+00,3.915265283461403900e+00,8.582130772385723194e-01
9.767695140747201243e-01,2.127277176838900274e+00,1.505987359194599806e+00,6.518272025895142541e+00,7.206083439751777009e-01
2.865760171421604663e-01,1.767665906251954244e-01,4.470082884833250780e+00,5.405993507734891956e+00,2.514722782859207140e+00
1.576602231998956771e+00,2.439303409873967876e+00,1.547126108034211356e+00,5.014902829935255824e+00,2.531077485412495331e+00
1.317266218283144941e+00,2.089623898921181055e+00,3.163311319521164400e+00,5.179293593858333544e+00,3.847226910854111837e-01
2.504682711529259143e-01,1.123590901082111904e+00,2.888092106423335359e+00,7.138955784547688310e+00,3.886323308071295557e-01
1.002207614633572996e+00,6.087590095460486683e-01,1.099318817046852637e+00,7.829178694372601832e+00,1.071075232432373348e+00
1.767545751453727665e-01,1.339922191732308310e+00,2.596271555404133125e+00,7.089365329472096633e+00,3.390418757315377674e-01
4.354246837740141096e-01,1.026482384864012998e+00,5.393734219216033132e+00,4.599120188686293353e+00,5.610446301812974657e-01
5.236885213321144095e-01,2.185518388830968828e+00,1.040364510724827163e+00,7.415876563003275912e+00,3.910958573619121581e-01
4.095408448024422943e-01,6.262301451551172127e-01,9.677856246152320985e-01,7.934223529204367686e+00,1.867043784224960423e-01
1.015329767137538752e+00,2.528505478364974302e+00,4.364870408310574490e+00,4.541383409819174655e-01,4.797260080951033068e+00
3.356437557512528258e-01,8.950966642436514187e-01,2.514457323555968404e+00,7.660263951774142654e+00,4.076372729055822153e-01
5.461307649697912936e-01,4.216387629972617734e-01,4.403690269556024717e+00,6.249597131778079628e+00,4.826218796130246069e-01
3.413954898403163685e-01,2.471932598970921102e+00,4.358922985768890257e+00,4.374764066246271454e+00,4.938759043473408550e-01
8.593571987189154715e-01,2.358474088692617876e+00,4.698643960544681697e+00,4.734046431033507751e+00,1.039553042325611409e+00
1.080800085842427816e+00,5.718980764005617834e-01,2.755524278552203388e+00,6.646739899622110315e+00,9.968361878996849779e-01
4.646858221582865767e-01,1.668427866922360392e-01,1.216357312781925826e+00,7.924502640049390756e+00,1.959415912487766642e-01
4.037902784888417473e-01,6.510544373312997513e-01,2.104567740213690197e+00,7.551987038051818146e+00,1.662146165381240548e-01
1.110212768656766213e+00,1.568587792208158582e+00,3.317748517158848998e+00,5.877864051392245770e+00,1.059311274281327986e+00
3.584703960664470945e-01,5.010327404228831494e-01,1.844790662540578774e+00,5.770262446184682759e+00,6.910552476856074655e+00
1.364375664676793942e+00,3.290822127240620620e+00,2.575915429347320540e+00,3.400910706238871595e-01,2.384219053911083019e+00
7.462800589193669953e-01,1.247800497697445943e+00,4.195929465696424998e+00,4.206788574256278501e+00,4.318714690337765560e+00
8.904547773174651404e-01,5.386189120080189241e-01,1.276358522563190379e+00,7.456925663901048829e+00,2.653467786688653796e+00
2.896662457959719994e-01,1.411733440213538415e+00,1.890236684587337734e+00,7.378394219108774799e+00,1.824983460375494415e+00
5.520811147150592735e-01,9.681591217763534374e-01,3.850430449596436766e+00,6.001333677237567166e+00,2.574273939365822272e+00
4.278730144239394351e-01,6.247428349993762176e-01,1.639863152446215500e+00,5.498472959079915512e+00,7.306179280868013493e+00
8.685848188344184040e-01,8.918002724805991210e-01,3.598561760580721192e+00,5.980767984802389137e+00,4.154074693612284541e+00
3.663964485863547282e-01,4.431623126856946149e-01,1.287821179859306664e+00,7.071076147237578269e+00,5.265633953146705792e+00
1.105402467009132472e+00,2.873589828301793325e+00,2.163886127112288449e+00,1.081147833449116025e+00,6.403345347725394099e+00
1.169275900877285945e+00,3.710405848708500987e+00,7.683809243077928119e-01,2.664069479227337833e-01,2.168155359944956118e+00
5.939207746315037229e-01,2.866030707288447221e-01,4.005116558312304065e+00,6.392884564324852192e+00,3.134501197284305651e-01
3.233589070255051823e-01,2.734360077459564997e-01,9.060152416075193393e-01,6.668856821026361459e+00,6.146398238764474442e+00
2.394826481652811700e-01,1.654030620617063851e+00,1.495892660392401652e+00,7.192743319844476346e+00,2.850616940450319881e+00
1.075639122269315795e+00,7.654005161845993666e-01,2.831723962942876760e+00,6.668439189971048009e+00,8.229827326793339726e-01
4.267804814754243559e-01,1.919918057642548526e+00,1.793118818735690789e+00,7.446884096434915001e+00,5.252575986049525802e-01
1.214577708820709478e+00,6.469059808107515686e-01,3.522146385541687241e+00,5.592086333739523241e+00,2.408891318841789086e+00
2.484844532039224008e-01,1.195528887321940070e+00,1.925727846092061712e+00,7.662000516809130524e+00,4.075279009337299252e-01
3.314192941758308253e-01,2.668714046532164597e-01,5.881305866153007100e-01,7.776674393090213577e+00,3.428642253021129349e+00
5.306798902167509935e-01,9.174908608633044471e-01,2.030010288572837052e+00,5.446908799764051956e+00,6.904937402214716968e+00
1.193416529644270030e+00,2.491668382009919913e+00,4.064070273868276573e+00,2.640609062108769112e-01,2.856465755126929462e+00
6.852572688367902787e-01,4.461384174666145896e-01,3.143164565160629476e+00,5.947419005877695675e+00,5.957408736190084042e+00
3.365160390605302920e-01,1.334451751636024364e+00,2.412332428161809261e+00,7.547300722351471869e+00,6.246923950100493617e-01
2.894517839993624442e-01,1.127283506097649157e+00,1.978040644055775843e+00,5.168227182748448278e+00,7.365916853465271252e+00
8.306452325531340497e-01,1.410691230718632339e+00,1.428579943826694842e+00,5.607008499973932025e+00,7.065037102424597037e+00
4.326621381782602693e-01,2.023046305154866609e+00,3.756504645461673508e+00,6.190950669493048508e+00,5.014007199375578594e-01
1.656225920802353757e+00,1.279067322209236357e+00,3.757438931591651876e+00,1.913851694984058105e-01,1.699030624079522767e+00
3.202958798363113591e-01,4.280260438476741203e-01,9.252381758109264887e-01,8.013837772724407671e+00,1.822047619243618022e-01
6.627058602531498144e-01,4.023545145636762133e-01,1.707926185086083848e+00,7.760140141886897602e+00,1.025611653195608985e+00
1.792882936039246200e-01,2.032378105288852044e-01,3.453213071050745264e-01,6.525812083777060124e+00,6.187794929107845121e+00
1.036805852150602725e+00,2.661411773159134686e+00,5.033686642645180065e+00,4.546215598155773918e-01,1.846235943579766836e+00
7.848076582795757705e-01,3.938749232204684647e-01,3.049111584776531103e+00,7.205257636717067093e+00,3.590818199890894458e-01
1.455487854394472702e+00,8.549313242621250364e-01,4.346146806790462058e+00,2.497689042341208143e+00,4.223149106568707900e+00
1.179862431487150642e+00,3.563218116868661078e-01,3.148327750448988827e+00,6.062942483291696050e+00,1.451489393505057235e+00
2.064114006315268812e-01,2.233745176065138338e-01,2.721239014693224156e-01,8.119404861729528022e+00,1.434574423983301594e+00
5.136478231798462524e-01,1.105144633054170322e+00,2.593272147787790249e+00,7.063809709742255194e+00,1.077612810571784374e+00
6.990301653062510612e-01,1.013647220644351865e+00,3.153474694214435825e+00,7.166381541985440862e+00,1.071852848745351583e+00
3.851876867205216159e-01,3.753607619323870992e-01,1.004758057478563504e+00,6.128760383541034251e+00,7.001119485150649524e+00
1.378023382803125418e+00,2.621219714774037701e+00,4.221670243000622769e+00,8.609887623812656487e-01,1.622840872531471579e+00
1.508032514663133039e+00,1.210321615902383741e+00,1.132381080446032140e+00,2.581912437700470520e+00,7.250814237734590328e+00
9.492771652211122735e-01,5.290865354872952286e-01,2.164399124230983684e+00,5.961034760011078681e+00,6.640068991232188189e+00
2.027163245845708950e+00,6.791520981476258934e-01,2.088377497473979272e+00,2.426263943079442154e+00,3.521751460780723875e+00
6.140956979668952265e-01,6.439241419886666540e-01,5.176181215939690716e+00,4.526399063272974033e+00,3.378312199791993820e+00
6.022007248548990610e-01,1.144203415106714861e+00,2.543776427980192434e+00,7.219237712176666655e+00,1.685455097233679034e+00
1.071331544838650451e+00,3.585140361321249358e+00,1.670226601138181444e+00,8.944970086788548436e-01,2.091541143610141651e-01
3.031986232705363715e-01,4.663330389197016812e-01,1.838405375420017807e+00,7.640620700115960062e+00,1.720139500155841494e+00
5.076429479654355204e-01,3.663814278859603757e+00,3.076654203858010028e+00,3.128893530785327726e-01,2.915904559353684533e+00
1.253691465235326374e+00,3.684841551717067620e+00,8.701471849481869913e-01,3.881403412483924731e-01,3.816448781607574059e+00
1.255541612034835053e+00,8.868036820513132135e-01,4.568254135213027034e+00,4.384544085929983126e+00,3.994372388215261527e-01
1.787650480814017229e+00,8.096463128464616021e-01,1.542798747297670303e+00,4.749119747519703338e+00,2.507743716148930768e-01
3.858717691069721289e-01,2.267866818318931443e+00,3.175771201085345385e+00,6.215157096601835462e+00,1.594463818767620555e+00
6.190377553154120527e-01,1.029561956765939312e+00,1.445986411955174189e+00,7.510461025633357934e+00,1.660584981480586420e+00
3.807899171388901549e-01,4.712865795273008529e-01,8.233828638624340890e-01,8.107674976275928813e+00,1.773399251730731541e+00
1.402986416294535577e+00,3.224309762007830038e+00,1.450629705631669930e+00,4.452593282318903500e-01,5.437393026224203396e+00
6.520979847028308685e-01,9.468014860759177420e-01,2.085534520055612351e+00,7.534932275542453262e+00,2.724599501246563360e+00
5.713222780765867537e-01,3.629517486483630484e-01,3.934398043662586719e+00,6.180229974649327218e+00,2.496835881679638103e+00
1.210134948036639013e+00,1.881874431571070261e+00,3.006691388457987113e+00,5.483746493966309643e+00,2.167088928218774857e+00
5.484057845114536089e-01,8.129303031152650405e-01,4.011919949778475214e+00,6.089069151097586285e+00,3.028801045211754417e+00
4.498182486545042602e-01,4.246620960935852396e-01,5.318794265892118345e-01,7.371142878974556112e+00,5.349369117319838551e+00
9.518308160862133382e-01,1.471243975115907432e+00,4.819720632885988287e+00,4.821898294534634921e+00,5.074524914319121782e-01
1.801426314006386420e+00,4.234756213800107694e-01,4.103762024721621771e+00,3.361330077384497628e+00,4.321936652069590101e-01
8.683445588650020586e-01,4.682532387079826330e-01,4.196285998031471287e+00,6.204140254257029419e+00,4.170997305464266280e-01
4.421199910522527476e-01,6.242419722692913453e-01,2.235936382634504671e+00,7.645665638740585912e+00,2.415714593132962662e-01
6.290759630563410587e-01,4.016805054345188308e-01,7.727756422486362631e-01,8.092074520614881195e+00,1.939406944352598083e+00
6.406070472676895777e-01,3.097089061227064288e+00,4.433359858806293019e+00,6.848184676304911456e-01,4.159297867624251133e+00
1.113175757464738957e+00,5.623616411110050617e-01,4.387283444333510474e+00,5.842700601804342142e+00,5.860710347588123925e-01
9.520078482144836984e-01,1.513318672634584416e+00,5.501393951188255471e+00,2.002778643128839242e+00,4.290698667103894692e+00
1.075256491857146557e+00,1.663529713309207958e+00,5.121624720337077719e+00,4.023871486830515209e+00,4.721740592233154565e-01
6.214365407275979081e-01,2.958724359798386994e-01,4.448499148011738846e+00,5.753506405166445958e+00,2.893254455492019206e-01
4.343778448411894644e-01,1.295150462019376114e+00,1.172656795308296251e+00,7.738919547170773683e+00,2.291598453681976011e+00
1.134822423279414849e+00,4.988229984161837716e-01,2.552162930375238226e+00,5.760076806431134955e+00,5.072293395699071006e+00
1.025146197738426856e+00,3.409830511035582212e+00,2.381376985484953579e+00,1.800882289039872630e-01,1.687733683485104219e+00
5.966924375831349492e-01,4.869612472590381103e-01,4.289620251435338538e+00,5.738324406028678659e+00,4.388241946012038319e+00
6.968878640502228494e-01,1.060868632585355131e+00,3.242752739849346089e+00,6.436798527991143715e+00,3.267764821368523531e+00
1.369512492468596410e+00,7.674282468304305382e-01,2.285629762200540149e+00,6.405756000944702322e+00,5.256406882102018230e+00
3.997474514775855026e-01,3.378697080736928759e-01,3.327920519115630249e-01,8.108162591156988341e+00,8.189658311522216572e-01
5.298760606252361782e-01,7.399240483268874069e-01,5.661270028100624074e+00,1.787284794488090522e+00,2.553254273503257288e+00
6.479859369325974283e-01,8.590012193844767108e-01,5.584220343563611522e+00,1.859500380313528378e+00,3.877111927597752583e+00
6.222091837251308988e-01,3.695806892639118546e-01,3.330311183247870233e+00,7.207271992051371257e+00,3.942407773026496143e-01
1.233601581991992768e+00,9.688314375326627648e-01,3.461342629553452177e+00,5.923204117328908502e+00,9.848416016180518984e-01
1.816214064364620295e+00,1.412978286672964101e+00,1.347102227999457336e+00,7.305829891594353143e-01,5.637961629492905580e+00
3.944802319019038439e-01,3.520604664298363495e-01,8.517530595879295729e-01,7.913085692771211654e+00,2.668843073094748775e+00
8.191840895080068075e-01,1.423257857924607350e+00,5.155798576871121419e+00,4.193409389143157640e+00,3.766451299839484457e-01
7.534817871946077883e-01,6.089148766366085930e-01,5.816411363068530349e+00,1.886641178558427390e+00,2.700954141058130809e+00
8.023920090661613713e-01,3.245748638268732833e+00,6.874462061458278539e-01,7.919063889931968747e-01,8.228249484022832405e+00
6.046691573771242334e-01,2.669428314840663341e-01,4.187521151156820665e+00,5.652126810132668489e+00,3.254963300481141797e+00
1.517366458909439553e+00,1.314860337979690597e+00,1.136800046836912825e+00,5.710733527171792723e+00,2.959848596786021635e-01
1.035023092609794304e+00,2.563576893482852004e+00,4.178770769592520473e+00,1.403193475369713505e+00,1.283817641110644558e+00
5.000856115598830698e-01,3.185747790438228644e-01,4.260565292574401974e-01,7.542320302363929585e+00,4.361736172935405165e+00
8.678856480011214458e-01,3.087693941087013005e+00,8.552217697495386739e-01,8.584302273548976014e-01,8.781128143296838218e+00
3.657881599463863598e-01,2.619810613443712133e-01,6.518495158133155165e-01,7.881059573867061907e+00,3.157971245854661824e+00
7.477132889341977506e-01,2.111991352602539951e-01,3.789745569446102191e+00,6.229441212257053273e+00,2.457298472508564757e-01
5.194344672543471653e-01,3.206426088923170492e-01,1.107089530760700935e+00,7.964947530864218805e+00,2.642237025418806340e+00
2.083076707866825306e+00,1.536053359348518388e+00,2.043632742719377227e+00,1.016434146439857411e+00,1.592887779690277394e+00
1.442851225805086290e+00,4.641682731431640008e-01,2.813127617339792330e+00,6.539343797424427507e+00,4.903895184477333746e-01
1.277916897165375598e+00,7.140190305237072987e-01,9.436115626321950334e-01,6.548813669647277180e+00,4.368387328370831213e+00
2.055883952436595496e+00,1.838182918464910776e+00,1.526312208228355116e+00,2.979224215953472088e-01,1.805639416044535706e+00
4.963678229290989785e-01,5.988764290284318559e-01,1.203696054145549921e+00,7.761012562616078192e+00,3.806617244825176716e+00
1.220043898276532257e+00,4.402868610673896232e-01,3.525108979896536265e+00,6.305953666642097666e+00,1.069254849097352134e+00
2.070240246801430484e+00,1.690670152343964006e+00,8.232402502436613201e-01,2.544508108350936881e-01,1.775125602245222201e+00
1.325513382729599066e+00,3.319328825393674354e+00,1.918969421609104220e+00,2.413049349300656066e-01,1.748950389511182424e+00
1.177898964073289090e+00,3.563075481484546891e+00,1.645364735911034826e+00,2.906488406200130048e-01,1.697726465429658216e+00
2.663857372966335069e-01,2.214616845881842710e-01,5.892768955303452350e-01,8.201336389418308670e+00,2.620308931418510179e-01
5.838178181108512055e-01,4.883674230386382820e-01,3.705429101060280228e-01,8.067860174918545013e+00,8.676690599513843249e-01
9.871533784879014117e-01,4.110144052937486636e-01,4.467480817105757396e+00,5.702218836640352784e+00,4.225751292916557489e-01
9.837584247722794828e-01,2.861069864039231803e+00,1.957650392521127047e+00,2.747539423587391116e+00,5.871099760189053107e+00
2.799686406172667841e-01,3.291837423066228396e-01,9.114354846980107228e-01,8.158547868015318727e+00,2.631144417230929511e-01
1.009004663255484102e+00,3.091010827909490555e+00,1.210690900356983235e+00,2.823952929968687742e-01,6.039854070768837069e+00
7.264286471439660442e-01,9.240070771265382898e-01,4.131084235243206670e+00,6.386444059359551062e+00,4.279494513533140809e-01
3.886080162080495226e-01,2.946994976413634948e-01,1.431992080950684754e+00,7.341899724363733171e+00,4.580309762693040021e+00
4.275019021426557098e-01,7.729406284667337257e-01,5.200337770399573456e-01,8.104443977652666220e+00,9.487278050532089724e-01
6.915339821644572726e-01,5.499732305638354024e-01,5.575569135459572667e-01,8.014934975029081698e+00,1.075470285806478410e+00
5.072781115748441483e-01,4.174634090647065809e-01,4.100932602427995732e-01,7.963578828255404751e+00,1.805388899841682937e+00
1.087611428167847949e+00,3.622628644808476572e+00,1.449006027719048850e+00,4.416218235259973257e-01,7.903400629714162351e-01
4.024252206430269929e-01,2.438784021505477906e-01,1.406478503862110374e+00,7.999869586071690186e+00,2.475921053165410224e-01
8.625908465495983890e-01,5.805146919265193883e-01,3.929962964491833244e+00,6.164710896743986979e+00,3.168500764874874198e-01
3.405013265705880698e-01,4.651281765650100986e-01,7.488839601664647461e-01,8.154220293608775094e+00,2.609498339944057443e-01
3.005835313950462329e-01,2.516464361287805707e-01,1.149207742142403621e+00,5.827110874167341414e+00,7.258956196946349415e+00
1.259326876360698622e+00,3.885352249817035086e-01,3.198758657303468755e+00,6.332021122652059297e+00,3.813631949456676717e-01
7.921990056916248246e-01,1.016028961411136411e+00,7.476063863079547289e-01,7.813406132323117426e+00,1.857800711011960981e+00
8.299105747946629030e-01,2.283559514292812676e+00,5.008007453975577228e+00,3.005065880964536973e-01,2.787120914802511340e+00
9.043451961965339736e-01,7.119595769174831279e-01,6.975006780413329777e-01,5.088200084759559871e+00,7.277972961837672727e+00
1.848149855499519711e+00,2.779158916789444600e+00,2.314440266888437403e+00,2.010412241468796157e+00,4.594235305982425910e-01
5.986251903408177366e-01,5.138524537291810912e-01,6.161559379248742196e-01,8.187436251601406312e+00,3.934339896819896154e-01
8.329366058598455247e-01,3.075602742003331613e+00,4.435672089160735077e+00,7.144851568288006494e-01,1.974427464240133823e+00
5.195040906750432175e-01,8.399573288479593725e-01,5.313770399946640133e-01,7.875358158707412848e+00,2.960330359264235600e+00
1.241368418066333579e+00,1.000751508218121311e+00,5.438297985836408444e+00,7.057030529316323797e-01,3.088090931413691731e+00
5.604303015180505110e-01,8.453292813525938865e-01,5.666813837791823127e-01,7.093635428746797089e+00,5.531188473228390023e+00
1.267221265940500663e+00,9.878450643881513393e-01,1.127626880714665880e+00,6.996296647395217505e+00,5.460289858433230448e-01
8.310344252612402727e-01,2.711755302453742189e+00,1.342126879702655096e+00,5.565886356342668595e-01,8.723061749002827270e+00
1.365220885699055753e+00,3.145853426827354138e+00,9.957441344027646579e-01,4.168915247862524431e+00,1.878741262999126693e+00
2.133171489048353298e+00,1.754402029064784374e+00,1.086586281716753755e+00,2.810791275594960226e+00,1.014941053832129292e+00
3.585816230980109487e-01,2.826088392808905891e-01,1.562744638217583804e+00,7.879092860020703526e+00,2.511650835744125398e+00
7.943507892444916507e-01,3.072901531184941137e-01,4.246395355711369390e+00,5.941224613974055657e+00,5.153800617481858470e-01
5.906030790876961589e-01,3.363332970133997568e-01,1.042664821095370176e+00,7.933359504065835566e+00,2.818212630765886129e+00
1.961897825780277937e+00,9.328593887107583527e-01,1.990293285244780996e+00,1.750993951523640124e+00,3.888165521777397160e+00
1.076470832600766592e+00,2.999885174546323419e-01,3.012178638061092872e+00,6.410099148869255359e+00,1.956358390964153759e+00
8.959270912020351751e-01,4.357641026582922961e-01,6.003690250930597827e+00,2.474280682011039900e+00,1.120787615776930757e+00
3.504331747294511246e-01,2.708574251178509362e-01,5.724980935673589233e-01,8.246890344722180188e+00,4.878840148758765149e-01
1.033562718014405135e+00,3.176668616089416974e-01,5.343763588657571617e+00,3.274965014223941484e+00,8.627573018204180988e-01
5.717930200346910130e-01,5.039740521493003556e-01,4.173828388311071613e-01,5.899535836176162285e+00,7.398577783389544749e+00
1.034618829177702315e+00,1.018071867433912647e+00,4.442095556621419306e+00,5.429026974909553438e+00,1.293609115018792277e+00
3.633457724206839989e-01,3.109438169324060253e-01,5.946420793803622873e-01,8.108020211027021418e+00,8.188234510222548446e-01
3.263974346321726894e-01,1.670723680304995462e-01,1.098796559420256447e+00,8.040490786583232463e+00,2.088577757831878157e-01
9.821468244333837472e-01,9.317153846861139233e-01,1.144878687735655376e+00,4.470587201108714659e+00,8.360322407729476879e+00
1.161722138708801699e+00,3.204437569850444589e-01,2.437569495101381545e+00,6.882031041458040121e+00,3.304818901672437748e-01
6.791404531952143220e-01,4.371461493036159496e-01,3.940244759179534206e+00,6.531177223220307582e+00,3.641630681337116870e-01
5.112241133671686644e-01,6.472890417924428430e-01,7.132328351724815940e-01,7.794878848875857358e+00,3.348087412469918256e+00
1.006289206766402877e+00,3.187686329322835466e+00,1.897069364231849020e+00,3.755677011123695230e+00,1.881407149486872266e+00
1.449818983811439921e+00,2.964088644877677314e+00,2.933995676579840950e+00,2.967420443412753794e-01,1.247835815904713819e+00
1.608713929794708619e+00,3.683748623653905430e+00,5.913975849401865714e-01,1.841767343125408463e+00,1.367509535714603430e+00
2.587688154769191007e-01,2.872450012887641790e+00,4.147536361800050031e+00,1.267353990755801796e+00,3.640949668443480558e+00
1.220644575081444971e+00,4.123906463166679970e-01,3.579580405734844373e+00,6.195387998450471834e+00,4.109445931420367404e-01
1.218941972708641908e+00,3.124175101324506265e+00,3.518903049641760372e+00,3.334985126582445392e-01,1.848967281034617827e+00
1.129566394648848116e+00,3.271909084571066995e+00,3.657389816916154501e+00,3.716704836635998377e-01,1.747445164190446931e+00
6.898675906686650983e-01,2.436326884968688322e+00,5.004238686148879012e+00,7.110454124008944721e-01,1.992187426255155547e+00
1.601609867418054556e+00,3.978471956676074228e+00,6.249674370692620551e-01,1.085601823701540791e+00,1.020556037632195157e+00
1.626766449747060195e+00,3.972698601418175102e+00,6.334648903952515564e-01,9.269647133662610727e-01,1.029406841088382318e+00
1.472103659447374646e+00,1.547614214593684867e+00,1.169991106394480340e+00,1.726584939443520206e+00,7.482288842980371335e+00
2.005394723335495399e+00,2.969902837457772282e+00,6.380047660424790212e-01,3.537834180793978156e+00,1.269623835098733444e+00
1.190547107841318786e+00,2.999146975139439064e+00,1.853399897437232768e+00,2.258455579956437642e+00,3.700026355984651794e+00
1.311583958207193756e+00,3.210814361831030084e+00,1.943243378744088812e+00,3.767989115269773759e+00,1.741722956779044207e+00
1.134263577550450819e+00,1.231041286463412820e+00,1.019581063741314075e+00,7.897203769916259830e+00,8.545955275475205504e-01
6.050261730422465956e-01,9.498762617415150711e-01,6.051239140971074182e-01,8.182330685113356594e+00,7.266628578310854181e-01
1.571729058360823661e+00,3.763507394294945296e+00,5.408728430985028091e-01,1.802538847016198487e+00,9.334596058538977559e-01
1.247781512783947111e+00,3.452954426220194772e+00,1.481054491784957072e+00,2.595573883394347581e-01,2.803650119136549712e+00
1.548873089798589398e+00,2.988254853656624910e+00,1.492397895774008276e+00,2.709826279104324831e-01,2.734010035163389141e+00
1.075206842001844354e+00,1.203229655764523010e+00,8.976466948321928374e-01,7.366401914679657992e+00,2.643441795984823539e+00
1.348231691846239366e+00,3.375607675823662834e+00,1.501276656199981296e+00,2.760398495477556224e-01,1.749130533451026093e+00
5.929965918080317699e-01,5.991193838523496407e-01,9.086941193032379571e-01,6.472289191702031985e+00,6.937815843273513750e+00
1.394860090981917766e+00,3.233388691088197930e+00,1.265272071975661161e+00,1.992960111707767490e-01,1.698072497590225494e+00
1.847460439655240316e+00,1.835727899800253526e+00,2.942140274602025318e+00,2.795525295073037486e-01,1.787689015162208017e+00
8.989716474524153123e-01,2.534632673315652340e+00,4.520806938339156922e+00,3.226587323135042817e-01,3.659268783084960397e+00
1.159035891429859300e+00,3.692833757781355697e+00,1.520204759736112354e+00,2.604708683285915649e-01,1.011689325009911489e+00
1.617015142037734110e+00,2.133421500237591584e+00,9.384304535071217312e-01,6.252642087738736754e-01,5.903527046172565740e+00
1.175692844316762908e+00,8.107920540155439948e-01,2.577591964898591215e+00,6.442092983897801162e+00,2.932731701573880301e+00
1.501852933831801185e+00,1.339546805299563825e+00,1.299997550205172159e+00,5.525652551463791973e+00,6.293346201905236192e+00
8.339068061227806750e-01,2.336587824446466399e+00,4.895358225797584062e+00,2.581817268053114289e-01,2.243020884009924387e+00
1.489095465297014975e+00,2.195334434681545321e+00,1.297646752179124174e+00,1.278918696555402468e+00,6.599733100836989053e+00
1.664228676726930756e+00,3.823954794077937258e+00,6.266029138347007921e-01,1.206530741960930797e+00,1.391306006910693061e+00
9.878877262228688005e-01,2.140976146394534929e+00,5.128705006429369107e+00,3.425858191858694446e-01,1.914747090361057724e+00
1.469449993230158347e+00,1.694741646925664202e+00,1.159320805346093275e+00,5.455391977196422104e+00,1.595453978070051182e+00
8.555616078494817645e-01,2.665960848900797320e+00,7.308329845929676383e-01,5.785011585370979148e+00,1.658966405366319341e+00
1.200576783674614845e+00,3.738005685658513322e+00,1.211662094380158816e+00,7.765071450487260885e-01,1.725547294249105246e+00
3.835587763602188449e-01,6.376540788777014246e-01,3.045679500327490019e-01,5.826689027625580053e+00,7.399490911310442343e+00
1.184972253401840536e+00,1.336105752511623113e+00,9.862441674406138281e-01,6.924747527632570510e+00,3.078732030090668204e+00
5.124527846908277784e-01,2.173759752643705578e+00,1.744077017003849761e+00,4.075082250207653800e+00,7.459352904488220304e+00
8.281496831983130580e-01,2.460683840351194362e+00,1.498811125747213202e+00,6.219551939677755215e+00,8.382213002314139461e-01
4.128979214546377730e-01,4.923931811338374542e-01,4.092890872917194223e-01,3.581583921576053875e+00,9.322953216412605215e+00
4.553242448983296220e-01,6.909731509973895403e-01,7.523184128365512091e-01,6.457495971638320675e+00,6.713861465305023479e+00
8.921652805992181801e-01,2.058115263508475845e+00,5.317713209128818175e-01,4.433303740320813979e+00,7.563653590316915754e+00
1.429138148500410654e+00,2.896206444023459614e+00,1.255109931019400271e+00,2.283914674053116656e+00,4.901539816532829441e+00
9.646529163343169344e-01,2.830028525319865373e+00,1.187054311058602707e+00,5.129281327209396224e+00,2.575320205499262993e-01
5.960176816002719091e-01,1.176264495788499786e+00,1.490134763035543486e+00,3.067272044329730551e+00,9.133251321017672453e+00
1.321964328821547907e+00,3.525341046374768528e+00,3.093253001726461004e+00,6.080694108350600535e-01,1.077528754340827621e+00
9.224375483591380487e-01,1.532857328644102068e+00,4.271309184223015976e+00,5.260716734387677285e+00,3.908381586486288639e-01
1.183493669216708399e+00,2.892913883746386805e+00,3.741142255428865138e+00,2.648221962738924740e-01,1.219021713395186168e+00
1.192207455696342677e+00,2.682024314815053323e+00,1.757803237587570067e+00,5.571717076924833201e+00,4.098430269055632902e-01
1.039444346845387557e+00,1.824534731593573156e+00,3.037388795749489390e+00,6.251153882723698096e+00,1.893274626579527720e+00
1.275966731255707476e+00,1.794765731151231947e+00,3.428266839658559828e+00,8.542351055514035840e-01,7.294717070445094542e+00
1.025044414306974572e+00,3.887917679277608229e+00,1.533867995845555221e+00,7.395330357856523262e-01,2.073393414676170110e+00
1.050636963360602749e+00,3.295898507900382857e+00,2.521223615732250067e+00,3.366281117003071532e-01,3.457478806788306880e+00
1.179944353294773540e+00,1.441375355321061758e+00,1.024451749583247917e+00,6.871169892921517253e+00,6.139529066237399135e-01
1.060007067240377854e+00,3.063223317081604780e+00,2.630443727886750516e+00,2.949563944537823557e-01,4.882819539062604797e+00
1.160787559945018810e+00,2.080285886557478037e+00,1.168275831476475402e+00,6.457559726593768090e+00,6.566455103331534371e-01
1.046888027536545085e+00,2.891768700769862033e+00,1.142934270696200683e+00,5.194304304289548035e+00,2.941007296387206371e-01
1.214330890450646683e+00,1.433758668988399654e+00,1.064830262307374209e+00,6.480370810556888017e+00,4.139244204340452704e+00
9.126244228449991169e-01,1.081478053702053632e+00,3.156564897483248089e+00,6.980767095398268118e+00,1.132010375008789538e+00
8.541155178600801090e-01,2.242371163880567231e+00,2.808835800245139680e+00,5.519118697829499709e+00,2.868676745123345473e+00
4.524427397424871100e-01,5.921753282978252653e-01,4.830179093864398476e-01,4.998320955246426500e+00,8.505715272447700315e+00
1.032408839683682134e+00,3.360406275776683493e+00,2.593594702010070474e+00,1.863646034312970823e+00,1.743303422989527451e+00
7.867157593143290217e-01,2.386426485051701629e+00,1.005583083595743554e+00,4.002830281348722430e+00,6.372161155457634507e+00
1.176580385190419076e+00,1.697042156730046658e+00,1.161330860080411531e+00,5.249029984442812768e+00,5.012298870425672348e+00
1.215582440002804354e+00,3.100027112955140662e+00,2.541437285624988718e+00,2.095555402792297628e-01,2.679952302088505878e+00
9.971919769487296303e-01,2.364489308000003565e+00,8.006899078688105575e-01,3.959759232558538233e+00,7.007831510233276440e+00
1.052162888015148123e+00,1.595537355546364999e+00,8.932914806932511498e-01,4.004224863650091670e+00,7.442138980278360627e+00
1.104249332627655455e+00,2.561956401098064884e+00,1.361276268425503533e+00,5.050523978982737638e+00,2.071848918722144717e+00
4.147964705227132898e-01,4.528128545274694439e-01,3.770349817851267327e-01,3.733995205543011231e+00,9.219944079428508132e+00
8.738560185080916920e-01,2.252745465951720316e+00,3.013938697457513971e+00,5.796002000467567861e+00,3.916510836587769884e-01
1.668845390977024445e+00,1.994566205255366320e+00,1.369238875635140129e+00,5.311483995370661404e+00,4.331693311423331361e-01
1.377311336396941588e+00,2.563424381411205655e+00,1.331690238390089931e+00,5.243363588359509997e+00,1.581224432249825451e+00
1.126100593095864966e+00,3.273232753042096821e+00,3.325131989795713228e+00,1.507679328694725651e+00,1.311373861250722861e+00
2.023098672788210983e+00,3.334787978457790736e+00,8.642286193612825906e-01,6.579102536539345181e-01,1.014109956400072399e+00
6.796675988512005384e-01,1.434391579220660518e+00,5.901000004983267822e+00,4.285067990160930096e-01,1.836381733117185888e+00
5.420863573283180026e-01,1.567232538751220039e+00,7.539979673793257842e-01,3.121422869405124256e+00,9.207627408191878970e+00
9.462624687806751034e-01,2.722063686591874365e+00,3.626575942115413120e+00,2.636832488189649326e-01,4.516059287060135041e+00
9.906923232789066613e-01,2.449996366027491934e+00,4.809548835472672756e+00,4.041366560038576194e-01,3.445243374272104919e+00
9.166406730678932080e-01,2.480228719525507053e+00,2.327399802332806633e+00,4.855156584840725209e+00,3.970302573665082768e+00
1.130438105073898747e+00,3.679404413328727586e+00,1.261499960404939724e+00,2.263996618876627509e-01,1.157869731711280492e+00
1.778405056749857938e+00,5.370599628683087046e-01,1.186268369910845166e+00,6.041947135958603887e+00,1.112208102456457404e+00
1.003639401554842436e+00,2.734276530437708352e+00,1.250044019557770447e+00,5.529473526845708697e+00,3.875754412415010730e+00
1.145157896509763518e+00,3.038160593974187584e+00,9.570943651427876731e-01,5.297406360031443384e+00,5.492935408315264834e-01
5.881408111955015450e-01,4.018929999569133216e+00,1.530285921410066363e+00,3.149511285539901007e-01,3.036917118590411580e+00
6.797239473417616695e-01,2.593654617571452103e+00,6.045248140568363349e-01,7.480898004569696447e+00,6.781328111882275467e-01
7.888302475027084704e-01,2.397054981958865127e+00,1.608516675201531410e+00,1.918572105320478505e-01,7.589897261521374894e+00
1.168875776626011387e+00,1.628492981368090176e+00,3.649289835475613586e+00,7.197780327743614759e-01,7.668814494352824696e+00
1.066460362679171325e+00,3.578146286116668406e+00,1.424528829646810824e+00,1.757369581584228846e-01,1.683382412739539813e+00
9.683977277324389288e-01,2.834703391012326712e+00,1.190910009171032513e+00,5.128647676222407803e+00,2.608876451324659285e-01
1.309802810272060469e+00,3.350315711915239358e+00,1.459689856979879519e+00,3.188761061455918089e-01,1.992179774341691578e+00
2.076919416151064901e+00,1.948078869805975888e+00,1.591393316072045927e+00,1.866908126051711747e+00,4.099419380042548244e-01
1.218400960089605523e+00,4.398067115758012235e+00,6.470625731321709706e-01,6.975388324631831560e-01,1.033977247586021164e+00
1.847053262828205700e+00,9.474500720767278228e-01,7.385197203932170051e-01,5.565903019653194228e+00,2.353550517627054806e+00
6.398177272594187670e-01,1.508099931763342783e+00,7.433395983323272116e-01,7.688249612064266714e+00,1.158951481813447426e+00
6.329565322483758916e-01,5.398484235667226905e-01,5.560220053905160498e-01,7.884816107009959829e+00,3.645321727027068359e+00
6.551451002813382107e-01,4.822893321302107461e-01,5.701068696621380827e-01,7.525382908586752961e+00,4.237981771191339675e+00
9.391096484603213002e-01,2.665302805189185609e+00,1.128578884264116455e+00,5.696804069637174450e+00,3.680092176528600989e-01
9.701899901142262417e-01,1.892224625793322623e+00,9.542332900154639752e-01,4.146386178436436865e+00,7.635865852374907448e+00
8.438630122530101918e-01,1.583210057687190364e+00,1.738332007362622278e+00,4.334144173671033329e+00,7.753493402280378533e+00
1.391356858801706231e+00,3.318634032328369621e+00,1.617745347680850099e+00,4.145953518167857510e-01,1.130953198861984976e+00
1.418855549144635297e+00,3.141137433468870643e+00,1.518890188378741568e+00,4.217879518469227484e-01,5.370904615461487452e+00
3.810707721645698598e-01,4.223101316633269597e+00,6.540254387024269089e-01,2.815784854791270608e-01,1.518944677864973336e+00
1.284481248042872226e+00,3.402158600260716259e+00,1.376253876222145234e+00,2.977628643651379026e+00,3.707990900502135645e+00
1.563129936369254791e+00,3.096517048319669563e+00,4.799303825319089500e-01,2.258370760613090666e-01,1.733482530642425967e+00
1.877621518623293184e+00,1.896646272495687402e+00,1.469003658105445975e+00,3.870647101837908721e+00,2.425765544154257825e+00
2.005114471452702496e+00,3.074656622471803935e+00,6.122033460190647869e-01,5.910977654688451821e-01,3.177554698306804593e+00
7.813415282056550559e-01,4.462190883272616482e+00,5.527390307644169942e-01,5.851782952889608147e-01,9.396524940891668454e-01
4.334495868028542254e-01,6.037331378777424096e-01,4.321653081042011735e-01,5.543810631182115145e+00,7.851893347908546872e+00
8.876781854437191255e-01,4.259995614419362475e+00,5.594875984101602695e-01,5.696105218687204097e-01,3.620209342428094335e+00
5.312214138425559451e-01,7.583227091408062392e-01,2.723649560927504876e+00,2.538069729459882407e+00,9.227486789766533803e+00
1.261253458261586857e+00,3.702526853056888001e+00,1.155466790203512728e+00,4.076394141507129198e-01,3.762454261061249916e+00
3.906386026051845151e-01,3.997945118150000865e-01,7.249559094619373312e-01,3.073822992448465463e+00,9.777702617862258805e+00
6.258726664962648290e-01,2.116306352351403408e+00,8.202271609481599501e-01,3.728796729395576381e+00,8.539891369905637575e+00
9.290356084199833386e-01,2.045790306200229836e+00,8.655716914532464168e-01,4.935174410299533854e+00,6.951717690309209274e+00
1.165519018045064970e+00,3.465548680473977239e+00,2.202456121645676834e+00,3.458581451637821047e-01,3.759348641775285493e+00
3.982351770427136062e-01,4.452506921472716428e-01,3.972429124399007305e-01,2.510161208640900643e+00,9.997787829958273420e+00
1.981667882606390929e+00,1.729821620926808912e+00,1.713620138621065880e+00,2.322097763619870747e+00,3.109276521570151441e+00
5.883099811290042336e-01,3.992510821732888182e+00,1.758236599457892124e+00,3.070100446223756330e-01,2.835086715795463785e+00
4.599174683433945310e-01,6.761127700461825318e-01,3.935941206649429813e-01,7.883550535107151980e+00,3.379605183300109950e+00
4.655377532901721072e-01,5.206119720181163757e-01,4.643754093777470171e-01,2.939458882151775310e+00,9.918697796090254926e+00
8.677883310612408696e-01,1.566503091049082919e+00,1.039484314937638931e+00,3.097560167893323335e+00,9.006514548155461597e+00
1.314434829658772008e+00,3.749632131043251881e+00,6.074811986184438517e-01,3.393312891525930852e-01,1.819088193069691384e+00
1.195594152606246574e+00,3.430992293891784950e+00,1.526943282097089405e+00,1.842468150776895019e-01,1.691892269658806347e+00
1.308735988912546500e+00,9.156075017012377248e-01,1.053221381635135678e+00,7.769137534888213459e+00,6.498149136336714982e-01
3.276041006473979778e-01,3.966803341523335580e-01,3.340026661355994242e-01,8.288702840161676022e+00,3.445471371985244780e-01
1.503843793736440615e+00,3.153244688618986658e+00,1.902217240586153268e+00,1.439845928679294174e+00,1.265698988220096854e+00
1.130138379229670864e+00,3.514615133991536577e+00,1.470071779393427924e+00,2.757270990152182577e+00,1.792800495927357129e+00
1.214153288065042746e+00,2.830547723431887430e+00,1.061494838974260446e+00,5.794473715718708284e+00,4.536266511952324887e-01
1.159638722385710086e+00,3.675644108358481876e+00,1.518322976269101066e+00,2.673834995993026320e-01,1.660040616509562028e+00
6.459065049253850388e-01,1.324848543157614467e+00,5.559946631844267628e+00,2.628420100453895625e+00,1.778763791489586854e+00
3.877450756251401010e-01,5.348514628555334216e-01,3.795362957981102126e-01,6.110797044475330786e+00,7.060312322827885900e+00
9.099542509184523897e-01,2.247695625243736561e+00,1.003728904455696069e+00,1.834860230252744751e-01,7.775365498667873965e+00
2.001848495346621348e+00,1.709269867120223996e+00,1.483811600129698816e+00,2.469626426671222008e-01,2.228331762858892340e+00
2.906677130579163326e-01,3.352369306463604537e-01,2.899569891370811225e-01,1.863090360072150453e+00,1.005605896745588623e+01
1.418871168167901153e+00,7.975474726695307437e-01,1.064863408143048584e+00,1.906393577829368358e+00,9.136438412173198742e+00
1.285631219008484871e+00,3.235576052077398401e+00,2.953313001910804925e+00,3.136832597704586889e-01,1.787234685094225117e+00
5.532220916888002105e-01,7.133377558363241944e-01,5.507674854065007786e-01,4.274350479123751434e+00,9.187239546701245985e+00
1.258441039877105094e+00,2.461352061847529971e+00,1.238207779555690280e+00,5.663938628250853924e+00,4.424369855191799594e+00
9.460331426815586919e-01,1.156744128138621486e+00,8.306145816350729572e-01,3.495247952966002991e+00,9.256156348646110033e+00
8.836253154940895138e-01,1.650232241600400052e+00,2.302016714675853226e+00,3.806201543410714816e+00,7.883556936782064817e+00
9.406464174245400267e-01,1.845381509343321680e+00,1.255602666079641327e+00,4.161726723448412990e+00,7.559357761503067152e+00
6.721268258149009078e-01,1.124821237660055484e+00,6.240246354816713081e-01,3.744314816224492137e+00,9.109885652151335833e+00
9.024240596696859740e-01,2.152327408507799245e+00,1.745199239919831502e+00,5.651002636409844015e+00,4.861113766292008087e+00
