{
  "pop_size": 102,
  "offspring_ratio": 0.75,
  "selection": "tournament",
  "selection_pressure": 2,
  "use_external_archive": false,
  "archive_unbounded": true,
  "initializer": "scatter",
  "crossover": "sbx",
  "crossover_prob": 0.7191154361056405,
  "mutation": "non_uniform",
  "mutation_prob_factor": 0.7332317029555462,
  "mutation_eta": 33.749430577960005,
  "repair": "none",
  "archive_type": "hypervolume",
  "archive_size_factor": 10,
  "crossover_eta": 22.509899105303695,
  "crossover_alpha": 0.3717828037217612,
  "blx_repair": "round",
  "pcx_sigma_eta": 0.27481431690631963,
  "pcx_sigma_zeta": 0.07406937935091883,
  "undx_zeta": 0.6217176942835042,
  "undx_eta": 0.6743152998187507,
  "simplex_epsilon": 0.15416522578136652,
  "nonuniform_perturbation": 0.12489200141075664,
  "gaussian_sigma": 0.23257001908659733,
  "cauchy_gamma": 0.3009722241307745,
  "uniform_perturb": 0.3221396518015448,
  "scatter_base_size_factor": 0.2
}