9.752494077193093469e-01,2.333991299691914545e+00,3.589161721861435783e+00,5.421318022778361723e+00,4.867384813745943006e+00
1.353389413782375872e+00,2.727493913041260321e+00,3.748959456127689549e+00,3.013110399518895477e+00,3.018443853871155103e+00
4.759020789313350708e-01,1.789773606481509294e+00,1.051415003463363806e+00,5.745463718045467516e+00,6.910999496744412163e+00
1.111511481236513887e+00,1.343375983068861856e+00,3.841393815051804772e+00,3.714819565505439236e+00,6.688462280326410436e+00
1.070914409971793990e+00,1.749358947490231131e+00,5.070748633712725884e+00,4.265230551286701477e+00,2.532152492956694090e+00
1.499143670218928470e+00,2.869832168440102471e+00,3.707779848540965872e+00,3.588875686983524993e+00,1.563639974671031663e+00
1.769903512750316654e+00,2.718471485401437793e+00,2.814018430272131610e+00,3.510458244146560158e+00,1.853743219230449935e+00
1.085899354821679541e+00,9.996544685338757397e-01,2.716809737101384847e+00,5.593294509593706110e+00,7.068861948499084669e+00
7.199600976566327137e-01,6.803581973004629857e-01,1.029196936473188106e+00,1.780653574153254315e+00,9.972104679190000098e+00
1.707302134590171105e+00,2.320506886528804991e+00,2.763402477412595815e+00,4.144895385089171214e+00,3.584723150919203682e+00
1.434885938930900107e+00,2.544930613136084041e+00,3.277804961533620887e+00,2.179946728082477581e+00,5.157658743227644393e+00
1.409162176063552874e+00,1.682833708970143505e+00,1.578009659522546571e+00,4.398443508145218672e+00,6.658486831772790993e+00
1.205969043956439668e+00,2.605237233744701619e+00,3.632331195856852268e+00,4.286422565173056753e+00,1.364121267363860746e+00
1.149271752637309962e+00,7.419230190248283785e-01,2.381079340435213965e+00,5.477589001576196104e+00,6.860697478672533656e+00
1.154691312933468605e+00,1.684106719689273834e+00,5.216344840341188949e+00,3.164529948962232275e+00,1.785062174574188587e+00
5.201481009176507353e-01,2.369487573705239658e+00,9.027205036211413125e-01,3.661816932386548817e+00,7.953914893325397806e+00
1.639351689612991381e+00,2.358736458129305102e+00,2.441508978743856417e+00,3.851410350103641633e+00,4.155534696966965313e+00
4.647872301465044709e-01,1.520808379601749305e+00,5.019100477286611017e-01,5.601809325677280960e+00,7.421919361168805018e+00
8.786750875240718628e-01,2.549428686260717836e+00,9.291643479852568221e-01,2.639378049772304280e+00,8.540815202870568612e+00
9.354052846808842414e-01,2.570581174575176320e+00,3.683764455624902290e+00,4.085606212707872054e+00,5.014300297290039232e+00
1.007971177083250236e+00,7.978161642064474091e-01,4.719105458958200217e+00,4.585785716573825610e+00,3.998800324810327211e+00
1.376682780346306201e+00,1.748334380559915857e+00,5.447206291164907732e+00,9.635080477022106571e-01,1.561771963769749805e+00
1.084474403671938703e+00,1.073055583927364331e+00,1.836650923102546518e+00,1.476119958131602683e+00,9.123432636256710637e+00
2.503724497023702700e-01,1.135330498747829875e+00,7.099870653983134661e-01,6.142409312749075312e+00,6.507636114869617572e+00
1.401543622794414468e+00,2.458051569949135207e+00,4.170011036974296204e+00,3.583719235847228735e+00,2.257190029459597014e+00
1.250829785545853223e+00,1.577676970670711221e+00,1.701737591767972679e+00,4.989536821960579793e+00,6.380060598898066537e+00
8.850095539269180467e-01,3.338363223403433722e+00,6.839647566295399272e-01,1.401266641623658771e+00,7.184066823238882016e+00
8.921305727432852217e-01,2.610396750634280227e+00,1.947587874735338787e+00,5.363412985584264270e+00,5.881594142362634337e+00
4.250697565956891300e-01,1.728028366042900110e+00,2.107054040797871508e+00,5.933294195208429933e+00,6.094127206256111151e+00
1.085238056566371956e+00,2.051492329831941852e+00,4.948139866311374035e+00,1.353879958278347839e+00,5.971577827839482211e+00
7.313769011410025112e-01,2.132225936143113287e+00,4.074180563247389308e+00,1.739690095370947098e+00,6.829434141091084598e+00
1.226520515568623182e+00,1.816469259852300677e+00,5.132346509077729380e+00,2.388899270743751302e+00,3.058682991622940772e+00
3.356218698905653053e-01,2.710477562682251929e+00,3.193725517449639728e+00,3.447713230904638770e+00,4.812893544175484983e+00
1.596992883987141898e+00,1.733226777546596598e+00,2.634731729620401364e+00,1.520887676199314864e+00,7.355564931378141935e+00
1.619040996532597143e+00,6.983947490500976851e-01,3.483439148633930671e+00,5.347084618286300994e+00,1.312555646206612359e+00
4.113633876874333017e-01,1.451833119830788110e+00,2.916826477873285750e+00,6.210001414610680115e+00,4.987087869539386986e+00
3.775031291511312670e-01,1.998604272262255677e+00,1.023599539770053024e+00,2.248617586588700146e+00,8.761142834048602168e+00
3.589683989422405297e-01,4.048610837927636430e-01,1.687790772977082021e+00,3.951922211546893937e+00,9.011482157960244876e+00
1.043183169181054470e+00,1.350035857395670558e+00,3.175921189436792247e+00,3.589446398421087370e+00,7.381575375481569168e+00
1.320902968165292402e+00,1.911612949587941479e+00,4.877867464403492725e+00,4.242729265866767463e+00,3.186272168908980795e+00
1.322269100887827786e+00,1.816014865059756511e+00,5.422862914549651414e+00,1.372528417601944550e+00,1.286587701787950344e+00
4.219914226671367397e-01,2.264949389505591437e+00,1.297527890434992504e+00,4.985586186027172850e+00,6.845575214039432588e+00
3.834666149873481311e-01,1.352012170715646500e+00,2.668343950212391125e+00,6.751977599073269332e+00,3.503621030315182239e+00
1.197546925129296502e+00,1.944453113221300544e+00,4.769411312989664253e+00,3.881560298746367987e+00,3.354486948927229317e+00
1.612302062172885631e+00,1.340616461327679421e+00,5.450687368578653214e+00,1.825911984074318095e+00,1.152173091370892966e+00
1.282927130255389958e+00,2.557673480771078367e+00,1.142434316697114038e+00,3.445423065843568722e+00,7.110534436659186497e+00
5.851627493926058188e-01,2.190540451065706051e+00,4.755750707797302468e+00,2.827835390253490289e+00,5.460103671574445983e+00
8.968913724377116647e-01,3.057733088529397847e+00,1.971648158185046462e+00,1.377455675961576365e+00,6.170364090700720006e+00
1.399260044101725331e+00,6.036958001874604962e-01,8.122189966664548066e-01,7.398107988938097179e+00,1.531410340406259341e+00
1.026318462382235674e+00,1.712858862189874154e+00,3.576386355787679605e+00,6.045210367568075505e+00,3.055932490301484172e+00
2.828321109250102050e-01,3.558502894516208381e-01,3.560615762093806147e-01,4.462487410648334318e+00,8.778593982458991363e+00
1.817020435737524420e-01,5.056538799750059932e-01,5.078599418037450519e-01,7.919031959612012450e+00,2.450350798799528995e+00
5.872792425407227235e-01,2.525651554717936786e+00,1.981628170520376653e+00,5.538484265343588397e-01,8.432190150490315617e+00
2.245480012371145473e-01,6.763696670472387762e-01,2.412576429201133799e+00,8.408454435324956844e-01,9.356464948769266599e+00
5.048892674966022343e-01,2.580318546067610797e+00,1.025641845131726626e+00,4.508179010083013694e+00,6.859193729327187405e+00
5.031554659211755487e-01,2.261359571317857142e+00,9.705555369068747940e-01,3.662714770094231742e+00,8.104736912520859704e+00
1.156414773821377029e+00,5.453182352025691682e-01,5.437275016268499073e-01,7.404177301184479809e+00,1.299766774458659402e+00
2.334393705967628962e-01,7.075680057693534142e-01,5.673549324802421800e+00,1.824608988666842846e+00,3.668628929787878690e+00
2.507076687527071135e-01,2.829718355398859186e-01,7.323327714206153694e-01,7.339952594589472135e+00,4.810542548551193676e+00
4.674900644031920738e-01,1.735013492543193481e+00,2.854961044498538048e+00,2.428791627823314592e+00,7.771673728808322856e+00
2.448431778477602738e-01,6.173003330600630445e-01,2.048526852638113294e+00,8.028096793845858059e-01,9.637964441045580699e+00
1.682329714125394282e-01,4.622711017815256951e-01,4.067315593439654320e-01,7.693966722652102241e+00,3.407290565185903564e+00
1.282982116134004924e+00,1.917614851938177711e+00,4.312864330802573143e+00,5.534241775231165228e+00,2.270224104458441250e+00
2.487684974571927610e-01,1.323263438563197836e+00,2.676358308298613320e+00,1.539268626048578392e+00,8.757100513781962192e+00
2.040920755498269734e-01,2.862839169244375093e+00,2.974483541910799111e+00,1.201025824909811357e+00,5.511199890718193828e+00
3.150104758055492504e-01,6.335762044399202431e-01,2.219625834484273419e+00,6.565421195086826422e+00,5.592149096101054262e+00
5.208100136585492868e-01,1.599496755269548043e+00,2.943440867915785741e+00,4.278511381451884255e+00,7.697065106406864032e+00
2.903318593030366768e-01,1.299540055105619096e+00,4.846385038408181245e+00,2.540385609010120671e+00,5.161128967653595190e+00
1.214547852388716098e+00,2.306388742341128228e+00,5.477206285351005732e+00,1.271030524384997085e+00,9.945701178299379830e-01
1.406169968356540734e+00,1.602032822344349627e+00,1.772575357690161280e+00,5.602654305441392424e+00,4.555548288533324275e+00
1.893740318714860205e-01,1.835120012935949896e-01,1.364559030408635687e+00,7.016846949449790038e+00,4.932455329467757998e+00
6.725432473137358258e-01,8.807394426463373005e-01,3.187127853363548535e+00,2.335223936669097444e+00,8.582451921062281386e+00
1.250146552479345141e+00,9.318113118580395593e-01,4.139537124718899008e+00,5.521025561247205893e+00,4.054199198534856663e+00
2.941293763644485804e-01,6.411147655359266118e-01,5.107391155814884343e-01,1.940707447168863231e+00,1.000689362807658433e+01
3.047725396274318377e-01,7.003283024223961872e-01,5.523947977323897973e+00,1.039242282416306118e+00,4.996716008329715741e+00
1.558490526867055692e-01,2.013401052635009902e-01,9.553583051002524362e-01,6.709714752916563718e+00,5.726203384835978127e+00
2.157888901620006461e-01,2.027752654299964097e-01,2.368711114216890845e+00,6.754423290794707491e+00,4.526951222633406324e+00
1.888504749125138049e-01,1.831289522724003915e-01,1.335867278409127001e+00,7.180984508335047423e+00,4.565069858165890615e+00
1.901377052354933372e-01,1.881662243869765272e-01,1.375354722635039773e+00,6.697568690999497143e+00,5.587898959087172379e+00
4.169170841591318677e-01,7.973116189332509762e-01,3.112214020316513619e+00,5.694054540883514370e+00,5.189427308100759362e+00
5.493251567590747841e-01,3.521096639638714887e+00,1.992353307153645448e+00,9.081777900101989376e-01,5.351741838386780969e+00
3.076115300329755886e-01,1.231511387024593285e+00,3.661259071271904197e+00,3.865393959703204096e+00,6.764568931263415408e+00
8.316472260975602548e-01,1.856741244109415989e+00,4.288934970951817860e+00,4.489828385960466406e+00,5.163369641557837397e+00
3.319543143719068112e-01,2.723536814395479233e+00,3.407425590340427579e+00,3.539335458080202113e+00,4.199471891745960583e+00
7.961701046476317156e-01,1.200824830466740156e+00,1.408598850349991327e+00,5.856092154109279413e+00,6.440928355828268614e+00
1.509983792273370096e+00,1.101182286578453962e+00,2.213107719363233361e+00,4.317304463058184716e+00,5.388175024048702078e+00
2.636767885872088324e-01,1.169664126384202696e+00,1.294926893463986817e+00,5.278607945226438503e+00,7.426165148146020911e+00
5.328338085686000758e-01,3.352022159372404442e+00,3.846611534063235194e+00,1.948425531226096741e+00,3.909564778490144388e+00
3.847203852542224189e-01,3.363957125331889397e+00,2.832121959098616859e+00,1.494009247151754760e+00,4.634075534886964221e+00
5.482743819998230350e-01,8.834626729233021614e-01,2.143464571979964983e+00,2.208657161770078314e+00,9.226081966043143012e+00
3.321521280228372786e-01,1.789858093305622955e+00,3.834825396144790899e-01,6.079709241411358711e+00,6.090178999716635566e+00
1.803113934646156657e-01,1.848009628577282626e-01,1.216301659103394384e+00,4.082611793599428829e+00,8.662885968350083843e+00
1.769946394312846283e-01,2.420145577534480452e-01,2.033918415345429498e+00,7.613694101093970268e+00,2.140845904222104856e+00
1.200612260468857162e+00,1.409241138334327292e+00,4.600783539784487175e+00,4.235364150963588870e+00,4.354807776884388026e+00
3.419594111506949474e-01,1.476483676864458028e+00,1.835348854536209329e+00,5.429620473326685293e+00,6.946858690741787079e+00
2.566200819954531642e-01,7.153654823872644952e-01,9.508138581738354578e-01,1.206707107570888615e+00,9.986969677293823011e+00
5.274208571728591366e-01,2.275985810071285531e+00,9.705363237952964184e-01,4.251971828364469630e+00,8.018368191444121607e+00
6.597938662488658235e-01,1.235402507966048669e+00,3.898150603468407915e+00,1.607729640150121098e+00,7.185677092969127600e+00
5.952514953108860585e-01,7.122669899368242463e-01,3.918457987821773791e+00,1.780795164092654037e+00,7.966926764614055578e+00
4.088171275777542912e-01,1.795631832258928640e+00,2.261492974921325949e+00,6.331504665741705118e+00,4.970330493279186079e+00
3.148307076834468976e-01,6.060074927172500736e-01,1.740333798058734782e+00,6.067070382978891452e+00,6.327582507187169192e+00
1.174300121185907431e+00,2.553167851569687397e+00,2.491792941301449460e+00,5.080330180919119698e+00,1.625221854492760798e+00
4.269769503926197363e-01,1.034041275269118598e+00,3.208223415016187463e+00,6.385625406450261998e+00,4.547543279913097258e+00
1.751096491434555313e-01,2.593831983496347471e-01,1.342323765563280258e+00,7.718158301012807421e+00,2.851109930618361599e+00
2.112501712221745154e-01,2.008387445521336856e-01,2.577422467871798517e+00,6.077654899211861306e+00,5.575449954865907998e+00
2.348300806157697651e-01,3.197715466521709460e-01,1.416357475409230071e+00,7.611844995433314054e+00,3.534621090242750618e+00
1.451505869253860714e+00,1.659805848809322359e+00,3.263648179213271661e+00,8.111054522318232873e-01,5.433884677679278852e+00
1.151683383618110179e+00,3.593765914335212974e-01,2.303798187275808207e+00,2.519828287489888297e+00,7.836173519471097748e+00
1.815847744302707678e+00,1.725285883679527510e+00,1.791642208751554222e+00,3.332095041333869911e+00,2.988636331316454342e+00
8.312993368817471751e-01,2.112898521720285583e+00,3.190359691408807041e+00,3.847623962537475517e+00,6.631922526532458839e+00
1.154755939939595910e+00,4.357487208592372152e-01,2.247049887248049327e+00,2.417635057443269453e+00,7.914858173992144863e+00
1.132804667304355917e+00,3.353185254115119140e-01,2.472772965349406604e+00,2.841742155474426212e+00,7.595431189128411198e+00
8.020573911310925341e-01,9.635812394347045284e-01,1.890518934486567604e+00,4.657340960869316149e+00,7.323647011940098039e+00
8.100593368984101428e-01,2.571050881930703191e+00,3.149852357723802676e+00,2.725127089551848236e+00,4.954436443261093004e+00
3.650476550903095085e-01,1.301292169398985621e+00,1.123184954260743051e+00,5.315785044791266678e+00,7.595171476875536065e+00
7.309722413470133295e-01,3.634988941743269475e+00,1.069447377553697009e+00,4.242724311466651521e+00,5.478650733685364926e+00
6.708624804769676153e-01,2.669538573038200191e+00,1.444524784121466787e+00,5.198914536339599657e+00,6.191078240707120983e+00
5.841930913097137523e-01,1.569164430875518823e+00,1.865217919904134991e+00,6.990357056773027544e+00,4.950537383937591684e+00
2.128378073887780553e-01,2.532459413047836172e-01,1.199720196004685935e+00,7.823290281625967069e+00,2.784927631964224659e+00
8.774668176885089821e-01,5.037485452045180612e-01,1.560613386913136669e+00,6.088646103725509739e+00,6.979345654646814445e+00
4.243979799366638384e-01,2.781422581875877320e+00,1.490937508269936096e+00,4.868490844678222906e+00,5.589381654540120259e+00
3.619441409269488208e-01,7.308061221354114068e-01,1.580781397645120379e+00,1.278013751567167455e+00,9.936366637757892306e+00
4.375772190413376173e-01,4.558141712515321187e-01,3.132791374106479232e+00,3.661109109418039687e+00,8.216134651483956830e+00
1.627323972959714704e-01,2.483139694083292826e-01,2.420210275760307006e+00,2.324652164436774360e+00,9.016933962924866819e+00
4.632456110726839160e-01,9.700581775179757393e-01,5.717037213635701720e-01,5.379014289031356810e+00,7.272599281258772308e+00
7.924252551420029045e-01,7.715895391688645244e-01,6.431779467146088169e-01,1.931796021643647610e+00,9.684937008617479748e+00
1.468563331112313408e+00,9.285876569481328335e-01,3.819546746881637311e+00,3.446707675559824935e+00,4.632904253725403265e+00
4.181450893859939288e-01,2.816717349759856326e+00,1.571244941951804197e+00,5.197486882826686916e+00,4.957605137982542765e+00
5.121056963405090645e-01,1.966644853824053074e+00,3.016701645045759328e+00,6.232266351383690228e+00,4.499827740403244292e+00
5.573712700598028036e-01,5.726935758627070827e-01,2.655292729108685190e+00,7.210215483758450006e+00,3.259035856430014366e+00
1.859027981752867653e-01,1.762655716122597804e-01,1.097170918150674357e+00,7.774666042271582533e+00,2.860496388950262592e+00
2.359336554771827021e-01,6.537202416823140183e-01,2.686677526798227245e+00,1.326648197915859972e+00,9.171894841047469882e+00
3.721710803566723458e-01,4.729567427403170710e-01,1.434480272264153644e+00,6.109091436537982922e+00,6.772705913461467553e+00
5.638237501328925427e-01,8.186366051080995465e-01,2.512749779171428166e+00,1.566859951503452253e+00,9.320658927891749101e+00
1.580143123026012120e+00,1.434742740622576118e+00,3.305500121057048712e+00,3.673907186891864018e+00,4.344589390822087616e+00
2.321714439931752416e-01,2.840712193738811564e+00,3.156498369376238955e+00,3.254782933981065884e+00,3.945139822012014630e+00
1.193054004322550155e+00,1.269296466350046115e+00,3.008460768393481644e+00,2.745214401448138997e+00,7.308200245257454597e+00
3.091946915725218292e-01,4.977035676080029947e-01,2.289438177272056230e+00,7.582679446745569152e+00,2.688663062812644000e+00
7.345688697319192606e-01,3.039947407218974718e+00,4.723806048625185383e-01,5.727428521409514417e+00,1.132814674023885138e+00
2.961392713209202165e-01,1.400681239303675163e+00,9.388704172414461535e-01,3.108341567362988833e+00,9.101642407018147196e+00
3.383978825862751783e-01,4.128299841889591093e-01,2.082163281925204501e+00,2.815630955978071448e+00,9.385885467580806107e+00
4.791977141268426443e-01,3.815619496322542048e+00,1.264298938144776008e+00,2.259903820941463692e+00,3.909703211138459533e+00
6.131788445689250189e-01,9.791110070640305363e-01,3.776116353414243676e+00,4.984986140305642799e+00,5.320329975646666654e+00
1.408633228834926532e-01,2.793059027654963833e-01,1.635929872714201316e+00,7.432423495418881920e+00,3.345778434061988271e+00
3.472290607245432925e-01,1.556392979080839734e+00,3.920850074475951352e+00,3.385200679044724215e+00,6.566777914360617530e+00
4.215738079261821536e-01,1.521314244525521442e+00,1.379798830832584144e+00,5.168387935500057928e+00,7.715845988744342243e+00
5.557777115978916882e-01,9.015390937248187742e-01,7.437324545058041636e-01,6.425899393480112742e+00,6.296287528916589160e+00
8.706396225929875499e-01,5.059158085644677172e-01,1.311338557232355484e+00,6.976894150783435222e+00,4.921637101338633080e+00
1.109924468949857745e+00,1.485227879779996041e+00,2.016484518031892215e+00,6.198715664565296990e+00,6.035885593419339834e+00
9.924991369840046040e-01,1.595871694007537922e+00,8.859217196033910557e-01,3.056979164500556401e+00,8.828524526306152254e+00
6.093423574562286671e-01,2.402538381715751292e+00,4.927830155761388831e+00,9.851280828743624873e-01,5.550398627446030630e+00
1.489232365507227929e+00,2.250220368987637443e+00,2.841781384993268045e+00,2.150764559372879248e+00,5.882285639774557318e+00
5.880413703891478328e-01,2.472587152559638568e+00,3.994745155503949263e+00,2.922047409062664691e+00,5.223958812056854306e+00
1.230985960237122173e-01,1.789516218002274728e-01,1.007902363097950893e+00,6.601257163282485685e+00,5.792383447525198292e+00
3.442180933698023582e-01,9.198836357272887065e-01,2.606573399374654265e+00,4.954957921617720196e+00,7.356752606941726391e+00
3.730618560880533119e-01,4.246560053947520119e-01,2.765006318903600047e+00,3.387921896359550100e+00,8.662835196094391677e+00
1.413443720562738370e+00,7.127312580919838991e-01,2.412203166066867244e+00,5.805495763664654696e+00,6.523453097238903986e+00
3.688474661379602115e-01,1.901411378018153631e+00,2.562722311136187869e+00,2.979099931600101669e+00,8.039490866830167448e+00
3.849865924084697744e-01,4.208240160027825194e-01,3.575509150528069391e+00,6.776201811608590919e-01,8.695880591964959550e+00
3.882950112599373726e-01,3.401548435906954215e-01,5.807052789391367931e+00,2.924666974675307340e+00,2.401727414716936959e+00
1.867587597650928632e+00,5.356031984160142256e-01,2.967266678131823543e+00,3.200653472136780309e+00,4.143463887415022917e+00
3.562471225235983030e-01,2.073536663207141473e+00,4.891693283716607610e+00,3.351084531883958828e+00,3.033575854681074269e+00
1.371619811906203412e-01,1.489747777501483628e-01,4.391061727628250422e-01,6.769822709620529899e+00,5.704581735338558168e+00
4.586328346836772707e-01,1.267859673252238029e+00,5.131256300104433343e+00,9.336471861728717903e-01,6.174363764581335623e+00
1.212961734639993239e+00,1.099157157184562639e+00,1.328277652758319327e+00,4.007503941162558370e+00,7.606048752775532051e+00
5.611383528570307311e-01,2.792847877524312405e+00,2.271820122362856242e+00,1.454513953282480232e+00,6.535683320123674811e+00
1.570131889780730372e-01,5.643546905070082609e-01,5.681830372796485840e+00,2.676823955865527793e+00,1.976478262811652842e+00
1.724623773295621831e-01,6.714790231864001813e-01,5.714782685537825202e+00,2.194341871901492880e+00,2.611722777168339338e+00
3.839865102259444885e-01,5.295961756595159997e-01,5.038454729421889766e+00,1.985101947605593997e+00,6.301211324131613445e+00
4.320874462723511278e-01,7.944074645153385017e-01,1.998349551174396499e+00,4.792865063064495779e+00,7.611814136371754635e+00
2.133253236500438910e-01,3.420368124648551778e-01,1.504795323393956608e+00,7.618888289234575062e+00,3.261291234740268052e+00
1.376120010901958901e-01,3.878028770456434238e-01,4.639716377296510430e+00,4.192635315271003194e+00,4.278399672583820923e+00
1.422291762419510608e+00,2.335301499208738196e+00,4.537419606951985429e+00,3.627872058157823876e+00,2.927225591359559953e+00
5.726125255388998525e-01,2.855353597957087430e+00,3.098033145118780141e+00,1.472094868533934120e+00,5.857975718632861373e+00
1.622382834753436087e-01,2.643076361394340323e-01,1.216030662979380672e+00,7.750476308047395513e+00,2.750369576691272133e+00
9.933025774007477882e-01,2.474189972793348069e+00,3.405174136169500709e+00,1.537233118231532636e+00,4.343011966973298499e+00
5.143559261888923650e-01,2.053317217742396839e+00,2.527198286679058992e+00,6.512413691801891780e+00,4.255204557445458668e+00
8.493749256783520440e-01,1.918612490611942167e+00,4.376612479356259300e+00,5.702614635149600986e+00,2.956494441007772700e+00
3.385401919454581465e-01,1.070244938692522796e+00,1.123856258659565510e+00,6.210416320188991257e+00,6.563075372614322944e+00
4.581649650531243734e-01,3.209721627858852067e+00,3.044415396399378082e+00,3.645850814179530275e+00,4.001190528442784000e+00
4.166736615805597399e-01,8.437279197125173713e-01,6.627940581394872188e-01,7.858855045197863376e+00,2.641978589046558135e+00
3.191879818644670630e-01,1.354576961355375087e+00,3.991533937313447744e+00,4.279629736520306871e+00,5.703967469368770082e+00
2.912412762560823154e-01,1.064363431181252873e+00,2.728234658663438950e+00,5.112200308836279739e+00,6.299546747540118119e+00
3.510326994982762017e-01,2.310383638681163365e+00,1.094826073970057490e+00,2.844077758877161966e+00,8.166163921362713296e+00
1.607040197711333551e-01,1.792838019649260761e-01,5.570391799080803841e-01,7.025767603366746883e+00,5.249973284358066650e+00
3.891242074659171379e-01,3.932372550238939501e-01,3.167212675589876625e+00,1.134756663024000023e+00,9.029371812402029462e+00
1.447161697057220975e-01,1.546604000086188035e-01,4.025736220957116251e-01,5.901205549483288237e+00,7.074940401674012946e+00
6.525689859121838188e-01,1.205258668992174931e+00,2.942167694877116713e+00,6.348344206429351599e-01,8.923565290564958730e+00
4.599571145706261577e-01,1.834561426064158063e+00,2.823959765174248293e+00,4.444474851618344324e+00,7.166350104225923445e+00
7.981694782417543266e-01,1.098492082166933059e+00,2.728844803404536723e+00,1.305642781736497726e+00,9.177938112946929294e+00
1.200908278167870158e+00,1.933500916341748921e+00,3.030856402921031201e+00,6.666461022258966196e+00,1.928233422234586936e+00
2.467326938345283938e-01,2.577508281704473658e-01,5.467181386377903962e-01,7.898776697303187433e+00,3.118850434603072763e+00
2.485470937159580118e-01,2.694059437623753106e-01,2.464036808439868498e+00,4.657666332558488165e+00,7.643753171999918550e+00
1.458062858015205743e+00,2.566711634219799976e+00,4.481062885608006141e+00,3.093897160643851230e+00,2.574403609019740635e+00
2.821548825037588637e-01,4.450947863271124127e-01,5.060733990442222385e+00,1.857926220740402368e+00,5.967812747722660127e+00
3.521237146469414214e-01,1.067531476774341126e+00,1.165119256137196802e+00,6.454894723427952563e+00,6.194059794103115024e+00
3.294980969025899653e-01,1.047415740689881858e+00,1.138895386607321925e+00,6.401110529102164826e+00,6.225367236373985591e+00
1.254602746660286927e+00,4.847385745984166272e-01,1.151533674671965546e+00,9.411436653688385334e-01,8.983081926734248768e+00
1.710825994743853773e+00,9.976009339568372436e-01,3.458579833324666897e+00,4.603493857812360979e+00,2.564083074043520760e+00
5.169805906906619342e-01,2.085268510679494813e+00,1.233547386554508130e+00,1.523833207246193311e+00,9.346109716190445837e+00
3.566623458773240385e-01,6.900777899319880948e-01,1.195526835592970905e+00,7.684330872183001482e+00,2.993623422089172870e+00
2.574753489471272583e-01,3.725699121322398333e-01,3.522779900448266055e+00,4.015893329079284868e+00,7.191240389914084652e+00
3.943580525761189448e-01,4.539073170934358470e-01,3.430829087122469812e+00,3.676311522622465411e+00,7.893206700364928885e+00
7.199845487061407034e-01,2.000347607656222326e+00,4.312658495140330395e+00,2.795833652262630586e+00,5.264994975216329642e+00
9.905908540974761589e-01,9.153723814822147808e-01,4.391912232166905738e+00,1.157125822734700549e+00,8.150607288999983879e+00
2.917759129336693347e-01,5.815576050563459054e-01,4.968259747720699337e+00,3.583023753494092745e+00,4.918598626709353105e+00
5.322324213002069815e-01,5.301172433285209484e-01,2.013185503566851775e+00,3.107103450073251061e+00,9.325194516738530837e+00
1.483280615109882516e+00,1.880934612908380821e+00,2.871075999129902634e+00,9.561499393618552167e-01,5.107467789043439232e+00
1.195395369985970735e+00,1.932531577465372852e+00,3.711885800981038042e+00,2.208598215979827639e+00,5.952036571998132075e+00
8.478145839799042793e-01,3.398834377522709449e+00,3.983428428374935049e+00,2.201134558725204027e+00,1.125788348716879161e+00
7.328921050397589898e-01,5.182912250940153731e-01,3.692008516551856356e+00,3.998242126801194285e+00,6.152545509692096459e+00
5.396374374620972469e-01,3.057156681559291656e+00,2.061601102184905443e+00,2.916093178316430112e+00,6.933958197765829112e+00
1.374978408422861398e-01,1.496796473280462003e-01,3.526649298531583931e-01,2.902121969873957763e+00,9.513974584649727007e+00
4.080647762502354059e-01,1.774821393768365674e+00,2.551260688015412725e+00,3.420854798649851869e+00,8.112206588105269844e+00
1.502289115823812471e-01,2.714067212698414444e-01,3.944074356669672321e-01,7.966282708183919148e+00,2.196115472165443894e+00
7.396201155618522538e-01,8.573608003813560918e-01,1.647400212032154032e+00,4.219654520730673042e+00,7.910175946511988521e+00
1.463251565267991161e-01,2.953701044801538833e-01,3.731721444558520062e-01,8.127508114211904555e+00,4.161012325423990577e-01
1.524791978660511582e-01,4.163032824994702952e-01,3.437630103411155047e-01,6.778568551635067330e+00,5.681781767958559826e+00
3.740180515302866104e-01,1.451942935025928083e+00,9.270776498709230040e-01,7.464992980537719980e+00,3.768952039231244999e+00
1.498336446145860146e+00,1.244527804083090050e+00,3.592492251717376295e+00,1.234890408147321095e+00,5.113191993606351460e+00
1.863643152619321786e+00,4.049594752861254143e-01,1.788812594698467873e+00,2.935265587747909688e+00,4.929839679788558193e+00
1.125876991661252546e+00,1.294439680013323102e+00,1.610521811598002451e+00,3.775500853444811344e+00,8.514258484802567750e+00
4.673610032573344841e-01,1.981038684182793830e+00,1.373483365829814673e+00,2.521180632848587067e+00,9.115253016939451669e+00
2.535378245039527911e-01,3.493205828579220906e+00,3.472197655888716206e+00,4.701138550153956541e-01,5.328447555365622978e-01
4.304928195180732775e-01,1.255293048827283986e+00,1.500370004684386638e+00,7.048257454683492185e+00,4.719904072611693202e+00
2.804159533566458196e-01,1.052720122898213262e+00,3.180558582083825581e+00,5.954862777899777804e+00,4.311606976661513713e+00
1.279394630745552541e-01,2.773671087465388041e-01,1.098192931395283178e+00,7.909739369314857882e+00,1.674362156764211962e+00
4.658851757602843757e-01,3.185083985765874814e+00,1.073403142866700133e+00,3.583104623765519747e+00,6.204690570870775801e+00
3.493883494543291168e-01,4.404346584602496506e-01,4.291366375552641443e+00,3.997607192871596382e+00,6.077946666176917923e+00
3.589578264614416425e-01,2.197270848771233354e+00,2.286688014942904967e+00,6.532653260780460158e+00,1.964178489314195808e+00
1.393042636763279496e-01,1.583651962413866465e-01,5.597523768500057839e-01,7.763730602807162207e+00,3.081282728594382014e+00
2.661342918603432639e-01,5.349311392663147480e-01,9.239872971172966576e-01,6.913585368099413486e+00,5.259104923073929072e+00
1.370498887063434645e-01,1.404114695249534528e-01,1.963382159055515608e-01,9.501126454565046453e-01,1.008467160001008267e+01
1.958225278129420432e-01,2.719547371862063301e-01,4.089043436543610688e-01,6.384807743153356085e+00,6.513767841269961778e+00
1.276617240374148921e+00,3.815177048673352722e-01,3.652179427930088096e+00,1.745473627698077790e+00,5.820632239953277498e+00
1.930783451368088821e-01,2.535678890716786538e-01,1.166618937640508946e+00,6.850343194517859224e+00,5.478485033602249032e+00
3.810487482459784525e-01,1.603666867790860540e+00,1.370050618233925599e+00,5.425168231535248964e+00,7.199787048714335391e+00
4.547997016414750959e-01,3.397724452298420239e+00,2.429615352268661432e+00,4.243368217836858136e+00,2.970300773699655839e+00
5.532572342703132584e-01,5.258158145640641212e-01,6.062556000098657805e+00,3.151716247454797060e+00,7.572053969252972028e-01
1.176921588452480572e-01,1.336576338823697585e-01,4.840041737774337105e-01,6.937694425385274144e+00,5.307395436948966427e+00
2.756088882951522323e-01,3.270185759042028573e-01,1.647501444423144168e+00,3.551782206280068799e+00,9.103663852793612676e+00
1.438164390761841882e-01,1.523738105511828755e-01,3.913772197125118257e-01,5.717948872072168065e+00,7.304340580118061865e+00
1.642651257754340344e-01,1.051011048166340167e+00,5.815604118207928774e-01,4.762734791029910042e+00,7.939912426421822822e+00
1.787370802447601770e-01,1.863701775391135018e-01,7.445696548824140004e-01,3.470824366248390191e+00,9.207592407634244580e+00
4.132746285646390350e-01,4.595814947044584708e-01,1.991468186084053960e+00,5.547849335347597055e+00,7.595336580199201215e+00
3.758725751260558745e-01,2.848380221450023342e+00,2.635735820003311414e+00,5.622103844821252139e+00,9.868542667334883056e-01
1.908643571261167404e-01,2.011025226719453940e-01,4.942161468407595959e-01,7.819039891797754827e+00,3.159410814124689715e+00
3.819368149271243351e-01,3.679544131369387738e+00,1.317690817812609438e+00,2.933372066739252659e+00,4.078108142558364513e+00
3.741519155908811789e-01,3.065069344348389180e+00,2.444635826653795085e+00,1.641128169876693299e+00,6.349544278708509459e+00
7.018882866398096221e-01,2.499216583809820591e+00,4.657386193563104904e+00,4.978209566986171453e+00,2.865970758214905878e+00
3.030025332467952692e-01,1.506845325995695539e+00,5.490641759814198331e+00,9.117509597576719527e-01,3.672173127503987278e+00
1.043935891869256061e+00,6.417071121313162596e-01,1.281572544520846124e+00,3.133158975214833664e+00,8.986801591695863678e+00
4.133485737872044097e-01,3.689629020725133213e+00,2.544689825722678211e+00,1.391648437059960219e+00,2.918023655975555908e+00
1.138683266976653119e+00,1.493814209943722604e+00,2.181293838175812905e+00,1.772364549695436553e+00,8.966694457669289520e+00
4.299308148884323222e-01,1.886480244519552540e+00,2.424329689454941317e+00,6.892934259390282037e+00,3.294345181762291297e+00
3.589890602064376157e-01,1.860970995189507038e+00,2.552354898489870294e+00,4.702886205838557210e+00,6.687097504322008668e+00
1.273363346111273886e+00,1.273372117158756645e+00,7.358603955517071249e-01,2.754854781285794640e+00,9.269462838878080646e+00
1.280170982106568545e+00,7.440883553186357080e-01,2.215415276446662585e+00,2.735133596333186201e+00,7.354010877913013111e+00
1.734215137449346411e-01,2.645796168072267474e-01,4.010662716783104376e-01,7.982788699388993159e+00,2.129873728122305909e+00
6.264225708303083895e-01,2.412234240202211222e+00,2.827430025699660732e+00,3.211951677455854082e+00,7.922790936383838023e+00
4.936109316730655783e-01,3.354009416003230548e+00,3.686780125143762632e+00,1.289699060198797653e+00,4.233642675527795163e+00
1.472835287724571507e-01,2.807371936792283362e-01,2.136102652358270459e-01,5.605591009240589173e+00,7.441342041373998129e+00
1.102363613407403076e+00,2.365787483817827663e+00,3.880948379981346896e+00,1.853883787020561114e+00,2.970098969735060823e+00
2.594617070223685928e-01,3.132018396451852649e+00,3.925111925067413576e+00,1.711301706141390877e+00,1.883634472128326909e+00
4.736594579769121682e-01,1.462211121070044584e+00,3.820121487121380888e+00,3.107141460240936848e+00,7.580136771931475614e+00
1.202058363406812269e+00,2.701487706270933931e+00,1.766312840929189498e+00,3.035483972018949483e+00,4.508247609452022964e+00
3.564170462205881740e-01,6.366115539855865535e-01,2.163566962765894441e+00,4.026006410597180896e+00,8.667930065656948457e+00
3.215559244943950179e-01,1.470130558111222951e+00,4.644573548534146390e+00,3.753450667835108945e+00,3.728010142335988153e+00
1.937476793512020179e-01,1.214578724516411690e+00,2.987545172977935426e+00,3.045099521586233760e+00,7.744176159397216708e+00
3.239181374777995726e-01,1.394502488271490481e+00,1.936787162788059735e+00,3.052513380432524848e+00,8.807520799382006160e+00
8.948226025008928497e-01,2.086068441609664870e+00,2.748866754687795844e+00,5.448234980646063264e+00,4.084188000457061207e+00
2.197710385273385914e-01,1.124429023454412757e+00,1.173488610197344961e+00,7.379825103571904243e+00,3.554675824712774101e+00
7.944188054601000193e-01,1.183279925086044848e+00,2.877117104727484165e+00,5.977542960946498951e+00,4.865408126968484126e+00
6.505056092578791471e-01,1.523306910494085731e+00,4.687727250091075604e+00,4.531410338164398866e+00,2.330615836832533372e+00
1.050865277271170184e+00,3.092095140695698241e+00,6.667277352540292856e-01,3.223237386108134039e+00,6.953351918492413297e+00
4.208598209732798412e-01,3.087206777884885511e+00,2.675415358337692950e+00,7.572573405505234057e-01,5.968823533586936847e+00
3.784447063598308514e-01,3.439901526622325179e+00,5.845865392417151085e-01,2.721706412440035194e+00,5.579341918100336528e+00
3.120226236437701473e-01,2.518189488333196113e+00,3.259522326094501210e+00,7.037711938389326072e-01,6.764168932387124578e+00
3.485283919371978678e-01,2.818052018884626087e+00,3.143213481799235431e+00,5.119905911517921737e+00,8.999778976162140509e-01
3.306187787140204004e-01,1.764871364401324083e+00,1.751616775510312252e+00,4.889817451747324739e+00,6.990565678766649249e+00
3.978570384919136727e-01,4.872317191745716425e-01,2.220920307581569997e+00,3.834574518674750188e+00,8.893107948616117753e+00
1.503021737246537648e-01,5.238769536508902647e-01,1.562846234869106066e-01,7.196043691272596909e+00,4.754160774475920448e+00
6.166437117602214801e-01,2.490897419679758862e+00,7.394979065230199433e-01,5.655194756652395682e+00,4.616615304306768586e+00
1.676622499723452675e+00,1.996911156928676601e+00,3.219459163485999920e+00,8.308737242224173425e-01,5.398501681406278507e+00
1.762928389431378307e+00,1.798477664650378616e+00,6.365398414992693432e-01,2.534177247511312903e+00,5.414980786470850127e+00
8.715454859114026842e-01,8.066060412302337168e-01,2.971434566274275824e+00,2.119554036364948768e+00,8.427109183597524478e+00
2.355941552702190689e-01,2.514560443791017397e-01,6.447781140027992741e-01,7.615556391594853203e+00,4.032592935914689924e+00
1.969866392817460066e-01,1.612933119368979762e+00,1.428302534406461044e+00,4.150305187681428087e+00,7.733570100717335194e+00
3.631823375440949020e-01,4.013635223020659559e+00,1.568169536234159889e+00,2.389296694424437817e+00,6.660050182496252136e-01
3.480712660004787184e-01,1.278344697857228374e+00,5.816157754152976089e+00,1.852366977443413054e+00,2.176968096506945116e+00
1.960710445823324322e-01,5.420776021518241006e-01,2.029622528682345772e-01,4.702047967532413608e+00,8.393515480459408096e+00
7.372588230750036775e-01,1.847788819759139889e+00,1.690650197831602863e+00,4.109648889651102976e-01,8.334581859637859580e+00
2.251062392475190466e-01,5.141310940663873508e-01,3.078843152413133222e-01,7.599775919450680206e+00,3.994590882882682159e+00
5.227376181916072451e-01,3.313102630879829480e+00,1.866603698658200861e+00,2.678637451357228638e+00,6.197392419967997057e+00
2.784789617996581423e-01,3.492571139197794050e+00,1.292645624189989295e+00,4.342164998323871039e+00,1.355804513703694258e+00
1.272285352485215570e+00,1.564096073298262501e+00,1.857817274377938643e+00,5.114754394754203126e+00,6.076910334722401608e+00
2.728616317879790643e-01,1.044668093621507143e+00,3.375653713594378491e+00,4.859798203658503901e+00,5.787768727495767429e+00
1.303860059492392698e-01,7.543522292345796743e-01,1.243393151294445831e+00,5.778476949073063196e+00,6.725202480076676537e+00
8.050450583145569716e-01,9.463815544414692082e-01,4.365088705260659729e+00,5.269471121231128485e+00,4.289116558934867207e+00
2.613014196545634937e-01,5.491777796114138965e-01,3.096337131162184564e-01,6.192783576389946809e+00,6.911282246362172366e+00
2.597281961647907034e-01,3.875432876996450782e-01,3.348229003059714604e+00,6.554950929964094009e+00,3.622234328000148107e+00
1.619657607385616982e-01,7.436514972305701132e-01,1.351522127832502029e+00,5.285401512543748126e-01,9.815856925643064557e+00
1.256594635443522456e+00,8.932458875937917542e-01,3.236282674540368109e+00,6.199876301639354992e+00,3.480436075417451480e+00
3.064102407580970855e-01,2.325634807558739414e+00,3.373023949516159803e+00,5.451048015675864500e-01,7.024238697018742705e+00
2.504236377861465690e-01,3.230902440866703973e+00,2.553112821284364120e+00,4.610146033247194963e-01,5.208605763820756351e+00
6.480048179356501237e-01,3.756923208063870590e+00,2.910116678288722003e+00,9.057270628027129789e-01,7.298839753094250593e-01
1.429835108449189818e+00,9.646885817068476809e-01,4.529317274164283091e+00,2.710141151474313670e+00,3.342738674670317600e+00
5.061713216296284124e-01,1.040196610374211739e+00,5.814130558004092286e+00,1.926079122168603552e+00,2.351496953997909589e+00
3.718350836467967380e-01,3.468974468623045038e+00,3.086597266432503872e+00,1.154691701698755901e+00,3.987702164625737122e+00
1.432558178011809735e+00,4.859493718754983038e-01,2.029349705436609863e+00,9.157491797543821921e-01,7.464026282292812731e+00
1.573760130097370258e-01,4.744047012857225409e-01,1.893752199735100339e-01,6.822529894270049411e+00,5.602259074339568379e+00
5.685584972419913674e-01,1.440172870179587061e+00,1.844303620945659361e+00,3.562239492119473105e+00,8.615906242794663328e+00
1.246984176597637051e+00,7.918265878631844945e-01,3.084710362030905539e+00,1.676253817581006222e+00,6.415265779031260607e+00
2.708510445229235231e-01,7.426319997021664232e-01,8.270829908527699281e-01,4.294969598656015464e+00,8.631904454278339855e+00
1.451900709516638632e-01,9.664077902600735070e-01,3.220774935223956970e+00,3.304056180739614934e+00,7.408138366403957953e+00
3.378816217673083488e-01,1.260754702072387046e+00,1.396590243738835113e+00,3.165175807874406111e+00,8.982050579385882472e+00
8.850595507531313633e-01,1.369563163702310904e+00,3.761582511556397890e+00,2.460831538082515646e+00,6.105000672813395646e+00
4.140307247037497973e-01,1.358573100410089829e+00,1.277284785175465398e+00,2.679156654629323953e+00,9.535900846704036482e+00
1.851758402348251675e-01,4.856268950581760224e-01,6.164577680643437141e-01,4.824439218592968537e+00,8.246648947030827514e+00
3.791411677020125048e-01,2.456212655071889905e+00,2.902665773393732884e+00,4.292814221790878904e+00,5.507629866627244297e+00
3.426501188692293032e-01,2.719050661610535435e+00,3.197274991887896434e+00,5.213467884566649779e+00,1.257119434467600438e+00
4.382500786075157473e-01,1.545575513182902538e+00,1.096969300590677765e+00,7.461041317556751373e+00,3.992917391423783435e+00
1.428057634186206959e-01,3.230892532778633086e-01,3.917693815784359379e-01,8.117605938887614059e+00,4.760532205357487223e-01
1.911632174004423979e+00,1.898465491370444180e+00,1.904975374951764833e+00,4.099724863772600258e+00,1.578782189410446346e+00
2.285378001364186673e-01,4.070736437746115821e-01,3.641926478098880260e-01,7.595636937745836370e+00,4.073311722817853031e+00
2.087788896423630469e-01,9.093507171541699297e-01,1.708270372329751874e+00,5.182878205125608595e+00,7.353606288989528394e+00
2.437820110486360603e-01,3.762119773742848006e-01,1.619505107581279635e+00,7.554206101730290612e+00,3.545969256394822189e+00
9.734699092071312787e-01,1.135847942196284155e+00,2.659837852111249124e+00,4.685139530886266002e+00,5.338202003191300449e+00
4.537755953499325590e-01,3.076304580120087451e+00,1.812078404638673090e+00,3.557475500588413109e+00,5.497120557233747817e+00
3.363288712058698504e-01,2.932910300465750630e+00,3.825920451708839654e+00,2.275404471432445952e+00,3.367163324552915782e+00
1.169782659806058334e+00,2.244141489104391152e+00,1.518652499447813442e+00,4.369946781039581118e+00,7.716901799079161961e+00
4.242208741226072277e-01,1.340199742820792572e+00,4.569151189447149264e+00,5.028087938583425398e+00,3.957445634715919702e+00
3.105323739443829334e-01,2.445208206465949274e+00,3.324033699548331278e+00,8.434486814713550995e-01,6.821364822420981966e+00
1.358128234560122660e+00,1.590240897229336703e+00,2.537387315548143008e+00,1.439350018922770147e+00,7.746405199456945390e+00
1.904826945510306846e+00,1.960273308017592031e+00,1.505670994153458286e+00,1.430062009302925041e+00,1.041182172602372891e+00
2.837129343889692179e-01,3.097478829714905846e+00,2.866729769453595811e+00,3.129557238357997484e+00,4.038482192544815774e+00
1.455376500915138427e-01,3.290149366376597939e-01,2.622025436828225309e-01,7.996581994143346250e+00,1.954831574742114331e+00
2.845174145387624476e-01,2.574848300724925210e+00,3.476515477560580880e+00,4.804794805397926361e+00,1.983840172947327618e+00
9.870894252188436857e-01,2.047095007259740918e+00,2.281053283209907079e+00,7.678238649548685402e-01,8.254724778254937334e+00
3.326268099503570941e-01,1.449216298927674451e+00,4.359770330964094498e+00,3.586961581184540115e+00,5.139805667626666796e+00
1.348505679629570519e-01,2.374867337233624309e-01,2.193287069727293259e-01,4.739240930082515568e+00,8.301433401713900651e+00
4.665203786295857857e-01,2.336708623249369232e+00,4.204448946873065474e+00,3.408641565264826756e+00,5.125475656572358929e+00
1.718272932499347316e+00,1.676581815111226836e+00,1.956099499235975481e+00,1.583078764625905688e+00,4.999498518817606652e+00
1.533312010897885658e-01,2.851863281553869145e-01,3.869950710141083494e-01,8.099361648271392156e+00,1.142434704244723376e+00
2.950678601673139001e-01,3.183345568996638897e-01,5.308439112960042117e+00,3.685917789169540715e+00,3.235471552958640640e+00
4.875893962313823660e-01,3.315266595176358688e+00,1.670538913271857329e+00,3.149811898303219060e+00,5.980693323640639214e+00
5.761942185847916953e-01,2.529236022385601412e-01,2.667176897194051932e+00,2.948188337110652757e+00,8.477729419713270431e+00
7.133102834084065202e-01,1.681681010783233621e+00,2.842755106357279349e+00,5.769620027291498587e+00,5.688031505877400029e+00
8.131708283041141350e-01,2.730842765336005229e+00,2.211558142968875096e+00,1.787852792626760001e+00,6.684026193974154317e+00
5.903440673046388421e-01,3.855107471424475296e+00,2.517031565258088577e+00,2.175058852157593314e+00,2.025128797011578108e+00
9.105876851557010987e-01,1.853770819806196180e+00,3.922883224801395841e+00,2.130317997260067209e+00,5.676787351893933575e+00
7.339365905512587052e-01,1.314140160749222463e+00,5.675235446552312268e+00,1.643307030746402386e+00,3.159385732285266091e+00
2.984408028229484366e-01,1.948116761890797743e+00,1.429781368309233081e+00,5.927455690485744277e+00,5.528315715709265277e+00
2.522859734859215219e-01,1.272472256697113391e+00,5.278816817458007016e+00,2.748695353338805436e+00,3.695630630451923082e+00
3.497937118261407741e-01,1.567609299336107043e+00,3.560887122060222065e+00,2.276877037887344635e+00,7.700944009668510226e+00
2.143497898282629155e-01,2.953352857783991814e-01,4.510454318005017726e-01,7.582765060660603851e+00,4.021548155970019245e+00
3.350343652748505874e-01,2.506281245740892505e+00,2.097017839155026486e+00,6.352558031292840468e+00,1.674584694015449626e+00
1.122531478033784058e+00,2.290535557865087668e+00,2.893397503159381934e+00,5.443897440739325688e+00,3.963435705437814427e+00
9.274097889122620009e-01,2.366783071710133690e+00,2.567716992713313218e+00,5.717196699902462598e-01,6.038089916607900953e+00
8.967870470788337212e-01,1.604335390217451085e+00,3.904084694518441978e+00,3.915143765921262897e+00,5.571149138849855298e+00
1.424098021625576305e+00,3.015095645862514662e+00,2.868219449235506424e+00,1.782429665201483715e+00,1.508475644258031156e+00
1.343881222493700456e+00,1.850304742311909223e+00,3.668115120057169776e+00,1.071443526742275498e+00,6.675486742306286914e+00
1.685691447022553247e+00,1.500916672992135936e+00,4.948144099277869579e+00,4.344901576053553427e+00,1.445790556862970977e+00
1.812095205177702839e-01,1.649230816183260506e+00,6.998819476786035665e-01,6.001015623347827344e+00,5.731742645088878874e+00
1.342381610674971526e+00,1.723848410820434385e+00,1.747954470025848472e+00,3.507739232185629774e+00,7.556389149123211801e+00
1.944013518450542766e-01,2.080049357742618454e+00,2.376151642116300255e+00,6.018294847569888972e+00,3.098668226205068876e+00
1.963981077467146230e+00,1.805050915681993384e+00,1.531698549622405370e+00,7.517928099228634586e-01,5.124390344453333412e+00
2.726078332585232800e-01,1.840644943368653585e+00,3.883145520513934024e+00,2.551335998009521155e+00,6.359235579022575635e+00
3.732742530320858343e-01,2.270929154952900042e+00,2.626041945478972295e+00,3.813953902519769290e+00,6.834239764672583206e+00
4.179322566343117717e-01,2.906770925581956710e+00,1.042942762285231417e+00,3.162759203257197615e+00,7.083626459077410509e+00
1.767356997883087644e+00,1.646033727435197491e+00,4.860203436796608045e+00,2.591101838076025565e+00,2.139551107110855277e+00
1.879991358553350644e-01,2.363739978646991480e-01,2.960610568622799033e-01,4.701441820185008336e-01,1.014245055492612124e+01
1.191074157595792160e+00,3.222208467118504061e+00,1.753895469570167842e+00,1.014814645319296549e+00,5.494328637873254984e+00
4.163768698455130868e-01,1.311898629906639968e+00,3.920405721159625934e+00,6.461550598050509464e+00,1.989266219067081565e+00
5.940395800369118184e-01,3.912412022551887691e+00,2.460920405030312175e+00,1.043611913654536760e+00,2.822260758396690328e+00
5.797359843180447392e-01,5.154561216470179286e-01,3.640747349571630043e+00,4.491858697780960696e+00,5.615389472573331986e+00
1.532115204256054020e-01,2.275130517904466743e-01,3.925346723198713250e-01,6.936523933441899992e+00,5.429748680460446231e+00
6.566184774831760329e-01,3.969741249664555216e+00,1.221420389180830846e+00,2.533483063226663834e+00,3.164160568856366318e+00
3.786047239443536272e-01,3.412833300512374102e+00,3.872524245524426867e+00,1.320386188779063774e+00,1.445643568790079714e+00
3.042164700870554350e-01,2.795102454701857697e-01,2.258383386748834543e+00,4.341545336370748132e+00,8.027391412482533184e+00
2.537555577615915325e-01,1.928536452552888747e+00,4.838943834001994126e+00,1.896210993430301084e+00,4.386252587795248736e+00
2.473504297467388202e-01,2.556758051453854375e+00,2.407325612513480539e+00,4.317855359007566562e+00,5.118522741809563570e+00
1.066897263809015728e+00,2.214708635020264271e+00,1.395264368278980704e+00,6.478899774050535854e+00,2.011641749820890279e+00
1.815275469118970531e+00,1.997731687304276083e+00,5.635250924178201171e-01,4.230360505597572818e+00,5.714618328045011353e-01
2.784909075515298871e-01,1.261847200872442176e+00,1.082134171390712218e+00,5.930033186387326793e+00,6.680133286185438557e+00
4.484937842236726424e-01,1.758595342312472720e+00,8.084380843927696514e-01,1.535375353842486135e+00,9.541457100612708686e+00
1.788057356808317122e+00,1.316738804123724238e+00,3.071207089921820899e+00,1.583954711473837929e+00,4.547904526979058559e+00
2.934705290459055371e-01,2.104774525666849083e+00,2.462764414647639288e+00,4.247334914741961676e+00,6.478323533078145680e+00
1.791769943066708226e+00,7.035317576654798177e-01,2.590588905046868007e+00,4.627860746075307397e+00,6.050244566063670781e+00
3.637462529095233932e-01,6.928846005139124298e-01,3.760562387349086322e+00,2.529975265608565227e+00,8.079751518029379298e+00
4.498398411842883249e-01,3.065354366409805298e+00,1.904848569454589136e+00,5.578240046365167792e+00,2.800152741749127649e+00
4.957461585110568558e-01,3.126719979777722980e+00,2.742143733168791009e+00,3.673541946699010019e+00,3.358812006983642018e+00
5.438712289611452588e-01,1.658098561866486742e+00,1.847377306364009764e+00,4.751448646374183404e+00,6.330111223156011491e+00
9.108563378925319531e-01,1.370659044357181777e+00,4.602195489430647157e+00,1.935057115364771541e+00,4.858892215067296405e+00
1.930065889328185236e+00,8.539049969272274332e-01,9.203030114460940547e-01,5.807596325711418039e+00,2.947666142482403551e+00
4.760586960299426074e-01,3.996772642211913751e-01,1.050126896956637745e+00,6.144194324352337588e+00,6.243324613138893753e+00
5.095085390328609742e-01,5.624934745893018784e-01,4.092553057075879686e+00,5.439975241903475478e+00,5.434172541545902568e+00
1.502252899491090810e-01,1.620100243312921906e-01,4.966819730424273382e-01,7.998971168352073668e+00,1.994597010327924469e+00
1.343671423518250752e+00,1.265671873570854311e+00,2.315715870540611121e+00,6.165673645896829758e-01,7.755067635419333527e+00
5.684373644509556067e-01,2.605353092834475248e+00,4.049487730308943156e+00,2.476995593203299428e+00,5.379906968462273120e+00
5.313353082916768555e-01,2.120776663233246317e+00,7.344612656031943576e-01,3.934332527485312703e+00,8.524946035364493468e+00
3.085209543960608647e-01,1.050653158673822807e+00,8.333579983055370288e-01,3.784552144829421039e+00,9.031469055467669094e+00
3.366617906304659735e-01,8.471114713189187295e-01,4.499756611962111741e+00,1.757848511650418555e+00,6.967545166727224348e+00
5.719956365296801071e-01,3.051043865893288576e+00,4.741261360004305203e+00,1.822407555568539728e+00,2.641343652975912004e+00
1.022733139099834876e+00,1.118797411442082224e+00,2.217517029450566834e+00,3.850784552416699480e+00,7.373280482582710071e+00
4.494753584914129019e-01,3.050460355961978731e+00,1.693379261633709110e+00,5.882060531969007577e+00,2.163898633135565852e+00
1.997938257223200453e-01,3.620596799185723524e-01,2.589914646686101163e-01,6.724459240332977927e+00,5.958062268613675272e+00
3.441793796079408163e-01,3.474837365377128062e+00,2.767364746852361002e+00,1.789893485330983802e+00,4.015054362388188025e+00
1.770952569844336244e-01,2.910859345079624405e-01,2.694897759305195373e-01,5.150373682422299204e+00,7.995890781294408001e+00
1.507424763653005373e+00,1.572422487156358573e+00,1.802513635893021826e+00,3.069336127767359201e+00,5.846613615683677878e+00
6.582424150107932803e-01,8.746087206301207395e-01,5.436601255213538764e+00,2.394581006193385431e+00,4.400866863299230047e+00
5.673415329979176747e-01,1.137224925129756148e+00,6.357859853165113151e-01,4.055157237404896975e+00,8.880437196376940179e+00
8.866672255887306786e-01,2.444918595673581496e+00,3.035505795160411857e+00,2.585773390632136515e+00,5.833803310500106143e+00
4.583333872063282133e-01,1.709687908307455206e+00,4.969818529953585085e+00,4.236086765915767494e+00,3.453330513372544264e+00
1.495269571092384953e-01,3.069319393626406267e-01,5.103985264511534670e-01,8.084050380991239848e+00,1.133103484986610621e+00
1.522820501018214756e+00,6.644953115890923634e-01,3.785897879521254783e+00,8.713314682603439110e-01,4.256550533234134015e+00
8.321941163238424366e-01,1.708952176733458561e+00,3.323546466986296188e+00,4.176894020618255432e+00,6.420177736814398628e+00
5.298205299025560144e-01,6.670199466015678258e-01,2.248614565064575022e+00,2.610382383683246488e+00,9.359248344203599856e+00
1.316262971760209011e+00,7.350461800509353605e-01,3.004274853455373595e+00,3.453853804334014566e+00,5.975039662962633003e+00
1.765084862148529332e+00,1.353684108432209321e+00,2.084376455009223861e+00,2.118559688660970775e+00,4.644035847316479781e+00
2.344267043454792976e-01,2.564252871129130140e-01,3.348271571704162231e+00,1.717105158049529789e+00,8.361820570909841877e+00
1.333517818975051283e-01,1.427856510215594621e-01,4.114431739964260482e-01,3.468892943848995714e+00,9.210346809303903370e+00
5.409809332685500127e-01,2.235279280548427394e+00,8.693808083290022193e-01,2.118574074680229291e+00,9.241933884808371857e+00
2.627679742857971235e-01,2.864937693002409524e-01,7.220483825011416723e-01,7.231971675583842796e+00,5.109692844803936040e+00
2.485604476336511215e-01,1.915845114058035259e+00,3.043198001268053954e+00,4.996560211435155274e+00,5.034680410689796659e+00
4.468624680496742219e-01,7.505949780973388830e-01,1.523947242781694911e+00,3.318162937141547975e+00,8.845010460713675471e+00
1.615111253997118856e+00,2.729197122190791358e+00,1.378341754904712335e+00,1.029463638350062604e+00,4.323318326667243916e+00
4.426132730088254696e-01,8.578711593368060218e-01,4.521395401116066637e+00,1.225129759561186971e+00,7.601523534578361385e+00
1.617248421949963599e-01,1.157285492770686153e+00,1.916804197354033068e+00,4.784907536817200935e+00,7.265517165489118412e+00
1.883163179835105616e-01,4.764755936525463809e-01,5.187898657976783845e-01,6.283692217540344238e+00,6.578462926819519829e+00
1.310137155681684096e+00,2.182040558350834658e+00,8.623319819363948202e-01,5.257844278072070665e+00,3.809792330478134481e+00
3.021062677326088464e-01,3.357057441804950582e+00,3.768203921831817738e+00,6.672419050614323277e-01,1.961698706205406317e+00
4.424216888653587643e-01,1.669966894277993497e+00,2.406445568908404553e+00,4.059356916527780079e+00,8.034467795853142746e+00
4.811713812812972169e-01,2.115108123760244485e+00,2.958137556567427495e+00,4.056887812819380379e+00,5.810987348929672613e+00
2.574977633085542283e-01,6.555135668046564446e-01,2.565262580704140483e+00,3.378095097073029240e+00,8.359520678899954760e+00
7.010365008296368661e-01,1.494015107626331051e+00,2.573300632173837865e+00,5.752170756979777089e+00,5.864711067138825840e+00
1.349038979471837152e+00,2.083053470765833914e+00,3.178708982685356066e+00,3.672101616153834236e+00,2.186644050924294813e+00
5.328709412255426825e-01,3.855094676596797498e+00,3.009421914498575212e+00,9.213941463924666397e-01,2.365367057508245718e+00
1.508489737921911156e-01,3.165714687697834817e-01,5.197290088244446160e-01,5.822715740897018044e+00,7.131664148246642299e+00
6.249145380885690049e-01,2.750808183196130408e+00,1.406585663988957347e+00,3.975721272486695490e+00,7.638035602418836945e+00
3.070313638708537796e-01,3.804376086817076175e-01,5.987225465775594557e+00,2.257136494107342628e+00,1.429227859919896648e+00
1.363787246416451993e+00,1.466031489811467470e+00,6.591051979212376732e-01,4.425183202331623988e+00,5.221395880825936864e+00
4.290742939425375990e-01,3.417816709967730571e+00,3.807490173604811012e+00,2.004640814129393878e+00,1.688361342791109054e+00
3.570098362209226939e-01,1.858044833640827731e+00,2.073516840248414095e+00,4.428611456965141358e+00,7.395854405403376575e+00
1.489737015123837605e+00,8.545053071360603214e-01,3.208021930966472812e+00,2.706490265832895759e+00,4.477076845397529148e+00
1.666010958498565397e+00,1.947106480688239216e+00,1.070002706961787897e+00,4.764430608841007775e+00,1.027583827929401838e+00
1.629970567104660262e+00,4.859449315813515469e-01,2.858880455858533232e+00,4.855162323299253124e+00,2.570300155043381718e+00
5.644347984874477087e-01,1.265795499441858318e+00,1.227663805835049748e+00,1.673713713471774334e+00,9.761335792656785415e+00
3.874280694699201444e-01,1.040602348360249341e+00,7.615413055461429659e-01,6.633667759747754467e+00,5.918347875764136568e+00
1.576608978492256785e+00,1.399423702942448333e+00,2.170362180238993410e+00,4.638571055346440986e+00,5.663605204206375809e+00
3.563441274445083851e-01,3.256401006707189683e-01,4.584349413697429654e+00,5.535664300198256171e+00,2.509150696183736429e+00
7.623274034745317618e-01,6.996789333510735620e-01,3.250420330811746972e+00,3.065168260180009874e+00,8.188325435388033924e+00
8.839873496535161079e-01,1.922896899638033119e+00,2.325885784731430039e+00,5.686344545334244494e+00,4.935857329898175827e+00
5.766835597785147094e-01,4.803937643151182657e-01,2.741574140344877009e+00,4.707801715327224024e+00,6.805373017354608756e+00
2.317443369736428005e-01,7.428618978961929464e-01,1.775855383543158972e+00,3.074668516388033179e+00,9.085175587827514221e+00
1.572327975430568792e+00,2.476233776366292716e+00,1.666956223646627322e+00,6.347509016318536590e-01,4.703785018670881612e+00
1.604021404900433545e+00,7.645997904954368041e-01,1.209311177515775659e+00,1.578251242505515517e+00,8.398058565065552372e+00
2.511330691266956405e-01,3.043422879379341639e-01,4.713991963873057855e+00,5.368002192472330236e+00,1.163440404362714453e+00
6.792414395070598410e-01,1.824938675981615077e+00,1.783399025080881106e+00,7.255924464196737311e+00,3.249179320433275286e+00
1.144128980343941393e+00,1.407654221962095553e+00,3.477653302342772257e+00,3.748872698797466096e+00,5.775093207684564689e+00
3.988262519951381591e-01,2.568839259344487758e+00,4.290503697947787742e+00,3.788422349435445646e+00,2.967054945359961948e+00
3.523882681267630490e-01,2.755272761679036453e+00,3.932828621162329341e+00,3.594664297019324106e+00,3.088756552999524452e+00
5.654706219399533440e-01,1.354886808809288912e+00,1.367283403046976709e+00,7.675667665732346379e+00,2.624168526122557132e+00
8.323643565245839593e-01,1.612613554437820618e+00,2.860428444545748849e+00,6.561882470231327424e+00,3.855804005520310884e+00
1.141030041246908322e+00,9.676391210973169787e-01,3.458891921754919441e+00,7.127323801082480204e-01,7.225657331753480683e+00
1.165313960006752469e-01,1.296755703012711924e-01,4.347997911386181635e-01,6.508261679834331126e+00,6.105620385117362048e+00
1.178143029065834013e-01,1.312004193475019287e-01,4.403396801753862166e-01,6.552445936170955498e+00,6.034027966943615873e+00
1.193278741974638929e-01,2.983743976836319978e-01,2.599071089809614210e-01,1.713719264497471362e-01,1.010071819872387699e+01
1.767185907564906344e+00,2.835180235009289174e+00,2.142947053878065944e+00,7.405894158829501306e-01,1.338453739522889929e+00
1.524409072442518109e+00,1.849803709457240375e+00,1.214970840962369403e+00,4.741003972903845565e+00,7.463217727752538000e-01
1.498410704909231672e+00,2.062072947647882515e+00,1.048093764964388663e+00,4.726492778064683264e+00,1.502503917636643926e+00
4.289946537041908203e-01,1.231751430411814230e+00,2.203627516874378856e+00,4.328945645487969784e+00,7.836162535060906542e+00
9.832598259914030470e-01,2.351404444447491748e+00,3.879963877400967487e+00,3.574558837898281549e+00,4.986821166398328842e+00
1.886308479111461711e+00,2.111328333119962597e+00,7.550423378525652485e-01,3.817576676539709446e+00,9.001302616689301761e-01
4.837786527556522942e-01,2.871708175880537617e+00,2.373738920068961367e+00,6.096749796841511859e+00,1.579315765687743234e+00
1.140145017329048382e-01,2.461519590910477839e-01,3.723308579512046856e-01,3.525029810314584955e-01,1.009056725113376984e+01
4.168583433312989528e-01,1.753685410191437866e+00,2.847223335005407918e+00,3.435318649017041537e+00,7.911412214260679754e+00
4.268729070730475916e-01,1.463086990536110576e+00,3.274456804728941961e+00,1.331750651502738414e+00,8.322524675038881270e+00
1.578853940474862216e-01,1.889752811137354327e-01,3.823446802260184185e-01,2.845768732047067928e+00,9.566806038626795683e+00
4.427680239494942160e-01,8.078234767858071264e-01,8.914924553975399624e-01,7.391227879298961412e+00,4.117421905871351484e+00
4.613659103379480486e-01,2.508256117921529693e+00,1.981973672306616363e+00,5.693416637145666037e+00,4.067608056200581856e+00
7.175066987155959142e-01,7.456585618011442040e-01,4.517434622549836298e+00,3.143006861752418946e+00,5.776579490562838259e+00
1.473223846423373340e+00,1.311304711476918960e+00,2.773495825405809079e+00,2.410272619406034877e+00,7.005913121969961743e+00
3.609937476321822825e-01,2.621519801883561929e+00,2.390454691189235703e+00,7.256629854020815173e-01,7.635573742717389756e+00
1.327465159079194379e+00,2.034840882267037188e+00,5.045547530186092366e+00,3.023742410216508691e+00,3.173087195707181785e+00
1.323229048475911274e+00,3.068269462229724631e+00,1.664065408669125556e+00,2.803006736080055905e+00,1.450085282403176468e+00
1.602750572108124216e-01,3.133965676563185143e-01,2.743190085916460408e-01,6.471306843551922761e+00,6.276480828080462260e+00
1.829748276911063454e-01,1.775534159824518898e+00,1.771558297663419657e+00,1.850772922291365141e+00,8.581248521437411014e+00
2.636522980993206700e-01,3.860254912426497320e+00,1.269098043224747840e+00,1.828583407631894753e+00,2.757327584258658426e+00
3.166259768569358868e-01,5.017619307854668254e-01,1.633790433834380051e+00,4.634306278865283346e+00,8.394085917424115806e+00
1.253194681859029380e+00,2.178547877588983273e+00,3.448551076615945732e+00,3.912725713133415439e+00,4.997208606922583840e+00
8.052845945692268526e-01,1.536792965304610625e+00,1.352060178567809912e+00,3.627164045249127611e+00,8.119323080836247541e+00
4.078334226615714098e-01,5.263881537587513648e-01,4.446925315635485987e+00,9.684766907586414009e-01,7.711979800072258584e+00
2.452336616396722513e-01,1.821756840707166925e+00,2.163769585898644543e+00,2.683676930307823394e+00,8.047889775583074723e+00
1.226094449225213767e-01,1.449934854274572693e-01,3.992456084664306459e-01,2.275966243291162261e+00,9.741461412936894604e+00
1.459632184427605006e-01,2.657142444209141252e-01,3.226241368542150934e-01,6.424291740293820219e+00,6.320313206533458406e+00
1.579687569861190077e+00,1.666028797284325957e+00,1.087076807771188536e+00,6.180441946565595757e+00,2.502826757638550781e+00
1.272810252739645875e+00,2.635445522242739980e+00,3.276683196879329962e+00,1.239396700930949446e+00,3.536021197068054622e+00
1.703170448978791107e+00,1.440681969851119959e+00,1.138352432760135979e+00,4.370972374979535502e+00,5.186745623583058240e+00
1.152871075759714703e+00,1.377179722345183599e+00,3.803659971548137619e+00,4.034951415170824340e+00,5.010246256942101795e+00
9.041784227665587981e-01,8.384194632985992879e-01,2.702232545236363581e+00,2.606683734957115472e+00,8.478498590010532965e+00
1.599871205486123049e+00,1.064205396786483959e+00,2.513502084070505127e+00,3.745817506270882280e+00,7.022255115423719829e+00
1.598251757699932663e+00,8.801157255011520242e-01,4.090173209574556878e+00,4.265227003346806711e+00,2.732768227526051419e+00
1.887156164842460904e-01,1.992914536936612746e-01,4.646844425903319253e-01,6.336487566054668008e+00,6.570130492816784518e+00
1.879417535815352258e-01,3.226067870488804057e-01,1.002086664440409391e+00,3.450115788637772685e+00,9.203939145888590190e+00
9.771148689799326048e-01,1.309882503833049050e+00,3.995268918783506873e+00,4.483022602038813531e+00,6.129453292489069227e+00
9.938830645226897076e-01,9.277299059538204329e-01,4.914618466639075756e+00,4.513265468927493806e+00,2.103156876879022974e+00
2.946022411037397259e-01,2.450955484721206445e-01,5.386660751747359477e+00,3.338748123773065402e+00,3.223712165012868169e+00
1.292202022523862182e+00,2.035912153035700278e+00,2.837272228325571799e+00,2.160836713610826187e+00,6.957744863404169422e+00
1.175278846394731125e-01,2.957633126049240002e-01,2.755774944933096493e-01,2.130780907301499383e-01,1.009505152302140374e+01
5.418156009679374607e-01,3.919084943099389928e+00,2.434184395012960689e+00,9.861140142715167922e-01,4.034910347239507367e+00
1.440993876467845380e+00,1.736679018187094137e+00,4.825887317943987398e+00,3.213402359196040337e+00,2.482298865322210446e+00
1.506518328039934407e-01,3.507913474905338669e-01,2.385424743951280735e-01,8.113745517291455656e+00,8.506517514330032004e-01
3.579868107332171978e-01,2.208328254567961224e+00,1.364270591963428370e+00,5.477970028697769500e+00,6.010301710723961577e+00
9.891124983178702923e-01,1.888845422104040717e+00,1.211119730645169534e+00,6.520307139696545740e+00,2.873202700798317188e+00
1.228837050297581918e-01,2.228127578352783744e-01,5.791148411824984521e-01,2.055808069368336710e+00,9.789464606820477144e+00
1.145859996596050590e-01,1.215355507943882973e-01,3.147500932841297838e-01,5.204841464155214759e+00,7.821515217926237717e+00
1.174661924075110608e+00,1.990248045552711620e+00,3.481559552772480526e+00,2.527274387719348425e+00,6.960583032791236135e+00
4.098028645497978628e-01,2.701009387583352517e+00,2.078446749190454135e+00,3.009196318887664479e+00,7.124128261949008944e+00
1.949378413701267632e-01,1.912294077435183481e-01,2.971864715134618362e-01,1.444656769704947830e-01,1.010253392423280694e+01
2.648638286378091622e-01,3.071247073173126729e+00,1.551367558577027905e+00,4.690510011162777104e+00,3.522395522092364839e+00
4.777986059759776749e-01,4.095247717082468597e+00,2.307050799705652633e+00,1.795127343349091964e+00,6.591537686628918813e-01
7.016341173144763355e-01,9.458211907064594248e-01,3.933773694753325945e+00,6.044851012076176033e+00,1.298246907319925425e+00
1.311804464015468241e+00,1.075777142252375640e+00,2.420244704975501371e+00,6.024440255724923254e+00,3.005609257675066814e+00
3.752680622989744696e-01,3.801044976594798452e+00,2.336943077581755013e+00,1.636567227089560372e+00,3.085106368490865059e+00
5.308723243916150247e-01,5.353370057882520516e-01,4.873687412012174924e+00,3.460720632593796253e+00,4.973174403233246110e+00
3.977195498645959004e-01,2.828109562430992430e+00,2.839873950132751457e+00,2.241315113163397932e+00,6.344563768727219610e+00
4.329251824343660626e-01,3.222162830931874833e+00,9.680040964610477916e-01,4.559162351911856703e+00,4.825986185799054695e+00
3.189020598822231989e-01,3.339903427835510530e-01,3.340793981116273459e-01,5.951920266603020870e+00,7.275528256034887065e+00
1.709459958955725500e-01,5.451636817794303091e-01,1.102053986690676224e+00,3.134557743568178623e+00,9.256219209540420323e+00
1.426152049162146551e-01,3.092118188544431545e-01,3.251384508639029725e-01,6.750767211536015111e+00,5.741352455273045052e+00
3.388095844727750938e-01,1.895142413603359444e+00,5.029098806865845539e+00,2.153097328771339747e+00,4.267877710251985590e+00
1.362003591086925702e+00,2.032097837901265081e+00,1.615728469537906609e+00,3.748119964879316424e+00,7.857967256885778795e+00
1.226819840930923611e-01,2.365989220158514483e-01,1.447898602026841397e-01,3.719837863818101997e+00,9.042861120726891855e+00
3.024383793818901101e-01,8.546377173626931167e-01,1.370596100401848982e+00,3.568151494406397894e+00,9.114286768229678870e+00
3.709947062031844212e-01,5.425684714390315300e-01,3.144805006804045622e+00,5.646860969632771621e+00,6.264700399848718071e+00
1.071973463370716972e+00,1.731341870816216488e+00,2.169770794105396750e+00,3.162481887805214331e+00,8.110618867448007308e+00
2.221403078804903841e-01,9.265928757893691081e-01,2.128532261703922401e+00,4.224372233826142242e+00,8.015184619598027638e+00
2.592760685760767680e-01,1.476943140004206789e+00,5.724450416544925702e+00,5.318563794958710567e-01,2.479292632687292386e+00
6.527950376203690563e-01,9.703680042553627372e-01,2.140143020737465207e+00,3.376219001409512810e+00,8.800744859005183329e+00
2.053179407689421865e+00,1.601694341964291057e+00,6.248136027645827539e-01,1.933342793337267995e+00,5.742309676780560368e-01
1.856634188705797772e+00,8.475100278112280838e-01,2.216358516844073367e+00,5.197050427967578878e-01,4.575361976095977390e+00
1.234000788220331435e+00,2.301912689549362678e+00,2.734147075400464200e+00,6.254506537230016816e-01,5.456263094361800903e+00
3.289340313768898127e-01,1.377124886940498838e+00,1.228499619091797834e+00,5.723080178636972271e+00,6.927908595664941771e+00
2.237568760780867527e-01,1.004884868466641379e+00,9.136107799989348077e-01,3.167059865315509981e+00,9.076175074525682618e+00
4.021300278736500977e-01,3.049451594307218016e+00,4.057031524600708039e+00,2.319710306962562640e+00,3.312905763971226492e+00
1.690755784763220859e+00,5.018149578211064110e-01,1.125944340708153302e+00,1.945305330190015614e+00,7.044225876821624155e+00
5.717217152419278303e-01,4.036831933143199547e-01,6.293933251783152549e+00,7.395335110995751027e-01,1.596418712851093158e+00
2.504254260775345964e-01,1.184816360066771601e+00,3.319226509746330045e+00,1.206306232121352906e+00,8.346632970134416851e+00
6.101096993730227291e-01,4.658505352190451809e-01,4.974799130243692247e+00,2.860128775785574007e+00,6.023906194651931223e+00
6.298980294226476095e-01,2.464157609120446679e+00,4.118855264907555380e+00,4.603989548172945589e+00,4.769646041613242460e+00
2.039241807386616312e+00,8.734184564412308394e-01,8.399780720794611799e-01,4.127209564482798854e-01,1.433894887331674806e+00
1.035232869625139829e+00,2.356167327233312125e+00,2.374222329672633691e+00,2.502478877434201721e+00,7.310157537000457673e+00
1.578753764628753942e+00,1.135556159094259776e+00,3.588537994706599399e+00,3.296303057402005354e+00,4.195373374158768875e+00
3.326826165881001662e-01,4.042904792456157859e-01,1.513660639345383974e+00,3.736737347460168834e+00,9.016012394426068610e+00
2.107131304838943286e+00,1.231069193360311509e+00,6.100048078291169240e-01,3.952772817690049845e+00,8.970847807138132568e-01
4.133507574817940067e-01,2.229506762492595495e+00,2.374220874844031215e+00,6.403313364327210877e+00,3.526828306989437056e+00
1.470052449184353072e-01,1.875072642259787425e-01,4.806148152354457470e-01,2.660211499176523997e+00,9.621361593835853654e+00
1.980645404056835979e+00,7.903665013812675166e-01,2.361857370445495263e+00,6.601211600410556990e-01,4.346836320583662427e+00
1.315104066431392660e+00,2.076740336077175453e+00,5.688847420884823869e-01,3.897136515094766107e+00,5.479762894088549885e+00
2.027082556005424252e-01,3.198022979742599081e-01,2.718041970049875911e-01,5.142434096480275940e+00,8.055117491084912373e+00
1.396888685609381175e+00,2.264391455987463164e+00,1.881788331816895532e+00,1.651558790654489961e+00,6.592915725949225703e+00
8.707533888532229538e-01,9.913188620790557293e-01,1.171029260646434089e+00,5.124325188830342270e+00,7.201265482014987285e+00
1.432971273475679208e+00,1.839558131257707174e+00,3.485414961348034080e+00,1.845565194664934738e+00,5.517264877266520706e+00
8.980450157185877469e-01,1.671880205629893590e+00,2.387674182816218682e+00,4.113411100268086429e+00,7.391602853740332435e+00
2.098338184912522109e-01,9.894642104785703607e-01,2.620320656409589333e+00,3.647503074652839850e+00,7.913106040281840947e+00
2.845096662443009072e-01,2.280514076417556046e-01,2.738195797359495587e-01,3.265597328742171901e-01,1.017244069205576551e+01
1.141869533659402303e-01,2.663421084213483114e-01,4.105707633178771743e-01,6.435801705434228692e-01,1.006757696256095258e+01
1.245396761979171429e-01,2.056444536289049607e-01,3.003250611219002164e-01,5.657204834059985643e+00,7.333366217145022681e+00
1.178288380079417941e+00,1.869849151934693143e+00,1.664036830272159317e+00,4.069579315944790388e+00,7.574971015485489900e+00
2.512112057644871888e-01,3.536945292059404000e+00,1.799060583104702404e+00,1.199398736234672302e+00,4.417389176866675982e+00
1.214302682002181832e-01,2.979178834180811752e-01,2.771426718326996386e-01,2.032686504807491301e-01,1.010219773516150177e+01
3.424824820866522734e-01,3.299135510202362731e+00,3.721622521379201132e+00,2.165206558135689185e+00,2.090950472776287317e+00
1.262176228467861150e-01,3.091294507803443170e-01,2.595096630789331948e-01,8.088683301968989880e+00,8.201963942095407134e-01
4.259064247855790519e-01,3.681666599846026955e+00,3.119634162978816239e+00,2.574759794319319894e+00,1.134374353015919379e+00
9.241160857877360746e-01,1.813544222753109558e+00,2.172374892126085477e+00,3.498050264956424460e+00,6.854026090699728790e+00
1.194931648062776075e+00,1.253039816491767100e+00,4.934156766436352370e+00,2.865604644421861913e+00,4.581379255363746239e+00
1.666413830975790988e+00,6.005717205410722181e-01,1.907806858444334175e+00,5.792023941154210709e-01,7.305234016567830224e+00
1.489748329232659430e+00,1.637795008912478423e+00,3.725236572716132510e+00,1.761135811826795017e+00,3.388313177673529797e+00
1.797773746347861024e-01,2.414072512042624852e-01,2.790390131940904128e-01,1.909246311932896178e-01,1.009993045003973222e+01
3.436945974012034499e-01,8.506159617941468909e-01,2.381542781641173168e+00,4.318851128967051700e+00,8.176489367592484570e+00
8.280203543526012400e-01,6.935394868186313122e-01,3.857521019534505768e+00,3.203330841602055834e+00,6.475444223338323368e+00
2.776925739129600390e-01,1.641280298022044892e+00,1.524081097174184052e+00,8.680548627884752122e-01,9.325270976786782740e+00
1.206334603062782646e-01,1.285066059161694141e-01,3.479505859925006162e-01,5.903945632835049473e+00,7.019073034840694447e+00
1.682389612808866675e+00,1.235771473513475938e+00,2.475925655433133254e+00,4.281800930256886240e+00,3.812621726227595875e+00
2.813113693337790933e-01,5.154200007968865460e-01,4.913592556429756897e+00,3.322220510955057549e+00,5.311016533735219092e+00
1.638665024782580693e+00,2.740162357853439090e+00,3.417294150167573985e+00,1.363692684276111899e+00,1.376576634042808722e+00
1.289204473623416780e-01,3.281663371317504740e-01,5.126488875334473505e+00,4.503313747512919463e+00,5.814444159905602927e-01
1.140620198476749725e-01,2.477758972778725532e-01,3.694609985519651807e-01,3.489117109965477193e-01,1.009077727448953610e+01
1.139641301113102356e-01,2.431832866491915879e-01,3.841702633813014467e-01,3.663715529771097157e-01,1.008942802204869338e+01
1.158581828297354788e-01,1.783863356349640050e-01,1.369667552476753203e-01,1.216745467551446858e+00,1.001736945511526855e+01
3.057985894098528834e-01,1.371347637727278634e+00,1.090245539143297915e+00,8.879805442613741828e-01,9.360286017061110186e+00
4.676691097906370276e-01,3.291645083441416375e+00,3.046795528389692809e+00,4.486009281477790545e+00,1.517080850961020744e+00
1.616627646642159410e+00,8.087959838106703048e-01,2.869293717248695863e+00,2.485667466244768864e+00,4.164904301843629142e+00
7.694581777512210508e-01,1.301489213559982705e+00,2.177262781260686175e+00,5.272884472032047576e+00,7.215996315098782254e+00
7.848193307870534596e-01,1.592752672340246534e+00,1.748543275713221101e+00,6.384833492829140589e+00,4.845734094888131338e+00
1.593208567445402180e-01,2.960832623178291101e-01,2.924221216908355347e-01,6.555490835933579952e+00,6.141020596883730143e+00
1.435252245897749690e+00,2.515014433146079753e+00,2.291958331118161052e+00,3.292876867523495843e+00,5.395244794013239087e+00
1.538925430787033921e+00,1.571546622809053995e+00,3.042719131592687809e+00,1.640552710562801275e+00,4.726537889317071972e+00
1.869730732512139948e+00,6.899570591525375773e-01,2.256432091465744527e+00,6.429439901311793104e-01,4.524506072322382444e+00
3.422332184647171038e-01,2.063429792283673514e+00,5.077203512045022293e+00,1.789397019769702446e+00,3.910010575285946643e+00
1.739654659507374468e-01,1.810346006312033018e-01,3.787480897963703685e-01,5.391928794529372126e+00,7.745922532619505141e+00
1.191940261385127514e-01,1.791538414899067622e-01,1.747700024361567017e-01,1.274144148945702604e+00,1.001086581324643632e+01
3.684031571270666161e-01,5.128957316134072908e-01,2.009708929902474850e+00,5.161077699414931885e+00,7.414855011201582080e+00
3.520473325728163405e-01,2.807139744468955200e+00,4.655759028223529938e+00,2.308372287907448417e+00,1.113846264070822656e+00
1.793981540476468739e+00,1.642203428974313262e+00,2.479252022929512300e+00,4.615759405964613649e+00,2.750327242274405393e+00
2.129514148740176971e+00,7.182316853569092885e-01,1.833952584702399191e+00,1.543862329668968636e+00,3.459187892656723662e+00
1.755498557530474457e+00,1.572211285755725774e+00,2.909919094096512726e+00,2.255497525820165716e+00,3.034280583158487143e+00
5.920720111430434196e-01,1.478222587514012920e+00,2.441572528814512033e+00,3.851976426384168484e+00,8.168333669169932421e+00
1.175084653549398894e-01,3.500440651191689123e-01,3.027782371009861695e-01,5.092761304334330053e-01,1.007584186507251189e+01
1.369992464595771509e+00,2.627495159929610136e+00,1.975030172387260308e+00,3.058560286263825034e+00,5.023512466790960751e+00
1.763469072019354877e+00,1.440208705011830626e+00,2.985971927063153064e+00,1.488842797840631116e+00,4.510394582738281422e+00
4.309528670467688838e-01,1.819823370858079103e+00,1.720677947222078341e+00,7.374066310563820892e+00,1.757073975834077206e+00
1.486742399795817071e-01,3.756291045637785153e-01,2.593103179019032645e+00,2.090706433808906084e+00,8.920292625297451039e+00
1.454599628269715339e+00,1.490567902567358161e+00,2.640896402823340150e+00,3.974542299003728907e+00,6.683471581576149845e+00
1.319928549573634868e-01,1.383621894753263026e-01,3.070464710589081436e-01,4.543744271561589443e+00,8.468488572807032710e+00
1.828492237516801566e+00,1.100169950892073700e+00,6.064502678681460424e-01,3.166606032668261239e+00,6.484846723627599729e+00
1.270112521371051351e+00,1.809355298389871747e+00,2.236974417327909137e+00,4.708761972568243692e+00,6.080415623167078287e+00
1.483392008286060493e-01,3.426618197903825713e-01,2.989649994478544293e-01,8.028228099422968000e+00,1.735086149614862183e+00
2.530322460808175355e-01,9.923336409607144137e-01,2.830976090190159500e+00,2.570499392128099192e+00,8.503140585857138944e+00
4.253304701802546606e-01,5.478525128377063069e-01,3.854597181173292419e+00,2.552064894049239641e+00,8.173252732253075692e+00
4.538373727703175486e-01,1.240289726071182264e+00,1.038962338134023611e+00,4.069449037813800629e+00,8.469906568536114122e+00
2.979771702065437955e-01,3.483216779226195214e+00,3.230666149192477743e+00,2.017411881596969714e+00,1.790699525604784847e+00
4.740532837851896275e-01,2.276023001046820760e+00,2.294934277562364677e+00,1.424212785918223201e+00,8.367171109093158421e+00
6.698854935929130505e-01,1.603350049047176817e+00,2.547393139921426908e+00,1.867961669294423199e+00,7.833591323027611963e+00
1.250519730624789272e+00,1.110805383898003651e+00,1.960502288105059110e+00,5.112062268228845241e+00,6.213412048986784342e+00
8.377873216054109173e-01,1.294909640521866967e+00,1.265772902127740851e+00,3.913201471215191685e+00,7.825588053429847868e+00
1.053448097064082489e+00,3.440785070486714226e+00,2.551545701028377522e+00,2.452395706148746690e+00,4.189227625236125796e+00
2.058117039167645657e-01,7.738231655064291559e-01,1.768491213202752377e+00,7.918100965367826927e-01,9.697201903374203624e+00
4.638421778525910755e-01,1.906394252699795455e+00,9.662611540112127084e-01,2.415706157879198290e+00,9.270025498191241553e+00
4.850609853644075042e-01,4.158870382580525771e+00,1.261914602986020650e+00,8.107264500416608843e-01,3.282317356070182601e+00
4.360199472758156114e-01,3.932730336671742322e+00,1.386332864764140860e+00,5.466262055409694121e-01,4.348027066720757894e+00
7.613600624667758998e-01,2.635115710908563003e+00,2.841923437410106779e+00,5.880564030495906813e+00,3.718195915789199280e+00
3.773249114939014048e-01,3.400064504484195282e+00,1.838054234802065867e+00,3.543115934056830341e+00,4.362121771326182618e+00
1.632876539541096461e+00,2.395550488039580816e+00,2.523497922321753517e+00,3.519981970705164276e+00,3.783074175397731942e+00
9.771971578734406361e-01,1.701184195466987736e+00,2.935338497303210836e+00,3.755206885659611693e+00,6.970880222368665002e+00
1.963526609683083068e-01,1.706845726325424417e-01,2.732126333590354506e-01,4.271988135426410538e-01,1.011556360043978131e+01
5.022925790606581620e-01,2.736133889654813522e+00,2.212148218954546941e+00,6.024227862362095287e+00,3.208422112562089090e+00
3.514323957133126397e-01,6.484304872835466860e-01,2.020303246635578809e+00,5.677035198265142135e+00,7.063080187982251346e+00
2.723348154618933092e-01,6.546283875623286619e-01,2.533390673664907222e+00,8.576878953470085110e-01,9.435271468182968135e+00
5.203297997365210481e-01,5.615414136978624793e-01,4.260725949789991418e+00,5.242959812399742958e+00,5.311461717414706740e+00
1.883739631441905704e+00,2.132639987087660671e+00,1.264310892912619888e+00,2.427991430409971230e+00,4.225822948936021284e+00
9.587211009664680095e-01,7.555658484395113561e-01,2.811886275090194509e+00,5.682373761109166921e+00,5.975552347411516863e+00
5.179923317385730641e-01,2.237106892984884521e+00,1.886535152768923584e+00,6.570780452187785059e+00,3.382896794324682155e+00
4.088243461738592655e-01,2.426602218851631410e+00,2.608326879866147863e+00,1.109823598243995457e+00,7.791604578800227721e+00
1.691250648343931295e-01,3.879118151544296844e-01,1.748994485639158381e+00,7.188603823921915215e-01,9.766133992524936858e+00
4.352189813786383477e-01,1.585990979538622447e+00,1.639354050826046016e+00,7.345353545645290971e+00,3.829220303914326884e+00
1.154053810209269143e-01,3.000025506715973123e-01,4.686308803724199556e-01,4.411298823184585105e-01,1.007274261823184958e+01
3.605055176139834172e-01,1.436120909077636565e+00,2.588523721808419165e+00,6.944053485674746007e+00,3.449215526516362651e+00
2.274641820079520205e+00,4.520034691830549511e-01,1.219168538565392756e+00,1.262141209263083708e+00,1.859283437318119514e+00
4.080360870106274351e-01,3.649001002451603082e+00,2.104024079796841473e+00,2.556285746615312160e+00,3.947394256145830838e+00
1.611498288306978943e-01,1.229372311106948557e+00,2.174293756194069616e+00,4.434122837669548289e+00,7.340940240799335825e+00
1.718057360725216975e-01,5.211546640615929427e-01,7.905447734036601393e-01,3.798408720410040740e+00,8.961781355755963574e+00
2.151783665529905853e+00,5.393309948916953367e-01,8.065090443427695988e-01,1.667975164231554119e+00,4.135140472784491372e+00
3.576809916776179654e-01,2.781394898466610144e+00,3.573170195992679155e+00,4.425460674492632585e+00,2.433973073619151606e+00
1.693085330745230710e+00,2.011930977291398470e+00,3.930216814259112290e+00,2.807638165466855185e+00,2.703729783918900509e+00
1.718735532282985590e+00,6.132690884043255908e-01,4.550319227893956153e+00,1.023119246458623843e+00,3.096108989618935325e+00
1.421197504328705286e+00,2.753041575689104015e+00,1.869540249593306225e+00,3.031554537870634558e+00,4.754027906501159251e+00
5.105312643026626018e-01,2.268977131002795300e+00,3.098999858442756050e+00,6.380082790108834168e-01,8.223237595014317947e+00
3.444752471486840495e-01,3.256701315618854231e+00,1.775626290449974665e+00,1.038698228641614207e+00,6.322031110584164892e+00
4.129182722481508083e-01,3.237474881804134341e+00,2.203267290286631042e+00,5.232223538224554993e+00,7.201168615691581065e-01
3.017861617357814330e-01,1.516427524877344890e+00,4.779575283786275719e+00,4.248997369201954477e+00,2.700038149737964410e+00
4.373921258293850256e-01,3.682657464849954820e+00,3.142577483345876388e+00,2.529624202258119681e+00,1.412676034214661813e+00
8.554370467286688262e-01,1.951913067045748518e+00,1.828289998330357990e+00,6.127012133333568755e+00,3.161209576730687587e+00
4.455735907529258522e-01,3.579535922328405562e+00,5.055507200795086309e-01,4.989875932544130421e+00,1.600898462755086848e+00
9.338686549231962619e-01,3.957397906676871635e-01,2.106056673792136014e+00,6.210194233071639758e+00,5.598711355260542533e+00
1.833418160585686962e-01,3.169979656419974479e-01,4.211103983915800431e-01,8.082242953050130296e+00,1.643580819294867768e+00
2.966772723122729771e-01,1.286428676918057956e+00,4.726839419644502271e+00,4.492784123629579796e+00,3.414551580724269897e+00
1.183557139167699557e+00,1.219986689647122535e+00,1.903077401777058864e+00,3.547872283773721769e+00,7.500893101509155336e+00
1.113100327753809432e-01,1.174328412228538981e-01,2.730832087302914046e-01,4.076335992415610399e+00,8.792166575830133723e+00
9.801725729476253868e-01,1.977039377995527536e+00,2.613589396736529569e+00,2.913739872398139585e+00,6.497197139729580684e+00
1.647726779182315804e-01,1.715421990604916458e-01,3.577976143700137279e-01,5.058527223036810128e+00,8.068579223371175502e+00
1.237757308483030255e-01,3.254224861050581952e-01,1.764343251275874991e-01,1.691218821868535616e-01,1.010413080726472401e+01
1.439548481236844868e+00,1.890562284756009959e+00,2.686881809432092982e+00,7.676693545587349732e-01,6.455659785750722079e+00
3.903907470328973339e-01,3.003902148823353713e+00,1.579184863115685067e+00,5.982067101962726952e+00,9.223320340687066743e-01
3.501461351532533794e-01,2.456861953259474429e+00,2.481754717667832288e+00,5.404053008540826042e+00,4.362292158400815190e+00
4.029447748137228169e-01,3.206779109683689732e+00,3.245267284769780325e+00,3.763105561762541296e+00,2.209728272931057003e+00
1.768876696062287035e+00,1.505226891224677122e+00,1.046284109019261832e+00,4.165470562555924516e+00,5.052453862787931627e+00
4.496539813033089139e-01,6.147843958044368895e-01,4.365645659383588395e+00,5.617988617594189549e+00,4.358912177674855393e+00
5.759232591226876030e-01,9.505606887658193394e-01,9.798051797491490467e-01,9.239113242462759779e-01,9.542254758711033347e+00
1.804511310500350962e+00,1.698206200041409764e+00,7.060979511334983805e-01,2.188174260107059066e+00,4.441201877386552255e+00
1.272504616802904609e+00,3.752866274592373319e+00,5.959979671951600722e-01,8.090765647278255202e-01,1.239837999803626190e+00
9.893492722080867718e-01,4.079429722898155197e-01,2.503554024524810906e+00,4.284194525999355463e+00,7.631789435361548968e+00
1.290762516779674574e+00,9.118491290239745251e-01,2.511091666553451063e+00,1.643362409379468092e+00,8.982162547023515131e+00
3.978389517962134803e-01,1.638028769899106285e+00,2.810057569721357673e+00,6.882146736550321720e+00,2.980791827155881535e+00
1.700866479300495948e+00,6.044910034227926054e-01,1.118865130289008691e+00,5.458417652328456882e+00,1.444280448282766471e+00
2.848573161405922871e-01,2.882269411782384161e+00,3.080077949466780485e+00,2.565776637705622143e+00,5.081352639617797706e+00
1.732419365799892086e-01,1.793311631319089994e-01,3.179231066998782218e-01,3.609963335196248568e+00,9.199979282704322969e+00
1.420701296745462416e+00,5.940676576968046962e-01,2.317655612623929606e+00,9.241025363527670677e-01,7.751770452054393523e+00
2.319147665014550941e-01,4.423902596989684466e-01,2.599314037341523775e+00,1.737037563175712895e+00,9.198180671087040849e+00
3.444756338716685184e-01,2.690150326985742968e+00,4.592972084363369234e+00,1.775927135304630200e+00,3.188338681099906147e+00
3.842962155039613137e-01,1.562054876742025700e+00,1.181682627702921096e+00,7.531387020438253366e+00,3.250848547609274775e+00
1.381121505006704275e+00,1.514238776231461081e+00,1.216513597136666736e+00,3.674164704547163041e+00,7.744454008484053631e+00
2.877735088859353363e-01,2.356341868523225358e+00,2.342072232019532407e+00,4.520699289878082894e+00,5.765020679155952621e+00
6.541041969037330039e-01,3.686939463834566055e+00,3.291505607391701282e+00,1.065207410528548948e+00,4.849550721901448647e+00
5.197159744804620285e-01,2.928653274743828305e+00,2.923399098659192674e+00,3.401701204707598514e+00,6.029457392569114837e+00
3.768815013354822052e-01,1.478104849158680345e+00,3.179004949520198853e+00,5.595552943113668576e+00,5.511758457073915096e+00
1.092901358100968112e+00,2.022824165616678993e+00,2.429191863092695414e+00,5.110630622077797502e-01,7.104742891425803286e+00
6.010929478220395916e-01,1.710329251064251155e+00,2.832168448886061007e+00,3.777343619803117836e+00,7.777675807350125758e+00
1.423433578629685003e+00,1.169257626244692760e+00,3.891648206581490577e+00,3.299877882116652561e+00,3.045349257942390864e+00
1.355671700857350892e+00,7.314417876354395442e-01,5.116167772146580361e+00,2.612437037391031058e+00,1.421001352143952623e+00
1.734117782447851530e-01,2.376985460544370765e-01,3.954814998285912098e-01,6.892761364555681780e+00,5.544211374435445983e+00
3.742399933383281918e-01,3.473226264039332101e+00,3.272786743059859393e+00,2.909726515199299257e+00,1.344552870037842629e+00
4.220288784590280895e-01,3.441986544930586422e+00,2.778963039991849016e+00,3.105691386522745123e+00,3.457549017407680836e+00
1.461253850924693620e-01,2.930527447350141923e-01,3.733612077238428473e-01,8.123332282116528802e+00,5.655976879006774372e-01
2.265036272703517373e+00,8.366770056976403636e-01,8.804919795398895577e-01,8.965590223518784541e-01,2.770244674939987828e+00
1.021896821728634164e+00,1.273186741893519880e+00,3.666127609094178119e+00,5.659149825262709932e+00,3.159161937970396572e+00
1.432841358806891785e+00,6.992294361872662956e-01,6.230028849822130121e-01,4.409043123389200680e+00,6.745964830324752803e+00
1.028225189174834409e+00,1.312281805167903048e+00,1.714578650925257630e+00,7.327508061511358584e+00,3.612691091500131790e+00
7.356382078778576084e-01,2.938497218660343968e+00,5.417969635731997080e+00,1.025052356543104448e+00,1.971069447233361194e+00
3.374217207198945689e-01,2.745730424275445891e+00,4.477497228790342731e+00,2.235842631798869107e+00,2.820288700398556170e+00
3.998111988510246184e-01,1.184117877940016550e+00,3.205859239665853622e+00,5.890676000145345981e+00,5.498090800144084689e+00
8.416107290345564707e-01,1.054151368031849501e+00,4.756538090080113967e+00,3.669970272435093772e+00,5.702662375423302343e+00
5.131822902414638898e-01,2.618856019455475526e+00,2.294254317954141698e+00,3.731750282609063163e+00,7.125013271379852853e+00
1.207571613614934813e+00,7.621770756074389697e-01,5.054841254899832492e+00,4.170379136505292905e+00,2.229073985152430382e+00
2.640584917548579047e-01,3.976733605185343023e-01,2.694752748838553646e-01,6.643567784649152763e+00,6.209799198019626765e+00
1.114457629697462870e-01,1.563583078955646244e-01,3.356853777277765127e-01,6.109838149287168285e+00,6.713491344299656660e+00
5.736135280751510912e-01,1.110432368418804661e+00,4.256339052601672890e+00,4.008399878818083906e+00,5.984388840898817286e+00
4.326798814559271178e-01,1.490061246059605882e+00,5.233908386549722458e+00,4.074654741422118143e+00,3.001717833923686740e+00
7.474808224742208740e-01,2.005885977373156770e+00,3.938435059593422327e+00,4.832965570559808022e+00,4.974060840289032726e+00
1.835035712027076604e+00,2.404285374489751437e+00,1.394685838717638626e+00,1.056702469872218941e+00,2.313894124472400726e+00
1.108720286874049332e+00,3.041074649033942645e+00,1.127558398558189845e+00,3.711004500222763181e+00,5.789773450870309368e+00
4.172289131678553753e-01,3.025221415608839060e+00,2.525424665857466611e+00,2.963996283942057275e+00,5.762104004292196713e+00
1.249905479578678758e-01,1.823324219659425427e-01,2.716227896713860890e-01,4.489444110364835261e+00,8.497988672588350667e+00
1.957998088862857200e+00,6.947740494527205879e-01,2.100307436373977765e+00,2.610510219593919157e+00,5.273015815346321133e+00
4.128202065588973957e-01,1.172980677044937581e+00,9.242824171261361244e-01,3.159096531532662233e+00,9.372608325686039521e+00
3.615662574531294249e-01,1.194745045048423826e+00,1.272648256967883862e+00,4.195263038029796832e+00,8.659182090880905847e+00
5.095376148028526453e-01,3.706814897905926554e+00,2.680182303723340542e+00,2.363130288418515246e+00,2.136127531868488916e+00
3.811011146333739275e-01,6.724261591388787096e-01,1.562783698462184567e+00,6.796633417963448665e+00,5.294042728888894267e+00
1.612908865057092855e+00,5.161071705294059120e-01,3.012463557698650263e+00,3.698544423082303467e+00,5.635113711112015977e+00
3.634202103615304935e-01,8.045474188341746880e-01,1.856344505883537277e+00,6.654291584336925247e+00,5.220934361218540154e+00
1.887355089794749086e+00,1.850692293404325950e+00,1.940833905806852666e+00,2.219504462577279735e+00,4.187225347248717533e+00
4.958714011241013853e-01,1.627152730262142910e+00,3.756606998597812552e+00,2.258269042829420759e+00,7.432470108098775619e+00
2.137485261749202392e-01,3.167444887397458664e-01,3.510130223635865021e-01,7.517814035448717291e+00,4.115386719127037018e+00
4.319086087523055228e-01,3.675064779089465272e+00,3.036453274245051404e+00,2.704430463773658033e+00,1.626209362459930752e+00
1.144524688096914961e-01,2.046856815970259369e-01,2.741554982249347017e+00,4.288573138531874385e+00,7.421320592160000729e+00
5.764641862740537137e-01,2.145408169225068828e+00,4.692701974500133488e+00,3.687571990133089450e+00,4.470392783228986033e+00
5.337300306031760311e-01,3.649900295961279628e+00,1.117363037732253872e+00,2.486218845207524453e+00,5.750543249618674579e+00
2.257157179348595610e-01,1.648797270109870761e-01,3.087151621758474906e-01,3.251511029527457408e-01,1.012970706404540167e+01
2.406141545186147312e-01,1.733249139870016442e-01,3.922488591903517952e-01,2.945688819174981377e-01,1.014762034354432885e+01
6.153644144160121954e-01,2.190801656101097894e+00,4.506770843995153264e+00,3.821251550751881609e+00,4.935509661601893860e+00
1.547264699984628233e+00,2.019989693661497832e+00,3.000039147678283058e+00,9.303132371319415839e-01,5.910798926939398790e+00
2.909936368887260372e-01,6.524397483871255954e-01,1.618161357974819081e+00,3.055944373685036464e+00,9.343754655043193580e+00
1.189664366133820483e-01,1.419027734194905077e-01,1.209907886008171063e-01,7.331236019208571264e-01,1.008857901564312698e+01
3.798563127920091542e-01,3.313113651789215464e+00,2.578044501671924227e+00,3.356784550980628890e+00,3.490288648212046319e+00
3.671147910562267414e-01,8.402850035759084069e-01,6.046052263239823255e+00,8.094617273698654358e-01,3.218973980987382078e+00
1.614872276222680370e+00,1.177014267759481703e+00,1.578889974983650912e+00,5.238082928638951863e+00,3.023932963149265518e+00
2.008684994248146616e+00,5.750420794397510527e-01,2.447696192667096593e+00,2.239713484541213884e+00,3.940809047016750277e+00
1.783528549817378350e-01,1.921211074025137577e-01,4.119596795957246038e-01,3.325560129114746299e+00,9.363097133260032123e+00
4.683970676669726996e-01,1.442499058264249623e+00,1.951745805414587309e+00,6.006815162261294638e+00,6.588997853027639628e+00
2.228107341954409237e-01,4.282300287245937032e-01,2.317584950138681599e+00,6.337769850811437733e-01,9.555188477212382736e+00
3.540870475420813124e-01,2.097059406685088501e+00,2.401111146697227028e+00,5.431911931613361944e+00,5.475064625436145249e+00
1.467583474046592507e+00,2.829964780612122865e+00,4.181291154334261684e+00,8.145446420760853456e-01,4.570570699162627371e+00
2.363332957653592747e-01,2.847204214753331075e-01,2.464194707638352189e-01,7.969564113113213111e+00,2.239550158575875471e+00
1.615161528315607053e-01,3.142077604065960372e-01,3.642443609702623597e+00,9.531734227308390484e-01,8.227043750508498121e+00
4.663552428977817410e-01,2.544060070594117207e+00,4.121879375018314029e+00,4.381353018121496135e+00,2.907393073126696592e+00
1.103254060387462987e-01,1.156715497835101025e-01,2.685174177030005271e-01,4.716481112958134103e-01,1.009639883596596910e+01
1.206239486145803674e-01,2.059428302230361107e-01,1.413837059660008055e-01,3.510096563566330374e+00,9.172346471282134317e+00
5.325808396924076593e-01,5.260664628910391993e-01,5.350829380976704464e+00,2.957063140104368770e+00,4.862930791025044996e+00
4.818297294225847849e-01,2.285004601582915296e+00,4.405904242091416734e+00,2.742584947087133518e+00,5.550650181999770005e+00
9.897883705930654585e-01,1.215960068666300575e+00,5.196125622581022618e+00,1.617702602871301298e+00,4.616966751608185149e+00
5.849591042525188467e-01,2.423277230784186109e+00,4.243651837722433484e+00,4.865104488978087893e+00,3.398329068002772679e+00
2.884210437705275187e-01,1.647621865174943023e+00,3.175588189965997010e+00,3.144864743943381669e+00,7.391016599906378381e+00
1.098479258384602364e+00,2.697400233300760064e+00,2.553855980344934551e+00,1.642140973046557928e+00,5.691508387912548983e+00
1.356071292993946964e-01,3.011306471256397499e-01,4.767556733811727732e+00,4.008392489354910992e+00,4.146629930853980461e+00
1.783505172145596063e-01,1.284319065446019703e+00,3.003748354389413677e+00,4.685055517346617293e+00,6.211232287691000664e+00
9.641866716067436505e-01,3.172965077240319509e+00,3.494592904820903012e+00,4.089746542586643940e+00,3.265973279032460486e+00
1.339530400354860928e+00,4.163662899254982341e-01,3.190043927138289881e+00,1.358040773840971882e+00,6.001553629479269070e+00
3.963391949188826979e-01,8.204741013110858905e-01,2.449134743706364858e+00,5.144063311194347676e+00,7.567216926421806988e+00
1.449437251913591407e+00,1.954557043750575929e+00,1.848493259397300692e+00,4.942069940910375436e+00,6.565399293112399448e-01
1.099375730654808259e-01,1.203005598177208924e-01,4.142636159514784810e-01,2.077165286527218879e-01,1.009574748065814731e+01
8.545043669811362985e-01,1.555141817299390272e+00,2.538339769346786401e+00,3.434704324379674212e+00,8.701257825802905188e+00
1.743493611213052241e-01,5.103888451574011276e-01,3.901817872186011948e-01,3.166815811909968748e+00,9.382319265486174231e+00
1.589027586697000949e+00,2.129163452775158838e+00,2.960208493300566346e+00,3.048357171431990587e+00,2.884870458667539772e+00
3.697128453735498144e-01,1.231514570515636953e+00,1.574519875913269029e+00,6.446890495164183221e+00,5.803904810468668352e+00
1.099240865014602941e-01,1.202270564746289461e-01,4.127906181491485249e-01,2.155427900384309647e-01,1.009574816936950015e+01
2.077462421708356821e+00,9.772137724077696319e-01,1.074328599878186186e+00,1.959549130925937188e+00,9.719518639579077801e-01
1.291451104218306112e+00,3.597476364319890596e+00,1.868271463039811842e+00,8.162410341390220481e-01,2.709804716657330026e+00
1.378132273552887144e+00,1.793797065639746391e+00,1.422305678830912967e+00,4.374104177133492755e+00,6.210481852638652711e+00
9.838336221328142228e-01,2.530776193762160009e+00,5.633403814092741158e-01,3.961650680202422947e+00,7.084081180635225294e+00
4.671658420997315542e-01,1.338887457429863481e+00,1.524451222122920280e+00,2.214149548752347485e+00,9.757705049525377206e+00
1.661183583412525200e-01,4.197195468116688422e-01,5.967813072061992408e+00,1.729186601882325203e+00,9.005307292000617192e-01
1.998402647136969357e+00,1.785652588901901039e+00,1.318939161110719738e+00,3.658717620719942332e+00,1.314579856404122227e+00
1.590051471782643056e+00,1.514380850461391814e+00,3.315284275972243400e+00,1.378186194870308467e+00,4.463116560294895230e+00
6.518328677270351923e-01,1.127801312993698346e+00,1.894972431657340195e+00,5.460729533460250806e+00,6.918553759628581545e+00
3.095063156348591416e-01,3.227853243323656196e-01,1.734311907150864585e+00,2.465079556238904512e+00,9.582834841923085989e+00
1.152158387238817472e+00,1.576406901310065223e+00,1.673755205892264453e+00,2.503821188655487529e+00,7.923279135820797237e+00
5.340464894592272804e-01,2.649962830080839993e+00,2.698759792608636410e+00,2.931885344306469854e+00,7.353518386574069865e+00
2.481792654918429653e-01,2.839974405872483398e+00,2.864111708955184188e+00,4.724768699734985589e+00,1.966731129475494777e+00
1.434062047470461732e+00,3.396971527190160156e+00,1.388872734598391334e+00,1.154032619563404971e+00,5.904154416575610576e+00
1.087325967731570947e-01,1.201845777783065033e-01,4.201215658166866929e-01,1.454895509917315255e-01,1.009413297084338090e+01
1.491567095615009997e+00,2.830364893871929688e+00,3.081279201478217544e+00,9.029304610775394924e-01,1.946108545626856756e+00
4.674077515115749870e-01,3.430758189633240640e+00,1.202120061411528829e+00,1.875272034374992680e+00,6.411426006153767787e+00
5.387996275733939466e-01,5.613504019312832716e-01,4.599950175055290025e+00,1.350049126017278001e+00,7.620851597923959275e+00
1.261868896383196770e+00,3.384827407628277829e+00,1.225322108876226057e+00,1.189456601710482175e+00,5.812398856810656156e+00
1.393640309131948474e+00,1.410024925375158000e+00,2.802267007813612931e+00,4.411851514487400650e+00,4.398213384042475305e+00
2.755462383537266025e-01,3.039104143448426720e-01,4.678559589043079114e+00,8.901560630427602927e-01,6.803418488497257499e+00
4.583179844385735779e-01,1.881107433578320887e+00,3.196662054794777053e+00,5.748516886249501745e+00,4.982500303009664400e+00
5.190319056598320380e-01,1.997721036865772293e+00,1.992474621648037569e+00,6.750147637776994003e+00,4.690557401189887621e+00
3.892390656186055509e-01,3.176215553108626466e+00,3.411294903597116068e+00,3.904148507376465460e+00,1.474054368472254239e+00
3.174012480310524076e-01,3.193056966376619066e+00,2.193152133062169273e+00,4.662787434344515702e+00,2.271189571296801990e+00
9.496388919747176249e-01,1.586106309933290159e+00,2.738759817268314745e+00,6.716043509980992532e+00,3.565275586242842909e+00
5.399133342636946997e-01,5.762843888655816427e-01,3.492089546615412488e+00,5.894232255142946464e+00,5.757028221294111958e+00
6.376914326201394978e-01,5.650894529681066425e-01,5.118608299563899955e+00,7.874953614625639364e-01,6.667915412108856188e+00
6.519032932725188356e-01,1.509450565606841099e+00,1.678315528361889353e+00,5.187308163415798035e+00,7.673881799411280014e+00
1.239479724607352451e-01,2.438939839189319669e-01,2.790248650283369880e+00,7.268922988857775991e+00,6.223679151393093356e-01
1.154341665065037326e+00,1.295970117660166787e+00,4.302956641825532280e+00,5.287988757073031287e+00,3.633994859051351778e+00
3.044289006838292733e-01,3.625401834413417568e+00,1.834935532302572669e+00,3.256741711150239027e+00,2.354190018186701039e+00
1.124416333253017708e+00,1.001772701503246710e+00,5.648223247079919851e+00,2.056417681404990816e+00,3.086946019214534598e+00
4.186396123244602308e-01,2.140280629530206813e+00,2.742275902517565811e+00,3.874105565203585844e+00,6.713259646660723945e+00
8.903523740218939331e-01,1.421479301520530925e+00,4.178350594816468977e+00,3.855408410537751074e+00,3.870192175856486561e+00
1.303669751663973031e+00,1.199727904525719424e+00,3.116130171105694124e+00,5.731850753659358588e+00,2.277069585895593384e+00
5.117110550737922203e-01,3.403647146251158162e+00,1.496013405548753727e+00,2.039603250708117876e+00,6.562750114190480488e+00
1.129763552573941565e+00,2.225948248891687076e+00,3.000912873292465477e+00,2.239426125671680090e+00,5.751489128510399951e+00
3.478997771758912116e-01,3.113936948284397488e+00,6.187600018321470774e-01,8.895045656521927135e-01,7.237795412854969079e+00
1.835068404082124127e-01,1.881980085943338876e-01,3.864340600245262936e-01,2.556374599724726693e+00,9.724719800959436000e+00
1.910700060111560905e+00,1.634889396954660290e+00,1.843540595718988095e+00,2.838818879715559795e+00,2.086723049512228645e+00
1.717027872551809331e+00,2.102699265476789758e+00,2.917948780626621996e+00,1.873361637795060153e+00,5.058576519021048767e+00
1.913671272250141442e+00,2.006205540209542892e+00,1.146527301491116813e+00,2.811846709870586380e+00,1.893240608652966506e+00
1.992968181564690466e+00,1.465626932220996714e+00,8.551823928950783582e-01,3.027005224724097499e+00,3.419795041799019497e+00
1.063982900952723076e+00,1.278390760371053370e+00,2.793103997774250224e+00,6.634029367229755891e+00,4.656504888026283595e+00
1.245947063387814246e+00,1.654539525994931370e+00,2.959190860579265614e+00,4.668484140069278254e+00,4.955168491542202069e+00
5.882522958340046237e-01,3.491522155457867260e+00,1.141525926565935656e+00,4.642975151858509619e+00,4.509704095881595265e+00
1.247013367065779477e+00,1.457451946132801268e+00,2.158555542867841570e+00,5.789812395501419573e+00,5.247506154136845069e+00
9.626069204659660761e-01,8.924178595009264470e-01,2.014234366609899851e+00,2.682700991097013432e+00,8.202385255906172290e+00
2.564720117613653594e-01,3.512942359443589346e-01,3.058555458088570767e+00,4.826582178971363213e+00,6.985883288480659203e+00
1.793692527786769020e+00,2.479546419299949012e+00,1.974989259467597513e+00,1.583077435784251197e+00,2.985383854059377562e+00
1.272031518471490319e+00,1.905776205161852532e+00,3.201316221900175840e+00,1.797677331374263332e+00,5.227887168255882955e+00
2.982105349080541035e-01,3.212102769161099269e-01,4.585333300404384360e+00,5.072748783839620579e+00,3.315865759547688807e+00
4.683953665057130622e-01,1.574787577734345190e+00,1.995274191689459631e+00,6.733201724951956013e-01,9.661931547688833888e+00
4.629756353931458457e-01,7.952618900080792308e-01,5.372381783191415572e+00,1.560929033273806166e+00,5.431246172824064189e+00
1.625422029105717259e-01,3.926815632428757308e-01,5.531140667756979212e+00,1.635065667158783320e+00,3.955823358774352982e+00
3.343460831050265591e-01,3.339306450162428663e-01,5.504796037834112532e+00,3.602917027475813772e+00,2.595777792750209478e+00
1.520584059414655520e-01,1.628846206700529931e-01,4.798133396437520570e-01,8.106595200370492194e+00,1.056177323960670877e+00
3.345552053657750990e-01,4.059018896430774959e+00,1.120297120887721265e+00,1.758581275047739645e+00,1.232425998046693838e+00
2.092588627605196372e+00,1.605143558923666891e+00,6.910557124601077739e-01,1.736460525077809347e+00,8.590927719649259497e-01
4.834736027612330789e-01,2.264471129035335206e+00,2.985669749949330765e+00,5.930004967891825629e+00,3.921140141465688789e+00
2.840256307561841997e-01,7.527051791954852966e-01,1.624307545098752747e+00,4.704705332561676556e+00,8.192667329700206835e+00
3.984801017878631391e-01,5.039207323551103679e-01,5.493292398679855637e+00,3.570296225761024012e+00,2.631506543593913783e+00
1.637681062406178834e-01,2.631969945179929438e-01,2.447240537314967768e-01,2.120207135174856372e-01,1.009838923351608031e+01
1.093505217194469470e+00,3.577641567670954093e+00,3.040877682084262013e+00,3.956241688047500649e+00,1.270123954821633649e+00
1.079108843862447292e-01,1.179137641207483600e-01,3.760749693606881272e-01,3.223433133135860107e-01,1.009337767281902920e+01
7.101363895064323195e-01,7.650453183761893872e-01,4.893108707877201091e+00,3.959029665959026723e+00,4.698425548049338651e+00
3.333305078366055052e-01,1.585517490744974722e+00,6.188031375209224194e-01,4.925285333435541979e+00,7.777714861749677411e+00
2.127943313549187643e+00,8.821303294155178332e-01,7.764940316035026102e-01,3.374738053216659761e+00,1.387169196340432009e+00
3.676127850772225036e-01,3.442167029095173802e+00,9.877658580395639598e-01,7.969487068588815282e-01,6.260720702467426513e+00
1.079108566284175119e-01,1.179133968651861486e-01,3.760658401139027607e-01,3.223519393549315049e-01,1.009337806787730152e+01
4.511774789641177508e-01,1.601710724152278109e+00,4.827848231236699483e+00,1.504745799447021470e+00,6.372965014286223528e+00
1.429314380705772436e+00,5.881631410916628999e-01,1.785895562035377582e+00,5.604049732630580927e+00,3.652418948100959462e+00
1.194004755495976788e-01,1.714402700398920676e-01,1.786853467477312607e-01,5.215978616141178081e-01,1.010364684050442285e+01
3.485944539223301830e-01,7.150057578923249002e-01,4.648046930540409960e+00,4.361792815205458140e+00,4.274370906890093025e+00
4.909224065362213230e-01,3.206946988199939952e+00,2.984205799817877480e+00,4.906708311548004353e+00,1.624030736326896651e+00
2.201894385607983395e-01,5.289005458385973579e-01,4.169234454586095318e+00,5.657471007558517506e+00,3.265056861348762496e+00
3.982111895925584122e-01,1.280550260556395203e+00,1.204536459012427674e+00,6.967489032413598515e-01,9.908723742796810896e+00
1.765442523962898469e-01,3.303464683032952820e-01,4.681218348081836567e+00,4.735760339890297210e+00,3.347925469894818651e+00
5.404142152367036323e-01,2.691232392592136868e+00,2.578361327188182006e+00,5.099307486702858938e+00,3.202341838362169568e+00
2.815263576732206507e-01,2.907610113427590015e-01,4.126150761490908758e-01,7.614534010158987343e+00,3.953035172516981444e+00
1.654356094025655199e+00,6.119952817052409788e-01,1.671910688732651584e+00,4.450715913184207118e+00,6.354295213338757797e+00
2.054798306394593210e-01,3.621985909548527394e-01,3.449729468428714085e+00,6.363358502368040348e+00,3.412730329531865170e+00
2.064061830716024559e+00,1.027133852735783837e+00,8.178784839319737099e-01,1.565517727851495566e+00,4.836077216667117540e+00
4.392195807754971648e-01,3.673035556495670484e+00,2.179953436929503052e+00,1.696572915442082996e+00,3.811546272200015739e+00
1.634985972907885277e+00,9.743115691396395661e-01,9.747264397999690910e-01,2.808226947783909022e+00,7.114122124485372289e+00
4.008629052744667742e-01,2.209849904126763853e+00,4.159246040138671496e+00,3.460922790584094688e+00,5.133301421708635459e+00
5.596697613844601182e-01,2.860829534011188890e+00,4.967027623480284149e+00,1.315502993645829788e+00,8.675412394644146374e-01
1.197428120708095012e+00,1.841060687330334122e+00,2.823189185366563159e+00,4.944471735015373959e+00,4.191717182882290338e+00
1.570557322709787151e-01,7.355793970404379545e-01,1.628495554385122723e+00,5.257290926956638799e+00,7.241357161144724941e+00
1.360464911234779140e-01,2.935708504792646778e-01,3.214013433376869067e+00,6.921466829590772640e+00,1.309250878344721203e+00
2.052849163443908331e+00,1.823240605121463576e+00,4.933027173337922733e-01,1.780144562705344269e+00,1.471264129595808656e+00
1.829281942232361957e-01,3.871763515948924983e-01,3.675731730708648115e+00,4.930148082805008158e+00,5.621560197331741726e+00
4.274026247093242192e-01,2.200512562279724804e+00,3.316443603472738033e+00,2.413124555324803300e+00,6.693502022112142846e+00
4.659505481731066601e-01,1.509596147965051260e+00,2.252971641940529235e+00,6.913852995149438740e-01,9.576965183202053922e+00
4.469368665886073178e-01,1.182307929562437021e+00,2.532475441036794894e+00,5.273430836616704198e+00,6.968709098788564482e+00
1.079589164689076508e+00,2.940286281389795864e+00,2.166096185445047340e+00,2.673243586617652934e+00,5.183716631720117540e+00
1.571630512111444444e+00,4.511412598808550722e-01,1.044279755017512246e+00,5.410677876696152744e+00,4.352706888270502894e+00
1.325664876965335637e+00,1.436386849792071096e+00,2.094480751360939585e+00,6.074532544834347902e+00,1.603066531071850154e+00
3.845439894680979798e-01,3.227765163532769765e+00,3.306133479814812759e+00,3.679331731457296861e+00,2.264104260034774718e+00
1.077930909427662343e+00,3.122646798819630032e+00,9.221217199675475484e-01,5.593089270409163483e+00,3.281841415436771214e+00
2.251141500823589381e-01,5.342514078126735511e-01,9.454604769705430289e-01,1.160366738058759228e+00,1.002775186288828024e+01
3.216523175257136602e-01,5.623494457937966429e-01,6.072491752628308426e+00,1.474334811338857243e+00,2.013538194650982938e+00
1.655494090048160283e+00,2.063321919480481714e+00,3.211467295791070597e+00,1.535876772765210507e+00,2.804045294193569404e+00
8.335435080255331197e-01,1.137493191221809585e+00,2.569753227671171647e+00,2.815152364021393794e+00,8.540589249166531616e+00
1.638195114468564417e-01,3.685577593713764699e-01,4.988133291499874389e+00,3.052511337502081368e+00,4.810429776729675311e+00
1.254614500058066184e+00,1.319463024993921207e+00,1.683811493271336390e+00,2.324276689109762373e+00,7.798617965895733306e+00
3.628526166875033487e-01,3.659564191338275929e+00,2.411245912444452077e+00,1.822689397120003107e+00,3.041476764026559199e+00
1.908786358480465628e+00,1.183326311594946834e+00,4.466559491941172189e-01,3.626007879331216266e+00,2.448597508963366920e+00
1.885858558899459192e+00,2.501050559373343862e+00,1.639281584400317682e+00,8.303230825062235532e-01,3.100422291706330657e+00
8.147898804271098694e-01,3.607136913436608694e+00,5.788708339436492434e-01,2.613168456092255010e+00,1.578794916990360342e+00
2.996662736604867594e-01,1.230506501483890514e+00,5.068536169728547591e+00,2.304242492367661654e+00,5.073398884480933013e+00
1.105242090211417505e+00,3.582757776643634706e+00,8.405347544803427606e-01,2.340669626438253825e+00,3.316426852388837165e+00
3.435303338675841922e-01,2.916640762621030447e+00,2.236084923812473590e+00,4.843648350152698789e+00,3.854563108732954824e+00
1.086580940316622806e-01,1.225509897972992673e-01,4.144653511101593635e-01,1.888183565976547795e-01,1.009285853226266205e+01
1.427704884709233513e+00,2.537233308837439694e+00,2.352989586926844900e+00,3.435564290653657427e+00,6.081261148237139480e+00
8.416935225779564878e-01,1.710187609351352167e+00,9.630988639674640250e-01,6.641875500490961315e+00,4.361681000221698135e+00
2.511075422034897975e-01,2.541112989812780998e-01,3.391017872385361231e-01,2.452709119428720719e+00,9.863638166253061001e+00
1.511050871657180217e-01,4.027176067185918029e-01,5.878655474250524371e+00,1.450967240378389755e+00,2.224724832139127084e+00
1.164108389817600786e-01,1.270334481062312393e-01,3.983656717817095072e-01,2.960510089446262150e-01,1.010163813781563746e+01
1.071431059318467049e+00,1.758108239985908705e+00,3.863608061344870226e+00,2.535364554913457802e+00,4.028310871401225235e+00
1.663493844892008633e-01,3.284369378971334630e-01,5.673840852881030905e+00,8.279376517419494430e-01,3.842557334448907458e+00
1.048169251339838626e+00,9.976849511139946891e-01,2.740474348169636976e+00,7.559816375363932472e+00,2.177048187241882538e+00
1.862788576709873745e+00,5.591676148072534103e-01,3.334092159271148770e+00,9.657912213015416025e-01,2.369102249485933509e+00
1.372644819415824058e+00,1.262241861845474045e+00,2.265123013250914141e+00,1.572508952320699205e+00,8.439011552945002492e+00
1.334593624175231252e-01,3.597792004931636423e-01,5.761923118111389464e+00,8.705310760083520005e-01,3.267971259036207776e+00
5.675672985221948963e-01,2.325782765739978775e+00,2.722748008689586552e+00,9.253789859721374134e-01,8.628443035669244310e+00
4.717601086959081758e-01,5.450149032069684374e-01,2.821163232794094533e+00,5.670485365299084535e+00,6.839844961530993750e+00
1.435334159060008830e+00,1.857776717582383830e+00,1.677967555657804199e+00,3.626818568683717103e+00,7.372330583608498245e+00
9.674088049647442400e-01,3.644444786535634861e+00,2.197553429144065262e+00,6.021624190483891859e-01,3.825633795832283912e+00
1.167746497174930731e-01,1.245926675459107791e-01,3.468472950484965400e-01,4.003872087258776302e-01,1.010271159846282352e+01
5.555732174183378724e-01,2.568790008598292207e+00,2.649124167571991872e+00,3.305971064946378490e+00,6.478276836580177722e+00
2.543981611119056629e-01,7.299793564070097274e-01,1.541259905698131094e+00,4.572717853544459921e+00,8.256522754686764998e+00
3.446557545391709665e-01,5.679301553090139176e-01,6.214941683907436953e+00,7.009116615061998790e-01,1.840984080052874061e+00
1.844648989285379681e+00,1.609128279382385784e+00,1.189627017469132797e+00,1.185433757727358817e+00,6.687771336605944583e+00
4.787367368108729759e-01,3.847236384586012026e+00,3.282593074576197090e+00,6.799054977913948639e-01,1.004735653621768643e+00
4.303444787569882246e-01,2.034362684691748413e-01,5.190890029773514769e+00,1.956710719317719782e+00,4.994700044268288508e+00
1.791380365986746381e-01,2.078621211076814856e-01,6.035027007155953083e-01,6.244398759658408515e+00,6.658916135923921509e+00
1.186018456039566127e+00,8.834721241242284862e-01,5.539611336330113822e+00,3.408755045507713799e+00,1.092687380061650781e+00
1.084760529852255795e+00,3.809097082756438546e+00,1.021206781596177615e+00,1.998137887112117372e+00,9.800866712067555220e-01
4.343185765857249248e-01,3.988528259593595027e-01,2.696282760429096204e+00,4.977494468632221114e+00,7.612753916892789796e+00
1.889975891613516479e-01,2.017165488517701222e-01,5.626602540305052358e-01,7.484834251783444081e+00,4.242282907544169923e+00
1.632441732572291970e+00,2.110478619402965883e+00,8.183050600121892781e-01,4.043342562547983299e+00,5.101008650778385167e+00
2.166406289616092939e-01,2.192917402967727025e-01,3.183761269809906591e-01,2.822449913047377468e+00,9.668768972614227408e+00
2.024240165279684867e-01,2.788097370038335132e+00,1.755913632892164955e+00,5.119212549163352222e+00,3.237470145964739920e+00
1.897773118089956634e+00,1.295627727549773622e+00,6.880313166897973343e-01,1.659572119899725084e+00,5.670312006806308425e+00
3.020221681396622060e-01,1.984283405372098352e+00,3.583014104279526268e+00,2.525492279785216176e+00,6.025702656300516935e+00
3.494453805261754642e-01,5.586819318912763510e-01,6.211777877141943627e+00,5.715927947151555610e-01,1.928773303602878464e+00
5.107872736672052216e-01,2.787957422101974281e+00,2.392320963720317550e+00,6.264412119815321311e+00,1.803951602033208479e+00
4.568443415263667706e-01,1.270598633981673276e+00,3.007039006263452663e+00,2.367976029078718625e+00,8.861960543990747396e+00
4.210700583930000462e-01,3.711482809643297798e-01,5.504819551877635497e+00,3.444882340314123770e+00,2.665271388058493063e+00
5.586787855016566162e-01,1.954358116371807341e+00,1.060358014748161715e+00,1.090817182624864934e+00,9.609145580739980375e+00
1.525883203133784116e+00,2.160360864490606936e+00,2.540919198707879190e+00,3.587547908283763132e+00,3.604848705176672219e+00
3.673726312403906569e-01,7.927177788269678116e-01,5.426504915399294582e+00,9.985645176560573599e-01,5.527023180704643934e+00
7.543269504309111362e-01,2.620002534542926309e+00,1.477107378729846321e+00,1.010492073586693795e+00,9.278364627220195615e+00
3.629731780518755113e-01,4.113187058815020447e-01,2.151673431515295221e+00,5.930900857114859370e+00,6.858311894128014785e+00
1.143865576307875775e+00,2.046292344317054646e+00,3.189286515225621343e+00,5.588190803026775733e+00,3.767560305560898382e+00
3.397795556990118593e-01,3.098607019658429218e-01,5.114059296925000275e+00,1.837054579227429985e+00,5.542773778444569643e+00
1.274570420970331242e+00,3.252591606451506578e+00,2.109997207350293280e+00,1.730333013279979459e+00,5.255585126980635735e+00
1.446851065297908523e+00,1.785392892714954716e+00,3.779354909962895359e+00,1.956078109080815031e+00,5.602829197979773745e+00
1.644135435305938087e+00,2.720754098884148764e+00,2.273585371646987596e+00,5.509286756585457523e-01,3.121847740942844673e+00
3.362633508627235757e-01,3.579531405965913571e+00,2.474642998369693370e+00,2.077253576853943962e+00,3.639992302274292602e+00
1.059942774339502680e+00,3.083052531201091462e+00,1.032882560340510958e+00,2.596693887991325944e+00,7.686369636111333392e+00
5.742258580792498623e-01,2.366230089510790169e+00,4.066240430891142843e+00,1.640117800459048869e+00,7.002723235307794170e+00
1.684917946605323236e+00,1.987609235096648330e+00,2.127870426465232612e+00,7.222059503446324191e-01,6.997090855665584641e+00
5.287313965800395366e-01,2.594390334176628343e+00,2.610486808351010435e+00,2.491790980437613712e+00,7.466434935289220753e+00
1.506980514558120099e+00,7.165923421667905746e-01,1.463196434027678183e+00,6.046791994091317513e+00,2.779028928428867395e+00
2.810749622409127735e-01,8.879533718108874041e-01,1.671874931044286194e+00,7.256188943412826831e+00,3.937376296484754956e+00
6.037794886624858748e-01,3.793311234040721569e-01,4.417061341857071888e+00,4.584104337795334771e+00,4.851590509069018786e+00
1.104422756412876128e+00,1.294814028068797640e+00,2.947060913558517736e+00,5.117535068541896770e+00,4.175306931156939960e+00
3.648270871727830045e-01,1.677893150477036022e+00,2.737477270395664686e+00,4.903323050308789455e+00,6.292272379708114372e+00
7.431112616138093596e-01,2.521313168737279398e+00,1.051204441234688369e+00,7.356466937360403691e+00,1.028292567029970517e+00
1.704300258465416107e+00,1.777824388239942044e+00,1.295037760512211200e+00,2.872142742568109863e+00,6.491421447035481407e+00
1.168909631196355103e-01,1.459892601044735228e-01,9.202595391931368551e-01,6.531268637421331569e+00,5.937755706562776403e+00
2.111655846531563352e+00,2.033973045150749392e+00,1.393900646461296411e+00,1.019279660099047025e+00,9.730040880379584589e-01
1.572129280837438192e-01,1.387640522038207758e+00,5.390778007528667537e+00,2.602974576782481453e+00,1.945763092262551730e+00
4.968595747299591747e-01,2.613468433754239317e+00,4.459000041168600603e+00,1.041816745857367721e+00,3.378705892022899615e+00
7.187966489458892383e-01,1.213882997325183233e+00,1.748313496978171511e+00,6.029707896089087527e+00,6.468453946882397609e+00
1.007425048271120449e+00,1.370442546853359422e+00,5.654256987120422018e+00,2.938537334293391368e+00,1.886277189655494846e+00
4.327496101678467433e-01,3.634670724855564750e+00,1.876989111150463518e+00,3.212698599123346099e+00,3.697421873122569647e+00
2.046359914717646999e-01,2.036239751314004032e-01,3.298505538436404816e-01,1.198917134443083121e+00,1.008048107047254227e+01
3.987656371839675140e-01,3.121356620077535560e-01,5.029444324228018459e+00,1.174800972233240870e+00,6.241616006727827681e+00
1.019600954556101557e+00,1.351037720209011139e+00,4.078780860224351379e+00,3.141911161425486210e+00,4.550507221090550836e+00
3.478503533175681395e-01,5.915448854783535992e-01,6.143502202318055438e+00,1.692006642938948202e+00,1.032912617176918069e+00
1.156378319762702556e-01,1.247369832444093773e-01,1.223576594436846937e-01,5.349084119199651877e-01,1.010062432560674672e+01
1.007871488956499029e+00,2.018819838322887250e+00,1.751338603147780892e+00,5.138795489225755020e+00,6.491621022170247279e+00
1.305513564279472405e+00,2.966312861051738636e+00,7.985329299663057601e-01,5.421746568779926889e+00,3.657694952455108339e+00
7.512800037060296532e-01,2.915131921824762884e+00,4.132863663360886619e+00,1.209359399452965000e+00,4.608161079368684021e+00
4.860653608516414259e-01,3.621781969510821320e+00,1.489250770651148414e+00,3.987414087913405680e+00,3.813138319542948906e+00
4.509219912659236940e-01,4.492837898686748987e-01,2.965140884919566400e+00,1.582166521015669236e+00,9.331103698791308076e+00
5.941977554414729079e-01,1.799728050995365258e+00,2.606732007408941509e+00,1.631696591477956204e+00,9.319253996413475960e+00
4.930914011899116822e-01,2.003369540903152224e+00,3.884181262053306494e+00,5.493422379560533919e+00,3.460193601361165161e+00
1.567515722672938372e+00,1.300828198518907630e+00,4.765499055021125585e+00,4.674528064316770148e+00,2.143091541116420196e+00
1.125804354633220150e+00,1.115293899322574056e+00,1.387403663088207839e+00,1.618883260789696354e+00,9.201334422392871915e+00
1.660058177573275895e+00,1.036328840453159206e+00,4.029095804392052393e+00,1.395275220752071110e+00,2.375994503541755343e+00
1.447208867360687989e+00,1.533325422272461935e+00,2.282624272930503295e+00,4.401459008172392551e+00,7.042598336168456541e+00
4.048476908326415491e-01,3.572625334969130595e-01,5.029016269437058817e+00,1.176867044110890159e+00,6.279117307438209394e+00
4.724332873803538391e-01,1.567132288637105741e+00,2.566271823031050836e+00,3.679970116417937920e+00,7.961462617953119825e+00
9.589432074589894217e-01,8.509496832928130639e-01,1.963766054176780074e+00,7.733405147875422436e+00,8.994718802018254467e-01
1.044902630853725561e-01,1.051595640327064735e-01,1.225836679251248729e-01,5.265103811132496592e-01,1.009046102771041298e+01
1.215075542344788317e+00,1.209765042712824368e+00,3.945265123016900022e-01,6.988134402024274827e+00,6.852042822031283453e-01
2.622331791331761197e-01,2.906748426422853249e-01,3.452918605207767389e+00,7.539671830839085320e-01,8.603598250422837879e+00
1.523251644768700341e+00,2.800622564041291618e+00,1.619953529878730425e+00,2.111441035255170018e+00,2.221449156019843940e+00
1.278075986279754828e+00,2.606673130232368241e+00,9.350604081012539037e-01,5.478652925134246843e+00,3.614170388994188965e+00
6.106453868060629508e-01,5.392372472031192743e-01,6.433508265993806319e+00,8.751384155826276157e-01,9.096322849732245697e-01
9.099036826134347944e-01,3.260001861542686896e+00,1.908232229479185582e+00,1.396550185876984207e+00,5.839539465585260380e+00
1.101496460722411586e+00,1.712627146629335906e+00,2.793580282336260545e+00,1.374445639479507486e+00,8.909581055585785947e+00
7.885567760821123873e-01,2.841340555530394774e+00,1.892606484983324844e+00,1.006452161956995939e+00,8.032177993547611194e+00
7.861972025257610852e-01,3.382261762974227093e+00,1.920660520029606744e+00,2.006542104893412226e+00,6.007190712404776534e+00
1.005098813198023855e+00,1.327143107953549617e+00,4.223400929166745144e-01,1.839101647914514137e+00,8.741439086857889507e+00
1.014624986571472043e+00,7.203308824791579967e-01,3.280681189163589639e+00,5.673479457765888689e-01,7.974874424703062736e+00
6.492515822060720421e-01,3.235759558866369012e+00,3.952698341811324401e+00,1.181474654033843885e+00,1.882631347102874608e+00
8.495355812089395720e-01,1.073801454217252482e+00,2.260648775704236613e+00,4.320612468817778051e+00,7.333258003586853313e+00
2.172571836255337840e-01,2.472361256882048552e-01,3.711360241332693377e+00,8.557537163854038731e-01,8.180856248156521460e+00
6.904301556149452512e-01,3.220113969148948208e+00,4.060144248138493950e+00,1.060976308647063604e+00,7.872989441311750713e-01
3.106194126717513049e-01,3.826954716416906432e+00,1.432527445067012017e+00,2.792570647200938172e+00,1.804607824889239653e+00
6.350731984600250790e-01,5.230197995651338916e-01,4.586802276122108779e+00,5.625392430387920584e+00,2.270454687854418285e+00
1.611428518211884819e+00,2.196320080072438508e+00,7.037120641093616014e-01,4.717313909595920229e+00,3.361913973855153781e+00
1.950073293913159533e+00,1.303331067449716940e+00,8.896677723885197953e-01,2.965461106138156833e+00,3.941633919630574301e+00
1.442893376776591019e+00,3.570678282175985707e+00,8.678576838456131259e-01,9.474198872759720391e-01,4.284838878306724830e+00
1.143592864007777266e+00,2.727697251978321358e+00,3.824027794084466692e+00,1.957971565128879821e+00,6.531979070687226052e-01
1.114122083465076463e+00,1.399033649076080632e+00,1.777629168111846125e+00,6.250186169722331542e+00,3.715143095832839748e+00
7.799652430136196912e-01,2.612730171217934938e+00,1.457029672557261790e+00,3.841619565682194537e+00,6.685803023163412462e+00
8.824563202551097829e-01,6.124711544951485509e-01,2.272389733432075509e+00,3.734763299764083833e+00,8.835505732436228499e+00
1.553648845439564052e+00,2.442529224247902420e+00,2.839653177273498752e+00,2.482437720057882657e+00,3.849049944702143566e+00
1.989458609290468694e+00,1.887161945045436884e+00,1.011929660910500850e+00,8.584574153002372254e-01,1.193530408046859836e+00
1.641402333749011788e+00,2.043215082107148639e+00,8.373518988409649477e-01,4.248160565487011375e+00,3.386713106060488254e+00
1.096334494419161754e+00,6.970524258092990477e-01,3.107977365920869151e+00,4.104849246527706996e-01,7.656667640815387976e+00
7.647318102539806262e-01,7.214616904322058710e-01,3.071681695306159199e+00,7.345740999829681872e-01,8.455345450320738365e+00
1.517208341874342725e+00,1.280099710440071537e+00,1.470431938749867218e+00,5.760247925684922166e+00,3.992964435726241046e+00
1.192375880845159886e+00,3.012489580266798139e+00,2.575921211193884730e+00,6.704676812479937187e-01,4.981657748323456758e+00
2.373391469496338724e-01,2.738721911908864604e-01,3.491399148162293020e+00,1.183817783347615560e+00,8.451045484714352796e+00
1.691540792698594586e+00,1.185202800126404998e+00,2.526650080954013333e+00,3.377139712413189887e+00,4.530811116832820673e+00
4.334247188951865226e-01,2.378758246923017072e+00,4.164357097431960142e+00,2.111857300805003668e+00,5.770031622372205682e+00
1.210967038886519687e+00,3.837516787570866672e+00,1.527635582250203683e+00,1.342641620904888144e+00,9.125861244117099424e-01
1.447902237291545324e+00,2.474032405064643392e+00,1.585143812300548793e+00,3.083839819072405675e+00,6.051083833271332146e+00
3.184595420534107602e-01,5.427837621769382448e-01,5.734254459558583150e+00,3.010846005953857762e+00,1.819446959031172373e+00
1.822941183803180820e+00,2.575654989388848737e+00,1.438634694051449170e+00,2.138005046378281371e+00,5.789206662419122296e+00
6.645562805962733632e-01,5.390375380783853920e-01,4.363375226695894504e+00,4.574455490369610189e+00,5.380735453715931982e+00
1.520354430284309277e+00,7.909525967465822482e-01,5.878471303855794527e-01,3.497395543001196927e+00,7.831868438310718439e+00
4.648312908046346448e-01,1.211529366352468440e+00,3.332282303092258591e+00,2.716878033634965384e+00,8.221901033205028853e+00
1.594955553916559854e+00,1.288515969471727862e+00,2.730793465727476388e+00,4.269781215134287322e+00,4.162810867659966441e+00
1.128199292143694965e+00,2.509414973193081266e+00,2.967469257017564477e+00,2.081118878611500911e+00,5.427422572530847589e+00
3.354939380829879969e-01,4.914750245351384161e-01,5.062467264585571058e+00,2.303393448679436517e+00,5.933262927403149867e+00
2.182138459173538492e-01,2.476735841076145306e-01,3.581867880543272875e+00,9.761585072455618572e-01,8.314654387687539838e+00
6.627106611937743086e-01,7.553517820942673433e-01,4.704932001366453065e+00,8.237350141457853159e-01,7.882472044775224340e+00
6.240618852985703180e-01,1.976520372379764190e+00,4.788551438328648935e+00,2.260313955284886767e+00,6.291880008346112163e+00
8.178081635449047093e-01,1.487618322361083267e+00,5.185858928338056284e-01,9.899780065771520698e-01,9.304390368876049422e+00
1.978280849492934479e+00,1.677142744501896932e+00,1.996664526214694035e+00,5.518478486769877733e-01,3.331253542242308185e+00
3.819922379546922264e-01,4.080041407024275202e-01,3.945517433279563502e+00,8.448282811741274489e-01,8.272528649036749115e+00
6.408461429914276142e-01,2.277658120348821313e+00,2.172269147474811035e+00,1.000722127261012728e+00,7.718333311057560486e+00
8.729274766691412779e-01,1.446314125370411041e+00,1.818473249560881744e+00,5.342033362275158126e-01,9.542639144015263142e+00
6.441730430798140450e-01,1.161276133071750039e+00,2.007761151990426818e+00,4.543861900176414004e+00,8.460082993880879698e+00
1.439904526379116589e+00,1.506498025523844264e+00,1.746041416005428504e+00,4.495083902635689910e+00,5.035189815644063316e+00
1.502782490584439579e+00,1.873691586999894021e+00,8.021000212619122660e-01,1.050569008770781076e+00,6.347980184254216063e+00
8.334418973475079540e-01,2.480822489453549995e+00,4.633275867349387234e+00,3.869076390897507434e+00,8.047015464624464043e-01
9.472356805704427174e-01,1.852827761421379282e+00,2.931111899262681675e+00,6.530145740371908758e+00,2.107289554605813908e+00
1.558880340076977289e+00,2.727433256271551087e+00,7.429784827568082228e-01,2.999492390043336343e+00,3.003562986335049700e+00
1.375546942368412573e+00,2.606301594278180200e+00,2.540411652562422518e+00,4.639822300882302741e+00,4.573325903034682227e+00
4.571068189893522926e-01,4.548063092185488654e-01,5.653570768026071391e+00,3.976684687542609620e+00,1.446773984267401669e+00
9.355893219592632537e-01,1.255169246295412933e+00,4.440678438734035005e+00,3.828762140151788618e+00,6.271558737714875598e+00
5.901468007005360450e-01,2.861759470028596652e+00,3.734310954414725714e+00,1.218598460994730015e+00,5.867647923523937159e+00
4.162377858990711221e-01,4.067767388151830588e-01,5.567208171021114538e+00,3.747031261552933756e+00,2.474093078164172343e+00
4.113213103171760032e-01,4.962380602571419552e-01,4.035290814340670273e+00,4.897254538875239760e+00,5.937870045314654455e+00
6.875442217135006029e-01,2.126546546176585561e+00,4.567519022139724605e+00,3.655192268750383278e+00,4.014506012689782466e+00
1.838223685740628444e+00,1.403288709380395627e+00,4.492239523551697644e+00,4.579927236195644014e+00,1.241221229799664316e+00
1.032463498535689972e+00,3.224861872355378800e+00,3.266120442466275087e+00,1.114398002070871474e+00,2.717978747334882872e+00
1.305741823317135841e+00,2.567649319445755474e+00,3.971617158139774340e+00,2.449921532437103089e+00,8.824358144648754010e-01
1.015463490449082906e+00,3.189935368370752755e+00,3.166382311684676765e+00,3.254200195646206772e+00,1.116699489597826389e+00
3.815141358558750140e-01,3.857780032146091442e-01,3.274545639229308192e-01,6.301293934297236277e+00,6.919213981289955129e+00
2.474228439778990152e-01,6.044660264613246348e-01,2.109096967888898444e+00,7.351774023337063646e+00,3.438015218272761242e+00
1.979848024881539326e+00,1.807046685028616650e+00,1.792069476059572120e+00,4.993316008180042065e-01,3.107460956610704983e+00
9.132428520995040655e-01,3.256331010904722323e+00,2.899475904797772507e+00,6.984183803694954396e-01,3.382105204082844985e+00
4.896329206451442984e-01,8.028114225643507851e-01,4.372573020308038849e+00,3.887005857417408006e+00,6.226698861418848985e+00
1.431618599252704849e+00,2.804879690687037908e+00,9.980925087695432518e-01,1.801180859160912195e+00,7.969572326614884794e+00
3.652233311454975428e-01,3.158366483455414819e+00,2.459454825264673072e+00,3.949476866748852899e+00,3.521908775939002645e+00
7.043112178976954629e-01,2.729821403020926240e+00,4.346020192870301280e+00,3.092140349754592510e+00,1.523299908021145566e+00
2.861328960971370461e-01,4.156227039921319699e-01,4.186504036243715809e+00,1.580535199488447784e+00,7.685284764534427104e+00
6.142513937242786159e-01,3.260913032869736661e+00,1.979346342550330151e+00,3.436710481161581399e+00,4.638199750905760865e+00
7.790856411582958163e-01,3.404830094016887188e+00,9.729732055974742444e-01,2.584404591010222241e+00,6.720508708828597300e+00
5.793574776449029740e-01,3.138574274108924644e+00,5.086981743719386495e-01,1.102680988309255206e+00,7.568263935473308557e+00
1.125901744020088247e+00,3.626741787284004204e+00,6.861500857833371381e-01,4.012624781213337322e+00,7.645890715557596140e-01
1.022211204751005020e+00,1.584915972995244893e+00,3.537572488920059932e+00,4.620570666835325468e+00,3.589017377360435468e+00
6.618154596634869824e-01,2.982729433752124404e+00,1.538096817939343719e+00,1.474008729912409832e+00,6.356480147204516484e+00
5.957715829204442981e-01,2.443059096114275075e+00,1.440420137427733005e+00,1.028768243677579575e+00,8.263868154827784807e+00
3.423318041219972629e-01,6.191236055712181496e-01,5.525686641696116119e+00,1.708674747471259803e+00,4.794534135448107470e+00
4.224102732282511430e-01,2.960993608255508391e+00,4.211125272001198461e+00,1.074632150988740431e+00,3.310976180808800073e+00
4.579987633151888504e-01,3.835563291774577444e-01,5.412436223292319326e+00,7.006709175884371366e-01,5.651165488388333102e+00
8.299033023885462601e-01,3.709931057779052743e+00,2.500934527141723152e+00,7.222310938022082905e-01,7.615451129229879879e-01
6.132988206681732057e-01,2.928021336685572518e+00,3.684461231984364815e+00,1.672896408302378735e+00,5.153614161526815174e+00
1.911951073574141846e+00,4.268799167462090094e-01,1.240049234049394489e+00,3.934124530152905308e+00,3.889856160471690139e+00
6.572858185057621760e-01,9.896443199464470819e-01,4.973351349706121916e+00,4.567273254392754112e+00,3.263936549244617513e+00
1.459231738852194260e+00,3.123951982601481880e+00,1.251814684217088525e+00,2.002968120543830999e+00,4.590763520863379021e+00
5.470023131654695447e-01,1.897101359286374578e+00,1.584788680172206421e+00,5.070316519377387365e+00,7.004196607799208607e+00
1.623122042056943659e+00,1.484107941881452231e+00,1.859300103590068476e+00,5.127004519169211960e+00,3.142093419818698941e+00
1.853217502415267504e+00,1.508850533423742757e+00,3.781921654130953048e+00,9.266441152195159514e-01,2.731894770964821806e+00
5.894895527824585146e-01,1.750759720547546028e+00,4.772007643153721723e+00,4.477802688529696873e+00,3.261149310633141951e+00
4.531762896860689338e-01,3.467780909548046075e+00,3.283890544361918185e+00,1.766286551476759170e+00,2.173914049165161178e+00
6.350713216413860218e-01,2.167865407169559333e+00,2.636421530012977410e+00,5.207724710887784880e+00,5.881303387191675114e+00
5.196880423651798475e-01,3.117920799371138862e+00,3.163280045889770520e+00,1.863717293831335331e+00,4.612650480017163268e+00
6.664228095854589640e-01,2.763555024701187524e+00,3.510172020486312938e+00,1.509529456013905868e+00,5.388766658070740512e+00
1.487278336520621469e+00,1.619062585069130034e+00,2.611592899262868084e+00,4.554810636482319985e+00,4.630871584047223877e+00
7.257841580048555175e-01,5.801510333229844552e-01,4.994123914352946336e+00,5.337140825828511126e+00,1.498002737292488451e+00
9.226247782051690827e-01,6.891535381460599519e-01,1.034321655643128279e+00,5.037944867038786967e+00,8.180377918584401442e+00
9.845559817213109799e-01,2.640902923703904115e+00,2.497072520954739083e+00,3.493024521860079723e+00,6.754064483858023493e+00
3.974541205775516950e-01,3.045119087288132853e+00,3.692412056350312444e+00,2.636619356746822795e+00,3.104682374301740655e+00
1.085774865160683333e+00,3.042050342750947323e+00,4.778980422177312448e+00,9.381159127070780590e-01,8.477041212340021836e-01
1.219863741936579205e+00,1.480982028180728882e+00,2.653468464621071998e+00,4.721359206798475761e+00,4.593699416211826758e+00
3.474565115128477322e-01,3.008417816474499684e+00,3.620210664103202802e+00,2.504349879781936572e+00,3.200956121358956796e+00
1.897845700328259388e+00,2.440707275224007322e+00,2.036418114397039236e+00,8.156352783711380283e-01,2.432321103344507129e+00
3.828549908333798713e-01,5.375710906504548303e-01,4.706101777179033441e+00,3.111779223421611729e+00,6.305642822991542218e+00
1.909338825973015741e+00,1.823391756996432189e+00,1.201613881107473469e+00,6.791333551306060201e-01,3.930670304775079060e+00
1.987159221156490574e+00,1.879078476609604254e+00,3.626797560080229355e-01,1.620894611815155262e+00,4.934834374799598189e-01
2.232162203207842754e+00,1.528137117502548659e+00,6.710082289433453306e-01,2.530264738725717777e+00,6.838688738853743176e-01
3.619641816790765687e-01,1.358378037674035088e+00,6.073125991502045018e+00,7.445588947714361083e-01,9.655857800892997389e-01
8.389131495555799400e-01,6.919580138709860995e-01,3.876016927911343668e+00,5.444350728705241949e+00,5.339235856180307493e+00
4.372215135688071186e-01,1.029751811808120365e+00,2.386013176075437503e+00,3.191438937032782697e+00,9.035040910041312046e+00
1.238704949747496675e+00,3.011493377568941643e+00,1.208890310745270202e+00,3.921129940076744980e+00,2.746413796523598183e+00
3.026253781185171965e-01,2.741918594108926355e-01,2.271514348651592907e-01,2.994265834130938053e-01,1.019265939701998924e+01
8.099397015446450077e-01,1.380008831903687394e+00,2.801957988485345830e+00,4.637239437487706617e+00,5.315544594096401454e+00
1.381888034843120838e+00,3.101310497007122802e+00,8.133632086088233848e-01,2.721576661146774434e+00,5.712966832306674902e+00
1.195045828207457639e+00,1.165060958309516836e+00,3.141525778008388059e+00,5.925673755196255499e+00,4.157614275185811614e+00
1.341434015954825698e+00,9.181439028135356395e-01,2.316952965560383326e+00,5.349366941313530077e+00,6.812063570186770001e+00
1.128741869485413440e+00,2.601403832170386732e+00,1.051170948741893207e+00,1.391914606924173681e+00,7.102478881158503121e+00
2.734637056780946374e-01,3.107099911786250224e-01,2.308169692270889972e-01,4.331486857115380285e-01,1.018052641632614197e+01
2.767369153554213868e-01,5.717997952199119771e-01,5.428071018143384663e+00,3.486217344428701015e+00,3.088169060411684264e+00
5.118740892450099889e-01,4.571292984717433283e-01,4.827226496346840534e+00,5.137802959685887849e+00,1.794311678565391643e+00
1.822375232559717784e+00,1.225192619280369932e+00,1.981663014749829088e+00,1.967576991336209113e+00,6.780515846667069191e+00
8.585459041993601659e-01,1.830403051765294942e+00,3.371634314310238079e+00,3.310250742114973388e+00,7.327222931001053929e+00
4.584837746281981152e-01,5.126538034262412280e-01,5.688289280984125895e+00,3.815009255616732542e+00,8.322226407803738901e-01
1.301665317624997709e+00,3.334522718189465884e+00,1.583144284373415145e+00,2.265755378039880696e+00,2.817090972970315299e+00
9.561960651359147079e-01,1.171919016017811677e+00,1.842715261085540179e+00,7.520455779390142759e-01,9.732939442254060936e+00
2.063014855594474284e+00,5.354493188097415590e-01,1.652253834733894866e+00,3.016008170766316443e+00,2.318215580390692754e+00
2.082582934961228371e+00,1.540516345049547819e+00,8.998223197741025414e-01,2.181982109808373149e+00,1.270879193834026033e+00
1.048288122615121276e+00,1.410911899038419515e+00,5.713428197243278106e+00,2.815796117882368943e+00,1.807679523586673165e+00
2.020713501570143844e+00,1.781714170887816584e+00,7.825019822588624718e-01,2.064653548798494054e+00,2.559232666175796922e+00
1.619185438928398613e+00,2.928222131190179045e+00,8.441196741520361480e-01,1.791753348188117378e+00,1.055459855073886066e+00
3.994650232687522728e-01,1.049983985134665732e+00,3.641587110864779042e+00,5.309403177455206624e+00,5.703099949253268797e+00
5.053490695923249509e-01,7.651895108586732608e-01,2.801171470814563413e+00,9.588778396735263554e-01,8.989448740992221687e+00
1.054040673799383931e+00,2.889622180948351993e+00,3.353593427765646506e+00,1.387731617866019285e+00,5.364921955358230576e+00
8.348496656096840995e-01,8.819008784177793103e-01,3.331674303282304850e-01,1.135433860392157435e+00,9.362013937472536185e+00
6.676305207682881049e-01,6.939946452425105328e-01,4.668556467307988456e+00,5.610400316662383702e+00,2.141579417051342915e+00
8.585992052273805353e-01,1.911436175912662350e+00,2.032700696456903877e+00,6.669043739918841140e+00,2.427541284290486434e+00
2.735356616877752112e-01,5.689735783576400641e-01,3.046933146024798145e+00,3.736186067394522414e+00,7.944053415966634724e+00
2.878764867262763039e-01,3.015131352421378530e-01,5.093575442351438554e+00,4.425362672299486988e+00,2.499409342255653144e+00
6.703915458252357462e-01,6.297848769962141047e-01,5.543615645099179368e+00,3.675577317584559189e+00,2.169104524768481479e+00
5.754216709839519162e-01,4.579758194523921855e-01,5.075074285462950918e+00,4.374853402416314374e+00,3.910218309176546114e+00
1.241812121266013147e+00,1.263232629846386512e+00,1.533222002516422044e+00,6.549531212468092889e+00,2.588091214758342140e+00
1.022652926318616817e+00,2.163441191735670177e+00,3.311603951377410038e+00,2.404877676627683591e+00,5.666509096468882234e+00
3.982441781104407164e-01,4.812010585673870411e-01,5.390020053840924419e+00,3.730682274032626644e+00,2.505809739108488365e+00
2.159265070685583154e+00,4.848813299838028446e-01,1.815220831746545693e+00,8.914765671477032916e-01,2.399607307119216770e+00
3.032883257295754809e-01,3.733649393278966055e-01,4.389597968676017814e+00,4.203757148636929841e+00,5.554698636904941367e+00
3.255543912649576099e-01,1.095173915313613300e+00,1.597788717422026883e+00,6.785337912737754884e+00,5.153139451470048371e+00
3.375282379315956427e-01,4.805840212701942837e-01,4.540443030393819690e+00,5.167578010347885886e+00,4.078708202935158234e+00
8.776034604268103667e-01,1.555113595400778870e+00,2.446071811815764718e+00,8.145795018633874562e-01,9.129062396029597792e+00
1.026188779979893662e+00,1.351701593014918767e+00,2.533052948391415704e+00,5.372261423337834074e+00,5.611799321149550046e+00
1.356529921501825164e+00,2.943431380895679794e+00,2.758934380947016152e+00,2.051404266946278643e+00,4.065403288581983077e+00
1.168748820202012428e+00,3.009364261138689489e+00,2.300932636657656793e+00,6.982555004591836090e-01,3.858604768915205874e+00
8.457593151869363668e-01,1.495237950981872510e+00,3.402649080605309351e+00,3.913564943284832953e+00,7.248960480715741284e+00
9.671504832333673862e-01,1.301379586525400089e+00,2.864294635211961371e+00,5.044004176318027888e+00,5.751132665096717389e+00
2.406049720827774241e-01,3.734596163075464270e-01,4.269988019325209549e+00,2.740183844599259899e+00,6.839740444075046000e+00
5.434435881784726030e-01,1.108557357096982887e+00,4.068713341846219578e+00,1.978489357042331420e+00,7.732800639898753658e+00
5.676161127434454778e-01,2.022441523906891803e+00,1.657876762667009674e+00,7.722428376907988223e+00,1.089866983189740735e+00
1.851575632375712877e+00,1.734776945870003972e+00,6.376701355833089835e-01,1.699965272043786113e+00,4.707036695660431036e+00
1.587043158356761685e+00,8.319226989420573926e-01,8.518435787358057398e-01,2.993460399371191905e+00,8.601880311319005656e+00
8.350675564474507873e-01,1.717598484302526041e+00,2.764571300686339050e+00,5.914579586356198071e+00,3.509956673458926257e+00
4.193843966633203357e-01,3.921675024504689411e-01,9.840488949730306079e-01,2.972291942199769554e+00,9.407755456139090811e+00
8.308428918774624083e-01,1.220569486920022317e+00,2.287688310694309557e+00,6.843371393600988561e+00,4.439193280579615930e+00
5.208549148603747181e-01,2.727415728842537135e+00,3.625262695106338029e+00,2.066122101320805982e+00,5.370566707791530447e+00
1.519285449157171675e+00,1.039429135893972900e+00,3.608540266231500482e+00,4.838125786262364336e+00,4.212442099893122460e+00
2.995999876320542543e-01,5.016822741010941167e-01,3.505263873294749644e+00,3.213869384646835137e+00,7.702982552034406183e+00
6.885209618505898632e-01,3.563837421322598065e+00,3.360614005020916117e+00,3.965994304991440789e+00,9.597066738356325732e-01
2.365546578502580599e-01,3.725535183870287148e-01,4.278310646235994774e+00,2.997626153262937798e+00,6.665553350693476098e+00
1.407187949965782447e+00,1.195461852726609875e+00,5.031951473695576382e+00,8.557583735535220226e-01,4.434558642728616995e+00
2.217473148163391805e+00,7.021922750488958087e-01,7.597101604508098571e-01,1.530862664013070251e+00,7.405523554542572384e-01
6.359496219176317133e-01,2.561180044200893402e+00,3.330707060520936569e+00,4.391628706532944015e+00,3.346319692499994058e+00
3.289576956554899345e-01,4.547838839404371170e-01,3.730116438492820929e+00,3.112551818914875756e+00,7.607231056187482743e+00
2.784301625048992146e-01,4.339469062168009872e-01,5.307107956873213794e+00,4.278330062394353206e+00,1.417528141389491791e+00
3.008984843739883064e-01,4.929586944165134099e-01,5.994722087137958511e+00,1.178843676516131644e+00,3.160775235451067644e+00
4.154848825744826279e-01,2.179928585564326671e+00,3.169633330192199949e+00,6.401516187315881012e+00,1.208028081194924219e+00
2.699662215126202858e-01,4.146133397621527550e-01,4.570758924557488001e+00,2.332416466605663707e+00,6.676249412344770207e+00
8.001793269200463410e-01,3.422684954990886208e+00,1.746306850183128034e+00,3.986311642921534393e+00,2.878375691468143316e+00
1.184884536890439044e+00,1.655016273748919575e+00,1.126369887385340940e+00,2.757117495423499598e+00,7.940443508395604866e+00
4.107538327993296434e-01,2.710226092392480801e+00,4.209051860450126803e+00,1.059572718832437754e+00,5.131523484759585862e+00
6.053633588858462478e-01,3.269410431743859036e+00,1.671530455928449621e+00,3.403102354795977114e+00,6.586244529798931602e+00
1.955429034992464787e+00,2.242953971953676184e+00,2.687407804415669510e+00,1.158921966560383598e+00,2.509596988489161351e+00
1.222710427924728727e+00,1.502307718482462029e+00,2.791329076240572693e+00,1.437302078699650654e+00,8.521109671829709242e+00
6.220472921845123793e-01,3.854254527597698043e+00,1.317363574822079553e+00,9.156337142887326364e-01,4.133223796342573308e+00
3.287638129322125735e-01,4.818549712279198705e-01,4.908475519804975207e+00,2.263652426182440891e+00,6.253078917401908576e+00
2.452425942746147836e-01,3.888116062973479004e-01,4.448357373977344764e+00,2.782558872144489825e+00,6.549327618212078761e+00
1.450312137411169600e+00,1.516800051905736746e+00,3.646075900101156897e+00,3.335075880284565919e+00,5.808192109227696243e+00
3.276023662336312592e-01,4.995203084005618299e-01,5.319869741354636972e+00,2.028847566580882500e+00,5.394642188604698241e+00
1.878351663349467682e+00,2.110209779850615419e+00,1.521367415924417710e+00,2.875414997866512667e+00,2.112200548505268838e+00
1.244357293860293368e+00,3.742112194642613243e+00,8.070588789788114559e-01,1.501859050656853878e+00,8.777718535395764299e-01
7.345874249529052991e-01,1.807418265738711449e+00,2.975635133474384020e+00,6.067158637419031386e+00,3.589462214996661515e+00
1.633673436644158539e+00,1.988147038272565004e+00,9.479771640332886884e-01,4.794174653257933016e+00,2.309609292899117428e+00
4.075350995597696313e-01,5.866708475129810418e-01,5.445636626655914192e+00,1.774023534788532253e+00,5.513185026967661884e+00
3.798169451153815546e-01,1.016535261205696816e+00,1.615583383788967264e+00,6.823173846682219157e+00,5.365712546437556796e+00
3.362972742220730060e-01,3.856714864600174208e-01,5.052277765576327795e+00,3.627254086125910160e+00,4.598531748914434836e+00
2.679927778623552026e-01,4.555929725315219780e-01,5.447426202381396187e+00,4.106834307448061772e+00,6.608562361265319929e-01
2.011507806084348093e+00,6.590228149970689397e-01,1.844998598286455849e+00,9.090228894459289055e-01,4.661324372661254323e+00
1.223732274450973989e+00,2.497481212691166963e+00,2.346123249907531072e+00,4.873319352555516737e+00,1.283595828886076040e+00
3.806075116596056018e-01,3.511404365368876457e-01,3.303751926536989902e+00,4.978264231360283176e+00,6.235574301785553608e+00
2.031204440732767402e+00,9.733039822192948165e-01,7.912989509804367882e-01,2.928870839573603835e+00,3.218860718615762284e+00
5.615897413597364940e-01,8.634860684910733442e-01,2.387138468140708181e+00,5.720444492066707021e+00,6.817995714456472456e+00
7.341800021536460941e-01,7.774146459899620165e-01,2.975762342916607128e+00,6.461251388436102694e+00,5.206343718141557275e+00
1.252283190891502640e+00,9.549766651982055654e-01,8.802165053001702599e-01,6.694264440500031554e+00,6.226073598715053947e-01
2.814379364063552269e-01,4.593302000370792504e-01,5.567770213395175638e+00,3.810850787090085401e+00,1.357918924122640369e+00
2.010346551658564351e+00,1.535498777600218023e+00,3.313536099707430793e+00,1.024721999969123498e+00,4.337519707105254696e+00
1.325240056295956981e+00,8.742689884457728322e-01,3.676480683425537022e-01,6.591799319187034989e+00,7.820380507550819260e-01
1.521574102041199250e+00,1.000240263369414073e+00,2.266132584732767352e+00,5.566053938786223121e+00,3.897079384864158502e+00
9.099114328636659366e-01,3.707711763819661055e+00,3.333769390798125176e+00,1.493729162508134145e+00,7.254494359202408038e-01
1.111882978815707634e+00,1.388082079150105841e+00,2.038860982179127479e+00,6.240346444873131837e+00,5.007864223974525686e+00
6.489502812369920548e-01,3.769145302040286083e+00,2.210796372711825164e+00,1.592723059454339563e+00,3.830489478559571559e+00
2.487826092121909471e-01,4.115799563398140903e-01,7.734352761666500875e-01,5.439747489580243567e+00,7.721082001306736942e+00
2.931191185782388020e-01,1.532049749592045318e+00,2.921044347487202320e+00,5.372516554900305330e+00,5.607501049575617458e+00
5.275307621120330914e-01,2.426394597740987535e+00,3.042905796394435480e+00,4.590346606806896546e+00,5.019079337654177131e+00
9.414383596241311380e-01,1.056610038119713213e+00,1.603347382011327316e+00,7.368133962883153032e+00,3.342780982060626904e+00
7.717512083361369735e-01,3.517075627608490684e+00,2.394633007668499847e+00,1.548774900289176859e+00,4.745481229652475541e+00
3.816552000304919701e-01,5.476369026210097246e-01,5.021422263043631595e+00,2.543493075355397259e+00,6.071235919449006424e+00
6.317634316559465057e-01,6.611136156058949886e-01,4.837987630309225295e+00,2.480387445872715535e+00,6.075023703146078979e+00
3.830979313041958934e-01,3.746629018575093339e-01,6.011473785386789004e+00,2.508880330600438135e+00,9.457128159432022230e-01
1.616062769112567521e+00,2.605815206975372611e+00,2.043459936693783785e+00,6.035509114540960063e-01,3.428123492514257631e+00
6.379428309183797774e-01,3.067356309414700277e+00,1.743725520153715625e+00,4.946786326661144706e+00,3.848688656316777923e+00
2.541617571389994112e-01,3.995346296379772566e-01,4.550682966952130037e+00,1.538461299049784792e+00,6.930840482076846776e+00
1.293815347333065136e+00,2.428062438980528093e+00,2.660950466891038424e+00,5.213421146907327497e+00,3.824412092235755178e+00
3.244517938131570856e-01,5.019038189561177976e-01,2.975463714849377328e-01,7.542638807998361727e+00,4.465347197291979597e+00
6.381619618225105039e-01,3.563922287056709770e+00,1.282051462275061837e+00,3.696480648153007476e+00,3.851752725401139887e+00
2.018166442987281983e-01,3.719932296619815615e-01,5.384996975550683906e+00,2.742128514951943874e+00,3.957351829825053180e+00
5.545820078265367714e-01,3.410203593549653966e+00,2.334021971714554500e+00,1.104157317433923868e+00,5.875813637889162777e+00
1.202686581526787979e+00,2.340820591515194060e+00,4.302692733060543340e+00,2.382077225016110855e+00,4.568672705458130423e+00
2.115881898992184040e-01,4.451141391345495579e-01,5.414111525890088039e+00,3.915742690113844127e+00,1.464687013378034974e+00
1.132941323336417172e+00,2.792427431847321895e+00,2.817367536774459058e+00,1.684128832396329045e+00,4.586477491885784019e+00
4.712381178414228322e-01,3.733211951052759492e-01,2.293575151298264725e+00,5.904277634372221861e+00,5.821874188931536409e+00
5.362890079200471893e-01,3.323209372763231695e+00,2.183676645227424107e+00,3.949006091688341602e+00,3.591282240852902152e+00
3.406026696088275685e-01,5.119770455865383374e-01,5.550686075834385669e+00,2.925221030978303105e+00,3.935222114345995337e+00
3.338857246700205894e-01,3.482004760521121289e-01,4.006196358450313966e+00,2.457719372242432421e+00,7.617955765556250647e+00
6.775610091689823200e-01,3.604692910704156095e+00,2.132234892040607566e+00,1.224661848824254440e+00,4.371967361850400025e+00
1.680751495994806444e+00,2.323114693372155592e+00,1.522909068547756872e+00,3.767040925884513669e+00,9.425507526970939853e-01
2.853726913066663706e-01,4.297471049065494375e-01,4.615634131341259661e+00,5.634532246625055585e+00,1.656022890950201276e+00
7.998109586381493274e-01,2.497950262224816420e+00,3.956569310146617724e+00,5.514137070525249484e+00,2.972312040904246278e+00
2.152640344256464999e+00,5.715132711522421527e-01,1.106643716978808589e+00,1.063035722676104688e+00,4.123399243094083566e+00
2.702994568768188333e-01,4.394869749459406894e-01,5.337184243541635453e+00,5.228579175646277388e-01,5.564156253916053174e+00
3.771367098194634004e-01,6.054930905920765660e-01,4.702707305209694155e+00,5.471846106271255117e+00,2.415779452023959717e+00
1.338627363355486155e+00,2.057517689100898828e+00,4.446816527562694077e+00,5.147161693102624724e+00,1.648112843571957198e+00
1.843507774974479041e+00,2.403514500745730587e+00,1.381498689473014574e+00,1.063606010354965381e+00,1.901580224204444836e+00
1.087783318699115043e+00,1.623710261033702418e+00,1.334580554813880271e+00,7.000480556288497525e+00,7.752042940857650777e-01
5.362429607059223668e-01,3.987826496356755346e+00,1.712471602887126965e+00,7.862787370841056722e-01,1.454803542513673387e+00
1.772350170087058308e+00,8.616079964898359922e-01,2.302563782595289599e+00,2.862638948555705110e+00,4.560480254989122351e+00
1.650184126021035258e+00,3.001876626426126293e+00,6.073935665900223047e-01,2.120637703132748353e+00,9.771209576861603630e-01
3.209045547660920317e-01,4.862966622314082166e-01,5.387246736722536511e+00,2.009519743022733618e+00,5.156245516021530584e+00
7.483150278407391109e-01,3.028389518234124278e+00,1.658029640698577944e+00,4.447090044342790094e+00,2.654158358092750802e+00
1.170676911755197835e+00,1.166407314836443998e+00,2.615021205899218160e+00,5.560806798826967601e+00,5.822236992100122244e+00
4.785245336511980696e-01,2.778415293320270152e+00,2.171797641089797004e+00,1.494875247532387874e+00,6.505313395951635158e+00
5.434770189976112498e-01,1.947122936084002998e+00,1.573897442570655780e+00,7.300037205361154413e+00,2.361197153830626227e+00
1.393106185229332938e+00,2.149877039085327013e+00,2.399112919613931805e+00,3.314489398555901634e+00,6.293058279643730657e+00
1.570748278912067253e+00,1.404523654847215308e+00,2.416229638370191779e+00,6.555821400429993950e+00,1.098627861845419718e+00
3.474505019453992816e-01,5.132062461370807682e-01,5.565230599171491654e+00,9.213526738321609066e-01,5.142949435093963295e+00
3.235377448228555775e-01,2.958878019007522120e+00,3.362582435210383913e+00,2.043024351879491718e+00,4.625311145872240459e+00
1.164752575684532943e+00,2.649672684435603554e+00,2.678575353968540629e+00,1.616141392786408337e+00,4.960962859121837099e+00
2.012232109676278302e+00,1.833001880022457675e+00,6.029210185910289788e-01,1.907697305824401779e+00,8.470051471865842618e-01
6.295188240676800051e-01,2.058289834068566471e+00,4.996436520524492053e+00,9.193909284094919920e-01,5.515743744502395352e+00
2.016403830159486876e+00,9.558394121133346744e-01,1.031084342961750000e+00,2.364665651351769871e+00,1.459058452318644283e+00
8.456780064291340437e-01,6.890225699489704869e-01,1.015960364070820132e+00,7.022519892900868754e+00,4.840978793920390544e+00
1.009717668295555093e+00,2.140349477118657973e+00,4.342751684778356491e+00,1.645857762234486543e+00,4.710079683392695671e+00
7.670012505791640178e-01,2.591587507849282268e+00,4.838905328268197970e+00,2.575839518544617679e+00,5.030143082455804660e+00
1.905201570745555850e+00,9.588588094625239977e-01,1.317851525611244856e+00,3.703396099699713950e+00,3.296053148654093157e+00
6.984028460661750870e-01,2.291338653649348966e+00,4.754715833644548084e+00,2.698741062206972519e+00,5.704392578205463415e+00
6.306365033389245145e-01,1.798352300503839984e+00,5.375460824195440246e+00,1.215992500965284329e+00,5.209133449280556327e+00
5.927793333441470081e-01,6.901423388051257657e-01,6.126577368658722156e-01,6.521625423681967959e+00,6.062380350709979382e+00
6.915588464019117865e-01,1.094110899646897561e+00,2.728461445154517495e+00,6.152284600266603398e+00,5.557978453264385443e+00
1.561774806144716754e+00,1.633669652981426523e+00,1.935028719145701626e+00,4.306325299718822386e+00,2.805806378285095271e+00
4.328480549541371403e-01,1.936697289261550825e+00,3.001935046185320033e+00,5.233280547538106120e+00,5.800649358388657362e+00
1.491796189953610519e+00,2.867378943047556028e+00,2.814331487441696034e+00,1.014308501068508228e+00,2.222548682715806745e+00
1.837143157981458996e+00,2.049458092369147888e+00,2.585626381142056562e+00,7.572212997772531651e-01,3.549459124664304799e+00
4.889629428643678111e-01,3.252361561203349072e-01,4.599740771915813653e+00,4.482032898894787287e+00,4.658831933522033175e+00
8.608568581513639240e-01,3.102612064337716191e+00,4.629043264456205620e+00,1.014619212031473872e+00,5.213762989852170904e+00
1.112886199309323754e+00,2.336027903490532687e+00,3.533760548584787387e+00,6.065811463513962387e+00,1.491648776027396650e+00
2.516982831090484041e-01,2.765053096824927059e-01,1.129830126561429671e+00,1.723626344812165812e+00,9.964086978222661983e+00
2.670020284979790492e-01,3.809144944934684807e-01,4.608455400853663342e+00,1.168390782065315214e+00,6.981010158835619706e+00
2.909751487512503010e-01,4.180236636775966907e-01,5.506992928716899272e+00,1.805270779951065441e+00,4.640052405913722922e+00
3.891552549129084215e-01,7.423976242474612519e-01,6.286545891688671617e+00,8.069799774270562942e-01,1.487556065209486578e+00
8.585862783554749633e-01,3.019935881579136616e+00,2.788959714691405800e+00,2.719436263984035040e+00,6.041603767278517445e+00
3.845838634195012373e-01,7.049631149037096645e-01,6.311727899234243822e+00,8.203210406197780635e-01,1.165362065307566031e+00
2.639827403289906060e-01,4.054468061176310645e-01,5.441986709192365268e+00,2.366932362513250343e+00,4.395164879427508886e+00
3.700976163835050237e-01,4.854292516033680283e-01,6.076302196454991034e+00,8.116109792113734844e-01,2.950316171646269137e+00
9.158170302835677568e-01,2.050484654349086000e+00,4.331224368628197929e+00,1.512544270090257603e+00,4.728112046746010932e+00
4.922906927247566733e-01,2.506918749214499087e+00,3.149346284696169285e+00,4.390251584105895333e+00,5.378863812469647954e+00
6.376193730764359024e-01,2.127972728520514334e+00,1.490662176898881919e+00,5.528124178143267287e+00,7.197578493208395045e+00
1.320374289823482927e+00,1.657676067434651568e+00,3.227382044662604699e+00,1.663029525603328507e+00,7.380175032164232540e+00
1.944255709203960292e+00,2.055773829242594886e+00,8.828549161019713098e-01,1.495256243143917807e+00,6.399613187699028094e-01
1.345496452290792178e+00,2.054723716869594874e+00,1.545597779706305186e+00,3.761865373939614621e+00,7.808128353325578530e+00
1.582939077333660460e+00,9.489405375702902878e-01,2.637687709684344739e+00,7.408340041249146246e-01,8.588169809228611840e+00
2.119075704211738354e-01,3.898174313438308447e-01,7.643498328409052966e-01,5.079257091801548718e+00,8.000595250939932512e+00
1.092771909993905943e+00,1.561723875238765658e+00,3.736082273568893442e+00,4.655577761304924955e+00,5.190812378909038571e+00
4.979787772577201621e-01,8.439485142745060120e-01,6.430206976683305875e+00,8.227082427190735014e-01,1.034370428659373564e+00
1.855021535885482020e+00,2.241573922807002184e+00,8.181214938148697602e-01,1.442762507769212554e+00,7.760987664356592264e-01
4.226310009057235861e-01,7.610770516385068074e-01,6.345561657219020546e+00,6.332047881585154414e-01,1.336360250976490471e+00
2.161275529254586658e+00,1.001801309431921361e+00,5.430535141339787319e-01,5.551030564204906259e-01,1.185504870407690259e+00
1.221031288638996015e+00,1.278206039426470042e+00,3.104079662812506246e+00,4.823512462632053577e+00,5.249318718821431418e+00
2.581925701733545631e-01,3.389990695482515415e-01,5.086481605435412057e+00,2.167058798994017543e+00,5.450413632865359403e+00
1.685812503313001143e+00,2.304189126379301733e+00,2.509777533079238232e+00,3.201161771239620535e+00,3.922480449663192204e+00
1.540202094155482149e+00,5.474809919481862241e-01,2.972902606957209315e+00,4.125835748040699968e+00,3.899117906680095835e+00
1.965397477539575721e+00,1.334340275969358558e+00,1.629988288456538648e+00,1.489683996385948506e+00,2.322241437434673816e+00
1.740226375669373882e+00,1.752732140745222544e+00,2.047792158071183977e+00,2.650998207369550386e+00,2.005710579869218080e+00
1.704947009403606328e+00,2.301556069406016647e+00,2.536055291276318790e+00,2.601558108956980586e+00,5.274105236320097312e+00
1.977037004708746881e+00,1.933310608169792166e+00,4.599929385259804437e-01,1.041354159936852763e+00,8.992527028953360979e-01
1.989742614929107756e+00,1.930364804546825130e+00,6.993515253015945010e-01,1.296328620279090682e+00,7.673592930249987232e-01
1.319928331900758867e+00,9.989093074045604093e-01,3.175248454323595482e+00,4.754500424353757637e+00,5.135055670185643351e+00
2.054507492633559806e+00,1.339165650333502100e+00,1.650569877849174860e+00,9.241456987659293354e-01,1.088774616768540149e+00
1.744766889618542871e+00,1.669779820075961041e+00,1.330666973770750383e+00,3.858702838483023534e+00,1.786108049086842398e+00
1.062559611870711240e+00,1.753795885454559444e+00,3.648010134986675368e+00,2.463769086300950484e+00,5.428228052121990110e+00
2.279709947141385362e-01,1.339934830983051661e+00,5.389416762550579776e+00,2.067036827548548672e+00,2.980628676866415638e+00
1.209147194246195767e+00,8.739353474341563510e-01,1.085994082474200262e+00,7.061735924127985342e+00,3.091231158847540073e+00
1.662748640182736715e+00,3.085260977078387867e+00,5.755801730482401624e-01,3.420956995533769973e+00,7.228826838025153023e-01
2.230051399146311675e-01,2.585479396500371396e-01,3.260851885483492252e-01,2.234902883665565998e+00,9.875744501858916280e+00
9.784482088242083542e-01,2.412759240129443761e+00,4.688619165028518054e+00,5.587839680020340261e+00,1.895511717417313058e+00
1.463597103446024450e+00,1.360609155270977810e+00,2.845202850582856602e+00,3.878610277462426925e+00,3.356639297716141002e+00
1.614363851013318918e+00,1.906207859391822357e+00,2.977951514024744117e+00,1.822275834505822534e+00,3.775890576350691585e+00
1.084264846619204858e+00,2.705317535039044596e+00,4.267233444144530985e+00,1.138097100161962194e+00,4.082256325355807292e+00
1.080725062540929038e+00,1.766349604820621533e+00,3.862774611289264470e+00,1.481017522479392223e+00,6.197777937358853961e+00
1.783443867533731186e+00,2.412508036520877308e+00,3.270867153938785687e+00,3.108297654385264064e+00,1.952056732570704112e+00
2.011533725020800301e+00,8.091159190481072017e-01,1.651943842350853675e+00,2.058614123797504192e+00,2.326861112958851674e+00
4.695380071365682362e-01,5.755565079885611723e-01,4.591377346600404863e+00,1.404617779196363880e+00,7.552097061983753079e+00
2.453847454466970002e-01,2.661484588016450048e-01,1.204959842487590693e+00,7.867886693347526661e-01,1.007966744170035334e+01
7.848507721218368482e-01,3.219259357693979418e+00,1.225332967654146676e+00,5.033825833590483079e+00,4.199695772586133913e+00
3.614088561541559663e-01,1.389226976832858451e+00,2.711129226642510215e+00,5.224154288948462899e+00,6.639921406505814083e+00
1.965589285814675957e+00,5.255180206769122231e-01,2.831160022763498763e+00,2.205792870081998647e+00,2.358566950367945392e+00
2.732521106451283877e-01,3.802086802742338789e-01,5.605872855848628156e+00,2.764010333018659615e+00,3.217696496418799068e+00
2.120851917808121989e+00,1.389739686846754863e+00,7.590625538210420409e-01,5.912422770516090331e-01,1.463723932934150485e+00
1.913814676618434962e+00,4.372846384573081391e-01,9.688649229440605692e-01,3.995801192396932766e+00,6.900596420586211366e-01
1.958198187524477829e+00,2.010648343294838547e+00,8.169694802229304775e-01,1.423750164262845175e+00,6.818315309818422376e-01
1.849884059061196018e+00,2.387690505730426072e+00,8.289186437057066703e-01,1.436520547522269098e+00,6.776649533727410191e-01
7.264444567099914707e-01,1.863296151047322713e+00,4.526426594651187685e+00,9.253661198602824989e-01,6.022952642863159234e+00
1.453929916336955452e+00,1.794598051748826917e+00,2.917717992449229136e+00,3.077536329055921449e+00,4.617506178685620633e+00
3.245623416098233349e-01,3.637680232427278337e-01,2.470835266255183349e+00,6.232467069787551495e+00,5.952197001508863217e+00
8.776004374977789402e-01,2.568856020429896692e+00,2.689639685193649488e+00,2.892804931489389997e+00,5.277201634863804891e+00
1.501859222314360975e+00,1.693732165592338523e+00,1.777440617601481643e+00,4.155580308362696762e+00,3.842978467933271247e+00
1.677277859102821900e+00,1.490261282311139190e+00,2.692748565364518676e+00,3.714030498868643448e+00,4.913878727764544152e+00
1.273193841975790885e+00,7.332616880330935505e-01,5.200068853839698413e+00,2.859881933527282261e+00,3.238445017876693921e+00
4.740723803983070139e-01,2.097651289767203497e+00,2.974369156223869659e+00,4.748376073309235501e+00,5.239339331097500718e+00
1.190288617602871968e+00,3.147352722133274217e-01,1.015545479644079485e+00,7.147141212528302034e+00,9.498919108239234355e-01
1.907191303692755024e+00,9.012997386307666225e-01,5.126119770532389097e-01,4.158300809419652744e+00,1.114294489237277030e+00
2.116608325546769365e+00,4.162645464591423483e-01,1.184446885238231051e+00,1.690967794760100062e+00,6.013455361551357514e-01
1.833289156123738994e+00,8.977676243700211112e-01,2.036366332095431719e+00,3.357863606701348314e+00,1.271109008173739285e+00
1.557424227374138326e+00,1.678272018412789723e+00,2.825770820955107787e+00,3.022689094482196470e+00,4.063330081769203517e+00
1.974951285688379743e+00,2.324963535038582663e+00,1.269662370958091424e+00,1.189305119725415638e+00,2.152491025821021697e+00
3.879717881980135341e-01,4.464899334998503333e-01,5.308324948906638641e-01,6.568326358090477157e-01,1.004949367485720657e+01
4.816379606345284614e-01,1.038762188577619927e+00,2.929615130941980006e+00,3.391117348957152444e+00,8.188040028231224454e+00
2.153566157588355345e+00,9.981200158337139028e-01,5.410881495739969793e-01,5.388862293825077421e-01,1.534695948199770399e+00
2.171247741667101661e+00,7.410603797382681046e-01,5.594619178096827961e-01,1.146737436363254314e+00,8.034815803421047065e-01
2.110170877836314574e-01,2.216904099316691357e-01,7.477490138999351998e-01,5.633919074190051113e+00,7.495431795401672481e+00
2.110075933146388305e+00,4.778824785561285315e-01,1.319554249607752805e+00,1.759970200911119331e+00,8.192231250261140518e-01
5.231515830435493619e-01,3.221348950947076073e+00,1.028645970841516544e+00,4.947861688115733791e+00,1.616877418527568944e+00
5.383261738721724088e-01,9.360016739506484829e-01,6.477884100106912513e+00,7.805616449905568022e-01,8.421572882016227224e-01
3.055490611101318033e-01,5.173134894474151757e-01,8.384370134285559217e-01,8.559830386801554614e-01,1.005343595927539013e+01
4.848626393967395698e-01,3.484818973542944676e+00,2.808157247690092451e+00,3.566421095505036831e+00,2.179352884018597170e+00
2.656442492925846777e-01,5.380249455728762786e-01,1.249088734740216866e+00,2.729873854848062220e-01,9.978009359358939179e+00
8.947847117149092533e-01,2.971880229120100747e+00,1.233565408785724848e+00,4.442225177124932145e+00,5.447857393443729102e+00
2.908218265880610498e-01,4.123613205201790421e-01,3.897358109033238982e+00,5.266846289031003048e-01,8.260229205465897451e+00
1.645022611893817155e-01,1.785728003635325967e-01,6.406043985493348192e-01,9.135251207161323439e-01,1.008617737762964595e+01
2.245795341683206825e+00,9.637482991552905887e-01,4.814943765949498689e-01,6.819604822183946702e-01,1.084191467007820320e+00
7.300910598139017660e-01,1.723556415053949742e+00,1.767750301188227180e+00,3.820981363393256114e+00,8.762881887179494456e+00
6.728014746479895614e-01,8.163683497158813474e-01,4.700007150267589751e+00,3.879217018924682403e+00,5.433647035713539353e+00
3.682375355726638655e-01,4.422549380383078987e-01,2.895052923878308260e+00,5.232897974671819608e-01,9.412256157350942232e+00
1.239297636916806722e+00,2.496475648012160597e+00,2.381989144360353361e+00,1.945859447048953195e+00,5.970471446876267407e+00
5.041087331671311178e-01,2.932574617951547058e+00,2.892099005786690658e+00,3.980528728729325394e+00,3.647715695933475999e+00
1.036547764140451022e+00,1.820308876815741606e+00,1.022537183005673755e+00,5.265114334038002220e+00,6.320580545115765503e+00
1.590629375798523037e+00,2.397855277822202424e+00,1.080204006616435120e+00,2.739711688720924521e+00,6.223704722071985884e+00
1.184717573152759718e+00,9.978281604836549690e-01,1.863683827875567633e+00,6.357002126592916191e+00,2.794160458737263930e+00
1.568478867364579754e+00,2.340963037907374034e+00,1.548800529778264545e+00,2.679408833670955836e+00,4.709733630894421097e+00
2.031182846425362953e+00,1.524198703883733463e+00,9.176761110287074974e-01,4.150744068737509451e+00,1.513154832348905465e+00
4.416755867257197155e-01,3.872108944262283581e-01,4.376782473228600923e-01,7.497600343406778833e+00,4.194803047707726940e+00
6.573691106551008412e-01,2.678239556933831977e+00,6.990237075727206983e-01,5.536268168459543837e+00,6.426560844986950904e+00
8.100477935725489687e-01,2.838842025039562067e+00,3.792521183446974753e+00,3.268985752396206923e+00,5.329051714068180345e+00
3.275550481892616772e-01,1.081700383433453094e+00,4.502199305519900108e+00,3.345529109095796372e+00,5.109088333111618141e+00
6.432298673862282268e-01,2.434120472895720866e+00,7.222973021960582551e-01,4.807762708569733867e+00,7.669635330243335325e+00
1.237424236612287620e+00,3.016589642847334218e+00,5.249388973149382132e+00,9.883277777969925459e-01,3.044506255878464351e+00
2.864269578150132056e-01,6.263127060377986499e-01,5.353627564961458418e+00,3.428365160815688650e+00,3.303262288919167844e+00
1.579920623998807949e+00,9.987351492333358394e-01,3.017458476631127429e+00,6.182156960204540752e+00,9.879035974441983115e-01
3.044015855915714330e-01,4.331487081223354130e-01,3.827674022512693064e+00,6.492509058179547488e+00,2.557610211254879307e+00
2.026439224115655691e+00,9.386138542491430092e-01,2.284127986990278636e+00,3.129377649088275426e+00,9.738657121621282498e-01
4.306362135352445053e-01,3.040825721501037582e-01,5.321853361386355452e+00,3.779922163530296864e+00,3.087002018921078950e+00
7.768581832339742643e-01,3.856858935788850307e+00,1.063440273708032846e+00,1.367326391701064514e+00,4.864493664297690478e-01
4.068947208296695428e-01,3.351203627425820120e+00,2.188196611634020350e+00,2.300881125180429976e+00,5.414490019314061264e+00
7.068897982427475579e-01,1.171014116311588582e+00,3.806906812082086589e+00,1.980592707117747819e+00,7.588589737726066708e+00
5.990217404785759259e-01,1.960250787634929992e+00,1.105388789916094794e+00,5.869289129203183464e+00,5.017964996486897533e+00
4.531237351848790285e-01,4.564346325355732592e-01,3.810494031559405137e+00,6.914269539601987091e+00,1.343265422533070907e+00
1.320985647471166091e+00,3.267794560179347663e+00,2.409872175473132927e+00,1.319127993844603219e+00,2.120767770873148272e+00
7.244876744714590089e-01,3.814071743004817883e+00,1.956482973928795221e+00,2.452176248692348182e+00,1.512391904227437633e+00
5.575533757467658891e-01,1.340835024088123495e+00,3.884133974014222446e+00,2.230750850643306027e+00,7.129776465683022479e+00
6.860282373000339273e-01,1.413651283726372831e+00,4.936005867445262929e+00,1.722538206870750432e+00,6.547788622162548755e+00
4.004628078692553661e-01,2.902945627160627984e-01,6.165016516029223403e+00,1.293243330875552433e+00,5.753779698627312644e-01
9.886253550120680522e-01,9.704441328112274334e-01,4.160700098127832369e+00,2.133223563401153378e+00,7.354319689140466743e+00
9.538986936776427950e-01,1.455271910797030444e+00,2.536287664786443408e+00,3.424399855291084815e+00,7.998945287550847993e+00
3.731404262728930665e-01,7.469342691174688520e-01,6.257109961482766103e+00,9.318445863622826231e-01,1.422122465492980936e+00
6.206856128648750026e-01,3.470750092077182103e+00,7.259239374912185294e-01,5.525753487198229230e+00,1.380482929153427296e+00
3.198546790659079209e-01,7.198755466947714954e-01,5.838094221305241582e+00,2.639292469729408896e+00,2.334312203763301063e+00
6.685745274553228645e-01,2.993570800331904369e+00,3.714870151485300642e+00,4.556465367747327022e+00,1.458174763106084182e+00
4.924643353945852842e-01,2.586920120054548633e+00,3.119123172130749744e+00,4.500893048494030602e+00,4.897182218367542639e+00
4.359343444228013231e-01,3.073431711424578494e-01,5.381479623562445802e+00,3.909378591983438511e+00,2.742044516222462036e+00
6.326357500896642172e-01,2.280854928351678357e+00,6.069144350914623676e-01,6.822251197539580758e+00,1.995326322217281678e+00
9.534109774558900963e-01,8.905738912348262204e-01,5.262945686678852653e+00,2.668015052915380103e+00,3.696427968257260055e+00
4.351835467716863581e-01,3.273598918216463538e+00,2.447668170091336304e+00,3.332259240897810226e+00,3.756655051547028723e+00
4.523445146079378976e-01,1.562712641825781956e+00,2.079652355591713686e+00,7.062551321592723141e+00,4.241497389467083323e+00
4.326435679715542326e-01,8.012275639462753674e-01,5.825448720972546290e+00,3.656896810870168490e+00,1.187595834422211061e+00
6.021255180424034403e-01,2.196188601369403415e+00,6.524170039555919898e-01,6.887986322749444668e+00,1.721546401077976185e+00
2.883084622810366815e-01,2.596130704579494020e-01,3.158653792339652377e-01,7.716553598656289203e+00,3.578170352577973556e+00
1.010110734253664599e+00,3.049026133051099485e+00,2.915873735029425262e+00,3.856074749945915592e+00,3.466028449102706688e+00
5.820292795687751486e-01,3.461368166000617475e+00,1.958998109094926443e+00,4.125310807133780955e+00,2.923575712461285114e+00
3.413839000413897429e-01,2.048274350101236596e+00,1.003540926452235915e+00,5.934940938832180990e+00,5.572870468475352723e+00
4.520516678640830732e-01,8.418096900317199038e-01,2.377533322960820872e+00,1.962192336923163971e+00,9.309136714763987186e+00
1.146150259741145483e+00,3.271574104423573104e+00,2.459096548719881703e+00,2.369950304744374847e+00,4.816818001387899173e+00
6.435941883056052193e-01,2.915700602740273428e+00,4.041230299612357690e+00,1.771409142616195309e+00,6.374030885082606623e-01
6.663308040678235233e-01,3.310680316797430134e+00,3.802890057958725922e+00,5.486586626275189449e-01,2.033179490173733228e+00
4.416221358296074095e-01,6.311149470816491691e-01,4.110288095115608442e+00,7.086824512056937309e-01,8.243195231936230272e+00
8.757929124069792071e-01,3.730707342575901198e+00,2.238968111946169959e+00,1.091163272601159751e+00,3.027055644703659176e+00
7.907565821772595260e-01,3.857047371362633204e+00,1.195590237395979472e+00,1.476699151443650493e+00,4.457086761543939124e-01
5.039239145179550405e-01,7.837837284397515258e-01,4.431761761143357070e+00,1.071250985483774620e+00,7.880605674636727898e+00
4.067353127971052862e-01,1.526641287860128759e+00,9.220211532797550902e-01,6.800142617045358051e+00,5.451140632469651415e+00
1.962436707751388509e-01,1.997366109210911567e-01,8.469158128217781911e-01,7.564648246619737115e+00,3.883881023327609761e+00
6.433771404607950828e-01,5.971884238577109816e-01,1.044622353291903227e+00,1.920822054648292809e+00,9.973051046823774968e+00
1.342694469113264066e+00,1.167419060053874968e+00,6.539303792168319474e-01,5.092577233203932963e+00,4.827088743118453706e+00
4.672115148273053298e-01,3.338122250764708809e+00,2.013822131479942268e+00,3.716302958302377224e+00,4.703897880532585063e+00
3.472511434421384213e-01,3.458833613243879057e-01,1.978953088356167678e+00,5.718174544420707051e+00,7.162697111777610814e+00
4.100859049538665979e-01,7.055885906386265560e-01,5.777150468427509900e+00,3.819592807952806979e+00,9.625289025849328439e-01
5.876637287016578393e-01,2.453833570738114478e+00,6.984709885455027134e-01,6.607163974434780762e+00,1.035720803126483291e+00
7.821049283206958913e-01,7.826512487121244366e-01,2.089539845396956252e+00,5.778893437767955277e+00,5.720800423982801419e+00
4.457798142141229381e-01,3.127787503665601099e-01,2.553670833369218740e-01,8.167465288449523797e+00,6.011009131456340748e-01
4.644837096296991485e-01,2.704670792951800462e-01,2.680490547034113380e-01,8.106645215758716105e+00,1.781418642857603762e+00
4.019720837065812180e-01,2.679397403867076477e+00,4.917827309393339452e-01,4.825932224169418028e+00,5.928862061112972093e+00
1.487346017081438543e+00,1.352147465092838452e+00,2.323307147735170108e+00,4.925241491261550308e+00,4.005014349915485994e+00
3.353146810952153389e-01,3.337667499558895079e-01,1.931617273767438192e+00,7.752597494697990754e+00,2.720562658145103896e+00
2.033833580093280247e-01,2.327260935414615373e-01,2.346647070221536957e+00,6.461843260057057670e+00,5.188222304332692936e+00
8.726055651226095611e-01,6.776643794436836288e-01,4.943606921630494533e-01,5.989894661583099023e+00,6.842262112700701948e+00
6.304759341418375573e-01,2.390131764793354652e+00,2.993222814110673369e+00,4.586712391551849066e+00,4.632528992683460523e+00
3.074674977393366260e-01,1.663781118027029216e+00,1.172396429742876167e+00,7.111771947285896900e+00,3.614908293831249342e+00
1.727069257728045815e-01,1.536582503814116485e-01,7.437606362787050340e-01,8.071922123377435199e+00,1.143628016527417746e+00
1.599297817692661716e-01,1.409860473031905870e-01,7.280251740426704199e-01,8.054250593701221206e+00,1.190492083021141179e+00
3.290397892471176311e-01,7.276298544329635742e-01,6.109508814923205300e+00,6.983928892164857904e-01,2.063838772540254496e+00
6.270122863824869608e-01,4.117377396122577693e+00,9.020899641768151955e-01,1.056003519005585645e+00,1.541501836198608588e+00
3.944873458907098285e-01,7.030118601762879171e-01,6.293363664034001381e+00,6.496494132793083631e-01,1.072763430360086367e+00
3.272141425093993417e-01,3.493215575915679660e-01,2.577149226515297098e+00,6.728338517299286892e+00,4.858248971063506616e+00
5.155154007235274172e-01,3.445869485543111121e+00,2.325324534388570896e+00,3.008579319564899102e+00,2.371694231713002754e+00
5.824193990193452519e-01,2.105748817828435371e+00,7.555931655634186006e-01,5.835832729744185876e+00,6.591118925489038993e+00
6.719915537238956293e-01,3.488184463917977762e+00,1.373425126402472385e+00,3.737434187122902873e+00,1.280073217836869448e+00
5.010103784914707870e-01,2.240033192599160561e+00,2.477882331720834941e+00,5.511758918353385717e+00,5.213140397561429218e+00
7.982668222263020752e-01,2.576486889124440793e+00,2.495950908782569755e+00,5.585221879951287605e+00,3.412143582470790193e+00
1.713099872518201172e-01,1.559846536835778064e-01,2.992408196660533815e+00,6.156652460635642754e+00,4.585984218770615684e+00
1.609781449008076404e-01,1.493156659779195650e-01,7.522588001587007245e-01,7.650077728913664998e+00,3.461451401491518531e+00
3.448660552091220022e-01,8.980300706080979189e-01,6.384686016730313218e-01,7.542877975840675653e+00,3.750481730064810559e+00
4.490999124743575988e-01,1.603174557433928671e+00,1.142335762462293403e+00,7.407578450080383625e+00,3.567724403193630156e+00
2.749400835359939177e-01,4.551404230736337819e-01,3.751045328393861400e+00,6.482424677852822725e+00,2.202672098746167872e+00
1.181034248861582370e+00,6.637953011207189391e-01,2.181743672007475876e+00,7.340525781141331585e+00,2.974259724838916874e+00
4.985700522900338161e-01,1.576412081455514258e+00,1.638311042414961616e+00,6.264190139197310714e+00,5.686506139910729729e+00
1.243425591025043353e+00,3.398392685025930060e+00,1.645163124318441916e+00,1.058783461956097405e+00,1.893685620166283279e+00
6.650681527086843570e-01,3.280853863177308760e+00,1.755940004272724897e+00,4.068412030981393812e+00,4.397545402304066542e+00
4.744420496229032613e-01,2.833678135079105598e+00,5.718160343100461285e-01,6.456947612550660409e+00,2.648239705607703609e+00
1.012085765606247634e+00,5.766924909830366541e-01,9.182751258963169905e-01,4.969140763682771578e+00,8.037106748285786750e+00
4.562686386070904376e-01,1.400680537564891415e+00,7.844463087413666713e-01,4.245866157529080809e+00,8.371109433818524792e+00
4.347789749250754454e-01,1.645760659076421106e+00,4.133629843524474490e-01,6.409157679501269023e+00,5.768014157822983989e+00
1.929310485661744456e+00,1.924972045312530966e+00,2.705739222719123482e+00,8.542543228844909908e-01,9.694350264557045627e-01
4.701533486129647055e-01,3.216436647719776332e+00,1.409666583182026089e+00,4.718948564807124768e+00,3.842510794813815078e+00
6.550463728102708938e-01,7.934616325947709825e-01,6.134141409787274846e+00,2.805529334840796363e+00,7.375700372856324183e-01
7.404575287389196792e-01,3.097823202120336905e+00,2.473962621671595752e+00,5.305137172343362906e+00,2.090586007107159361e+00
7.822747155559720555e-01,2.891925145253492868e+00,5.614164705158956048e-01,4.661114548269408964e+00,4.450735004729567734e+00
1.076340079144626483e+00,8.510618613944046507e-01,1.473681016034953606e+00,2.041330666144018480e+00,8.618662766983153034e+00
3.314240625623774417e-01,1.116078054883476778e+00,8.697601885745041006e-01,3.968648887852246787e+00,8.918154678627148613e+00
1.851916070358685384e-01,3.930277169131325410e-01,5.201073871595383480e+00,3.698457736293159659e+00,3.347938232078387255e+00
4.823011562644317629e-01,1.825263388511852547e+00,3.043210793131780889e-01,7.336743236104764421e+00,1.192242813673622726e+00
4.296561429888076100e-01,5.449582020132055504e-01,3.827064060779832744e+00,5.676988965836703427e-01,8.624848041390173137e+00
1.575098285114569840e+00,3.051535844761188887e+00,6.988644556826357768e-01,1.736231141567052161e+00,5.384172907473158132e-01
5.202838143749268784e-01,2.682647547022849466e+00,1.360670364989089887e+00,5.966445646241773204e+00,1.779210397920271802e+00
2.432329995285461843e-01,3.229990014044958890e-01,1.850551182644960768e+00,7.935081429802985475e+00,5.719018997540801230e-01
4.600856018467943676e-01,4.120782228805879299e+00,4.588279407993762771e-01,2.598659744634915114e+00,6.402000030575500933e-01
2.073126054333385149e-01,4.030344328542074805e-01,5.100568884852398455e+00,4.152555224419463897e+00,3.110088301694901247e+00
4.238565446411829418e-01,1.395981245805026694e+00,2.674440325576988631e+00,4.992838317277052518e+00,7.170886584563580080e+00
3.297443084054524354e-01,2.703266027830006912e+00,7.993533539018006229e-01,4.414990743219080471e+00,5.870093998507346811e+00
9.642057069617731013e-01,2.433748656874443750e+00,1.862832265717809133e+00,6.103554138263389994e+00,3.262143328420797239e+00
3.371579794410449749e-01,2.282048197377942955e+00,3.758707284422002637e-01,4.853667152335543911e+00,6.762433443022645818e+00
3.816531115492001192e-01,2.969347942344477520e+00,2.677662542024132453e+00,4.095141379572043938e+00,3.118318183128292009e+00
8.032287595156315518e-01,2.535065770759491688e+00,4.158170506878683170e+00,3.675070718003391690e+00,4.043637116548577382e+00
6.077532198722406243e-01,1.845511757983568923e+00,1.327981014787843694e+00,7.105143325689124545e+00,3.135941353238610230e+00
6.445355360538796985e-01,2.104939828808835234e+00,7.018098886901193989e-01,6.166559098769750946e+00,5.095684517395857149e+00
4.680685037239774582e-01,9.367163598207672859e-01,4.964271791025850256e+00,4.782621208533450741e+00,8.645192362959134291e-01
1.318849299116026552e+00,2.636429216126993769e+00,1.333342764175922346e+00,5.475346147123634211e+00,7.349899266068822268e-01
1.163169509680983760e+00,2.439402502635675596e+00,1.522351989783892412e+00,4.997615672377248686e+00,5.360189643169251283e+00
1.585629562079542643e+00,3.524491952041964637e+00,1.081074804584426952e+00,1.644261382273834116e+00,8.577985472802442946e-01
3.423667525489826891e-01,3.927708491875208985e+00,5.946192010089975666e-01,2.592149720366223598e+00,6.293557197135906112e-01
7.901910861368197647e-01,3.328414216551181859e+00,2.040680899218548561e+00,4.097212842841253533e+00,2.539181831807708178e+00
4.152276610821964420e-01,1.539521676750669421e+00,7.561448104655646985e-01,7.725231836449776068e+00,8.939825988281183688e-01
4.644893162259323138e-01,1.794452539955604609e+00,3.223522140537311009e-01,7.344617819819592164e+00,1.260561462402849386e+00
7.369064596640124698e-01,2.149715847958032278e+00,7.160137496332514839e-01,6.836013202682253542e+00,2.350214892655166032e+00
1.331483342765214406e+00,2.601925112415706121e+00,1.228012396149005481e+00,4.802614894438486104e+00,1.402342478682770510e+00
4.993093708211662762e-01,1.325607727509981348e+00,4.918524054137510149e+00,2.650348562815115994e+00,4.346532636896583313e+00
3.513255045615418237e-01,1.153563384204375097e+00,9.371030705181326859e-01,7.561807838429313477e+00,3.489353792398265597e+00
8.657923611539456443e-01,3.403420252207468799e+00,8.060522927511409863e-01,4.489182671703568772e+00,1.030904407065758921e+00
4.116863637678637167e-01,1.783236721374592992e+00,2.439019849226532699e+00,5.063675752416602727e+00,6.309876945576551321e+00
7.245125110009439373e-01,2.963170110040767469e+00,2.371539792523392531e+00,7.840237377433565413e-01,6.584982108387108291e+00
1.940655459701025598e-01,5.974171932152023690e-01,3.097874870901929367e-01,8.009073773926077777e+00,1.260016981312632733e+00
1.042905973947612086e+00,3.743088653799152787e+00,8.880479193369147373e-01,1.014423408513221547e+00,1.214669910084820614e+00
6.434225570191264287e-01,3.354753283490324200e+00,4.373856585770021788e-01,5.323901667921318470e+00,6.296313534854702798e-01
2.679061862445737408e-01,2.390729198203133676e-01,3.087107652760250787e+00,4.513018851680802079e+00,7.090608041554343544e+00
4.373979574898745337e-01,3.900225731129540740e+00,1.157284601751442654e+00,3.225523939557048969e+00,1.479442143164485302e+00
1.426490474621501914e+00,1.112374668742284189e+00,1.975122719006310312e+00,6.263061571932981408e+00,3.111801603799194460e+00
6.197683718296198574e-01,1.870704049263149260e+00,2.134355742376726983e+00,6.623793733115205917e+00,3.882072256072174543e+00
1.744058533624188279e+00,2.447396256057340569e+00,7.316481314553000548e-01,3.987113554182738717e+00,1.503746425232938000e+00
9.304483897122743929e-01,1.984265524773688671e+00,6.562859938717757746e-01,7.187194706072380868e+00,2.287980891943025341e+00
3.594574946164688090e-01,1.549445361886234940e+00,5.677035206031026959e+00,8.587284696492276659e-01,1.658571851923745122e+00
7.265792341025897327e-01,2.318498712865079803e+00,1.474081150960333320e+00,6.794483997888468352e+00,8.013158437466092465e-01
2.564242920204524712e-01,4.302221478116388109e-01,5.264073829121594272e+00,3.476861584891764334e+00,3.784399986965974794e+00
3.309413290199321178e-01,5.305277288409013803e-01,4.366206774314681516e-01,3.347168125711527109e-01,1.008750373583994353e+01
1.480459014404630347e+00,3.151659219443929238e+00,8.849756520897006373e-01,1.515791048806261143e+00,9.424082456608336988e-01
1.436741923987464808e+00,1.989609665302119801e+00,3.755811744056969825e+00,4.014156353944375866e+00,4.626831692303919219e+00
4.179165500438461467e-01,3.828649643579763673e+00,1.256762339400573802e+00,3.369176118150586152e+00,1.781608436060183154e+00
4.444421583938585329e-01,3.866077788400144932e+00,1.117040046412921761e+00,3.151361583010612755e+00,2.351462348243653633e+00
8.788055324547763281e-01,1.976687650564895371e+00,7.017547106678756474e-01,7.211717120551211835e+00,2.317490741566058610e+00
6.348691295624084852e-01,1.625693986896315391e+00,1.223832376209434081e+00,7.864487372208577298e+00,7.312739396142089454e-01
5.431811488122775256e-01,2.320166597654625296e+00,1.964657699984512451e+00,6.057225779459719739e+00,3.449107475399061151e+00
6.275063358681377546e-01,2.493822598253128575e+00,6.975516280397073832e-01,4.457123691157882206e+00,6.596570110645376239e+00
5.388916738341176238e-01,2.561278210399216881e+00,2.542497113740789239e+00,4.873719015000561150e+00,4.135012832738640398e+00
3.837315852906167946e-01,3.495111521724161285e-01,2.630711320792047836e+00,4.530426494659221426e+00,7.930590813596995581e+00
4.733311683948462356e-01,2.601037760689123068e+00,1.733511302607799287e+00,6.181131762673536478e+00,3.252908975857166318e+00
1.382679259869139754e+00,3.040066003208826917e+00,1.590738695619786869e+00,3.973456939947050959e-01,1.567740589471954493e+00
2.479082955551928924e-01,1.991207577874289480e+00,2.485657500618648097e+00,3.510670633179468147e+00,7.008465410111358374e+00
3.470570390003780981e-01,2.839720763109406798e-01,3.814888748645722583e+00,4.489540306678418524e+00,6.226387209674442147e+00
5.282203901039834726e-01,3.368291326048659773e+00,2.096307624743476872e+00,2.662561028611263758e+00,3.747617235100013655e+00
7.053216165549816008e-01,2.787517171846386699e+00,1.883237686167005265e+00,4.024872375619618303e+00,4.559517446224044868e+00
9.418013613970824816e-01,7.088291555425082491e-01,1.389702623513199287e+00,2.497357349700969564e+00,8.841803846279749024e+00
1.204353997605383642e+00,2.677809195171948708e+00,5.647732958219024990e-01,5.440063450333364692e+00,2.720390322904912672e+00
1.411418583081226696e+00,2.778890683719442034e+00,2.335792096058626477e+00,1.623493926659206776e+00,2.919854758841845310e+00
4.796821333326882764e-01,1.431501435321430371e+00,5.787690309679469181e+00,7.470049517896982794e-01,1.242405183730425522e+00
2.156200213838175284e-01,5.577256491987445663e-01,4.685832614509793714e+00,3.965440803806665304e+00,4.770837034727998471e+00
6.665337509817165218e-01,4.004369716078234553e+00,4.625361510263930054e-01,6.278500333446287440e-01,1.074880680287065404e+00
1.564333112558977223e+00,2.833405478771699126e+00,6.296803408497657628e-01,2.258402408957843388e+00,4.697932334595867898e-01
1.415920985277810129e-01,5.032301820326819941e-01,2.187829436095782287e-01,8.004739114858312021e+00,1.617489535117356381e+00
9.033918121697128711e-01,3.712931851993290788e+00,1.392403760861169459e+00,5.621924700149983911e-01,2.581992605609304103e+00
9.915370447266280696e-01,2.408800369150527754e+00,4.152571573121239812e-01,5.704341125539052371e+00,6.600819676901359401e-01
9.619796579867432307e-01,2.452629840003200279e+00,2.788042957310357561e+00,4.187653378533767956e+00,5.230497754193146775e+00
7.951495865516029493e-01,3.883246099407889229e+00,7.854621176716470865e-01,1.594305244869224092e+00,4.719911184509811841e-01
7.705671519637734557e-01,3.962523968549888753e+00,6.656803563262112533e-01,6.582990856449359995e-01,9.729776685089186472e-01
2.100290517741019991e-01,3.704829282331896234e-01,1.983714594688655852e-01,7.764256073790153145e+00,3.303242224074801836e+00
1.108474072716260306e+00,2.270417762492034974e+00,1.641646884157843100e+00,3.660482279182195597e+00,6.636250162723680290e+00
3.535147700676884996e-01,4.058900361536402990e+00,1.373873054346161249e+00,9.044545242094174098e-01,1.475864470807843887e+00
1.406389970146350865e-01,1.983783298977256915e-01,6.832658846250694307e-01,8.019698564948095409e+00,1.478798865774338944e+00
3.637819650658603576e-01,2.935118245970546269e+00,2.968577493312784199e+00,3.629772658998736468e+00,4.067829687703945041e+00
4.697715953770794650e-01,9.692095351177401064e-01,6.186105556521942717e+00,5.477062939320547219e-01,1.442505456461456781e+00
2.991161494398925091e-01,3.046384502296545227e-01,4.137194672502851667e+00,4.410536980321983158e+00,5.404505340985291006e+00
2.629678423100867968e-01,2.334479006760254438e-01,3.001959130610620807e+00,4.503640244994058683e+00,7.191875764250291958e+00
1.514008473926856946e-01,4.830854606624675474e-01,3.451512262607736581e-01,7.376008134265625849e+00,4.310771085874093522e+00
1.021760303620640631e+00,3.806369325512618751e+00,8.290980860705075006e-01,4.795745472832262934e-01,1.608348698031623281e+00
8.402000809278581395e-01,1.111355249045459237e+00,6.144958866877003878e+00,6.681195238936192826e-01,1.226832633630705383e+00
1.617050355545945062e-01,4.134848249573311318e-01,3.346640058263780082e-01,7.733169018862575683e+00,3.205585752816472844e+00
6.336000373067876001e-01,9.485901216160886884e-01,5.047000321773428944e+00,4.665250283478538762e+00,1.675426203080232934e+00
2.896528228008766748e-01,2.589547053740266502e-01,3.287205300961341337e+00,4.544676421379185705e+00,6.863721527131804834e+00
2.492722669556209913e-01,8.179138803733536633e-01,5.583703066358966183e+00,2.807524412201575448e+00,2.677414878950326038e+00
2.489351500033597786e-01,2.203754330823074481e-01,2.757038709958600009e+00,4.281420705079288958e+00,7.632755802178771809e+00
1.925022018028082482e-01,4.137522514448446209e-01,1.925432775074197855e-01,8.085232497522969908e+00,1.154435691441189515e+00
3.425595509954637574e-01,2.418856310079509075e+00,9.424773452188760503e-01,6.325947937464349025e+00,2.178659612321139694e+00
2.471586879309766172e-01,2.535527844235919148e-01,2.204428224094983624e-01,8.122399477652212596e+00,8.697656846240878759e-01
4.014915405487504696e-01,9.794918056358639102e-01,6.175838776832442534e+00,1.056228150742652527e+00,1.593451647337790211e+00
4.461782452394727483e-01,2.209394356482631050e+00,1.548873396622579168e+00,5.325741099437087733e+00,6.338024693444698876e+00
1.261164327859254142e+00,3.157196013999573392e+00,1.796973825177680562e+00,2.233684028945833067e+00,2.629103426031785595e+00
1.925910235298114337e+00,2.764121135577835897e+00,7.450652707948354214e-01,9.369150792486795609e-01,2.902511340503977966e+00
8.976577708843934689e-01,3.848559011259075735e+00,1.268762126712035032e+00,1.490054158136962625e+00,2.054273132831327953e+00
1.034591162905844408e+00,1.412186437449980403e+00,5.561511011393636572e+00,3.927010592321833471e+00,1.451485367560878093e+00
4.583006923316186310e-01,2.058041889127755653e+00,4.902897676713809716e+00,1.822626579195428365e+00,3.374592954404264766e+00
4.413413313926213277e-01,9.693943205142201425e-01,6.029965444135307884e+00,9.925954630277402657e-01,1.031184869597760567e+00
9.566808698293874924e-01,3.844698572629489774e+00,7.514671002291485324e-01,5.634053567899072190e-01,1.001394123767908928e+00
6.357416802251105725e-01,2.638948655438547508e+00,6.234248683965650795e-01,6.009558504888098618e+00,7.219804621553669310e-01
1.046837269938808435e+00,7.772096751399587555e-01,2.407918684965089540e+00,2.659462130927257029e+00,8.751817267449103710e+00
1.643025536811797194e+00,2.809692860623634214e+00,8.582710873755835523e-01,9.542508930300965808e-01,1.442649804470556241e+00
9.846769989628586517e-01,3.803922695359423400e+00,9.613733285313996735e-01,2.207471711868061348e+00,6.011078825465934194e-01
5.973626837410632717e-01,2.284997327598549788e+00,1.341791743203414766e+00,6.803924911462830849e+00,4.051755787299664568e+00
6.617278214226950395e-01,1.885461775516659610e+00,3.310562276920007374e+00,7.143637282041999104e-01,7.163130824544254871e+00
6.682972089432881457e-01,2.197425981852579646e+00,4.019545364044171953e-01,6.515228246767519771e+00,1.880029894787392797e+00
1.101117217047243413e+00,2.004048183697957342e+00,2.380615738376817614e+00,5.255987098730425799e+00,5.125179095100813598e+00
6.789890602389019314e-01,2.959121426588337211e+00,2.086262881104690159e+00,4.456592774129667589e+00,2.600324252318493734e+00
3.916074137750782391e-01,1.242910104732703136e+00,4.479074059064692470e+00,5.922100373929296557e-01,7.181592554247596460e+00
4.441239339108645767e-01,1.399561264038554187e+00,1.589672922826173895e+00,3.668516325770147635e+00,8.976111417371042123e+00
9.840235767968290581e-01,2.529489212791188102e+00,3.820261322933111714e-01,5.796199090105316643e+00,5.779458682050199192e-01
1.895795278292432329e+00,2.025403430285151352e+00,1.218404105760023448e+00,1.580021413575977807e+00,1.140348860988293023e+00
8.541924666500730901e-01,3.056034814231171293e+00,1.582409027791523037e+00,3.314943568553658793e+00,4.586827711090022852e+00
4.100143422970738416e-01,8.693578963906841706e-01,2.299075258221361939e-01,7.858500100002082434e+00,1.531726551631775513e+00
7.255381970299508154e-01,2.674250658287046001e+00,1.983564371631884038e+00,3.814442063449834386e+00,5.567632946338171074e+00
6.704243993544827251e-01,2.027537382104317665e+00,1.393820139712016681e+00,6.352184794526118949e+00,2.214289427430591317e+00
5.851946991084169269e-01,1.949224273378826977e+00,1.527716014076762274e+00,6.804543691788385473e+00,5.103431373656327708e+00
7.583198975759217753e-01,2.109094792148062947e+00,5.547421394913378823e-01,5.702256273885576654e+00,4.312826620240892694e+00
8.705546696048871436e-01,2.876591178939431614e+00,4.179342356826145632e+00,3.095170941762862338e+00,2.437849085257171922e+00
3.293819999564133738e-01,2.608836623103754970e+00,2.915736223495838608e+00,4.175561248166099304e+00,4.229843841447594954e+00
3.561602156118835460e-01,1.176058785956360042e+00,2.162195787871648900e+00,6.142044499039990058e+00,5.833856943695660213e+00
1.551113980097860168e-01,2.139696401463349051e-01,6.946779053785439029e-01,8.051322932801584287e+00,1.320733946009130966e+00
9.650411867894786999e-01,3.213687497586561914e+00,1.224328315155433167e+00,3.181382317890011802e+00,3.939733794299901781e+00
2.344030796758799773e-01,5.553687139611603873e-01,4.350771051584355620e-01,7.517085723196984759e+00,3.841362270042279370e+00
1.510738998475008033e-01,1.782415551303745960e-01,6.778138910200448564e-01,8.078607656267960735e+00,7.642127705760032308e-01
5.555806971869571287e-01,4.049962878822675805e+00,1.268681203012978376e+00,4.218312799905239441e-01,8.450890125945923481e-01
2.431073369846571131e-01,6.305396561522647048e-01,4.270728019428291500e-01,7.772799577859752063e+00,3.142114776637865425e+00
1.402884063844018758e+00,3.168893250771211090e+00,7.760818599695559206e-01,1.748151343607234676e+00,7.519386802057898000e-01
5.285690153998332530e-01,2.831720895104366864e+00,1.422590468557545895e+00,5.750569378345385729e+00,6.735133180900095828e-01
1.087376299293611348e+00,3.252476041773414650e+00,1.067466442368478985e+00,2.729172704248306935e+00,3.611387016423305507e+00
1.687697165994460069e-01,3.115145720216595526e-01,2.874606052562708403e+00,6.930182707418939714e+00,2.530411178985381149e+00
1.701529656878038310e-01,2.402897207929780565e-01,6.513983675474072088e-01,8.080294668203244157e+00,1.074415722912609894e+00
4.555608566488119626e-01,2.913943084046200838e+00,2.998977328631584172e+00,4.141952649233032524e+00,3.643799490669342056e+00
7.342902178713789363e-01,3.226819082717732989e+00,5.260796994786085534e-01,4.909182019022868104e+00,1.131392026235711112e+00
7.896742308087996154e-01,1.405834848195300690e+00,2.160569013950124351e+00,6.042730897603835416e+00,4.840595260438994352e+00
9.068199448711415922e-01,3.867977128996721969e+00,5.737877299792043528e-01,7.743609640095995283e-01,8.891911157553767930e-01
3.227541570603273402e-01,4.950569630570770263e-01,4.686639281978037808e+00,5.681985791674041941e+00,1.280225741622332603e+00
1.123720794483817231e+00,3.325950778857192258e+00,2.107547725858210708e+00,2.574715126097601114e+00,4.190565175525333252e+00
6.909690653937610172e-01,3.471298608895552196e+00,1.210893939618990167e+00,4.386206583466128350e+00,1.244904372061153230e+00
6.023998962612628905e-01,1.279272148357709415e+00,6.091681676639527865e+00,9.143537629322608939e-01,9.067820550353739018e-01
1.743539170740488475e-01,3.419689371575204140e-01,1.781554253342970129e-01,7.969439775091379019e+00,2.134410921231334690e+00
5.411630240082643262e-01,4.052140046739052259e+00,1.286225703351020933e+00,4.408514140911817814e-01,8.687554999532008937e-01
2.952788773249639398e-01,1.961587946286920126e+00,1.892752672567171057e+00,5.616321009227531746e+00,5.072470967762766847e+00
3.539260625473064081e-01,4.248293063145033854e-01,2.084674573750472160e+00,5.887346282470860892e+00,6.900577130238183088e+00
6.967420431982643825e-01,8.812809754318396971e-01,1.149597088161293357e+00,7.298936101992583581e+00,3.979088189782605589e+00
2.786095377615507296e-01,2.809980700681042887e-01,4.909321090906189067e-01,7.528163370346894645e+00,4.118549795857276763e+00
4.890558984865150394e-01,9.083418740534721092e-01,4.958322807709345525e+00,4.974474680589207942e+00,1.378471326896762994e+00
2.171394065812789764e-01,2.819162102571461936e-01,3.062903795699464249e-01,7.897405222316753459e+00,2.458027996486414679e+00
6.471454161657130832e-01,2.292412328863929094e+00,2.475367656376284309e+00,4.556393752854813961e+00,6.157896660171312320e+00
2.315330798423638481e-01,3.234414295295964803e-01,4.264850058213802697e-01,7.608435280695217351e+00,3.946977107742763557e+00
6.921861549162731109e-01,3.860962129255058883e+00,6.105910157539307104e-01,2.700201571692565139e+00,2.431317548591221289e+00
2.140585881441879890e-01,4.672205313429941276e-01,1.999365599807317040e-01,8.042236727631511428e+00,1.396181012253521869e+00
1.648573191510949165e-01,1.815471428093421713e-01,4.832593331923783486e-01,8.128301084097415696e+00,5.748915607729776500e-01
1.579026952321397059e-01,3.285395165012175989e-01,2.711022144702175396e-01,7.602859638456469504e+00,3.726901933852464932e+00
1.735380629633831717e-01,3.106150698167559066e-01,1.272732617526231458e+00,7.966959903327667902e+00,7.969710310192265057e-01
8.468751227322667274e-01,1.889467031329982172e+00,1.932809254900013318e+00,6.133152841202466732e+00,5.029131591123944034e+00
1.400869897766599259e-01,1.953067278228632075e-01,6.881404930534655850e-01,7.967205059374905751e+00,1.896994651095954554e+00
1.757409071090053621e-01,3.200611042514017734e-01,1.410044805433596227e-01,8.111178676115430974e+00,4.554191665852015958e-01
1.702145202753600761e-01,7.090202391848248187e-01,3.970764310852902490e+00,6.131833170486874707e+00,1.085057946800939366e+00
2.697950150677561609e-01,3.982734224206268547e-01,2.630072117638092788e+00,6.949060023969951594e+00,3.946692437082710114e+00
4.540950894497232104e-01,4.011589898161862955e+00,4.663579847732820527e-01,1.907379936807034770e+00,6.785302713916623318e-01
8.216291900135718196e-01,3.866367604762646515e+00,1.097845736451288801e+00,1.366049601213193077e+00,1.811097909691707031e+00
3.454785852582858974e-01,3.872780943793497244e+00,1.656044912742347774e+00,1.217305959980551577e+00,2.729516079098619930e+00
5.823075516110038929e-01,1.281227435977755569e+00,3.165182660918345547e+00,4.114649317691583263e+00,7.117628693422087593e+00
4.083391545350938401e-01,2.233715320216182132e+00,3.073743709771233235e+00,4.698262114585981308e+00,5.335741844069243456e+00
1.592544086608970733e-01,2.113809822510374359e-01,7.045040292591677744e-01,7.992154255349385394e+00,1.852924828968691928e+00
1.795414134044338583e-01,3.414924666709331369e-01,2.411801823713046744e-01,7.659080178219079826e+00,3.578193782167342629e+00
5.425476088360225990e-01,4.142415883174566660e-01,3.567085799045266459e+00,2.899269564624862738e+00,8.256435967873031245e+00
1.673641818108715928e-01,3.354734304594922945e-01,1.788436406455754246e-01,8.054655987874387080e+00,1.428599796197719929e+00
1.052883102263126425e+00,3.639177613567546210e+00,2.055315791065372100e+00,9.332590276533990759e-01,3.365581533200891595e+00
4.018240261301101457e-01,3.924960363663191343e-01,4.055689722252022733e+00,6.198654749355180016e+00,7.589117372930715977e-01
5.653949566979243890e-01,2.346896525991132521e+00,2.100326279161913501e+00,6.886520289957524632e+00,1.864407960607902925e+00
3.777767041417491312e-01,2.769736052448963814e+00,2.178813155630421328e+00,5.212695359314873933e+00,2.630091382047633708e+00
1.357401888295316494e+00,3.480806379292676223e+00,1.149929751548143919e+00,2.945353093313731296e+00,2.561020745536862542e+00
5.712091570054314005e-01,9.255814150032043441e-01,4.634577612424044091e+00,5.899654159650038032e+00,9.503559540862235311e-01
1.093457421146542430e+00,3.649267486955645179e+00,9.759313461744902884e-01,5.059982296172793603e-01,1.204284357966231456e+00
7.103376475582277028e-01,3.783347375337573926e+00,1.987712063867846268e+00,1.143115073841302953e+00,1.887510973705988970e+00
3.839636758351452350e-01,6.519681501820909775e-01,3.612719672504918211e+00,4.643655728098241120e+00,6.550554367674561895e+00
4.636478259247832634e-01,9.573769744238771473e-01,6.184120772338046024e+00,6.039018360793871887e-01,1.284658799263856066e+00
4.722516015027551917e-01,1.818282180773784340e+00,1.495028751732886185e+00,5.676464727592885673e+00,6.446505012675104673e+00
1.835738293979348457e-01,2.275883905604004498e-01,5.214134761251664196e-01,7.677756855460787122e+00,3.361393084801807873e+00
1.653188171401676620e-01,3.022401631643542030e-01,1.946278292847833380e-01,7.241066671956216005e+00,4.677983444730127616e+00
8.040352361546515558e-01,1.602561499882904084e+00,1.712322031887767881e+00,6.013002049119832826e+00,6.176820604944424531e+00
9.075281977364962893e-01,1.947219355717569211e+00,1.767343953690928782e+00,6.573080522420504224e+00,1.259170266217949585e+00
1.989456029633928924e-01,3.070388929747854823e-01,2.252378875132884095e-01,7.980987419692047169e+00,2.057506430980895473e+00
2.075535661184409353e+00,2.024984532431587603e+00,8.015674190600889926e-01,1.097886798965006072e+00,8.806077859672276631e-01
2.106401358118234757e-01,2.764135937241405383e-01,5.687385065306558296e-01,7.868040921144173971e+00,2.714019733271401336e+00
1.359120568648055916e-01,2.063808110078778069e-01,6.732608312265592199e-01,8.037573850703919831e+00,1.321425010969495384e+00
8.376502484990993036e-01,3.166704981120659124e+00,6.833839180696009707e-01,4.372883806233607729e+00,2.054835687764846597e+00
4.409748340629384145e-01,3.415090257845571298e+00,2.762989477791249371e+00,2.692075213675416467e+00,2.807904489348469479e+00
3.998519866923361255e-01,3.625748521756066101e+00,1.526592672331202882e+00,3.607626965316057532e+00,2.335506387340822609e+00
1.565929025014518583e-01,2.210334900337434516e-01,6.954197844376581727e-01,8.075917584724258802e+00,1.095352338167741024e+00
3.495162775750876305e-01,4.647847433637065651e-01,4.011645538812737222e+00,6.537410505083308010e+00,1.522274237668007624e+00
3.687770436246879391e-01,1.858736108351855876e+00,2.857445763692787466e+00,4.827871253096372328e+00,6.161456946564077164e+00
4.754335615283776795e-01,2.078368411004144711e+00,9.321377347963719640e-01,6.094565878377341761e+00,4.147431597970258288e+00
1.780571471136692396e-01,3.171614284561354302e-01,1.488020801984726582e-01,8.110346985627405303e+00,4.875863393874292906e-01
4.503431645166705577e-01,1.578841649011402781e+00,6.388382928689926299e-01,7.389006925733922593e+00,1.118936587636959468e+00
2.636950198029492376e-01,3.448681942905871267e-01,3.834007950747499116e+00,6.084207567365997882e+00,2.493569936414477439e+00
1.804759964129236116e-01,3.354278830133360367e-01,1.864970623962119711e-01,7.601577318177379361e+00,3.737966137971216352e+00
1.382937921485605515e-01,2.703984528714060698e-01,3.417921646098689981e-01,7.369567410179890921e+00,4.360928048975124760e+00
1.093262467040335917e+00,3.334101983093326282e+00,2.861214473135446301e+00,2.313465382055501784e+00,4.071332831488478909e+00
3.735796063289082980e-01,5.094998848089815624e-01,4.586589076937983123e+00,5.915568531421413034e+00,8.872616529865073876e-01
1.656290523334927434e+00,1.100987909620314120e+00,5.520979971664710106e+00,1.011818132683404814e+00,4.230468072590174877e+00
4.091851547138948830e-01,2.039197987636211185e+00,7.920949499636834590e-01,6.858627298170358877e+00,3.149442364135246031e+00
1.553057187128826233e-01,3.202994450844384167e-01,6.243309277193331841e-01,7.005735411339177432e+00,5.195243615619548727e+00
5.980495237041818513e-01,3.678654520548042761e+00,6.781151647775818248e-01,4.992234870485228182e-01,5.055252517518744604e+00
1.351290512662701282e+00,3.316108174551304355e+00,5.153524167306440251e-01,3.026550408934112202e+00,3.153351204011628717e+00
2.972900028280656692e-01,3.715815661860870645e-01,1.477798591102341907e+00,6.265748731376448610e+00,6.619828286380742277e+00
1.338551490082002249e-01,1.995311501758837425e-01,6.531180562600187312e-01,7.702786063851315923e+00,3.217955846727138081e+00
1.936908566404401677e-01,5.665901897450877911e-01,4.349008402294441744e+00,5.706077031308990577e+00,1.202212282310341607e+00
4.236822873730765049e-01,1.030932174355582154e+00,5.924024338492811737e+00,1.018179778646956857e+00,1.097008912427992255e+00
2.311215166692816847e-01,1.105543957927240806e+00,5.765733855287345833e+00,1.966099379731301999e+00,8.321196412613944826e-01
3.678830023993191478e-01,1.579677624055497720e+00,2.221472777060595316e+00,1.951884593122140910e+00,8.887376784732506252e+00
4.510862200155345558e-01,2.175351276708554771e+00,1.042463170801973371e+00,1.274469893136314536e+00,8.499978729736191951e+00
1.083313723686952113e+00,3.661191458788491726e+00,1.101269792901606870e+00,5.071706780479172672e-01,1.371512671351885482e+00
2.398988035101992655e-01,5.429841887577263604e-01,2.257181757632726049e-01,7.940348848899357215e+00,2.545613847140077990e+00
1.509219599840720683e-01,2.197034731467341628e-01,6.860085951581352814e-01,7.980889400303684766e+00,1.934008976059903739e+00
6.950748558371886432e-01,3.792097502996814029e+00,1.871961480468057326e+00,2.516012962502067740e+00,1.643141586996691883e+00
4.138181014926579637e-01,3.772067641464601717e+00,1.916958676094469460e+00,1.937956635064068678e+00,2.125266465451506548e+00
1.563651131501760494e+00,2.607026082785778520e+00,1.556179714157554406e+00,3.428866743132689798e+00,3.789142140582456797e+00
4.517708311130299581e-01,3.031714708390993440e+00,2.683199805605285260e+00,3.817529290027131150e+00,3.721664442758791935e+00
4.828509744101280310e-01,9.905944998056520623e-01,6.192113103868093660e+00,6.097318680908068167e-01,1.172195569804312498e+00
2.985824521730751635e-01,5.414941682243950005e-01,3.936108083274742153e+00,4.743167144648118949e+00,5.906853586131361133e+00
1.289138119825865125e+00,3.022922657218148679e+00,3.480112601240288317e+00,1.528219621528679184e+00,3.406826336535079491e+00
8.572451985312564693e-01,1.031441196668374083e+00,4.962447669411750972e+00,4.772306694452773002e+00,1.597764860120826746e+00
3.575493909528338898e-01,6.716774027603380492e-01,3.652616734192427828e+00,6.316427295216699989e+00,3.825692588383037052e+00
3.620195321795295351e-01,1.106625079983371895e+00,5.849040964904120843e-01,7.938944428520946950e+00,6.330303125096794492e-01
1.411135921846495389e+00,2.780358795187290344e+00,2.261938413616981336e+00,2.536904816807755925e+00,2.975956377616664650e+00
1.760892799081605897e-01,3.804693972039674410e-01,4.652221576768242883e-01,6.853119777508157817e+00,5.481795356293825527e+00
1.580417201878357436e-01,1.875516598517228128e-01,6.483791939453539266e-01,7.906796727638017330e+00,2.290473995893974379e+00
4.674794481708701710e-01,3.329671684334764237e+00,2.419311308475454947e+00,3.165191887121826309e+00,2.673509192038164173e+00
3.732035998393564702e-01,3.943083120767367777e+00,1.755065991122524371e+00,1.349378584233927425e+00,1.980972144560173120e+00
1.496475835323984871e-01,2.419645609068644121e-01,6.383369589887235573e-01,8.067943996389859151e+00,1.126211320192293641e+00
1.647547144741378644e-01,1.899840183533037796e-01,6.804596514901377624e-01,8.098762450563796733e+00,5.768509665099410544e-01
2.263448368982010628e-01,8.164548870492784882e-01,4.643172926463183359e+00,4.734446061990341015e+00,3.200787711819971459e+00
1.264832295162377829e+00,2.787650360640343994e+00,1.451443762134280835e+00,3.511382379039832635e+00,2.078830890026352574e+00
1.767989689441120671e-01,1.934335538913711239e-01,6.668362068658758579e-01,8.077097971557391176e+00,1.092617617180623002e+00
2.002867327350179139e+00,1.272373146050294945e+00,8.176083740033874836e-01,2.987461634276038502e+00,7.434984334061887523e+00
6.088177458733290415e-01,1.318975231732969711e+00,1.400644183149668098e+00,4.577935417385162964e+00,8.307417716117813100e+00
6.125854501320024958e-01,3.625392057920893141e+00,2.149948338979597473e+00,2.766795919764696965e+00,2.021939287863002477e+00
4.008055027132570447e-01,4.644356617370396512e-01,6.255510488274641290e+00,9.017621007656282384e-01,9.344568900783990495e-01
3.709996071396814421e-01,6.833593203227340540e-01,3.923445258878949460e+00,5.766690853158094043e+00,4.256767934329642067e+00
2.445375813471485638e-01,7.732749947586079475e-01,5.349426370748477488e+00,2.826879291556782636e+00,4.056556662519184009e+00
1.337081655512562195e+00,5.222972026220277231e-01,4.508014327323346393e+00,1.020689864984454465e+00,3.779830886414937474e+00
3.404652002462482119e-01,6.276322464018867509e-01,3.651337580562557417e+00,6.044870569106733704e+00,4.205518071574267935e+00
1.458584526458399866e+00,2.724788924528285694e+00,2.395720125923625154e+00,1.741157978928314698e+00,2.696479948134919535e+00
1.710528250275580309e-01,2.483076275454148552e-01,3.212521466733889719e-01,7.626866032221639280e+00,3.560595530225618255e+00
3.191289565720056287e-01,1.429941255069924644e+00,2.006899684455873079e+00,4.464867206594224314e+00,7.749413189807275337e+00
1.784502191363880608e-01,3.040560752481537010e-01,2.970643477573426394e-01,8.121118871391193039e+00,4.353515157581737682e-01
5.557103014826128007e-01,2.010262829970916876e+00,5.562936327221243538e+00,8.176038591867599292e-01,7.472054469801748811e-01
1.142964219115760516e+00,2.960407883155911080e+00,1.460463910127083764e+00,3.066610907319579749e+00,2.696223149556584708e+00
3.796771168504217142e-01,2.627047977730473605e+00,3.144394371140805333e+00,2.560639957304692516e+00,5.983357405186163547e+00
1.463455102179462564e-01,1.675924413816202996e-01,5.582915621340421852e-01,8.091648055425887165e+00,7.725431927867096871e-01
3.929859515748386212e-01,6.951434256037846149e-01,4.613859181127246245e+00,4.324372699754694516e+00,4.658699170480915974e+00
7.615082192332969235e-01,3.631040374991029829e+00,1.364401488681063146e+00,2.881744031472579959e+00,3.005571924487651092e+00
6.454213094375860216e-01,1.572698094924465329e+00,4.197455969713618451e+00,1.770198311650811762e+00,5.870835531217552195e+00
4.006282054593606201e-01,1.724208103366597689e+00,5.537500702895151505e+00,5.557410263061391964e-01,2.331568920345190588e+00
1.646918068499944932e+00,5.327370864563755193e-01,3.536874274941627760e+00,1.005320367511349122e+00,4.970321600057370226e+00
2.384892510185809555e-01,3.192321508825595178e-01,2.227772739263175206e-01,8.093464139662209789e+00,7.853817739769941575e-01
4.450629107154840947e-01,8.865534764200708739e-01,5.131375095425425137e+00,2.949424430188577695e+00,5.029334915746025203e+00
7.446775973600139320e-01,9.341109155970326317e-01,5.032840061314686864e+00,4.385738265277222325e+00,1.621821763343500367e+00
2.861712377177578204e-01,3.409512410520433856e-01,5.399722478628312672e+00,4.129562666893336953e+00,7.068108597237464652e-01
1.865862615155706061e+00,1.541965279160072866e+00,1.150856307246828969e+00,4.424342488367146942e+00,4.973983635313972584e+00
1.142622100310993094e+00,2.434234595058991868e+00,2.409712367367793817e+00,3.828198087703751806e+00,5.051746014873873314e+00
1.767189840890680319e+00,2.252195707230876032e+00,9.086008421776746724e-01,1.905411559246850794e+00,6.291780052085549357e+00
3.885668376410598701e-01,4.826965192766928259e-01,6.235248499029211189e+00,1.345420373179987639e+00,5.928611019786049763e-01
5.557906823934405383e-01,2.050159978708623765e+00,3.545148720185495428e+00,6.197751091352869501e+00,3.438709969377508280e+00
4.057522314176466027e-01,2.818095073243680027e+00,3.920365415492266248e+00,2.708838384315241488e+00,3.876410648996098107e+00
1.441294150300622912e+00,2.788953463854607850e+00,1.986720160833282955e+00,2.509098409279187702e+00,1.901123498871540418e+00
5.406990000381913797e-01,8.940206631839604512e-01,6.154610247746521434e-01,6.604561233229153672e+00,5.844925606095616288e+00
1.218692245008091257e+00,1.689622498365833669e+00,1.752216787317684377e+00,5.441147564079666488e+00,5.954574327315032001e+00
1.777387961177870901e-01,8.401599634702963115e-01,5.805796471381461377e-01,4.927560612035495780e+00,7.891368645677450111e+00
9.336711590806456851e-01,1.039639683082126842e+00,5.449327879432457777e+00,1.137031434994568935e+00,1.988960916538646151e+00
2.083364821925166588e-01,3.589397979132145089e-01,3.356820239352505397e-01,7.702701316300010426e+00,3.318303502749202494e+00
1.204247621794818368e+00,2.021876576573329753e+00,1.110309705339401098e+00,6.008309203865577430e+00,4.226440318133583673e+00
5.561872031067915945e-01,3.178861721589062217e+00,3.282188568219131408e+00,4.631148878888009079e+00,1.154826831749555138e+00
3.976095911283764606e-01,4.226529612574648986e+00,7.895456029856576796e-01,7.728362032525060155e-01,5.465970685845953358e-01
5.837042709360942272e-01,1.739487291706403482e+00,6.624337597380443032e-01,6.511749064229329420e+00,5.178786948553722347e+00
1.686718584795557363e-01,1.817292353359334367e-01,5.107972259270221471e-01,7.983139537751150705e+00,2.198285704457324741e+00
1.538353918377730389e+00,2.416560073836724332e+00,1.095600753307480080e+00,3.736729761591202958e+00,3.141038445557180037e+00
8.061196970741719703e-01,1.607553185971749343e+00,1.425001103608202424e+00,6.523956098413283833e+00,5.489428738124406237e+00
2.167859613490252246e-01,3.266289991720384700e-01,1.750784945886817157e-01,8.086825546960582756e+00,1.333518577577808895e+00
1.523140776332514712e-01,2.445339752133772193e-01,1.365216105542189640e-01,4.855659154099051023e+00,8.186928991814829359e+00
1.446123546620780465e+00,9.398536695773294092e-01,3.023538551985094358e+00,5.019117987019173555e+00,9.535226900638774650e-01
3.249253996018611201e-01,2.851500279083762357e-01,4.471994809417858541e-01,8.224843290499590509e+00,5.934152256046468787e-01
1.256034638164589268e+00,7.618065117653788354e-01,2.479329914516346545e+00,4.178207621614626888e+00,5.548269504278519726e+00
2.514488591075918489e-01,4.284980507807449879e-01,1.635766277822970349e-01,8.103214801358472386e+00,4.830357205224928840e-01
1.921708971064670368e-01,3.151500614954363400e-01,2.461713046306871489e-01,5.677972063561673721e+00,7.426348517353064338e+00
4.545402216286386632e-01,5.783508116150096745e-01,5.825339337419573660e+00,7.098154873230699824e-01,4.252648917045790178e+00
3.987529409761924049e-01,4.440767542086336284e-01,3.897891243028848152e-01,7.087740361721530213e+00,5.665144742209579753e+00
1.641653004381351311e+00,1.037528200020422675e+00,3.013498001014891514e+00,1.733606742933685663e+00,4.751576564516807544e+00
1.748155942481646186e-01,3.210005965033856934e-01,1.396890645513558238e-01,8.109946744393456086e+00,4.989732496308025844e-01
1.688024620613074178e-01,1.817834481108052125e-01,5.103139124214600697e-01,7.978127932108685094e+00,2.228427029803375259e+00
5.486906041672103829e-01,5.997996877293095830e-01,5.641424592496801615e+00,8.252108792431656070e-01,3.712409543117622057e+00
1.227762179380495144e+00,2.507438118019107431e+00,2.246126006122398433e+00,3.577995226484687041e+00,6.297402249813426778e+00
2.951920509532827697e-01,2.617587505466270059e-01,4.874488318072883741e-01,7.877297837547399872e+00,3.134021855991385497e+00
3.513347801464424269e-01,2.221573229081466927e+00,1.683141121132157192e+00,6.740468052612419214e+00,2.849956949814204332e+00
3.308687554168361356e-01,4.966117484737497256e-01,3.597395925390939331e-01,8.058815779821056680e+00,5.697649385711081038e-01
1.000705723505572298e+00,1.975715698726077996e+00,6.385912634681197853e-01,5.150065267670504987e+00,6.104311223624248939e+00
7.858768851655431043e-01,3.312993053715998393e+00,1.013939906886214715e+00,4.632548269443035771e+00,2.203032429626796240e+00
2.656902746197984388e-01,2.267971244114735663e-01,2.025330633591408414e-01,8.024057795603241061e+00,1.951886274651461806e+00
5.908242184791141494e-01,2.702778644553514020e+00,5.996877486434792903e-01,5.916558920455350368e+00,5.623351133315468431e-01
6.536739450390145478e-01,2.315961998347810358e+00,2.010014028339921932e+00,3.185134399520767268e+00,7.610242687152751984e+00
4.003073804950896264e-01,4.205129191279894485e+00,1.010686001213269680e+00,5.077662852651314562e-01,8.246598936235890465e-01
1.744208648761833846e-01,3.214012223196516804e-01,1.388359443135852578e-01,8.104635716113433475e+00,6.493611163323967927e-01
1.788326899572781070e-01,3.835519782849760029e-01,3.387940861513927260e-01,7.276676445663121662e+00,4.543940814312332321e+00
8.259295212116042340e-01,3.167810674524803805e+00,5.092466072073527084e-01,4.606103872166350754e+00,1.391266747376178170e+00
3.392565889462491602e-01,4.385411570384972757e-01,2.063854152661473318e+00,5.702209368434987269e-01,9.823660431339588328e+00
5.781350354827021754e-01,2.425887086068752474e+00,1.105877252929066357e+00,6.728743387707438295e+00,1.234487157538353586e+00
1.990875842187532219e-01,4.367612469670695829e-01,1.679385376412254327e-01,7.835330073592479572e+00,2.662631596958714209e+00
4.112951163206363669e-01,4.186340562014779998e+00,8.084115001302447645e-01,7.789532094477964463e-01,1.958385440512602660e+00
1.095619187123167082e+00,3.454385647318529706e+00,1.567971355061768435e+00,1.059582038724794284e+00,1.378329520369015126e+00
7.482578089654732256e-01,3.794869564281222019e+00,2.897619790332381484e+00,1.587159650050446347e+00,1.747302582580655184e+00
5.276222249802767772e-01,1.976647335100664593e+00,1.711814823720874790e+00,6.969942681753626523e+00,3.540117322734226413e+00
6.336324965641426665e-01,1.183375470916292027e+00,1.481643606535280711e+00,7.111044031336255955e+00,4.263814052860896986e+00
4.070469298850095674e-01,3.988735738361321559e+00,1.816111089198922723e+00,1.377685538855486502e+00,1.767304921687854691e+00
3.710801830418728464e-01,2.725710811131276223e+00,2.775433028613678133e+00,2.170649582579976311e+00,6.615401457140746011e+00
3.051992742496638655e-01,4.078604967557519778e-01,3.920304049278248826e+00,4.433462283598822218e+00,6.195422825378133602e+00
3.077724883215923191e-01,2.306637032455448377e+00,2.896799259939426996e+00,2.199627395400360896e+00,7.060209615236682446e+00
6.908630322474386132e-01,2.111286050489505239e+00,1.005195853700360908e+00,6.641452711188810198e+00,1.101460053154816432e+00
3.325655597892902549e-01,3.090147920747722043e+00,2.293816863041955756e+00,1.717133642633632773e+00,5.519222533183226531e+00
1.978151029229628488e+00,1.610825984861000038e+00,1.048010601560382060e+00,3.022293450578477536e+00,3.108551991853319318e+00
4.488822675930390083e-01,3.858245427402480665e+00,2.187091148492975812e+00,1.810095830102787406e+00,2.406036359533858970e+00
4.285603335697734662e-01,6.490192966215073689e-01,4.440908141206782567e+00,3.799581357224504963e+00,6.097852654972155229e+00
4.581465152703135812e-01,3.566177494636983525e+00,2.595633108607060091e+00,2.318502763494493912e+00,3.099514923882801920e+00
9.536677681628127345e-01,1.543869439522527420e+00,2.776956733432008662e+00,5.190771173055983567e+00,5.568254042978805884e+00
2.801233078341037741e-01,5.859731917314234817e-01,5.424474621564194798e-01,7.976413363677812285e+00,1.378713738955218870e+00
4.172421500290105500e-01,1.344772521619473471e+00,1.442643316774876450e+00,6.558279138598449798e+00,5.641682761040391902e+00
1.121760968781284618e+00,1.904081671204583603e+00,4.009353245473212368e+00,1.945139268752015038e+00,5.227278971112069073e+00
4.651422441449680201e-01,3.894574143818915424e+00,1.804168102280805375e+00,2.675993189197842792e+00,1.916591391950829060e+00
8.359678671181212106e-01,2.232985963767292414e+00,4.187138742492233945e+00,2.909532046573094277e+00,3.667476414241751748e+00
6.448912657678317339e-01,1.212957428182848574e+00,1.521166978966893346e+00,7.338197928353237032e+00,3.463597583545352521e+00
3.266163613474004634e-01,4.115624127156941592e-01,5.172781704445974515e-01,7.667618708201973554e+00,3.253251924396047379e+00
2.764502824654874180e-01,3.911023663590952326e-01,4.023026075833410431e+00,5.709456863133885562e+00,3.946450526190881991e+00
7.818204676747091408e-01,3.386320894390561165e+00,1.685137516962673887e+00,3.015830106242793907e+00,3.637734398979915795e+00
4.155675359103444544e-01,4.058469740655604063e+00,1.089966235419985496e+00,2.269425534076305873e+00,2.177300965197388916e+00
5.773519220068872304e-01,3.583361989426813832e+00,3.068040965420548716e+00,2.401621123493014487e+00,2.829246269753635801e+00
4.208651016108195253e-01,4.204165441340149023e+00,4.726278461342821591e-01,1.679626048000269156e+00,1.291851522202909663e+00
4.476503163222583792e-01,4.055870412293249849e+00,1.751458324135579669e+00,1.455984834974620057e+00,1.745323639343248523e+00
5.503320893311800521e-01,4.177025523703195020e+00,1.247125132300331618e+00,1.639036740962104943e+00,1.888609487277181476e+00
1.985503972855134358e-01,2.787623393567865149e-01,2.035822250742299055e-01,7.874598758033516610e+00,2.586030841829710880e+00
8.091783381996517921e-01,3.584588056830624758e+00,1.010038924596968979e+00,2.477183560958632569e+00,4.497012657455194073e+00
2.983982495318387995e-01,2.475081926352077577e+00,2.092800845365398565e+00,1.344896640177841496e+00,7.510687600187301527e+00
3.890815435609834005e-01,4.193527644945697297e+00,4.763486302649447834e-01,1.380359217438598352e+00,1.203244685147669468e+00
1.571345751256020273e+00,3.430821260794727490e+00,5.930901491648359336e-01,1.268751535505860506e+00,1.927890577324218757e+00
1.408842126960407670e+00,2.167380629463071973e+00,1.064699720764835877e+00,5.063595842453977092e+00,1.682158471979601888e+00
5.164365442384304394e-01,3.220808227630344689e+00,6.195373618457570286e-01,5.105216705339922001e+00,4.326493996665954356e+00
1.648129024819742217e-01,3.255156048725176277e-01,1.344737147703667923e-01,8.096436259497966859e+00,7.722914881319965508e-01
1.696083986787558506e-01,3.250474594156704811e-01,1.429897804206882728e-01,8.091825105892111125e+00,8.943878746654070344e-01
5.692943533691608993e-01,6.446741208272405155e-01,3.991291199374654930e+00,2.497708802660738137e+00,7.182098678521978030e+00
1.186038338710170947e+00,3.382476347420833029e+00,1.210403419179673534e+00,3.230282124758951046e+00,8.718803744572328762e-01
3.573726720905018306e-01,6.012169646043914462e-01,6.148434304749741841e+00,1.260783830334589739e+00,1.755280113450184754e+00
1.448597297709163234e+00,3.194435790637565109e+00,4.881167275699749286e-01,1.335111599510180103e+00,1.124804399989742354e+00
6.343334215028140211e-01,4.057364872799933408e+00,1.216794559505112394e+00,8.879037357104273553e-01,1.082358888081084602e+00
1.251798340016759159e+00,1.815259620281888919e+00,1.689076286847907227e+00,4.863108918340211417e+00,7.228496154699072918e+00
4.181963233338956698e-01,3.540773049627105262e+00,8.422412923056703526e-01,4.482059792181530611e+00,6.718718894110368156e-01
1.519954027830509924e+00,3.407947037624170505e+00,6.914250796390428722e-01,1.051556501414778300e+00,8.710093425707183812e-01
5.000331812816569688e-01,2.553266054461340584e+00,1.565922612352011356e+00,5.780152794650140535e+00,5.234746972899902318e+00
4.729117005498292281e-01,2.872512426297383126e+00,1.202427258973060908e+00,5.376080178021259925e+00,4.799378890643968276e+00
5.537036301869936450e-01,3.088421731543022908e+00,8.624721408821662827e-01,6.426877600905660515e+00,1.408634820588736236e+00
6.192748059682428030e-01,4.471552661888630986e+00,7.839528779357443078e-01,8.445106569961033927e-01,7.622292697244125170e-01
3.392344424429146743e-01,4.678032686884995295e-01,4.024546971918104177e+00,4.274798328228555988e+00,6.487191283515952200e+00
1.136800408272086393e+00,3.288276007550941404e+00,1.635207923500414662e+00,2.877879965674083440e+00,3.266256405135677277e+00
1.012451020938680113e+00,2.457600364893575584e+00,6.205825770285702259e-01,4.419766924311319123e+00,6.521012228723376047e+00
4.049234619369973531e-01,1.768983788034385718e+00,5.515940918141601479e+00,1.114360589757528164e+00,3.044626596591313739e+00
3.755128583611379578e-01,7.455532274390566094e-01,4.471238144760508071e+00,3.840817458372303150e+00,6.140180798611150514e+00
4.682045790672278995e-01,1.095018061175201396e+00,4.905209214600580125e+00,5.093278777589927309e+00,7.105608422050357920e-01
1.064363561191615348e+00,1.706784234300614322e+00,5.137758075041796602e+00,1.765983094629686612e+00,1.525430756105959240e+00
5.586088219900627871e-01,2.849937488033670530e+00,7.825042209431031237e-01,6.750894863218898756e+00,2.322988509762355491e+00
5.646149818989301128e-01,2.807980744348117064e+00,5.344019895299837231e+00,1.131104273182053532e+00,1.006311895605481066e+00
3.163185846687746050e-01,4.409404742959762147e-01,2.400489725375341443e+00,7.507888205210440979e+00,2.501237813463423887e+00
8.077527612365911214e-01,2.037815073069049188e+00,2.829043089063060012e+00,4.444201915304530459e+00,6.893569067538929396e+00
5.083910506353453984e-01,2.846687936715960099e+00,2.218172909345810240e+00,4.470630834098005657e+00,5.856213662584402790e+00
1.464555981713002719e+00,3.002009237980467038e+00,1.324823217750110693e+00,1.984168729771606854e+00,2.332413756871461352e+00
5.426966368525962814e-01,1.740326886666595518e+00,9.761589832276857948e-01,4.485647521750572686e+00,7.661258867153355467e+00
9.599326112085583285e-01,8.050255322458857998e-01,3.952940843251369074e+00,4.876428571610105678e+00,5.486170865464425894e+00
6.412627774017302107e-01,2.670020061497341501e+00,5.302337872316239320e+00,2.276957528579449885e+00,2.924909945296279012e+00
5.994628519660912813e-01,4.151057332096300456e+00,9.294991698680264980e-01,1.884017489360955366e+00,2.006344538070548911e+00
3.510315082548311483e-01,9.605835931982600329e-01,4.748849395050097399e+00,5.361336974267698174e+00,2.260884745743608981e+00
4.789620704240594717e-01,3.480457635909971259e+00,2.730575706994309293e+00,2.465913324361986625e+00,3.352376366057597590e+00
5.272809362567025815e-01,2.058495785006029255e+00,1.835697168101758425e+00,6.805579286145137630e+00,4.541940282333135848e+00
5.234273666717904616e-01,2.691057675082548339e+00,3.625526020141551786e+00,1.477048869599963066e+00,5.426951133725818721e+00
3.490862528441987522e-01,2.529385032176697301e+00,6.457872324990512336e-01,6.836337034780335387e+00,6.457255481436564581e-01
8.353266909618637381e-01,2.081675245439178479e+00,2.771124400849036107e+00,4.361003386881187716e+00,6.780743841235539193e+00
3.800129496306140497e-01,3.222235304441879666e+00,2.250993021897358837e+00,3.649489684501925790e+00,4.579584252926735211e+00
4.404200264619985150e-01,4.162420465942002323e+00,7.391369668756564426e-01,1.923113352664484799e+00,1.503318548870672178e+00
3.934466757034491557e-01,3.538181987245074378e+00,1.583143785584433028e+00,3.246086035475372444e+00,4.043255217832683712e+00
3.948048095783541767e-01,4.028444667894440556e+00,5.021550536015289001e-01,2.404852380393762257e+00,2.482238895789384614e+00
4.411921715970211211e-01,2.826190684112757534e+00,2.549373521705255108e+00,4.076753780200947475e+00,5.440906515279661626e+00
6.815034664541788079e-01,3.135340814478126514e+00,2.778390805995489821e+00,4.803177093781680007e+00,2.469861187650266299e+00
4.943148342019210717e-01,2.190160843281217851e+00,5.336511529142808907e-01,7.150953151199040292e+00,1.939058663979013275e+00
5.461033786680704605e-01,3.252102043834234735e+00,3.045165514518719085e+00,2.979357421742551360e+00,3.852468221117269387e+00
4.237065142677997054e-01,1.679294395911987259e+00,3.898509329318100569e-01,7.618578458454988933e+00,1.111309678236858112e+00
3.469235789006512305e-01,3.876627440855509477e+00,5.899433983897833800e-01,5.843380779125797453e-01,4.186073416850260465e+00
4.493435550653405164e-01,3.692713310038751473e+00,2.442397228403867970e+00,2.121130653294544643e+00,2.822550581213327803e+00
6.508207863882865540e-01,2.120283653104438226e+00,1.001776625911543039e+00,6.462145364296151051e+00,4.116238337182365647e+00
3.956820273184882275e-01,3.100450718318500609e+00,1.587531724928757715e+00,5.361463546172761774e+00,2.389201515395563469e+00
5.861053723224196599e-01,1.495057790441615353e+00,5.951454436594000974e+00,5.150494235309536206e-01,7.019357039505611517e-01
4.398527962199242358e-01,1.713579866679397989e+00,5.541143304223645760e-01,7.481948181036735868e+00,2.460271180410246394e+00
1.367808304447338585e+00,2.151956351870534689e+00,1.706320402943627634e+00,6.367726121927700156e+00,7.705786957538092175e-01
3.964594667706440312e-01,4.226876545930997153e+00,6.398283427864772666e-01,7.028248929097984377e-01,1.118385872191028030e+00
3.328640068510517747e-01,3.233637474496609876e+00,6.457348779869120925e-01,4.909386698387704584e+00,3.162082582229444494e+00
4.615943834279360170e-01,2.530933454884180644e+00,1.819756249666767189e+00,6.016175202788308418e+00,3.866076099943919875e+00
9.150211893306344768e-01,2.569267685843372728e+00,2.077226040879171620e+00,2.973027445452173456e+00,7.318240427871815612e+00
4.450680908577351325e-01,2.585707642248528337e+00,2.284245201849266937e+00,5.109225780724033328e+00,5.361850787580096700e+00
1.981135807532907744e+00,1.640952295341662648e+00,3.311530174850227048e+00,1.231600368361386977e+00,3.317559951900916904e+00
7.786923057598176268e-01,3.504824234192959853e+00,2.127318268416147351e+00,3.584788568463398217e+00,3.276979055645396155e+00
1.885217904671323996e+00,3.277810983151304036e+00,6.624556935019176862e-01,1.288042647051770295e+00,9.940067254195859014e-01
8.626741186364241809e-01,1.699491455923933581e+00,4.651837553827893323e-01,7.417142148784985345e+00,2.931276432621518602e+00
3.432101471578316576e-01,1.816229129125521258e+00,2.043415916956572431e+00,5.505538270144224811e+00,6.202023297333009388e+00
1.279266653483730032e+00,1.892517287992189878e+00,4.081055554872120794e+00,2.735525036240729957e+00,3.493795451092477133e+00
1.063869914907738412e+00,1.750490706398331042e+00,2.387146434582083199e+00,3.834530678947554172e+00,6.323128969631500951e+00
4.087158902289627083e-01,4.201024356565259410e+00,1.113481592419621524e+00,6.105876890685569824e-01,8.819701699763909941e-01
5.091999936390507742e-01,7.597874570575078312e-01,5.413226599382578996e+00,3.180555431549857204e+00,3.895256492086945244e+00
8.970384300448879245e-01,3.517066822003087179e+00,1.397963845823272155e+00,3.356736058210104012e+00,2.709288231599584318e+00
3.324043005665804906e-01,4.779432472479818172e-01,2.254519883143817349e+00,5.202844008902745898e+00,7.568575710643949961e+00
6.279083759922985397e-01,4.479979337393573680e+00,7.362750836343360250e-01,9.682663182642909927e-01,8.040725154379936290e-01
7.902709704913878364e-01,1.591277163969132324e+00,4.767135670531158498e-01,7.686387333200176641e+00,2.388686570949872578e+00
7.071417755231687030e-01,1.408155245578327275e+00,1.513697786911863741e+00,6.334529047151263192e+00,6.026715639692818094e+00
3.707467868604776284e-01,7.515240641453184711e-01,3.543352782250901001e+00,5.595795264542612557e+00,5.645569931130133057e+00
1.148839615417110327e+00,2.024802610836300865e+00,2.469586388021600687e+00,4.123699429701778385e+00,6.139659127238079606e+00
1.134560935094548251e+00,1.219711460568907446e+00,1.153178216480645002e+00,7.214404453814205809e+00,3.129781799494988803e+00
1.139111682898877431e+00,2.637567380169378417e+00,1.766888533908584247e+00,5.505174537400877810e+00,4.183062617503345848e+00
4.720415433106989744e-01,6.784980684449213317e-01,3.535652859467480980e+00,4.815176184341322774e+00,6.441906249071197799e+00
5.391696825493484946e-01,2.836317470373768579e+00,5.192070194088843849e+00,1.325497140947712538e+00,1.248339423980462159e+00
1.107646915064333104e+00,2.998051471878511620e+00,2.717521413948357889e+00,3.761180374121543046e+00,4.828469803760808254e+00
6.165551360977523654e-01,5.394606721992808440e-01,5.323746080276059445e+00,1.633634418233333552e+00,5.064505884412926484e+00
9.565454534727666491e-01,2.281946881813432082e+00,2.789746948499927104e+00,3.929000858842626620e+00,6.154460637960553093e+00
7.681564757300095581e-01,1.241854258406306144e+00,4.912949563336208136e+00,4.262297309394400102e+00,3.140707554516823485e+00
9.510044768193059994e-01,1.429440038383469114e+00,5.585552658881632881e-01,7.669313588213872102e+00,2.258313184010110053e+00
5.681553015358837833e-01,3.128060974206569256e+00,1.037256694786563571e+00,6.126853731773400646e+00,2.539558204257368779e+00
3.822896278972088280e-01,6.560770667980369009e-01,5.741238864737566061e+00,3.763789537093832571e+00,1.446910111046652680e+00
8.462457223007846530e-01,1.332512986856155157e+00,2.847274574064585728e+00,5.597491317215537165e+00,5.761219340646752229e+00
3.250768616643242570e-01,5.037811305628496772e-01,3.094964078313115152e+00,6.515679277263652480e+00,4.553073738045275931e+00
3.351732033414644985e-01,1.294151111499857176e+00,5.072590464659394449e+00,4.076612787574128483e+00,1.740656073841912121e+00
6.894398214144390469e-01,6.211055120327625412e-01,3.275329918828514320e+00,6.102996535619313434e+00,4.096776591455280503e+00
5.634132403362075436e-01,2.529801763034414286e+00,1.952663569628641849e+00,5.259198404744314992e+00,4.835591040585458522e+00
1.312347021045830786e+00,2.728020696958115998e+00,3.247201048457885708e+00,3.079855368867895571e+00,3.293248390920816338e+00
8.835226028525604569e-01,1.979968324440110727e+00,8.940280592991595165e-01,6.960481316841184096e+00,2.358369123308656778e+00
7.127036843645918607e-01,3.406666267197183018e+00,1.735971837701452358e+00,4.761100369568665336e+00,3.511576799997608855e+00
5.854253993813560708e-01,2.307578472791353086e+00,1.719329520313035875e+00,6.070411717478875424e+00,5.134304764252775932e+00
5.946600879409822404e-01,1.124423730661797238e+00,2.667506815106284623e+00,7.192438234131384611e+00,2.619558298809057995e+00
1.786889070279574332e+00,3.086521638292215819e+00,7.589462483883152588e-01,1.563774772039139505e+00,1.075772106366554404e+00
3.801415087336947884e-01,5.786128356570425790e-01,2.173757859278360627e+00,7.917906374540021552e+00,1.595238105908851622e+00
1.494071157398127569e+00,2.455530048335748727e+00,2.698405308122008517e+00,2.667526238814731609e+00,3.984310643376782313e+00
4.679243186703273549e-01,1.103048145012657244e+00,3.001881432561396501e+00,6.914399730088976348e+00,3.389799467013149048e+00
4.127073854063141867e-01,5.621776900418643530e-01,4.273084326912122144e+00,4.075203391260158625e+00,6.307755027627253597e+00
1.484354805853781656e+00,2.891171100095678348e+00,9.865974248754528775e-01,4.614795856352470693e+00,1.080834681022433408e+00
1.359843029267934655e+00,1.433760003820720552e+00,1.546401741829821930e+00,6.243087883773669411e+00,3.477693187405979103e+00
3.111774618336373699e-01,6.822679093092693936e-01,2.735619783955415940e+00,7.115469629991564737e+00,3.221548303145093328e+00
6.636319515683389847e-01,1.404527135201182553e+00,5.696174866956025262e-01,8.010845486736910104e+00,9.485090076670716908e-01
6.612934903928998631e-01,1.341007333281976521e+00,4.838469019812075000e-01,8.054623467365289002e+00,7.869169184695899988e-01
3.631551154536837300e-01,2.484583142374317821e-01,3.772516825729846923e-01,7.831708367777065583e+00,3.265640960105231638e+00
4.939543805802972809e-01,1.778919105739247275e+00,3.952797594704378081e-01,7.743414108493347214e+00,7.033172255969124542e-01
4.671474549402595544e-01,1.739841808939893930e+00,5.086745658797574565e-01,7.469640723973371976e+00,2.523518607651051404e+00
4.289483384923403753e-01,1.645541391170419532e+00,3.825718530327745781e-01,7.769253127488395805e+00,7.715877724141881888e-01
1.814400038656189151e+00,8.509885197746732688e-01,2.461946221734593543e+00,3.835508421080367825e+00,2.484594230244770330e+00
6.491934205526666002e-01,2.980288544604838830e+00,1.443450979238229293e+00,4.317209049497898299e+00,5.808587879427403067e+00
6.920077699344926447e-01,2.719576970658045489e+00,8.910125770931476286e-01,6.428564926728901341e-01,8.212333320318236929e+00
1.556454284908975083e+00,2.624849114634478120e+00,6.434246725215694296e-01,5.314292447922657203e+00,1.775017804116325371e+00
4.879429553272895959e-01,1.110542526792327678e+00,1.326860319200381166e+00,4.337457080676013987e+00,8.590725451644081190e+00
8.924661133278998237e-01,2.085450089902825876e+00,2.121666396751858308e+00,3.385659272696128319e+00,8.282390703055675374e+00
1.377437077062701354e+00,8.769197948359607198e-01,5.169462939236734833e+00,2.564615963824837586e+00,1.956759806809341251e+00
6.346651813283704646e-01,2.787929108247396925e+00,3.051935747629264117e+00,3.658489426379035514e+00,5.520107281651513098e+00
1.469546299355442898e+00,2.608690730193025331e+00,3.115954876887458536e+00,4.163180462603969900e+00,8.941829664717482196e-01
8.889581930372174590e-01,4.172055981529056545e+00,1.209572108797286161e+00,7.796396961883014232e-01,6.829714943246913972e-01
6.933955736611643328e-01,3.109176194402111904e+00,8.544795899766881586e-01,5.814258241248507098e+00,7.515695532123500833e-01
1.049044503841223719e+00,2.387897037892915186e+00,1.852411099176191733e+00,2.688901405035333259e+00,7.499344779074975875e+00
5.282483900759900042e-01,1.733283973446986037e+00,1.056064343216691848e+00,6.591873962074253690e+00,5.189585146102221991e+00
9.360818857621584499e-01,2.044499807031340488e+00,1.015563136573234493e+00,2.257890485724434182e+00,8.287553183506492616e+00
1.328547137302720893e+00,3.036847684152447879e+00,1.537379322389411662e+00,4.278155260110011682e+00,2.056932114209043760e+00
1.213795351060285022e+00,3.173336873082704734e+00,2.893220471720926223e+00,2.491681942804857108e+00,3.816030193198440390e+00
8.212133162627570648e-01,1.897134232838591394e+00,2.678379441204011613e+00,4.363677439061983243e+00,7.249615942595958096e+00
1.009590473125501653e+00,2.354482014596048334e+00,2.027180208904925784e+00,2.996373409464888393e+00,7.818409759603066611e+00
1.283130813188672059e+00,1.929800365532713391e+00,1.042006971010534189e+00,7.975011344764533217e-01,8.444122533210997261e+00
1.315569214536297604e+00,3.730248556167939711e+00,8.013943153269545983e-01,1.843774112113374830e+00,2.043803998810077349e+00
9.116817631405358391e-01,4.159975720596801096e+00,1.297009694819749148e+00,8.727523995501467180e-01,6.605505294740648958e-01
1.803808471506990196e+00,2.626767305315178991e+00,1.071716090762144358e+00,1.533500889074612017e+00,4.543997263004903253e+00
1.471684104381829616e+00,1.668700590752672630e+00,6.585179913974483767e-01,6.313186627894951108e+00,2.374338779662230614e+00
8.989248357692392055e-01,4.015411776702857871e+00,1.488757256369410475e+00,1.088387661633891002e+00,9.346196969389410913e-01
1.285007731890352334e+00,2.348629396668354463e+00,6.392630496903439763e-01,6.310027844691263432e+00,1.245648913911860722e+00
3.756373027696134903e-01,1.090797321184138857e+00,1.045237837821667792e+00,7.463888234355750662e+00,3.970837713765573707e+00
1.756002441422631843e+00,8.751153215268785424e-01,3.425947859713388333e+00,1.756734862107347972e+00,4.972747570749952217e+00
6.695380646817081782e-01,5.467653287529129491e-01,4.143580059007439531e-01,7.574877676857177278e+00,3.960134680662937168e+00
9.407478481568682938e-01,7.263789221778254035e-01,1.742028525735250799e+00,5.721558961253942144e+00,7.043367852551376096e+00
1.362229954015825140e+00,1.666774518101796332e+00,7.020087218024433362e-01,6.512467948925596772e+00,2.366401966560488290e+00
2.033127211423589209e+00,1.693780990147624843e+00,8.508207078822782599e-01,1.363878624280072671e+00,3.514250747403532937e+00
1.575339556523395634e+00,1.789725894794308880e+00,8.979581382159136371e-01,2.048215368189767904e+00,7.640848380537918594e+00
8.066959989337048054e-01,6.866752435245033759e-01,1.625739183565284129e+00,5.520668714345762673e+00,7.321204950615505247e+00
8.864281604310391138e-01,7.598102222406808437e-01,5.768878107304175273e+00,7.967070707884212899e-01,4.648191147933760092e+00
2.102775927187022553e+00,1.432818386093474228e+00,8.035078023755897192e-01,1.784257859267457169e+00,3.210298469751688533e+00
5.019801608364807821e-01,4.396182242928023953e-01,3.888093793158029499e+00,6.479395414638325690e+00,1.980692362805932527e+00
2.682132362556352567e-01,4.570335857844584071e-01,2.944737939877512645e+00,6.724739957050100081e+00,3.881303761155343146e+00
1.818286145329283121e+00,1.784781282503147049e+00,3.771800189351417032e+00,2.244472930029266511e+00,2.066693352397257488e+00
6.131620951785587970e-01,3.740549743759519874e+00,1.056082899898314054e+00,3.436634475510880193e+00,3.586628994915263657e+00
1.577566475152040848e+00,6.678087075016783114e-01,5.180413137095229104e+00,1.367575017316713826e+00,3.752760533257747610e+00
9.853385109157191124e-01,7.867639729089528355e-01,4.093505708654062936e+00,2.446520816309310842e+00,6.906131744177770315e+00
1.765759208272404956e+00,3.258907126352739159e+00,6.096135640774580366e-01,2.045421032594977984e+00,6.817867623028612822e-01
1.397980614380566866e+00,1.787594398869805090e+00,2.987182760850187968e+00,1.463269251970470641e+00,5.911211724722420513e+00
1.177031501348123399e+00,2.927030753492502857e+00,2.512356699683412131e+00,3.932346714787251507e+00,4.909634926559022894e+00
4.774141441634002225e-01,6.043622666415069400e-01,4.449980785896218372e+00,9.325465340875643827e-01,7.819776568009505269e+00
1.750061335920191752e+00,3.191430664847814569e+00,6.283686504156902330e-01,1.898256758615745499e+00,8.073345342667039848e-01
5.765437174426633060e-01,2.668438572769452843e+00,2.520673935420311373e+00,3.748256349631122308e+00,6.666330078613092347e+00
1.448231393855843985e+00,2.255113058400508574e+00,2.756088662107307741e+00,3.646309213388531312e+00,4.581689584574269780e+00
5.163805148520581589e-01,1.550927074307938192e+00,1.126339716335260865e+00,7.077889888648118522e+00,3.481105025931610086e+00
1.711456538149803475e+00,2.472727788222166545e+00,2.674672111170269151e+00,2.442331185221428669e+00,2.536575907411862119e+00
2.099058319000127515e+00,4.918750967650504236e-01,2.091222255646929984e+00,6.215795471757918911e-01,4.467376140245694849e+00
1.378108162596135333e+00,3.269067775006839316e+00,1.020533767601103925e+00,1.325259203736570246e+00,6.826888513134493408e+00
1.338937632511104203e+00,5.209245551266499241e-01,3.444964675430431278e+00,2.773856218993027145e+00,6.950833437590056896e+00
1.104231258686652950e+00,9.802533504654533658e-01,3.798973355645524741e+00,5.637160629036204185e+00,4.366751184915028006e+00
1.212661309277855093e+00,2.516097984441310054e+00,2.208667589811034837e+00,4.626254277235103629e+00,5.146601466848497175e+00
1.006389398875199959e+00,6.239412403165605081e-01,5.420207086279069664e+00,1.440408191870079957e+00,5.377279150436987010e+00
1.741305233710006117e+00,1.261229105330193390e+00,3.050878402495086572e+00,1.573959851648340402e+00,5.523598883460288711e+00
1.905208087075703549e+00,7.954241012645888453e-01,2.148506296439357754e+00,4.801178353080126193e+00,1.916556556563495217e+00
6.343519535380210961e-01,4.402865015049161057e-01,4.397187095534178525e+00,9.664324694631433177e-01,7.356215435176420847e+00
6.379247333333373238e-01,4.672454205668407634e-01,4.479021656339797097e+00,1.059206634141571790e+00,7.188219609129759213e+00
1.272476746034035155e+00,2.536587320071317819e+00,2.294741929670619296e+00,3.468170142957625490e+00,5.347493180457261630e+00
1.717490440985013800e+00,2.023861460717743199e+00,9.812466873155110125e-01,5.603416925362071588e+00,8.893776694407722339e-01
9.256588698873531307e-01,2.073247274720647404e+00,2.648279816508981810e+00,4.851278310866657506e+00,5.819153068844181931e+00
9.445724685189227365e-01,5.144586200767826689e-01,4.813695146446994144e+00,9.214150563302554442e-01,6.116939342212483588e+00
3.814990238457107719e-01,4.990844306684677489e-01,4.932019892134506200e+00,5.049333573916083395e+00,2.761224199815272229e+00
1.216252950691922852e+00,2.709578210810642318e+00,3.006847516988837565e+00,4.642616360768913708e+00,4.198307763044729413e+00
1.168035696917705701e+00,2.016034597505513837e+00,2.458580492585848987e+00,3.271103929123237108e+00,7.803539315468550619e+00
1.486372337023555090e+00,2.639860849554213740e+00,1.690854228850839025e+00,4.785661663705376156e+00,3.159272878611536495e+00
1.217223973403011250e+00,2.316209914081449384e+00,2.425840211772322785e+00,4.235507500563258532e+00,5.479507075660155380e+00
1.112036671979109936e+00,3.138809822153582729e+00,2.516901011001368538e+00,3.958695916817913663e+00,4.257962791717596396e+00
1.054658226712898550e+00,3.332831154430347276e+00,2.057418220943651122e+00,3.745359089177582756e+00,3.198390227957014886e+00
9.251803099648299167e-01,5.140144601559052395e-01,4.738244622062863343e+00,3.779693955403605088e+00,5.579729666019026091e+00
9.157559166594984035e-01,9.300642162913734801e-01,5.736171447171032334e-01,6.374255766808887280e+00,5.222465139348853924e+00
3.066941331869365017e-01,4.890566268670201167e-01,5.390911209346390898e+00,1.997439211847376939e+00,4.622106174234598797e+00
8.779322206266924056e-01,7.552629414789292506e-01,5.777227383704631514e+00,7.803296909363650613e-01,4.663054417672039875e+00
1.340035787376848475e+00,2.320876982053292181e+00,5.192581857425621061e-01,6.292373144726303380e+00,1.130897182057355455e+00
1.409246492751101698e+00,1.964537318782145325e+00,2.141911467953494963e+00,5.133274399728273707e+00,2.915561224475535340e+00
6.820882490085444783e-01,7.433904413285221668e-01,6.280893206820965524e+00,7.372369992486746959e-01,6.695641443691644490e-01
1.276835676794670249e+00,2.058252331494024201e+00,2.073071271510046110e+00,5.550540754189349890e+00,5.178826676842276377e+00
1.728659767226705002e+00,1.979954417081456253e+00,2.590912450580927118e+00,3.844442352572468025e+00,2.662443551856195523e+00
1.866075073270126783e+00,8.618602081060147135e-01,3.113635349079136194e+00,2.910138186049990416e+00,3.774029333854985513e+00
1.482826364320035673e+00,1.344506539803926426e+00,1.527416001613427721e+00,6.008373932656041028e+00,3.149211228896322989e+00
1.277705282881487880e+00,1.294339210541824103e+00,9.668037272351894806e-01,6.654256858369680394e+00,3.880755916790409543e+00
1.016557272263278300e+00,2.376780698679101356e+00,2.807428922733233634e+00,4.546043880751789779e+00,4.387512526402563395e+00
7.723951789836570603e-01,8.181311539209795702e-01,4.180612248446831103e+00,1.548188560895948251e+00,7.974686731130708139e+00
1.063139531230943069e+00,4.219606302062356429e-01,6.783465421368797266e-01,7.646457559399336468e+00,1.637666013478893845e+00
1.137410177576736903e+00,6.666768618461891283e-01,1.206316819523273187e+00,7.480742038981968989e+00,1.083765801886547253e+00
1.814770249964151816e+00,2.658351969806727944e+00,1.199906185598747399e+00,3.665285410204357053e+00,2.571948042444425209e+00
1.644495033840622122e+00,2.571009627035317990e+00,7.860400266562554972e-01,5.457793670717139278e+00,2.649158131798458271e+00
2.267905520368862948e+00,1.010891872074367592e+00,9.696821219312188322e-01,7.189814841479751362e-01,6.301063737288734590e-01
2.050673528531107515e+00,3.000906890473700184e+00,7.809078963931754824e-01,8.183042052531184218e-01,1.957865681262320745e+00
2.182579596388410703e+00,5.003339060600666688e-01,9.362351564297993756e-01,2.572046770126799498e+00,7.476760491601187608e-01
6.821810930207041768e-01,7.149963427901715463e-01,6.250275722038916015e+00,8.361718886095179659e-01,6.578325942768292744e-01
1.079302174990184771e+00,1.948491473990643374e+00,1.594382403339705601e+00,5.946320567321980555e+00,5.302102198771983410e+00
1.256390264670538048e+00,3.471029752015521996e-01,8.171951809871307315e-01,7.219300863194369811e+00,1.310889731706270434e+00
2.062235341936120570e+00,7.969051948301356658e-01,1.701665897737785871e+00,8.816498375972079415e-01,4.201363430494274631e+00
1.315957938402603666e+00,1.794626147244717140e+00,1.592043079295891950e+00,5.452044169790326578e+00,4.842565077861174849e+00
1.081777800808664480e+00,2.688601241311835643e+00,2.629484654346158301e+00,3.802175545794450606e+00,5.596097475370667595e+00
1.000706683793437968e+00,5.628308401497492675e-01,5.421500900586912586e+00,1.425387810254380661e+00,5.348524117326287630e+00
1.826909170493814072e+00,5.383308736404737171e-01,8.763526571161501799e-01,5.990029069180467403e+00,1.564239567907718342e+00
3.858506539131144608e-01,4.090838505534831748e-01,3.534634959588669467e-01,7.554427427683648055e+00,3.984399038120033154e+00
1.023425639807320486e+00,1.434310960498656140e+00,1.384394166971201656e+00,6.101481019441977516e+00,6.067017520271556386e+00
1.322001208510550585e+00,6.960872418305894538e-01,3.498825398280505539e+00,6.664769545831507047e-01,7.253091348269939509e+00
4.514378757126634167e-01,4.789446782263390712e-01,2.184761308860477591e+00,6.167781056576521870e+00,6.049596279004121335e+00
1.178187685585008415e+00,2.532305836607895877e+00,1.692297645392081717e+00,5.478580011676148054e+00,3.537482062078565193e+00
1.473843971735465441e+00,6.864761110326988991e-01,1.140676546917028578e+00,7.013451702560674406e+00,2.644361981376072368e+00
5.968045476842142039e-01,9.701349124598819262e-01,4.539983259855345565e+00,4.858553789408457391e+00,5.173544770745666099e+00
7.908864790378834497e-01,7.375345084789517447e-01,5.807857609217076167e+00,7.691026891039938196e-01,4.340466222264711682e+00
1.651526750065843707e+00,2.183179728559863086e+00,1.134400235395781165e+00,6.114064941033212186e+00,8.813944903669617137e-01
6.369645003412349737e-01,1.263841207922810961e+00,5.368688269974486005e+00,1.324451319646859471e+00,5.189502035700177096e+00
4.389007259339117728e-01,5.854886862383575918e-01,5.882854247896975863e-01,6.944582973677633220e+00,5.281778862618700110e+00
1.549823268630778461e+00,1.146606554710919212e+00,6.781136989626455058e-01,6.378602598409845115e+00,1.945068174435292452e+00
6.707765383933549375e-01,2.067114803256913103e+00,1.354111083117210290e+00,6.827820484777977761e+00,4.471245649864355798e+00
1.516204238634234702e+00,2.771612922156635239e+00,9.809391665612344768e-01,8.925985810116225938e-01,5.945328665218439390e+00
1.606608626010933349e+00,2.463395723457195263e+00,1.984527990267899611e+00,2.859958663321954031e+00,3.669359321160773124e+00
9.329315967801160570e-01,1.584442728655309995e+00,1.648157185853868612e+00,5.564122366235812578e+00,6.132178994387992077e+00
1.276630249069105494e+00,1.277614503060337192e+00,9.456688805739823511e-01,6.665426990380650452e+00,3.835185057590391189e+00
1.474367767045257516e+00,2.328495741338636904e+00,7.400746385880380140e-01,6.052699784943789574e+00,1.500666163011902698e+00
9.283431877752135186e-01,1.645332311868291431e+00,6.074573840896564381e-01,7.165993392742146639e+00,3.450316994716051688e+00
1.649943082774905756e+00,2.606857397580227165e+00,7.500773497816654034e-01,3.669648885077469114e+00,4.189287209985280924e+00
7.190235171787673352e-01,5.284901336064413702e-01,4.492472508222958183e+00,4.075217509933454885e+00,5.717162597038712768e+00
1.864319092110999776e+00,2.291456629713209736e+00,7.177663854326262749e-01,2.974655861787203648e+00,4.211837822409165710e+00
2.074587233582914525e+00,5.799585816662642390e-01,2.188675774989184308e+00,7.164655002013335938e-01,4.587461982534136951e+00
1.191641935974632194e+00,2.232604665569838165e+00,2.454397060687451670e+00,5.567557193353049882e+00,4.946202679291985760e+00
8.305164811907380651e-01,4.123804318444012629e-01,4.527215638483734317e+00,3.206593373660834967e+00,6.298708875191444179e+00
1.902121349721574095e+00,5.443908638357459751e-01,1.489833587801883130e+00,4.894386653655989683e+00,2.462373460559996730e+00
1.779987789267461817e+00,8.276395069494273393e-01,1.898292801409089403e+00,4.111503946851650326e+00,6.011529990174589777e+00
8.896612686424150152e-01,1.643206584634100187e+00,5.231469761719066414e-01,7.173690669590045310e+00,3.805550543967744836e+00
9.833271953451667713e-01,3.399366226663232737e+00,8.843981290825481123e-01,1.031503783744675884e+00,6.673577185576453630e+00
1.386937036636969767e+00,2.641043887408153434e+00,2.489124035556968373e+00,3.872819929215921775e+00,3.781016699336711806e+00
1.709299214956400137e+00,1.688046481364775753e+00,1.253258356332240364e+00,1.125227041246719795e+00,7.052718444019250299e+00
1.263997641469922550e+00,2.761585611084536040e+00,1.192054429283614603e+00,5.642786648117390946e+00,1.919151366080324328e+00
9.639051274674474978e-01,2.094275068006980600e+00,7.198333599233406321e-01,6.936853722630228702e+00,2.033184783393861217e+00
6.225953141467888141e-01,6.641079217156410364e-01,6.112509658377966559e+00,5.365977348924294565e-01,1.828131874003368740e+00
6.716234200293047518e-01,6.710946857498700791e-01,6.182149420820999275e+00,1.046462477924184897e+00,8.315383017956962108e-01
6.654567872015867414e-01,2.207296557178286989e+00,7.945206871835973628e-01,5.656155274759498752e+00,5.382726643534724964e+00
9.091902302212254705e-01,5.745130683394908955e-01,6.095151590129929353e+00,1.161514458039810904e+00,1.292776021785652762e+00
2.238061274593083905e+00,1.488556695568064470e+00,7.015112528374943812e-01,7.183807172028823240e-01,7.994099881057075141e-01
1.718628642605793067e+00,2.435410494185433983e+00,2.181948712665153778e+00,3.102585621852740783e+00,3.523231444325527928e+00
1.712201002842974829e+00,2.461858405999214128e+00,1.936241162001166582e+00,2.137239419253027073e+00,3.992921841829292440e+00
2.138204738747136346e+00,1.044124830043059893e+00,2.548368060487478548e+00,1.050296636266463413e+00,1.048364545443836171e+00
1.532451234444333954e+00,2.508997565171109390e+00,2.474189771570051821e+00,3.591015192800021794e+00,4.071712176826641993e+00
2.010735464731565170e+00,1.375305262956578733e+00,2.998563399957224540e+00,2.773978098610666798e+00,1.732356724575681461e+00
1.267078026265602730e+00,3.112647799321694553e+00,1.384454161856345067e+00,1.023190570906287178e+00,7.187321266930040586e+00
3.819093273047434178e-01,1.136754330994540485e+00,6.381515475125575376e-01,7.364572128538151574e+00,4.412301909432716940e+00
6.384050809608518007e-01,6.951168242675984654e-01,6.106241959308862377e+00,5.874762265556943142e-01,1.715123161771586080e+00
6.657161291908826328e-01,6.684628531772039972e-01,6.136651358438018455e+00,7.047970248425012851e-01,1.514885217085761848e+00
7.034397896521256133e-01,6.736508843897770493e-01,5.906663652806368070e+00,7.465117422318505724e-01,2.988385919243042643e+00
1.479819154598345232e+00,3.516300536445451819e+00,1.341597810889140874e+00,7.515057517641956508e-01,2.189554114949023855e+00
1.642666291238448872e+00,2.372849767489712658e+00,1.373811729706809093e+00,2.562107954354581718e+00,3.591176773115589249e+00
8.515406692961589030e-01,3.580290306113353971e+00,9.250386163357546820e-01,1.633352133445864940e+00,6.036442782955601771e+00
1.081459588550745865e+00,2.099774598305492290e+00,1.970145374720183806e+00,1.787801392611558349e+00,8.218325027409365546e+00
1.631682709226618844e+00,1.399851702600471759e+00,8.372239949190879438e-01,1.133200073264134522e+00,6.710995113108032761e+00
6.026903311065012758e-01,5.291867431521791731e-01,4.436862233378231046e+00,6.020273205061991817e+00,8.937078675765532942e-01
2.865442898559878993e-01,5.488693727084463791e-01,3.111247877814330431e-01,7.169440576393278697e+00,5.186395694033580028e+00
8.118533254296994572e-01,1.009768041459914834e+00,5.495713747667048565e+00,1.097201746841382608e+00,5.182449703133479524e+00
8.357253242388449355e-01,2.058498622875450934e+00,7.226822533979715413e-01,3.590561108534623624e+00,8.540734086137751646e+00
1.995955706311379751e+00,1.121822121185626742e+00,3.198640861490991583e+00,1.580393246233282367e+00,2.103636033162289198e+00
1.040137106963758828e+00,2.329054668666842076e+00,1.847405512332441546e+00,6.684997965020265553e+00,7.972174903418053349e-01
6.228697168871690781e-01,5.355593008610428640e-01,2.163637417410365416e+00,7.105997590240054507e+00,4.282517061048352502e+00
6.328776845201431467e-01,8.901505566508919332e-01,4.870992810608465007e+00,5.650247829478506567e+00,1.068893157573381325e+00
7.576394555337547798e-01,3.288570523592416084e+00,2.334819292527452461e+00,3.218559580785579133e+00,5.386247808750363575e+00
4.469547593411952735e-01,6.112371563595936363e-01,4.767108025997121246e+00,3.358521872234164540e+00,6.044666153282639343e+00
7.065228272998322900e-01,1.960273844878339444e+00,1.346791655291201595e+00,6.897800047671655221e+00,4.073175732308649266e+00
1.031044251292653868e+00,3.347116200278015263e+00,1.229520538663838591e+00,1.419913751756239018e+00,5.867695454436882230e+00
7.082835669648074317e-01,1.247735071327995104e+00,1.351881107673165161e+00,6.684383700824463759e+00,4.426489922461073867e+00
9.240569092112163041e-01,3.847020161360329205e+00,6.618965549452165975e-01,1.195997786067378499e+00,4.125731025437209709e+00
2.231761036741051640e+00,6.721216504824643057e-01,1.796089892421538492e+00,6.323912061191496736e-01,6.814151926834904893e-01
7.592003417984416469e-01,3.291810173397021089e+00,2.327816850607287158e+00,3.207891518548848353e+00,5.388836272533503724e+00
2.585830895912742955e-01,3.198643705279721194e-01,2.819840219882108756e-01,2.034432960525818679e+00,9.991636725755324022e+00
1.205537463333185011e+00,1.602721259321284730e+00,1.209206297234059813e+00,7.128625958878912705e+00,2.270906664762868843e+00
6.452991851334790585e-01,2.607139677746295625e+00,2.877733642995293550e+00,3.457142762700534888e+00,5.994618057352783858e+00
3.307719948722057102e-01,5.868912983271842299e-01,3.588520709223407823e-01,7.164014214299738725e+00,5.335555178492529471e+00
6.108937175799937780e-01,3.697676680537280713e+00,1.562359559596310010e+00,1.975953517737074838e+00,3.983719546978009785e+00
1.807606544314420249e+00,7.671779412786190466e-01,8.304403557323138951e-01,5.882259432783914832e+00,9.849845150878864253e-01
2.579421122422745349e-01,3.537429684439072353e-01,2.659807330766345013e-01,2.600016054797549714e+00,9.810666389742740634e+00
6.292246684569180459e-01,1.681207953336321559e+00,4.901979453031179434e-01,6.367456757479551754e+00,6.016221370008420166e+00
3.074077124859057597e-01,3.607229315693241123e-01,3.094040027327918385e-01,3.468637511582484123e+00,9.423450872807135781e+00
3.002500114255818309e-01,4.129694887652769486e-01,3.295209191844142849e-01,2.184003448542266579e+00,9.978364775154670241e+00
8.359627280831448681e-01,5.999862024247197834e-01,6.178631680590435771e+00,6.213263105788512375e-01,9.479677149062465391e-01
8.494289124430927096e-01,3.640568339083281924e+00,7.338608342993412359e-01,1.387337391332886583e+00,6.614740087063295526e+00
5.674372905127829103e-01,2.928923661952909541e+00,2.569193012261020037e+00,3.850041716043950402e+00,5.060401022364844792e+00
1.791755384424504882e+00,2.340899119893437241e+00,1.259283556375388580e+00,2.792914323811065191e+00,4.169262258382648412e+00
1.546531773716732561e+00,2.326620948305879288e+00,1.664717187626252537e+00,2.587237542594581718e+00,4.605444194871067154e+00
2.038924445484505021e+00,1.831980102933445931e+00,1.219099640414640140e+00,1.886891917043342026e+00,2.860251965280948827e+00
7.924308949211252839e-01,5.098399344157764634e-01,5.968990499893282120e+00,1.462437508572653311e+00,1.420608635397874409e+00
1.290079081005834905e+00,2.644552483191953129e+00,3.091159644130396789e+00,3.883575141934683117e+00,4.169318072758728455e+00
1.165361921171885751e+00,2.278994572277319275e+00,5.922160260296943646e-01,6.524264260055637976e+00,1.094341102009632527e+00
1.802121381559177893e+00,2.630932352355563442e+00,1.850094649724836726e+00,2.808541953088426801e+00,2.939595076073612923e+00
8.624764163368638936e-01,1.082703091066526735e+00,5.747636782236337005e+00,1.851633273786375211e+00,1.934750558362555495e+00
1.729219639792400676e+00,3.061609192861702411e+00,1.250529376884433441e+00,6.325842397159924246e-01,6.528488225470607809e-01
7.592328836828672323e-01,1.279177047802617873e+00,4.968798278258934609e-01,2.454025449637825762e+00,9.189888195147707606e+00
8.057847096237844564e-01,3.687955070926366208e+00,1.054237440039097029e+00,1.696087715194112500e+00,4.950888447726893737e+00
1.984799235996139721e+00,6.795252230948759520e-01,2.673294490271000967e+00,2.594780813244962125e+00,2.923066355392554883e+00
8.331778715471668262e-01,1.458680853423177881e+00,1.641399936363609369e+00,7.305923115679024527e+00,3.764882332046281199e+00
8.326533333940842052e-01,4.995491526314301822e-01,5.970833138395263973e+00,1.576913650461727823e+00,1.247390916028761065e+00
6.320429101823441531e-01,4.034808092876342123e+00,4.527425325948549739e-01,1.228830684835485521e+00,3.100927211908450332e+00
8.270236608804286682e-01,3.701512193638984982e+00,9.464393381879205869e-01,1.555608713269596377e+00,4.744338987682082731e+00
6.095610855394928418e-01,2.188862800268498887e+00,1.420717026936243688e+00,6.826235122335674532e+00,4.037678718814187384e+00
6.589041700988331751e-01,6.627638483437917616e-01,4.736008153136668675e+00,5.911618595105283092e+00,8.988193186736296303e-01
9.358644792004442436e-01,1.572773523701100906e+00,1.534688807211588069e+00,7.221164021039041536e+00,2.978112068276724589e+00
6.184515066955991180e-01,7.445429345178975478e-01,6.063458002943296954e+00,1.276701302789513104e+00,2.881615924759463709e+00
2.832414035687354503e-01,4.660124806439536194e-01,4.136893299824215831e-01,4.446033571690060526e+00,8.761018792467812233e+00
2.552083758597446517e-01,3.444354838376711969e-01,2.724449913794740330e-01,2.413027205441886203e+00,9.876828831174899292e+00
4.466075332229249018e-01,7.071637338657874583e-01,5.193056486447069631e-01,1.943652179340051633e+00,9.902818053321258418e+00
5.710572917269820525e-01,3.833800055336713086e+00,9.827706549134688219e-01,1.777529711403020185e+00,4.211943305729998421e+00
2.427142302600712176e-01,3.587166021456247300e-01,2.666334624541201737e-01,3.264892610545462315e+00,9.485950127791975106e+00
8.597797356723677620e-01,1.501775989011720824e+00,8.374648927100849516e-01,6.269313661445770514e+00,5.988988758062798290e+00
9.775564596954717800e-01,2.135888266735280983e+00,8.801136681085797164e-01,6.681729482224811001e+00,9.008495812016301674e-01
1.123646257229750756e+00,1.604970455598208057e+00,1.338900540764624836e+00,7.055706782407977329e+00,1.810162063714206848e+00
1.145035241242122082e+00,4.556891839872216909e-01,4.309659571603162931e+00,2.951743151276237320e+00,6.137715803467193254e+00
1.030704902306189830e+00,1.248548224997861222e+00,7.615916247664217265e-01,6.928752033398181354e+00,5.108513285302729301e+00
2.176325822873801830e+00,4.701034609345127735e-01,1.180083507956162236e+00,5.591245262891738621e-01,7.701751478909630855e-01
6.861344680904395421e-01,7.224231954652156062e-01,5.880108813145987767e+00,6.153808479568809719e-01,3.907234693293351047e+00
1.143489480316314477e+00,1.549197910797281974e+00,1.279598737015984256e+00,6.975499448145174419e+00,2.476853500512122164e+00
3.086374693471036768e-01,5.100406348283271774e-01,2.515989668639715848e+00,7.597164084353371649e+00,1.170319578811118921e+00
7.111755239601673662e-01,5.576106739173081195e-01,5.546277760624729325e+00,1.157233321275294102e+00,4.716485870484333098e+00
3.295097743066544016e-01,1.729479978601565104e+00,8.703018498784607093e-01,3.009017580046068563e+00,8.772929188554300595e+00
6.118753913421577373e-01,5.363147249673074768e-01,6.116722516729085513e+00,8.177207559183490293e-01,8.666342075999535766e-01
4.651268603937901425e-01,1.174396193387872156e+00,6.072234021033062312e+00,1.496410694177592315e+00,8.621301345429581708e-01
4.198770954142717615e-01,2.827936093075146817e-01,3.820989683937006109e-01,8.232131468320819323e+00,6.352289497239125282e-01
1.172767132231691489e+00,1.629474983035690938e+00,1.223654157120150021e+00,6.923838085994892033e+00,3.945092460181510052e+00
1.343750642614047308e+00,3.855894847859258623e-01,4.876968294310429108e+00,1.493957846971991632e+00,2.075502856750276237e+00
7.588719404592351170e-01,6.561821302271630962e-01,6.070153060760510755e+00,9.345807084247056418e-01,1.174799952842443318e+00
6.523924079483840455e-01,3.925976348540887173e-01,3.953161494065197790e+00,4.780995775418007909e+00,5.891169397394921958e+00
4.977272191225122766e-01,5.900805791538938916e-01,6.128331799932718482e+00,7.481195722155129513e-01,1.072948200123252427e+00
1.340049268803895410e+00,3.818893894141157208e+00,1.942570102384024278e+00,1.367055560258715774e+00,1.131206866786405918e+00
7.173783655055170350e-01,4.729649981363595046e-01,5.105500035478464760e+00,4.555439418530538909e+00,1.529882528981003187e+00
4.838271729044680836e-01,3.399088867192517238e+00,2.292557428548332332e+00,3.951594068909398683e+00,4.079888753643513333e+00
6.227383825539974938e-01,1.117655891889258957e+00,1.246589231986444002e+00,2.744485818592785176e+00,9.533376627529436931e+00
6.449409351530726031e-01,3.994722066089300139e-01,4.432492151708485650e+00,1.222685875550123535e+00,7.244826878899772282e+00
8.343086800083427956e-01,2.610083955053835947e+00,7.541832986250499582e-01,3.665128920903288456e+00,7.470562178173796752e+00
1.688099083009247714e+00,2.338211446184783160e+00,9.565169088939624586e-01,2.510550821720689996e+00,4.757424292601744931e+00
6.110263921903646978e-01,9.636744480253902623e-01,6.112540975433566004e+00,1.049511779272612744e+00,7.684239413056948020e-01
7.749202175996834363e-01,3.290587408130516422e-01,5.737578111991225249e+00,1.823624067489701073e+00,2.574095540060076015e+00
5.523056767141552026e-01,3.073088594294389519e+00,2.366137119592606197e+00,3.712508491691791424e+00,6.080267654889582651e+00
6.234543669446194203e-01,9.548695994193334702e-01,4.001448861708184701e+00,6.859234134209183154e+00,9.851276403046689278e-01
3.037164659621066631e-01,1.550744191485879719e+00,4.586139388836717456e-01,2.550021135991122900e+00,9.218962064404749412e+00
2.432300658083499934e-01,3.513556741158486152e-01,2.545364167151089041e-01,2.949533888218733413e+00,9.641595481846534810e+00
2.249362184600522951e+00,1.114007574315225124e+00,1.136104963411409319e+00,7.195908448211769670e-01,7.174543890238120891e-01
4.647023754534317375e-01,4.664224425059971813e-01,1.921299605773576280e+00,7.824545714785812400e+00,2.014494791172345867e+00
1.472795576720923094e+00,2.584712811261794752e+00,1.806175034339774221e+00,3.784551774813852631e+00,5.274790052594542367e+00
1.793730960049594536e+00,2.214586048951037167e+00,9.821665757987885215e-01,5.484117027395625676e+00,1.427993016421374772e+00
2.420695473555896648e-01,3.407581835473919574e-01,1.584218423206597670e+00,2.353803887404580575e+00,9.615353202018493306e+00
4.092979312289005689e-01,3.212103458050408200e+00,9.122642535410936393e-01,5.499701104727833467e+00,6.803285845796857023e-01
8.480336802874753888e-01,4.254976019398672427e-01,5.101297977797332628e+00,3.719669384128843070e+00,3.293828913029440031e+00
1.035353639650881341e+00,6.761128583097626432e-01,1.116599293249843416e+00,7.111250794206993575e+00,4.523831326116068752e+00
9.669024331824538354e-01,2.923257485579239034e+00,1.206596290142868400e+00,5.850120862901219354e+00,2.321462936658192255e+00
1.078801682094171710e+00,1.852033192442464893e+00,2.679056158815924071e+00,6.686394287698149697e+00,6.742502221737601831e-01
7.578979561877298154e-01,2.132225910754895981e+00,3.230557116881750179e+00,6.260483465681881299e+00,9.560287248728238652e-01
1.951790497635356392e+00,5.904394272796117393e-01,2.926751887907069971e+00,1.935818947924347722e+00,4.556283762141436711e+00
1.313892419507291409e+00,2.606285574191522514e+00,2.742028487127168290e+00,3.897639468807080565e+00,4.223463955983381979e+00
8.113590923591753601e-01,5.214075265307569484e-01,6.057051138057576445e+00,8.697151211798862525e-01,1.533320763747378912e+00
1.434511605435716763e+00,2.644302442613839066e+00,2.710713252723598643e+00,4.059943123326425152e+00,3.083816067045453302e+00
1.146169356551979712e+00,4.938234445450341847e-01,1.579621835522205586e+00,6.297533788199295657e+00,5.738197161400195867e+00
1.026585050920174158e+00,7.771951786490302050e-01,1.028661718123502489e+00,7.434719435341518690e+00,4.067582133310989612e+00
9.587428925878382913e-01,6.787433051353306546e-01,5.224545657773494334e+00,3.008903890840700424e+00,3.937827073793636945e+00
1.352207780523702940e+00,1.414308160997024055e+00,3.034947254558449714e+00,5.549247132473634991e+00,3.672747358902076265e+00
5.115947728722418653e-01,4.292295809833068354e+00,8.853693739759553871e-01,7.056472809830744986e-01,8.506680500767647146e-01
1.574071618998742927e+00,3.435187260764902106e+00,1.338759136324201293e+00,8.535265223416731439e-01,1.246687569076459390e+00
4.972935649704235961e-01,4.265035882174487369e+00,8.619688415898862921e-01,7.010387903047595737e-01,1.313794868933959581e+00
1.441408805043518981e+00,2.256131847266903190e+00,7.284443611047193290e-01,5.774831761394619178e+00,3.458448489237660350e+00
1.066805973177817890e+00,2.932290320282782137e+00,1.491739804912975753e+00,5.520373663735229641e+00,2.532912824240527883e+00
8.531721105577678710e-01,1.606980678709962529e+00,1.656146122086197270e+00,6.884839727632672712e+00,3.700347996757344493e+00
1.427435604421150472e+00,9.678656982854667579e-01,2.513844848588876246e+00,3.647679527612919248e+00,7.350191773845156540e+00
5.549238942195068303e-01,1.930511906032562175e+00,3.763606674678125152e+00,3.758009525176039034e+00,6.069050987491506177e+00
3.681947214177699323e-01,1.419467010357243097e+00,1.042279204063182529e+00,2.513105766773630734e+00,9.459492073907304288e+00
4.925588826528518593e-01,1.961313108583115028e+00,2.286942221788516250e+00,7.098904829006109196e+00,1.725210355612257329e+00
1.394234292384835427e+00,2.382143716696861091e+00,6.061809853618805866e-01,6.038609811228481838e+00,1.477606583727385292e+00
3.320062772726050104e-01,5.126328982892114361e-01,2.125583088691655576e+00,2.850273292311098938e+00,9.315056222790394358e+00
4.489741241464221266e-01,3.439381783325963671e+00,4.026061024668513788e+00,5.756206224132925930e-01,7.579790774359451699e-01
1.635444424898471638e+00,3.238837823175409802e+00,1.001537077589710556e+00,6.807156342363400725e-01,1.072212221021654699e+00
1.493461261330142342e+00,3.115689458696655034e+00,1.248449566123343901e+00,2.805519211451258599e+00,2.538085172553658175e+00
4.454603738697514026e-01,3.837236331659528155e+00,1.812260567501237318e+00,2.626884471030676682e+00,3.245386629700248271e+00
7.579981248256368875e-01,1.392533323745329010e+00,2.386572338390973602e+00,7.406629585344072453e+00,2.100185641273832005e+00
6.799173202519176451e-01,1.593348929898754429e+00,3.035486338831177022e+00,6.947050339406183106e+00,2.055314422110829931e+00
4.367080843991847372e-01,2.979113238816682774e+00,7.811709203975674143e-01,5.558449179515394967e+00,3.700359119677458786e+00
3.126556269457801407e-01,3.242856595783322193e-01,3.889100697033019305e+00,6.134871882288187805e+00,2.699224193779008907e+00
9.333213385978831322e-01,3.809032018509614481e+00,1.376732287492224094e+00,2.056960733508865768e+00,2.648702974835706492e+00
6.950230746796859371e-01,6.853342925064672686e-01,6.198037172745061163e+00,7.589214865159437107e-01,6.495368737130624570e-01
1.225176512545887775e+00,2.270394482091826927e+00,9.147401231939984445e-01,6.376921413241319669e+00,3.944905350207847938e+00
2.312728308265967758e+00,5.225736494934346554e-01,1.001513774001352219e+00,7.659812617212096164e-01,1.009420824311161979e+00
1.803363205175877226e+00,2.652133347242162653e+00,2.481064374732159461e+00,1.693025044698428072e+00,1.659229016147241387e+00
9.586675758942053704e-01,3.917921093002469934e-01,5.774135000068953083e+00,1.739819183737437713e+00,2.542476944088446267e+00
1.474867715596146711e+00,3.450670253931770848e+00,1.260271538522376167e+00,9.297501333702609116e-01,1.101250622830790338e+00
1.390787126746804825e+00,2.724371721011265901e+00,2.907143101196239421e+00,3.557137507211594052e+00,4.205137991208610870e+00
5.069759070942593260e-01,3.755503186592570763e+00,2.016752996108301943e+00,2.865700789337182641e+00,3.856448955736621720e+00
5.143801593535970440e-01,9.399803490787437266e-01,5.133019715395506388e+00,1.157489896463127721e+00,6.702572709151763064e+00
1.706108384560778291e+00,2.362595124859475870e+00,3.159376497460543831e+00,3.634264402250399151e+00,2.617508039741025527e+00
2.738917958895876748e-01,7.063347883075132838e-01,3.507372313218723114e+00,1.018973960641127441e+00,8.511259574744276080e+00
1.000181006336659850e+00,5.638417155539255932e-01,5.890289523227700386e+00,1.202265442331001521e+00,1.599784416636723883e+00
4.301530631463985066e-01,1.305654514369101182e+00,6.218145074012437767e+00,7.930626620560492501e-01,7.710702310915553692e-01
7.455767840590044049e-01,6.335690049820454917e-01,6.154627427395921835e+00,6.594103649867143480e-01,6.363152648258878497e-01
1.344826786630687332e+00,2.298612119093417228e+00,5.385680698808426037e-01,6.201668164011178597e+00,9.158257401204045189e-01
6.023693194993725575e-01,2.742847701437192143e+00,2.916836550920745896e+00,9.611698780799416975e-01,7.138521552877392651e+00
2.666614223991673471e-01,5.749431301239196213e-01,3.141089224372095590e+00,8.484872389663122849e-01,8.944502987736868249e+00
5.608219825923659307e-01,2.246207158205922205e+00,1.232522249457335350e+00,6.857872238634209694e+00,3.502169011227644901e+00
2.884685247990297907e-01,7.961695398626570386e-01,4.959746200541810701e+00,5.111016082662830584e+00,9.713857667976940613e-01
2.622423169154098899e-01,6.300001324152455506e-01,6.098451633027949015e+00,1.802361079869093219e+00,8.101784864308416712e-01
1.690499777640220636e+00,1.142075097689782215e+00,8.207488795491363343e-01,6.491539207581823234e+00,1.123468991531779260e+00
3.093419393559904140e-01,3.770998441880881735e-01,3.344777639246006462e+00,7.098645910476422571e+00,5.232872198004470121e-01
2.163860103653277633e+00,7.441555863443561902e-01,2.458680727174341385e+00,1.095910486512190474e+00,1.237419369915075062e+00
1.259679749532680137e+00,8.851758959264937054e-01,5.879576207860820247e+00,9.547786584365923757e-01,9.990923025786322409e-01
2.523202080745477471e-01,5.770386983923131430e-01,2.938076834801290893e+00,2.637009835521757051e+00,8.600589718145794649e+00
2.527924448755277664e-01,4.265298568897931131e-01,2.410770772517332627e+00,4.971852849545325692e-01,9.557784616430526015e+00
9.296662876753569726e-01,2.171661592186254541e+00,1.547033036663922001e+00,4.448250474853449710e+00,6.785478731401818564e+00
1.502018417396828065e+00,1.718587291142301021e+00,8.167430935606581066e-01,5.349000812946602679e+00,2.401775834006050214e+00
1.265600970929020352e+00,2.381059469979258214e+00,1.688865280730507790e+00,5.352113659180319338e+00,6.517166609950497680e-01
4.712493898734947950e-01,5.074665146953991623e-01,3.695320582298449175e+00,6.077184424977950528e+00,4.681715128530047565e+00
1.830846792694903469e+00,2.752882325017927734e+00,2.359425220707017878e+00,1.669920502337843393e+00,1.481271738377929026e+00
1.148048256561004621e+00,2.245128725673545045e+00,3.171443954982556601e+00,5.324383038984650263e+00,2.259041133625713016e+00
7.389281097123761022e-01,3.447802700383548302e+00,1.655755628641304655e+00,4.755272817522767426e+00,3.254001811191996385e+00
3.907821217231564059e-01,4.521979478303163047e-01,3.929740799787199812e+00,6.558615589538949742e+00,1.324827859307241340e+00
1.995964444068320631e+00,1.864884049211987804e+00,1.269281784142361147e+00,1.957190455699072462e+00,3.124423516284116520e+00
4.016468224728735881e-01,4.224213336275112196e-01,4.047365524173430984e+00,6.438284863502256705e+00,1.312806421506187426e+00
1.364424674689624695e+00,8.012165034617799719e-01,3.996100473463397584e+00,4.960368892339595881e+00,6.681554765999613288e-01
1.029626627591536225e+00,5.683009954388256180e-01,5.857304189290466923e+00,2.617070436067783668e+00,2.285553465519265082e+00
5.753275377501266830e-01,3.106170003270764646e+00,4.683767365192732512e+00,8.032965992582051795e-01,6.498555590346071220e-01
5.729036166713278311e-01,8.439295653481280191e-01,4.495152546087773260e+00,5.245485356599600024e+00,5.292412731659598357e+00
7.052682659431122048e-01,1.831504932652638917e+00,2.515126334925383400e+00,6.827872484862057334e+00,3.717707773133683613e+00
1.376879626430312253e+00,2.278199622564749394e+00,8.578989253292288453e-01,6.281898485513549346e+00,1.194223647138713540e+00
1.251482913900024752e+00,3.238045614599126765e+00,2.189214628949099239e+00,5.548117552817199982e-01,3.137667695066255646e+00
2.856126920260882995e-01,9.331433793315421221e-01,4.069610925549971725e+00,2.241687359187449324e+00,7.305843889986149975e+00
5.623888424808296538e-01,1.771885163638500682e+00,7.043884891084539746e-01,4.341002698805105808e+00,8.735493142631145957e+00
4.135271083468391451e-01,3.610840982495025497e-01,2.539682331049887498e+00,7.392741281920277352e+00,3.240073656983155193e+00
3.572309788130141883e-01,3.995149654786147586e-01,4.674366422338434468e+00,5.267983670176694666e+00,2.692571226461357714e+00
2.942923037374020057e-01,3.914155702593257735e-01,3.229460678576391963e+00,7.171232738351562830e+00,1.029601874754251023e+00
1.038475397633726427e+00,1.740727748896053306e+00,1.596798668977012170e+00,7.302606165508507274e+00,1.297143253499429161e+00
3.237483858236165357e-01,3.877504214494199575e-01,3.460254049691038780e+00,6.999538191264816689e+00,8.231830227166617719e-01
1.039075342316854389e+00,1.153473816503255200e+00,3.941637321859139398e+00,5.713816321894482186e+00,1.407023300807525690e+00
1.853017708770694050e+00,5.564290883378050223e-01,1.134642110148139649e+00,5.537122857339400461e-01,6.893074320153497858e+00
7.892179890805968157e-01,1.008990192292444688e+00,3.700779912543521455e+00,6.747167181379023937e+00,2.110632060500667428e+00
6.265848074369609888e-01,2.468644131749063497e+00,2.361298962378091115e+00,1.765035384766620918e+00,7.864280560104921491e+00
1.141775456355392793e+00,2.067491725942466996e+00,1.224961062364555486e+00,6.886848306642468387e+00,1.947608161632183643e+00
2.081987795056993384e+00,2.379152677922492298e+00,9.285597884295367921e-01,6.076571225688605082e-01,7.622974069296102329e-01
2.316320483582983591e+00,8.874114779222048721e-01,1.128338413185976608e+00,6.226584079148556050e-01,6.918015759021501898e-01
6.907354860787530138e-01,2.760454971929216406e+00,4.910716215521873096e+00,2.837141258220126527e+00,8.198047655162875591e-01
5.655248871373074193e-01,2.584763109901323297e+00,6.448751582806163674e-01,6.705776571231707450e+00,4.102427756313390184e+00
4.619996203336718121e-01,2.664613929446387752e-01,5.041821464600479530e+00,4.788655463785148392e+00,1.715352868388175800e+00
2.318773903738704512e+00,7.203489045246966871e-01,1.187173653138666074e+00,6.448411488204516262e-01,7.221511542527678795e-01
1.956515357678753286e+00,2.179290716972554609e+00,8.068924712384872855e-01,1.255743450569438036e+00,2.798640885943752377e+00
2.576524128100087796e-01,2.683399539896625385e-01,6.960084210990774567e-01,7.586546532709835589e+00,4.128449028663043308e+00
3.810181943742713129e-01,5.509407281173551718e-01,2.912541142124674742e+00,7.230437226722401967e+00,2.079056333556955405e+00
3.211483725812438461e-01,3.777103533470133057e-01,3.006634504983858869e-01,5.872848864023270998e+00,7.307527917797691508e+00
9.066638585810554707e-01,2.918324597341850790e+00,2.956979941483816265e+00,2.094056983046488796e+00,6.184292739594132726e+00
3.088356077845734182e-01,3.596477901719972170e-01,2.925533127003308032e+00,5.536593121786115290e+00,6.280015016196808020e+00
3.620504041550703933e-01,5.171365681233177636e-01,5.863922913317971997e+00,2.967001668564250849e+00,8.324711971035528846e-01
1.832397754663914524e+00,2.453456155571994035e+00,9.566181831611272335e-01,1.310432396181662185e+00,1.906904118791908909e+00
2.468790206128987641e-01,4.972431488196330518e-01,7.954701636762950834e-01,6.692089365778737253e+00,6.016951033637807811e+00
1.369132727722358389e+00,3.388772214837235452e+00,2.114170509424266875e+00,7.632991130709265715e-01,3.086791342549751516e+00
6.078210212226530240e-01,2.629726985171215947e+00,3.751259878805263348e+00,1.916901530128293896e+00,5.721486728156519597e+00
3.850127190307011116e-01,3.606199923440704391e-01,4.464747849091178722e+00,5.659190363176894500e+00,2.229615708168672494e+00
2.328893140691298491e+00,5.679896307313699877e-01,1.124384850993327412e+00,7.357660754314030438e-01,9.469571777074190511e-01
6.646993358121742190e-01,5.983581822888204282e-01,5.893656437556535899e+00,3.149597430096666262e+00,6.485721441572458446e-01
1.193459405873365853e+00,1.492416693429544861e+00,1.001836390052610160e+00,7.514870490227146149e+00,1.128062177385272591e+00
1.333984337985635982e+00,2.430771056103134153e+00,2.643598804134108082e+00,3.642791324803901443e+00,5.215785085772849605e+00
3.094443673930323824e-01,3.757577925599590030e-01,3.475889357935848523e+00,6.970327351857287468e+00,6.312583288600899234e-01
6.483086894804135358e-01,2.224877902727388168e+00,3.857623342795752031e+00,3.617335276623204088e+00,5.906628024735999460e+00
1.067912986478545267e+00,7.510538744113934850e-01,5.681829071844340717e+00,8.637020914862385546e-01,1.111385530975438130e+00
5.274005217604649243e-01,7.680520262717775992e-01,4.736241246561669449e+00,6.119019264023641824e+00,7.894738270897080357e-01
1.196524752889984722e+00,2.303296861027261944e+00,8.968108591799590634e-01,6.651287668869064973e+00,6.866952783843878194e-01
1.463997171311236301e+00,3.572007780900529283e+00,1.449654701332003359e+00,9.443108352578736264e-01,1.078582750176783289e+00
1.318602633783505063e+00,8.117354451638868484e-01,1.250452655249361555e+00,6.472631893684425819e+00,3.691038256630738701e+00
1.213442834446645691e+00,2.265125148410989109e+00,5.864812894818712818e-01,6.416382114721469243e+00,8.684261000256480179e-01
7.435689190560785811e-01,1.358597775304926980e+00,1.443457015443950997e+00,7.452591293702847786e+00,2.568953044899243920e+00
1.691381588765018096e+00,3.020067571507771387e+00,2.177125916660383353e+00,1.428619857721908248e+00,1.259977272803027182e+00
1.104322795650722222e+00,3.514785450561553226e+00,7.070613983465070529e-01,1.390761560671236019e+00,6.724778109840102935e+00
5.149806860820795862e-01,2.808965213594047938e-01,5.555176333415486667e+00,1.668987162914830291e+00,4.348649716474750626e+00
9.746878738850368595e-01,5.865202589551620216e-01,5.430545685814432311e+00,2.753485012476057925e+00,3.821368293983908870e+00
2.734825493096009752e-01,2.821179688774417826e-01,6.321168402376937667e-01,7.233973428998375255e+00,5.070205781570805037e+00
6.367860990266644983e-01,3.824467579946357887e+00,3.026468984786904848e+00,1.286726703188088017e+00,3.209604389800975177e+00
1.794694519402129984e+00,7.348447992176194710e-01,1.056952829484099965e+00,6.197272471345905309e+00,8.408328929198534141e-01
1.627930035395950714e+00,5.541791150265698018e-01,7.483552638195374307e-01,6.799453295839453126e+00,1.835267284624042539e+00
1.319646715592316832e+00,3.378597473601576251e+00,3.187494477622938582e+00,1.460288779078597887e+00,1.796245864805893433e+00
7.869885682914430358e-01,1.473811466080968913e+00,6.269744592256535354e-01,7.486217135701038750e+00,2.990978210742681664e+00
7.092183467106653039e-01,2.896888321984525949e-01,5.357660924344591180e+00,3.737594982101660079e+00,1.795652924154568453e+00
2.714912572919591649e-01,3.972500697308605222e-01,2.323237506930064811e+00,1.176684447355450747e+00,9.502716648531501775e+00
1.518754196412576141e+00,2.334135940966185263e+00,8.213796043077136178e-01,5.914184052687375903e+00,1.682768261170208168e+00
5.814153980860213844e-01,2.504262607193932677e+00,4.599363205473100180e+00,3.509467433932185632e+00,3.578726921311006670e+00
9.843482579836799751e-01,2.384200647965019293e+00,2.467438976262408268e+00,6.061885984160358731e+00,1.219248528871540893e+00
3.928999936364133694e-01,9.169521060268077672e-01,6.199884367858400580e+00,1.203601841299444919e+00,2.058663116272947402e+00
1.829827607969101599e+00,2.105218362503515461e+00,2.092085219654240547e+00,1.466419254772401093e+00,1.927137108866120885e+00
8.276458931468944069e-01,2.475437842016738887e+00,2.580406696642016051e+00,6.005190030381227118e+00,4.076746072250031716e+00
1.569835647760365216e+00,2.371941441060976707e+00,8.495355985070098814e-01,5.961217808451952926e+00,1.682063711355886060e+00
4.552884638023898534e-01,3.355137710841328502e+00,2.884191904417799712e+00,4.114010547382704885e+00,1.590547556464231960e+00
1.084225258181837681e+00,2.583666967173495088e+00,3.178342489023433970e+00,4.271944786245422065e+00,4.339836322434560856e+00
1.754811696473355109e+00,4.702091836434548755e-01,1.133170936507170268e+00,5.926185391612519560e+00,1.221230233889485373e+00
2.886608322735501608e-01,5.004679676422181256e-01,3.479241776529950148e+00,6.902827186831535400e+00,1.958800284599843788e+00
8.384899221605524033e-01,8.026721556983161809e-01,9.997722347125976849e-01,7.969270573456848972e+00,1.740551271484718443e+00
1.999641891147169837e+00,1.560026484438082450e+00,2.853241871790822781e+00,1.110364693823125526e+00,1.160895016313969297e+00
6.925943798797860040e-01,3.958711378999266284e+00,2.473330269107666179e+00,1.676753679384703766e+00,1.406913809942739846e+00
2.346906134584454406e+00,5.352454046614837369e-01,1.544470864719656777e+00,7.800802157631663292e-01,6.551941710124560281e-01
2.056459379094448092e+00,5.418702121516283388e-01,2.275847677116209944e+00,3.477779569538194337e+00,2.081168086572080078e+00
1.248957909013991063e+00,2.037755451406109586e+00,1.131449651015175473e+00,1.537479759379720257e+00,8.856370746539450778e+00
8.195572072636315708e-01,1.313492493188769483e+00,1.502535492494792901e+00,6.459175665990901649e+00,6.153164522554491533e+00
1.243130776584777664e+00,2.317717889766904626e+00,7.178107789150300899e-01,6.544550520001306104e+00,8.299090979610922458e-01
1.644692820677635892e+00,3.035928383714198819e+00,1.377277836971936953e+00,7.019539142953006294e-01,2.997227520558349401e+00
7.009876964018193490e-01,1.567585508671717864e+00,7.698399255641159566e-01,7.481121742839101252e+00,3.473861012896073852e+00
1.774576243715687562e+00,6.467565395879543155e-01,1.063776574278577858e+00,6.269481185929220324e+00,1.889566344069236736e+00
2.317997920309968318e+00,4.699335515692515397e-01,1.432422579418164199e+00,7.823326397300293111e-01,1.201466560967441755e+00
4.852515209892097059e-01,1.239819293697790981e+00,1.553702268857342306e+00,6.490793430063003910e+00,5.975891262613904686e+00
2.281666597089865967e+00,7.382859446850469354e-01,1.060448709187695515e+00,6.021119358657117671e-01,1.169799019183526578e+00
1.067238889927713430e+00,1.773254375116454451e+00,8.007594539129979649e-01,7.236227156700500096e+00,3.130661325023377017e+00
4.093193977675288475e-01,9.077570193552479960e-01,6.310923145166666970e+00,1.167315552008559409e+00,8.197814776448308915e-01
1.480816488293188460e+00,4.929703709528858169e-01,1.053020445460588705e+00,6.743489615129768522e-01,8.610212893625494246e+00
6.113496862932448206e-01,6.166562369651937825e-01,4.911276100618302998e+00,5.069759391417074212e+00,2.497058856905378210e+00
5.099628893806272822e-01,1.187246079894076489e+00,5.324957743204509875e+00,1.286862184491852856e+00,5.822515795511150394e+00
2.100565598756755747e+00,7.774001323796523311e-01,2.774524993913299653e+00,9.483762681785795623e-01,3.698658359409694008e+00
3.495273421034704731e-01,5.705819865018584292e-01,5.081290521330265264e+00,2.996091094342876016e+00,5.376450483551013626e+00
1.714121245856192965e+00,1.552034222409627073e+00,1.268915389253117310e+00,7.261701284724606520e-01,7.127065801061510442e+00
1.011760012860533520e+00,1.807184614827498148e+00,4.109330724640498644e+00,4.233984897885840759e+00,4.941751912400637714e+00
6.751360976550806470e-01,3.475076187502673886e+00,3.644337779558235901e+00,1.623502824840940661e+00,2.680419839058989950e+00
1.554758693118603929e+00,2.330315264736796177e+00,2.958293066033384822e+00,4.481402820471108051e+00,3.347670233024357511e+00
7.541069905355961556e-01,3.243332265971378803e+00,1.395129773803967188e+00,2.002025546932363120e+00,6.439849518037614295e+00
1.716103489260404569e+00,5.077697886473463429e-01,1.183322652707228695e+00,7.263330120787157007e-01,7.641127259160161778e+00
2.324150402832870999e+00,5.058288560668499079e-01,1.473944872227349157e+00,8.177677755405239335e-01,7.443454830066174033e-01
4.272303475807609496e-01,6.542151981282139372e-01,4.984127572453001420e+00,3.005986169002508923e+00,5.986753212625743004e+00
1.138857690346566809e+00,2.244369009443598628e+00,2.584340341067265623e+00,4.064582589443106464e+00,6.309599910142853929e+00
1.110641906784910482e+00,2.130447620996952285e+00,2.074765584497849868e+00,6.633475683561641745e+00,1.198268878953955063e+00
7.432892309805746445e-01,1.659767760791933444e+00,6.832130237577538345e-01,9.101632930078943362e-01,9.853411062427259282e+00
2.109342821290377312e+00,1.941105830424664891e+00,1.192496557277820557e+00,1.213076329357058558e+00,6.290988318220734898e-01
6.090336685620992840e-01,1.001243733345115849e+00,6.311542656253366523e+00,9.636841874647851247e-01,8.941186577227364651e-01
4.669712757192833186e-01,2.036921797914692966e+00,3.293374944603131738e+00,3.260818321833241829e+00,6.591173862650439474e+00
1.803038875040283928e+00,6.040327965709684221e-01,9.096359452427571490e-01,3.889920448505708173e+00,5.307176359546003752e+00
7.552853276263475912e-01,3.155866903145178259e+00,6.591284365992156058e-01,3.502534196876534889e+00,6.405826447602438911e+00
6.920674887758542226e-01,2.551306572326503819e+00,1.893263937870489633e+00,5.386637033501455285e+00,4.997726650076010024e+00
3.724101392085682471e-01,5.628002368000745159e-01,4.806643554792493056e+00,3.515082215522415066e+00,5.739829658996228545e+00
6.008377576532846209e-01,2.822168676249294350e+00,9.379974010036180587e-01,4.059077933197774435e+00,6.528112410850288150e+00
8.777949941494195274e-01,3.521054565083557186e+00,9.816794591794796299e-01,3.924882742768085908e+00,4.345826414914117919e+00
1.074568343345594368e+00,3.601893252050510252e+00,1.339995084618314403e+00,2.370940750234440397e+00,4.674036885455549850e+00
1.633791206954853248e+00,1.320083164770441186e+00,2.221077484800974222e+00,5.780406049229552146e+00,1.439055297855156956e+00
1.182103867249441942e+00,3.169937620361236608e+00,1.861354039501561530e+00,2.470961456555120783e+00,6.298070572336121664e+00
1.646586072718192462e+00,2.202770062817822616e+00,9.936126510978110504e-01,5.682340135675980619e+00,9.943993862361812930e-01
1.888272648839407486e+00,2.205898423534357722e+00,1.236720336721722102e+00,2.536681743108263554e+00,3.959930517191451393e+00
8.476881951250473390e-01,3.054669208456358032e+00,8.550747841669639193e-01,3.930350769250850362e+00,7.170811677426799591e+00
8.535699603390074497e-01,1.001212688537779005e+00,5.849999606763899962e+00,2.282871282678323954e+00,2.112784677475136874e+00
1.076173505584034684e+00,3.598483022509203266e+00,1.343376908452415863e+00,2.363970601129050664e+00,4.701577307348292045e+00
8.963399270628444881e-01,3.374043836380166361e+00,7.749133581884319888e-01,3.247294267187532224e+00,6.015794315775718992e+00
2.024683591177415032e+00,1.352954052347797420e+00,1.575826969828344248e+00,1.505534371995561838e+00,4.752500981760442222e+00
3.437954412380055946e-01,5.478803367845683781e-01,4.877299701212868932e+00,3.212981965217081903e+00,5.702692310270776943e+00
7.742579293503759619e-01,2.485578912869336854e+00,1.140733737941823644e+00,7.006504750954698046e+00,7.197768663073946804e-01
1.056633135264305245e+00,2.067203167564706234e+00,5.463746598086685502e+00,1.405252508949843548e+00,1.611279294474311286e+00
1.159668334804454748e+00,3.410241607350337212e+00,2.559563812554622064e+00,9.259823416007881836e-01,3.168339906719722876e+00
1.195085323377789166e+00,2.312310640960909325e+00,9.114154230929452094e-01,6.725766995893046385e+00,8.033059714056804967e-01
1.078661554752395668e+00,1.714380550927258051e+00,5.693332253722392933e-01,7.398715286052457429e+00,1.480212203527284887e+00
1.497005776483186779e+00,1.021695248127319600e+00,1.566953842861790624e+00,3.306871612290341211e+00,7.324389035984507856e+00
7.150232226648575162e-01,2.875252235720325622e+00,3.170849566262332608e+00,1.101243915459562350e+00,6.824585429998056618e+00
8.923455008710755587e-01,2.221991162696787647e+00,2.576712816487527036e+00,6.412835817308150332e+00,1.467274345852783712e+00
7.185630717646545040e-01,2.064308856545919113e+00,1.332875660833564790e+00,6.831432964321492385e+00,4.652592219079322966e+00
8.352771673971164379e-01,1.517546868798633763e+00,1.744282521095124050e+00,7.739232717542077644e+00,1.680829999702715849e+00
8.856292912748950918e-01,2.564472754503822394e+00,3.024729133193561736e+00,6.115451386589413119e+00,2.004753629246520674e+00
1.397813772864443305e+00,2.708890199603137816e+00,8.868241087612992457e-01,5.592070438619781036e+00,7.002263691999190964e-01
1.467227483661657006e+00,2.369638995361943223e+00,2.378874501689379972e+00,3.374879059553061555e+00,5.248957024921580228e+00
1.954863689912847757e+00,1.287839618496993577e+00,2.192762428031405086e+00,3.303593208857566577e+00,4.877185150111588818e+00
1.028695350311422230e+00,1.955651239336524849e+00,9.265897349832815655e-01,6.985749883451761733e+00,1.139847076604185716e+00
1.247349815984499122e+00,2.113958909290506227e+00,1.013903862988574822e+00,6.877738175880212523e+00,8.940812912661915135e-01
1.758394113466186459e+00,1.455944249518614342e+00,1.001901198841280483e+00,5.680065381227665355e+00,2.331417928343298307e+00
1.554474485725682253e+00,3.028308968639128906e+00,1.590532136187798873e+00,9.705112332047889367e-01,3.787243283939485838e+00
7.008593990482434588e-01,1.671815109942567990e+00,4.775831214713138095e+00,5.236374456136720035e+00,1.764991274842462765e+00
4.835496481095408194e-01,7.722339894995657872e-01,4.945921398165091354e+00,5.287199928881761934e+00,1.499833839548484260e+00
4.455254816222785075e-01,1.526263765576658660e+00,3.592424545384267809e+00,3.628467493435567626e+00,7.022108900802638942e+00
6.951947797301918364e-01,3.019145984473829536e+00,5.143778057841184026e-01,6.304146777196456775e+00,1.143923601454643890e+00
1.413373593445493848e+00,2.765551969803527133e+00,6.542259569015640430e-01,5.357860554816507914e+00,8.550504205671644042e-01
1.266957556859154010e+00,1.805358752976305770e+00,1.657336565324678546e+00,6.026191668239847310e+00,4.222361608875488059e+00
1.781645989738370517e+00,2.435404370456567325e+00,2.767694029405950662e+00,1.937383377752162739e+00,1.967015396785383619e+00
1.599302118442680776e+00,3.579770463627788946e+00,7.020272971278447294e-01,1.422362900757874637e+00,7.067024347455670430e-01
1.650516998966990556e+00,1.212103715627423473e+00,2.025808887322010587e+00,3.757759768405676493e+00,5.347125438885353077e+00
1.438180357996330372e+00,1.772891989861856477e+00,3.573164669361272860e+00,3.459484873651012649e+00,4.569741265153978382e+00
3.753146434641992379e-01,5.681036621482051796e-01,4.695624784888026149e+00,3.233531235063366260e+00,6.221737708215754559e+00
1.290043316687048414e+00,1.923772658257691059e+00,1.570610711188691999e+00,5.212379874749850650e+00,6.228483594741636153e+00
2.136996869394987897e+00,5.847334002944297726e-01,3.616917950218710320e+00,6.741593970739279129e-01,1.145600776652121677e+00
1.328306923232968506e+00,1.703721117404629615e+00,3.416214466648309411e+00,5.067968425519771891e+00,3.031389138416062945e+00
1.183948968883158370e+00,2.281173037088993105e+00,6.628461526242699353e-01,6.409404938695988818e+00,2.083540731356023468e+00
3.437552827566072167e-01,6.377124394559208209e-01,5.325385838324652177e+00,3.067819286353105745e+00,4.647246712835088722e+00
5.681725952655417577e-01,2.001128301520165742e+00,8.940761180361940230e-01,4.056614618842024456e+00,8.667605914083884144e+00
9.210456635617472188e-01,1.592734629703900673e+00,6.304343497444931943e-01,7.753391889352887034e+00,1.043273484259563899e+00
1.704423403307427920e+00,2.225336423281705667e+00,6.620308098313900658e-01,4.317701825978755181e+00,4.074520282314216146e+00
1.288924518307881018e+00,1.884169802644731995e+00,2.485679390212824913e+00,5.695037005049892187e+00,4.366379693028556552e+00
1.924251168294158099e+00,9.283703541729899644e-01,1.131755351455601133e+00,3.930014945451225650e+00,4.841512778396356076e+00
1.511581305073199655e+00,2.579731218499980550e+00,3.246742881229640165e+00,6.534461488237124360e-01,3.973059242663588453e+00
1.447497757519899952e+00,2.681253994393967055e+00,1.152788901849628012e+00,4.497563769281081036e+00,5.110499459721689952e+00
1.858179128600591090e+00,1.006634880982141045e+00,8.120285371259241547e-01,5.958844818967445001e+00,1.215435570300167800e+00
1.336911133300205945e+00,2.102221423141264367e+00,1.433450105562388943e+00,6.088122889321135212e+00,3.547266783553383540e+00
9.389759455979225233e-01,3.833446385414272850e+00,2.255149211750502758e+00,1.693310900351059356e+00,1.443520081734331661e+00
5.109100685393472840e-01,6.867065335622665190e-01,4.662725373862529388e+00,3.682665263741047301e+00,6.461516165620581731e+00
1.712373777667084873e+00,1.668963392331948015e+00,2.088617016336928867e+00,3.005500987084429809e+00,4.703654614963574510e+00
7.554299923392029381e-01,1.211085177250107225e+00,4.224297016560297990e+00,5.995627613098406528e+00,2.874102114366663407e+00
2.106918237980004882e+00,6.943616922309414630e-01,1.662832645703996803e+00,3.826013801216813448e+00,1.053719827460237957e+00
4.660347019025158910e-01,5.595753791242166209e-01,4.192230601778096144e+00,6.385109812464415668e+00,6.614311049814984855e-01
1.489255938457036743e+00,2.387310478930023905e+00,2.374230370996102124e+00,3.383686232055654663e+00,4.473703269766041046e+00
1.289852198552932316e+00,3.381300018446493194e+00,1.017023409439116177e+00,3.099603209651623281e+00,2.531599940802279125e+00
9.061029469544894521e-01,1.581042172476327279e+00,7.163729404035139581e-01,6.761749802236079354e+00,4.929945550330038451e+00
1.184057232651314129e+00,1.580966323753456804e+00,2.339934430781613006e+00,6.805889137292771451e+00,1.971664323790289108e+00
2.076769635537587533e+00,1.086039953650998591e+00,3.051334686645607253e+00,9.847743298912556842e-01,1.366767608845087967e+00
2.002418939801374975e+00,1.140784342824936459e+00,1.785205556864293497e+00,1.566543088558297159e+00,5.195881305583398557e+00
7.184970839209303684e-01,1.344034895510193062e+00,2.738947404532004803e+00,6.593912642924961709e+00,4.295643029951450309e+00
7.825872342826218908e-01,1.507483877695199315e+00,1.810669927624868780e+00,7.615146509409191466e+00,1.943854331959390169e+00
3.647624843301636721e-01,1.373632428253906967e+00,5.908031172345882709e+00,1.934813574609007603e+00,1.696974034558247135e+00
1.391537268835465246e+00,1.506256682283128923e+00,2.602842474761956737e+00,5.062856627076489424e+00,5.181332135298975849e+00
1.131047927367536232e+00,2.402350022757071102e+00,2.847618993269295018e+00,5.539921564266759191e+00,3.339473425198584700e+00
1.171614256157356593e+00,1.729840564402421732e+00,1.098212943310608924e+00,7.352028334043217761e+00,1.254340987186778111e+00
6.004982782100802829e-01,3.198823927485855201e+00,4.249463025509430558e+00,9.462516239532597906e-01,2.224645552922773994e+00
9.347146337643207348e-01,1.219098735881337880e+00,4.220410604406800381e+00,4.830372829240042520e+00,4.210195458728094309e+00
5.636802832244576233e-01,3.926880280975691306e+00,6.725174523921124692e-01,3.724838632877990108e+00,1.632912154708743069e+00
1.207336122765435116e+00,2.236038274795554059e+00,8.932017899410449324e-01,6.741899136694764927e+00,7.852818836510666589e-01
4.466471535158765271e-01,5.574106831292261477e-01,3.463608497786601070e+00,6.895065581129911081e+00,2.789614542579425649e+00
7.444711668533467996e-01,1.768171717330089709e+00,5.221038557989501339e-01,7.062683920268393756e+00,4.850073413484971674e+00
1.108514486940089361e+00,1.641889737516122549e+00,2.970342455556865602e+00,6.330276648522390914e+00,2.294100754416315002e+00
5.887242321294174907e-01,1.879559428748770911e+00,2.720298368451805615e+00,7.013611601251085403e+00,3.204248069496689943e+00
1.609224248706119464e+00,5.714460147001869661e-01,2.048337920437048876e+00,4.988961469902220891e+00,4.206997616755870695e+00
5.171666338499949500e-01,2.884974573643146023e+00,9.616168411388417159e-01,1.248874058642678975e+00,8.196453115521983079e+00
6.821055533966279283e-01,3.098474166446698597e+00,6.970535154065660155e-01,3.719956262705911509e+00,6.719522426393345960e+00
2.329329750130037624e+00,5.707010214099204060e-01,1.365290392963467436e+00,7.212403125981099450e-01,6.749561213124233294e-01
1.251898006447242473e+00,2.256740360248656430e+00,5.244613486726579232e-01,6.368920792730836666e+00,6.337397122732688626e-01
4.579649198245686059e-01,5.554989405871963992e-01,4.308881272195538514e+00,6.169776014799526642e+00,8.621251709210341341e-01
5.232415989653378396e-01,9.626944845485745361e-01,4.229738890603464974e+00,5.634647782682893791e+00,3.996709811153185576e+00
8.721246531372046640e-01,3.437922859859223301e+00,1.695115893902553017e+00,2.928663490245613676e+00,4.314160954843115903e+00
1.064644781915599747e+00,2.233001941285598591e+00,8.072261556826563211e-01,6.603697943563140882e+00,1.184300322050358290e+00
2.343887082985614434e+00,6.373887673923934738e-01,1.084336026388976748e+00,1.179692639634016604e+00,8.038073144335002862e-01
1.830162817546005849e+00,2.690325346605938250e+00,9.692911123780101335e-01,2.903233251117042446e+00,1.444538631189959954e+00
1.583266078329967463e+00,2.562129494163677634e+00,1.212321183729403895e+00,3.455126113706001423e+00,5.419850031318460104e+00
1.640342683901414134e+00,2.225818145212412613e+00,2.017224031723891198e+00,3.108121434464465871e+00,4.843831919782492612e+00
1.400990749990213891e+00,2.179458391669957251e+00,7.049376491464670602e-01,6.145190630878625271e+00,1.556264818424546670e+00
9.554098513263011849e-01,3.413001794773973696e+00,1.228592062972669430e+00,2.948395782779002161e+00,5.207905378042303468e+00
7.753356277894454252e-01,2.425540395655287007e+00,2.009937362019404983e+00,6.624657226765503282e+00,9.218052119210944362e-01
6.479873884799097761e-01,1.902077129005229628e+00,1.456986084954317029e+00,5.591353915366751970e+00,6.959944061281739813e+00
1.904112468588552876e+00,2.345061080443522794e+00,8.080357415549062061e-01,6.782914765360179565e-01,8.649417449628884480e-01
1.199200248831350013e+00,3.290328715826729589e+00,2.861628437031199734e+00,3.008905966338088600e+00,1.587069439162572593e+00
9.223363093614589392e-01,3.210409856151634767e+00,2.899288079870535828e+00,2.768279406415349531e+00,4.880329869284830480e+00
3.765071040395517321e-01,7.811832169420440675e-01,4.666452446144927713e+00,1.094962210244222467e+00,7.186680847619085988e+00
1.255992846475358249e+00,1.142322239940499085e+00,5.028788386030593749e+00,2.929777557602067262e+00,4.989070790392340804e+00
1.848450364038236593e+00,2.062927575326106044e+00,2.928945300154415676e+00,2.381711834451463616e+00,2.118864587466384286e+00
3.098960082934535398e-01,4.827801010664396486e-01,1.572568274598554972e+00,6.060259756636003914e+00,6.899946585958632639e+00
6.650327134823379449e-01,1.607985484638943419e+00,1.110588204873629525e+00,7.751811381425395275e-01,9.962435305391103668e+00
3.865675148819486817e-01,1.287645039876244457e+00,4.890019202419460420e+00,2.997147825104855556e+00,5.367853986466214700e+00
6.192098718507367261e-01,2.538227634034817548e+00,2.687942237229630216e+00,6.329541601781651927e+00,8.836107333819249732e-01
9.902814572835735296e-01,1.384359393327315724e+00,6.006997454428747218e+00,1.245151251189916097e+00,7.860942377246529222e-01
1.042310649604898831e+00,6.774652951940765000e-01,5.936410025286398273e+00,8.970877233935501405e-01,6.481814757206201261e-01
3.206255143298226140e-01,6.582078364936655435e-01,3.400405738234876463e+00,4.986464183035739239e+00,6.510021974389455401e+00
1.049852991364378152e+00,1.458622108044024257e+00,6.922181887365771447e-01,7.715182582491602936e+00,1.703080821779961562e+00
4.874563269023202139e-01,3.728320288772709046e-01,2.216632678116130073e+00,7.873735584229851092e+00,1.319978362114549775e+00
3.344970268028140681e-01,1.268252613247206728e+00,7.700073853456022022e-01,7.331719652636229156e+00,4.342593976218734220e+00
9.478213413705871560e-01,4.366980670514519769e-01,5.937949663216913088e+00,9.983828276933787160e-01,2.010556225263409491e+00
3.318243218011802109e-01,4.819941568783531194e-01,2.692055767017684786e+00,4.306874032096176919e+00,7.977434624506501315e+00
1.325011548882192747e+00,4.047501177720390086e-01,4.518264860739746425e+00,2.954438463284049465e+00,4.402623966255108989e+00
1.189627629778580165e+00,1.471570220778775973e+00,6.298322652740860894e-01,7.833256371446369215e+00,1.112324283109426215e+00
1.464080570725723618e+00,4.800439975459570574e-01,5.230281515991466179e+00,1.484077266900838632e+00,1.380591094598456525e+00
7.391507828564297666e-01,3.887159199965876111e-01,5.928699629214300160e+00,2.233658973160840056e+00,1.648639694313043247e+00
1.286284841660013445e+00,3.559421170977906890e+00,2.963243682888323072e+00,1.411486923812141692e+00,1.210566229159069529e+00
1.590228835921874140e+00,2.824944438693214543e+00,3.158115599031873444e+00,7.816903222689607356e-01,6.972329241749730677e-01
6.506357128518387434e-01,3.130597126829401389e-01,6.062274787863914050e+00,1.744692254970187761e+00,9.329181568127209445e-01
5.454833240849049636e-01,9.526734690198763733e-01,6.298173671413271002e+00,6.235171136613384402e-01,1.528543494503453726e+00
5.643057369214328212e-01,1.349844306113884063e+00,4.410121414601020362e+00,9.820165534180252953e-01,6.800214675317808322e+00
8.825980964094326531e-01,1.041017458899389236e+00,6.243946685471607472e-01,7.779484377938827855e+00,2.950179886263303963e+00
3.868341643969894772e-01,1.043996801977338684e+00,3.596791300659422763e+00,2.619074491545855921e+00,8.029986435373119846e+00
2.291022448213835272e+00,1.082062133406191728e+00,1.176671134311620737e+00,6.787582042704543017e-01,8.737930796567561220e-01
1.007586097057756369e+00,8.597249252176284440e-01,4.893005538861234349e+00,4.800668619103259260e+00,9.220632538151005697e-01
8.766016031215564386e-01,6.973715271440527053e-01,5.447904108534408429e+00,3.173719658357103679e+00,2.912908244122602852e+00
8.250802922962803265e-01,5.136914836731151235e-01,5.875001945125379876e+00,2.636323632417578278e+00,1.961746866978135495e+00
5.379776771238793387e-01,4.754216847526522294e-01,6.117297154695786610e+00,6.916759861094543549e-01,2.358165397819793618e+00
1.779502266335189598e+00,1.119983048964919403e+00,3.835730264445667004e+00,1.523788622303990925e+00,1.536273019922359095e+00
1.614687461023927462e+00,1.824496135226885585e+00,1.769550118511529213e+00,2.168984483112804451e+00,6.179565880806034528e+00
4.238472970887330327e-01,4.930071024555838233e-01,5.673435930364214563e+00,1.507193667817074534e+00,4.226404663580390242e+00
6.634623473195608856e-01,3.158483752505966691e-01,6.058996301086133407e+00,1.780418575438111439e+00,1.115997389596782075e+00
7.518932915444069831e-01,4.401452375434147246e-01,5.925272782227141377e+00,2.319944356956578080e+00,1.526418676969149679e+00
6.130152433041270443e-01,4.840941524212949432e-01,6.091772206786671084e+00,1.293154682027305213e+00,1.831890412380683397e+00
9.619257414372047732e-01,6.656996578510147033e-01,5.754703995350901380e+00,7.713557263343867598e-01,2.189270242365153329e+00
1.190351573272440344e+00,5.427519796416232500e-01,5.833819627294172250e+00,1.339528237369806085e+00,9.709968797112684680e-01
1.301733866467454037e+00,6.396338098808673767e-01,5.286191345274690256e+00,2.037535885330154173e+00,2.514788140863480681e+00
1.445196209933768738e+00,2.259683090286602969e+00,2.308690345705231461e+00,3.714409955017041742e+00,5.031453187797914950e+00
1.871769166940808748e-01,4.044541034828626480e-01,9.675160610368260805e-01,4.756903130018897308e+00,8.255622041111989162e+00
8.476008633432621231e-01,2.593620200635259554e+00,1.628545085905217737e+00,6.311775742443521686e+00,1.193978137789615923e+00
2.242196202433060392e+00,6.728165670381163199e-01,1.029847821473529379e+00,1.226123472865500830e+00,1.474142220168956907e+00
1.424913267051813204e+00,6.157313108464340656e-01,4.154275799119780288e+00,3.649590692920452017e+00,2.828691996267079567e+00
1.124366046509659212e+00,1.938355496160163671e+00,5.261461323732018691e+00,1.203762241308192316e+00,1.242875057438937558e+00
1.883509571974832930e-01,3.263309449755035230e-01,9.819466529009575062e-01,4.579179908080893036e+00,8.423671958915296187e+00
8.384589574347620644e-01,1.518428173251112678e+00,7.431061586494371873e-01,6.407547160647258266e+00,6.321724296764513085e+00
1.467553245889322566e+00,2.310358702063096903e+00,2.284512563060025148e+00,3.426722303777725465e+00,4.884710540626675979e+00
2.188530426057811729e-01,6.149837668313192784e-01,7.400021439534577583e-01,7.127120252142335133e+00,4.936336211098511839e+00
1.876288386909024997e+00,2.232629512603915956e+00,1.434607786646851846e+00,3.132089541445379322e+00,2.197366526743451232e+00
1.227899315629938259e+00,4.487019401852749279e-01,5.601180532551632396e+00,1.641939191868825754e+00,1.582885410089721612e+00
3.316306939271005394e-01,1.129706266193880371e+00,5.240261368402483022e+00,2.313131297789846386e+00,4.797650750154707211e+00
1.721501744727436112e+00,9.243752956932949072e-01,8.778123380326882108e-01,5.601724707611230869e+00,4.662755744829446769e+00
8.417665633907471801e-01,9.294418772317629696e-01,3.497098407478420601e+00,4.333031898733779030e+00,6.946071456522962428e+00
1.283724386181286370e+00,2.195943117869856298e+00,2.842681788600865733e+00,5.193684313342602721e+00,2.897142688901897856e+00
3.281235443633067628e-01,1.576553056425129995e+00,5.198348329029934156e+00,4.033488752522416121e+00,1.116201173012578263e+00
9.807382035487536287e-01,2.629501024222197891e+00,1.837933064188355559e+00,5.899302312828989869e+00,4.215631532213509836e+00
1.143992948314645819e+00,1.440768230284191986e+00,4.897408052282302471e+00,1.390079200267774651e+00,4.726480719874326830e+00
1.204734458917250395e+00,5.110429903346966896e-01,5.723520431420522137e+00,1.274100572960082722e+00,1.120792097805956677e+00
8.829975175490933914e-01,6.678523826802752472e-01,5.604830835330512961e+00,3.195359566255899342e+00,1.081432299544411668e+00
3.799413657616932949e-01,7.395907878665026747e-01,2.143320693588251835e+00,4.119514548070652538e+00,8.639325277128556024e+00
5.455768339931539312e-01,5.679779508786472197e-01,2.433941993415732696e+00,7.479130786345650428e+00,3.271328168940745851e+00
1.050358327671076175e+00,6.660623466794981518e-01,5.926559385465862029e+00,9.268978765298314659e-01,6.850696989142329718e-01
1.528726423578735671e+00,1.093513637574919928e+00,4.465293022407829326e+00,2.960982224675734020e+00,3.366318845148461136e+00
1.363021737238648168e+00,4.558472196096345352e-01,5.440871183999143490e+00,1.364489014135670919e+00,1.213055846431518425e+00
7.308776706273034662e-01,4.597667085497439410e-01,6.046760038461494347e+00,1.398163338800438638e+00,2.294743096509336944e+00
1.659787527775376859e+00,2.719479583148734392e+00,1.051431634578150476e+00,1.762214370644298089e+00,6.111771739646603585e+00
5.809968110217659243e-01,1.680091661297452355e+00,1.492920514657102959e+00,6.960724793768652496e+00,4.113133596150563065e+00
1.305465204417927572e+00,1.340392211304808789e+00,5.601028336819179110e+00,1.153336552323489306e+00,1.923807075602649519e+00
1.620258054443411755e+00,2.346057238120918154e+00,3.198547276214716462e+00,1.109591093092712422e+00,4.247570291027407130e+00
1.308733838628874269e+00,3.529697132207104904e+00,3.391282530393512129e+00,1.214050225843749775e+00,1.311967900278922183e+00
2.440287300618178001e+00,9.286753039951156641e-01,1.116313536073153756e+00,7.377394149132848744e-01,1.081050214358497907e+00
4.561029016458240659e-01,1.159383598500953072e+00,6.254774216957653898e+00,8.653259604502973046e-01,1.831565118589557839e+00
1.554639836754482474e+00,7.504629011176043862e-01,3.988447288831221016e+00,3.065784954959301256e+00,4.065080080173765431e+00
5.374749901138570207e-01,3.872680603445737724e+00,2.518187326615282551e+00,1.527676513739834263e+00,3.839018113103746632e+00
1.720060340260937348e+00,5.547300682387560355e-01,2.466795220888886586e+00,5.330988894785911647e+00,2.202406829191136950e+00
8.580003071317146013e-01,1.730602929570776549e+00,2.962057106641553972e+00,6.787285631318191292e+00,1.228579320195188451e+00
1.548529814869548771e+00,3.433943476223830338e+00,1.477158078398496333e+00,8.153540753768309113e-01,8.864806736421186883e-01
5.684407725282111246e-01,6.509379042375426083e-01,4.444703999402083383e+00,1.971068375967492736e+00,7.594721431325394789e+00
1.742875795763416447e+00,1.199869855079733538e+00,6.642289259714108107e-01,5.993149853062426757e+00,9.097364987581157969e-01
1.211295456544031257e+00,2.650990330283772511e+00,1.046298707823406282e+00,5.090546111515735994e+00,4.070946571641288259e+00
2.077041442404066629e+00,9.391401538395227622e-01,3.238866459472478088e+00,1.013940966085125961e+00,7.939906036368863385e-01
8.025661999859385887e-01,1.480128460219657383e+00,3.622347826109507452e+00,4.285459552756233137e+00,6.802141803828139821e+00
1.052641255667148279e+00,2.475715954355237614e+00,1.029610848812554380e+00,3.891113178734089573e+00,6.974590821485428194e+00
2.100021541249649015e+00,1.449469463607213404e+00,7.928531968788163908e-01,1.337516652352300994e+00,3.924909908757538091e+00
1.116640423806048332e+00,3.683861499980567444e+00,8.064967910796758677e-01,1.353318263651184905e+00,3.945122533093048389e+00
1.118184711883090987e+00,3.136020349902657323e+00,2.517921429582384185e+00,3.573976607051835064e+00,4.234492316192969952e+00
1.772873387914224441e+00,2.544674415053081784e+00,2.581950587033718048e+00,1.983451211109334089e+00,3.574673480082795951e+00
1.904948187879701438e+00,2.466521698740782753e+00,8.178383079552626889e-01,6.053672655889833498e-01,3.005405706940400989e+00
1.184893919500263237e+00,4.239863253646696251e-01,5.758832002077771683e+00,7.679355059697032804e-01,1.028194552153318231e+00
8.049868366085670690e-01,1.725855701876733095e+00,3.757989571528870254e+00,2.032824559568937595e+00,7.433900591679726944e+00
1.050547963600156454e+00,1.696217666673891955e+00,1.701293392534030335e+00,6.612569680526147131e+00,5.188269800971324841e+00
7.890761962851134959e-01,2.623503654117806505e+00,5.503871364835825730e+00,1.215123098903216903e+00,2.244217751923378579e+00
1.536751168934284317e+00,2.247590495430559443e+00,6.589969238123944972e-01,6.028352615196727271e+00,3.102924811973846175e+00
7.895647556118849941e-01,3.017887201493901994e+00,3.648700354776948096e+00,5.002481630239550725e+00,1.460915765566355162e+00
7.009624683987714100e-01,2.265190553983342348e+00,9.196773333494290270e-01,5.082128131656819647e+00,7.461000214671503095e+00
7.492677894995933841e-01,1.586345021674355316e+00,5.945675225096728411e+00,1.951710243118065069e+00,1.059912091871263229e+00
6.985100040642686636e-01,5.156440080372907131e-01,6.363996315425845651e+00,9.540274707510691954e-01,7.291618401621722256e-01
9.004214763888643835e-01,5.805924927808228109e-01,5.887150466733549692e+00,2.143498810305765279e+00,1.662486858209854645e+00
1.164199895674589591e+00,1.139742786144803732e+00,3.283938699986370668e+00,2.488320558456450726e+00,7.477711217789442699e+00
1.615166056385648030e+00,1.351189249473901288e+00,1.654966164285993191e+00,2.377726557506767868e+00,6.976290518608979419e+00
6.808043191979644693e-01,1.948434425973477602e+00,4.122542485852094707e+00,5.648842374320492077e+00,3.275252021824010651e+00
1.859273717744730270e+00,6.179326930663592288e-01,4.674488195155342751e+00,8.170187418364422971e-01,7.744506595592421938e-01
6.702395560818275033e-01,2.355207149357682717e+00,4.205954222409745924e+00,5.444383606793380181e+00,3.399291345045119428e+00
1.901766872527236307e+00,5.665148411682888741e-01,4.524901708558365598e+00,1.065955344790625370e+00,7.849656409800129797e-01
2.053597025388328667e+00,9.312722725077795527e-01,9.183428539678195612e-01,4.501464725293909730e+00,7.605956209130744217e-01
7.092555017039292586e-01,5.041450252309007674e-01,5.092694624316071561e+00,5.163779081564112694e+00,1.340398949457388023e+00
1.848154280131970140e+00,1.552896635222980271e+00,9.825264365593666671e-01,2.695391817539680268e+00,5.024423481822226201e+00
6.250329149330549061e-01,2.232674459988584825e+00,2.112195633779879955e+00,7.213072534128679436e+00,9.832323677800554051e-01
8.576415206189271778e-01,1.803409499445348452e+00,4.291009369029562315e+00,3.595414015356974691e+00,5.819827049865979873e+00
4.547854240926721414e-01,2.973637513825387213e+00,2.611305583712204115e+00,5.512558305691294791e+00,1.945705778600158364e+00
1.506004032793136993e+00,2.407387047471990282e+00,2.224575558033467626e+00,3.579939159897649326e+00,5.579634204811259934e+00
1.292758827757153339e+00,3.267761230824830943e+00,2.057803591965293499e+00,3.387357262516858647e+00,2.130251652683620822e+00
5.419632732877788239e-01,3.491303612484296104e-01,5.615952582647100400e+00,3.980800330580714697e+00,1.013913137033297218e+00
8.621338351157719071e-01,4.183711381819639197e-01,9.727431914538089419e-01,7.298090496407033889e+00,4.445909283671110046e+00
6.020545247015889334e-01,2.267021870158982377e+00,1.295485923734860600e+00,7.029804862018099954e+00,2.481402690582397152e+00
8.865112976901929898e-01,1.651149928895008001e+00,5.939113669934844353e+00,1.324556006578921252e+00,7.050562718117228123e-01
1.088652218991549736e+00,2.811720187750540223e+00,2.668978421591079453e+00,5.416553496007519897e+00,1.105697235937181055e+00
1.004430312870844944e+00,2.339232027334917419e+00,3.647978163324356427e+00,5.742508448385607700e+00,1.235098661120991981e+00
8.580199206395968670e-01,1.522579044265310433e+00,4.799634383809102012e+00,5.836512050819713693e+00,1.092592921841241127e+00
9.922104758197768382e-01,1.048912888845263014e+00,4.973684446665015635e+00,4.499417198227498638e+00,3.244107979942766118e+00
1.877259679318398211e+00,9.723674449905903572e-01,1.915896866757735628e+00,4.761530382771048231e+00,9.978938483976671492e-01
1.734675357183525168e+00,1.080847883392707987e+00,6.843947824118348233e-01,5.755020386518761022e+00,2.770750341374216941e+00
1.563472204460672810e+00,2.270835198522783482e+00,4.387464737821932914e+00,2.629843403861603424e+00,2.574669031001813657e+00
1.220822970003062835e+00,1.068847071118953274e+00,5.230309413867137991e+00,4.496694936114539409e+00,1.343920283375599434e+00
1.274293944259537348e+00,5.765666818305750230e-01,3.461970634409427205e+00,5.914090134117019559e+00,3.729902654747337731e+00
7.203873923811827673e-01,9.540444435021773195e-01,4.979779080387158885e+00,1.813913469251943855e+00,6.687482323312072374e+00
5.572871607944167582e-01,3.673368538268464434e+00,2.701209516061420679e+00,3.841389446546358055e+00,9.385629382932441089e-01
4.750362081800345582e-01,7.138110948838689573e-01,2.067102882295146493e+00,7.308457017630021646e+00,4.417600037200736018e+00
7.172928241668943272e-01,4.414262976631622148e-01,6.260340991693068347e+00,7.215569048232928218e-01,9.606124165351446198e-01
1.754128014379569445e+00,7.610328218858917193e-01,8.951352095291269517e-01,5.132406805640018277e+00,4.374985322327827220e+00
5.026311552744328059e-01,8.497976726292548744e-01,3.357259023188224223e+00,6.352267727714413503e+00,4.398306364779523747e+00
1.398684689770978817e+00,2.620673997847177361e+00,8.057654536059727368e-01,4.687629010636483073e+00,4.997098483654026424e+00
6.259771246956424839e-01,5.911983783478299559e-01,3.732108132877569151e+00,6.833259001856953674e+00,1.998409112986490488e+00
1.336670709428103621e+00,5.341223889084206755e-01,8.114122035332369531e-01,6.963930755966309949e-01,9.056321688001883530e+00
1.098448111298322427e+00,1.783742634906995139e+00,1.920827043397653089e+00,6.123350834500196349e+00,5.217351917013527185e+00
1.292462454006113370e+00,6.357100436776306207e-01,7.168024376734453140e-01,6.033198706457586491e-01,9.175071566742829532e+00
6.234045080029091412e-01,1.689346723725797972e+00,2.776613646955977899e+00,6.594290669410434624e+00,5.153613794985518304e+00
6.430296445844139175e-01,1.739802407429864584e+00,1.836080295762025472e+00,3.696696762594605001e+00,8.332864663175723052e+00
7.232716870190216696e-01,1.273305061725643839e+00,3.110197401262380090e+00,4.019746144461590731e+00,7.613310965277916509e+00
3.747883369989327140e-01,7.893851924620802762e-01,4.212707816256324733e-01,7.140650666891839471e+00,5.331308650930572490e+00
1.834288915978828705e+00,8.051214871777759852e-01,8.089483165618753802e-01,4.673803371390487627e+00,5.018681679001455898e+00
2.372150757350784733e+00,7.494503774215661718e-01,1.006812231100650878e+00,9.251509766090210141e-01,7.362469823438929639e-01
5.606424307809174667e-01,2.486441255622846569e+00,1.251962882507563490e+00,6.155376956354565721e+00,3.841057149817520777e+00
8.335969301363654882e-01,2.201734129672513696e+00,3.883163724628649227e+00,6.033042101744441332e+00,9.376230335563953133e-01
1.085219116647619941e+00,1.004229302495079024e+00,4.585834251265299422e+00,5.140286230933011069e+00,2.248932649634408865e+00
1.263215136889374035e+00,2.199017330083877120e+00,3.124533948700728203e+00,6.314517678367623787e+00,2.308102756964328428e+00
1.254672287843893397e+00,2.535102548422496049e+00,1.175146240636399053e+00,5.381074506059087881e+00,4.515475057689966043e+00
8.660026421656557005e-01,2.439961494901222938e+00,2.782321957103665699e+00,5.837502867169320098e+00,3.837800652524239631e+00
1.968910359779282526e+00,9.155375890008170536e-01,3.947874293536180357e+00,7.323106656041992180e-01,9.965791947729255584e-01
1.216306916419810147e+00,2.295623709884184738e+00,4.250894024552510864e+00,1.823808364260410153e+00,5.303950731303024746e+00
5.859000497253834538e-01,3.051145499001191475e+00,2.261746720273424938e+00,4.040211093638381712e+00,6.103483361603015744e+00
1.316692912686902917e+00,2.341599428110978653e+00,2.512449715105169457e+00,3.614487687050701226e+00,5.476134197010527060e+00
1.736233320117854806e+00,2.529255698315854506e+00,2.856048651359755830e+00,2.311628736656678562e+00,7.762643609699486635e-01
3.879851625560545858e-01,1.238568397452004755e+00,2.304253615961136870e+00,7.183588027336035964e+00,3.505606649634370964e+00
6.724981385547295076e-01,1.867280478496557095e+00,3.752206842549514754e+00,6.096533460659390613e+00,1.803733194536487616e+00
2.312981803324511976e+00,8.938971007112596068e-01,1.118866836753645178e+00,8.520348512093994797e-01,9.501134590742743580e-01
2.066568333941258828e+00,1.184702280410045772e+00,1.412347886022208288e+00,3.869027837952177862e+00,9.203741332502566319e-01
1.715726962143376388e+00,1.352018907278628390e+00,8.782278257558144841e-01,6.080204919809224506e+00,2.229632578235324125e+00
4.673834906055406302e-01,9.505935925063179193e-01,2.906698395667259405e+00,5.466497239336776559e+00,6.933392443701315244e+00
9.981769713023889157e-01,3.730521898405369186e+00,7.634459450447625972e-01,1.203938864918704832e+00,4.070734467704975934e+00
2.151575375932324174e+00,8.430743444622909033e-01,1.427661621819695803e+00,7.917220857554324587e-01,4.024837642882037159e+00
2.204231443125304057e+00,7.015281015021433975e-01,1.167329991067725281e+00,4.654667338115046626e-01,1.104225224143550399e+00
5.433703722632042821e-01,1.289208851080777096e+00,4.400624856860809508e+00,5.535989516800910337e+00,4.400613271780878577e+00
3.843200106608470890e-01,1.694904007619561614e+00,2.315576737970578503e+00,6.108375968022047964e+00,5.008204383336042120e+00
1.268998340034649619e+00,2.412302394079028911e+00,5.984010878461278882e-01,5.125723521277037342e+00,4.066357105928652516e+00
1.877511079817816508e+00,4.814560486083270807e-01,1.261835112381131330e+00,7.489760753107324032e-01,6.679535694192595408e+00
1.421057808444015524e+00,2.936203532916343839e+00,1.273724566507465905e+00,1.525912873697004457e+00,5.346115690469924076e+00
1.657376215181192824e+00,1.951680214183271200e+00,1.525017141180338376e+00,4.392046952065772558e+00,1.079408517154493374e+00
1.153489742133052331e+00,2.707812801649332357e+00,3.186360431893929146e+00,4.604738475898092709e+00,2.102340534114946813e+00
5.814323148885132131e-01,5.974867110621681077e-01,3.843132084856332842e+00,5.634963386802778196e+00,3.701591662920109105e+00
9.106014940372852973e-01,1.853282671412060267e+00,1.614309100359705207e+00,3.303176789857355189e+00,8.770580497991577573e+00
2.231525709063626461e+00,8.434377742852493531e-01,1.032277990942789048e+00,6.282442662149807511e-01,3.305745652804556567e+00
1.606364721605327173e+00,2.418172514243013271e+00,2.846946412975914775e+00,1.932207331357112423e+00,1.941498072978872891e+00
2.186985278757928697e+00,5.104700389604063249e-01,1.574594490917115230e+00,8.251555837256999704e-01,5.551756082376039236e-01
1.034447205476903831e+00,3.437450263187675326e+00,1.472915214557093400e+00,5.010067713039665804e+00,8.116728007317786098e-01
4.496986441669426071e-01,1.692852328543080542e+00,2.438285192843366644e+00,6.703651748677835087e+00,4.486920057319757404e+00
2.183809192485721251e+00,5.314657348884567201e-01,1.600760184219943039e+00,8.480561025829294053e-01,5.835326965675313726e-01
1.106078748358015229e+00,3.489423314087114925e+00,1.617623448952457244e+00,4.885332127833329707e+00,1.010775352492299772e+00
4.520130514094439222e-01,1.924395880415267213e+00,2.815424028309674309e+00,6.256332077518280244e+00,3.852298240477118885e+00
1.871362738330913711e+00,2.861855181413782478e+00,5.474646910582930959e-01,1.471426827338967014e+00,2.130456281359193405e+00
5.702694587530183767e-01,2.634228744207125938e+00,2.467732231650730412e+00,4.684805903750274503e+00,5.102107700834604742e+00
2.117244918211697247e+00,1.017909720971528653e+00,1.481819991017823579e+00,1.568080707603352275e+00,1.179297472452763396e+00
1.010471539670738661e+00,1.887427600225102031e+00,1.510688134119583470e+00,5.960305849430967307e+00,5.829261532495161546e+00
2.027028441200912745e+00,1.148896807410562770e+00,2.397890231287372664e+00,1.963272467753944817e+00,1.678443772337766537e+00
2.084574211735191973e+00,7.771485446150043774e-01,1.202282842491152248e+00,3.574573322779625251e+00,1.302590296586770169e+00
5.115724629689017977e-01,2.583447696238641900e+00,3.557999524718204132e+00,5.530699182858713314e+00,1.130706080213060627e+00
1.522431335210065573e+00,2.009557002365299105e+00,1.833659416360204242e+00,2.676497092688083335e+00,6.016530928438136527e+00
1.406799607495250459e+00,1.967540955743616093e+00,1.358357721690153230e+00,6.252928906910726781e+00,3.894898994894636424e+00
6.401250361450013804e-01,2.120496154609695871e+00,3.035518427084338722e+00,6.870620842699685760e+00,8.939046492895443841e-01
1.856615376461286271e+00,4.499904335511372144e-01,1.306100867554531586e+00,6.911121815263839840e-01,5.870981095459313792e+00
6.524492774160584041e-01,3.742294115435246482e+00,2.213838617919167806e+00,3.460613178368927123e+00,1.800176466021573551e+00
6.295171310501641582e-01,2.709520749774742221e+00,3.615345915291515499e+00,4.035501580424189605e+00,3.769420097653612078e+00
2.012486669456487576e+00,6.221053691166047450e-01,3.684558258020968147e+00,8.314369942675259306e-01,6.706973577789313579e-01
9.821391400131505023e-01,3.168014199938683717e+00,2.906059471677714612e+00,2.093390261648234052e+00,4.877297666647963048e+00
8.236326707712791073e-01,3.482381873304275288e+00,3.236795021171349873e+00,2.365150009462611891e+00,2.655726583234775617e+00
2.104977660056164712e+00,1.362685374408185490e+00,6.504255640278695516e-01,1.149242069459851079e+00,2.007524922999734951e+00
2.148698898839984217e+00,1.224059096712046379e+00,6.460392452705094879e-01,1.693507774241666874e+00,3.328319497126261517e+00
1.955104671690331308e+00,1.515771334126551295e+00,2.634701423667765940e+00,1.701016792205511496e+00,4.312845421825866055e+00
1.874111301244471450e+00,3.721539910042413468e-01,3.314211365185099734e+00,6.420498874491209484e-01,1.385650382303339034e+00
5.692539787712634913e-01,2.467586185501879470e+00,3.506857598227594686e+00,3.329412760980977826e+00,6.169968801370158573e+00
1.907532208599031609e+00,1.691262059109553961e+00,2.342044369200882770e+00,2.118458958695199179e+00,3.343223045488281642e+00
1.030904093688818524e+00,9.063140870346337863e-01,5.861381926107001483e+00,8.734009176517605333e-01,7.827281279209732379e-01
2.012418609738851227e+00,4.153559654140048796e-01,1.254857083892666481e+00,3.781119062394112884e+00,2.581110658799931734e+00
3.905141870958487305e-01,8.100611455967401398e-01,4.076226092957776714e+00,5.927530605188040980e+00,3.130683994058363950e+00
9.166180400302075260e-01,3.043661796425268573e+00,3.793049830827014635e+00,3.276511860796071929e+00,2.201225227249287375e+00
1.546068126454472003e+00,1.699464053534527119e+00,1.201729524351620837e+00,5.525210976490253501e+00,2.548722146964604640e+00
1.264725190365971530e+00,2.192166423738409531e+00,2.946798467631120744e+00,3.373743928217479038e+00,5.395232937584000688e+00
1.737211287640355595e+00,2.890008658743298486e+00,6.409800959273781462e-01,1.424856000012146184e+00,2.454618629992561196e+00
1.524610627033223142e+00,1.624342835427272203e+00,8.610881819772373547e-01,5.112090129088687540e+00,3.480835170017234859e+00
1.803954666237500559e+00,5.948055397279810030e-01,3.259947368663211442e+00,3.216515788744003679e+00,3.761431657605077472e+00
2.148675783464014000e+00,1.184580496437203312e+00,7.426539257154369800e-01,9.520683456600105288e-01,5.769532544875032309e-01
1.968888753920233992e+00,2.854685119866907428e+00,7.459706032690914812e-01,1.518402369794323636e+00,2.515339957183871711e+00
