2.530733955857254358e+01,1.488779914114664704e+00,8.247746182513103763e-01,5.340749708308699439e+00,3.089759343040903231e-02
9.620454627293004535e+01,4.564218862102846330e+00,9.744948243931284004e-02,1.666439939026419381e+01,1.620768879093398240e+01
1.057473879694272451e-01,4.703403945416380338e+01,9.019951227656104464e+00,1.114361790962124132e+01,1.967775561657807981e-01
1.232152564365749043e+02,5.845684214664777834e+00,1.248097250446679740e-01,2.134315189645734989e+01,1.392766761014504517e+01
1.447038885201942515e-01,1.285968407712044552e+02,3.085102873070695861e-01,7.808805102833426659e+00,9.064055476195745711e-03
4.102042361456570063e+01,9.409695037624048908e+00,4.876897077604964298e-02,8.337824754944355377e+00,1.198209388652293583e+01
1.570551922844398263e+00,4.177929641121351523e+01,4.179340693386642686e-02,2.386023942886341587e+01,9.036609866250191914e+00
1.195703839850116718e-01,1.062609566855313830e+02,2.549253782595106710e-01,6.452499888968829644e+00,1.364830213008018411e+01
1.529418688757720020e+02,3.174277747945582817e+00,4.901199544750793917e-04,2.557416619123305068e+01,5.192381763746247714e+00
1.281082780785427477e+00,1.588831373187979921e+02,1.953877384805573769e-01,4.441043482244833029e+00,3.874082783321429746e-01
8.279456782084744504e-02,7.357867133813991245e+01,1.765189323320059678e-01,1.458269664594426729e+01,2.220847857687832416e+01
7.783642397784649347e+01,3.774604088961718418e+01,8.148527114916831460e-02,1.534155424789994804e+01,4.415775198401546420e-01
1.696078293990099517e-01,1.507287140229838371e+02,1.041541997988049972e-01,8.816079501921731065e+00,7.703629303698369436e-03
3.547847144179024359e-01,3.043543601656907640e+02,7.301909114149573998e-01,2.439325328212208710e+00,6.664420485949957250e-03
1.751022875119898625e-01,1.556115818042482601e+02,3.733200094405906833e-01,1.247138166636730938e+00,1.042495216857186949e-02
1.897198947648270462e+02,4.860378673533264049e+01,3.693087768251348667e-03,9.349979054434870207e+00,5.629015996120230181e-01
7.324431396249900672e+01,5.843716505779711667e+01,1.888382710614813498e-01,1.313175908280797888e+00,8.558946556726835242e-01
1.769752913385466897e+01,1.524599614878774219e+02,4.077575460035872124e-01,1.362182539096213674e+00,3.721585273666450089e-03
1.923465113864021303e+00,1.546662234167516772e+02,1.456657705161508096e-02,1.984665177600700758e+01,5.304895441909105891e+00
6.122221463730542768e-01,2.683568776417320692e+02,4.046380027224815734e+01,1.246388268996145160e-01,2.749322936152804805e-03
1.760897054543553608e+01,1.516970505256926742e+02,4.057171237266577468e-01,2.271774342390004975e+00,3.722799235355560721e-03
5.458477397566228717e+01,1.764171928086281298e+02,4.585578927824103812e-01,1.067580927686109904e+00,2.999615092384209231e-02
4.907570483365470970e+00,1.560841317182608634e+02,5.793872527260676003e-02,1.093652077666283917e+00,2.382278874689707848e+01
4.798148549119957806e+01,4.577061547344063897e+00,8.633970448018160604e-02,1.834935525331891970e+00,1.853304093583374268e+01
1.432652591718288867e-04,9.010778180796801679e-03,3.534424014819005966e-06,1.267170704363638549e+02,1.730576201037444251e-01
1.604416301785672658e+02,3.964241143721672356e-01,1.202897534937261703e+00,2.986044310186466078e+01,3.252206703151656040e-04
1.945015696531287688e+02,1.941768492306132909e-01,1.994094551450342090e+00,8.305831874944127197e-03,7.560865589533257713e-01
2.086109860175879760e+02,2.082627099206813825e-01,2.144039211121199884e+00,3.096606164054477479e-03,8.109321326651810491e-01
1.200176572179580035e+02,6.072368104834618308e+00,2.400171066042633417e-02,2.051466893540171554e+01,2.471699697273918670e-03
1.305464554288141414e+02,8.198755082862329857e+01,1.719565819378924276e-01,8.702779258818105212e-02,1.889912459893565390e-03
6.156206447225138767e+00,8.262176500788423539e+01,1.689922084185628212e-02,1.315792351359004897e+01,2.581378227081307930e+00
8.480321125120406123e+01,2.672452914853507195e+02,1.010032629432687790e-01,1.140623622840765649e-04,6.786964159491998494e+00
2.557333018699971205e+02,4.990478788192384552e-02,2.342843229878543709e-01,9.269245926724274318e-03,2.177422346533658404e-02
9.045778992186657153e-01,3.106824680459332626e+02,1.062708549190541536e-02,2.156862191239377324e+01,1.012327422599434090e+00
2.267183962166412243e+02,2.331644141758214772e+01,1.305874274193739581e-01,3.819008683778246302e-03,2.245106234020229422e-02
2.911856870041330581e+02,5.682310374884494419e-02,3.291714512923854530e-02,1.201042293861228138e+01,1.257644030098492349e+00
2.682396708321225560e+02,9.872695377854111554e-01,2.552909719167908875e+00,4.450385460095143686e-03,4.606004683490088551e-04
3.465109469112400689e+02,5.324888719634038314e-02,2.733034739248437275e-03,3.978230538471425569e-03,8.652621898613714890e+00
2.027490620917538955e+00,3.538806192908117509e+02,8.515778910241410260e-02,1.419844744082464014e-02,4.170860078880825675e-03
3.054584222693533206e+02,6.236202812847907451e-01,6.667011927523059907e-04,2.224817326156462727e+01,1.682033641645970523e-01
1.963638577573662758e+02,8.457415272846002807e+00,1.876058006793918931e-01,7.422452691670067965e-03,1.743595378167169668e-02
1.151593107686263906e+01,3.129564600994662555e+02,2.994764128152239691e-01,1.219032904842641540e-02,2.943105187676992029e-02
3.467981398665908728e+02,6.767553338315707157e-02,9.708602794968745897e-02,5.802026801614510858e-05,6.681788760068239075e-01
1.883881628082990005e+02,1.656606819865155122e-01,1.482644988649529649e+00,6.901602228461242716e-03,2.332429280853203668e+00
3.026737476243839069e+02,5.906492843196636811e-02,3.458401200248276552e+01,5.640721958027275772e-05,6.496025245407149873e-01
2.507708593649584827e+02,6.856583537424751285e+01,6.120230129385727302e+00,1.101434427728405305e-03,1.469119878896391895e-01
2.755116455251982757e+02,5.647153599185252837e-01,6.013434749683905243e-04,1.390835910338543613e+01,3.618256028358587173e+00
9.448887378256520719e+01,2.602632726571724220e+02,1.017789425264364750e-01,1.149383324562612812e-04,1.243508801423138133e+00
4.494689795638944361e+02,7.937459688496810439e-02,5.080936986513161918e-02,9.424823407091857674e-02,1.971176427467022485e+00
2.325912282772195638e+01,2.558628872841338762e+02,2.501253662250632104e+01,3.894832820796435358e-04,1.377402329662139602e-01
7.862252932764045354e+00,7.908156191463077550e-03,4.407777626809348703e+02,9.356357542022758489e-02,3.228994833010239026e-04
2.517632492582027908e+02,8.440869100414401416e+00,2.028927035405129864e+00,1.173267871233262373e-03,9.786595509206996724e+00
1.035532958269675730e+00,5.165754495747950509e-02,3.484577645041725873e+02,1.182954849215073862e-03,5.560656161565195876e-03
3.266959783188759161e+02,1.252097130397022795e+01,9.732187039922982064e-02,1.099049883752363743e-04,3.735606433330695975e-02
3.911814701318384380e+01,4.064270460587735556e+02,1.439788947202427227e-01,1.443601621835748181e-04,2.243334769755399305e-02
1.416836308834199620e+01,1.427351533712957823e-02,3.288172884610358437e+02,8.165281836261376047e-02,5.457816530592260115e-03
1.915512439803703160e+01,2.895291495364278944e+02,2.810821420601197573e+01,1.139797045609063737e-03,3.532819077659221478e-03
4.251687664148523282e+01,3.519664604100664178e+02,5.758528358766038302e+00,8.503659604142599013e-05,8.975201539610209306e-03
2.699772693605757112e+01,3.447277798153777439e+02,1.074150303679377672e+01,8.225389115821918297e-04,6.084381652244405005e-03
2.008169290475697011e+01,2.086433982772518334e+02,8.536385989158131338e+01,1.017344256244178975e-04,5.599306416968944338e-05
2.347470199655327576e+02,1.525226394191110835e+01,9.381691873557257111e+01,1.113631784139408316e-04,5.770806264613920038e-03
3.009071791317305724e+02,7.488442384584267586e+01,2.173002119255146880e+01,5.085370271061414688e-05,9.107688279795193159e-03
2.044304090753929302e+02,6.005106393275003995e+01,1.007861418555595776e+02,4.802470114063453650e-03,5.818984310546646693e-03
7.582443637545477344e+00,4.160093424794386010e+02,1.353469978039154864e-01,7.417000408225790176e-04,8.270533863817965070e+00
6.009960615173051934e+01,2.828561691857130995e+02,2.831010681212131272e-02,1.319040639342972717e-04,1.172505766894484883e-03
2.231081697835533646e+02,8.729962448030692101e+00,1.016588885042606449e+02,1.453752414277718619e-01,1.250598723296253466e-04
4.287193247485498091e+02,3.846574717903043172e+00,3.220432829949149323e+01,8.012170995947060816e-04,1.273872537006759376e-04
9.046330274435170793e+00,2.729342259765313656e+02,1.135330891869534469e+02,1.695426238443785427e-03,6.044198429163882141e-03
5.008386623569898645e-06,2.293043841363172901e-07,1.059804619981890916e-07,4.157882931593557263e-01,2.958942354386364926e+01
3.811243000203585325e+02,9.484743336143642978e+01,8.761550040470232892e-01,3.435867641542385623e-03,4.861600295307868537e-04
3.100318523703151641e+02,7.715521014022301927e+01,2.199553396123459592e+01,1.566827518900261451e-02,4.171863017991323430e-04
2.676486307957715667e+02,3.031458791592771540e+00,6.121144093132996344e-01,2.268544166330974665e-01,3.386935770765954441e-05
1.293920478935514928e-01,1.481278354290016530e+01,4.438409369782085037e+02,1.285572323019126600e-04,3.861151827121086372e-02
1.278675705979099575e-01,1.463826159534600180e+01,4.478001494856261502e+02,1.296173265983003545e-04,3.892991226244157943e-02
7.479039958522658083e+01,2.343494748442230105e+02,2.952212087709135332e-02,6.718455649027311896e-05,1.730223626605591747e+01
1.646518810277121077e+02,7.957397136288560091e+01,8.164189074990259698e+00,1.351292130947771564e-01,2.845649873044540258e-06
2.934671133701700114e+02,1.356744634852113496e+00,3.266560819043769492e-01,8.132223295309035649e+00,3.417625580883187852e-06
8.836020164512299060e-05,2.857758398401042930e-08,6.700082886014091809e-08,3.368908443314776378e+02,2.384708606022451216e-01
1.721009187232234181e-03,1.273989112491449305e-01,5.442027305921547450e-05,4.373928842786548898e+02,3.974528196078389004e-08
3.328538321365585251e+00,5.416278651652097409e+01,2.432046549719157724e+02,4.206672311420139171e-02,2.731957902535131288e-08
3.699529767778343512e+02,1.411965685255671676e-01,4.624126889738641388e+00,2.127793134315562540e+01,3.597300197661105911e-08
1.646055548670971036e-01,1.172541051491688037e-04,1.382102047253432033e+02,6.382164904716893261e+01,1.836789663381934177e-08
3.679290856869910726e+02,2.927269974239036898e+00,1.113572399188686335e+00,3.398262961082639255e-01,3.382128025806338282e-08
1.734657351883584289e-02,1.352689767964320355e-04,4.737960070683160948e-05,4.538831706638139849e+02,4.123314686370466952e-08
2.278718142896664911e-01,5.478616723134662782e-03,1.957920159585202668e+02,1.195061854169011450e+00,1.791585446847583719e-08
5.279755385730809936e-01,2.470905159711984993e+02,2.232472876541310644e-02,2.424591054955898528e+01,2.670946562336199911e-02
4.262350509034925494e+01,1.063889478011395218e+00,1.911217159580888847e+02,4.897308469639080064e-01,2.137496524162260013e-08
1.352685225317329376e+00,2.384806398769378707e-02,1.946132309611458311e+02,1.230663993251215560e+00,1.791585446847583719e-08
8.715937686350080926e-02,3.841555036745403413e+02,2.293465339546077175e-01,1.057768417026353491e+00,3.494417834819497914e-03
2.497510700388188287e-01,1.947564552808139912e-03,1.136746340224964096e-05,4.540383924273687626e+02,3.946839771628068379e-08
1.591758395679981342e-01,1.858107812198456612e-05,3.570095491960352092e+02,1.980435322217565519e-01,1.825292291669788902e+00
1.763342009784622633e+02,5.703026185877334286e-02,2.219243649236198213e+00,7.545188595798164144e+00,4.268576432747559046e+00
2.010386679342591520e+01,1.654825814283125851e+02,2.027322332517422776e-01,1.129712688478102578e+00,1.929490109163539113e-07
6.515526972144652929e-02,8.425610246830048794e-05,1.747929985876594401e+02,1.873243514577710300e+01,3.043175487518917428e-06
2.185618163455283480e-01,2.551338315551489899e-05,1.857914153234820276e+02,1.048707301914284518e+00,9.554240451240333387e-01
9.204497927864001283e-02,2.212994899472341907e-03,2.043770213533992433e+02,2.064310966901495015e-01,1.859328724492370793e-08
6.964029903148977532e-03,1.245718240053960476e-03,6.888365847420452326e+00,1.935069299692255242e+02,1.820501087359242610e-08
5.904989446877321191e-01,2.763512289180494008e+02,2.525054651144826093e-02,1.441453519456042498e+00,2.735014147141305932e-02
1.611713901828526474e-01,1.804330622281329776e-05,3.614835667703511604e+02,2.005253992912371108e-01,1.848166721246208510e+00
1.971451733039624843e+00,3.917970830862554976e+02,4.275276363428239801e-01,2.227434645579615818e-02,4.473983109900787208e-03
1.686838432295598711e-01,1.888433322303003124e-05,3.783328867361191215e+02,5.144793203005558480e-02,1.935100236365275173e+00
4.687419625397586803e-02,9.380440598624650406e+00,2.981470670184132246e+02,4.815502363669007385e-02,1.135056596558148590e-06
4.054742175862838849e+02,8.195949891282248425e-04,1.468266417733491025e+01,2.020665378502881193e+00,7.446723254961658434e+00
1.110164769365577439e-02,6.967451457368063284e-05,3.480392733507665093e-01,3.244557137336580581e+02,2.950676542635017800e-08
1.461640973275911790e+02,8.233239742175337383e+00,3.479412236581293882e+01,7.618947419612285577e-06,2.301551268536540462e+01
1.702978593936692562e+02,1.582235492783819475e-01,4.844556483368516742e-01,2.175157297982105664e+00,1.572613770987521027e-08
2.667248965074105627e+02,2.743136540918492822e-02,1.263522715087803050e+01,2.719659835728475694e-01,1.383827753304009534e+00
7.988216300231638645e-01,2.583560448618676974e-04,1.821969380317379716e+02,2.187249981664131926e-01,9.821439439835133456e+00
6.024276046743285568e-02,1.448388849553476068e-03,8.976749549943244233e+01,3.410789188177113118e+01,1.125866464227076636e-08
1.841077572029133336e+01,8.295723756616237665e+01,5.069798508124921839e-03,8.804905910859436302e-01,1.821238758482758158e+01
1.827645889683887503e+01,1.804889716592632567e+02,7.715466222425608131e-03,6.083087634597841298e-01,4.460223546950701667e+00
3.667980274535817387e+01,1.809317385190407492e+02,1.857894042436180346e-03,3.151478381577298149e-02,1.272878583096327354e+01
1.348980078316939883e-02,3.243290461034363807e-04,9.426683088475739680e+01,3.579809822029524469e+01,1.181658438728595513e-08
2.033437805877644564e+02,1.109162859849017080e+00,3.803285197712889953e+01,6.832833678337903605e-04,9.527028699595749828e+00
1.482338258327277281e+01,1.537835405244713343e+02,5.172124918275069483e-01,6.810814295553708774e-06,1.921300010565428451e+01
6.352262214527479856e-01,7.705277958248079706e+00,3.112466015693784129e+02,1.318784239163034888e+00,7.524572516812231474e-10
1.573714169484888714e+02,3.794336179648557561e+01,5.991405426506276610e-01,1.967484988215028182e-06,2.957552364516798704e+00
2.164535346709257208e-02,5.541454258786313036e-03,3.481363681736190756e+02,2.012612921501403473e+00,1.267436444496328640e+00
3.897702372741157433e+02,2.113562773094372016e+00,1.433629978247436543e-01,3.039213966073803664e-04,9.922504910007236278e-02
5.117460758766458301e-05,3.475448559873840076e-02,4.190138403458821017e+02,6.639347157819937006e-01,1.488198228195551476e+00
2.565988911405481590e-02,4.377654320385795939e-03,3.616120583379601499e+02,7.251166251885290404e-01,1.284865568434835570e+00
4.414544057983391112e-02,1.478441996189639937e-03,3.220298338491878098e+02,1.697753065765144287e+00,9.916609577877689707e-01
1.062795836735287125e+01,8.555875995416653268e+01,2.950588940644668368e-01,8.711349116503908085e-02,2.964354745657397316e+00
6.194909592983417106e-05,1.740599525138267515e-03,3.519176936140710268e+02,5.351113709531756690e+00,1.618873363620409789e+00
5.727521498539122291e+00,1.178165945379654431e+02,3.788657864126450669e-01,8.651960752495369000e-01,1.667244564192398082e+00
2.082088234747186132e-05,1.976480194356585614e-06,6.471572293811894228e-09,1.513957906834531570e+02,7.322094685336593377e-03
3.916739098068487968e-01,1.062013639062107192e-05,2.603034404248845135e+02,5.372606992557144023e-02,1.010170058471760557e+00
4.039437900307158458e+01,1.607396497897045085e-01,4.151298354357663101e+01,8.708495313027727595e-07,4.558571495527727890e-01
2.179030459294063462e+02,1.861732790312828900e+00,6.739402764502797627e-01,2.339142126855834787e-06,2.317575372293283920e+01
2.370581323419794444e+02,5.701979381608465042e-02,3.170183697501984810e+00,6.842866440211727019e-02,1.490025493686497393e+00
3.038923417134416216e-03,6.244173377350941551e-02,3.029905021083322936e+02,4.801575895809882533e-01,9.335835372588365336e-03
2.344049725935181527e+01,1.624855083690967774e+02,2.575540738720731148e-03,4.877693981464622380e-02,2.989007702044162773e+00
4.185515843323127372e-02,1.440113474813795036e-02,1.317740010088705205e+01,7.086400136078665035e+00,1.096613825838202855e-01
5.825266699800529580e+01,1.528738434158146905e-03,6.441601582455315622e+01,9.708742093492442882e-01,1.415760298699331454e-01
1.461348188787959259e+02,2.739029364427373880e-01,3.844392236536887442e+00,8.417652929323297784e+00,5.501443555028033838e-01
1.308649913363547608e-03,1.436567243611150957e-01,2.754639745957013588e+02,3.165886125659727601e-01,7.953801425800735014e-01
1.284529554186816108e-02,3.089615979141354208e-06,1.774684145215598807e+00,3.782159927796561050e+01,9.259046277024616245e-01
2.777423563720789730e+02,5.761683228930111061e-03,3.139981065320871068e+00,6.020401459882918083e+00,4.904602301552575816e-01
8.380758175665812360e+01,4.212539200780135218e+00,3.416671944617897822e-03,1.199714666065970076e-01,1.855693084788621761e+01
1.437652461243403169e-07,3.457915002602985415e-11,3.535319906702366003e-05,1.351931317571678051e+02,8.352835995187025686e-01
5.166329717200646848e-02,1.161066953763530054e-04,2.442590504699173835e+02,7.362630649378766989e+00,1.488196434424477488e+01
9.105751652764369763e-02,3.459253719463396548e-01,7.167157108759853656e+01,3.855082211196256370e-07,4.005356383428326228e-01
2.844469377722368408e-01,2.196272209553352468e+02,1.764414637023760390e-02,1.605284010675944373e+01,7.787992721765707449e-01
1.466596565602631586e+02,4.094516221829503877e+01,3.224219590806303576e-03,7.332809356274679891e-01,5.335611195951565300e+00
4.798121137213194609e-02,4.304426650994680231e-04,2.283723597339665616e+02,6.883762677425691479e+00,1.391403638159357214e+01
1.400893913572482719e+00,6.023272437555646100e-04,3.087665151267659098e+02,4.625195691562195878e-03,1.409333334083203937e+00
1.902408561502488826e+00,7.842677049153858331e-05,3.257276438464444368e+02,6.459378615215099345e-03,1.153613743824367210e+00
6.203269721029780470e+00,5.727821054521294291e-04,6.731114642499460388e+01,4.346808975650918683e+01,2.314094202754351515e-01
1.867966825441324943e+02,1.268113320308029701e+00,3.444581195412381169e-01,2.007767470931355192e+01,4.444389607037884105e-01
1.453366781215882781e+02,6.893052664113398509e-02,6.620090831159348987e-02,4.231055659824055404e+00,5.755466536654390008e-01
2.013043767775049275e+02,7.671235384684703718e+01,3.777199318381059979e-03,1.624330295239685695e-01,5.743747099581483252e-03
3.754281245703014187e-04,3.204524969377916307e-03,2.526754786358756388e-01,1.358263223740386252e+02,2.115450319849867596e-10
1.871259000838694249e+02,6.460403092698821581e+01,3.420060806034949229e-03,9.540806758706673607e-01,1.189593674708757515e-01
4.108957607837387298e-04,3.799042781273587367e-08,1.684404833825613821e+02,2.778528512256224658e+00,3.051625168062447102e+01
3.570764466842715592e+02,3.297083766095364188e-02,8.159346310364939308e-04,2.853351998874618989e+00,6.153453892539633152e-01
2.417104911312418380e+02,2.429166162293491804e-02,1.679513082731832796e+01,1.487505901848300838e-01,4.422022942093665754e-01
3.174685408053254605e+02,3.602585077982149112e-03,5.430532308773077486e-03,1.684648098101464653e+00,5.717597795348168255e-01
9.567206208966278780e+01,7.867188769511240309e+01,1.049766989052768875e-03,1.453469008442599630e+00,1.525071138245784885e+00
2.156155163248065207e+02,1.990896977927452891e-02,2.912272918654528787e-03,1.440708624943623875e+02,1.275021313545567636e-01
3.429078510034298120e+02,3.166257307947655669e-02,4.631583408714159619e-03,8.458540881112991627e+00,6.007108256609341446e-01
9.384054279112444164e+00,1.349137354167933081e-02,2.222049527718787090e+02,2.457604377383906334e-06,1.018482133625894681e+00
3.899588262036090782e+02,1.673124812476652623e-01,1.706305927208445034e-04,6.287570655768162986e+00,4.253011962149964020e-01
1.235131573428055773e+01,1.775737962996533359e-02,1.783829807400143181e+02,2.024127916301954399e-06,8.388405139160096669e-01
6.049154873228382856e-01,9.895022815932478011e+01,2.816009448722139319e-01,1.978441070513425215e+00,5.468922872195173257e-01
7.480759407048015590e-07,4.503966618629049254e-06,3.162381551350147326e-11,7.520529183579245114e+01,3.601630144899128361e+00
2.511738801562986567e-01,2.028701484049439063e+00,1.427529982848667056e-01,6.106629191537495416e+01,1.388604698415051714e-02
2.760100816706556657e+02,1.160352559516986994e-02,9.318072093783461018e-02,2.000237771424633770e+00,3.001636321980868383e-01
3.181055197929865686e-01,2.263783332821967633e+02,1.361762723190882707e-01,4.711592836161224263e+00,1.238117485320266775e+00
2.281649756598733916e+02,1.317440240466456771e+02,6.733697318850865088e+00,1.871182844792358493e-05,7.094438167091147163e-01
3.758704535266503277e-01,2.572389074073078064e+01,2.173236984776337477e-01,2.029264719533330208e+01,1.782946154449078335e+01
4.146848002228397334e+00,2.716679133908978088e+02,1.609150656989481428e-03,7.485739973764364841e-01,6.901642355769894710e-01
1.943106448306373579e+02,1.794177349415290376e-02,3.592040918572996233e+00,1.600730872601023691e+01,3.194479404020713620e-01
2.420343954150717138e+02,6.408400303279035426e-03,2.184343745840961581e+00,8.780096350020346607e-01,1.822633374290932551e+01
1.904382229201775374e+02,2.288775144241536275e+00,6.768106756334494101e+00,7.324401146534988971e-01,7.962665528699137685e-01
8.545515533301257349e+00,2.378198972809113911e+02,2.293583610457133659e+00,2.049919260095044160e-02,1.373701324155668368e-01
2.495862409112230580e+02,2.304567413478205914e-02,5.126094805762938522e-01,1.127746135281064488e+00,9.534817358023852663e+00
8.328816371294443854e+00,2.875338019748192551e+02,2.641092733070826010e-02,1.510087286698151145e-05,1.037322964857029933e-01
1.332426275212838518e-01,2.746336526484120668e+02,2.610921457864409323e+00,1.415614210808423970e-05,5.321549790999490215e-01
1.525169410903387257e-01,1.391900630622528752e+02,1.846859211954818558e-01,2.618283011431423238e-02,2.979050585818787766e+01
3.116919193406935165e+02,1.515943195396239140e+01,6.210891858259474096e-01,3.051027582081766460e-03,2.082166482645239824e+01
1.860134283441578589e+02,5.179682189376528356e+00,1.397156132932381445e-01,6.812875301730513256e-01,1.344418406985425030e+01
3.158695350104528998e+01,1.868746653432745006e+02,1.315410119599241248e-03,7.802428625399953077e-01,2.009805135096567597e+01
1.137320862002292330e+02,2.292884401400895555e+00,3.259874308069171667e-01,5.938040452238629865e-06,3.043594911499361899e+01
9.092458851812131745e-12,1.707345253278235260e-08,1.198375873374885045e-05,7.967418308556976569e+01,8.154319595725825209e-01
1.303304519979725562e+01,2.119356323330494831e+02,1.354590690049074656e-03,1.782691371902714664e-02,9.962730067214253804e-01
3.215586829736846397e+01,1.902404778192453989e+02,1.339102061914871017e-03,1.380560952055266188e+00,1.574811128182636821e+01
4.796415177405642938e-01,2.132831542639819702e+02,3.806299082013385460e-02,3.761475569699227250e+00,4.526338249109861933e-01
1.993470862919184228e+01,1.179376796712172109e+02,8.301629171434184596e-04,1.136273675171962871e+00,2.289333508358049585e+01
4.451901735471125221e+02,1.686951267078420358e+00,4.261144152468884450e+00,2.302411029507899016e-05,6.749714266930896267e-01
1.049991040962636830e-03,3.991692672703709377e+01,2.225085633438515913e+02,1.833750458571021960e-03,1.752172071885405202e+01
1.249761654524435411e-01,5.065936294520135760e-03,2.550541377330456783e+02,2.707836753347724343e-06,1.030532544884083812e+01
2.411674851245712716e+02,8.269010590212998515e-03,4.867099731568197640e+00,4.515427773182703497e+00,1.076038608847467992e-01
4.268849683066898632e-04,3.581362221497621286e-03,2.552108188863282945e-01,1.330065272675394112e+02,2.071661709031264358e-10
3.641673820862715693e-04,2.102777383219462877e+02,1.513481854800604935e+02,1.133574455166451028e-01,1.563085389242095280e+00
3.964030254030321885e+02,6.903340954306429467e+00,1.133142335784870669e+00,2.064081124655421889e-05,3.729810639396617500e+00
3.125416701502574997e-04,2.616169715587428508e-03,9.089457860218581875e-02,4.814117328253892225e+01,2.149254387795801469e-02
6.306905357563826753e-01,2.804504236084935087e+02,2.255948831330744503e-03,1.775183192447592928e+00,1.821627263836312594e+01
2.226705980701748899e+01,1.422903278587831153e+02,5.805489797988843542e-02,1.679068020594574495e+00,9.723738731226853060e-01
1.396465804254071088e+02,1.311739647928424346e-01,1.137542622602539524e+02,7.828035754615797346e-06,5.966519214035678198e-01
6.417433527156514828e+00,9.255643856450360829e+01,5.602489365652856728e-04,7.525794178737614004e+01,1.818505890885710246e-03
1.245435035502379009e+02,1.341896301968470206e+00,1.411788234506516346e+02,8.721592686361942052e-07,4.137043150761391189e-03
7.227800009117903812e+01,5.626697391003195747e+01,1.419007127386676075e+02,8.832022104487613812e-07,4.047192331589130956e-03
5.558897021151960161e+01,2.025272208528494957e+02,2.121940235008302478e-01,8.090638643210849138e-06,1.378636736420630005e+00
1.402623263243468776e-04,2.893908941513805011e-03,3.393137549608289305e+01,1.171549146385504940e+02,6.807023628734895637e-02
4.894071408053351973e-06,2.406442756454067636e-05,1.397878486544286862e-10,1.922578453392010545e+02,4.145096944779183001e-01
7.118511578185675148e+01,7.563928973050695337e-01,5.334978314177909198e+01,6.394315712798594683e-06,3.985205997689866275e-01
3.484210868060584776e+00,1.571555379581752447e+02,9.646601704748296703e-04,1.029543407497527312e+02,2.751206033528039250e-03
2.708284703118458925e+00,4.083987573922527758e+01,3.238342921785697825e+01,1.228494074384940821e-01,1.182292326070410565e-10
2.824015003936776580e+01,1.388584244839277062e+02,5.500321982766083430e-04,1.697354354779688990e+01,2.070508954457434658e+00
1.777175232877195867e+02,1.300626251116712706e-01,1.290061884015443923e+02,1.442284444408130084e-01,4.791700288909486911e-03
3.735634314255644739e+01,2.132489257253952815e+02,7.041084976908625892e-01,3.912965624514633800e-06,2.318053642454262597e+00
2.517918511124040037e+02,2.917770619844222679e+01,1.366546607654904655e+01,1.503687392958875710e-05,1.461878422797149213e+01
3.364870708791293241e-01,2.017738152605016655e+00,1.750656861580380586e+00,3.311920600823447103e+01,3.135219873046121708e-02
2.783771707060023366e-03,1.252621292303332003e-02,2.558711297962667857e+02,6.353770116150382563e+00,3.406216240869038847e-01
1.622251408388737275e+02,1.334163995026462430e+02,6.915996523847124655e-02,1.509177174193798222e-05,2.727094886826334719e+00
7.186008683445349732e+01,7.494645573524155679e+01,7.671957645730542730e-02,8.455922384151945762e-03,3.358033162872210431e-01
5.657233822712157308e-04,8.580810875337274365e-03,3.474657106731256135e+02,4.710141149202435873e-01,1.455690976102367584e-01
5.244275676798869767e+01,2.600665754153786935e+01,5.833681674885836799e+01,6.754763229079430165e-02,2.127438901966339277e-10
9.967908827236496450e+01,8.598486075958598462e+01,1.029542444568583154e-01,9.431586336841766768e-04,4.246764876377597253e-01
4.716418269211750669e+00,6.780753686641583476e-03,1.018022224443650856e+02,1.130373566267543451e-06,4.493472227307753641e+00
1.405828419792046873e+02,1.518675537000254039e+00,8.043761690867050167e-04,1.057267678722447499e+02,2.586652807352446664e-03
3.455510501230896381e+01,3.478624154873782004e+01,3.383065160278795891e-01,1.869510964320246105e+00,1.498992824433354976e+01
1.630067166467418005e+01,2.343533443725853357e-02,9.572684051089895263e+01,1.189006599513635143e-06,3.665640951965457361e+00
1.669174455211408850e-02,1.947911806242391037e+02,3.980824365180654157e-04,6.918272050383724725e+00,6.315488485608641511e+00
6.062680155089900103e-03,3.135680943441740851e+02,6.407767968484896640e-04,2.191157682178154244e-03,4.707174254012147507e-01
2.873719763771307324e-03,2.400369378916353269e-01,9.778043054624625086e+01,1.251153947790572429e+00,1.980936692149630574e+01
2.176583407113493251e+02,1.000539807140987447e+00,9.313630716342517601e+00,1.962800396354220499e-03,3.538850576007040449e-01
2.846717964335766550e-06,3.936942313659194115e-01,4.647697036075168171e+02,4.965924029335535117e+00,3.397516314217123856e-01
1.523864673554078675e-01,2.210217187974483849e-05,1.714294703598902174e+02,2.322033723008409822e+01,6.476660481567477756e-01
2.750699031135611108e+02,3.954656167365639963e-01,2.056555925009409869e+00,2.944869340755968984e-06,1.901637079615163373e+01
1.854533655763003219e-01,3.556979723202929904e+02,1.829593683673642346e+01,1.496328737956247046e-01,1.144563653438372131e-01
1.889783425430625538e-02,2.781536439711256321e+02,1.687503027657399901e+00,6.343897840647011455e-03,4.399061511737847319e+00
2.739007682794537004e+02,3.937847617139496048e-01,2.047814906297428461e+00,2.932352706659684763e-06,2.082555217162122574e+01
4.294426843332514565e+00,2.808392576768430899e+02,5.947112530993619028e-01,1.004449921404804036e-05,2.608316006671168585e-01
1.362162631738747542e+01,1.929350986150512171e+01,2.520688355786657553e+01,1.430641547070819197e-01,3.533401710380240234e-04
3.491414193049396264e+00,4.094060756850320217e+02,7.076695337342716385e+00,3.607487038913984381e-03,5.309972873679415228e-02
8.292173935717126909e+00,1.538916286293827386e-03,6.573460734906677594e+00,6.417266673258926346e+01,2.374825446754273706e-02
1.486235548392285111e+01,1.350385289326903535e-02,1.505140291609565111e+02,1.755002285001718904e-06,6.598241963917411690e-01
1.411006283727182904e+02,2.028591510365888584e-01,1.054936690702453328e+00,2.658593834192857046e-04,2.542026212973829402e+01
4.412103820149451618e-04,2.089641028493045383e+02,1.534183019272702495e+02,5.504170342348786021e-02,8.573091015505465151e+00
2.814172326888414108e-03,3.891932481706491558e+02,2.702634308047892020e+01,4.502085830697977742e-01,2.943722224223807693e+00
3.750989604905892727e-01,1.158141929900466636e+02,9.107452116901424422e-01,1.627397487352321677e-07,2.681380975389345878e+01
2.011018925302165885e-04,4.141831420225781990e+00,3.293168019980958547e+02,4.331890222028694608e-03,2.968254539011908122e+01
1.293660459806297293e-14,1.493534623085607298e-10,1.167520220406329834e-05,7.751324069765797731e+01,2.248593951461757001e+01
6.250107872827596629e-04,3.623769095319782983e-04,7.717901146441060689e+01,4.852202511595405943e-01,2.253002377892322272e+01
1.959399514228897475e-15,2.262132225480679912e-11,1.768345422769674162e-06,1.058475485486194430e+02,3.020955111434007634e+01
4.050509252297298701e+01,2.407544287740474545e+02,1.311888824670199016e-01,7.519893250718107450e-03,3.128107837065887686e-01
7.200059111419044536e-04,1.489123925438212837e+02,2.763444881592946878e+00,1.747202123517880068e+00,3.622395096306915696e-02
4.351728838782356037e-05,3.620895868331959644e+00,1.306310790092135505e+02,4.697068093981915382e-01,2.823552764265629378e+01
3.764308828799378830e+02,1.001628753429232264e-02,3.259209165964727539e+00,3.539294333606469944e+00,5.351880967507615106e-01
5.456034729502759362e+00,2.362194656996948936e+02,1.968006786956099674e+01,3.231246043367611270e-03,3.226781088726621283e-01
2.934690044143317245e+00,1.095506651182399764e+02,1.565706905535254679e-04,6.507207703830900414e+01,7.580545886336865768e-01
2.184021357918802764e+01,1.087807364270088470e+02,1.818139998198362592e-04,7.556340564822966144e+01,8.802729064681114046e-01
3.444793337941821676e+01,2.724649609798091454e+00,2.083419761670214712e+02,3.745636755356414891e-04,1.464561199353095200e-01
5.610390330890600765e-04,4.668176699754005909e+01,3.228798392110027038e+01,1.963373668682996120e-01,1.869155619288279460e-02
3.953631366730903096e+01,1.727513549265618167e+02,5.579317402248535895e-01,1.091916335599996471e-02,7.992300588199634959e+00
3.209515553049407388e-01,3.628471422563079880e-04,1.749178293195037099e+02,3.610130769151907337e+00,2.159909591884999980e+00
8.786841566912396218e+01,1.154699080043497190e+02,4.212460367422771190e-01,7.155740703303543502e-04,1.215483731579945076e-01
1.489380842699329719e+02,8.924468773601843452e+01,5.325526058045936262e-01,3.317545654810244310e-07,4.831778609987313011e+00
3.160617758920260950e-02,2.201321559149950815e+02,1.725745021312883987e+00,3.083708896238344684e-07,1.813055713890664222e+01
5.159770049846256512e+01,6.650182430074774231e+01,7.832461707909456550e+01,2.996700024581940578e-04,1.171723492895283825e-01
4.325383753856815616e+00,2.407881843300741878e+02,1.656221474038690360e+02,1.115032388916352939e-04,1.299116613792338643e-02
2.604964497239960224e+02,2.922672359309400747e+01,1.151370376694415276e-01,8.458116063939109114e-03,6.635035314255539884e-02
7.381114176662221382e+01,1.066216805282112148e+02,1.219176552494162280e+02,8.207968349326041403e-05,9.563047812856903182e-03
3.181482401865173381e-07,3.649997953358623259e-03,2.853264114621405838e+02,5.597959645557443187e-01,4.763545882575896506e+00
3.121784003369040938e+00,1.957301966471719084e+02,1.343633986005130225e+02,4.462378972161517871e-04,1.053928550724330705e-02
1.846266542854015924e+01,1.687788054805884315e+02,1.265182288253017191e+02,8.517696765791748430e-05,9.923910273529673934e-03
1.170684505610427806e+01,2.568173110540181483e+02,2.556440905355713000e-01,2.300293678626212646e-03,3.351523289471768141e+00
1.863767846732975299e-03,2.577545998784121366e+02,2.323370053732216611e-01,2.085424955623695453e+01,4.870525259902158233e+00
5.109876096005999632e-15,5.862373238778159524e-11,2.591065105427366836e-05,1.720224923586598322e+02,8.812438456141888921e-01
4.275700928583054505e+00,2.426108544322356693e+02,1.668201470185510686e+02,1.123097785925259129e-04,1.308513552711111985e-02
2.908709675685553293e+02,1.601514140224945137e+01,8.619801763617084278e-01,3.892205950644389741e-03,4.729827373257159406e-01
2.774322768525881190e-05,5.305623012204569583e-02,3.054723594361627761e+02,1.840621217181235281e+01,1.324003496684571235e-02
1.725137598509783834e-09,9.542315317680597387e-14,6.842236048065188510e-07,8.820134894497590494e+01,1.010281487611063955e+00
3.516813465144691412e-06,6.725564401512247777e-03,3.872257832009334066e+01,1.557815469944130200e+02,7.718458320188685551e-03
1.287170324203946770e+01,3.871991693529956819e+02,6.831374750960315934e-02,1.150934824496599798e-02,2.666534960099752744e-02
3.689742434891030598e+02,4.715939872328537064e+00,1.017751154925630841e+00,5.553541701846535561e-05,1.077607997288763997e+00
1.852281213923774594e-02,7.678837893884672694e-02,1.613647035962457323e+02,2.045305513087283464e-04,2.858334641360277573e+01
2.688134624409241813e-06,4.062720867528735180e-02,1.355342983490094753e+02,4.914126701874153014e+01,4.231414054960547233e-02
4.292526160634662635e-01,1.223949878275724067e-04,3.424659705998919890e+02,1.523374306011518264e+01,9.142129712890998978e-04
3.863038673641164822e-01,1.460141107097196027e+02,4.520161368707479310e-01,3.855514843608612852e-01,2.376212695643432227e+01
3.542832407126963403e+02,3.454126699201419490e-03,3.610211608315013088e+00,1.056605729877986566e-02,1.739184411959718846e-01
5.443569763174387934e-03,1.936522198860678585e-05,4.554051421187854665e+00,1.680167693620587386e+02,7.291655050813738818e-03
1.309392995827799666e+02,1.602809481927691593e+02,2.137643416304013666e-03,1.860707784774709161e-01,2.379531297139904922e+01
1.312069454390049827e+02,1.639667173016077015e+02,2.004144025597460188e-01,3.353158113741956381e+00,7.441373341335955419e-04
2.631658287348348058e+00,3.439486734533528655e-05,1.092528024370492261e+02,7.477978251508280039e+01,9.292110232228360800e-02
3.190832332036880881e-01,2.702630002608753443e+02,3.168528628280318227e+00,4.057254464840195788e-05,3.117007743882208803e+00
1.210863528712497157e+02,1.527031684188787040e+02,2.525900734464090001e-03,1.290607079025400594e+01,9.358761157256735574e-03
1.508922612937848555e+02,1.764795365745844435e+02,4.556755711532905193e-04,6.247483225311202260e-01,2.362346292490425981e+01
1.334180163125486551e+01,1.901223958897540740e+02,9.832998494238035514e-01,2.869840613892285335e-03,1.765881909735331945e+01
1.277493316385479305e-02,2.048792290238382918e+02,2.734151742754244108e+00,2.885484003957239388e-07,6.315346752983245437e+00
3.616091900767185452e-01,4.032109795286368694e+02,1.376780673137053768e+00,6.001749637238940397e-05,2.632650115759244791e+00
3.217563075879306780e+02,6.848743751725247172e-03,1.687765978673127876e+01,1.037939942407331007e+00,1.048926855594426222e+01
4.214195898044222899e-01,1.679152215705492495e+02,6.395553092241879067e-01,1.294703580811026045e-01,1.460997179268635016e+01
4.850403494913057001e-01,6.339310296512002294e-06,4.115990997132294069e+02,5.940459448313962554e+00,9.145654749479405210e-02
3.227961577735937837e+00,4.218834595502731058e-05,3.931169190848530093e+02,1.170114379162791145e-02,1.681757773698105973e-01
1.550600500432456341e-01,2.026581443889614060e-06,1.315819953251790650e+02,1.199368509514094825e+02,1.389074939844465659e-02
1.212212345960057558e+00,9.945343082469842075e-06,1.723789382079714869e+02,2.624342288857556826e-01,7.376680916106849450e-02
3.031454336808457697e+02,9.597619163364239370e+00,1.643683903366310872e+00,4.659521969527166956e-05,9.260983320021061616e+00
1.328498605879464023e+01,4.010225812405831647e+01,4.088471760464823745e+01,9.625702714374176350e-02,1.466986310033294144e-10
5.075494981414331086e+00,1.671568563231482685e+01,1.668799877762470629e+01,1.259681494568705062e+01,1.021750150870255830e-03
2.641852292052355722e-01,3.452809947550874633e-06,2.241842407800698709e+02,8.071595562694673731e+01,3.649431475770216482e-02
8.711517108711467998e-04,4.727692644664428512e-01,4.034936913118453390e+02,3.002942948924101629e-01,1.708102650989610366e-02
6.823153053077424701e+00,7.299681827927627376e-02,1.873470254943706550e+02,5.161865307002713776e-08,8.165801727533271048e+00
5.535151273276987111e-02,7.591199227264709748e+00,2.891170854237504955e+02,4.761988655526625805e-04,6.408012093627492023e-01
3.140306771948901599e+01,1.036580564401460833e+02,1.034959195896797581e+02,1.054422404541541236e-02,5.768966130078637090e-05
1.328473615885073400e+02,1.925918752920855468e+02,5.557008865397379538e-02,1.020956345909499321e-05,2.894341499905579695e+01
5.519068319823779234e+01,1.821783465563359528e+02,2.441774420809721957e-01,1.269371169138340364e-04,3.868706224713170863e-05
5.592588164986217025e-05,1.977608155122948741e+00,1.514230981861911962e+00,1.809476341227842227e+02,4.010832261246929237e-03
1.841463937107795914e+02,2.998801978368494450e-03,1.469228182011364368e+02,1.007765185400028539e-03,2.052881120737201215e+01
1.483651259306636518e+02,2.150883351333706912e+02,6.165878117458425262e-02,1.140211949602880511e-05,3.803450162333698037e-01
2.621576818386681454e-02,8.500281610256821274e-02,8.517278763004826336e-02,3.981619706925421553e+01,3.452397452458291771e-02
1.197054911460833893e+02,1.923144619051504189e-01,9.165549708741319535e+01,5.621868833791287072e-08,2.406260786882462366e+00
1.198411258523977979e-01,2.985635899581524200e+02,2.959518934501390725e-02,4.643146415704623564e+01,5.304593381904516847e-02
1.149914778017533301e+01,3.886249146981981539e+01,2.554026685848093670e-01,7.721698626884325733e+00,1.226437932061458539e-03
1.151630135374280854e-03,3.792790137337971601e-03,3.786507988240862127e-03,6.410127896801556346e+01,9.966120801608404319e-11
6.214807588644322221e-08,2.347156391083234789e-03,1.834699856273669809e+02,8.148483805768141908e-01,4.813545981020330267e+00
2.130519315648189149e+02,2.639806965553902707e+00,1.092644900323858081e+02,5.618569555352173443e-03,6.750984869684385076e-03
1.727250166591131517e+02,1.887927114281761631e-01,1.322160933099623605e+02,7.518388438334706186e-03,2.466748169269738998e-05
2.279385003200845006e+01,7.506949231166602488e+01,5.162654544568894277e-01,1.652487152945709969e-01,1.531913574773929614e-10
2.925644758975936427e-02,4.018929629970625114e-04,2.637701817065860155e+02,1.627269807491412124e+01,1.706686623199672681e+00
7.823470801702802138e-03,2.941086626935206709e+02,3.730341996629369827e+00,7.153598648539316596e-01,2.581782118837852913e+00
1.181039764978846981e-02,3.887811980280499711e+02,1.148558996583280756e+00,2.054220059909358742e+00,4.281173062814017105e-03
2.953086917725429430e+02,1.326589721290561685e-01,1.503231894340995289e+01,2.978148453484336794e-03,3.372802074061422850e-01
8.144691993106267347e+00,2.444577464645394684e+02,1.279626044421965361e+02,1.682097922208423274e-02,7.906474028865637452e-03
1.401972095840922916e-01,4.475870229825030719e+02,1.322660427586158649e+00,2.801067128939768551e-03,5.453771788288408126e-03
8.784064252872963302e-03,3.022545389168641918e+02,8.517126269524705862e+00,9.483136447879677439e-03,4.135993851078337613e+00
3.292494690080439455e+02,1.207728266765969831e-02,5.969766560078072076e-02,3.500633057338057436e-03,3.765071862187795593e-03
2.977814775896693504e+02,3.001983261791214552e-01,5.404451388572793086e-02,3.169135844294565692e-03,3.408533256518337003e-03
1.150303630906447661e-02,3.786633075202462919e+02,1.152667409376578300e+00,2.000938832195426453e+00,4.170130355513898893e-03
5.576256196834955148e+01,8.926201208497987238e+01,7.716641994173312202e-02,2.505721634312540330e-02,2.811026305985317553e+00
3.501153263185790365e+02,3.839959126648770371e-01,2.140701350944716752e-02,3.621300354803425178e-04,2.152791146752700779e+00
5.932007042047688673e-03,3.189986614592787078e+02,1.476890991168110290e+00,4.625596710868951966e+00,2.052479584454700197e-03
9.556074283088852317e-01,8.399694565999118318e-03,6.691456866477559773e-01,6.486055143803390877e+01,8.291043323063615181e-11
3.158293219463810146e+02,3.463920588748422569e-01,5.732510297181431236e-02,3.335714001544591643e-04,1.878241556455301220e-03
1.050832104158167191e+01,2.995503431462250357e-02,1.770710158460388186e+02,5.576650839891505119e-08,6.418464865714066825e+00
1.414722245042552231e+02,1.990334052555048743e+02,1.377006488951566278e-02,2.914206103158685501e-02,2.373345221856002774e-01
5.685396241929661530e-04,2.086795149414560910e+02,1.176507134057420245e+00,3.861804034918573159e+00,1.761340372057522141e-01
7.057435035316567302e-03,3.795194971354357563e+02,9.803046146336492628e-01,2.061111778294584251e+00,4.646310983614479646e-03
8.532570336527362542e+01,1.374320959963482372e-02,1.547567478109798458e+02,3.265484328110472385e-06,6.347672957950258044e-02
8.148455158180188747e-10,3.077440182850423440e-05,2.122324500396084868e-07,2.037841994418297702e+02,2.754584631904007708e+00
4.111539169366193391e+02,8.891639118794245178e+00,1.698666353186762193e-02,6.300877607616839522e-03,2.466043481125746784e+00
3.747425005021048250e+00,2.870977903757956824e+02,7.512436306455897439e-01,1.579506076354709965e+00,3.560639703551192557e-03
7.704152194166672026e-03,4.142972555827212204e+02,9.374957913021125799e-01,2.249265933775722370e+00,5.070462030845927781e-03
2.913433145967690621e+02,6.300607890030504699e+00,2.871160247792851981e-04,3.142504386765362767e+01,2.431800104278588837e+00
7.573879186861550927e+00,3.203985057582964942e+02,4.643776448773059905e-04,1.327577524545363374e+01,5.501634581900780585e-01
1.868187566180719598e-04,1.821246661197667436e+02,1.180238125271718701e+02,4.438477453842721410e+00,2.510226751947462476e-01
1.648606262231607325e-07,6.226317821724950546e-03,4.884821847674197137e+00,2.022289690439578465e+02,5.329188425792180488e-03
1.485451753043544017e-04,5.452273475821131399e+01,4.272701511793108153e+01,9.002585671751168661e+01,1.441932194907644682e-01
1.070554988077312882e-07,4.043182264987590230e-03,3.160431042704186098e+02,4.410510065078610681e-02,2.832138093492808206e+00
8.110518950198328247e-02,3.630687282828118896e+02,5.141855599630985787e-04,2.934484336474245936e+01,3.507211145234764415e-03
6.865137986993487118e+01,1.884666789167354750e+02,4.850577869205112305e-04,8.885525595166794688e-02,2.317798347287415961e+00
9.838036498753131639e-08,3.715547088851326937e-03,2.904328716991674924e+02,6.281289322571952027e+01,1.739493388885567482e+00
3.740602740748921207e+01,4.914996483924513271e+00,7.983936362094008602e-05,8.076058485144525889e+01,1.542838123974871467e-01
4.917311620861397614e-03,1.352539207158384382e+00,3.583040780377643273e+02,2.120490686561929128e-01,1.852154146921132331e-03
1.418473809024896859e+01,3.113155133821497884e+02,2.457635749949018955e-01,6.276007096860877071e-03,5.584387657818989069e-03
1.433736632361213026e+02,1.260240287293545425e+00,6.653403283137059310e-01,2.626702108616294939e+00,1.775050466017351683e-03
2.628160435994803826e-10,1.950246537875882135e-11,2.206738397828657914e-05,1.451246177714667454e+02,1.487116521037357364e+00
1.783121981201715611e+00,1.955994924235410822e-03,3.739922553389158111e+02,1.230216222769286789e-05,9.920811296875423069e-02
5.205395660829734705e-01,3.335230072945726647e+02,4.730921070256073873e-04,5.016171049345205191e+00,8.239449214360432094e+00
2.472091186385620745e+02,5.754731653129950608e+00,3.581727073064222794e-04,2.249636890582261906e+00,7.220989967754994771e-03
6.499272870289030113e-02,2.781653363068953126e+02,3.939476335868761212e-04,5.932358930979592060e+01,5.724724756808401427e-01
8.285388500151898938e+01,1.031966422107984584e+02,2.634298179387392831e-04,7.068287878471126717e-01,2.692830703570443518e+00
9.115242817424872024e-02,3.026709044049994191e+02,4.337879125491048704e+00,1.541508658617984118e+01,2.248433421611800796e-03
7.334111387991707149e-07,8.024863654365984832e-06,2.555200678904248231e-08,3.278271580682988429e+02,2.965321496525994971e-01
1.990515817177928025e-09,1.101021135285095534e-13,2.992161925223951033e-06,1.546243882559549263e+02,3.394587415461928770e-01
4.827747752059683961e+01,4.243542416863937405e-01,3.377390068737604878e+01,4.285444198956070427e-01,1.033726363978284417e-10
1.697709305515075329e+01,2.215693775890225652e+02,3.320377624620300151e-04,7.881003187697168677e+00,5.373084963480731169e+00
3.058494814378258297e+02,7.818468771344994295e+00,6.669732319709925465e-03,8.999454282559989776e-03,2.473591314616307990e-01
3.451235155813028541e+02,9.928392914578551554e-02,1.010192973270884198e-01,1.805996712373950652e+00,2.061748383701217900e-03
6.441803837391010899e-10,6.181421997275015911e-12,4.345804732977407177e-06,2.244601598058889351e+02,5.420608478729722624e-01
2.711298952048552735e+01,4.286360358431418405e+01,1.189272875382943511e+02,3.815912508812580961e-05,5.723448965903393110e-02
3.708310057268841664e+00,1.360254548500636868e-04,3.149814112863542732e+02,8.902506730641682964e+00,3.529039275159384734e-03
2.068054765806726323e+02,4.822906359513067009e+00,1.024192487633027726e+00,4.312571973208891365e-03,1.664294143736022491e+01
5.810046352033603617e-02,5.106973148769304712e-04,4.068372995558333649e-02,6.859775988558880044e+01,8.565777223018335980e-11
6.621637788546999914e+00,1.368729119457034642e+02,2.563473241865366958e+00,2.379361799551622299e-09,1.264045901822831830e+00
2.777297953261477801e+02,1.018747654625135578e-02,9.218892686165999217e-01,7.784336822539748901e+00,3.085785971187026376e-03
2.046038551319305565e+00,5.773718929973011171e+01,4.582092285614652871e-01,5.031622494471138296e+00,7.205929103585810569e-02
8.142578708631061923e-01,5.888021051220090896e-03,5.692873765908623707e-01,5.518124663909291883e+01,1.643785209738845773e-02
3.691708487507471403e+01,2.397015492511663126e+02,9.644124108343161061e-04,9.517466029520319282e+00,1.699487062229017471e-03
6.024198734842735048e-01,6.222309810043984146e-02,4.408409571654943182e-01,4.390421815187077215e+01,5.612221399476752779e-11
3.109282285729052475e+01,4.948630879312165831e+01,1.437201309169496142e+02,2.415386328273527425e-06,1.143917338464615647e-03
2.733416159485639341e+01,2.948801348254839922e+02,3.338275269012172530e-01,6.541242195386140490e-03,2.080259314355634506e-02
4.336349756526850285e+01,7.315659295880709845e-01,1.916894398163671021e-03,9.042025224438799569e+01,1.201543251111228177e-03
6.392888286977497225e-01,5.733998481110749029e-03,6.113585933947652507e+01,3.389042825475995002e+00,8.125982415702506658e-11
1.049687844203830878e+01,2.394903893123804153e+02,1.086741134246427785e-02,3.755563553682032651e+00,2.266594682119593262e-03
5.072156451880404510e-02,2.285887912490935632e-04,2.044906684751087766e+02,5.505719112765510535e-03,6.057279519626401071e-02
5.354751511900163763e+01,1.774787756998862931e-01,2.335525378031111376e-03,1.101671505780630866e+02,1.517210872217535566e-03
1.909721662173983689e-02,8.548900748733113630e+01,1.210713282674195744e-04,1.836265742270512646e+02,4.862232451305206933e-03
2.318381888465403051e+02,2.912128065676186317e+00,6.540028039208944222e+01,6.461338036563580773e-06,7.541101909670518133e-02
3.222455893692539874e-02,3.328429190721343169e-03,1.107525740355179700e+00,4.630535767900032340e+01,4.797943806697996523e-11
1.239599407475239587e+02,2.091272023160732019e+00,6.640644196587288349e-03,1.084010996210097444e+00,1.073941668683262322e-03
3.826598558811672035e+01,2.596224650825526510e+02,1.038568207013449481e-03,4.126990264080257376e+00,1.793801513515361776e-03
3.123062784623777475e+02,1.276047119174932021e-01,2.057792875615570338e+00,3.170875207988790769e-03,1.017886839502586938e+01
1.919163558363487709e+02,1.400051565881668569e+00,7.836091808298381893e-04,2.030704910061855628e+02,5.067465487947984401e-05
1.809679147295401913e+00,1.869192038124580513e-01,6.219685555159069423e+01,7.558013205072973140e-01,9.442664053586985462e-03
1.329281850975018813e+02,6.527350692856306313e-01,1.536398947511956337e+01,5.948304017639935264e-03,6.374711652849556209e-01
8.682836034977927397e+01,8.855461524132272055e-01,1.224928881713688043e+02,1.339853458283280534e-05,1.725157677336351669e-01
1.864770787297276520e-12,7.042709864916161451e-08,8.115307078001238880e-06,8.755683523455539330e+01,1.909277467308601040e-01
2.424815852693656293e+00,6.842591104340895924e+01,1.055373855877986822e+00,1.171388094935054863e-09,1.277863096273584631e+00
2.469273264303074313e+02,1.247416679226865055e+00,2.876998877455655546e+01,5.961785670992257739e-06,4.586835711453251391e-02
1.117102510947448656e-03,1.300016293821728341e+00,2.030853351056243810e+02,2.297240403925208696e+01,1.876740230166771758e-02
6.171331010720339627e+00,2.028046718959884345e+02,9.084575405345109156e-03,8.599510861629559244e+00,1.294813349499278621e+00
2.841503243859409958e-05,2.482225776720151859e-04,2.162333736898876069e+01,4.359400821283593785e+01,1.081073818565022826e+01
8.608783200823755521e+01,1.709728420093215675e+02,6.265132370912759319e-01,8.436138373856740550e-06,2.328311071718136116e+00
1.183498956457080392e-02,5.297952741167071622e+01,7.503071965903561607e-05,1.142242135081845475e+02,7.334046459072594837e-02
5.985759772324848882e+01,1.000366050489553942e+02,5.772087905558235477e+00,4.459298156736076803e-03,5.375888582419616896e-02
8.624437426226041481e+00,2.933945910123088083e+02,4.416090438902133819e+00,8.248422507553509683e-03,2.069487245432468162e-02
2.020286128010502225e-01,2.288545664643880855e+02,6.781311215066897491e-01,3.916673974935423463e-01,2.988436401094711828e-02
3.695017075126781625e-02,1.615138162750196216e+02,3.263306581199607592e+00,1.628757551299506057e+00,2.172270992322460417e-02
3.358724460917919146e+02,4.494254972787202540e+00,1.177843929365246955e+00,3.569593747616725717e-03,6.749000494846305650e-04
4.781559775799572587e-01,2.269940809134490109e+02,2.706797279195918282e+00,2.705011604214452303e-02,8.086708024218696167e-01
1.191789757073909994e-01,2.580612411795972672e-06,9.321231148755222762e+01,1.165817446064794183e+02,3.825318630183621726e-03
4.575094655622938689e+01,7.033926233361938785e+01,3.062741511907145764e+01,4.803227475953599701e-06,2.986292474224214871e-02
9.422378114532745652e-01,2.371714413415035305e-02,3.915504025953936682e-06,3.173153811515148846e+02,4.068945073703865873e-05
3.484558802940152855e+00,3.592492276817476409e+02,5.048966539245562267e-04,4.503285384256279222e+00,1.684735301048300604e+00
2.134118327506105217e+01,2.855629277576816616e-01,2.791030324924843740e+02,1.767219299612053098e-04,1.119745466432717565e-02
3.615851218423958989e-07,1.012871454161737460e-05,9.817663640595617967e-08,4.053687316391762465e+02,3.401848248788968271e-02
2.167812395390694008e-02,4.049997234427440545e-05,2.559759850693875762e+02,5.171226956402523786e-05,1.311159778149972155e+01
2.690884803281026620e+02,9.882469115140667115e-02,1.524932343402180557e+01,1.588029688652035270e-03,6.083662207044265163e-02
1.675733611060713031e+02,1.834577255526053108e+01,6.274035867265385924e-02,6.456451190465779533e-01,1.218807838794681332e-02
2.395753840221071584e+02,1.336713645758746960e-01,5.913016926103919246e+01,6.679186071431301346e-04,2.639675820795012129e+01
2.986493027066853934e+00,2.124286236897165168e+02,9.364495655218661035e-03,6.784204757299639788e+00,7.036046041418170119e-04
5.975626408746971485e+00,1.660826688852652353e+02,1.448661115242138067e+02,1.154857128379370169e-04,1.878389032949164678e-02
3.291422225288916934e+02,1.225372530378497249e+00,3.268237996386796906e-02,4.999989497976570441e+00,1.346637733409366457e-05
3.735386186197715830e+01,2.165738492055595827e+02,9.130565771330151392e+01,1.405025035816525811e-02,2.749105383910618579e-05
2.399555671420508786e-08,8.470309480950622227e-06,1.211165962252134632e-07,3.311793685004278132e+02,4.455825211980473100e-01
3.268180891867889848e+00,3.369412105593183924e+02,2.961537199999160876e-04,1.244964406728187889e+01,2.716860770135116204e-02
9.531150569276666928e+00,3.010956559970186390e+02,1.082979634892019573e-03,1.437339764740348302e+00,2.297623403812722565e+00
1.538519128457212171e+00,2.298742537934574809e-02,6.788159327844714474e-05,1.557739148331453976e+02,1.456492707421585490e-03
3.085038963764234143e+00,3.180597394899049277e+02,2.795578934253180412e-04,1.175199240902770370e+01,1.886135843538826862e+01
2.986037605215688728e+01,2.242786903635871170e+02,6.998361224402331970e+01,1.303213660059113210e-02,7.787502191606943819e-03
7.860476679371552144e+00,5.035246396282700942e+01,1.207542455799095766e-03,1.506051709624356079e+02,1.933090982335821783e-03
1.405323148947923961e+01,8.346961589771179035e+01,2.792709730923584388e+01,1.670435494276268154e-02,3.229559197247546757e-03
2.771137750760181984e-01,3.755828624867427834e+02,2.925415788854535126e-02,1.861551854650774218e-01,2.446074407268648832e-03
1.166452446259596404e-02,8.701875255104588036e-02,1.923861087525141755e+01,3.920657106166350303e+01,9.603486502335054039e-07
4.955306424596884085e+01,2.886474451034892468e+02,1.370897730041848415e-03,2.640704740159505182e+00,1.639578230701733280e-02
4.420923713688861695e-02,2.248544805996464504e+02,1.303686351808124186e+02,2.324883789773914133e-01,8.861791096250662761e-03
1.909191074859525727e+01,1.448615333832699150e+02,6.645862385756253973e-04,3.674724375798296361e+00,2.109757680930332210e-02
5.620899033247153659e-07,4.725974261224411914e-06,7.360565797561608482e-12,2.032750412798899333e+02,3.919312176079012278e-01
1.291127545393800258e-04,2.709329346348181566e+00,7.366752560146996132e+01,1.503604501538105751e+02,2.736366021956407509e-07
6.242711299364575078e-08,7.063793822382364078e-06,1.016096808172638008e-07,2.778399573252385721e+02,7.825766579750795815e-01
1.678290935831021694e-02,5.265667182249001854e+01,2.289813015445260874e-03,1.231133870223452789e+02,1.627322540908460440e-03
8.449783200221945378e+01,1.327445690352181202e+02,6.859890118300215534e+01,6.973813843596217226e-05,1.915968474430171029e-02
1.179775383952079521e-10,3.034954153252104655e-09,4.731810648368083923e-06,2.423024569113791813e+02,5.910947813205630341e-01
1.701284059078269142e-02,5.500122860980889783e+01,1.975161094395806449e+00,9.284524196505789124e-10,3.808807994072422876e+00
1.523308026720543928e-04,2.817967928716362813e+00,1.343826288172761951e-01,1.999510513319823986e+02,3.021744314906477449e-03
1.739475322488427764e+02,1.775843032149684975e+00,1.078451372524758085e+02,5.728165193844032149e-05,2.849427740430084816e-02
3.267218274695321867e+01,4.912859260643499937e+01,1.906862430747439419e+02,6.648002673346629834e-05,1.826455914328121641e-02
2.515176540532053551e+01,2.495413800711553733e+02,1.206030486697800691e-01,7.397258894554420428e-03,1.874903083187087760e-02
2.976175602034846148e-08,1.102484821975166132e-10,1.042576916301545098e-05,4.019179543697164263e+02,3.838142317796077591e-02
4.064883222476466093e-08,1.267229055022708802e-09,8.201477156341946238e-06,3.168784855953712736e+02,1.697578464027465345e-02
1.126420386427289974e-06,1.027807224482736443e-05,9.849955291388838895e-08,4.403184219224037861e+02,2.378803393725388918e-02
4.876140021596581587e-09,1.806301469563941287e-11,1.047755768368509484e-05,4.029485663852553898e+02,3.804529200634199104e-04
1.105031374188198043e+02,1.763541366572024742e+02,2.473234811706937819e+00,7.058941771472595226e-05,1.939356312098719504e-02
1.224806656212291500e+01,1.224328905313083453e+02,3.508620296708189557e+01,4.569682708745435862e-03,9.969766551936792842e-03
4.415321564194508497e+00,1.245960183920770277e+02,1.393466078921547779e-01,3.541301894729743105e-01,3.002346528384487456e+00
1.889211881653799774e-01,7.487885927066567149e+01,1.615087717270296821e+02,5.771876988692373580e-05,1.585751297158346715e-02
3.336926031331027831e-02,5.016102832284106139e-01,1.339531070477211472e+01,2.912374117736730028e+01,4.353585472410829569e-11
2.607483792266561233e-03,1.081610786594336417e+02,8.911742878405631529e+01,1.425758811427846551e+00,1.368852354090507883e-04
1.153007969098748049e+02,1.800723473667748635e+02,9.581414632054131175e+01,7.902095342861844369e-05,4.505254666419501383e-03
2.371535279601147650e+01,2.491888085988381079e+02,1.855448403088894693e+00,7.425833833321727334e-03,1.876291891459749145e-02
7.896341525767827818e+01,6.194639479997587211e-02,2.543911744247328670e+02,1.775531882779254889e-01,1.334878422619412402e-03
2.606794577340648402e+02,1.001270185674708157e+00,7.776077857635494972e-01,3.574222516335729405e-01,8.603196954931518537e-05
8.315464038628009646e+00,5.175389540507292080e-02,1.431213316927286314e+02,6.165255856256850707e-03,3.776414121427940692e-03
7.280315992378709045e-08,3.483498695605848160e-06,2.541180323843044165e-07,4.367718217051959186e+02,5.745599014662228915e-02
3.582312058472453487e+02,4.181638513314000960e+01,3.662428541488802480e+00,8.155058054826727274e-05,2.308958931301950427e-05
3.568141789229107985e+01,8.566181586203694565e+01,1.689001548289236203e-04,2.416914327058419798e-01,2.962304339092819561e+01
4.572080894905409565e+01,9.773650192770578116e+00,2.989901277600732765e-01,5.990849709924683797e-01,5.478221836891142615e+00
2.360070258471640443e+02,1.106925104395093395e-01,6.512271651190796717e+01,1.227702943844458799e-02,7.509535868727448826e-03
2.201294001493654662e+02,1.806567742473739746e-01,7.130242574121204768e+01,8.723416266255366175e-04,3.358473535880042438e-03
2.573507233095626012e-01,2.949694529119466766e-04,2.823317882767158338e+01,5.636920460994680582e+01,2.679875749433817297e-05
2.591008843294263215e+02,3.243820234971904881e+01,2.000360957893250635e+00,5.929580939548902108e-05,3.945441683731104772e-03
1.097241501187866675e+02,6.929733727316193637e+00,2.859711779326676506e+01,1.697258183167926890e-03,2.100288505530183514e+01
9.702866149248798422e+01,3.740677329301313470e-01,1.443590661231991703e+02,4.673788553805915768e-05,1.017743131449908717e-01
3.351487291595040574e+01,5.039573114831805611e+01,1.956044765348907504e+02,6.819469836703468432e-05,3.043680018952755594e-04
4.449088183201058477e+00,1.255488790663472827e+02,9.963708958034884766e-01,2.133966472978796930e-09,2.483144789610335579e+00
1.493298145421691127e-04,1.185870538403113392e-02,3.006682486845128621e-01,4.488153666370293848e+01,4.569998729742393691e-11
1.407448248166193738e-01,1.236651179944106929e+02,5.018477844141163791e-04,2.018195501220160111e+02,4.162838958001819018e-05
2.165143396729206415e+02,2.360064279356158534e-01,1.583835746978458836e+01,4.698358447387229584e-05,1.063796346015537253e+01
1.641349047327080035e-03,1.232431750838381967e+00,3.225339465736971079e+02,5.729761964145428307e-03,9.168745130272572652e+00
1.364522491164192608e-01,5.162390045393055260e+01,1.782674523159262208e+02,5.612103914277007333e-05,5.023205427679392626e-02
1.589888720281861936e+02,2.824485144979752338e+00,2.138388608619669728e+00,4.369354628659071621e-02,1.666139461198007510e+01
2.476407207246202802e+02,2.639501661911478614e+00,1.014512335904071234e-03,9.141148191477722618e-01,3.572940930459846386e-05
8.930651689890444530e-06,6.292922537087242319e-07,3.513168431216843907e-08,3.688375592281639115e+02,1.304752674920516345e-03
2.440801884488416729e+00,1.636710404829225922e+02,2.024629598357915228e+00,7.728124584208644343e-01,7.254607906144865115e-02
1.357841108117187012e+01,2.230622300461966301e+00,1.830646423159824394e+02,2.119992352725633133e-02,2.011207341955597880e-10
2.783641064583982256e+02,8.443000616176119522e+00,4.316972673200407229e+01,6.552320077094990318e-05,2.251190330237851783e-02
2.466948139125088701e+00,7.967301774174187501e-02,3.482365960656063635e+02,3.859556742797324588e-05,2.358938855643868959e-02
4.703243290371022511e-01,3.154278402209906744e+02,1.470915327715431964e+01,9.826359458876275654e-02,2.153696025599775507e-02
1.174334830792216803e-05,4.350167799171532754e-08,2.199011036951996524e-07,4.618987754740314244e+02,2.160823145859238400e-03
2.933533749334912955e+01,4.411103646931652378e+01,1.488145820969124031e+02,6.827471011006858344e-05,1.411205488346574562e-02
2.433143047601051592e+02,7.255767942713670315e+00,3.303509578056587070e+00,5.521039286649486420e-03,7.611721134409898948e-01
3.541622791379596424e-05,2.672375153514511270e-02,1.334534401716660170e+02,4.165392658211436228e+00,4.001620977968984860e-01
8.900338473885472013e+01,1.461476119967171599e+02,5.709708517925388804e+01,7.130123266267135603e-05,9.450515695560872398e-03
8.592656447206496750e+01,1.499870740267512303e+02,5.728226245820109597e+01,7.153247683579515206e-05,6.301468806029372760e-03
2.304511694108066990e+02,1.556222016379443041e+01,6.982629697593625906e+01,1.699362082569880509e-04,3.804884138938984250e-01
1.321488260077664512e-01,2.199472777631811260e-01,8.816106643493952788e+00,1.916775308434731073e+01,9.135995604194592848e-04
2.166377536617175110e+02,2.154652038669363279e+01,5.783359616797078928e+01,7.222096685225829914e-05,1.827712968743646390e-04
4.049567695238268925e+02,1.885694067888468339e+01,1.603776399625397753e+00,8.529553801285760448e-03,4.860345866665336602e-05
1.796987694858324147e+01,3.484500675450362905e+02,4.737784685713636312e-02,9.691718495523532484e-01,2.134455733139702322e-04
1.716062142556857406e+00,2.045777702261847537e+02,4.868926958345438294e+01,6.220950829932846344e-05,1.709128740520716658e-02
1.361908009049299153e+02,2.306538730133447501e+01,5.143496062153699455e+01,3.467933217329507989e-05,3.474784975886006100e-01
3.988882892289254301e+01,6.416262149540384030e+01,1.418792705144129798e+02,1.768148747097991053e-02,2.832556145111653993e-03
1.135187365357762275e+02,1.807508880295939946e+02,1.633315006091246302e-01,3.802583449646709801e-01,7.269375747938618834e-06
1.275322107825834288e-07,4.803867704372504809e-10,1.822445339810457162e-06,3.363405655854888892e+02,1.573445315124027922e-03
1.436298164120846987e+00,5.347233491419540324e-03,1.411394937941990032e-04,3.124852549104540458e+02,3.369599151714448880e-06
3.258329393775210292e+01,1.897982433841770842e+02,4.586425019310088995e-04,2.786268658888987559e+00,2.555273485665354372e+01
2.190792572173709729e+01,2.708277910404063391e+02,5.109031089689873184e+00,1.184864411257815081e-01,2.952633878450237247e-05
1.325029050297072741e+00,1.385976011326108806e-03,3.323720424152969599e+02,5.046081841753152428e-03,1.272899496372366546e+00
6.259644858716313820e+00,2.438453509545060113e-02,1.573453176372991322e+02,6.170684602024765208e-01,1.660845186153719893e-10
1.995072846551530388e+00,1.655811555485658175e+02,1.276195012910259274e+00,4.562811418016535399e-04,1.938422021161414577e+01
2.399406574544027819e+02,1.741814125704697513e+00,1.122969757064319575e-03,6.367181373130164701e+01,3.277593800047051969e-06
2.286326072553308997e+00,2.714660278287627193e+02,7.981938339167209129e-02,2.054945623676398725e+01,4.853434606638916472e-06
3.707349699030058900e+02,3.269068887041600924e+00,3.500902928694936689e-01,7.554773375041998846e-05,1.447969822041461629e-01
3.476986176318011417e+02,1.582916427510349999e+00,4.404558156142131864e+00,3.525814124983455577e-05,1.248407991299164443e+01
4.468013821193619606e+02,2.773012286159459716e+00,6.164671727415463875e-01,9.818825676112204193e-02,7.423861539907873322e-06
1.387675864946949611e+00,5.472771925914470502e-03,4.133294982991789084e+02,6.834213759439563868e-05,5.585067418419642493e-01
3.446646077398918351e+02,3.763380968766201562e+01,5.182976373115353308e-01,5.669070782322663815e-01,6.320799780721948366e-06
3.491639506665797921e+00,3.606465143622274439e-01,3.570206544445343155e+01,1.101902956220261132e+00,4.111124388397708972e-11
9.986704913911458092e+00,1.031512649083744515e+00,1.110436604874654731e-01,2.326769346440950059e+01,3.478189550794470838e-11
7.726107762277460722e+01,8.026465593113416119e+00,3.825378468980534241e-01,4.378350711280052689e-03,6.065625141677603860e-02
1.952825828527521068e+01,5.810533180224706357e-03,8.515024467191003099e-06,3.899197613974610732e+01,1.586306830630070941e+00
3.282499381851169962e-02,2.741477573800794403e+02,3.759629786304210519e-01,2.060381600000239644e+01,7.389275147257826212e-04
5.511232737318218630e-10,1.255626169918771272e-08,5.314989638165759093e-06,3.906444280868367400e+02,1.827485926360385756e-03
7.810959591080435249e-01,8.139422175087174249e-02,8.753513152097145422e+00,2.010395959004602418e+01,3.184811082206830068e+00
1.556928839127155504e-07,5.767436615163161383e-10,6.746053218323094795e-06,2.653273418794034910e+02,2.798749329799019915e-04
1.494051704009980313e-08,2.241613387099636298e-06,7.075788090005472547e-06,3.587380002498528029e+02,2.197962916967758848e-02
7.492583079263802626e-01,9.751535309155517695e+00,2.309077436424229859e+02,4.802870310006910723e-11,3.085632750835723748e+00
4.373870104761925885e-03,7.857994592710490153e-03,2.357446238958481288e+01,2.287447883882480406e-03,1.246621621274754399e-02
2.840878143134253311e-09,1.766731149881934891e-08,8.373237947697987599e-06,3.226580965210397380e+02,1.509436959342430216e-03
1.223303629861629757e-02,1.307041696231444061e-01,2.706375046047729711e+02,5.387230125607061964e-11,3.461058208718960749e+00
1.566886291941404163e+00,2.700372282255982554e+02,7.356868447570306557e+01,1.410310273281814835e-03,1.528653707506091863e-02
1.090188018419080578e+02,1.469704821585254990e+02,4.267129086643376978e-01,2.773824975289274075e+00,2.562534873276950853e-05
2.070954069604233894e+01,2.743102409228882266e+02,4.477392403698861045e+00,5.958555158710006867e-11,3.656522627488156818e-02
3.820115295247040327e-02,6.583587788955529874e+00,1.529478608025001733e+02,6.519711778995810215e-04,1.539990647197692444e-04
7.075330914901492463e+01,3.636012948615938711e+00,8.032744243592249145e-02,9.698975951406171703e+01,4.941698449386031966e-11
7.634314810238874982e-02,5.912258941407118051e-01,5.073677515855195381e-05,3.681668074122721919e+02,3.654924164882194989e-05
9.328845512386494399e-01,1.607733501572982107e+02,1.543411579255480035e+02,1.041839838927503283e-04,1.399661865623746081e-02
2.919633004456372305e+02,1.180695146716298050e+00,3.829712033347051556e-04,3.705081251096784101e+00,1.154260553912892950e+00
4.261441363939485333e-02,2.507432652322538411e-03,4.141903558006684989e+02,4.929034021701427792e-01,3.410201631380839427e+00
6.463860955950998521e-01,2.728843601602584545e+00,5.042493895588967945e+01,1.549964204782072474e-01,5.455898438483732574e-11
7.047437229588872754e+01,4.054897562550534644e+02,3.812065801567655465e-03,1.237421490173624239e+00,5.836395822136849348e-03
1.074005809949775880e+02,1.938870481345961405e+00,1.244983665254650179e-02,4.441025760547025136e+00,1.857227674762017600e+01
1.265603904280136277e-10,6.509109080921387905e-14,8.904082320498732554e-14,6.357837502756765052e-13,2.325593816253369255e+02
8.830080772723174627e-14,1.828559751716034637e-10,9.123805047054077115e-07,1.248401557180349499e+02,6.536456669781044448e-01
5.447472651808803746e-07,5.476346382699986642e-06,1.982788030489006662e-07,2.390745256930470646e+02,7.133839601681267256e-05
3.144887765866688500e-02,1.850452370118729978e-03,3.056670434843957196e+02,3.948889778514690363e+00,7.184325429832916221e-01
9.972183665046665624e+01,1.784717084244737073e+00,2.261796538628504383e+00,1.325458812480647453e+00,1.835865330851250832e+01
4.230627908293473349e-01,3.934327298785272546e+02,2.134587685636203602e+00,1.842512631335518236e+00,3.334942895058115651e-04
1.481516118698600424e-03,4.296167827721640575e-02,4.079607554343646711e+02,5.348569030392090973e+00,3.818919271875486493e-02
8.182286627215376029e-01,3.475296056969188196e+00,1.305887164688205360e+02,5.540726681879794096e-12,3.230072088911664974e+00
9.961116613544720999e-02,2.062778064040347203e+02,1.682263789788383423e+00,1.618918583219807861e+00,4.588502355032700319e-01
3.820063585426677832e+02,7.253962223773873674e+00,6.273029231957556462e-01,6.605412783522088098e-03,1.163420825208085781e-04
8.139128655103540499e-02,2.496696746383727248e-04,6.204899534934962470e-06,4.090608995230651317e+02,4.054353038963821632e-05
4.004506800036792811e+02,1.570565074034237396e+00,3.209964617311022117e+00,8.185786532136172383e-05,4.623995357729152392e-03
1.064083324649647437e+02,1.685782848124423339e+01,1.682349626388551789e-01,1.580007967278913017e-01,5.232021122553251295e-03
8.973083477654159767e-11,2.465969977821426462e-12,1.409023995608398542e-13,4.632998070080511983e-13,1.694675533594749766e+02
2.531910677671666221e+00,1.454815101692120152e+02,2.389312008120127473e+02,8.209863384840774330e-06,6.933447600148708208e-03
8.753824522306692393e-11,3.829821247779410873e-12,1.673892894081507102e-15,4.584430822646629108e-13,1.676910422382688921e+02
2.625523079543783922e+01,3.628260427471624325e+02,2.957106732781238090e-02,4.807001384675809952e+00,1.156729012692032704e-04
7.405070533112751985e-01,1.459790943510116108e+02,2.368426480897243493e+02,1.753124363276139903e-06,6.872840621458761907e-03
4.266763292700867415e-25,8.835742082035406041e-22,4.408693132772284398e-18,4.984765437228314116e-10,8.441305756108495473e+01
7.188549927562627728e-02,4.513500478836208335e-02,1.257596168485534882e+01,3.063074150888508029e+01,1.099611505686598077e-04
7.903665785521455689e+01,2.837628795497663600e-02,1.445289812274048984e+02,4.516663168821986716e-05,2.551377249219438127e-03
4.765742126188412975e+00,1.879532560390028903e-02,3.337871094217465497e+02,6.839244265579593439e-05,9.978724604078872062e-05
1.975212664127282665e+02,7.733471820016472975e+01,1.075730698817226050e-01,6.257716214667323751e-01,2.151825847634488559e-02
5.583098095198786581e-02,1.712628395458956816e-04,3.082669416058404104e-04,4.144691929113069477e+02,4.107694856346500307e-05
3.223422640043564797e+02,6.120993941393196636e+00,5.293269076747203483e-01,8.739261922055240328e-01,1.008208273889738492e-04
8.512112779691942410e-02,1.524050070930542518e+02,2.489017796012160488e+02,8.516393671197594064e-06,1.489255132182753405e+00
4.603029798347270329e+00,2.749839721560393855e+02,2.086697440797323111e+01,5.090242458949649149e-03,1.758382139893850964e-04
1.650528328338326389e+02,5.722864171962582702e+01,8.699647063980971151e-02,5.060738952045693573e-01,5.915056023984700539e-01
3.950827664705845732e-02,2.161605427775627458e-03,3.825034811555473766e+02,5.651698240513755023e-01,8.858641662450943421e-01
1.547608337041991433e+02,9.935169556579405148e-01,2.800107363901426005e+00,2.452322731123371291e+00,1.214093331300938939e-10
1.492251739522683174e+01,2.518268344335313600e+02,4.192523303708344147e-03,1.153964289027619294e+01,7.064992300418671684e-03
8.786284632010670186e-17,1.786589340835787609e-13,8.652808310909491849e-10,3.363178479986844662e-11,1.522540051996095087e+02
4.477238275885015995e+00,1.765751250767048572e-02,3.135806308293276743e+02,6.425216764397267250e-05,7.126218947403468312e-03
3.681880579984767032e-01,4.540972193664329255e-03,9.380957173105253233e+00,2.064665914003602509e+01,1.431973582746926654e+00
3.844153930360428717e+02,1.295158084531403686e+00,2.931488470874787575e-02,2.180401624840661867e+01,4.038511249727742418e-05
2.192294737884686242e+02,1.767610237662219953e-03,8.001511268277737565e-02,6.792523609390414663e+00,7.121395012230975763e-03
1.508970130637027296e+02,8.613071271354034764e+01,1.908330101216284451e-03,3.048466347755491856e-01,9.973089653366026819e-02
1.881891681956681595e+01,3.175810169707235673e+02,4.095119053402433880e-03,1.455269271076873672e+01,8.844716775536585335e-04
3.937195281831857301e+02,4.197017886654579311e-01,1.056221219431039238e+01,1.551654036055451158e+00,4.025720347405672690e-05
7.095535616168921145e+00,2.824274031844779529e+02,2.940732600190308632e-03,1.119079007178246776e+01,1.368147437538325996e-02
2.880447760202409918e-02,1.573532785057426718e-03,2.788511544806028155e+02,3.655877750682289928e+00,5.137041534272698939e+00
1.080199512482035978e-03,9.829750621825943330e-06,5.708693090453435204e+00,4.879329867132350529e+01,1.578291031540990097e-01
2.514303871945681124e+01,3.450438176281410474e+00,2.290093073904672356e-04,6.692365193646492116e+01,3.907793314096473855e-05
7.255013158000849227e-01,2.232615085448689651e-03,1.831582808436871090e+01,4.031152177196031516e+01,4.475750093691669349e-11
8.421752717353096206e-14,6.920208941035596564e-16,1.974998798098323161e-12,1.454000938838694507e-10,2.692824853379788124e+02
5.334125994268085896e-02,3.556392287313001749e-03,4.248403276362575933e-04,4.667044643711059848e+01,2.402331102022617071e-01
4.253887590047705086e-02,1.500109865740620023e+02,2.422244470582432427e+02,8.323021907805986294e-06,1.575707583251674926e+00
3.296520174938326591e+02,1.956941705528253639e+00,3.468921729600609447e-04,4.773057518052741671e-02,8.825124239972796658e-02
2.450996203705317344e-01,2.847353006283076979e+02,2.894593281272323133e-03,1.101520952697782008e+01,4.846867055509100908e+00
3.034915769958127285e+00,1.227136109603004144e+02,2.029900148249613210e+02,6.974896056002864673e-06,7.723539637644626088e-02
4.611760225519943201e-06,7.117199210225021687e-03,4.362954565672430363e+01,1.509817295742442411e+02,4.614508016582854338e-02
3.907826761509799667e+02,1.425143854146815059e+01,8.353474931735581539e-04,1.740592699286457101e+00,1.329010246982862699e-04
6.269946748985231721e+01,3.607551363925384180e+02,3.391509395657469044e-03,3.618452531385047521e+00,4.934595494743639239e-03
4.178084587036273660e+02,1.523704077664842771e+01,8.931185282889567796e-04,5.934308995577435297e-01,1.451720924029560806e-04
2.685837548436083466e+02,9.794970731792595586e+00,5.741318129186140113e-04,4.486379037048316754e+00,8.185824586974928480e-04
1.025605863179362395e-04,2.045488862088292947e+00,8.759265650585673635e-02,2.277699851002236642e+02,7.511357875543124519e-05
3.413460793918905978e+01,1.929965493783747092e+02,1.828651998460901996e-03,4.355751095240101844e-01,2.359119964066022992e-02
6.573424312871642243e-03,2.137214154467133222e-04,1.622884398262120698e+01,1.650627706681415248e+02,7.417255862251350221e-05
6.834496853825209328e-01,4.134358235030024389e+02,3.316741376913520580e-03,1.300987429761448766e+01,2.853182676576841107e-04
7.992654538327782776e-02,2.328786054226022713e-04,4.090182956562981076e+02,4.814611398179985180e+00,1.397432712349972427e-02
4.731051151830614288e+01,2.236016259693167569e+02,1.529793728686817478e-03,3.697704865382371864e-01,1.139966699264510219e-01
3.004054994865764782e-03,2.830497325017687339e-05,3.548279931418223896e+02,9.251844583527590871e+00,1.229198481198363717e-02
1.921113148829162398e+01,2.477293501588272306e+02,1.118643842049083133e-02,3.798630614502687686e-02,1.214702237774173930e-02
8.541567473207389849e-02,8.822464434032057171e-03,6.882908694317728759e+01,1.028920299892031665e+01,1.438756846338884088e-11
1.485271448357971451e+02,2.038272845513020570e+01,3.466399880825913726e-04,9.412771820477626505e+00,5.834010367209841976e-05
4.746654682083818244e+00,1.425410248098264390e+02,1.179648406893073209e-03,2.123485968434433602e+00,1.027130825379155965e+01
3.219185232709158839e+01,1.613812873573278637e+02,1.550355376863397265e-03,1.413128381778581932e+01,2.430587598284455943e-03
1.512954613453628472e+00,1.448365206987932652e+02,3.018330133060033752e-04,1.197864275806347081e+02,9.877665484734124684e-04
6.060825457837785632e-03,2.088446374350428902e-01,1.569613632114024426e+02,2.874459207781559300e+01,4.445545538284672443e-03
1.127822757851373389e-15,3.644703506319298630e-14,1.124845813326542258e-12,2.385733994761983593e-15,3.453992617565897945e+02
1.797206898990759069e-02,3.094432241479640311e+02,2.478519645172393149e-03,2.259137812954154612e+01,3.713328801195636426e-03
5.393765921457672619e+01,3.103421509887326692e+02,3.377584530495991721e+00,1.141304104682563519e-01,1.608532632571367386e-04
2.944865366744335233e+02,3.008959307613558209e+01,1.171705311726377152e+00,1.011205939478612148e-01,7.564983623307997255e-06
1.231329416011094082e+02,3.627411013693840669e+00,9.313497157376524171e+01,6.826122354444250084e-02,1.913049712805097119e-04
2.008469226781593306e+02,4.712751942191000243e-01,1.449661473317702010e+00,3.679477532934542078e-02,2.653592066518577042e+00
1.999622543629606852e+01,1.148470960307523683e+02,6.242885561944466755e-01,1.504153351325912213e+00,8.844197603823961140e-02
1.332291167282523929e+02,9.317530831207037068e+01,3.318037722710845960e-01,2.345251882283035799e-02,3.965074567907241922e-03
3.645588460212845234e+02,2.330422645170835416e+00,4.732146562423059089e-03,1.009425886904740999e+00,1.071006522310333708e-04
3.490750261068034206e+02,1.251565542993987812e+01,1.221257960193949822e-05,4.955106296478634098e-01,1.597587568189290375e-02
3.911284047732726865e+00,3.133208892142654349e+02,6.860336337499413517e+00,4.511998952187606243e-02,1.361036603255026862e-04
1.983120185880317479e+02,1.943810174947431468e+00,5.990066739748892838e-02,4.907026545020853447e+00,1.846997394389388258e+00
6.219323924020075944e-02,1.739262419804874611e-04,3.182322235004078834e+02,9.184028689298807890e+00,3.145091334424502121e-04
9.095403942631376637e+00,4.162747197990851760e+02,8.009884658140413796e-03,3.513825237278415253e-02,1.930267519065260312e-02
5.237422767507948151e+01,2.527599026323643727e+02,2.443863546140326217e-03,8.051855424770686387e-01,1.028115742322245098e-02
1.505239365484274693e-04,3.002079519446421596e+00,6.191837303814810179e-06,1.871723441057172010e+02,6.213352068484572670e-05
7.961076214232233605e-02,2.319585211074739486e-04,4.074022978373873798e+02,6.492883040968817632e+00,1.011535848039107536e-04
7.169245934949607844e-18,6.060682897262990070e-16,1.146067583212454055e-11,2.029925801655425406e-13,1.969567432528667439e+02
1.144930845566131429e-02,4.457814748664597052e-04,3.103093301013046812e+02,4.088740842942473641e+00,2.210840793463612997e+01
4.592357310702270823e+00,2.798447934952956189e+02,9.606750182842130312e-06,1.797579851305487475e+00,3.830027841122912058e+00
9.411560164076197665e+00,1.384966506248390488e+02,1.996617039367271218e+01,3.536552197642126028e-02,4.824355836279175039e-03
1.133810125207693744e+02,1.517455444625654959e+00,1.845569422906482089e+02,4.103627152260168054e-01,1.003877857690194716e-04
3.465267515005637620e+02,1.031447523958924695e+00,4.304672876231649403e-01,1.288037773731220081e+00,1.016782125468334300e-04
2.320033705078023090e+01,3.045777250480406337e+02,4.165668152103493282e-01,2.711043372131256846e-02,1.489271267245862417e-02
8.348870219587908537e+01,1.280906348460055790e-03,1.900096700977503355e-04,3.177872387164095471e+02,3.976414350691873789e-05
8.114082556893578158e+01,1.244884587458228685e-03,6.166983074389767797e-03,3.088731684280705281e+02,1.372519320227359843e-05
1.179603143498833333e+02,4.286269880403660082e+00,4.128829135288086585e-06,1.376287186167239440e+02,1.429386633311877930e-01
2.896063826684600429e+01,2.797040790348043515e+02,7.854416111969025546e-03,4.741348270602834702e+00,1.023980715277737394e-04
3.919813872865907545e+00,4.537180271222244765e-01,1.323203807802602228e+02,9.712686667757660522e-13,2.536873705887562114e+00
1.589423478623229187e+02,4.278501744956815678e+00,1.257980370928333969e+02,8.971897381812517225e-02,2.750543676426351117e-05
3.490560149997530743e+02,5.783804244833392616e+00,7.878147153093750799e-01,1.090191466220312849e-01,1.190920009589314113e-04
1.922685272124347380e-02,3.834641991261472072e+02,4.495693137932891936e+00,1.151036276881585785e+01,3.380243857953689734e-05
7.143213975936534510e+00,3.297526152449979691e+02,4.463565892272591817e-04,4.808541130307506656e-02,1.532994609566105601e-02
3.047833403057584860e+02,1.299239230840259118e+01,1.994264315954779043e+00,9.753962248634447801e-03,1.586384830001032024e-03
3.930635272584318045e+02,1.071793261762304539e+01,6.683579424120383384e-04,3.415953944666756392e+00,6.200444222410825539e-05
1.568109068727153055e+00,1.238370673169986844e+02,2.721566065808586359e+02,3.266795152779464195e-02,6.894586081057991935e-05
1.049016516135679389e+01,7.121664692732861113e+01,2.759614662670408628e-06,9.198787778674952165e+01,2.258165675852534223e-04
6.621621227553960327e-03,1.511150910486327632e+02,3.116753361348805905e-04,1.119884020707008006e+02,8.596299827665045883e-05
2.061454915808895833e-06,6.133753462732896121e-10,2.157105019230839561e-12,7.926660097189612486e+01,1.849008291216385880e+00
4.636826853520392699e-01,6.224151769283756686e+00,3.456162810075542211e+02,6.192083300804926416e-02,3.070465767797390423e-03
1.973867551287671321e-11,4.133662363682286896e-13,2.275949160053725730e-06,2.999697611223439253e+02,1.645594643770668386e-01
2.569213884316583485e-01,2.653704743175545541e-02,1.254699312313250559e+01,9.163246192453627259e+01,1.897385875738618627e-11
3.659976168804759595e+02,1.752344265360286091e+00,2.596489847014375130e+00,1.895212681863107873e+00,6.790089214904501225e-06
2.906927542003831491e+02,7.327150264875438523e+00,1.006550221586541410e-05,3.048133437698583581e+00,1.168977896924455404e-02
1.489149051210723718e+00,1.525254324665284003e+02,1.211308765023437539e+00,8.298245164750335245e-01,2.008357047117409877e+01
2.106598093366095845e-13,4.362406851894538661e-10,4.710378949839851460e-12,4.183194260300104787e-12,7.541563661550922859e+01
1.953952371189895657e-21,4.046303487692868947e-18,3.335160936287673088e-20,4.614016968332082011e-10,7.813472566368211858e+01
1.650348081459744662e+02,5.508193402896808699e+00,4.711910273074348260e-02,6.954062452493354751e-01,8.403530359099443525e-04
3.611753105183366230e+00,2.852281906525949466e+02,7.170665858055921049e+00,2.432341502869201505e-02,5.133467844102005182e-05
1.579143991210593434e+01,3.319083511733308001e+02,7.913083718834514491e-04,5.671108814154673716e+00,3.501697884377352396e-05
1.860935588062154977e+02,4.119205868204047505e+01,1.143894355558213848e-03,2.337230550679479935e-01,1.601124411504565970e+01
1.008579403122782825e+00,1.747819901784862395e+02,7.527389295658049484e+00,1.040519017613988073e-01,2.084451236032941791e-05
7.804858551882593032e-01,1.197442600614844228e-05,4.793743038423281888e+01,1.872054641727493163e+02,2.337856892755690947e-05
8.074987507054856906e+01,2.265154048748550461e-04,5.445822656640266768e-01,2.154285211723451710e+02,2.940345944878174032e-05
3.562014494205342316e+02,4.791832439642550873e-03,2.576830373560407228e+00,4.026670437061548924e+00,5.524538713386052224e-05
3.537874536074340313e+02,4.020691517781588686e+01,8.527028275031098836e-01,2.702984451023502516e-02,2.676495320498595021e-06
3.502241834161057190e-03,2.765798415600361770e-01,3.687995453839282050e+02,3.032755133058753078e-02,1.800040510754867285e+01
6.800035767306098933e+01,1.409377898414743667e-02,1.547898682223802053e-04,2.390690401135881586e+02,3.043011598054434677e-05
1.067605672763874480e+01,3.490827135748110095e+02,1.458878580421619198e+01,2.562651963713549752e-02,2.433315607471381407e-05
1.226195225898408072e-03,6.519151243565654997e-05,1.458477805369799967e+02,1.533959527737531232e+02,1.270101469217139577e-03
5.253538438681680256e-21,8.080331988332257101e-18,2.017400464486160294e-20,9.163080433787025178e-10,1.551695151626225311e+02
5.164199574907218926e-01,3.374457822161706089e-01,3.469482101506923186e+02,2.380930924283145012e-02,1.120772588668736067e-03
1.780520567278632185e-12,1.287872271432839568e-09,6.188332884942139255e-07,7.809295024676754338e+01,6.295871427285537614e+00
1.631898363074501219e+02,1.066336053898259735e+02,2.408845586322065635e-01,1.848765578187666625e-02,8.702670714946924169e-04
1.065407769568104974e-03,5.455241711083101143e-05,1.264870566408509802e+02,1.330332384595420478e+02,1.458733384186478854e-01
2.037033742169232498e-01,2.266106846990032011e+02,7.183284922291706565e+00,3.994686333828774583e+00,7.672227825452527725e-03
1.137165887009331300e+02,1.232421534090490844e+01,4.256977380920113857e-06,1.426938740803171299e+02,1.478115667741207451e-01
2.737318548433483656e+01,4.056888991290494989e-02,3.712581467306131913e+02,1.335878455122699593e-01,6.072649400993744372e-05
2.744654442262724920e-06,6.883234006302744179e-01,7.793674542438952813e+01,2.181278329787672874e+02,2.404103874459181326e-04
8.618285956364765677e-25,7.577418749400555431e-21,1.405486303534911465e-18,1.597385709775775293e-10,3.657534032433377291e+01
2.028974570456949126e-06,3.040445339835489766e-07,5.234602954580594582e-08,3.143879865289779900e+02,3.592875642836566158e-02
5.517733504491582605e-13,6.210964242635809049e-11,1.287199983974161672e-10,2.549712630018556981e-25,3.179960897281069521e+01
1.533770266473993260e+01,2.556947609525586529e+02,3.343685620591325680e-01,6.620617316512432231e-03,6.336769879268148165e-01
2.852844999833304128e-06,1.065401422145542516e-07,4.759832951486193216e-08,3.963164656350460291e+02,5.144431426344617253e-03
1.768427724887129955e+02,6.665494606783701315e+00,7.441549791012462833e+00,1.113269875045798774e+00,6.188701074214287287e-04
4.389657954575702661e+02,4.574588149488040933e+00,1.811251757540899510e+00,9.622548215995082796e-03,6.781558556799665270e-05
3.452561594529135505e+02,1.525563992007655245e-01,9.111234924078980058e+00,5.213961570924573463e-01,7.529011245770243083e-05
3.109781546822940168e+00,4.654644272215345269e-01,3.075030876969464089e+02,2.569654651274885793e-02,2.813442497171848595e-04
1.007976829694989718e+01,4.541559790772912386e+00,1.973969951016173008e+00,3.358059202775591956e+01,9.113571691621364874e-12
8.604809269592995219e-04,6.178887024025827568e-01,2.004322080964822419e+02,3.153747356887414810e+00,6.259323034390893437e-01
1.974062125557839806e+02,1.171684953006143282e+01,4.759301961782609787e-04,2.867998428593535376e+00,8.845321531180747598e-01
5.224687334922574200e-01,2.974924770203408002e+02,1.283453784195060822e-02,4.246036160002127774e-02,5.864890180073522707e-04
4.069947090676720336e+02,4.241408310787776692e+00,8.295101322323008119e+00,9.064656014473808365e-03,6.388380102602939960e-05
4.005929709975737296e+02,6.146006180517612008e-03,9.116986641395377015e-04,4.865722916344305204e+00,6.162214268527993304e-05
4.452771791924005242e+02,4.640360885174954042e+00,9.794144690671563458e-02,4.184084573741460311e-02,6.853065980354293386e-05
4.221246282975111772e-03,3.053278989661817100e+00,1.584685954919344226e+02,2.024718660565439088e-01,1.558527797936803960e-01
1.721509510121424676e-03,1.797573736536334010e+01,2.513353146756225271e+02,2.529808313137171111e-02,2.472034470360946062e-02
3.943865695516060441e+02,5.711511774439695932e-01,8.988597605343622747e-04,1.650079627525910420e+00,3.929114420616081370e-05
9.557039806361188994e+01,9.871331468226287598e+00,1.208803813815354289e+00,1.574908649535073646e-01,1.939980705063347396e-11
2.934106873983070084e-06,3.364940028764886001e-07,4.259463527792449809e-08,4.366748097374219810e+02,5.668307549893527447e-03
1.004876005209701903e-09,1.545573868731614058e-06,3.858803629825089962e-09,1.752677698886253950e+02,1.096715917924504602e+01
6.092021520821493397e+01,3.417390996481039611e+00,1.287857250226841633e-04,3.017514131204570731e+02,3.627720123961305923e-05
3.924068806745092397e-01,2.854763273492165467e+02,2.053310410115158011e-02,2.575665106092698053e+00,1.938861186133462766e+01
7.083300230242766116e-01,9.320041930203693425e+01,1.458338181081255698e+02,3.415640009856808768e-02,4.717895184497295641e-04
3.415140000820800492e-01,1.901084494726574974e+02,2.165068747174660746e-01,3.721607808318961319e-01,1.288874928678397680e+01
3.092461272943322736e+00,1.486501780017120780e+02,8.954536482213692139e+00,7.780447810789045682e-02,2.318891906427275354e-07
7.786760658366036968e-07,7.176688272478869424e-01,7.791331218753055055e+01,2.181442295845810690e+02,2.404284590248755601e-04
3.838372591811410584e-04,9.626135933904816966e+01,1.560868150981699785e+02,1.822339602750480125e+01,3.602486361861972908e-02
4.144551550596377183e+02,4.319155753021098221e+00,2.930617808010443359e-01,3.896340017207317735e-02,6.381772344515344929e-05
1.625216473953551094e-12,1.829403576314665871e-10,9.706674993267038536e-12,6.512166832955355412e-14,3.229076567262404041e+01
1.326136868570266074e+02,3.074181132019103924e+00,2.589454135809507451e-04,2.527495463566526155e+02,1.558249739766850135e-06
4.169572612816114088e+02,3.025953327715300389e+01,9.735352823212124751e-02,4.158968532119899919e-02,6.811928692767401955e-05
6.208058975542629199e+00,1.744566764416491935e+02,1.297661260410870945e-02,1.627781562643076940e+00,8.713051131171354768e+00
8.896362835563208227e-02,1.627322701957314164e-04,1.831268848170336805e-01,6.768862181385795166e-06,3.154529011187485210e+01
8.933945534940141542e+00,1.407871222448446646e+00,5.248178811181195697e-02,2.247673647368470640e+01,5.715828798333693478e-02
4.366635618896606147e-02,3.040796545116925813e+02,3.457327506351924318e-01,5.948913400883730773e-01,7.025286064357766591e+00
1.182881122205596824e+01,1.396552361518322086e-02,3.870149979328664926e+02,1.779790013087143297e-01,1.373187011926846403e-05
7.593285846436380858e-05,6.584170520842277941e-02,3.476011287070897424e+02,2.791736501834235895e+01,7.279936038475524939e-04
1.314451090966800226e-02,1.233835635191783631e+00,3.470845699203674428e+01,7.611067645083402056e+01,2.035484690039355953e-11
1.700854235321430652e+00,6.270212047962338275e-02,1.488109175510918996e-03,3.103479730890804262e+02,3.092849598448658765e-05
5.691346570353051498e-02,3.735261477315066827e+02,4.034934362916016148e-01,1.048188144263030175e+01,2.984238349064265439e-01
5.916758474233010240e-02,3.883200526656570446e+02,2.236218011276116080e+00,4.016768642038857084e-01,3.794598935607917944e-01
4.928037536412501424e-10,2.222714222773507991e-06,3.313655904815956955e-08,2.550662609809095613e+02,2.335888184523549960e+00
8.479481955013019601e+00,5.049168362298379811e-04,2.168097721808539404e+02,1.770810663602446056e+01,2.612843961543484959e-05
2.559615467758767377e-03,4.901378284535709895e+00,9.415859971921109661e+01,1.762803790581082497e+00,1.444342897135211023e+00
1.616525768598386037e+02,5.709404229479621007e-01,2.051695747247018176e+01,8.210295717017168649e-01,9.676274085902145106e-03
8.953294781211786069e-02,1.007815866689054829e+01,2.088662109090690677e+01,4.137265557561280654e-14,7.452962673924621306e-01
3.641499601544522211e-21,8.249258030675919587e-18,2.059146278351035032e-20,9.352690903771315938e-10,1.583804184074235195e+02
9.973811655800662379e+01,7.891902994907579183e-01,2.099069065796671794e+02,3.186856041270549889e-02,8.996115416957498913e-05
9.496554862272215498e-09,1.168254985657096370e-06,2.938558372830598626e-09,1.334700135329021862e+02,3.049013134682352799e+00
3.524170730749230603e-14,5.514200944261543364e-11,1.202282591532681837e-10,2.336870834216737801e-25,9.908740704098859453e+01
3.067525977262764436e-01,2.306367310679222071e-02,9.180109151916017396e+00,1.963784837143918338e+01,5.294182639759078592e-12
3.604675016897323303e+01,3.383777388468707681e+00,8.092450060553741942e-01,6.018376160151339867e-03,3.433949062652640830e-03
1.053001677908640410e-01,1.695473211018396285e+02,4.232931255472492382e-01,1.174599358262274906e+00,1.181713236830452374e+00
8.766569967107090688e-02,9.867974332566859630e+00,2.045102162324960560e+01,1.949545068587638097e-01,1.804651433975592134e+00
2.744789417296377571e-02,1.801420111573566487e+02,4.581108847882002788e-01,9.193647222841001110e+00,1.285042888210924339e+01
1.325122423961594810e-21,1.541836658067150965e-23,6.685550977234866456e-18,7.563607761617797207e-10,1.280837113375949343e+02
3.847362566843116061e-01,2.670608867794612706e+02,3.216969598117951357e-01,3.048671410825775308e+00,6.081295048566089934e-01
9.614487788540884249e-09,7.829859951966706503e-07,1.977584155448164088e-09,8.982233820179942541e+01,2.336925716176181833e+00
6.897153869437429655e-03,4.961728498328630632e-04,2.057859247127033220e-01,4.402118449366163588e-01,2.511381348080480436e+01
6.679767414592802099e-01,2.941426521019177966e-05,5.374242098334780593e+01,2.449782835992070034e+02,9.609283798186567837e-06
2.702905792360787700e+02,8.020467762563813219e-01,7.723359803118768241e+00,7.637326139101726502e-03,6.896137976945093673e-01
2.295238736062601287e-03,3.460733326662295326e+02,7.297909674313693418e-02,2.446278868511000848e+00,1.269760161749132976e+00
2.608178657816511217e-02,4.146976409798368930e-05,8.198195641327858141e+01,2.214640756473799286e+02,1.288740417470137097e-04
3.228406862533790278e+00,8.584033695093589245e+01,1.938915660356490059e-02,4.818750195702055095e+00,1.429929109819242740e-05
1.212116428811286539e+01,3.222904890967314486e+02,7.279725344633472539e-02,9.871426876134511419e-01,5.108258102521942258e-05
9.780428928192071991e-01,1.500539974305884419e-05,3.575376980595704884e-02,2.422305519926686088e+02,2.410403251900816187e-05
2.219754790557798563e-02,2.167298431047665413e-06,2.982725476022422413e+02,3.404080968955475850e+00,1.255852493300469552e+00
3.650716592919294499e+02,3.804516214230228677e+00,8.029975082158291588e-02,3.598371022297038313e-01,4.986275438750319470e-05
2.525462185237182085e-08,3.196776710788758304e-09,5.318351436652117532e-07,6.333707078909927901e+01,1.449763761791874606e+00
2.289301470206906117e+02,3.265643994163367880e-03,2.022627865573046080e+01,6.506353925471708433e-01,1.021176885978033848e-02
2.353684793564041644e-13,1.443313689040905109e-11,1.656644666132259723e-06,2.183455208430791572e+02,1.381743927008707074e+00
1.423737353468484059e+02,1.283417579685286773e-03,2.044054652006622632e+02,2.126288645994128146e+00,1.578560683503910794e-02
5.669575423639733325e-01,9.802333138660287125e-05,1.799529428298391664e+01,7.399581433550065412e+01,1.681156953707250894e-11
3.990786519803243948e+01,1.306526394529301971e+00,8.980394002903699402e+01,1.745514820971280097e-13,7.549898784287804032e-01
5.450692556426753876e-01,3.499649649289322036e-03,3.655981914630649499e+02,1.102637696723132027e-01,3.410452109396205217e-02
5.296856903276849771e-01,1.334121818577994816e+02,6.336155311368586729e-02,1.362650244648285991e+01,8.967275113622562790e-06
1.276935687488646778e+02,2.133647472786025581e-02,3.413326286913359819e+00,1.109433794936354012e+01,5.813786904161957585e-03
5.079619809470361513e-01,1.044175213382051364e-04,6.268640565600893831e-04,2.268044687999053224e+02,1.299935724123400024e-03
6.791835856977035930e-21,3.712674426481406440e-22,6.333541936808214517e-18,8.356965826033962793e-10,1.412012681920937496e+02
6.857159760514051960e+00,2.797704016767192456e+02,2.619965925359956337e-03,2.938721456276959243e-01,1.497729356789652755e+01
1.134013981304148615e+02,1.022248573916385459e-03,1.628099837570643444e+02,2.610979432537551492e+00,1.261482050488935483e-02
9.162031918413704457e-02,1.433565196347071833e+02,4.844891842747770738e+00,1.975660059505192462e-13,4.126447657052142448e-01
2.167877018105542064e-02,2.622254167281079962e+00,3.135878627635818816e+02,2.511095210392149668e-01,4.518922349789651079e-05
3.228763697906669033e-02,2.889614605611080833e+02,2.207931821108649828e+01,2.474045535333427992e+01,1.380688446305484117e-02
6.535423533628838655e+00,2.670197971299216988e+02,2.500476064650094046e-03,2.804693981309941964e-01,1.853817105050103109e+01
1.420669602229966415e+02,2.179629895660789227e-03,4.195861975727369853e+00,9.666631295617250430e+00,7.077297082237195107e-03
2.003036220206419471e-01,8.488822772792861571e+00,8.214326791160720953e-01,1.941870721694801816e+01,5.254494578542028959e-12
3.193968022406324753e-06,4.947554728244615744e-09,2.821492345466912067e-07,4.587997625723791089e+02,1.595002639063907712e-01
3.259050968501734928e+02,3.359805989459051290e+01,4.826940534312997855e-01,1.132160499898591022e+00,1.448654664113016082e-06
2.311235145023339196e-02,2.914002060949497377e+02,2.208830312549909891e+01,2.493440002950465129e+01,1.391511900028812726e-02
5.505515755692681523e+01,7.480931414954705261e+00,4.491781965585295126e-03,6.412072366198032225e-02,4.423490052344146939e+00
5.552974801016884530e-14,1.209807148286270999e-11,1.372614192508283104e-06,2.600765063790859699e+02,2.055453122539688537e-01
1.058445993174951111e-01,6.285356471553081548e+01,1.754795900890361793e+02,2.483794958700989430e-01,6.730973102069477177e-05
3.641401502896584930e+01,1.622392390592006848e+02,3.040075057503892342e-02,2.626757035784601513e-01,4.777191864693459245e+00
1.536329948416337965e+00,1.558103309203013806e-03,3.715231672346292839e+02,2.862899198239953272e-02,8.747939555115184437e-03
9.672538228054054429e-03,8.656535551126739847e+01,1.990856543102992475e+02,3.448227291179998932e+00,1.188663664238556565e-02
7.155243407492436970e-05,7.491373643542141580e-02,3.954172481273641324e+02,3.175768643669230329e+01,2.411622616515047494e-05
2.427636272428427056e+00,1.445553434389584932e-04,3.778004634014694716e+02,5.493616076104291146e+00,7.024423769225807471e-05
1.778302466351588673e-01,2.951104398656028707e+02,6.548641723858703023e-02,1.488316772021631529e+01,1.490026841161790477e-05
6.146539320851504562e-02,1.766537521579978431e+02,2.299559611966981887e+00,7.785904208773438029e+00,3.249310388957793894e+00
4.570399003096923976e-05,6.891192579511371541e+00,1.062981294821423575e+02,1.359753275173058285e+02,6.866641498192748924e-03
5.340596112567343736e-08,2.228990153174757002e-10,2.661920026136980783e-06,3.579057706990204224e+02,1.253782912021776386e-01
9.163702927159499047e-04,3.569714988539927081e-01,2.724979269635096557e+02,2.943943094248738568e+00,2.733007348559973715e-05
1.705776379950289664e-06,3.524585129987983789e-01,1.139835738930157731e+02,1.078437594428712458e+02,2.251204859517336729e-04
4.480104226698093835e-03,4.861009414984213822e-02,2.799586487040547809e+02,8.758675339802565185e-01,7.962795571973466362e-05
7.956316148090859786e-05,4.866700917330032267e-02,2.570535604898065571e+02,6.718178253195239424e-01,7.385866199048345018e-05
6.292167054858196273e+00,2.431328043420941754e+02,5.763453979929644352e-03,7.539805876416513009e+00,4.484730132428493767e-04
5.788647879606497945e-03,3.446891907932581851e-07,5.403931337418992342e+01,2.586722387254333739e+02,3.421891431785541225e-05
3.175837065833133721e+01,1.254714749122860518e+01,1.253128001624859991e+02,9.314830104023713326e-04,1.318018777353060500e-01
6.813860700455114738e+01,2.797722437202119750e+01,2.609697836085571225e+02,1.565045181518127590e-02,1.023183442938503792e-04
1.158897310306159864e-06,1.634930766351097637e-09,5.371321573467885588e-08,4.584966163709356124e+02,1.606163596814117467e-01
2.728779184068559402e+02,1.937896140650137737e-04,3.911939794441117169e-01,7.223685541358094930e+00,2.324526763847120137e+01
1.599615238586962473e-01,2.291512725993883919e+02,2.256788451456173661e+01,1.355081949100924987e+01,1.521727980110239260e-05
5.729076542738485711e-03,8.650370527723623860e-05,5.428750507803171388e+01,2.598602683219844494e+02,3.437607491294581889e-05
1.009120953250212171e-07,1.500085601657216052e-06,1.230997726303224568e-07,2.272337783127464661e+02,7.960246847270120718e-02
6.477872387398469021e-08,8.827574702630139266e-07,4.385506426349872675e-08,3.743473240341141945e+02,1.282794422064973960e-01
2.821237271312640091e-05,3.265533350382890387e-02,3.070044259472819604e-03,4.096540845361215588e+01,2.465552454891214440e-01
3.366735435740609886e-10,1.957281259200137979e-06,1.039781224841134346e-07,3.906181031190696444e+02,4.097952370343999284e+00
4.880418886878461038e+00,3.802538813462778080e+02,4.395639024493682712e-01,2.495272862804627678e+00,6.166253396563755478e-05
1.385246681379240741e+01,8.248550742494205118e-04,3.510760503212811727e+02,6.800881698456701763e+00,6.769620516065088893e-05
1.490002858301801847e-01,1.920558574776432863e+02,4.336688039245972792e-01,1.830959298278627800e+00,6.050901262011915832e-02
1.686850369801726684e-09,2.571913065596651868e-06,6.421280992801193836e-09,2.916560953601822348e+02,1.945614785725376494e+00
9.515964787330094126e-06,2.075592831690062541e-03,2.354898661393039276e+02,8.146266846889149704e+00,2.716329725026922937e+00
3.384351071703639491e+02,1.004255447767160137e+00,3.644971457936737380e+00,3.573874833889865155e-01,9.685040744931970884e-05
5.464796014380039757e-02,6.158124070850469201e-01,2.957420479259828880e+02,2.424793339641294898e-01,1.996434810154059115e-05
3.893869489130621364e-01,1.155447400256052245e-03,2.822307181767158113e+02,2.944037107973085376e-01,7.978208714790623100e-05
1.310061533142066727e-05,5.555950178673224116e+01,1.210611912535482872e+02,1.691859216351127770e+01,2.157699437816123833e+00
1.254877245357233218e-01,1.854355148743039763e+02,1.826216361822964984e+01,1.845495745649837716e+01,1.157197675465768178e-05
4.427778872250175829e-02,2.292492060021562850e+02,2.258563484693002721e+01,1.355081949100924987e+01,1.521727980110239260e-05
2.100720488341155101e-01,8.479724570591429256e+00,8.207624545040300701e-01,1.941870721694801816e+01,5.254494578542028959e-12
4.245688504526144236e-04,7.749000199452794391e+01,2.103988444187644689e+02,5.685439414073629738e-01,2.492853162030094794e+01
5.809660810423710500e-05,3.159287749037755638e-02,6.590092123786374145e+01,7.643470756596880733e+01,3.572519598377039141e-01
2.046551380041865542e+01,2.923422948128537087e+02,7.566205575442723485e-02,2.226250505791542711e+00,5.443533117250888848e-06
3.644769102705718855e-01,3.620919496653848455e+02,7.754678825889305926e+01,2.198349408039551589e-01,9.998690027995880535e-04
4.430551148997919353e-12,1.155012599910225993e-13,5.134260979876276471e-07,2.117876780915889867e+02,1.043697661631361795e+00
3.268387810165050266e-03,4.670075683467163508e+00,2.742190724502771104e+02,1.144729316330634628e-01,2.867942420371209500e-01
4.167640356351832376e-07,5.879557559665039001e-10,8.014535416570431400e-07,4.602184918905617792e+02,1.883910025839437719e-03
3.951613860366232633e-01,3.925756410639476712e+02,2.319965436905614187e+00,1.974956537338946050e-01,5.924079704682053611e-06
2.106897546051021308e+01,3.009625214176277836e+02,7.789308450927691363e-02,1.677305915625540100e+00,5.593428204523041067e-06
4.116312403565497977e-04,6.461416640802995062e-08,1.815668627439537772e+02,2.288937879496037553e+01,2.297797764847671331e+01
4.449487793973441047e-02,9.791697080544058270e-05,2.569080236594285793e+01,7.245564027095549875e+01,4.942580267632730019e-07
1.710195616975911973e-13,5.465889206704132328e-11,1.194714250396292836e-10,2.322160286305964754e-25,9.846365410296225207e+01
1.512851823568348476e-21,2.326878374692864519e-18,2.546579424458758400e-20,2.660895765199221216e-10,1.077452795896497548e+02
3.026718660021048143e-20,7.890436361395786173e-22,1.614832134728320296e-18,8.174155562395708924e-10,1.330380203507703527e+02
3.270188815771763401e-07,4.613465109579087311e-10,6.097946645559168164e-07,3.539130943233724338e+02,1.239796125514168040e-01
2.270300810551706752e-03,7.757714166052937621e+00,4.527436189186472575e+02,2.573151393267193443e-01,2.801357112287113614e-03
1.276231776294453557e-23,3.084075774134630449e-25,2.224025633754292106e-18,9.174052984084003698e-10,1.493117960357506320e+02
2.437622488929960974e-18,1.823895985524991392e-19,6.537082051443383522e-21,2.969158067230738479e-10,7.926103613745148380e+01
1.862155218063633377e+00,2.678792557216411865e+02,1.351984544832486416e-02,2.608162187818182653e-01,1.959042990428470432e+01
1.779502378791549688e+02,8.723444951656789215e+01,5.112504954089303055e-02,1.330116745715673288e+00,1.607458205135112270e-05
1.530387792523004928e-03,6.485749290661700639e-02,1.012856265841324976e+01,2.081610114309414428e+01,4.504210418684780337e-01
2.938053627691028282e+02,1.485555038316582852e+02,1.290747979400601320e-01,5.280407250378633677e-01,1.777203146922843332e-06
1.514867462692318437e-02,1.116659439472302173e+00,4.181154911432013677e+01,8.768196216954163447e+01,2.372580160504600677e-11
1.670501704076075233e+00,4.186464693756140036e+02,1.489279166041159508e+00,8.155814029991840242e-01,1.695382308329495485e-06
5.568366956846032556e-01,2.002166267728182323e-05,8.510670204972672082e+01,2.451256514089545391e+01,1.086435535320152468e+01
1.011019973218418316e-07,1.879031861757883351e-06,6.163515183165932532e-10,3.859372921233473903e+02,6.342430900116583503e-01
4.002515385235490275e-02,9.114142853588971249e+00,8.653957152608041659e-01,2.045799546170267291e+01,5.535714867132592332e-12
4.026116212494675102e-06,1.514265034951457192e-03,1.714741123111296304e+02,1.456060248563186974e+02,1.865849901687260948e-02
3.131346352548544019e+02,1.583288782376145036e+02,8.533105052403637883e-03,5.626262159394957996e-01,3.679454297445005599e-07
9.250080710197361189e-08,2.049708939285581782e-06,4.969230422086685748e-10,4.174935362317497720e+02,9.673315271810262184e-02
4.114522602955805741e-01,1.393420157101696475e+02,1.999652295725110329e-01,1.379454248853158482e+01,2.759162933877232859e+01
2.717707001277202095e-08,1.153196457785498957e-06,1.078280994272358015e-07,2.440802478185372308e+02,7.484066356430788547e-01
6.810063043243739234e-01,2.176537567723455595e+02,5.018653620475916899e-01,2.915489562288058273e-13,6.045615016232957828e+00
1.723804659136583082e-20,7.314568589977614224e-19,6.839389974384985661e-20,1.548167879006360618e-10,9.826150561853155807e+01
1.367472243558463624e-13,1.431639495980375803e-14,1.677980775320596359e-06,3.179331493539107782e+02,6.299423288974627111e-01
7.662874069223198914e-01,3.198918309877476318e+01,6.982477346595202146e-03,8.305367719185753117e+01,2.103597173854474272e-11
1.712655452085262986e-01,7.020564349505298729e+00,1.250709265748537130e-03,3.372119966287079507e+01,3.445020206612827146e-08
7.418238701935238953e-20,1.700399635766863408e-18,1.640624762856105073e-22,7.411573196033202707e-10,1.934986794546665578e+02
2.488258343341912280e+02,1.258127041571338225e+02,6.780651978653076499e-03,1.762276554610311852e+00,2.934052571449444153e-07
3.626267001025953896e+00,1.724999040847769436e+02,6.199807162702543816e-04,5.319039670989779012e+01,2.020232577861204911e-03
1.963879155453036176e-09,4.583832261521165642e-08,3.805679245467416745e-07,1.788930017966964670e+02,1.630618519066029393e+00
2.084059704442112339e-19,1.535790738260547599e-20,8.233888654678613684e-23,5.015138142449158233e-10,1.309334172771081342e+02
6.101422781861870481e-01,2.546956951278147940e+01,2.167278261445899634e+00,2.204409439058392650e-01,5.170610285486154968e-12
5.058576353273458899e-06,3.343592295846423417e-05,4.275882578036176938e+02,1.474013991394926837e+00,9.915450160198384211e+00
3.936400133629679772e+02,2.791993115226497402e+00,7.175095973715533808e-03,3.910265866736663543e-01,3.093244413743346000e-07
9.483942551858429655e-14,1.563377131947014280e-10,1.586231210673076631e-11,2.295428710134453010e-25,9.733018855999333141e+01
4.023175272341328584e-17,5.016146712357284285e-15,2.478568876715940692e-10,1.715081318027210219e-11,1.682023813389520797e+02
8.719739374533060191e-10,7.318440050781538145e-07,4.149727739611321234e-09,3.077248157702096023e+02,9.198342408537412140e-01
2.300647927179945214e+02,1.163266418081251743e+02,6.269402436189562208e-03,1.235027024683449071e+01,2.796397915881420030e-07
6.369028039493218858e-08,2.920236742235837963e-09,2.451081857646789293e-11,1.492917214464002598e+02,1.120192755820689889e+01
1.181339567561122550e+02,4.268825534550544920e-01,9.852652197766930797e+00,1.002145404717289301e+00,9.697482972072395450e-05
6.054532669800702033e-18,4.001894480963220355e-17,5.117738460980031094e-10,1.775019273794179107e-12,3.253682646480041853e+02
1.014763541326890728e-01,9.044552032171246481e+01,7.618566192876565779e+00,8.203845839686001451e-01,2.942210491662569649e-01
7.047820872997802155e+01,2.178568632961358720e+00,1.988864736447089721e+00,2.307960173758255351e+00,5.749863911341899225e-01
6.152688932221175161e-02,1.715134089960761514e+02,4.696593380904584336e+00,5.472031323922932344e+00,5.142961937528748792e-04
7.088088100635425709e-21,4.372992474570430119e-17,4.858209212618257127e-10,6.847072352991198154e-13,3.284067360288761961e+02
6.151892054866012969e-09,2.077243567423377249e-07,4.075646463825215505e-10,4.472415341199627505e+02,5.884779810807488687e+00
1.754094150241776617e+02,1.298859808387087478e+00,1.450425228334958838e+01,1.256470499997189849e+00,3.495862267440679706e-11
3.101544226662730352e+02,1.592324827908595353e+02,8.495520140716779703e-03,5.601480726951628686e-01,7.422627656298220902e-05
1.812522369006470058e+01,1.247213461114656363e+00,1.609889796539815121e+00,6.994602598829708917e+00,5.081519287371247735e-12
2.406767325096728314e+02,1.927226208581169289e-02,5.750392271379980297e-02,1.210253215548478867e+00,4.987598045336180327e-03
9.859314624125170567e-02,2.963111236166992057e+02,9.306981451731932697e-01,7.216755925972633712e+00,9.186976334974334205e-03
2.114285240616516724e-11,1.124503559351629684e-11,4.167298053128415968e-13,4.370453040135970459e-26,1.683985531661231789e+02
1.878393447701531271e-01,3.635135470215357145e+02,7.931377151158569561e-02,1.648145348502553986e+01,3.362979191861927848e-06
4.586672332558466181e+00,3.327052076719054412e+02,6.528172547859566362e-03,1.499096151355614381e+01,2.085106579431608015e-02
7.364276892036735110e-08,2.261911786737190390e-05,2.520660914861686308e+02,9.864287613081383910e+00,4.511457574973375628e+00
1.443465004068119981e+02,3.824115645829092580e-01,1.258813518052545355e+01,2.181470995025269234e-03,3.529517195881508029e-01
8.244480945756445674e-21,3.771523972579999129e-22,2.217998795205303045e-19,5.162453647731515919e-10,1.347794773409896720e+02
1.472550562151070892e+02,7.008012267320295052e+01,1.525432152769348997e-03,1.270465019983180355e+01,4.493548927189368603e-01
3.665208277253322322e-01,3.297384388396727672e+02,5.957716935327920377e-02,2.685704779468812919e+00,2.943675635077246970e-06
9.970889230850389325e-08,1.734500819555197678e-06,2.114328226520672057e-08,3.615043969985801482e+02,2.490044065127716699e-01
3.107251597051297485e-18,1.533059108229926418e-19,3.621754092630483876e-11,1.241274141885323320e-10,1.017702095412549141e+02
6.507123843306230059e-09,4.014566861171633554e-05,4.460013554341155668e+02,1.597939515090678242e+01,6.410551209012559148e+00
5.937329933986514287e-22,1.509017985187613687e-17,1.676249256759572930e-10,1.371608896293546958e-11,2.388892373466136121e+02
7.830497301798854115e-02,1.682522340043683728e+00,1.496638499883736484e-01,6.452623635814903480e+01,4.750117246616366396e-12
2.116641601462528683e+02,1.063309456424148675e-01,1.020841593193665409e-01,1.607961592531024705e-02,2.543339083771908177e-02
1.691775983975020381e+01,5.662105095687485212e-01,1.202278099339683897e-04,2.048984644832459878e+01,1.990503575199507935e+01
3.153882589570927216e-19,2.324167422027309694e-20,1.172907692343555035e-23,5.108984726232719689e-10,1.333835300577272562e+02
2.142307634594429828e+02,1.076202964573657189e-01,1.150255283588439825e-03,1.626684048383015765e-02,1.518190458656241016e-04
9.489176973677861361e-10,2.411747178801902823e-05,2.679020035308635102e+02,2.192136819127625103e+01,2.985165361900157688e+00
3.319686667491196499e-07,1.377996921137496455e-06,1.641059683945738312e-08,3.363740396716912642e+02,2.368640231023743936e-01
1.987072693960975656e+01,1.360018005288634413e+02,9.002895126804955073e-02,3.937146487604388234e+00,1.650379405162764712e+00
1.110624123515843226e-07,1.932002660801505565e-06,1.960736372112011466e-08,4.018993463008877143e+02,2.705981660129126443e-01
6.488730326385023658e-09,2.537476699330404136e-05,2.819292914514161339e+02,4.746722073874928505e+00,9.750549331613198589e+00
8.526374323325716385e-13,3.769154929530562086e-13,1.614662395137592526e-12,3.789256002870576947e-27,8.240179962347534115e+01
1.000751176729917501e-14,9.707563030039925055e-13,1.297325237463383085e-12,5.482769384040527843e-13,8.188467390315661021e+01
8.490656577627932536e-03,1.074276595210369223e+00,3.152575941458562170e+02,3.743153226612536133e-01,6.610843557588393137e-04
5.187610551739944083e-22,1.257588366195891760e-17,1.396958551907722878e-10,1.547574147779358984e-10,3.878974339468024937e+02
1.001811366753776689e+00,2.950371750979430203e+02,5.836220010596183255e-02,5.376422786471747317e-01,3.901061137066708095e+00
4.615910944893885812e+02,2.232860499964678946e-01,9.104376288649580762e-02,8.387102618824754385e-01,4.058991742624051866e-06
5.736918901310318120e+01,3.891379921088774836e+02,8.802604604409959566e-02,2.431626041521480985e+00,3.938669498060366532e-06
5.947387548965348714e+00,1.277902543141555896e+02,1.368811733921560317e-02,8.661129558646535997e+00,2.282601888997935902e+01
8.303903038489587884e-03,1.050647685674956477e+00,3.083234458961072164e+02,3.660821889075115965e-01,5.839813756284771042e-03
1.305759041785177720e-21,3.318686851300141472e-17,3.686467903308652493e-10,6.561279405806764022e-12,2.532773520343122016e+02
8.383112508249307096e-13,3.222343744875119134e-13,1.524041251496461162e-12,1.998936970818418980e-15,7.783500226185634574e+01
4.013889634830563932e-12,3.575330636842450142e-14,5.346555772404965766e-12,1.251825138695568025e-26,2.722240043013125614e+02
7.586058133776762524e+00,3.895363502952646400e+02,8.607662504700193395e-03,7.210953606161324414e-01,3.489786935259330323e-06
1.712795715479114557e-07,1.626967243487636081e-08,1.642497366146692586e-12,2.829523715540339026e+02,2.096863825512750168e+01
5.107404045841787976e-01,2.399207934144163801e+01,2.082649622457852789e+00,1.730733796418280068e+00,3.458103079600170586e-14
3.205007656903316047e+02,2.993588331358758570e-01,6.144988095938522243e-02,4.034243887641252080e+00,2.849845833059953777e-06
7.114299317741251016e+00,3.653120161051706987e+02,8.072372555632935029e-03,6.762521643771912672e-01,1.275483233471222768e-04
4.400347227216712371e-20,4.026174283813772721e-17,4.477071829087983033e-10,4.002560036995209682e-12,3.049184090058387255e+02
5.998511263947122040e-19,9.453869977288495488e-22,3.225761145484428327e-23,9.064522639376457002e-10,2.366532868497647826e+02
1.369902291646909152e-02,7.681813824385488973e-06,6.227413408483715163e-01,1.448052348193674845e+02,1.327290336130817761e-01
1.200835251418908456e+00,5.640935075715944436e+01,5.192445603894813022e-01,3.137069983201998369e+00,7.482142750635178367e-14
3.992777874067536259e-01,2.552767647862549438e+01,2.203695822493734191e+00,1.831326208637319874e+00,3.659092354322232595e-14
1.341176685205213638e-08,2.113961635039574197e-11,6.211552674743432364e-07,2.024798782813014668e+02,2.056262513355722632e+00
1.834558665182681239e+02,9.072952714872560553e-02,3.528163768623341582e-03,2.027820971006550224e+02,5.613172168134318791e-04
7.309093785522184622e-17,3.763206322830855500e-15,6.933365291965722549e-07,1.313379629384101008e+02,1.490994187081850386e+00
2.875138664555070136e+02,4.877451184337133760e-02,3.047994659171611789e-02,3.113023142605137394e+01,4.111459361702999304e-01
1.168285086994050643e-16,7.653329410259122829e-15,6.078318627632604392e-12,8.108299079558771472e-27,1.763244382366508489e+02
9.613113188882205973e-14,8.032504448905860824e-18,1.062814782028893414e-06,3.391154074460271204e+02,5.058325675683554401e+00
1.230803531447674244e-08,1.094979034869643345e-07,2.629183341674626888e-12,1.837689164457355560e+02,1.099896739840216853e+00
7.618314140829677629e-10,1.584795268083471879e-05,1.760439633683722036e+02,7.688762077525181837e+01,1.212347858969620518e+01
6.923403357505143669e-13,4.089138158016128076e-13,1.417612029016357100e-12,7.532338057956967790e-15,7.319410137693914464e+01
1.260918126253780525e+00,1.786841729032671822e+02,1.556744385135059574e-03,3.081847503135350763e+01,4.146398198639846683e-02
1.720424332173177007e+01,9.151809030859382688e+00,8.799967934305724052e-04,2.026919623307442464e+01,1.609458595973912054e+01
8.541564913389660535e-03,2.515522648867660749e+00,4.976031788385881435e-04,3.250866028952657416e+02,2.873663679412914767e-06
7.753519793830446538e-08,5.713744123022741204e-09,4.113352092543601137e-09,1.318008609778263462e+02,9.837435460554659894e-01
5.783094160722365151e-01,1.883967213901351911e+01,1.650177396627136250e+00,1.371552791513552583e+00,2.751995996866037908e-01
1.118042468352041672e-11,4.129353497450290453e-13,1.263104560180902572e-06,4.030261128805550470e+02,4.843403504948183558e-02
5.261054770271508780e-28,1.074698291523413888e-25,1.199594600882744957e-18,2.272378821964537547e-10,1.533927677461725523e+02
5.770966186958268462e-01,2.728941614787859749e+01,1.080134114190604150e-01,1.934317168507617479e+00,2.164079604403289281e+00
7.762559137572042189e+00,1.627272644210742953e+02,2.464461956466312996e-05,1.076647060624851804e+02,7.095181850816097147e-02
2.681223090290349461e-18,6.814534328618364484e-14,7.569729596091554651e-07,1.433925528632649389e+02,4.775914962657881624e+00
1.895529595658639321e+00,8.357374088022360148e-01,3.158701258748430405e+02,1.584779765805624172e-02,2.794772861213118181e-06
1.257471798355827559e+02,1.348872026902398824e+00,1.740537221576528570e-01,8.285378375534302009e+00,1.655465013474744011e-13
8.704018434819507655e-02,3.110621597750362071e+02,4.112505349748209937e+01,7.940475904951577180e-01,1.218769912039176142e-03
1.060476713285800389e-13,5.367054456171469192e-17,1.178549889810601262e-06,2.501521169468799144e+02,2.102277364111770463e+00
5.591487514180025265e-27,9.782820910589873466e-26,1.148762776266954714e-18,2.176088657225768477e-10,2.617103541653480647e+02
8.829805636043346474e-13,4.840045624317510270e-14,1.205390343443103041e-12,2.282976707491016840e-14,8.245978505877607745e+01
2.657593118792971748e-03,9.815496057196389874e-05,3.288976648239335532e+02,4.726385113077122391e+00,2.394756397966307446e-02
2.258590982262502053e-17,8.336383517683294245e-21,2.509718153088103376e-10,9.631888544013709698e-11,2.343513167859991597e+02
2.563925082642017017e+01,3.411405988763911523e+02,7.983184397873084245e-03,1.586815634214149284e+00,1.198908092567744100e-03
1.577000314074808784e+02,1.364101407580518277e+01,4.637078061604279203e-05,9.722534415437562583e-01,2.688140523755298616e+01
9.007319675071380516e+01,4.696074088788504497e+01,1.688108634661835472e+00,3.467383133053047843e-03,4.398949510956232656e-01
2.501827085012769264e-03,3.193841396238165653e-01,2.749377793554754703e+02,7.372054930373000969e-02,7.764577367021217175e-03
7.672195790809884564e+00,3.645503569159264323e+00,1.389404806790785685e+01,1.641303478053926623e+00,3.279416293691556950e-14
1.028243376325963894e-19,1.799006217502447694e-18,1.705676571190948766e-10,3.122530688606117969e-11,2.426891391646182967e+02
1.184719537410644721e-08,4.375617119907055840e-10,1.002150945789156401e-06,3.236789245002851203e+02,3.889841346005194073e-02
2.078885366628610676e+00,2.216984758641709448e+02,8.200311077262171979e-04,9.969874393328271367e+01,1.471922310823198937e-02
1.071392045628720830e-11,3.957055850730288229e-13,1.332295515040935059e-06,4.251029159901739831e+02,5.108713523683543895e-02
6.866780781569584416e-10,2.601593526859774278e-08,1.187301497198784102e-06,3.873557917239694461e+02,1.509182160121230482e-03
1.288896810288876616e-20,2.255043337807701868e-19,6.438108701853382391e-11,6.342123558028323402e-11,1.537032550822296173e+02
3.126538329585421749e+01,2.865560684949750794e+02,6.917575371988798731e-03,5.177153874490517893e+00,1.127676667581777628e-04
3.956612668443646591e-02,7.063496897924940619e-04,3.161726012088622042e+02,2.300742695662162607e+00,9.891816616133294882e-03
2.563930899292387622e+01,3.411413728052412466e+02,7.151089044080303006e-03,1.586815634214149284e+00,1.198908092567744100e-03
9.286609995323013151e-07,3.429896139827959590e-08,3.493719297935559263e-08,3.184019219985825657e+02,3.826424481450958065e-02
2.720795681771839281e-01,9.510883330071145281e+01,1.261334668508620815e+01,3.131797797599010780e-01,3.415266369537320909e-04
1.867247240894361695e-19,1.376016729509093004e-20,3.703924871474030835e-22,3.030243150392298618e-10,7.911249494586222397e+01
8.752332176251285034e+01,3.727512710391079054e+01,4.609432493886149729e+00,1.724059313450120920e-13,7.303305728879008196e-01
1.608926590150983493e+00,2.046570404750394232e+02,5.582266572704477491e-05,9.330216783547029991e+01,7.393219889919665222e-02
4.426313508022131771e+01,2.746025483153516689e+02,6.940303701970695210e-03,5.194163889604041628e+00,1.131381752967253505e-04
3.561171003723094530e-02,8.524774516281700054e-04,2.461221746608284207e+02,1.791032995285822160e+00,1.490793762943915105e-06
3.330402808980841809e-05,1.722292725032402171e-06,1.560798248765730705e+02,2.281073749582383527e+02,1.151881059218438225e-02
1.332012330949028378e+00,3.920462547350963405e+02,4.664231737379613552e-03,7.142897311224251089e-01,3.456850657770230712e-06
1.281007822047970812e+00,3.772615700299718924e+02,9.943894867897478562e+00,2.086900735431078055e-02,3.407818650159877791e-06
1.833260059737525441e-02,1.196941282156460933e-03,1.546115247536733017e+00,1.462697228412474146e+02,2.787200164676679071e-03
4.621412957317641568e-01,1.361023311510442682e+02,1.608885926916470623e+02,3.778496369760348320e-04,2.609133166087151181e-06
3.184525982996757222e-06,8.093717270336701908e-02,2.384837573486889628e+00,9.035344952246920514e+01,5.677085279875451057e-02
3.346142896425245098e-03,4.235364680620831157e-01,2.380766447187199617e+02,2.384453677906946467e+01,9.192967079137752406e-02
1.590034317523907588e-25,8.047136408013115455e-29,1.767068287531408139e-18,3.750675951331318419e-10,2.530951140047056072e+02
4.156605118046009295e+01,2.565913539444641600e+01,4.464784257749413897e-05,1.087572527406307188e+02,2.199069735181377258e-02
1.866362278623460926e-07,4.167102146047717463e-09,6.608827854990390928e-12,2.878692056489416586e+02,1.123878532895482341e+00
3.348142044022845526e-15,1.425933313997611679e-15,2.756905329184799959e-12,6.406755980083825872e-15,8.720890803147121062e+01
8.002787370052060747e-06,2.958157842862540076e-07,3.798230265087593125e+02,1.538102859195068461e+01,1.565540616173688726e-01
5.299842351944335839e+00,2.722214330067876062e+02,7.613970679984460139e-05,2.012630562781621535e+01,1.932381597819831775e-03
1.110112209771677537e-02,6.269589990946437819e-02,3.901465605728128025e+02,4.016069860393763902e-01,2.574713365370245410e-04
8.915997635520493834e-17,2.266069249558605265e-12,2.101896901833804250e-10,2.906148157338201935e-11,1.630318465354916952e+02
1.424062508896734776e-07,5.741862807072926470e-06,2.693201302461131377e+02,6.987261914851554678e+00,1.087699142584311607e-01
1.093780122726798880e-22,1.419367845464540791e-21,1.359020049641402799e-19,3.419779918760973096e-10,2.308459747964091378e+02
1.707433376928825242e+00,2.369898231331183638e+02,6.661251050866915692e-05,2.754186886337123141e+01,2.556866941346010336e+00
1.508940535695652964e-25,7.636722169136909507e-29,1.676945547031158054e-18,4.121387575231799091e-10,3.083240879388760050e+02
1.942247985811520650e+01,1.849207667548734557e-01,2.407080786509018111e+01,2.951320275014594596e+00,5.694609410852581226e-14
3.279838600336379412e-05,2.416714483433851760e-07,3.670015419371660528e+02,9.180764992056211327e+00,3.923207112425729226e-02
7.424013161996464993e-06,3.059554210203789585e-07,3.537968989978995182e+02,1.452004188902523474e+00,1.407264374024752573e-01
9.065492157613999434e-13,3.860883769373819953e-13,4.270973338104895143e-13,2.291147173995176746e-27,5.418046850684914517e+01
3.071797250462710493e-05,1.252735805307834050e-08,3.413474946461012678e+02,1.065952512126562901e+01,4.861802011784595590e-01
1.856096539819108671e+01,1.042864770893691784e+00,2.406642463465371762e+01,2.842966014232865657e+00,5.680405357174462809e-14
2.259196907834124662e-02,3.419798219503715018e+02,3.506641181633854965e-01,4.854808774798232029e+00,4.482865446072448745e-01
2.208430584707619243e-02,3.342952070840553915e+02,5.304155934625848223e-01,5.939954774266923643e+00,4.399972729209628008e-01
5.804319909478851363e-19,2.937556350359736738e-22,6.291949790135440368e-19,2.973591960330739079e-10,2.224566392593601734e+02
5.789091903640520599e-03,2.223528287770944800e+00,2.864122527071713193e+02,5.241043601152550746e-01,1.919933039443934470e-04
5.262484850235915689e-12,3.445301553909049464e-11,1.151726146032036983e-07,1.738173710979897066e+02,1.510917335691506658e+01
9.909631064270859205e-14,4.959604142042053634e-15,5.162618533997053022e-15,1.260060856017260951e-10,2.913443015849903759e+02
6.437607447049857967e+01,2.741699366541234184e+01,1.179436393911347380e+01,1.380061825817840370e-13,2.271942420496081994e+01
6.372729668004454950e+00,3.028052122682468816e+00,1.154076547904282535e+01,1.054373172514816659e+01,3.845124984454633655e-14
8.420948474127814415e-03,5.529573680011207193e-02,3.368543192491707146e+02,2.463011604109136954e+01,2.580827332730381653e-06
8.776522688072961435e-05,4.867763987333348363e-02,2.578106074922250741e+02,1.271928225760307356e+02,2.748605476685495076e-06
3.390959365652653545e+00,3.569035491282966746e+02,8.482836435499220345e-04,1.197126788764067662e+01,3.358216870713645196e-04
2.593951204244261621e+00,2.700635280692296760e+02,9.026442677263352143e-03,7.575085984043555598e+00,3.166762342036131272e+00
5.918187942373706436e-13,2.520484864313021938e-13,2.788201950022382333e-13,8.997569665474215103e-15,3.565388189386727902e+01
3.000602216066988899e-05,1.223701151821440064e-08,3.334360849270640870e+02,1.615207479650835509e+01,4.828393527286101716e-01
1.710668082714117588e+02,4.432468951133782298e+01,1.027988145513096391e-01,1.754028561332498237e-01,2.706319130518006322e+00
2.916715535887053735e-05,1.509436563326199450e-06,1.366971175858660104e+02,1.997799567082277861e+02,1.359989295900028775e-02
8.590045771348941176e-20,6.858828692427265076e-23,2.797790009012129942e-20,3.125267757477013883e-10,1.583301814181479585e+02
2.424527170840302048e+01,2.199659110445761314e+02,8.965224801716823290e-04,9.825242717991180541e+01,1.091774290801118699e-04
4.420710518405456213e+01,2.100535024454296718e+01,8.005734748141452428e+01,5.697452671943662450e-01,1.781058667159910188e-13
2.389698965229711952e-02,4.468294757058038726e+02,8.618752332592427123e+00,8.270289222939606333e-01,7.984090954180690855e-08
3.759349182657069743e+00,2.162766946220515933e+02,5.592649133486387626e-04,4.756065668049324557e+01,1.641067355660092916e-02
6.509997635245211474e-03,2.500420469432667048e+00,3.220786815729087493e+02,2.212911417303462258e+01,6.066638268498284366e-08
5.442443569575975637e+00,1.202729777918933536e+02,3.508301665876147697e-05,1.776934963904973870e+02,6.242318759874369329e-04
1.158968673896329307e+02,6.092602632628967285e+01,4.682408008282716192e-04,6.556947391283154047e+01,5.410612128113301787e-05
5.199941351377724885e+01,7.157475089544692581e-01,6.360716531527209128e+01,4.118619082767025485e-01,6.819026136250257338e-03
3.388721015810213011e+00,3.566679594568161633e+02,8.060758123554559711e-04,5.687749085848044928e+01,6.019527418628039210e-05
5.672449480859948572e-27,7.375709500447004652e-26,1.433145072396935826e-18,2.858197288246403404e-10,1.929373696211279423e+02
1.068250849486576921e-06,3.680117852716847469e-09,6.143650029525539195e-08,2.785448929471872361e+02,2.176939383675118744e+00
7.286280549384580741e-21,3.687574088291263924e-24,1.030473088220560004e-18,2.550484354709766031e-10,1.908036427328805757e+02
6.561148153893433740e-03,2.520066836607621763e+00,3.220266884015053961e+02,2.212691236808170814e+01,6.066034649479343554e-08
2.860683865830778814e+02,2.276714692185016764e-01,6.409444403746163924e-04,6.394136680546736073e+01,5.056586169037089324e-05
1.626154495834757441e+01,8.969441061253037617e+01,4.719279379065236313e+00,1.474490329166711044e-13,4.605928026478367521e+00
3.486579245865024212e+00,3.669676846530965122e+02,1.359972838741023557e-03,3.536505272747059614e+00,5.399537092661587973e-05
3.413610360304161873e+02,4.346590133495786823e+00,3.047613125394285465e-04,6.003607841974837100e+01,2.446521425129978208e-02
1.729587236627376393e-19,3.861719007117144305e-21,6.124504571261202000e-24,2.667729141395283237e-10,1.351506724654364575e+02
5.948684065049755082e-02,3.632559584643013295e+02,2.197573666116909574e-01,3.192224575202536663e+00,1.197679914756865385e-04
1.258314901908425121e+01,3.119497264624924924e+02,7.265470005902369740e-04,7.248117830462780375e+01,5.731928203001027838e-05
1.560216545951644206e-25,1.846280659772714717e-29,1.733258599026562324e-18,4.259786769664872339e-10,3.186778352184320511e+02
5.484948513458169118e-03,2.106710064314562203e+00,2.952061540943674913e+02,3.565951750031623568e+00,1.740843555534518707e-06
2.324276226941205437e+02,1.221852822959528453e+02,9.390426043097821864e-04,5.673117199021959323e+00,5.545216840488484882e-05
1.662234682048898890e-21,1.046532629584278661e-19,1.278492862818568540e-21,2.936675409756113821e-10,1.980343906229011282e+02
7.590966348859497614e+00,3.606906767327686669e+00,1.378395695081739269e+01,1.871220838926355157e+00,3.279416293691556950e-14
1.175247520965921666e+01,4.575245079805643513e+02,1.065111186120477338e-01,2.531638840819366187e+00,8.257331430711297926e-08
9.764502937396039113e-23,6.147670389755395522e-21,1.481353927067924348e-19,4.213674269105623975e-10,2.841486714512416825e+02
3.156447165531042591e-03,3.944825348898891662e+02,9.016651432378018638e-02,6.252877489047688198e-02,8.219418376592530634e-03
3.948413749692688548e-13,4.162751876436697695e-12,1.512562890916403776e-12,8.087072534731349033e-27,1.912410445534909513e+02
6.550020565950329110e-02,2.515230200517950543e+00,4.586000757170032216e+02,8.373945278149049765e-01,8.084159930057402682e-08
7.476188052506633335e-08,1.103472159310245666e-08,1.738327586752880844e-11,1.294649742021623240e+02,3.358910035001477112e+00
9.134754857009156144e-20,1.924330258915578764e-21,3.230644826090369734e-24,3.408747778801084809e-10,2.589476539171032528e+02
8.016921304232843326e+00,3.809302581049574421e+00,1.203614639824297861e+01,1.553458024002538629e+00,3.103896155463111080e-14
3.370438994896570873e-20,1.033097852845650717e-21,1.234029110338317667e-18,2.390866302758014338e-10,1.211244369150089000e+02
7.145922448851879949e+01,3.395440692927744664e+01,4.651081636919210394e-01,6.892784564980699358e+00,3.548479322079253675e-03
7.242866881994104610e-11,4.558986868952641389e-09,8.732633438668381949e-08,2.509899127975761246e+02,6.745148173543578096e+00
1.517169292121606782e-15,1.599528245524651214e-14,5.811989614005524147e-15,1.943661712914013580e-16,3.000918655157915964e+02
7.320073343435813047e-08,4.999419271297426115e-09,2.738386030221753852e-12,2.857932119387004377e+02,9.034219223135847576e-01
8.147906391288791843e-11,5.129871247044021871e-09,1.236103179803666715e-07,3.516064640276562159e+02,1.840842606895869427e+00
1.578625844352920735e-02,2.536770893865039227e+02,5.798588594722114964e-02,4.037433458685319465e+01,3.323561627991138967e-01
4.874346996692745648e+01,2.087667017947471493e+01,2.377976150540261457e+00,4.687130831750264015e+00,9.365149971247940266e-14
1.986088156723049849e+02,3.168220830136777977e+01,6.704618006492330732e-05,4.768595443714946924e+01,1.689287694362703179e-02
3.190644512077161269e-12,5.419234639228727002e-14,1.072118882144600922e-12,2.055774068503815416e-14,1.366539162221820902e+02
1.002497178914755205e+00,1.778713923335912455e+02,1.521772573845987277e-02,2.834871037921381579e-02,3.726442928903390354e-03
2.709089389769516174e+02,6.529778220587548532e+00,8.077260619733955024e-05,5.645918405451566002e+01,2.013310235066120835e-02
5.563301450459702258e-01,2.479227572622927482e+02,9.121903641020141697e-04,9.545059643691159579e+01,8.345794165047622226e-02
1.076369375555677466e-03,9.785689901003800628e+01,3.592459354347933803e-04,3.046017880723175608e+02,5.636770465780279851e-06
1.319367636840770297e-01,3.435136599964426409e+02,7.854613311209204807e-02,7.983281866291997098e+00,1.081085048190534321e-03
3.920676737836750747e-01,4.021819958114626274e+02,7.764708427230273102e+00,3.745963678378629869e-01,7.186454018288191840e-08
4.134142555311335751e-09,2.990959398270778357e-06,1.062048735127170233e-02,2.618371348020262985e+02,4.936722021986023404e-03
3.834901527751284060e-22,8.078615316262100763e-24,1.860013324329446144e-20,3.193113788079933449e-10,2.425668830878987592e+02
3.129646774630885364e-01,3.210383487776251741e+02,1.072977622639776385e+01,3.031552915230186773e-01,5.815890782672769311e-08
8.966439856537144993e-26,9.006485148858272272e-28,1.105705330002916070e-18,2.713040354627619729e-10,1.831388166796738517e+02
8.183276544239249223e-06,1.658704679028489004e-01,1.775545539357776761e+02,2.455782308523165725e+01,7.869717339611545626e+00
2.572339569532299235e-03,2.610080848236836726e+00,3.697489841949587230e+02,6.761200669510094574e-01,6.527225306111907349e-08
2.573002993564254548e-01,2.639379750934282356e+02,5.095706522961230611e+00,1.730768877421415608e+00,2.724119062411085910e-08
5.190964491459187230e-02,3.597341305625013774e+01,9.157326823665318249e-02,1.466925087697295282e+01,5.738742927163590496e-02
1.098156033692846734e+02,2.446764017474031050e+00,6.071791095883114497e-01,6.783703654679516859e+00,4.128801250829859271e+00
1.929119725029202273e-02,9.166362583386477095e-03,2.483204754592854968e+01,1.372728615522474716e+00,3.203721409651772957e-14
3.374699078169842554e-04,1.813478721170733523e-04,5.280271043294731525e-04,2.455228595362640576e+01,6.947526794654396154e-01
6.984214664859993949e-08,1.471296802676589464e-09,4.872795077545470198e-12,2.606334674533854923e+02,2.549400058958759985e+01
5.616592313954311688e-01,2.613919519881277576e-01,9.087440926737170299e-01,1.037006765838226069e-01,2.709136481024322052e+01
5.353706093742669619e-02,2.610410290487988338e-02,4.347019990787464394e+02,1.102584339487490350e+00,2.721310040158429904e-05
3.099892736833174347e-21,4.488409456875539379e-20,2.438583069188492874e-23,3.589319221906411748e-10,2.726648763286082726e+02
1.708454273806800329e-30,1.099135783511084473e-25,1.220914334032334189e-18,2.312764557331645345e-10,1.561189327964476945e+02
1.604331216967259265e-30,4.077530956707357637e-26,4.529408067157714199e-19,3.215231328563085534e-10,2.170382973809419127e+02
2.001093321666603987e-16,1.518949659530288731e-14,1.308588706757417537e-16,2.879529207128620196e-12,9.120890967422367623e+01
