2.815852352406227332e+00,3.954082828189647625e+00,1.866607803776490115e+01,1.874089172941779680e+01,2.435031280408369625e+01
5.573222418522055799e-01,9.969102034759213637e+00,4.654721381614532305e+00,1.376120429053156968e+01,3.079107060938262208e+01
6.477897657004769716e-01,7.899031103665068443e+00,4.733333940554588892e+00,1.014420668971564332e+01,2.807428392115134486e+01
8.075957854722708440e-01,8.495176589877511120e+00,1.417002424344950606e+00,1.364690356294037343e+01,3.791654384948567724e+01
4.178115193523698201e-01,1.250594900127099152e+01,4.861427274330381465e+00,1.032572009623030596e+01,3.475966277787759395e+01
6.417568652367258153e-01,8.367086327139256596e+00,3.555348922632525444e+00,1.419178839925666225e+01,3.776817795226566687e+01
2.615130445080803945e+00,3.700322532150965404e+00,1.458050122994782782e+01,1.841791775711018175e+01,2.498920841082667721e+01
3.351833262016909121e+00,5.047411817651277666e+00,1.859642820983157918e+01,2.103031386649003665e+01,2.495828074081985903e+01
2.765281855392040189e+00,4.003230032050457687e+00,1.388595802313006011e+01,1.924862035249354264e+01,2.561003239087079209e+01
1.164913720605696978e+00,4.043316265479152349e+00,4.213025090884809032e+00,1.430427052209228833e+01,4.823213968387078410e+01
1.530842292474237087e+00,5.683239488713986987e+00,5.124777162022910559e+00,8.386315484264741826e+00,2.741162796769154397e+01
1.577437824805131728e+00,1.736679461686388315e+00,4.014055480282713972e+00,1.412682800412763129e+01,3.893674391881182828e+01
1.343254509978292877e+00,5.866516031258456110e+00,1.403905187227267648e+00,1.361555804489939803e+01,3.730401670583950136e+01
1.926880000646734148e+00,2.929999718486378413e+00,2.792368891896791716e+00,5.289698557107143984e+00,3.059258486554892187e+01
2.772322974435295073e+00,4.123455236318599226e+00,1.411915944684262136e+01,2.197200166472712368e+01,2.381016082304433823e+01
5.436724007050326435e-01,3.837902285994228890e+00,4.652075502240355931e+00,1.369976437768901434e+01,3.096324391440327872e+01
1.337187454609710446e+00,2.185392170428508862e+00,2.096192561773187890e+01,1.868940463487390247e+01,2.550927258826285993e+01
3.237759217754427876e+00,4.079221248736985217e+00,1.504752384470761051e+01,2.266430283378680244e+01,2.384788105888934595e+01
2.290883041719590896e+00,3.901819407517528759e+00,7.616929758479787260e+00,1.974761502755396414e+00,3.225073910420766765e+01
4.203176691354229000e-01,6.932677771679191636e+00,5.754975443321133532e+00,9.866450808492754021e+00,5.993667944717448393e+01
7.061797064796868639e-01,6.139071757974326360e+00,1.904364383829397767e+01,1.982973762983994703e+01,2.574397781399338214e+01
1.528385628144590225e+00,2.430938496038379526e+00,6.717288354407014772e+00,2.508451495929350017e+01,2.602636333374937649e+01
7.904858679067980898e-01,6.398009314619989674e+00,1.991002501755577114e+01,2.253084321880892560e+01,2.455022536013995449e+01
2.271758924307409444e+00,8.778948552012177942e+00,4.936962883721231599e+00,2.494728913291512917e+00,3.241730104962455528e+01
5.429916053358987416e-01,9.872802395899732630e+00,1.113448297869808812e+01,9.976307506983111750e+00,3.136125701235862806e+01
1.371928648780395665e+00,2.173524267954664690e+00,2.229937528549892178e+01,1.941044479689064062e+01,2.621519871778043864e+01
4.636699963076085784e-01,1.204367659755329001e+01,1.167421272525566600e+01,1.046803052838233583e+01,3.634183841684851046e+01
2.495764630207026880e+00,2.127440192465031021e+00,2.204560124516063979e+01,1.759485482616181207e+00,2.728319899494722378e+01
1.941124641929379280e+00,3.672832230807824949e+00,1.678031767845531164e+01,2.345983007277146815e+00,2.603142202008343986e+01
6.302699622503977750e-01,2.331129082918817819e+00,2.372769869330074854e+01,2.305835456096816927e+01,2.591447846132572863e+01
3.033143301634919631e-01,2.100620790238923341e+00,1.662114118778716332e+01,5.235931557055850050e+01,3.136152849049189939e+01
3.983702827248036260e-01,1.154768825578127789e+01,2.368274956791577424e+01,7.533727117654615668e+00,2.818852113490028799e+01
9.760903038588790714e-01,2.070660236802380538e+00,1.404039167080872508e+00,2.275414060255664239e+01,3.310244490276384965e+01
4.322083488173843469e-01,1.189626649794653446e+01,1.247929604581201346e+01,9.872810597278274258e+00,3.638861805665290206e+01
3.450292775021173597e+00,3.964590460195770216e+00,1.500289424971438379e+01,9.592843220763633383e+00,2.560369307085533208e+01
1.529476076362552561e+00,1.920284390596614266e+00,2.213273221856441353e+01,2.298146470421965759e+01,2.817155210703248258e+01
2.588476007365611675e+00,3.886139007131012235e+00,2.060327559487950566e+01,2.368014209173453111e+01,2.537765943283179837e+01
1.620660163210910998e+00,3.785409506458655926e+00,2.094976921042958651e+01,1.243657076906732328e+01,2.536450903796680123e+01
4.203002190983046171e-01,6.951081486466753390e+00,6.622460201426544124e+00,9.754352396930148217e+00,5.982664178776433772e+01
2.153062476856079321e+00,4.263529095044290784e+00,3.095489405004821748e+01,1.888043647669929825e+01,2.504537339902317328e+01
4.258798942697162859e-01,6.860486802521865712e+00,5.633304805147154148e+00,1.522755988469476662e+01,5.931514375065046352e+01
4.985964641340516201e-01,6.866345255206974585e+00,1.271221116174008614e+01,9.928932557764193589e+00,3.295569262312205439e+01
9.902544947696612088e-01,2.224635058172936830e+00,2.497352590655077975e+00,2.267979546120259116e+01,3.224558260929067899e+01
2.782292248476337271e+00,3.927558061460581840e+00,1.193025732518708182e+01,2.196209547875068679e+01,2.469357640010779065e+01
3.716320982503447112e-01,1.255182399997490883e+01,1.256729736382280649e+01,8.053152192548397537e+00,3.682015075409663751e+01
1.176902206370982640e+00,3.143529654156655528e+00,3.519628543873262849e+00,2.743520398861247767e+00,3.507160773648952556e+01
4.317319505094987520e-01,1.285192816436832430e+01,1.536924314709530215e+01,8.356347667617271213e+00,3.002024102409120587e+01
6.132444833809989060e-01,8.454526767942927012e-01,5.203165279065261828e+00,3.009545079957878855e+01,5.137140904214775361e+01
2.938739802513647525e+00,6.083783244175176019e-01,5.075054244543612647e+00,1.824577658310883876e+01,4.911685306315966670e+01
7.927929417935917211e-01,5.860080895495974884e-01,8.151625051370468000e+00,3.527290609485405071e+01,5.338537373986847001e+01
8.096310865909545074e-01,5.373051830841132359e-01,8.396242834149987289e+00,4.951132916737800116e+01,5.237089755111112765e+01
4.308486239491699510e-01,1.382301776630469270e+01,7.788918121764021762e+00,3.711727891486571895e+00,3.661761767135350709e+01
8.596329140321481432e-01,1.351337841706735077e+01,6.484970441998476609e+00,4.231381449889290991e+00,3.674437285421696942e+01
1.332125695357917916e+00,2.080938935912036492e+00,4.888160904791289951e+00,1.361555804489939803e+01,3.760716312785648086e+01
1.444504241065824202e+00,3.785409506458655926e+00,2.064737689610898030e+01,2.195385651176919950e+01,2.446544698241554983e+01
2.709733950606999286e+00,4.121276531243491803e+00,1.904051171999189762e+01,1.789428808979491237e+01,2.464655179269772134e+01
5.742103502257498437e-01,1.288123779816602310e+00,6.902949485328678136e+00,2.845479407155520590e+01,5.740668585993861228e+01
1.634032850223070543e-01,1.269225266481747605e+00,1.979123262389834537e+01,4.980343335667171800e+01,3.357689020671691082e+01
2.160175383420657624e+00,4.165589577871778637e+00,2.228261894862971459e+01,1.896318321268873675e+01,2.310155332246464255e+01
2.481690871014922806e+00,1.371330965952051839e+00,1.414843897286044694e+01,2.771294958446668488e+01,2.530394915969363723e+01
6.140854805883562140e-01,1.180299341597434726e+01,7.796186648223656590e+00,4.519294304665820050e+00,3.395911338252385292e+01
3.530795937144086127e-01,9.605020146130602399e+00,1.404300102077809598e+01,1.098399468309531457e+01,3.149140773657362757e+01
4.253234322471038942e-01,1.374613556924095370e+01,7.825101234074208989e+00,3.875156814875557298e+00,3.767236490632613766e+01
6.190670797333843733e-01,1.191078132679315615e+01,7.663152405256957067e+00,4.358167164582537723e+00,3.286704936096700891e+01
3.499950375557744908e-01,2.280421097591798230e+00,7.690114969231787612e+00,4.987823665200114931e+01,9.085584400465600652e+01
1.065920134996129809e+00,4.165644670685227702e+00,2.207483783932126542e+01,6.371059600025400727e+00,2.505928191648169090e+01
2.030795923864228691e-01,6.248159218974013163e-01,2.979576513684241235e+01,3.772454807466128557e+01,3.779830228180946250e+01
4.057463478414138347e-01,1.147655803623312920e+01,1.810705729905331651e+01,6.828915135771612022e+00,2.771317036064109729e+01
5.339333467840758907e-01,6.035822001793738956e+00,1.114227476146820450e+01,9.979129943624348797e+00,3.094050711194283565e+01
8.035711137760328526e-01,1.141541108399388449e+01,2.406649925318518157e+01,7.533322161666868411e+00,2.815529862093867308e+01
1.360205464277574716e+00,8.222979769119913129e+00,2.111506433743360134e+01,3.350072086768349777e+01,2.444586017762614460e+01
1.491431211866697026e+00,8.868244454482070438e-01,3.211834132051572510e+01,1.502171397704658951e+01,2.753192413147136719e+01
4.060933732338084523e-01,1.161559351042816957e+01,1.536246103872937852e+01,1.617169495363327059e+01,2.801363125835430878e+01
5.529449191487517679e-01,1.376138223451314424e+01,6.253584742937233543e+00,2.587443531169235200e+00,3.446578732794786504e+01
2.389724136851666403e-01,9.933821773434780011e-01,2.048897417445546054e+01,4.953371462441509721e+01,3.679788717335169679e+01
1.883646667161548716e-01,1.188735730494264953e+00,1.724095722701495603e+01,3.571496563184940953e+01,2.945364503359912334e+01
2.705381549031029564e-01,1.078312524842033682e+01,2.136905246232178968e+01,1.558737378752817548e+01,2.822139968343799055e+01
8.257052407064455757e-01,4.579280015671112758e-01,1.608929113901283614e+01,3.513259242259628934e+01,5.059872301595932242e+01
3.339025844377040420e-01,1.345388864137502338e+01,3.276100142409049454e+00,1.401399119844719010e+01,4.241023768631258406e+01
7.923893709816447473e-01,3.473551646561010009e-01,2.101587493500782244e+01,3.808166622863769391e+01,3.779077498537465374e+01
6.844716585030834466e-01,5.721750149313871159e-01,8.734205074951361780e+00,5.824291725455667290e+01,7.246379912033583537e+01
4.293528615448355401e-01,1.396825704789145917e+01,1.678812644268427334e+01,3.380343110245608518e+00,3.702518579971679458e+01
2.720322721021503076e-01,1.074932484448965297e+01,1.216315117784472832e+01,1.675797062852177888e+01,2.794652204398623496e+01
7.755544668894203131e-01,5.707537832581186521e+00,1.323716026602679285e+00,2.153948824942118279e+01,3.562652207511239055e+01
5.985368931518241231e-01,3.441162874776236835e-01,1.380074142168773399e+01,2.929008998835735156e+01,6.057040260861559489e+01
1.152387731480482458e+00,5.335397242370328641e+00,1.303867101051659150e+00,1.657028172776551855e+01,5.320132568878242552e+01
1.401213747899991757e+00,4.457330385797164674e+00,2.127052502224920261e+01,3.189639612929799384e+01,2.476033296693466923e+01
3.063367289774101110e+00,4.933829450569232833e+00,8.562123405214011385e+00,6.850314446137814706e+00,2.656976727532176596e+01
1.688445093675791542e+00,1.668577981840616009e-01,2.263841131620612046e+01,3.838389141085798428e+01,4.536189439840551074e+01
2.789222767842660655e-01,9.591358572986898423e+00,4.502083058996987575e+00,1.246937490756264921e+01,5.355938126997572368e+01
2.680554534779968634e-01,7.403744276002303337e+00,1.216491300243714235e+01,2.397636973480249623e+01,2.820966692875186510e+01
8.498343555293417229e-01,7.994186871257706883e+00,1.471486023028583778e+00,9.704853001521016154e+00,3.405777142465056784e+01
2.025733751845595065e-01,8.735298779333870556e+00,1.810838369222315691e+01,1.605207331852540875e+01,2.991124209715379578e+01
2.514085250116260273e-01,6.315166823617820668e+00,2.401957688908226984e+01,4.170047938532466958e+01,2.668265030549952144e+01
1.258521574094705997e+00,1.254578463073771744e+00,5.372496360462545084e+00,4.794785708443554029e+01,3.619739598440116168e+01
1.117838876590525388e+00,9.451018012969321092e-01,2.381885111925358345e+01,4.707657086641025046e+01,2.586547750758755271e+01
9.467057614936742749e-02,4.550141503043011681e+00,1.106350310843276397e+01,5.820854447851573354e+00,6.999625240405504201e+01
2.871600791152333798e+00,7.676887788798130607e+00,4.788698638069371682e+00,6.736719250069619136e+00,2.714181711645471751e+01
1.598718586053514912e+00,7.653792433647852889e+00,1.986974767964811406e+01,1.812733898983974257e+01,2.528977333168984742e+01
4.150310405175795303e+00,6.290823861757897095e-01,7.182902492450258691e+00,8.793262999885266495e+00,4.035946532335064774e+01
1.126560661168412691e+00,4.461483890161587751e-01,1.392243753442961918e+01,3.825149807055419870e+01,4.546996420074459166e+01
1.361408674388731033e+00,8.468431754978821502e+00,2.712852769653482454e+01,4.220566065565280667e+01,2.216355331198727185e+01
1.264368023331699842e+00,8.521412748750636368e-01,1.657209935937058987e+01,2.764879205625643976e+01,2.741618353032999522e+01
3.326733594451498632e+00,6.796668487876326159e-01,1.682519658831290599e+01,1.811306462658131977e+01,2.646066540171637627e+01
2.141516013565741172e+00,6.006161688967884160e+00,1.246946325260517696e+01,3.463714631423492563e+01,2.201659687467556026e+01
1.057958783044560924e+00,2.514465963483308641e+00,9.899772589255903199e+00,2.474597083474219517e+01,2.620295076199767337e+01
1.864294364504177182e+00,7.238008944779039666e+00,1.190273416755061220e+01,2.382785463608539800e+01,2.530480988461996716e+01
2.744605978199600171e-01,9.561576475085271198e+00,4.490833045526629874e+00,1.258598066700562867e+01,4.985612584766040811e+01
1.010110872869918186e+00,7.714206284798758695e+00,1.864081030038582298e+01,2.854498798165710127e+01,2.488783239246976464e+01
1.494355084805616851e+00,7.445288369272968332e+00,1.877027703193072483e+01,5.088978020696652038e+01,2.539925110192543656e+01
3.164689879481416557e-01,1.542865164306449488e+00,1.474806232712945686e+01,1.887335135297197874e+00,9.157737641242950133e+01
6.179946722815788940e-01,8.182572934753077121e+00,2.697447381789864806e+01,5.554716546642756470e+01,2.588628960847734461e+01
4.769363106403437524e-01,4.798891876067516549e+00,1.946430972860567987e+00,1.932194129319835696e+01,2.919223076597142352e+01
3.330834282179226391e-01,1.153115623706265325e+01,1.373726235254957739e+00,1.811789195847802603e+01,5.245689397437969603e+01
9.570154071195821621e-02,4.268919770775633893e+00,1.106356517571600051e+01,5.310862634150607775e+00,6.999397663961568128e+01
2.226283849468826403e-01,1.055887698383234863e+01,7.850319918750071402e+00,1.511059961005485164e+01,5.356025910490919273e+01
3.281101741379627290e-01,9.629052904345066111e+00,7.694145088324942705e+00,1.215206224344066399e+01,5.503900105976337898e+01
1.041882292189436843e+00,6.844201723798242210e-01,2.857161661746115300e+00,5.745436934275066676e+01,7.169791934553687440e+01
1.322337054436907966e+00,5.132412301943196642e-01,1.312077259156338105e+00,4.519657371887023345e+01,7.230675749114321604e+01
1.558764107213464589e+00,5.217792332965505153e-01,1.786651540659550896e+00,4.777469085595983245e+01,7.074168970849915183e+01
2.310594884407821237e+00,2.237217994186275760e+00,6.042031952541730533e+00,7.043649425911451090e+01,2.532064903137989376e+01
5.703935733408344033e-01,9.982520635350889293e+00,4.577874179526078890e+00,1.402230144767629838e+01,4.166841100735435077e+01
4.340653668514256935e+00,6.322748875647230538e-01,7.124737862485987172e+00,4.353860281090208062e+00,3.710411296097814926e+01
1.295798773542328641e+00,7.149552421825461357e-01,1.525789156464329821e+01,5.836359069596102245e+01,2.608150784249556509e+01
8.408770702386968443e-01,2.251106918498143039e-01,3.096813726648766263e+01,2.416991289116121422e+01,5.741228408684018802e+01
9.231772189219735747e-01,6.680673706818343049e+00,3.293974631985455481e+00,2.147314249122809215e+00,4.256099237488614051e+01
1.781703767101523450e+00,2.631089904894130527e+00,1.735168467296294637e+01,5.564092355231611720e+01,2.596682697837596621e+01
7.696210891457507808e-01,1.601173372689188024e-01,1.926657299961578929e+01,2.867050170472024107e+01,4.542930179794933565e+01
3.823953757978374446e-01,1.021381021170409475e+01,3.470375643974416846e+01,4.252284073905273232e+01,2.578216295310273054e+01
8.751906606885183626e-01,3.056422996073191456e-01,1.318849536518441568e+01,7.476552074402382786e+00,5.735564627342930066e+01
2.056696837573253500e+00,5.742452084636547660e+00,6.215904806534481963e+00,4.407054892294664228e+01,2.455881273496597217e+01
8.418535840840588591e-01,3.786514013877830820e-01,1.820635564391883321e+01,4.543808209944044307e+01,5.516148250553833066e+01
1.100483579062779133e-01,3.957100542923044806e+00,1.298507229771315252e+01,2.593723664590594069e+01,4.509079493287855200e+01
1.833550291444931091e+00,3.771906041620774475e-01,6.840406855658336838e+00,7.668637069555694552e+01,2.532240407849119279e+01
4.023749960215160515e-01,1.251176452624310897e+01,8.022055459883194573e+00,1.456939402444377407e+01,3.701363934851283943e+01
3.317467974201558700e+00,6.851399683994461309e-01,1.605492192785347072e+01,1.798119599070961527e+01,2.699588475717773761e+01
9.895931155740160523e-02,1.477192974906475387e+00,2.762714295092299110e+01,7.095585267036999433e+00,6.996649681583878078e+01
6.205351125924781774e-01,7.894339298151152207e+00,1.886622041294349117e+01,2.500400695246255012e+01,2.596969709890511879e+01
1.225241216192732630e+00,1.930293368550418220e+00,6.060545311275323144e+00,5.503252015367674943e+01,2.930372244509577939e+01
1.324162367540016705e+00,4.783744967613214882e+00,6.230604125072920496e+00,4.027839132978414227e+01,2.569654359835419299e+01
1.309123438337457701e+00,7.992430524929320379e-01,1.526376773725997893e+01,2.610252696371767911e+01,2.597016554334395622e+01
2.419846919695306520e-01,1.682199789142278856e+00,1.670406945329741077e+01,9.987016363809003039e+00,4.170962974247102295e+01
1.688289619541408548e+00,8.819219332119999422e+00,8.605090304400153656e+00,3.454150144361598507e+01,2.345315229722825734e+01
6.892734773689044303e-01,1.396113602252629704e+00,2.876849432741858337e+01,9.085738055311850303e+00,4.006781925151292967e+01
1.768682390877353683e+00,4.210232953627222940e+00,1.409163400456779591e+01,5.561293531698536441e+01,2.577403072098793047e+01
1.297147495774426951e-01,7.040436675085159024e+00,1.282272811466185303e+01,9.218211704735992384e+00,4.948514960425261222e+01
2.482847705162956498e+00,5.849109878164799881e+00,2.215196020068761840e+01,6.822553333488461824e+00,2.486458546439036610e+01
1.334030562761175709e+00,4.245002859433794740e+00,1.330109967286543160e+01,1.624136992479886388e+01,2.613658418724501686e+01
1.346346694228905072e+00,7.048950362837946848e-01,1.526174372506510579e+01,4.866832826241875409e+01,2.700607260443774749e+01
1.833162233644998640e+00,5.839684918098126953e-01,1.429778019826468771e+01,6.369207880791768162e+01,2.649351398736560270e+01
4.928833855889248050e-01,4.658313864990960340e+00,1.089009669009386982e+01,1.572547997050294200e+01,2.621902887467241428e+01
4.222686461776457456e+00,6.243057488318095594e-01,6.207472812961647435e+00,9.784660967213863358e+00,3.419898142955337761e+01
4.615544557269567472e-01,1.092211858019501491e+01,1.920066626745461491e+01,2.931738824816231048e+00,3.593003353012710477e+01
1.009380132732157431e+00,4.505144329384252799e+00,2.564607482312477593e+00,4.427834126657810998e+01,3.207722584782974451e+01
4.923934198726633849e-01,6.147869351432211360e+00,5.408212708534922086e+00,2.884834246004320590e+00,8.435434885947691441e+01
1.010945824641838797e+00,8.213871023525871617e-01,1.357750944800852366e+01,6.398200223816438381e+01,2.640332901960061918e+01
1.823306598349661023e+00,2.114442682923400874e-01,2.249756928513810195e+01,6.331265770550511718e+01,2.532909451086031538e+01
2.577381917461725180e+00,2.656019019261426917e-01,1.956860127150770623e+01,1.539952396663533030e+01,4.519060265661065756e+01
1.598187227931844756e+00,2.239542004472330206e+00,6.060129562707659012e+00,7.043651075261600170e+01,2.531968430688166549e+01
3.194153626665481305e+00,2.553416231330392083e-01,8.914756186747441191e+00,1.653517056801510776e+01,3.570636771716789326e+01
2.048176459240242941e+00,5.870625917389416415e+00,2.222737901069464783e+01,6.869446536636073297e+00,2.483908258212728626e+01
1.210651252771062447e+00,1.501482463868325234e-01,1.093268734579375945e+01,2.863965897928130033e+01,5.046575660244755568e+01
3.017103877892272079e-01,5.084371220459128482e-01,1.648238814249980067e+01,5.796302282265179429e+01,4.551909862826880726e+01
7.047714424227400354e-01,3.452641622475700167e+00,3.597449966032702662e+01,1.007287882634637377e+01,3.427279807655865085e+01
1.012691416216477291e+00,8.184738106081014264e-01,3.562654856673419523e+00,1.876903954197330293e+01,4.643456367479544156e+01
2.489538732014901168e+00,5.814209244534016108e+00,9.009858978508599847e+00,3.431990043680504954e+01,2.198600727860593551e+01
1.878019948161603059e-01,6.503950325590714954e+00,1.643931125883591449e+01,1.734037372373375874e+01,4.116852827163964434e+01
3.281056112569900596e-01,1.345499015585738789e+01,3.213435141933733696e+00,1.399021078981626687e+01,4.154512770120757637e+01
1.726674065696027771e+00,7.234902198345925406e+00,7.483461380284698095e+00,4.874073774813678028e+01,2.490348890778668078e+01
1.803041127467253535e+00,4.357930884319492826e+00,3.513500305406528135e+00,4.810754513196098969e+01,2.695658256164439237e+01
2.169684464229202359e+00,8.713396852415670191e-01,1.193736594780452442e+01,2.874892277910253036e+00,2.562472764312717999e+01
8.916337495708706040e-01,1.886804358022349803e-01,1.037078803302415686e+01,1.444316241948745372e+01,5.455120807430265728e+01
4.828015522313686247e+00,4.043171636451304174e+00,4.794779213148902208e+00,3.970329679799775136e+01,2.618761475489768742e+01
1.093990549385534639e+00,1.020635859122316447e+01,1.504991977737160092e+00,2.960429861447656297e+00,3.313931611742194150e+01
2.437551266221597679e+00,4.469486245026335069e+00,6.693418468922319065e+00,3.467003638933258003e+01,2.351330670955972479e+01
2.895452685324854114e-01,8.058313948497738410e-01,1.960029129547569937e+01,6.070263105077597743e+01,2.854682522607242134e+01
7.504824674835877119e-01,5.568017451024740438e-01,1.264940492130175898e+01,4.461812474002138629e+01,9.131469590066251385e+01
5.733256892744772459e-01,1.064174443829691619e+01,1.901073225868894667e+01,4.276782123095484778e+00,3.170293784993621600e+01
1.210818382162171414e+00,2.368291116546231700e-01,1.353055816140266820e+01,1.696694035724874183e+01,4.769288118167472135e+01
4.012827744351618264e+00,5.914343557999249823e-01,5.630857694830170068e+00,1.738388747874841300e+01,3.967941694267368291e+01
1.205275268727687088e+00,3.788083751264591292e+00,3.620753227108563266e+01,3.191793741891496694e+01,2.498485909696776730e+01
1.414177930985553444e-01,4.885806437591819318e+00,1.593979696678693792e+01,4.809892333860322999e+00,5.674014579229709909e+01
1.023153526590687978e-01,4.601060146764603509e+00,1.107127292570906008e+01,8.774080376335918530e+00,6.995482034302207808e+01
5.073302093966666204e-01,1.283024090073384116e+01,2.062913153773262565e+00,3.456877148012305057e+00,5.578348906140067243e+01
6.811120396395323739e-01,4.445664060811355123e-01,3.725023171126849064e+01,2.887219606556923424e+01,3.235588727542297249e+01
5.371558558223561430e-01,9.030699236909185856e+00,4.847367671741541706e+00,1.402101208339745853e+01,6.222971262888066235e+01
6.012558933891216650e-01,2.089435163238251292e+00,2.916374724257008921e+01,3.190314221627063418e+01,2.800545457421829809e+01
3.419516771867967542e-01,3.614506614522285943e+00,2.880316222851928565e+00,6.048410162345056307e+01,9.819873636323679023e+01
2.845472228532913705e-01,6.779848002951565533e+00,1.848971407772238340e+00,1.893076003512036465e+01,5.579962619689746361e+01
1.093182635573255235e+00,1.605364589119380625e+00,1.602988381862774858e+01,5.164685491301843712e+01,2.743187462656844033e+01
4.934235031399161642e+00,2.586802219619433463e-01,5.051369456153055992e+00,3.418352169197011392e+01,3.114666184953795991e+01
1.303744853748682431e+00,5.888467736690481402e-01,2.712796977756024575e+00,7.222187712176945240e+01,2.570309485736236965e+01
2.881044134724232153e-01,7.466701492366512483e+00,3.478224517879755240e+01,5.137728398310765243e+01,2.592796783904637792e+01
1.120796139925863688e+00,1.746229391043262691e+00,2.340642670714846574e+01,4.250532982403722571e+01,2.682242689849821105e+01
1.075387457796577406e+00,1.340542655861665544e+00,2.769619536985754138e+01,4.561575566757319677e+01,2.656024906298732091e+01
4.568993241427892649e+00,4.052072453932530571e+00,8.506916545601269419e+00,1.596154862310289424e+01,2.661934955321899210e+01
9.250729490853296100e-02,4.584724830271760809e-01,3.200974825452493633e+01,4.859074159323214559e+01,5.568121729582392732e+01
2.412905715689604769e+00,5.733247152968250937e+00,1.622210374838565272e+01,3.360844014262386281e+01,2.445205008436752081e+01
3.954187371866469958e-01,6.470310298150524497e-01,8.532788394607340177e-01,7.217772219251547661e+00,9.850571265110454533e+01
5.541272469366967934e-01,6.042667616310308798e-01,2.866506828777404081e+01,3.663786053061838999e+01,3.379625417387351405e+01
1.300990433673381741e+00,6.447721846243218424e-01,2.499448300984725257e+00,5.597268205422481913e+01,2.532438786427194088e+01
3.379931797502572222e-01,2.165776983531579436e+00,2.981366297481969241e+00,5.998756311332953572e+01,7.827334263688348415e+01
2.037057008761576249e+00,5.874033106413970806e+00,1.126739150037662895e+01,3.325492763613982561e+01,2.424839787141055325e+01
2.001830929846112550e+00,4.182264680299085380e-01,3.285873124024739411e+01,5.060321246367974091e+00,2.944520831560354779e+01
2.724750836164939738e-01,1.080858853964855903e+01,1.192070100585332915e+00,9.144225144457276855e+00,6.045279200896794691e+01
1.219529581513221661e+00,1.990099824605040535e-01,9.705167766871973356e+00,2.863989430804604908e+01,3.397223028210102314e+01
4.372372524992179876e+00,2.567429312974220390e-01,5.044553254491543015e+00,3.494658673965028584e+01,3.220964416792895690e+01
2.182777938235236803e+00,2.284178739897100296e+00,2.339308152059901502e+00,5.748809030098566097e+01,2.556361987660318391e+01
2.925918855210780656e-01,9.825655711155892647e+00,2.654670252889180304e+01,5.657925060799442463e+01,2.628875456006831257e+01
2.925259362157057286e+00,5.507253969592558640e+00,3.809337584682212619e+00,4.865298848905142393e+01,2.519567142316055453e+01
3.822708139234421987e-01,6.263512654951290060e+00,2.789148842284432561e+01,7.868726154057980260e+00,3.040849880369548686e+01
2.704232065531343432e-01,6.056349324830719638e+00,3.556462688106786629e+01,5.292647396229205725e+01,2.594054126221431744e+01
3.367033031030793211e+00,4.360029910852919244e+00,8.777556625859030959e+00,3.461328749639428537e+01,2.207474763469409496e+01
2.404224889174236823e-01,7.416817479402491919e+00,3.478224517879755240e+01,5.136285574663610021e+01,2.593849205115719414e+01
3.045966240486192689e+00,4.313165372945070963e+00,9.008868965531153350e+00,3.419540316134707325e+01,2.221204206124497915e+01
1.984557673166772007e+00,1.324341619458218877e-01,4.900762463190457829e+00,2.923356182752176835e+01,5.050551939397170997e+01
2.570672641097422328e-01,1.255560512383328309e+01,1.447766484509747542e+00,1.464698968813645408e+01,3.118027366271595469e+01
4.078393604623340996e-01,6.288678233904749781e-01,4.594462040300432371e+00,7.608268046557650877e+00,7.744461937022573750e+01
4.870720899191292474e+00,3.734975880514954660e-01,4.374730025902904273e+00,1.588649476982961772e+01,5.015957461481436042e+01
2.119722741060761084e+00,2.254965539221443771e-01,4.817988034799967956e+00,3.346892304378826566e+01,4.451127363885225918e+01
1.012577568398477013e+00,6.672800654094704909e-01,3.089078658670690647e+00,7.218505319618409466e+00,9.367291486519104637e+01
2.699666682107150883e+00,5.512739038958006432e+00,3.832651264994541673e+00,4.844967074851996358e+01,2.474060833213912147e+01
1.699422105795647120e-01,8.064938130409771588e+00,1.223132190451687418e+00,5.677534468535272083e+01,5.323809521372226783e+01
2.932416189820036490e+00,4.398975819509075791e+00,3.514282074205634210e+00,1.822873225013958987e+01,2.764183181563224778e+01
2.925259362157057286e+00,5.471091384545050396e+00,4.921737265687709417e+00,5.544780029924233133e+01,2.515185369011934569e+01
1.194267312232916434e-01,4.034123584492048664e+00,2.169204637751673914e+01,1.369362296213382102e+01,2.945912151366584553e+01
1.989299840628732774e+00,9.658937347148946473e-02,1.427912110056195161e+01,3.185574176163082427e+01,4.715503521787948671e+01
3.901965986662851438e-01,7.237034543427705024e-01,8.539054009040817350e-01,7.754189505123250115e+00,8.640249930532623068e+01
2.357022821269841584e-01,1.435548773847529436e+00,2.664620898223546774e+01,2.750217538080367063e+00,5.239841957704351216e+01
2.926040953342058160e+00,2.949213702080739186e+00,2.702323674880759086e+00,4.131859310211649472e+01,2.505818805069727873e+01
3.086130773790968895e+00,5.662731998755788254e+00,7.822613407170732280e+00,2.754995196244842504e+01,2.252224816245081129e+01
1.064456184956499574e-01,4.389709065223160067e+00,3.539262181398813212e+00,8.064341884220738166e+00,8.474581230234963414e+01
1.148999792477652271e+00,2.377759609751011194e+00,9.687017362998174619e+00,6.249934710813882077e+01,2.649251981373251397e+01
1.308805945531123616e+00,5.837983003242177560e-01,4.999928447736587955e+00,1.893463363072938321e+01,8.122322563932235084e+01
4.010178158240043977e+00,3.538383544777826684e-01,9.584527701083190854e-01,1.886343706963435096e+01,4.022808798732179270e+01
5.740719848449946650e-01,1.369414692989227333e+01,1.998281373899692959e+00,1.231982412804734395e+01,5.551707245126810619e+01
1.014280874564092327e+00,1.126379080631163099e+00,7.135302494502938631e-01,1.324973111933071657e+00,5.885086243063426537e+01
3.104352902059266839e+00,1.939299730481944373e+00,7.242687942791374844e+00,3.304100774766226323e+01,2.482280864164235723e+01
5.124098586566709912e-01,1.196474337489340911e+01,2.545952297444385337e+00,3.517593862912065550e+00,5.048329608648107580e+01
4.659609929648112492e-01,7.538518900672296352e-01,3.256050835082085815e+00,7.875333765099918004e+00,7.357479565776901609e+01
2.974029025397392001e+00,1.276180995754709535e+01,7.925985416886059731e+00,2.788048617732254542e+01,2.155219741742174122e+01
2.617589178725455934e+00,3.834333146492611144e-01,8.435252232216987167e+00,1.588649476982961772e+01,6.206286570885733056e+01
1.331040813874327711e+00,5.770699299277533001e-01,7.312244890222557636e+00,2.541567919422539390e+01,8.218923897987549765e+01
3.632042045336131286e-01,2.075500281779085299e+00,7.019641379008588089e+00,3.308243750112872306e+01,6.279666284357914208e+01
1.026220858549061893e-01,4.411168203533168963e+00,3.144973990653483487e+00,7.737654301299381920e+00,8.465905361848759014e+01
2.834982666263249573e+00,8.646989912873616291e+00,2.247692951574095765e+00,3.599783057535324460e+00,2.948159397119518133e+01
3.329558246492925200e+00,1.920563736168066082e+00,2.767181506207702757e+00,4.095585889252704703e+01,2.538622599003068459e+01
9.985773895508081033e-01,6.494784245342617446e-01,9.341707402973556951e-01,1.926598675099632629e+01,7.825529649312875335e+01
4.046265306353272528e+00,2.686151567672881990e-01,5.494862970516604328e+00,3.432091578324758530e+01,3.098335329038779662e+01
3.937254534780335602e-01,6.687248951140816189e-01,8.532788394607340177e-01,7.212852890755085511e+00,9.850491424130413520e+01
3.900360869713730971e-01,7.020309359728340581e-01,8.539054009040817350e-01,7.759182962649878945e+00,8.640329781755171723e+01
1.142210816048022881e+00,7.513966494463633627e-02,3.299038216231462428e+01,1.913331752086421034e+01,3.256653122132492229e+01
2.691921340053324840e-01,3.732073964107430974e+00,2.855301386826853971e+00,5.274149817057907796e+01,1.093972055959367538e+02
4.376617354453822273e-01,8.170047254499479550e-01,7.241065335992133534e+00,2.860273145840100995e+01,5.647110336002582187e+01
1.005277630401113509e+00,1.165936414624023421e+00,3.880967993407837824e+00,3.716846484193396094e+01,5.239199424034799080e+01
2.634228632390722136e-01,1.364125761266253889e+01,1.580727335986573001e+00,1.351270984221408611e+01,5.714062324227380429e+01
2.440527970993129347e+00,4.388508087215333475e+00,5.567529162841870161e+00,1.279116798511388531e+01,2.514676855195627070e+01
3.069757828563721702e+00,5.845392019593650623e+00,7.799347204384151411e+00,2.754995196244842504e+01,2.111794465164964407e+01
4.231181304431655299e+00,2.720058442848045654e-01,5.217527377574420200e+00,3.452898418286780213e+01,3.113906186367014328e+01
1.180547087335646950e+00,4.521286280529848156e+00,1.711516901804785817e+01,6.470544948942594488e+01,2.569237160787169927e+01
1.747137006464316578e+00,1.127036072398163169e-01,7.211095461052700273e+00,1.595941117459793013e+01,4.097740289194347696e+01
5.262121670958186392e-01,2.954508500177862818e+00,1.645386280229891085e+01,1.474385043963788666e+00,1.023024285594501777e+02
3.901659752335550735e+00,4.066971971378865902e+00,4.542927058176110755e+00,1.791099515090371597e+01,2.693725415864665251e+01
1.250217970533733514e+00,7.513966494463633627e-02,3.299038216231462428e+01,1.913331752086421034e+01,3.254755063114782843e+01
3.351701419132415705e+00,4.332306364343286864e-01,5.752351853875717680e+00,1.882217225675966787e+01,7.692954593327119994e+01
2.611176653342726084e+00,4.507595691979266128e+00,7.801205784337038374e+00,2.733814904665129575e+01,2.256017885372484599e+01
2.829699274319172897e-01,5.001019203131334301e+00,3.032233088198759319e+01,2.393184357148932762e+01,2.675343709127938396e+01
1.763444141192912762e-01,1.021832764432273111e+00,2.528715044066439077e+01,1.833190021704555051e+01,3.017677154834829523e+01
1.322249236466144451e+00,5.775762647271639461e-01,7.292221090657164950e+00,2.541006343688141556e+01,2.976319352713947453e+01
5.885911882028098674e-01,4.556656401325716033e+00,1.536712018514092293e+01,4.672338083656876506e+01,2.640725299271971949e+01
1.628157699431133087e-01,9.870246372398852941e+00,1.248766973494798815e+00,5.487997775099088216e+01,5.332746034252193823e+01
5.942270767745501114e-01,1.125890425516642956e+01,2.020991428776311771e+00,1.231748435598063551e+01,5.822166923744860867e+01
1.018797186615107320e+00,2.480787145189445209e+00,7.478692626830726331e-01,2.156713607682527822e+01,4.737808807824066548e+01
3.130337872283310841e-01,6.262428614762871604e+00,1.301702625902057342e+01,4.630938239913734833e+01,2.647633178905655882e+01
1.695483131556286271e-01,6.654138802424135690e+00,1.758033898159833353e+00,4.099792827756823499e+01,5.208878669811085160e+01
1.386427797428029240e-01,1.997184558464566884e+00,7.936427663193164506e+00,1.499851610951951963e+00,5.864106595459075777e+01
1.867544446249903345e+00,7.916813100094686639e+00,1.694996114649763186e+01,5.643795928809328188e+01,2.475119802696932680e+01
2.733804651693197307e+00,9.309031717673860840e+00,1.629898043278927133e+01,2.716287860487712891e+01,2.349150367857640376e+01
3.429929083621614083e+00,3.394687493216220764e-01,1.059367929954347254e+01,1.169997506024445499e+01,6.717050239436173342e+01
1.998574252867627132e+00,1.976036714326420418e-01,3.650163099309833115e+01,5.335681781750937880e+00,3.129078913824480779e+01
7.010824497460813598e-01,3.972461439686267304e-01,1.563697906989674635e+01,2.549351389192823092e+01,7.887690026412793998e+01
2.087864936550944517e+00,7.546899957184591834e+00,1.399724836256670102e+01,6.071032701485376215e+00,2.500315052634765678e+01
4.752317723177122311e+00,1.828214165237423972e+00,5.064402496715080915e+00,3.345323297113320660e+00,3.773553381999895606e+01
2.042242079978275893e+00,6.916335053926087051e-01,3.186576768608245658e+01,3.330941272065312120e+01,2.560373324618143442e+01
1.028466431621442467e+00,9.377561926657465574e-02,3.127775460138627750e+01,4.874084321839599454e+01,3.216310989145627275e+01
3.630512155396828256e+00,3.733986501567630345e+00,1.395315982058388293e+01,1.592261450234232889e+01,2.501412373387718446e+01
5.740966073096903655e-01,1.118853203226198012e+01,7.596576610575802135e+00,1.232060747132122103e+01,5.551685311872350326e+01
3.885163461683942554e+00,2.582525788408702727e-01,1.733269036413177133e+01,3.385527827758868824e+01,2.985172125816135491e+01
2.603828883323782151e+00,5.771156485615646758e+00,7.762298934397787953e+00,2.981901336733380248e+01,2.086370933378007564e+01
3.222510204051005189e+00,3.836716553630198590e+00,1.163642794739840269e+01,2.084372424531848367e+01,2.612627192129890119e+01
2.047190548893340067e-01,1.627487866059850463e-01,4.123654677167962035e+01,2.038415692587868477e+01,3.366698770309152877e+01
3.352709029575731581e+00,4.117680132071256938e-01,2.256599290253536338e+01,6.263220254671722387e+01,2.489462487838465066e+01
3.092724974270797400e+00,4.868045386134476349e-01,8.052749863807170172e+00,3.416666435264850699e-01,3.727916256810590312e+01
1.653077651830975603e-01,3.931776545773049136e+00,7.195631776460125195e-01,2.923015755888841216e+00,6.230941855105030669e+01
4.235687673584556556e+00,1.889576221198266293e+00,1.148824386458938029e+00,2.850856383925627568e+00,3.784829195523415990e+01
2.210831909230460912e+00,5.772602729830136781e+00,7.784192838525098246e+00,2.780884660771556582e+01,2.344384761535040340e+01
3.124104873258533921e+00,9.464563964630087867e+00,1.616725007647603718e+01,2.917853012888975783e+01,2.077919929660631126e+01
4.192684635192558851e+00,3.068736953932139633e-01,5.035953029145226800e+00,1.870946409592103521e+01,3.004149632473457388e+01
7.294109905375410763e-02,4.485329086646945740e+00,3.739585518610537918e+01,3.430480324837843398e+01,3.795806276204893948e+01
1.252874311156841891e+00,1.005709685143129750e+00,2.021763808095383297e+01,2.893966819928677836e+01,2.695843936981204791e+01
3.094736957583073877e+00,5.997355801991503199e+00,7.715985431539714057e+00,1.490488537715605588e+01,2.507261719715888049e+01
2.371800689668467133e+00,9.007300750308578685e+00,1.187050851727733836e+00,2.729140111458983142e+01,2.532229896220098908e+01
8.405057459336714998e-02,8.592984744904633487e+00,9.636542679188760951e-01,5.478238592360851555e+01,5.335007869278700809e+01
2.183346200500219769e+00,9.037071944394642342e-01,5.087221018749193746e+00,3.357627559028424002e+01,2.701209185852134809e+01
9.937139300214321569e-01,4.971975615467990606e-01,7.142535910845382308e-01,2.054135742482606020e+01,8.495270736419068669e+01
1.089321403564652568e+00,7.996343549295184538e-02,3.314761793119436817e+01,1.829740477276295962e+01,3.213999590837991605e+01
1.141947646856868337e+00,7.245320922385547036e+00,2.805698645252335410e+01,3.729054292837377460e+01,2.054200120956795672e+01
1.814184498653853284e-01,4.023266233190314622e+00,7.105453317007290881e-01,3.358409993409065208e+01,5.415408276331583437e+01
2.754683339714557366e+00,9.386901719682629874e+00,1.627843907417140912e+01,2.692493690612999302e+01,2.485879554148939263e+01
3.746480784309639267e-01,5.467485733481480814e+00,3.183513816462942714e+01,2.355213184836037499e+01,2.651627063571321230e+01
4.425337146341543182e+00,2.596166139950676355e-01,8.058407943654030348e+00,3.241261150152566728e+01,3.113826619910063087e+01
2.513842286792459912e+00,2.475456208761609156e-01,1.577778905421231137e+01,1.110278515982247782e+01,6.853743102839929691e+01
8.771356322646297610e-01,2.397650622425099964e+00,4.172451498484844024e+01,5.674201815512867597e+01,2.510890960328100263e+01
2.567935026270844467e-01,1.108456204605674955e+00,2.033048053357471474e+01,7.471894386605320904e+01,3.504422537060779064e+01
1.146217888900971094e+00,4.838565927547101575e-01,2.972375654898021224e+01,3.756215425893685733e+01,3.371271798057617985e+01
4.791408813718295967e+00,2.548003845759148622e-01,7.426407578141310140e+00,3.176563603306588490e+01,3.111470461160963197e+01
3.409362834482223548e-01,3.698272005504360749e+00,4.656681382834978677e+00,4.751642886915055897e+01,5.167398078436460906e+01
2.479439594705395322e+00,1.953195251329721938e+00,7.538511339489904373e+00,1.671070343472066355e+01,3.632176935442754484e+01
3.359776555167192091e-01,2.821541392887479738e+00,1.957158556460230159e+01,5.731352844982363592e+01,2.542829745319910018e+01
1.516237588441539330e+00,1.273420530814177809e+01,2.246766052004373293e+00,6.028320289546078925e+01,2.510902294473278573e+01
3.930292193187285843e+00,2.599906525458898776e-01,1.658711062860459506e+01,1.378141804327747266e+01,4.192958592734341039e+01
2.645465644732004629e-01,8.808186936811146950e+00,2.592365214191837097e+01,1.866029896005104405e+01,2.786070416104768910e+01
1.418446956824800598e+00,9.310678110083108194e+00,3.812098449233336339e+01,3.324682069712338972e+01,2.216345756315406845e+01
2.215753272745186742e+00,5.796843371315313576e+00,8.788347851500142305e-01,4.575466646330821163e+01,4.475034034985515063e+01
1.253478923293868563e+00,1.999496768728212359e+00,1.949504906658601300e+01,3.734086278553370164e+01,2.815715436915976255e+01
1.685493302726700060e+00,4.550759761601839704e-01,1.141028337980752561e+01,1.637919227149827739e+00,8.521911207004630739e+01
5.635445097051793722e-02,4.363303230213795736e+00,1.410920114038518491e+01,3.326208414319853546e+01,4.054890461632780330e+01
6.874138925151356272e-01,1.255920179574729900e+00,6.667551485106248954e-01,3.431386411727982022e+01,5.093939933927536146e+01
1.484818159771258694e-01,3.926334730088219427e+00,1.133006252797454394e+01,3.232677121178409152e+01,5.416279279946556358e+01
9.455962163336606441e-01,1.251076177933291067e+00,7.020907369908828688e-01,3.190578652679289640e+00,8.587035682173572582e+01
2.996192454368539870e+00,1.276357825177816530e+01,2.021877721366080127e+00,2.785946097440580616e+01,2.398980476742526946e+01
2.477865777276614168e+00,5.872601255292611011e-01,5.464846614051785068e+00,2.185971911664800871e+01,4.417393299535235940e+01
2.542394598891433155e+00,9.075384472828574189e+00,2.863039510357213402e+01,3.604211703009650591e+01,1.923970414069797741e+01
9.765435836634348554e-01,1.079687617212502104e+01,3.813803787798724443e+01,3.315791755653729922e+01,2.280726317160363337e+01
1.986297125008043563e-01,2.892200291758857400e+00,1.315167880478732343e+01,3.233568355095459879e+01,4.039500455953704972e+01
2.452890822401018411e+00,3.381420776756445701e+00,4.278840232768432372e+01,5.694764799478692296e+00,2.547019974393041508e+01
7.910167752129544372e-01,1.202597121469460711e-01,3.278897749494094427e+01,5.036510718084046268e+00,3.242950747384882249e+01
1.530465922665686096e-01,3.772072733017417967e+00,4.687798546275118383e+00,3.153693069684621975e+01,5.007868418888629236e+01
6.080875085238925948e-01,1.652607952503186706e+00,1.005670580923789892e+01,3.606658181782526640e+01,4.128774824209899919e+01
2.922617840920399779e+00,3.468985429548082422e+00,3.072453310342691424e+01,2.693193516133296050e+00,2.548983666038598273e+01
1.396179377535654798e+00,1.089519571704856205e+01,3.537095271024628573e+01,3.324733085792398413e+01,2.165650206909833386e+01
2.548237204371611719e-01,1.034356296942260389e+00,1.929779397469395263e+01,6.350291500228426855e+01,3.505767484641591381e+01
1.097939394059995077e+00,7.678911583162159604e-02,3.478142932032206147e+01,1.804617780395025761e+01,3.044063332061283944e+01
3.872109829348358012e+00,1.872799751638642540e+00,3.139824227448706750e+01,2.119072655190180399e+01,2.539858729306476093e+01
1.528997617865774483e+00,1.840462771359316685e+00,4.010905486600135106e+01,1.713084852087655463e+01,2.553349969834618705e+01
8.938564585065522650e-02,4.363303230213795736e+00,1.319712684450332851e+01,3.271737503102107780e+01,3.079330898458074017e+01
1.694544106524900950e+00,9.517394858137832259e+00,2.788058691816854662e+01,1.846529699366634958e+01,2.235184857058503027e+01
1.722913391228798607e+00,7.036335757732539165e-01,1.611632348593605490e+00,2.815736698444424313e-01,3.906729678112715476e+01
6.668877729411930577e-01,1.713391669391124861e+00,9.941257625600517400e+00,3.606767519917845988e+01,4.181945599620487997e+01
6.163192257298812926e-01,1.173277600297583767e+00,6.954673481456710160e-01,3.441774015546207011e+01,5.066268856552335365e+01
2.623092608873202058e-01,1.135783320047653699e+00,1.953570620561430360e+01,6.903395298281785131e+01,2.869388936021623593e+01
1.875554299903635203e+00,6.107135962385082273e+00,3.850308619150047917e+01,3.346331579747583618e+01,2.267389108904606587e+01
2.543365898010417903e-01,1.995640552618861863e+00,9.456940476836740217e+00,5.797294031368299727e+01,4.162218964398109478e+01
1.639545282510820989e+00,3.947707078844626127e-01,2.333044136972542049e+01,5.364618153081753604e+01,2.501586248649961419e+01
1.602660671001336912e-01,3.918652029844850837e+00,2.077868395464626516e+01,1.962835640195419273e+01,5.761578294128743494e+01
2.989364703288821090e+00,1.722219150065658289e+00,3.953263008635022402e+01,5.168787845502841982e+00,2.547052881269180347e+01
3.459734331601547641e+00,7.413549545411871056e-02,2.339102308111628759e+01,1.530811608992739536e+01,3.246381273167344972e+01
1.242242990187595097e+00,1.210664683266444719e+00,3.247433178569952616e+01,2.264730776416186586e+01,2.659272006618450490e+01
1.155025974402262845e-01,1.086676413546468289e+01,2.695290961468129609e+01,6.913930961615226245e+00,5.578190750133497744e+01
1.096062517318874274e+00,8.632400587844658801e+00,1.199996548816558928e+01,7.081549413872488685e+01,2.503180860279393372e+01
2.549484504584983435e-01,1.125144360890636008e+01,1.336021465542025233e+01,7.111191812157871084e+01,2.513921375615944598e+01
6.386406286776129537e-01,2.438372454688868096e+00,1.435765480911964076e+01,3.437633332500863048e+01,3.668205640602111117e+01
1.409519780221429652e+00,1.412944391394681309e+00,2.886599798961636054e+01,4.944889523807217024e+00,2.685367118745504555e+01
8.468920719106588502e-01,1.207663104172994117e+01,2.099037382005757735e+01,1.825974336897407824e+01,2.569205429129850060e+01
1.732764265165211093e+00,1.540005510680466649e+00,3.964144475296387782e+01,3.867188976052537441e+01,2.504337147425912136e+01
3.437386938152054761e+00,7.275602166838569806e-02,2.958937907436177994e+01,2.949059836965864889e+01,3.169517292524853502e+01
7.050933315601710660e-01,1.036775774170770248e+01,1.500970926249086546e+01,2.902736114870771189e+01,2.577296613523511937e+01
6.730801219813935532e-01,5.358201998625444773e+00,3.252871230821412496e+00,4.651081143954107766e+00,3.104805254743680720e+01
1.056941746504978630e+00,1.225509612363369971e+00,1.777323788172538110e+00,4.217587836440605287e+01,4.721399227115681185e+01
5.043690083645722133e+00,3.477947025514191992e-01,4.102639850072800520e+00,1.689956257320955046e+01,6.439046782312968276e+01
9.710340418465672752e-01,1.257997847455982665e+01,2.161475323206922816e+00,7.069009550683608722e+01,2.512700433850143966e+01
7.473164545895618627e-01,1.039937931011936101e+01,1.353699918663962798e+01,5.889405400558737824e+01,2.511976041657521819e+01
3.041190322309705429e+00,6.223076228910705332e+00,3.089593601272967760e+01,5.773347299999019633e+00,2.541676381436752408e+01
2.230734522142003406e+00,1.318133518039156016e+01,2.912243022841957441e+01,3.323256987010448427e+01,1.793166857575660345e+01
1.966442703680296722e+00,3.395174512498219332e+00,3.492932408467382999e+01,1.761591226091499962e+01,2.525231284548834410e+01
1.454455145661409876e+00,1.683056822441182154e+00,4.032237597765566761e+01,2.970579926592392184e+01,2.585320096599389572e+01
8.501625359842106544e-01,1.598761830116362415e+00,2.660984540477204874e+01,3.867200691953436120e+01,2.523359266766353670e+01
2.230452732663251947e+00,9.635014964739365695e+00,2.083007683298038870e+00,2.700497218902660990e+01,2.763109570716176933e+01
9.263035531088703589e-01,1.409388459008217076e+00,9.609939026368975457e-01,4.606774848949218182e+01,5.045361246446556436e+01
7.125485507484554670e-01,4.716573226698185906e+00,6.790885825780961227e-01,4.688460759689937163e+01,4.948826886769695221e+01
4.194175815186868661e+00,4.930851696383123373e-01,2.335868367498247267e+01,3.482540346308558465e+00,2.967245950460748460e+01
3.910986293134714131e+00,1.463768080101320646e+00,1.080280033057450773e+01,3.109232651868066633e+00,2.577645988250462850e+01
3.071627317166743421e+00,4.309181592284817341e+00,3.018330044678067026e+01,3.420542735015230562e+01,2.067537786527955745e+01
2.428224063453227721e+00,1.271977599914118073e+01,2.323375131071504995e+01,4.479634694124143834e+01,1.771209226133112580e+01
8.706186299323821487e-01,1.285066159546851328e+00,3.257503405107329275e+00,3.428631294789644812e+01,5.089771540664484917e+01
8.648164160530646960e-01,2.832812758216298743e-01,2.836781572510008687e+01,5.384786315045431593e+01,4.225845249616725141e+01
3.157228300731723891e+00,4.295907247516743688e+00,3.013963393349889230e+01,3.226009432532510601e+01,2.091937259967858864e+01
1.916538825127168666e+00,1.613983704236086947e+00,2.894442916996272785e+01,3.112462925721972695e+00,2.771278160406297886e+01
6.699111998564777348e-01,1.578133784747389301e+00,1.537697680151687729e+00,3.333102107256314639e+01,4.764722633956533571e+01
9.158694018789347302e-01,2.795370420446100512e-01,1.496731500520382241e+01,2.855468028889076493e+01,4.545274993088251136e+01
7.883730309469596520e-01,6.236206260960237557e+00,3.085348063192247992e+01,9.393494108665802145e+00,2.707611815048317538e+01
8.502304966405338504e-01,1.780510703200913980e+00,3.248405125706914731e+01,6.867187581960211951e+00,2.636993277940404923e+01
1.438921378783769356e+00,6.511645948024846753e-01,3.583130656870513064e+01,4.465328245924450101e+00,2.585787529595331335e+01
1.431135316152619019e+00,1.252252122444599536e+01,1.953634160878099157e+00,3.853479359578399510e+01,2.543703531309268229e+01
1.273374327367343684e-01,1.097176716313248157e+01,3.512408267431482756e+01,5.910872840686938190e+00,5.575568485975634303e+01
2.096410038029678513e-01,1.266992216165621343e+01,9.900547172163856047e+00,5.925821365357464288e+01,2.653589372480895747e+01
3.725687908355937772e+00,4.962469905101180023e-01,2.227605628741559229e+01,4.359507596534026419e+01,2.556862330454647392e+01
9.036353359204087887e-01,9.003870561421872809e-01,1.770938727781886879e+00,2.697171235786306553e+01,6.405622970021192941e+01
2.676629227219132989e+00,7.397951390697781626e+00,4.484057147854503711e+00,4.620764965121202295e+01,2.682680884656063824e+01
3.574366602122572623e+00,8.542361499682002091e+00,2.335477194548487034e+01,5.606458835412456665e+01,1.951009513390758343e+01
4.102355583338735540e-02,4.150047425083812414e+00,1.590323940933705238e+01,4.251842949698517060e+01,3.964971368822764219e+01
4.102355583338735540e-02,5.391648466174538967e+00,1.505455406150035103e+01,4.251842949698517060e+01,4.017676574410662482e+01
2.552842460194017171e+00,8.469216264133996308e-01,1.249356556608246649e+01,1.917707904163987109e+01,2.748386118141966961e+01
1.085133787056922205e+00,1.268828927119511896e+00,9.179440737969750685e-01,4.151271529710041364e+01,4.657275364807259166e+01
3.610187742472698247e+00,5.837542224641153465e-01,1.908215087218156469e+01,2.649165658590439421e+01,2.531186162533262518e+01
2.461046089492624933e+00,1.952733392057891315e+00,2.296672429856800690e+01,3.204222637598633838e+01,2.540510256765672281e+01
2.384341725180762595e+00,4.154748287748433633e+00,3.708652402643727442e+01,4.265956942803912000e+01,2.247713196058354157e+01
2.493734254522228078e+00,3.732953182197493724e-01,2.815799862556161770e+01,1.658366345073824633e+01,2.868189204977974427e+01
2.840709327698617059e+00,8.574029778451881800e-02,2.900191353229816116e+01,3.001971161824642564e+01,3.165621977296548550e+01
8.257040370416599551e-01,5.041526534857518893e-01,2.373095495524612986e+01,1.050404921541422532e+01,8.519241359151619974e+01
2.803425678886819483e+00,2.589385256328495810e-01,2.412050075131482174e+01,5.502325171077739441e+00,1.033641630679645260e+02
3.396194001819460517e+00,7.394007857535007944e-02,1.897022105366423261e+01,2.769970132433849841e+01,3.185405592194717528e+01
1.618890627580600761e+00,8.245258283859529413e+00,1.219415856576372548e+01,4.998341797129427988e+01,2.315694643537636921e+01
3.424365370155173505e+00,2.492459393593202954e-01,2.889185645644048606e+01,2.873660528437505945e+01,3.180086054389103367e+01
1.522738290131404826e+00,6.004014216043183083e-01,7.991609715270849179e+00,2.094316734717978079e-01,4.829396589751908664e+01
2.336044419462333988e+00,4.352929376663675853e+00,3.544090769545857711e+01,5.006154692586165567e+01,1.968361100984865431e+01
2.096044945247756974e+00,2.610821322768028807e+00,4.523420917629230331e+01,3.221394599382750101e+01,2.448482931065397139e+01
3.550562898146072843e+00,1.490890365634796666e+01,4.714129945042357051e+00,1.391442966790475566e+01,2.729276910088287167e+01
1.521696210703230800e+00,5.163671190559180335e-01,3.367698241702209572e+01,2.159707298500270767e-01,4.575018031374737859e+01
6.600447222449425944e-01,8.270659384577284667e-01,6.659400634642402839e-01,4.206221599324923943e+01,5.234098623319697197e+01
3.142181628712067187e+00,2.801937994231108453e-01,3.609826127558655884e+01,1.849282531388923800e+01,2.914827794854882015e+01
4.111304768361610795e-02,5.775165476454372504e-01,1.660926971200140656e+01,3.929750793390770980e+01,3.973398073899433314e+01
2.584371834226299569e+00,9.066415979556545324e+00,3.930296517005714918e+01,4.350576089954520853e+01,1.725452015455687871e+01
2.230695751233339852e+00,1.317645011475750039e+01,2.883689910994794658e+01,3.321998796453927127e+01,1.999337020475875093e+01
3.731464602165844191e+00,3.581075785061482719e-01,2.145323890614486118e+01,5.793173808470560004e+01,2.448301520860187708e+01
2.180362472751220082e+00,2.167946325980238509e+00,4.521600348305577199e+01,3.215363017267041101e+01,2.495857144919095560e+01
3.346292841354812975e+00,4.473012021999086762e+00,2.135711148588919173e+01,3.830760314295868341e+01,2.128821676947132957e+01
1.830564086971831594e+00,1.765805783049549493e+00,4.258101967864174497e+01,5.594341788781722613e+01,2.464824184068991642e+01
1.519982295868509192e+00,6.398653097089305186e-01,7.169481631431769308e+00,1.625140889947247258e+00,4.802548545616230058e+01
8.959022348037938566e-02,6.369900445734538508e+00,1.743895641571065580e+00,5.375087006776887222e+01,7.395737719801158505e+01
1.430495517397607497e+00,6.793342215185562694e+00,3.221923513628375702e+01,2.150057109490550289e+01,2.055644566336806633e+01
1.368198675925516250e+00,8.246900233308296357e-01,5.836095010127612115e-01,5.074879098649839193e+01,5.233183145131854985e+01
8.021512451641314989e-01,5.097329894889849333e-01,6.260219456081483003e+00,1.327325745109898847e+01,8.258930339904839002e+01
2.480959258520121224e+00,5.471521460643203882e-01,5.302923681250899524e-01,3.957479908146802927e+01,5.200949671606478120e+01
5.023003342267180926e+00,3.192706870863301627e-01,9.623030194366487322e+00,4.249294130151747595e+01,2.678043870925547765e+01
1.111505664914761438e-01,3.957873984646432586e+00,1.369960936828423925e+01,2.076961428184733194e+01,5.933212543776252801e+01
2.143613518991126732e+00,2.951918624140500436e-01,1.701673729116339473e+01,2.463731021709748603e+01,2.927810760797164491e+01
4.864384909224840570e+00,2.955211031017051515e-01,1.559378338703432121e+01,5.594294961216732531e+01,2.705519097648082294e+01
2.405394296323348780e+00,8.993360593739627262e+00,3.818601493133315472e+01,4.283627392226763675e+01,1.727563445506459061e+01
2.477333498398917477e+00,6.441425345368027855e-02,1.899640620214851339e+01,1.919686127952397214e+01,5.794977983087115803e+01
2.446584240281865608e+00,1.351256950409991830e+01,1.240839627092883646e+00,1.456221091727490347e+01,3.194840571916493843e+01
9.276305106881335694e-02,7.903243255438313852e+00,1.721945634124831370e+00,5.356230135814752202e+01,7.307729199674827214e+01
1.192072082695976309e+00,1.893024894430225036e+00,2.319776969750563467e+01,4.146377769785119938e+01,2.714700371215039354e+01
1.359507773160896438e+00,6.611408906441423872e-01,5.959411256293556391e-01,2.642439180514501018e+01,5.289153304078852358e+01
2.268006648876319087e+00,1.271977599914118073e+01,2.320561387907741846e+01,4.362187921010534808e+01,2.059031432211137869e+01
1.489316243058318445e+00,4.221539215559594882e-01,2.148536310994374432e+01,6.833528389166170314e+01,2.697742467607945116e+01
2.256465031224480722e+00,2.584012889524598955e-01,2.414212806952087220e+01,5.577803310523340663e+00,1.047229165452367852e+02
1.057374780815786952e+00,4.659150422989154272e+00,2.105110140039194278e+01,2.978710055781538557e+01,2.525195904515323164e+01
2.984354851786206186e+00,3.613636746352918983e-01,5.463240753170311992e-01,3.857095282209316167e+01,2.692465499729242850e+01
2.400331100891774483e+00,1.170186108645570577e+01,7.126123918417234249e-01,1.731185438317040237e+01,5.453889842654304232e+01
2.368318677927283122e+00,4.246597218849901267e+00,3.534296829030681408e+01,5.279149565836855373e+01,2.058727732354354956e+01
1.140765090847625896e+00,1.130749043246281477e-01,1.112378284923918770e+01,1.835478554542868324e+01,5.901873344996305093e+01
1.958234591891710341e+00,9.725662859699834684e+00,2.067277944791027977e+01,1.702502442210642286e+01,2.505277264640255552e+01
1.629173789015700979e+00,3.321107921853385103e-01,1.899747899396827933e+01,3.558590613221507493e+00,8.579080282850350159e+01
7.249536624054706002e-02,4.151804823236592057e+00,2.223008027548964094e+01,4.250981844033405821e+01,3.678719138406142974e+01
2.313967109837073544e+00,4.794964779748321249e+00,4.327518560209682619e+01,6.706776977777575155e+01,2.029419982564424885e+01
3.008394803912433968e+00,1.406122420741385071e+01,1.069952846859303586e+00,2.279040302801858875e+00,3.976935482068819994e+01
1.218489008982489019e-01,1.172399821682886234e+01,2.053139039632658758e+00,2.822426083736611346e+01,8.681509177232932473e+01
3.231778034278044220e+00,4.819520666917368468e-01,5.090092685182276977e-01,2.426227712729361485e+01,5.187729315382051709e+01
3.178644861888137108e+00,9.031018632056483142e+00,2.172012820124340493e+01,4.334027202273085777e+01,1.893137969992366720e+01
2.602823061411752459e+00,1.113242203146178966e+01,2.547301612910233715e+00,1.432646894790362246e+01,2.717472172833351252e+01
1.541924944796493113e+00,3.328732602872177537e+00,2.420556274253620632e+00,1.636389655885438899e+01,2.793252037515662067e+01
1.193710897892982015e+00,4.704898827689527607e+00,3.640730785770713140e+01,3.191645321840805138e+01,2.477762758604321647e+01
2.181059011135138448e+00,2.080552728945723295e+00,3.714736774310840417e+01,3.943964049771589941e+01,2.458986873162913867e+01
4.403678908322684826e+00,3.143862866709895010e-01,1.464727517981761196e+01,5.191301560130482606e+00,7.525107328516352823e+01
2.562312423845094056e+00,4.343387543890802505e+00,1.715351541996260920e+01,7.106441449510739972e+01,2.456721278898024607e+01
7.240710746177766444e-01,7.020389323503761325e+00,3.572886975499180995e+00,2.387485445242751858e+00,1.168829517790863548e+02
2.314673730053263156e+00,4.813915169225508883e+00,3.071447866748119893e+01,4.916675853179422973e+01,1.972832546361370731e+01
3.048586522906358454e+00,4.229337599275915238e+00,2.962939194722260083e+01,8.159541204911909063e+01,1.823842296435615395e+01
1.538669404738145730e+00,6.078386730585846109e+00,6.656727899188249475e-01,1.277860110427539908e+01,1.045444945571231727e+02
2.374188448787651673e+00,1.194597198221268641e+00,5.494171964879958070e-01,3.275721297055746106e+01,5.182348797153926512e+01
2.624287157098207923e-01,5.494309833018077072e+00,1.667970751107983318e+01,1.636088859851420096e+01,3.821720638412673310e+01
2.442198276525455292e+00,2.172557669652361412e+00,3.369030593861454292e+01,6.755864749192637930e+01,2.488084470304135465e+01
1.792666721207670788e-01,4.142842188242163104e+00,3.255059561422732450e+00,1.785612487899977552e+01,2.824929818812375260e+01
1.083146667133508601e+00,6.153023355485608414e-01,7.097595940338670140e-01,1.550699960609687267e+01,5.814146644459803781e+01
2.526079358003100239e+00,9.066415979556545324e+00,1.994340005532597360e+01,4.185956097138291199e+01,1.739370964201444991e+01
3.638721341334874904e+00,6.294597431624062711e-01,4.751272491920311425e-01,1.662356562860514941e+01,2.840023447097700071e+01
2.584215867316455473e+00,9.058377930981336590e+00,4.879365723062882410e+01,4.060256018913662501e+01,1.724445839379460921e+01
1.901560652971329146e+00,4.069578009686045661e+00,1.977745959551056742e+01,4.796856214350196268e+01,2.396394280350440553e+01
1.811261957141037993e+00,8.266238506643686534e+00,2.401242848406553776e+01,3.063396921589760069e+01,2.421717294691810096e+01
2.624287157098207923e-01,5.525015712859513428e+00,1.667970751107983318e+01,1.636088859851420096e+01,3.817598940386129414e+01
6.677660393564639474e-01,4.925262680467289655e+00,5.906109797260964411e-01,3.345257400645945012e+01,8.202718026354195047e+01
2.815640484281191291e+00,2.102763992270132221e+00,1.517705707928947589e+01,8.347213416855670687e+01,2.465531000378818405e+01
2.200492894438412339e+00,1.182096653071539905e+01,9.716029164444019983e+00,3.102871343128593296e+01,2.119106331638279173e+01
1.970841010301937590e+00,7.915373480255868621e+00,9.499874840613605542e+00,7.128259230047481187e-01,2.836708524868984682e+01
2.830992433640966865e+00,3.449225153860362991e-01,8.002357548322031278e+00,2.689770552473324527e-01,4.480972935776661359e+01
1.135127255660797641e+00,9.933103268191976198e+00,6.029959987897671070e+00,4.334256239938214605e+01,2.653529290048616929e+01
3.786176991451377205e+00,3.889396418215569362e-01,3.084085904312100723e+00,2.629947872092780692e+00,8.260035180445993319e+01
4.061768014743182498e+00,6.260526384306741576e-01,6.296023164726135768e+00,1.663754293306115883e+01,3.745776771841610042e+01
2.375610921578693802e+00,1.020825181872567278e+01,1.219945236423294777e+00,1.388496798694181322e+01,3.833056111308759739e+01
3.796646942286479032e+00,1.974922929658179116e-01,7.971427712074913075e+00,5.515428452854362895e+00,6.392489652535503097e+01
3.953514815200970922e+00,5.264579615091660170e-01,1.341746159260484106e+01,6.273092025959162754e+01,2.604050329993395252e+01
2.426892999802133133e+00,3.406111283265368384e-01,1.060474241898649339e+01,2.095877214655868237e-01,4.803830287862753323e+01
4.222722207888890411e-02,4.027963122509823357e+00,1.198624151743277366e+01,3.990924350341202143e+01,4.687179995601893268e+01
2.752040780254878527e+00,2.154333137271940757e+00,1.422987024782268506e+01,6.549897270627431567e+01,2.470693581918551374e+01
3.907726491690605153e-02,2.394863529205342623e+00,2.109764389808696450e+01,3.982757194512331722e+01,7.156863702043648345e+01
8.004663440648868145e-01,4.851859521057269031e-01,1.350590104740230046e+01,1.664340610173263002e+01,9.427837957435147587e+01
1.120118951806298863e-01,5.637094421367953245e+00,4.339500692874720400e+00,5.270646615691458869e+00,1.087939408210194046e+02
1.149848202366672734e+00,2.667024488069544841e-01,1.325091221732680147e+01,2.938899945567303718e+00,9.886262675682307588e+01
2.732939588765039840e+00,3.148493548289729382e+00,7.486121600888000494e-01,1.617766833946703997e+01,2.867428280219440495e+01
3.050762664675628955e+00,8.873604992057306795e-01,1.510214403506175884e+01,8.344652923503996078e+01,2.463834545229659057e+01
5.904295565649582134e-01,7.256652558876549364e+00,4.185117289490277726e-01,4.538506393662553151e+00,8.425787122224922143e+01
1.491096848344585668e+00,4.439418559325318370e+00,3.348587565511655129e+01,5.121246102776095910e+01,2.277409026609296916e+01
3.044229368471184749e+00,4.188039631024289555e+00,1.912394196219783282e+01,5.707098919311046359e+01,1.927586760713841585e+01
7.220651774568793702e-01,6.263381041534390903e+00,3.045531377192126410e+00,1.606721527893639134e+01,5.422343255013438323e+01
2.344366752987346203e+00,1.770821931776410119e-01,1.921818077739760611e+01,7.841057134745052792e+01,2.640947547706910470e+01
4.602147596848477740e+00,7.810717945518121930e-01,3.187049019324464894e+01,3.899638247513571798e+01,2.527034059725625781e+01
1.374455262515720533e-01,1.043599610021362345e+01,1.723744655940813164e+00,4.392656738946627115e+00,9.387874383948808088e+01
3.259371655510239663e+00,1.795989848909944619e+00,3.582450127497002512e+01,5.320551746741835331e+01,2.521792332084406141e+01
1.569810968021706499e+00,7.227719207614578423e+00,8.749596564446970870e-01,1.924426789236830970e+01,5.490686322992235091e+01
9.216045927808329263e-02,7.474729320546936506e+00,4.313320280116290650e-01,3.563685488857896644e+01,8.444186115324738751e+01
2.298895546146622060e+00,3.300877856825186751e-01,1.770577391017928548e+01,6.997448524709766193e-01,4.648962539209250622e+01
3.894735636119166955e+00,4.656151434010132206e+00,4.516897988851270895e+01,6.501348424408695337e+01,1.867348186339238225e+01
1.485880331084501460e-01,5.605444918974414215e+00,4.397197704278804409e+00,2.906407126522041473e+00,6.713545022890254188e+01
2.417680829057911929e+00,9.577963898177630497e+00,9.770544739254001243e-01,1.793770112063286604e+01,5.474308789824790722e+01
1.348267897903872026e-01,4.604313389359648845e+00,6.670781474981746229e+00,3.308329679088152631e+01,5.607999332308293106e+01
4.443285022518646876e+00,3.750341812185775670e-01,1.670317212484226843e+01,5.421086131668295849e+01,2.517985584061776549e+01
3.128987522220556539e+00,1.063601276857277966e+01,4.766006335856795317e+01,4.325979241902164318e+01,1.507488336278775165e+01
2.649044272966152747e+00,6.591005258533426669e+00,4.678371064803997115e+01,4.726752929063083997e+01,1.630074635727208587e+01
3.946950440913580410e-02,1.990111307723970935e+00,2.997187236263217969e+01,3.951100183876411620e+01,2.601865434695069013e+01
2.217134663704221076e+00,5.788727220657895245e+00,4.514044309858788750e+01,3.768025739564236432e+01,1.787654177720451898e+01
2.702054438635310252e+00,1.106322712387314589e+01,3.118542784697294223e+01,2.846370431124933376e+01,2.206972201355122110e+01
1.498583882346437912e+00,9.645080558376512014e-01,6.739289957757546468e+00,1.625534999096448496e+00,7.583985826818145881e+01
1.438439429119012791e-01,7.533162232854461848e+00,1.713181590626129180e+00,3.418077059528065575e+01,5.576708758346389772e+01
1.431442378326599485e-01,1.028341178368840403e+01,2.233521901216124483e+00,2.958883568003338382e+01,9.268606721491963185e+01
2.576112967878624538e+00,9.083503196486187647e+00,4.734206157876287335e+01,3.898657274850138776e+01,1.724052131187172421e+01
2.990670289378908109e+00,1.979845383662375002e-01,1.871059422405420491e+01,6.764674676863779723e+01,2.669765051105414599e+01
1.617622184872773872e+00,4.540733255896415521e+00,4.594935027057125865e+01,3.801554113413121883e+01,1.841444707307001494e+01
4.256925455409697745e-02,2.182189430463081337e+00,2.036155845006153342e+01,3.837878366501572458e+01,1.017154765071493614e+02
1.347069284674086431e-01,9.337707112525926334e+00,2.273347555764060957e+01,7.963129988596855391e+00,6.727075477620340394e+01
2.806517044216760848e+00,8.145804015131036024e+00,4.490307338689729022e+01,1.217154907392143137e+01,2.474230003403254585e+01
2.968926256610730618e+00,3.214689686163094251e+00,4.700762646063381567e+01,2.412753507264810082e+01,2.525277250913019955e+01
3.875193032179554464e+00,4.791879461487561720e+00,3.514041291335067996e+01,5.854995172502062672e+01,1.658401100597495059e+01
2.800395120275691596e+00,4.609985857190928016e+00,4.523594494088349194e+01,3.172929009988751403e+01,1.868608500166223152e+01
2.722873444307220225e+00,2.510109249827000344e+00,2.555296014004938954e+01,7.979287743967765323e+01,2.408758435249082908e+01
2.756441251615250998e+00,3.496501814555768584e-01,4.652110314641358002e+01,6.119279204013236040e+01,2.440233447210021822e+01
5.132967908655852729e-02,7.448894188780917247e+00,1.729891158343725266e+01,2.823520941189969236e+01,4.604921593986769324e+01
2.036870002901094434e+00,1.077242001761002516e-01,1.941282401379591960e+01,1.902383957643060697e+01,6.504201882506981747e+01
1.090034198679136868e+00,1.316463000804569128e-01,2.966208012110186942e+01,1.886439784699264877e+01,3.379551853448467824e+01
2.151677149035097880e+00,7.614337415292569133e-01,4.055367663174386239e-01,1.615517159235173850e+01,7.957838326045347799e+01
1.236502465230411296e+00,2.663276517071565541e-01,1.163538258288321181e+01,7.318652107649886318e+01,2.708224520006875480e+01
3.322269099116396784e+00,3.469101760509918919e-01,3.537886188488660366e+01,5.544696116978004596e+01,2.512438484825377571e+01
9.885088321668061839e-01,5.023719308311331844e+00,7.598009652703649586e+00,1.603550099793835226e+00,2.569302319732132389e+01
1.429717291335555585e+00,6.003186567874150281e-01,1.055680277883537954e+01,1.111125196780148094e+00,2.880099798511288611e+01
9.140664179605553219e-01,7.240515170290400260e-01,2.023759315226559607e+00,1.288467273720943140e+01,8.355341233831644843e+01
2.628901374789426093e+00,6.500386409954570510e+00,9.528927297136055019e-01,1.444702415338922563e+01,5.770476285061805299e+01
3.329738585062697709e+00,1.464795116102092010e+00,3.928803057242831187e+01,4.156261642996609140e+01,2.484891294755685820e+01
4.040084229357743251e-02,2.240049969409768860e+00,1.948015634717105726e+01,5.377854972250656829e+01,4.350678413992316962e+01
1.607423511851511222e-01,5.920706021858385126e-01,8.162612309728622506e+00,2.941931322137034677e+00,4.189664923577818456e+01
1.302878593304339916e-01,5.593735820030710570e+00,2.089332327064201245e+00,7.203784858894825227e+00,1.041800802689979406e+02
3.048175943472501537e+00,8.310520000007187491e+00,1.776571617424265526e+01,2.301768030484880256e+01,2.231694150538433163e+01
9.761916625355094856e-01,1.057272410687341235e+00,3.090144989275685816e+00,8.003245259372858689e-01,7.612358329154011471e+01
1.230076363389717820e+00,5.027354648749631227e-01,2.048930167655874612e+01,1.520587471910847022e+01,2.845038746470843805e+01
1.230661170944584715e+00,2.734489087848717137e-01,1.400181957901532215e+00,4.890635354459944040e+01,2.712100922719350393e+01
2.383449640277493842e+00,1.763577818011344167e+00,3.571156096917022893e+01,1.509394847344309021e+01,2.551618848780589843e+01
1.243257314123865087e-01,1.078135963408406539e+01,1.793846902935239740e+00,2.806855400275928858e+01,7.338906015786554349e+01
2.649044272966152747e+00,2.599628523293556981e+00,3.254793943345099905e+01,4.781546813564722243e+01,2.498398109411965962e+01
9.380434476646655473e-02,1.136955868839236317e+01,2.164457562497939858e+00,2.398709030787876273e+01,8.640333756020197598e+01
9.285624209770682036e-01,1.364750703716845237e+01,1.187551627399901610e+00,1.500621625160754569e+01,3.933537815191921538e+01
3.916733713742975853e-02,2.219196679573506525e+00,2.022673904021277025e+01,3.837878366501572458e+01,7.161277472925566201e+01
7.694965932969448641e-01,3.464000965744668648e+00,1.792119982245468313e+00,1.077246271251769638e+00,4.923523022524159387e+01
3.054820421313817924e+00,1.788096075661645745e+00,3.806540811229523058e+01,3.933562750208286474e+01,2.510590892932479079e+01
9.925711269200547526e-02,2.399059565531025839e+00,1.256318056505177161e+01,4.791517683777341574e+01,6.162366100892529630e+01
3.247097795173354423e-02,2.249662547014116054e+00,2.025355123125338253e+01,3.803858475944726081e+01,1.008764697749127492e+02
8.625600193601252741e-01,1.263680803906144234e+01,1.012361956940553309e+00,2.884742940396066047e+00,6.520551382195482404e+01
1.302918717336659371e-01,3.912026231981262647e+00,1.544662100571925478e+01,1.218640352457761722e+01,9.937324271347256399e+01
5.898372097716726437e-01,7.256652558876549364e+00,4.285411710207900904e-01,2.138092128349398280e+01,8.397079114236103692e+01
1.222390936099295028e-01,1.345618866712757367e+01,2.370652642320410841e+00,1.690634363306191545e+01,6.560526448239203035e+01
1.666540674779449116e+00,3.463909225835624994e+00,1.680733811475078054e+00,1.063179150963264430e+00,8.390666475596069063e+01
1.532163860231219532e+00,6.463575454244061547e-01,2.024938021397764132e+01,3.640566062236598555e+01,2.851558599579717068e+01
8.878998520600546451e-02,2.470884127401948849e+00,2.921129695353090749e+00,1.277655642458107366e+01,6.251545492852999075e+01
8.735802053403307621e-01,1.314498677832967588e-01,1.960445565453667172e+01,4.033550362366907649e+01,5.219237944504865823e+01
1.117030243117216465e-01,5.646989241725355768e+00,3.277796407486587515e+00,6.609884153904022952e+00,8.433458431216247675e+01
1.380890841470734376e-01,1.042518327665237621e+01,2.906219268492934216e+00,4.773534796769590471e+00,1.195689718093443616e+02
7.074755446010392301e-01,8.401302343194818611e-01,8.094332286713916247e+00,1.414395873716116414e+00,2.821731731406767452e+01
2.931735556108221008e+00,5.706951438154680423e-01,2.970738428084562788e-01,1.421554830307229622e+01,1.001923543585038061e+02
2.234470870458183711e+00,1.386839002558211686e-01,3.026357722688968721e+01,5.019678390952854841e+00,3.424645389642263638e+01
1.015998465286904517e+00,7.543974494577370127e-01,4.905048385488329776e-01,2.999522127340091160e+01,7.943053590525866525e+01
2.310763908754715629e-02,6.612253131478034618e+00,4.620884353051935989e+01,4.925783298774083363e+01,2.506055912732067625e+01
3.651272445787141940e+00,6.539985520988501833e+00,2.408934795331088452e+01,4.694911814060522204e+01,1.918667481057685009e+01
1.958217973929974320e+00,4.791208790067772227e+00,4.564852555605950357e+01,4.915509830460687368e+01,1.850534529372268366e+01
6.864065010055206417e-02,8.498288559479657778e+00,5.364409462034608111e+00,5.352795994780402467e+00,1.102979528320107931e+02
9.817177460219962404e-01,4.616542376684839688e+00,3.869039409165820587e+01,6.113358481166363134e+01,2.509925436957751899e+01
1.011735364753559629e+00,6.328641927245580057e+00,3.738736471899217406e+01,4.911844881974500510e+01,1.626063750743905345e+01
1.502846864925455606e+00,6.010421214628822728e-01,7.791707405127622721e+00,2.093660154397220807e-01,4.829383937629610557e+01
1.955431341928267619e+00,6.121749770345841668e+00,3.103583866356536447e+01,4.364142811725150750e+01,2.256628592890577423e+01
1.897562326793794885e+00,4.910223227380935973e-01,2.679287255933624934e+00,2.481245757287841691e+00,7.586299403188786528e+01
2.615211733958871854e+00,4.005632847734644564e+00,1.100857349961811948e+01,2.682084531439512887e+01,2.490083963373863085e+01
9.626176758532027644e-02,2.397791613794462151e+00,2.991157972722928804e+01,3.738354731869848990e+01,6.188914232502132506e+01
1.063854677990044850e+00,5.450293602140479088e-01,4.944912331244736059e+00,5.749127689762839566e+01,7.738602415230154463e+01
3.510400051785561804e+00,5.482276601393092363e-01,1.910886232526275208e+01,5.875079596182547448e+01,2.582160468625821892e+01
8.861666388297095853e-02,7.520891206515837979e+00,9.779134253434978774e+00,3.557436299419977388e+01,7.120912683512727881e+01
9.036641093203816588e-01,1.061940951903927299e+01,1.377699979921758811e+01,6.087411190206481137e+01,2.426812043539203145e+01
2.102243390478815144e+00,6.734770788580895839e+00,4.183110426539349835e-01,2.113376836144412607e+01,5.433513746919494736e+01
1.898443834416846165e+00,1.388214736496496471e+01,7.627754084253158817e-01,1.514765120743172488e+01,5.711024910169340529e+01
1.271244079138159622e+00,7.383098591330547578e+00,3.860974016680949461e+01,1.944612480159605639e+01,2.499730918986809769e+01
9.086204203391430312e-01,7.181121263891013129e+00,9.138988505201890433e+00,9.874430736099364392e-01,5.690676761776408910e+01
2.129745858258968658e-02,6.481274082872825915e+00,3.731588335351943186e+01,4.876356741006205198e+01,5.143948777798458138e+01
6.937593851330136063e-01,1.631674528313093120e+00,1.847659902621399652e+01,5.047182483623448945e+01,2.581045667553309642e+01
1.822272264116652662e+00,1.114995706779161644e+01,4.968439155412429087e-01,6.254157147785573301e+00,7.438157634656306527e+01
9.223341466951449075e-01,5.305505477860797958e-01,7.644048032208113241e+00,2.148374439690117210e-01,2.881753193055230255e+01
1.083592632279012508e-01,5.115109101974194772e+00,1.279910963922252876e+01,5.153362382575144451e+00,8.347639468127141527e+01
5.749320006372482528e-01,6.980188727882320476e-01,5.136700792253348524e+00,5.326369572128750463e+01,7.084645280859521677e+01
6.218009935786632525e-01,6.110138855057167362e+00,7.177113126064034176e-01,1.329273749877441801e+01,1.045689150533040959e+02
1.233102252546989464e+00,5.719370900102174193e-01,1.483028868922464660e+00,3.759428678665185686e+01,8.391849976337138628e+01
9.120676442332543987e-02,8.430694766233379767e+00,5.453013899791589125e+00,5.353506711690645403e+00,1.285026571809733014e+02
1.666087679885918771e+00,1.151304071156597608e+01,1.019126381731812003e+01,7.884036478805415982e+01,1.987453582165026233e+01
3.123865166486189615e+00,5.850964696877318794e+00,7.857246493726280923e-01,1.384341903856417666e+01,5.715770287336920319e+01
2.041814475899378145e+00,7.710350959511043101e+00,3.220055936371320482e-01,1.680748589885821076e+01,5.648037706655350831e+01
3.025997400764881107e+00,1.274727539138763888e+01,2.304285887855234805e+01,7.009252392619993444e+00,2.473951198706435051e+01
2.028023412250176349e+00,4.300695620260974295e+00,3.478946229054466954e+01,6.279373255849858282e+01,2.387088470501197790e+01
3.169180437831323083e+00,7.533700901503111780e+00,9.433413802430316020e-01,1.120141635147480486e+01,5.638235042599639257e+01
2.240738411191813828e+00,7.631759487640217721e+00,1.999347800510957640e+01,6.481808526636456236e+01,1.927746681119709038e+01
2.082364568811666317e+00,4.135945287730860898e+00,1.517441287186058085e+00,4.493353191919479883e+01,2.750090981362185971e+01
1.746518106742547261e-01,3.744894608739862130e-01,1.700309694266842309e+00,6.472251146141532274e+01,7.880287124937017040e+01
8.016492963354725498e-01,8.970031483551172968e+00,2.603525347030111625e+00,6.932097411222200378e+01,2.804550614557243904e+01
9.180579675087814362e-01,1.347948590165012384e+01,3.174661166611141994e+01,2.535217496056005881e+00,2.582369701014834718e+01
2.913010613668787219e+00,2.611530793087956326e+00,4.482062892347953298e-01,1.420999913817880156e+01,8.714087936919290200e+01
1.622927362286307407e+00,1.127539549022468179e+01,2.077370773251017155e+01,7.350706358859484624e+01,1.977624998841483617e+01
5.053530785296649341e-01,2.591351934348857355e+00,3.657048925266956019e+00,4.813735164983822301e+01,5.438938183556106765e+01
1.720796676432889249e+00,1.380836235028815651e+01,1.047504173598148824e+01,7.884036478805415982e+01,1.986842819380242275e+01
4.688184811927685658e+00,1.614452675799220027e-01,8.436596385536416776e+00,3.155591030897162241e+01,3.521858604100633272e+01
2.579366117513425927e+00,1.175471656096209117e+01,5.681831702363430736e+01,3.192298197546322314e+01,1.458182234164768687e+01
2.170227667740080246e+00,8.478592534835115657e+00,3.448715513976727465e+01,4.708557463709143320e+01,1.778945261255436350e+01
7.270849372858467774e-01,5.744482390395522220e-01,2.878796340895567596e+01,1.867011122453061844e+01,8.143320979792406433e+01
4.005290125902714493e+00,3.317614688508885856e-01,1.234376325954980702e+00,5.085586407040933921e+01,7.196550490038202952e+01
2.971415726980437100e+00,5.237605110228076288e-01,1.402183233680901475e+00,1.437577877935849280e+01,1.006636105717809357e+02
7.242151523754343512e-02,1.272694372617797143e+01,8.029116718419619936e-01,1.423188934935636851e+01,8.577131589781754428e+01
2.462848016856474531e-01,4.291641430823279757e-01,1.753145166932200993e+01,4.460183405926969158e+01,4.532373721110392495e+01
5.493618576630465711e-01,1.159374402326345077e+01,4.405250534770441107e+01,6.492522068444095851e+01,2.491313853021837232e+01
9.822324783490667122e-02,2.193559505783293062e+00,1.010664772110477827e+01,3.535019529475011524e+01,6.165214597501024230e+01
2.906941108619951614e-02,5.509282927723860190e+00,3.710069831328652867e+01,4.703381236273209254e+01,5.148190979898881636e+01
1.072943538946758757e+00,1.686334890888120697e+01,2.531147440335770327e+01,2.089375141684615400e+01,2.502375071288308206e+01
1.884327029448629176e+00,1.266083836149117303e+01,6.182131488489328586e-01,1.725281062443164615e+01,6.511954369202241821e+01
3.088786011434132561e+00,7.235223596808433300e+00,2.809220993083175699e+01,7.360022350156540938e+01,1.729734238791898804e+01
1.730508863982720191e+00,9.041585518380916398e+00,1.906584181963356883e+01,7.338680431504306512e+01,1.949591491445157132e+01
3.830981133397622695e+00,4.514574896884149258e-02,2.130231830011042504e+01,2.546888751607990642e+01,5.312682636483829413e+01
8.775435261330220837e-02,5.271207143297448994e+00,9.001338751033644670e+00,4.306189967430454146e+01,5.278759938480467895e+01
1.051268608891999135e+00,1.091622242883873461e+01,1.921983577479507943e+01,7.884261145162244588e+01,1.978719812362863095e+01
2.424936554596208271e+00,3.310612906766792207e-01,1.770359619907484916e+00,1.324744065235419299e+01,9.801567416869772842e+01
3.241218969599367838e+00,9.273351295761065316e+00,1.985863909783200398e+01,8.389011857009702311e+00,2.489356964050043430e+01
1.032694046102405200e-01,2.361800567201723045e+00,1.231418639813172433e+01,4.827786627326824487e+01,3.432462997766528190e+01
3.560280307127952959e+00,7.604357920687254691e+00,2.828825251758301018e+00,2.968665814292927507e+01,2.683505742087673696e+01
1.072857029224113745e+00,1.358836140022050110e+01,2.227075224431657219e+01,4.971995111932405109e+01,2.408949564451559411e+01
8.119595989664428470e-02,6.711836785300944186e+00,1.164522963450028392e+01,2.374994450749543518e+01,7.488472564913311658e+01
2.937777081786111522e-01,4.268888757184329252e-01,1.822463540598681320e+01,5.869739589021835258e+01,4.409424024155222810e+01
1.108558845835778905e+00,8.022434625907678196e+00,2.658010117726081134e+01,5.027719204560160904e+01,1.922046381477371213e+01
3.842383825788388663e+00,2.484214776114656242e+00,4.873259552682928586e+01,2.685666676881716342e+01,2.458896601567062135e+01
3.155225341941881645e+00,2.783285619659695009e-01,2.444075489700852444e+01,6.283200291858316433e+01,2.523824457180414882e+01
8.192714119917938742e-01,5.051186703205521322e-01,1.067455763451833661e+01,3.371494724435411428e+01,1.125767880581772573e+02
2.138142843566595896e+00,1.181817424863269395e+01,5.526044324946420261e+01,3.259804977777778845e+01,1.774688874817600137e+01
2.184169094005805958e-02,4.676557669645637461e+00,2.767187021479132625e+01,2.198042434634506748e+01,7.923993546925237297e+01
1.088567630576373402e+00,1.162384931384169917e+01,3.541890410004095457e+01,3.380151134907331567e+01,2.249773912361170858e+01
3.756034858327691683e+00,1.412390115772277355e-01,2.941623055261509023e+01,3.654198187745139847e+01,2.709091790942244415e+01
2.118224054733140793e+00,8.308560214889133988e+00,4.692869215788935833e+01,3.469979729432573379e+01,1.736394754445833399e+01
1.150633690776092372e-01,7.158080458004330016e-01,3.306691378812402604e+01,2.353902898382462183e+01,9.235509985781615683e+01
1.627147496144776273e+00,1.326336875601454501e+01,2.029191724669068364e+01,3.362891217714756209e+01,2.269150355926110763e+01
7.671733133644005331e-01,2.156181884790536074e+00,3.783964623113418213e+01,3.433210966148455157e+01,2.698934345567969117e+01
1.527537381278012418e+00,4.852216514337327480e-01,9.548577447525421036e+00,2.137022362034990408e-01,4.772700600109163815e+01
1.061337914714013841e+00,1.455037730038951338e+01,3.241266611444589074e+01,3.573116269101475950e+01,2.446469638837877625e+01
1.503477224848868143e+00,6.112421179891915912e-01,2.848391976499292877e+00,2.093668029034323474e-01,4.844799951833422824e+01
5.571985616386766482e-01,1.221259234729818566e+01,3.546371296508392845e+01,5.057611529208763557e+01,2.570545367200019626e+01
1.061278595095164423e+00,5.878770857071426548e+00,4.474643814868932878e+01,4.851333302451183016e+01,1.783239136080779375e+01
7.964170717159203827e-02,3.953932044466778706e+00,1.067211236639879957e+01,3.892959313477594208e+01,1.108932079045563768e+02
6.418523502421701055e-02,4.398758682149380483e+00,2.973321547537985765e+01,3.004654367156574324e+01,7.921856172332270773e+01
1.853076015681677513e-02,4.322034783337699082e+00,2.771975723612565190e+01,3.538108063355483068e+01,1.079388356688547361e+02
1.188945444730160894e-01,4.724980767716826513e+00,2.714465335642693322e+00,2.789590196561641733e+01,6.390994886900150362e+01
3.632378266230008368e+00,2.479764243482997177e+00,3.860674130131765480e+01,3.055847604125821704e+01,2.500531712253096117e+01
2.886533699296302657e+00,6.379424927611518470e+00,3.967597224832444169e+01,2.674286272784662799e+01,1.783405073488340520e+01
4.363866280467931347e+00,3.169637866104438872e-01,3.183062828564214186e+00,1.755595342372745904e+01,7.823821133645216719e+01
2.698336418985962659e+00,6.851309762894812749e+00,2.424686837478045121e+01,5.367933849712812133e+01,1.990590275550091803e+01
4.102692206281107978e+00,8.900730039670474270e+00,1.563658317312310864e+01,6.383860180591117484e+01,2.015298400290778957e+01
4.051032109175808138e+00,6.684847272996122802e-01,1.421712820936730681e+00,1.438409321283515219e+01,9.617588730491759463e+01
4.145629237998640804e+00,1.648544283149540324e-01,1.042437481497953655e+01,3.137350871144526110e+01,3.579657377439357901e+01
5.326876522049544427e+00,2.161797817978804159e-01,1.194804996437709477e+01,3.152927213230469050e+01,2.896571998912641277e+01
1.062266582954170868e+00,2.381987376699874481e-01,8.891410764811686462e+00,3.210743009318917274e+01,1.024526570118551092e+02
4.734543693714464929e+00,2.116690987522410750e-01,1.160051658819307008e+01,2.502586919220831874e+01,3.534633496448471135e+01
7.326791984820783810e-02,3.931238413587687219e+00,1.054802990018443509e+01,3.878554503341350568e+01,1.299220988924731444e+02
2.255345822655344890e+00,8.395461537957601195e+00,5.366962841279459440e+01,2.005592580436677963e+01,2.207783646104995867e+01
1.084332877432855335e+00,1.448436687822720614e+01,2.529986771634264286e+01,2.089436858166930122e+01,2.502488828425408940e+01
1.865351472928447718e+00,7.353775615476388694e+00,6.704120496929983908e-01,3.212086071016015509e+00,1.251445635372453182e+02
5.190355900373035958e+00,2.263275919137051617e-01,3.130864195402224492e+00,4.673340619574314303e+01,2.887501157624786785e+01
3.783792733814949294e+00,7.005335566138938264e-01,4.277851856028255639e+01,3.135195677412007953e+01,2.386002702177888324e+01
1.072086833553243412e+00,1.332235487700544851e+01,3.058426009991640981e+01,2.118946570344362357e+01,2.431500927201729212e+01
1.999069332147083156e+00,1.390814256330293119e+01,5.544516858088829991e+01,3.247950098492241011e+01,1.865050479654411220e+01
1.191436236941718185e+00,1.471192485826723129e+01,2.540691626192860753e+01,2.096240696848013485e+01,2.486862163049336161e+01
3.654836939752105884e+00,4.086307295532869421e-01,3.318440657286424456e-01,2.676272477913980197e+01,9.032240374268843652e+01
5.013198371726243607e+00,4.476585915780157521e+00,2.217708072928099483e+01,3.385854093626510064e+01,2.159515203440528097e+01
2.111179705917643812e+00,9.881626497080823412e+00,3.643060788489249546e+01,4.033039656539963147e+01,1.894245955254703517e+01
3.897225798385498763e+00,3.625095199753652908e-01,1.511038277278308417e+00,2.521679565643711385e+01,9.653937694104816103e+01
4.668778403438096802e+00,4.110915849501531327e-01,4.342147076409198547e+01,5.642074412126369509e+01,2.428018666089380417e+01
1.204564213933752986e-01,7.605472526863586324e+00,4.406546507379630384e+01,6.592697357986223494e+01,2.497264856027332058e+01
1.789861810913776718e+00,7.182991328263927500e+00,1.319482875924355092e+01,6.412397471578083241e+01,2.463585116609243642e+01
2.423460317931577901e+00,1.174090944014793969e+01,5.626163571254820539e+01,3.250760673992458294e+01,1.430429484403972751e+01
4.631296428922245134e+00,5.818717054615190065e+00,2.263010246233706724e+01,7.009897211156942376e+01,1.823949708244661494e+01
2.792983047194947055e+00,2.321992156782610728e+00,3.975201520027539237e-01,1.390823955992426697e+01,1.116714184571925585e+02
1.628860162769767417e+00,4.402864680599710923e+00,4.496644959268790842e+01,3.641913674704413495e+01,2.329065628116216402e+01
6.766336905367908994e-01,9.617034628164368826e+00,5.460492378667946411e+01,3.420159964980105372e+01,2.472177958518868479e+01
2.845758013154819910e+00,4.454528852017503038e-02,2.062946384637693598e+01,2.620059927052191284e+01,5.324168436305077989e+01
2.842970144992190917e+00,1.107476404188060570e+01,4.673089397264428158e+01,3.268377991414750738e+01,1.364362783282719249e+01
1.425511586715750290e-01,2.086461779395526683e+00,3.620430042934367521e+01,1.338303735897678060e+01,4.829396272803940349e+01
2.373122744185954147e+00,8.110806939230791102e+00,1.720486881903797638e+01,7.048197324681810017e+01,1.712477317608890104e+01
3.665015909611482048e+00,8.254215514681362720e+00,2.168307971718848393e+01,1.267449515724442222e+01,2.451768755956237555e+01
1.373658220057057067e+00,4.730121188209089889e-01,4.425395734606071940e+00,2.270873220202571119e+01,1.211621233381777216e+02
2.254813201870601969e+00,4.708473673654639535e-02,3.001557451404910992e+01,1.699358697139598107e+01,5.314422966202923249e+01
4.773308882694040634e+00,1.399904658086113529e-01,3.095336966550116919e+00,4.528271220118075036e+01,3.558711398729717246e+01
1.033529486625796912e+00,8.108095349619918180e-01,1.049872945432050564e+01,5.239414308911025842e+01,2.660959792752016284e+01
1.928981772731552802e+00,9.327704177380354622e+00,3.723625234445962917e+01,5.732709413673507726e+01,1.699646808593391967e+01
2.405933879864733171e+00,6.394481933297440079e-01,1.125046901449668546e+01,1.235071787243420793e+01,2.834257220912509467e+01
8.716267903764391978e-01,3.430538881002037854e+00,7.905677687163461087e+00,5.337069951487521990e+01,2.687561627091565342e+01
6.749419261149005589e-01,6.150070976007302459e-01,1.464787911455029601e+01,2.063902798509434644e-01,4.813281002112405105e+01
6.525739552122584719e-01,8.893582064260849407e+00,4.543698786807627954e+01,4.043516354722738981e+01,2.471676336781560934e+01
8.027775603210299260e-02,7.813826700762216859e+00,1.278822701829368569e+01,2.580477559209791849e+01,7.188732022988536130e+01
2.017336717056470885e+00,9.186328353785651046e+00,4.098277923802781686e+01,5.777027939457678229e+01,1.544526933550502612e+01
2.515972750191402429e+00,8.269107117608967883e+00,2.166034344458332228e+01,1.274473110022388589e+01,2.471605823659350420e+01
1.492715585362523356e+00,6.771241792380683355e-01,7.634708130206581345e+00,9.379730687650670973e+00,4.642471107713608092e+01
5.311275694350101162e+00,2.210482980098240069e-01,1.210085260171498867e+01,3.946418362364233445e+01,2.897792627694434486e+01
4.000003996433346032e+00,6.699029673462168766e-02,2.912577127978724789e+01,2.488476589284678742e+00,5.715299141421517248e+01
5.069783982049736792e+00,2.105610206283894115e-01,8.831270415027368870e+00,4.349617561701145974e+01,2.792146377165503779e+01
2.293584361771966673e+00,1.088978227783105801e+01,3.775275303558907325e+01,3.238318550182521705e+01,1.646423544394841088e+01
1.630714307130691321e+00,1.704644188299151608e+01,3.516007491708582222e+01,2.116460067857401839e+01,2.473495826227296490e+01
1.479681080270241811e+00,6.083901367889466699e-02,2.130221969224404432e+00,4.103499984927767485e+01,5.047797733938421061e+01
3.887028165849878203e+00,4.462647823944387859e-02,1.321678984637143905e+01,1.437469427986903803e+01,3.088463403182512224e+01
9.670695242413598902e-02,4.321845202969543998e+00,2.859921506268368319e+01,3.554696979517866140e+01,5.484119903244830141e+01
1.408916621411578696e+00,1.134208330229101591e+01,6.079532135938480408e+00,3.650688803845988417e+01,2.693166910170360495e+01
1.922636801488331271e+00,6.061896281108720697e-01,1.450922719853137011e+01,2.540907094459983284e+01,2.611153464953074632e+01
4.392737786256105892e+00,4.407833398040579831e-01,1.219614739371881029e+01,1.774952869766256214e+01,2.844836727866691817e+01
1.618763069607494387e+00,3.878441329530999404e-01,1.428608135290809855e+01,1.438907127264291574e+01,4.864600626277790241e+01
3.938636560184022972e+00,3.502059631401773565e+00,6.493416892764347637e-01,1.369810454028681335e+01,9.307417593052966254e+01
4.970400190292421527e+00,1.675555109317772018e-01,1.399411451899405634e+00,1.728409643929701645e+01,6.606145829285601678e+01
6.969707713109132841e-02,1.106047259146263340e+00,1.653904774292147550e+01,1.236253300628901286e+01,7.793615029535600058e+01
4.372205722342032530e+00,1.198848298823267378e+01,2.117612532479991216e+01,4.160081512252480707e+01,2.055850690403082126e+01
2.086952359182361327e+00,9.577113038990404448e+00,5.298162062893617730e+01,5.681547970626277788e+01,1.481599107411228466e+01
2.135646343035725980e+00,9.789660602647348497e+00,2.177957559792057651e+01,4.494558609245737557e+01,2.026651392451129752e+01
6.127451183404584167e-01,9.009103143278984760e+00,2.998982490838761805e+01,5.166114306407776979e+01,2.497191199766404424e+01
5.488825793024313393e-01,1.159007180290677930e+01,5.659489221363598688e+01,5.776740347436479794e+01,2.454042963717822445e+01
1.606036159714617995e+00,1.060386264031675552e+01,3.959207284536258697e+01,3.265263660764743747e+01,1.635815760501743910e+01
2.609282337007267749e+00,1.028703927945622887e+01,4.700202525942136589e+01,4.272357318910106727e+01,1.540330319500817069e+01
1.092846139670998307e+00,1.056736517641353501e+01,2.722392054989095200e+01,6.417136355769684997e+01,1.724976637925842127e+01
2.132743861299716936e+00,9.586617990672912981e+00,5.282621379466280587e+01,5.676963359586564195e+01,1.558309293212278313e+01
2.753151682338962569e+00,7.784083847521351629e+00,3.789771408989025048e+01,4.165940794517713641e+01,2.007525944674496543e+01
7.436184896985917891e-01,5.171099121634366025e-01,1.427755050722946706e+01,5.944730521141414759e-01,2.873619444209498752e+01
9.759093773423058171e-02,1.204716481004816764e+00,1.691429875669288663e+01,1.198153677252291871e+01,9.591784747372518893e+01
1.490856756828993879e+00,1.785487442826611815e-01,3.497118632909883118e+00,2.322036632058024352e+01,1.165541714801845643e+02
2.585653903294513611e+00,1.104097049323497792e+01,4.715397628217373693e+01,3.192625806825773438e+01,1.378047074521531457e+01
3.170226872363376636e+00,1.174000063154189988e+01,5.691678600500012664e+01,3.190661603843659933e+01,1.453334449810757967e+01
4.736617645308079716e+00,4.228866744060488791e+00,2.304926705420874100e+01,9.131512052492504949e+01,1.841687504562794331e+01
1.318554799706701530e-01,9.434107259235069876e+00,3.067113273488341818e+01,2.112982966878541902e+01,2.588827697252008520e+01
1.373609048279479605e+00,3.405470085659919599e-01,4.428887630912306861e+00,1.493356456820042766e+01,1.152353186515207426e+02
7.016605731103389143e-01,4.759381988926996598e+00,3.145000524196024116e+01,1.331453851669963440e+00,4.680404388386008918e+01
2.803129821036741021e+00,6.889369947313845444e+00,2.868195715746453800e+01,3.120045386324149916e+01,1.770024678056006096e+01
2.221649602210072239e+00,2.192921337936089898e+00,4.229347009905268240e-01,1.157180872840402586e+01,9.814449308484920209e+01
2.538507483135927778e-01,1.088602511349100688e+00,4.286882072610989525e+00,3.493388566074124668e+01,1.217231357210309568e+02
3.122254685501327787e-01,1.318833278573466572e+01,4.464689939788274131e+01,6.148360751848102268e+01,2.490867942383890821e+01
3.839115570667805066e+00,7.208164359639507524e+00,2.314609013679760352e+01,7.409850804861996210e+01,1.787454235084085141e+01
1.916228293817250128e+00,3.117615873236303514e+00,1.458970627555342858e+01,2.788927679955329753e-01,2.724590474230729598e+01
3.154499549298753980e+00,2.076638444208338541e+00,2.877588360559766301e-01,4.331715308436188394e+01,7.403769627891664129e+01
1.175711537038138937e-01,1.139535486409397791e+01,5.653946842354176283e+01,5.809545512910921161e+01,2.454231078533359067e+01
1.679065695037671890e+00,1.404433586298707226e+01,3.515417839671933820e+01,1.382443954382601703e+01,2.461603474111354828e+01
1.834829890635389038e+00,8.086225811846443179e+00,2.882534885525926782e+01,7.221194581684699187e+01,1.638277741508396446e+01
4.677494564716768721e+00,5.657648759197113186e+00,2.451836797298215487e+01,9.221377892285987343e+01,1.842913551111060144e+01
1.608423861472704081e-02,4.593114493783126306e+00,9.495070983566112233e+00,3.616733171058660901e+01,8.063555942961257017e+01
1.443904110022980136e+00,7.865634615470920465e+00,3.548427256378664651e+01,6.850912329552471647e+01,1.974497768250136431e+01
6.775556767396888613e-01,5.829701757194483136e+00,2.474116525334235206e+01,6.863209272261002747e-01,4.769082614331110648e+01
2.167471337413740873e+00,1.153478598616184669e+01,3.576305018227336774e+01,3.841405306174277001e+01,1.963961862491928301e+01
1.055006462787974719e+00,5.661783772619786603e+00,3.868532810180542469e+01,4.121025822677690087e+01,1.788310160566880924e+01
4.145749485113205957e+00,6.045868624448299755e+00,1.555738627327144208e+01,6.662028577777165594e+01,2.076596148437601030e+01
2.947406374382521399e+00,5.289882415697958251e+00,2.154020712114853353e+00,2.715509533845138712e+00,3.663381114124639026e+01
2.240045356639552843e+00,2.267519606759883732e+00,4.393943002425342303e-01,2.929346609995587158e+01,7.405899343272201918e+01
3.870622179270420737e+00,4.010427694223087869e+00,2.084851541553011600e+01,4.289145121633161750e+01,1.934060595729802046e+01
7.256225287502957588e-01,4.402112564240526105e+00,3.868046451617276205e+01,1.975215992694979716e-01,4.859385488967546962e+01
1.086274804767332736e+00,1.212500388379963567e+01,4.514457772145011205e+01,8.449314080918452419e+01,1.567234673298253256e+01
9.831858697507541711e-01,1.197048361297975028e+01,4.726339635628717417e+01,5.989858220726554094e+01,1.913221447957588595e+01
2.580180937670115249e+00,9.380056931216778082e+00,4.670429304667140968e+01,5.579191662848701583e+01,1.538781313219926261e+01
1.939357395902133185e-01,5.054778339043808355e-01,1.598199924517768267e+01,1.237136040714124618e+01,1.266660642814557605e+02
7.026871316863461114e-01,7.040478847549533903e-01,1.761072568300964747e+01,2.688357015473185063e-01,4.806543469657898981e+01
3.147319314326121109e+00,1.155512472073312757e+01,3.418246198388654733e+01,1.474249825464667474e+01,2.434615409699522459e+01
3.348838980854070169e+00,4.099701810984232253e+00,4.794481582283047771e-01,2.919081805376074534e+00,7.419405183105808987e+01
2.756273682573186612e+00,6.104518485632151048e-01,1.271559405307945312e+00,3.785698845361059739e+01,8.459483424071011370e+01
3.154010629944759003e+00,1.174689152130030934e+01,4.193981042370930368e+01,4.948487581968223736e+01,1.464034733052945825e+01
6.046580616309766842e-01,1.171875499007672872e+01,4.930573963937198556e+01,5.797829090518395390e+01,2.450307652097163569e+01
3.951075246892269632e+00,1.209173687733570546e+01,2.167437232468402186e+01,1.777547907966921770e+01,2.450006708491624963e+01
2.203392525222306997e+00,2.864191610049330317e-01,2.078338485468467312e+01,1.485634009591906590e+01,5.322754029328997660e+01
1.317817183597565833e+00,5.037872224264310361e-01,1.451549894485447112e+01,1.054012793815065940e+01,4.814386438036807192e+01
1.275452224314941596e-01,4.027936705903471193e+00,3.534862296621322031e+01,1.028743630664820685e+01,2.608740377267224275e+01
4.393120523484823903e-02,6.794042484552042183e+00,7.174094338781011437e+00,3.664958673169707737e+01,1.130198961644379523e+02
6.231610398178995258e-02,6.261359787145993616e-01,1.292265901437605002e+01,4.949975558359045635e+01,1.171538187339905193e+02
1.320749076706119185e+00,4.382764365600394285e+00,2.925129295095899451e+01,1.975215992694979716e-01,2.831844542926554453e+01
2.112352682735144427e+00,9.596811902575854702e+00,4.929644010555617228e+01,4.539684877615705005e+01,1.553824050721524053e+01
7.528839964153924980e-01,6.963534961087920472e+00,1.972377681331552068e+01,1.241890247348391085e+01,2.733588862014840615e+01
2.072367616226917342e+00,1.047780044101919472e+01,5.304159758008974279e+01,5.367018776011822467e+01,1.560853670196683041e+01
1.632594027182262320e+00,1.704644188299151608e+01,4.141449400148982818e+01,1.963325840562848512e+01,2.474214212883940434e+01
1.825848219741837530e+00,1.595573842681089083e+01,1.886935749074551438e+01,1.388512723646210389e+01,2.487984562108080411e+01
1.807658635322580309e+00,7.685199762336817564e+00,1.249681611868408559e+01,5.102872205881278944e+01,2.488348541928392166e+01
1.745916206460945919e+00,7.804391070008037667e-01,3.699751508744911632e+01,1.941481598130244124e-01,2.732829503418668082e+01
2.689574145506230529e+00,7.682544962624176854e+00,4.355632321382975647e+01,4.154439399316511583e+01,1.743246837427848206e+01
1.683823611980006962e+00,7.608700490117066284e-01,2.812615326830276175e+01,1.725117115891458042e+01,2.762302854644259398e+01
4.226092164761548808e+00,6.426155428446554296e+00,4.414476227169716438e+00,3.656973413922101201e+01,2.430428366242294302e+01
3.160629895421957158e+00,2.331048762548607878e-01,2.754768197628023607e-01,2.891280512781639800e+01,9.540772379537847314e+01
5.335729752372844192e-01,1.320299487443812581e+01,4.527278984809845497e+01,3.717611350913292512e+01,2.547379351338274134e+01
3.170951105199286246e+00,1.153762873306992631e+01,4.954491212662889410e+01,3.183150406123021625e+01,1.499609484344146715e+01
1.109902631422032826e+00,1.674171944398534961e+01,4.296371721574805491e+01,2.099406512765413169e+01,2.497928259000079265e+01
1.618595477107786840e+00,1.704644188299151608e+01,4.193791654449837836e+01,2.069088104236041303e+01,2.449027601435152235e+01
3.151845122668982757e+00,2.126035555740238170e+00,2.625912096084042080e-01,3.069604306054060316e+01,9.755107043102856323e+01
2.227359642195626321e+00,1.224954514035411179e+01,7.821412149654458634e-01,9.991912634805441229e+00,5.346177678172055892e+01
2.367573877881213207e+00,2.048712796127469815e+00,2.944317895258832252e-01,4.183686412994953230e+01,1.042518309415152657e+02
1.084131896351201663e+00,1.223290245334887416e+01,4.574775025081087421e+01,3.510218526578783838e+01,2.068802800465178393e+01
1.544834235774477094e+00,1.865209903514182921e+00,5.184916357598038372e-01,2.924248890385867483e+01,9.818996406779972119e+01
1.644505929226410257e-01,1.227908904537807544e+01,3.180392921023529595e+01,4.620745766294858470e+01,2.574240242173275561e+01
2.838789640765749134e+00,6.237474317951002128e-02,2.116298630740909559e+01,1.173151763645350343e+01,5.348339261867106131e+01
3.458209797733335034e+00,1.282433882204749231e+01,2.326587789315540888e+01,4.449804532913875477e+01,1.352665396077615156e+01
3.592920847605244994e+00,6.783875815938556819e+00,2.376706639704497448e+01,7.482787066546825372e+01,1.875887749820780215e+01
4.789397268818960107e+00,5.570951263271546328e-01,5.896411481454228110e+00,3.035581402474380042e+01,2.495603918530335008e+01
7.173816967972328484e-01,4.804952799246073880e+00,9.886275054727640565e+00,4.707949262346167529e+01,2.720911299003515182e+01
2.795091176173388092e+00,1.083746747325914939e+01,5.668603385071848777e+01,3.194439808066293907e+01,1.109105187401954673e+01
7.140864611007711193e-01,4.956574320851746540e-01,1.174788338390729159e+01,2.995289795656271892e+01,1.230530101580857263e+02
2.841588649349473084e+00,3.702884165810354400e+00,3.579047587923539453e+01,2.939510731696667101e+00,2.533896970286661343e+01
2.530837684089899842e+00,9.618985014043332171e+00,5.222046067590467544e+01,4.214014217556474762e+01,1.510817682799718753e+01
3.680943634825001087e+00,4.457517048720180952e+00,2.279947665576922133e-01,2.071878623092305105e+01,7.763646207556847401e+01
5.637628503189672652e-02,9.456366751284756234e+00,4.531915783209738890e+01,3.892234061674188439e+01,2.500446908724265072e+01
1.777067435936408035e+00,1.638541852630227003e-01,1.026412190756925291e+01,1.159346253143482741e+01,8.220456461300538820e+01
2.485208776071298420e+00,5.090310276318092964e-01,2.824241294373912581e+01,4.621391512484081687e+01,2.725613291956269180e+01
2.138647874118503101e+00,9.720075936806559014e+00,1.724297715485040072e+01,3.138166025285858751e+01,2.496769250836238996e+01
1.778756608207028300e+00,5.263447327078234483e-01,3.692526326118453994e+01,4.089259278382673557e+01,2.559584331647404198e+01
2.199590712139280591e+00,1.056718454405831764e+01,5.772208537437291653e+01,3.213029635561947117e+01,1.227224996471307605e+01
3.371420299155981404e+00,6.927897098721725655e+00,3.230028993983036401e+01,9.198911883550837842e+01,1.332689103257802188e+01
2.724958663261849878e+00,9.765084045176966043e+00,4.981798481963744507e+01,3.194458197298781599e+01,1.110213066649728830e+01
5.439023091355708883e-02,9.009500938353148802e-01,9.442524591587440952e+00,3.931524375068885746e+01,7.349749423983180918e+01
1.968133453783935227e+00,4.336241673123291535e-02,2.766846406478381581e+01,3.615520060100306665e+01,2.993262745109535672e+01
1.059420914305739675e-01,1.606170840943897815e+01,3.977900851470610633e+01,4.173610626430762949e+01,2.531528615728314691e+01
8.038890368805451381e-01,2.181813196186293879e+00,1.010218938892569263e+01,5.607886896962634982e-01,2.620163784273282204e+01
2.161294843349316430e+00,9.447358543450919299e+00,5.968763370594719619e-01,9.570983893404097387e+00,8.121528280527239474e+01
1.051482741254011533e+00,1.170040380481544062e+01,3.874691133213985950e+00,2.691947784350703543e+01,2.641364274767410336e+01
4.085808856927068078e+00,1.119609810672614358e+01,4.453405578126338327e+01,1.994483921575092822e+01,1.053905766583068271e+01
1.484078626617897911e-01,4.304762818666748814e+00,1.134893378012200582e+00,6.944535552768115849e+01,7.466358857065223731e+01
1.464326521607540177e-01,2.171076466942713168e+00,1.880572057513631634e+01,2.383772850613034322e+01,2.731904708608092491e+01
3.977518317924831237e+00,5.500841811758397926e-01,5.961008138200393880e+00,4.785388718674034436e+01,2.486402161480314277e+01
2.729157364316472378e+00,1.057552419636062879e+01,4.298795668835692396e+01,4.373339041509562719e+01,1.268092326540242354e+01
2.424689260056551721e+00,6.521329519330838764e-02,2.720742766009184521e+01,3.736642712456333015e+01,2.765104184686832411e+01
4.281092921695018205e+00,5.259001176906135111e-01,1.187015977964185964e+01,7.921035251170579272e+01,2.482440800520334534e+01
4.836588628813781376e+00,1.113952871116218013e+01,3.942483414316164669e+01,1.997881997805597365e+01,1.000078383912718749e+01
9.725990050354458294e-01,1.604415526401483660e+01,3.280144667421724591e+01,2.722463979417199198e+01,1.800631877700546468e+01
4.151873203155433956e+00,1.116899193745896213e+01,2.688557553600493932e+01,1.990588854458570012e+01,1.162917097527561339e+01
6.878895158245994512e-01,1.475211493067675761e+01,4.315443534338390208e+01,1.896632204293984714e+01,2.540773701983619048e+01
1.043128005018166826e-01,1.287699662218873797e+01,2.206149674708380459e+01,3.392466260165146252e+01,2.547677502725515453e+01
1.834068830619233204e+00,1.639712440375618030e+01,1.915671214833164271e+01,1.387288564660901713e+01,2.477995186376864112e+01
1.550091726096909817e+00,1.660573250845870774e+01,4.217725421455597257e+01,2.070221361584183839e+01,2.463424926802231596e+01
4.637178278603653503e+00,6.372809210969054838e+00,3.331485259976037838e+00,5.524397942965698860e+01,2.501369594041657152e+01
4.326761461051038538e+00,4.176021606746441073e+00,3.340144568465073682e+00,5.803138309497708747e+01,2.398443652958577843e+01
4.741592793805509132e+00,4.228732930687060687e+00,1.473446534316775214e+01,9.239667976105263847e+01,1.935553957266405689e+01
2.268953604702829974e-01,7.796370125277621854e-01,3.713062930747651080e+01,4.345883696901675641e+00,2.733294709108873022e+01
3.414053550156611827e+00,1.056781346981152758e+01,5.772208537437291653e+01,2.791053354403346276e+01,1.226235423751914411e+01
1.007996375100388697e-01,1.578374124256323618e+01,1.511602548466493801e+01,2.255648592122165397e+01,4.422321947869576775e+01
1.191577688638726373e+00,4.358143012354519286e+00,5.466702912349972188e-01,2.517164661350955868e+01,9.938085423768335147e+01
6.243969320524156430e-01,1.483970126615227514e+01,3.733915981597020561e+01,1.878902986108846207e+01,2.572050211657430552e+01
2.146042132923893231e+00,4.384142344276721559e+00,3.169130586797189175e-01,2.736394233516750774e+01,7.751817791118169509e+01
8.651243696898176794e-02,1.063625462968228597e+01,3.973008865077410690e+01,2.289071066923168729e+01,2.652075821348707052e+01
1.049823049634206890e-01,1.618904376639714471e+01,3.066090910129263492e+01,2.096138924213801147e+01,2.612402245879252760e+01
1.403021347663018448e+00,3.813402199654112756e+00,2.724419713092390083e+01,1.991009590818126340e-01,2.553424850696636028e+01
1.544407904005678622e+00,3.052216995411523026e-01,2.735846501924086738e+01,3.745681936902582265e+01,2.969707907393733848e+01
4.236832157802616905e+00,3.914212410439434908e+00,2.085479456799741627e+01,9.658052167588385828e+01,1.992184975736566699e+01
2.464006303130652498e+00,4.276684150307981547e+00,2.306070481670059991e+01,8.866780991574378845e+01,2.158688999769435313e+01
5.114195697104605420e-01,7.750374485386057444e+00,2.330650696502382502e+01,1.054781193264685868e+01,2.724887363699027176e+01
1.361327608316905691e-01,7.951271156148989050e-01,1.903512730559837607e+01,3.357947212120600966e+01,9.103208995637987755e+01
1.741065882052055674e-02,7.681465774744522079e+00,1.549840402107183213e+00,3.911776552316396049e+01,7.811926964349062530e+01
8.201318781976170147e-01,1.457201578301604572e+00,3.601880966748083779e+01,1.944348234832751487e-01,2.733314011741772021e+01
3.513036189326763203e+00,1.299517142763510869e+01,3.389491691678854579e+01,1.761857165247708679e+01,2.451597387920768867e+01
8.905637095565682726e-02,6.514842466228033757e+00,4.920327373176174035e+01,3.059389375051766891e+01,5.024339012325927456e+01
1.436386448773588453e+00,3.877471458659593750e-01,1.975426833867884469e+01,2.855673457402428994e+01,2.953772448859781363e+01
3.378727349072105923e+00,3.551456165348023664e-01,7.756315115497366408e-01,3.996788842127218544e+01,8.493007462573882549e+01
2.223033169865571868e+00,5.734436801089007218e+00,1.806972675889026103e+00,7.388557322269544159e+01,2.593114371722967704e+01
9.057399111104547096e-02,9.985405112326576571e+00,3.614252543263292239e+01,8.640458239492396331e+00,7.395107800723491209e+01
2.261037916496717148e+00,4.520242462238606429e-02,3.112229301171329610e+01,3.611222900490062671e+01,2.965343685262090645e+01
2.510283992593237201e+00,3.546108453394021254e+00,2.238561583712177228e-01,4.876405670513705104e+01,1.065501360572162781e+02
5.076761452575514338e-02,4.706349732431901245e+00,1.756843936339673462e+01,3.482008723564239006e+01,8.019315528386859171e+01
3.659357092620820318e+00,1.501082330217084326e+01,9.073157575836171773e+00,7.320818213332977109e+01,1.921610606022952439e+01
4.241241462605593177e-02,3.965941412718545500e+00,1.729613121029802159e+01,3.247723428215215336e+01,1.321542170039279540e+02
1.450865771511638203e+00,1.773389625992072993e+01,2.491214565021472893e+01,2.099891884553918686e+01,2.468270832377034907e+01
3.811070043540275343e+00,8.311761689081688331e+00,2.779570754211664507e+01,4.159109793896352159e+01,1.208113647029013826e+01
1.429887385540338451e+00,1.694359068212776975e+01,7.597523606458863377e+00,3.871621363783825842e+01,2.551044110606106230e+01
1.039600438196641274e+00,5.222188162016969670e-01,1.757198945985661354e+01,3.877158364604197516e+01,2.777127410189102719e+01
4.394914832272160676e-02,3.981303130485422503e+00,1.710466062112980268e+01,3.209601625895106025e+01,1.298115292736523259e+02
1.489573409861256525e+00,6.314153872722602090e-01,2.751725545931389050e+01,3.599389109510062923e+01,2.765002168289659323e+01
1.242281814559789144e-01,1.272136221072904050e+01,3.638919348505302764e+01,1.875012831396640545e+00,6.517883972489160271e+01
4.777492162808721909e-02,4.577378731026106706e+00,4.369722919862727650e+00,4.575661928924891697e+01,5.738201685300668942e+01
1.620023214485331181e-02,4.727560815629561652e+00,1.928304105915766087e+01,3.603572267337037971e+01,7.505385955951049937e+01
2.977057869083758052e-02,1.374292574128105926e+01,3.557925742992178186e+01,1.003907088727165586e+01,1.058842655189388182e+02
2.622765832657511176e+00,4.336241673123291535e-02,1.783946131964498960e+01,3.272826086650164257e+01,2.992207366272839408e+01
2.880344730822719690e+00,8.616106818991219995e+00,3.928411052931133440e+01,4.358906078810992568e+01,1.557537702133216584e+01
1.728377309573616127e+00,7.937347862270907939e+00,1.932134139910681370e+01,6.269665172183974988e+01,1.782491805982634503e+01
1.745916206460945919e+00,5.221159649798400304e-01,2.922948118926156980e+01,1.266850544349809482e+01,2.733660549286108221e+01
1.968133453783935227e+00,3.166914944395113340e-01,3.560161643435498036e+01,2.396188100847217939e+01,2.991329369041374875e+01
1.736159512998326715e+00,8.905399420179364256e+00,2.623040401640524166e+01,1.737401201889774649e+00,2.567879020602587303e+01
5.243061953702143896e-01,1.175761272654236578e+01,4.112875597336814337e+01,2.273379343931235397e+01,2.551314485639365870e+01
1.743943972560956679e+00,7.914191461867773336e-01,1.797681936691617466e+01,1.542300894993977778e+01,2.543722577942762442e+01
2.282827369427240072e+00,1.806086115896478939e+00,2.148423052311323289e+01,9.520758138177453134e+01,2.519346437646960624e+01
2.646643159184976390e+00,7.764506388466725362e-01,3.694866529976881964e+01,5.245447863229242280e-01,2.842552638127602904e+01
1.061929369361644504e+00,1.526932366641579719e+01,8.864830627308468713e-01,6.295785927457711750e+01,2.551250746021981186e+01
4.274375383555518049e+00,5.548809976126147347e+00,3.003862473090743634e+01,1.812268489612143263e-01,2.734721361966828823e+01
6.783632975780803931e-02,3.946210571484409790e+00,2.680935844893738818e+01,2.781650382115584819e+01,1.341851339585054745e+02
5.503955713910906766e+00,3.112838471113429151e+00,3.602368074276799348e+01,4.412268506470130092e+01,2.403374765060600993e+01
3.656740108939730227e+00,6.368762190777885301e+00,4.638678291551756594e-01,2.617598079053151849e+01,4.933269555411991547e+01
1.964696294956356004e+00,1.838734673949155018e-01,1.369371814440400126e+00,3.631276293572342695e+01,2.991369945928718366e+01
2.332020917678305494e-02,8.425323523434887107e+00,1.421023173124591699e+00,4.140000190211462439e+01,1.001810869637209152e+02
6.682420141839356953e-02,4.087702595246581083e+00,3.743593220354313900e+01,2.783284624062702051e+01,1.089186864367529921e+02
5.500303619825663404e+00,3.183581851003447039e+00,2.854199932947323504e+01,3.289366323939268000e+01,2.407287363614787878e+01
1.722149417972012930e+00,1.537637918544417914e+01,2.249350368397617927e+01,4.460583562797233981e+01,1.421311091570891172e+01
6.668464529358288095e-02,3.646559381443158276e+00,2.674474857914886883e+01,2.787733497205897848e+01,1.341850597679001567e+02
3.715804926122077578e+00,5.449530212892915948e+00,3.010340916019380586e+01,1.627074780383546970e-01,2.660217947249226000e+01
4.667528485480551659e+00,3.173490063612593559e+00,4.273789492057819928e+01,4.608597829638762278e+01,2.370658602056748876e+01
4.115111121534059890e+00,6.665632269072965244e+00,2.006515205613346353e+01,5.936793700328846768e+01,1.897762305970439911e+01
1.429886606423923512e-01,1.191979196823614728e+01,1.547003328870034000e+00,1.264385336902515711e+01,8.611797366547426691e+01
3.406733723880763343e+00,3.449640782450658527e+00,2.358173479490994318e+00,6.231901469976639873e+01,2.522498437238373725e+01
4.472256905137136584e+00,9.575262417256124037e-01,3.903439041991119041e+01,3.040510988540603066e+01,2.495188781974197667e+01
3.722690132772572102e+00,1.485497991597431344e+01,8.593471164417685770e+00,7.305067942602977382e+01,1.978239280940557876e+01
3.780354647715102434e+00,1.486740476320676052e+01,8.643327164971866594e+00,7.305067942602977382e+01,1.969320938862281523e+01
1.722391751001650650e+00,1.191253999992925650e+01,2.033999269087312101e+01,5.901476802965295576e+01,1.458624672462119598e+01
2.705488050858121163e+00,5.713720026108818573e+00,2.230606520079732036e-01,4.028451335585679516e+01,7.783168360976729616e+01
2.241785937174042509e+00,8.379655963299299515e+00,2.037374599389305818e-01,4.028451335585679516e+01,7.840776514125319352e+01
2.744203313745435580e+00,1.477160226711664137e+01,8.796436340472986615e+00,8.338858153317316635e+01,2.060291840271620956e+01
3.653332997563724316e+00,1.483234706648031143e+01,9.226806349417456588e+00,5.757404604977247686e+01,1.928563397581542205e+01
4.713377458689443911e-01,1.788681999365917363e+01,4.234590804766145311e+01,2.554333118784363776e+01,2.548277050588992054e+01
1.580173838505236850e+00,1.618454884255814719e+01,5.277062289227265168e+00,5.330007514640793431e+01,2.526242520115588874e+01
4.432946184832761816e+00,6.925150794684658884e+00,1.413844456199128530e+01,4.460907574761614569e+01,1.791687359151549686e+01
4.203868901640423594e+00,1.355597765789453391e+01,1.288318062941664266e+01,2.099373118323697440e+01,2.386244445789730051e+01
4.924701342724119080e+00,2.461646363043009433e+00,2.124881377715875885e+01,6.176666616756379291e+00,2.521075324215120261e+01
1.324630403636616105e+00,2.814592526344791290e-01,1.678391598994354084e+01,4.353583061802021348e+01,3.102263687203384634e+01
1.264315386445669931e-01,3.323766397838279207e+00,3.725703128414416909e+01,2.066119632170488529e+01,4.610603463901927057e+01
1.950156272943007085e+00,4.382433684865996715e-02,3.602620966471673114e+01,3.964128675434443494e+01,2.494093273656685383e+01
2.543364442400342984e+00,3.393434693551392378e+00,2.219904523181476463e+00,6.149490160939514283e+01,2.527674758224737062e+01
2.029535535304251639e-02,2.821239324806188442e-01,9.277100548166307803e+00,5.415796194225963234e+01,7.729400276537873538e+01
2.655593906820938668e-02,1.965365958018952197e+00,3.027585910578212491e+01,5.248067559871930143e+01,1.001445174894363674e+02
1.052605246876482603e+00,1.743662496605782053e+01,4.119718963114441124e+01,1.429686856083887392e+01,2.464771614574952707e+01
2.598866272909328146e+00,1.334182512507572227e+01,4.975887473542008443e+00,6.170031397605811918e+01,2.490305808870137483e+01
2.436408823729165007e+00,1.458353454423238560e+01,2.616744434868478564e+01,6.889974768902112601e+01,6.863076626436339644e+00
4.222260654148984216e+00,1.905540267342004657e-01,1.953495956605814499e+01,1.926890507263803443e+01,2.536505253925243863e+01
7.689089099606785660e-02,7.699286485598342278e-01,3.656710862898683700e+01,3.747413042980948461e+01,7.160339064976126622e+01
4.611036938456698764e-02,9.841243768292637029e+00,2.700056421726169020e+01,1.329167583149859766e+01,1.059522499196204990e+02
1.940247478254239821e+00,4.594303452816330541e-02,1.799776130103641947e+01,3.238646829888785561e+01,2.971466070093249101e+01
3.821049957454155876e+00,8.797500983239581629e+00,2.933470667158577072e+01,6.250516026524341129e+01,7.251950710174279280e+00
4.400530325703635448e+00,6.678169013908196838e+00,1.410327486693677024e+01,6.833974356616104728e+01,1.770052547489283867e+01
7.079406232412279731e-01,5.541947464743514074e-01,3.693612658172696683e+01,5.150435436032793746e+01,2.951900797986836977e+01
4.927885532972616778e-01,1.597693485639103628e+01,3.702519558537977673e+01,1.372961289978389132e+01,2.551797956629516406e+01
2.949563693693960875e+00,5.345608469209970792e+00,6.663021535708267606e+00,4.483565496535140937e+01,2.389216686247479515e+01
2.370662772077978264e+00,4.809673920658745772e+00,1.263304058705950972e+01,8.066365825204724160e+01,2.495795441518299995e+01
2.203853596417225447e+00,2.614218241983641278e-01,2.804346759214370977e+01,4.294354113082133750e+01,2.966386006703648448e+01
1.404481089195509291e+00,6.690590837233518329e+00,2.834490438932391854e+01,5.263295750976450904e+01,2.372534102270086009e+01
1.328576784456174664e+00,3.395390820849246150e-01,3.959073930882615855e+01,3.732690693195817033e+01,2.790490648191244105e+01
3.609763533357283283e+00,8.636443065938501085e-02,2.771014044681908928e+01,3.722444260907433033e+01,2.955019522950553323e+01
3.270021928721229987e+00,2.032848488851282998e+00,2.120646886800061282e+01,5.049062940362718521e+00,2.558725704625543784e+01
5.165089316712583312e-01,1.533026851858219963e+01,4.206090678333349331e+01,2.015835046458399304e+01,2.547876215582051529e+01
5.042593818145678419e+00,7.032321764710099288e+00,2.119421850679024288e+01,4.531291716388345492e+01,1.386847369480796033e+01
5.804570962696575798e-01,1.342672301441136540e+01,2.195897708716985264e+01,2.806138358783734077e+00,3.510039661402095845e+01
1.309660767664086567e+00,6.866369556124958251e+00,2.818239687963778195e+01,6.457389280313009294e+01,2.452112189332387615e+01
4.815141700052232743e+00,2.582523746999014325e+00,2.121569993523849007e+01,7.215146293859415749e+00,2.518920703615628653e+01
2.429101147069867128e+00,1.278071646142680606e+01,2.739354845883612555e-01,3.320680386063413891e+01,2.886202603907949182e+01
1.875166731703709733e+00,3.673519602709667264e+00,1.199704502489418800e+01,2.501555407596362102e+01,2.553484287926380247e+01
1.898892371535724433e+00,1.366085863477535511e+01,4.057897881307265919e+01,4.543102275613091656e+00,2.545821008203039071e+01
1.460824033845502523e+00,1.798034689756070037e+01,4.257393592622089784e+01,2.953534677453730239e+01,1.376948124329171286e+01
1.157562146473375408e-01,7.132770836575510032e+00,5.003028205892876912e+01,5.089846694488866063e+00,7.884731020019897585e+01
1.676370910009312265e+00,1.338489181610184708e+01,1.259550616093654796e+01,5.371567559122309632e+01,1.885256804614683901e+01
2.235106708775684403e+00,3.183203461912196830e-01,1.200200433453999871e+01,3.643739217202686831e+01,2.990338057419742412e+01
7.704500974995685814e-02,1.145133146216843301e+01,2.562248355138461164e+01,3.027525475996182269e+00,4.906806632644008204e+01
1.571824228327284079e+00,1.658906625901230569e+01,2.617813304121982654e+01,6.905843823472879706e+01,7.072948666522712813e+00
1.609366185247112363e-02,2.584469657851663271e+00,1.036362299423779909e+01,4.080151960927857857e+01,8.951156266192545274e+01
3.650959470929705297e+00,5.463751525043050172e+00,4.930821479391052264e+01,1.591575296771350700e+01,2.484536656860080583e+01
4.029422960688735067e+00,7.179735181117258058e+00,3.397517098037340588e+00,4.202830128655216413e+01,2.477249603815373291e+01
1.038388365871990793e+00,1.294680732802468981e+01,2.183562103785098785e+01,8.502850075089362747e+01,7.562683569945417794e+00
4.325231060432062624e-01,1.465219605579086348e+01,2.707122937896663117e+01,1.213078843858310485e+01,2.662153520513885852e+01
2.627711481931310988e+00,8.298931154898472329e+00,2.176201256614671564e-01,3.931633496197657252e+01,7.844110055147211824e+01
2.003859438416168537e+00,3.274154120679647478e-02,2.769047759727576263e+01,2.813892274200553345e+01,4.859498558457886475e+01
1.356966070668290447e+00,9.221419892449507216e+00,2.171411982068863722e+01,8.493954456840880596e+01,1.417502839228071743e+01
2.484937937267607921e+00,1.025341653151805055e+01,5.022551045293915273e+00,8.111467650489103676e+01,2.455473992027183172e+01
4.886367547639649089e+00,4.147425224801301269e+00,1.291774818284327253e+01,6.277734584157391851e+01,2.432768612454494672e+01
5.000696490900975039e-02,3.645279589828119615e+00,2.271428491732648425e+01,3.827759612934958966e+01,9.586731327885223664e+01
2.382488411814004614e+00,9.221378639303154046e+00,1.682603916651408227e+01,7.801394414945357880e+01,1.033622422105710292e+01
2.091770355479645183e+00,1.580906197641212430e+01,2.574386150806358486e+01,1.247522489367869980e+01,2.448799233530175812e+01
2.146601377871439897e+00,7.173663128815896073e+00,2.828496651107921522e+01,8.452182047052068015e+01,1.096966767146033561e+01
2.950526108086584109e+00,7.429216639455022531e+00,2.356963883601241960e+01,1.680033667247725071e-01,2.672106767042425446e+01
1.690592360595949861e+00,8.758278979640490292e+00,2.056778787124115271e-01,6.937224284819447462e+01,7.838142095815997834e+01
3.695582105464086276e+00,7.086732465064308428e+00,2.358367813164554150e+01,1.627074780383546970e-01,4.232938021911246551e+01
2.977963431364306413e+00,6.030914491595450677e+00,1.177803139046790548e+01,6.678083072012533705e+01,1.890680440364055670e+01
3.662036487330694312e-02,2.304056576302656367e+00,9.145078466352606128e+00,6.566982062808145315e+01,1.083157358840851856e+02
2.229256337213512573e+00,9.197439603010248987e+00,3.240729199243471692e-01,7.455697113934053277e+01,4.276851122209622247e+01
3.252889468821297481e+00,6.060330070323407536e-01,2.708146280232271152e+01,1.512895486600801220e+01,2.635597518399495698e+01
1.596181943546183535e-02,3.659280950265780596e+00,3.205282474451271568e+00,5.088239803293210173e+01,9.776174214058727330e+01
2.532387915555271096e+00,1.429046780770636715e+01,2.987843919514334701e+01,3.684461223261082097e+01,1.117304299282010938e+01
4.163203552512397265e-01,1.723614305762361809e+01,2.764832384107961616e+01,3.962572786890537913e+01,2.490262146349501293e+01
1.396769930095404399e+00,9.451909375750014775e+00,1.259443716770788058e+01,1.033283512336128922e+02,2.488175683240390157e+01
2.403338126547434950e+00,1.460314678289828194e+01,2.615421281930540687e+01,5.327003362532916952e+01,1.326147811299571799e+01
4.666541843505810777e-02,4.072155980941012388e+00,9.345523006561432311e+00,3.263007729757181608e+01,8.079271700137050516e+01
1.242765890516064564e+00,2.475020050853244113e-01,6.824182693414704737e+00,8.438654055442415824e+01,7.909355974218448182e+01
3.205172532002124264e+00,1.816716578419673489e+00,5.378478490331128903e-01,7.889849300279965405e+01,4.887811091374958039e+01
1.573867100949485204e-02,5.251313514556423812e+00,2.200172022039530262e+01,2.562097837602046013e+01,1.000344204837900435e+02
1.420823945264501953e+00,2.166335727849461879e-01,2.095512771948434150e+01,4.722979044822320560e+01,2.913896248326016547e+01
1.079563471435574407e+00,2.231355177120039057e-01,7.415075162573446121e+00,8.386760308892128535e+01,7.693018618032580491e+01
1.593614732353892949e-02,5.250415395309236288e+00,9.388702741986419298e+00,4.105009227071376188e+01,9.966372779077580901e+01
1.611098953187707350e+00,5.432864185696490544e+00,5.025769498161658522e-01,2.617661373179721451e+01,7.877491197982693905e+01
1.077975380341869460e+00,1.040907115167351193e+01,3.296220481198697816e-01,4.025213028579274521e+01,8.002427008323670066e+01
3.771798558920266942e+00,7.854433566822930146e+00,1.201630257752951358e+01,3.838244302337833203e-01,2.492975314113437690e+01
7.225939856224348201e-01,1.555760465344352994e+01,6.027486627157282451e-01,2.820519202641999001e+01,7.416648899339998025e+01
1.806656077837293761e+00,1.564467260485674061e+01,2.627218531851501027e+01,8.223133190187110131e+01,2.764058624782521179e+00
1.902171388930000262e+00,1.749584813044396370e+01,1.990826362765342950e+01,6.501787003470175819e+01,1.328730680695203148e+01
4.471040824706772054e-02,2.417179278768396000e-01,3.030642285032055838e+01,5.001829565011941980e+01,7.216580626597765047e+01
1.570408632446268146e-02,6.310994972282510496e+00,2.006681673936379440e+01,2.512160654335514209e+01,1.035246005259272124e+02
3.674657608716894952e+00,8.869364984333225621e+00,2.101536218039950299e+01,1.861767872119826639e-01,4.991178509687007647e+01
5.208560300952305155e-01,9.657373091211223226e+00,7.622246944896155618e+00,6.037193786402477258e+01,2.610229189661546201e+01
1.811641366915243800e+00,1.125028418049465628e+01,7.027772276938748064e+00,9.438893525622088987e+01,2.450851197122140945e+01
1.220067198924933871e+00,5.163997906464871335e+00,2.000100798881033204e-01,1.604374369013679313e+01,7.879692809072790283e+01
1.264352075720746871e-02,7.714663844711150631e+00,9.382667157248405942e+00,2.508493757491816822e+01,1.259144236959631229e+02
8.436807803026644681e-01,1.367244127110637208e+01,1.611945168014919716e+01,5.539912738932371639e+01,2.558013561515634748e+01
4.118165735375063363e+00,7.302275792560677381e+00,3.032376492278024305e+00,2.917294629490574920e+01,2.430183685700696472e+01
1.277867111399233480e+00,5.189285363447305954e+00,4.935041620161541021e-01,2.894970254822500877e+01,6.490990486020220374e+01
3.174397469419335316e+00,7.497646605842637868e+00,2.300781246741589570e+00,1.015905024679324953e+02,2.479152152263120357e+01
3.309785282232817483e-02,1.148822335880040058e+01,7.570051584646995124e+00,1.715218652588526993e+01,1.258761542671730354e+02
2.274038424166683114e+00,5.183713368750591854e+00,3.555239714527794193e-01,4.053527769448360907e+00,7.839422342233625329e+01
1.794221025196471864e+00,1.364890062870794019e+01,2.628283403762475601e+01,7.407363561118704354e+01,5.635748470691808620e+00
6.273332683808607868e-01,5.998849259846712911e+00,3.247797381278308415e-01,1.549846465364435488e+01,8.093996391388562017e+01
2.402842798375276256e+00,1.048781499690574748e+01,2.602503803494338896e+01,7.877851999217543266e+01,7.667109593501499454e+00
1.771562671907211062e+00,1.148631513664628656e+01,1.987759594860566636e+01,8.773636667056086935e+01,1.596722625381051586e+01
1.738429553414314821e+00,1.553449863129983299e+01,2.020008818744892665e+01,8.252632035402035626e+01,2.772915855676674646e+00
7.802367852210392307e-01,2.793245366583169825e-02,3.742704831184479275e+01,4.705390248409253218e+01,7.458713217837681952e+01
2.285903645996913980e+00,7.077224084168226570e-02,3.871413725652044491e+01,1.572289221314412089e+01,8.034822306451130203e+01
5.508040763743370094e-02,8.527504711950456340e+00,5.415901862802864564e+00,2.554066951804530561e+01,9.614001867758645403e+01
2.396598918218949326e+00,7.250907626533075856e+00,3.779993241741308907e+01,7.191623945687486419e-01,2.490442183802877096e+01
4.182627658844355167e+00,5.233233059564935452e+00,3.650906093120909190e+01,5.266319464155215258e+01,1.660783459461514511e+01
1.256039104332250245e-02,3.803993542103345504e+00,9.146751805742368902e+00,5.993952227185512527e+01,1.117707705647961234e+02
2.657957263417676241e+00,1.299119198535412423e+01,1.950806912681702698e+01,8.861817389535310951e+01,3.618515827989979172e+00
2.621333770733439206e+00,1.524001558597896278e+01,2.586489426654154045e+01,5.464473319288822495e+01,4.127724278774075550e+00
2.808592813364506391e+00,5.447836157010728542e+00,2.040265619770361027e+01,1.842558777625010191e-01,6.465369554209308944e+01
3.115448343181800528e+00,5.107792647618926374e+00,4.406727484064627731e+01,6.551552523851027843e+01,1.121759544831876454e+01
2.857117232737762524e+00,1.565880704403912915e+01,2.014950781117874357e+01,6.874131915273841287e+01,1.137154890624487180e+01
9.228340341758064502e-01,1.757214812409555904e+01,5.632574028480799022e-01,6.052585034319192658e+01,5.276201876353636777e+01
3.722096783389623909e+00,6.131810252717949661e-01,3.045605589607250607e+01,1.614562675420321003e-01,5.626763754620077407e+01
4.496858695440289821e+00,6.952187048046507556e-01,2.126133295010959401e+01,1.654092045371268471e-01,7.750832155815285773e+01
4.796533196366341983e-02,3.795100869396653920e+00,9.193189143925948770e+00,4.097044515218052396e+01,1.128792237223127728e+02
3.665816775244311820e+00,3.501086884356139906e-01,5.783246727765570228e+01,2.181802079067458067e+01,2.884979232059652077e+01
3.381947940124375052e+00,5.995870510091882988e-01,3.047863702929812391e+01,1.597471674836832278e-01,7.444561987391030300e+01
3.663338581382799664e+00,3.463301147109343336e-01,4.955523744337438785e+01,2.268540557100546806e+01,2.878041463385393683e+01
3.713849118762337920e+00,3.490089614654322547e-01,4.923003618820318650e+01,2.182188260961250847e+01,2.884579195648504424e+01
1.345229436839392133e-02,8.016802849053835445e+00,9.953148714883353065e+00,4.852529999444931974e+01,1.122282635102957897e+02
1.514650185754372672e-02,3.619694111731512010e+00,9.265876360655498800e+00,5.701035241587364055e+01,1.171590390781835964e+02
3.422092071533486823e+00,4.463760180589832482e-01,3.053391977173616212e+01,3.469185027461437443e+01,2.577315025829747341e+01
1.813369791197299907e+00,1.558786848145530612e+01,2.062163177026010530e+01,7.873563014191525156e+01,1.446558362289234445e+01
3.387113746215776100e+00,6.100647519124939855e-01,3.005276362457234640e+01,1.692880851142366805e-01,7.436006084541764949e+01
7.868912710622246731e-01,1.564764126642564790e+01,2.938189460993564239e+01,8.963686659268060453e+01,2.472505730050896844e+01
2.395339235028148828e+00,7.617508210470125718e+00,3.766941468432824180e+00,9.828033470820892603e+01,2.499456785490500366e+01
6.180440766124062346e-01,1.111093268163118175e+01,3.804707984274732979e+01,1.279019579288084296e+00,1.168676578549923875e+02
3.174727029391517963e+00,5.083289279124754145e+00,4.526411480178407487e+01,5.361387215565773090e+01,1.474271203461958635e+01
2.185399626070186230e+00,5.103444296453114148e+00,4.172013286992489745e-01,2.299385024108237019e+01,7.760042871178833934e+01
2.104864913852190433e+00,9.775966995404788307e+00,1.339126180108958231e-01,1.713597207136891143e+01,6.490162606053959848e+01
1.427072225984165943e+00,2.333633102038244062e-02,2.060840107968630264e+01,4.991475777981242601e+01,1.247876961187187419e+02
4.507769804335174157e+00,6.770032729942350613e+00,1.874704456985271106e+00,7.380224186269023789e+01,2.561003208499984751e+01
1.720821352258212755e+00,2.676029906267361813e+00,4.978562821561274632e+01,2.644919155539058053e+01,2.464839224021600117e+01
2.755811340311204560e+00,4.522348945255385999e+00,3.047863702929812391e+01,1.751546694183235831e-01,7.459060928185101602e+01
2.764049735150838849e+00,6.691364925494820426e+00,1.339126180108958231e-01,1.596019893571354942e+01,6.473287239006761240e+01
3.000224208708078599e+00,3.703366382770867382e-01,3.826946833300564776e+01,1.055928436957433991e-01,7.236624190736455375e+01
1.149755071771132231e+00,1.318695377886556486e+01,2.626857173224226827e+01,8.314181544890085718e+01,7.149643040362801294e+00
6.628281242055988898e-01,3.269242009854694264e-01,3.775084765095127182e+01,7.016624273729014760e+00,3.917944036762815330e+01
3.242050089273829094e+00,2.978104737949474057e-01,1.106381652613124267e+01,9.029668942435059575e-01,8.448154589531047520e+01
4.367622751850845642e-02,7.827658689237614098e+00,5.764702666056456337e+01,3.673566410913353764e+01,2.599209553544510953e+01
3.088497274895942724e+00,1.331266305183329024e+01,2.585842903131419490e+01,6.449565096810150067e+01,5.500975817246123611e+00
1.488210680374922212e+00,9.854464362717868520e-02,3.219071996206255193e+01,2.920805210165590182e+01,9.998114498312520482e+01
1.803959464486951880e+00,1.308093785617493054e+01,1.656495028679706039e+01,8.004646504514867900e+01,5.303585011591432696e+00
1.388866242285054578e-02,4.541052852079947577e+00,9.145649395240686985e+00,6.180296950774486220e+01,1.096446322250670846e+02
8.413068723705516838e-01,1.357516989148357567e+01,2.627217323178656727e+01,9.508406634518519240e+01,2.388954746495468484e+01
3.457138642283633878e+00,8.008807243471272486e+00,2.640434049320722210e+01,6.788525348285384098e+01,1.223563463339072932e+01
1.784830205756620991e+00,1.101260693066040730e+01,2.755657539805521949e+01,8.767485854400987932e+01,1.229675115489260584e+01
3.064999392532139044e+00,5.350251891077684618e+00,3.380041293944260872e+01,6.572881813958517228e+01,9.664277126828899611e+00
2.171780538380609471e+00,8.845065549580921616e-02,2.892217301178137490e+01,1.839479264135888670e+01,8.940210474804568719e+01
2.015614376772285166e+00,1.454185970474670775e+01,1.339126180108958231e-01,1.931139726929139755e+01,2.605835084334859175e+01
1.725294663549311158e+00,1.552639427703871711e+01,2.617004316834914590e+01,9.104689702865012180e+01,3.961455452849773629e+00
2.416512753678733638e+00,9.043496460897705091e+00,5.990148314854245370e+00,9.083405461261520486e+01,2.530134197339105384e+01
1.342814247252135829e+00,6.976039321011559657e+00,1.848773660565062471e+01,6.727980347918904158e+01,2.506486384622701635e+01
2.151507905236385021e+00,1.528507794284788446e+01,4.187942483799574234e+01,1.726597630752957713e+01,2.384512676808834541e+01
3.117436900510488051e+00,9.392967459318564138e+00,4.391203491762030353e+01,5.566346443562470370e+01,1.139488467569704788e+01
7.959911580531471298e-01,1.038634416777683001e+01,1.455141983874040257e+00,1.007743566894745442e+02,3.431736647627912618e+01
8.246547088436875783e-03,2.849504250382091541e+00,1.096232979111831973e+01,6.123731312642005520e+01,1.215703688780360920e+02
1.606605418348263647e+00,2.984715980334551669e-02,8.583546295408961413e+00,2.892102181717550025e+01,8.573716337051267544e+01
8.828285865808898070e-01,9.852560089215753436e+00,3.630608292098487788e-01,3.339776393277406186e+01,6.489949370512547944e+01
1.562844574710883006e+00,9.266072767538503285e+00,1.935728407689401853e-01,5.583625445716772617e+01,6.325733326181817517e+01
2.088969634567765077e+00,6.505440640028071542e+00,6.101966684008908182e-01,1.641507563237422218e+01,6.644860178326702282e+01
3.208274138845383650e-02,1.305713712615046163e+01,1.241320510175548186e+01,7.105594997726092288e+01,4.251709425417608657e+01
1.769160196572807209e+00,1.562867496414694557e+01,4.969329075002727336e+01,4.439815771982004833e+01,2.933491821718793524e+00
1.086497722655871856e+00,1.525028978354504972e+01,2.828410495183689832e+01,5.358130872914553322e+01,3.006441802470651403e+00
2.204399031511104390e+00,5.805379131680410865e+00,1.043475774633712966e-01,1.738379375320917575e+01,9.232069485568416667e+01
2.108314014744400833e+00,1.780334798016256284e-02,2.095220065462382664e+01,2.891355427476101170e+01,6.299906753483615063e+01
1.939017849024751827e+00,1.508630800657408955e+01,3.854711803276721582e+01,6.246166304202171204e+01,5.651245233410977065e+00
2.265697807845137302e+00,5.345695612664511209e+00,3.553534263398704240e+01,6.443617840206208314e+01,8.045771155865816482e+00
1.813574024759322612e+00,1.362275604821174824e+01,1.650194624020197054e+01,8.997616726448778479e+01,1.145304791537116529e+01
2.136814147807875486e+00,6.600430731607008494e-02,2.822192063457347189e+01,1.216149661551679984e+01,9.167006779137648209e+01
5.057922747226065857e-02,4.478646003772145612e+00,5.903985233202166683e+01,2.332013089713861476e+01,6.021141546835973202e+01
8.691443037387636475e-03,2.977240519064431989e+00,1.889713729095559813e+01,4.815068626148072894e+01,1.180486320526789541e+02
3.086644450936499418e+00,7.111744366901341152e+00,1.659860205778188202e+01,9.515449709037983439e+01,1.195882490235601381e+01
2.335983142827726677e+00,1.236749626857136697e+01,1.083699382011901857e+00,1.860794490676717317e+01,5.188077576370918109e+01
1.549347521064043873e-02,2.821912124510588704e+00,1.728351574839411242e+01,4.366328830619942636e+01,1.225180610884346635e+02
6.357789608994912633e-02,4.465637295828180697e+00,4.865573934484575602e+01,2.445308024804335290e+01,5.933317979433675049e+01
1.585719881684093835e+00,3.988831106030160001e+00,1.064663065697498134e-01,2.842571250343401346e+01,9.377694728424144444e+01
1.769268035265440631e+00,1.331355863319639887e+01,2.201859980471724754e+01,7.423865159792077861e+01,3.017580297775047882e+00
2.366352166612825769e+00,1.133854554036814832e+01,2.433737457691827188e+01,7.728524609956286895e+01,1.204193686926418039e+01
3.194492511465386819e+00,7.461752483246751666e+00,1.045425586191271183e-01,2.216392208564564825e+01,7.851133924694735811e+01
2.353891777566557764e+00,8.994003425173687560e+00,2.352865123830489580e+01,9.524724899441392267e+01,1.217953614269542051e+01
3.019066122523938134e+00,9.673704531834982134e+00,1.674326724937943922e+01,7.728524609956286895e+01,1.204193686926418039e+01
3.076822458772176194e+00,7.108284075739673469e+00,1.660198798453719249e+01,9.822032379831462379e+01,7.137307240446289391e+00
1.806656077837293761e+00,1.564467260485674061e+01,2.621546991956988748e+01,8.391609360623232305e+01,2.764058624782521179e+00
4.754756729011531957e-02,6.908069593734770919e+00,1.051304367803698092e+01,2.941875048368794410e+01,2.671507074617770172e+01
7.794859555159597449e-03,1.197516018912297397e+01,1.034852495466593503e+01,3.392723730509494828e+01,5.567160856067278019e+01
3.041659605872174765e+00,3.443387356789804787e+00,1.662167733623480359e+01,9.485977883503815633e+01,2.453672832013514338e+01
1.716213839703874200e+00,1.302322968082774501e+01,2.528288431814917203e+01,7.912752926143899401e+01,1.924434590502379194e+01
3.844062547108170413e+00,2.938446821820218879e+00,9.964458939142692429e-02,3.240469506937088084e+01,6.354119072721623951e+01
1.489483624429129849e+00,1.586440532775372247e+01,2.144394251343373625e+01,6.493549316706402408e+01,2.204121564251891385e+01
3.040625679005216409e+00,4.198032145586577890e+00,1.867441671129152070e+01,6.172357359539218891e+01,2.207786034260395525e+01
8.765021969829415172e-01,1.567976996360744479e+01,2.144394251343373625e+01,4.905510944247203042e+01,2.436955824550893723e+01
2.457767842262625901e+00,7.952133057551094453e+00,2.365527067778954873e+01,7.663740434810378588e+01,1.296738217854702313e+01
3.365123491522393984e+00,2.938446821820218879e+00,1.478269553491667609e-01,2.927694683472328308e+01,7.808395510004247342e+01
3.145580823501090251e+00,3.023099784359468689e+00,1.128105224083820746e-01,3.070042817625252951e+01,6.306841944646325260e+01
2.107115326070294614e+00,1.780334798016256284e-02,2.149381304610361099e+01,2.891355427476101170e+01,6.299906753483615063e+01
1.981248587714370846e+00,1.957500244758522001e+01,3.159738794422857211e-01,1.800982977846221189e+01,7.222187453052472961e+01
5.440728382163309895e+00,1.269344916676764612e+01,4.817622114602623240e-01,2.949567176995327333e+00,5.815825190296810376e+01
3.074173100488200916e+00,7.091957138756354695e+00,4.756727647985677265e+00,9.820597612236115026e+01,2.429164821443862365e+01
3.926677641742633007e+00,3.023399456100873017e+00,1.674727176824492292e-01,1.980522658939381841e+01,4.769634090688470707e+01
1.478789854823870042e+00,3.969087894491053758e-02,2.070040575545927197e+01,4.569945608803241299e+01,4.433329387756968742e+01
1.589418366598131793e-02,9.847569893974529975e+00,1.096788563098209401e+01,2.062063150060175332e+01,5.653584485134751247e+01
2.274746915382017676e+00,1.530857182860427912e+01,2.506122118676770683e+01,8.210790848661237362e+01,2.643946588060463121e+00
1.126450266264002187e-01,1.501621588104598359e+01,2.017756921208415477e+01,4.409410853005333308e+00,9.888005222596899557e+01
1.452829684641126384e+00,1.780334798016256284e-02,2.640682829928918807e+01,3.978401378833886071e+01,6.280819038608126448e+01
3.197438201662786028e+00,1.475491772855608197e+01,2.250258865974157629e+01,4.600576704633257208e+01,1.484648176854477342e+01
3.239862017803165628e+00,4.178741663894375513e+00,3.094173509397621302e+01,9.111568144810618719e+01,1.985776694795195851e+01
3.080477494464351373e+00,7.576159760040516389e+00,1.660198798453719249e+01,9.661323043790872589e+01,7.147558048970657829e+00
3.883956275701142324e+00,1.563861692220286770e+01,2.192974964260996984e+01,6.211425511959185997e+01,8.920210874632621412e+00
1.086233711825796699e-01,7.438081641026610846e+00,1.331502203377201710e+00,7.957960303622814990e+01,1.146548244881481935e+02
2.984655778005830484e+00,1.541392962227604180e+01,2.182293464884192602e+01,7.014581366586295985e+01,1.324481976967717500e+01
3.883786809246947413e+00,1.561975180303265986e+01,1.875703022174614532e+01,3.253845537315493175e+01,1.085881023429056924e+01
5.409633070712646763e+00,1.279013192426820211e+01,7.151706807616460271e-01,3.129363009860383293e+00,5.017030642413445207e+01
5.440728382163309895e+00,1.245916321432707008e+01,4.798538760084450905e-01,4.881832610648419113e+00,4.833687076349748679e+01
3.246851795789796213e+00,4.706254966566330467e+00,2.910860344034310643e+01,6.195113692808735095e+01,1.881013274889746612e+01
3.219268764822321494e+00,1.413179525653441893e+01,2.181327672325098632e+01,5.970776917122395844e+01,9.191982351453205524e+00
3.120190030701338380e+00,4.178631589562814774e+00,2.120172944567732287e+01,1.054192130394602600e+02,1.424860132943912561e+01
5.416277665111502770e+00,7.190538515629519623e+00,3.294175181970759070e+01,3.403503389966457071e+00,2.502489551241206556e+01
3.140296803290295813e+00,1.618445226876280429e+01,2.195088821534165646e+01,4.626830315422883189e+01,9.837920431864509041e+00
2.028796022326094128e+00,1.755755136764913793e-02,1.103721223957600373e+01,2.938569267252098172e+01,9.166072699352520203e+01
2.388965765783477302e+00,3.019987693389681802e-02,2.079947892872656467e+01,1.679865788603870058e+01,8.596530696871973021e+01
2.486923156818604319e+00,1.568073085905236042e+01,2.134367115886280430e+01,7.191498394790352222e+01,1.203270884624615711e+01
2.281918688326550537e+00,1.314837686503332748e+01,2.590333637313624493e+01,8.035401324088277875e+01,2.839760694298463672e+00
2.040519882672279461e+00,1.643169483437167261e-02,2.175621929656697517e+01,1.651219004783646227e+01,9.151739408761973493e+01
4.052029363438380827e+00,1.525555112280710901e+01,2.578153099076032362e+01,4.469013889556797819e-02,7.209372954084247453e+01
1.679493257156482233e+00,1.637209901333248896e-02,2.128283562001471552e+01,2.938482551639515350e+01,1.173102394025120248e+02
1.649291115663939156e+00,1.284734358299301771e-01,1.099949054044108010e+01,2.692264682368193007e+01,9.177156863737869230e+01
9.394941529328385346e-03,6.843386663271882497e+00,1.057575702853070432e+01,6.596486358897723790e+01,8.370862722957794233e+01
2.266259814999578293e+00,1.294687124181225357e+01,2.498274958537639634e+01,6.745313635294917276e+01,9.916805544106582104e+00
2.476695011967926519e+00,1.540082177731988367e+01,2.132668038059492943e+01,5.233836051598114381e+01,1.671271070323442132e+01
3.984362593060173374e+00,2.912426543620861175e+00,1.299280343417987260e-01,3.320288149057626725e+01,5.816193315700749622e+01
7.900035626050272430e-01,1.473301545020945724e+01,1.291674007707040994e+00,7.535631409476812337e+01,3.962186314971994960e+01
1.639291703190315808e+00,9.724609718395338831e+00,9.595273666585976691e-02,1.967346938700362458e+01,6.354172289294691467e+01
9.413135935898975237e-02,1.725898086905002060e+01,3.098537916665242520e+01,3.010322323757545604e+00,1.111036464522546936e+02
3.953571414977960607e+00,8.541833918830031180e+00,8.105696372003459160e-01,4.912676050048018084e+01,2.604842657079820256e+01
1.299742241936797438e+00,1.603958239086025750e-02,2.543945228912686929e+01,2.939860036460704862e+01,1.163886766932580628e+02
2.925140307170806864e+00,9.740919521380522639e+00,3.228989576936435668e+01,8.046018974028399384e+01,4.190286408871057411e+00
3.640728910019807252e+00,1.505634762154239503e+01,5.714812095916449453e-01,7.712891528552547982e+01,2.572933527687840893e+01
4.705162096637113822e-01,5.556792464460553749e-01,3.424934284606554513e+01,4.242587219445321978e+01,9.633469803013819899e+01
1.651555067780422270e+00,9.535082216449334069e+00,2.259857576621754904e-01,2.229501237144255654e+01,3.619941940567834848e+01
8.220269559021275985e-01,1.958554036485848115e+01,5.716167665900611095e-01,7.039368294263154269e+01,5.060142621776599015e+01
1.639302519384796764e+00,9.616189137581322655e+00,6.880689176376568739e-01,2.005669072495091498e+01,6.358408233809109333e+01
2.874825557644467899e+00,9.713933175812281107e+00,3.210648412462549572e+01,6.243379863797227358e+01,1.637172919312937225e+01
3.084847618703617123e+00,2.883621359180181365e+00,2.957657064877472486e-01,7.087130099310748221e+01,1.038536167777372725e+02
2.163400126533607803e+00,1.545504627329732550e+01,1.227907240489322049e+01,7.237563632016285453e+01,1.006063875540708352e+01
4.681147741145694763e-01,5.569734983914143012e-01,1.460786330204483008e+01,7.763063100424012930e+01,6.850110271559086073e+01
2.338707952184250871e+00,6.027872321273616052e+00,2.923015157477394155e+01,9.190696680972726540e+01,1.483768329936484420e+01
2.163489014373619845e+00,6.169372049054266949e-01,6.933886296142005579e-01,7.455373062956124386e+01,9.501012773916033893e+01
3.200196877051243227e+00,7.169581327092771517e+00,3.208853911326151831e+01,3.119143738728342896e+01,1.126962902088040508e+01
4.411229302542203981e-03,1.103487370306349291e+01,3.703813649303076971e+01,3.378812539279591931e+01,3.873609680708812419e+01
2.185437960332489382e+00,9.656407008524448443e+00,3.447365773485286411e+01,5.433615829733439284e+01,1.607099177235285481e+01
2.964735778814891365e+00,5.841003603338982941e+00,3.401423574884339729e+01,4.093997259030787461e+01,1.620255872466742275e+01
7.759934383592966001e-03,7.492096663569547843e+00,3.910732851051839276e+01,3.296142157224054614e+01,3.876100260206146686e+01
1.119246525571866435e+00,3.502389963114934529e-02,4.053584629656003102e+01,1.374843487605706827e+01,1.177291396300823862e+02
1.139398987167679067e+00,4.141939943340176150e-02,4.053584629656003102e+01,1.625663694747870380e+01,1.177282037354956117e+02
1.299301471052424661e+00,1.619699345361517301e-02,2.543945228912686929e+01,2.696106452876157888e+01,1.163895155924728755e+02
1.428179569136034832e+00,1.401544779186925282e+01,1.002824201360078687e-01,3.559020707494467928e+01,7.148019030006955177e+01
2.126850220762383170e+00,1.261242766996863551e+01,1.464028421763086207e+01,7.419154195907880478e+01,7.650507724198208237e+00
1.017976203830885495e+00,1.204578499969497862e+01,1.905341672618290350e-01,3.781595442822985120e+01,7.750018693973095196e+01
3.215884977575966364e+00,7.314338971373138598e+00,2.862899588536603801e+01,3.082489757487974913e+01,7.977204595817035226e+00
1.756293326861597670e+00,1.690538898785571426e-02,3.222363788943756191e+01,2.944529189169677608e+01,7.053678875786233959e+01
2.352741953214091630e+00,3.529258312121307029e+00,3.702773444033955741e+01,6.010038509071783608e+01,2.488422974096624429e+01
1.131989661634896116e+00,7.968326202393938296e-02,1.507513573043963540e+01,2.941137561388856980e+01,1.100306631960331885e+02
6.015744033542032992e-02,2.023649873419008927e-01,1.892758242351695941e+01,4.341393629295309609e+01,8.138792882094824677e+01
1.147816920045030727e-02,1.045351531891997432e+01,1.060209102536733283e+00,2.619415579454104304e+01,1.139775047347162911e+02
2.154258409439862909e+00,1.436418453594755923e-02,3.974979953734604443e+00,2.962895450580762713e+01,8.233852334097450409e+01
3.046401255239914896e+00,1.783579663280919839e-02,2.012469080095156571e+00,4.536177265792018432e+01,6.921833891370989988e+01
3.073041894183276668e+00,8.177193839812710863e+00,1.344768636684378293e+01,1.027870513714079266e+02,1.678714672773676142e+01
2.311708642097684674e+00,1.222842521934260596e+01,9.586203625484671087e-02,3.487205826456666813e+01,6.460110356021249345e+01
3.080927524417067520e+00,6.618970448967575138e+00,1.412807112947136545e+01,1.029784378185499776e+02,1.488305102396111401e+01
1.824116623637841439e+00,1.435627549567373810e-02,1.228134047810164375e+01,4.850848649870256679e+01,7.304306942556772242e+01
3.378933546168979341e+00,2.183866533669990770e-02,3.291202776195090607e+00,2.883251460657493226e+01,9.742859024978032778e+01
2.256701024440922243e+00,1.584335809625980751e+01,7.383809573448360530e-02,1.581042543212391038e+01,3.702067958246914259e+01
7.651055767472645375e-01,1.520814623679084576e+01,1.283490842909998619e+01,6.734721137257162127e+01,2.521081886091556967e+01
2.313700898365916636e+00,1.556732705676583706e+01,1.165311652457314473e+01,8.053742983278847589e+01,1.489107488127046430e+01
2.384373347549519018e+00,1.578646270793563744e+01,7.139241505574915603e-02,2.884115778284059317e+01,6.044002628857074200e+01
1.881065481240084880e+00,1.494645465946027249e-02,1.230953428718597209e+01,3.433467610586828300e+01,4.927560767258300700e+01
2.759376993750442431e+00,1.332274383898100290e+01,2.084104081155516752e+01,4.833811645001764856e-02,9.412677626378888363e+01
1.041704380357688642e+00,2.000704955793888118e+01,1.331044273068320294e+01,5.895574143750559415e+01,2.245370776956400150e+01
3.112485310515789472e+00,4.303794644267476599e+00,1.212058746273405774e+01,9.070931883030897325e+01,2.418046496932262812e+01
3.885707393102500795e+00,1.121596764229260579e+01,1.416066103523343145e+01,5.923999583603133345e+01,1.148107600543238860e+01
2.228293112889494498e+00,9.002484914532953297e+00,2.241986384561351997e+01,8.816183379692634503e+01,6.491668494509541532e+00
6.039235545615043721e-01,3.492082999662263987e+00,2.259121294772739930e+01,6.179500434295471933e+01,2.534128597076589529e+01
1.443025620842550150e-01,3.498014008773988603e+00,3.762743293384291121e+01,3.702533363664056054e+01,3.820553017562644271e+01
2.748158810568740229e+00,1.959988686308588868e+01,1.040160198276800063e+00,3.645056695973085681e-01,1.317215463379617120e+02
9.918185641692286447e-01,8.316406717018580252e+00,9.339105617659683167e-01,1.936498146398849229e+01,3.938439058156494355e+01
2.224464572133989737e+00,1.568073085905236042e+01,2.506122118676770683e+01,7.870160057291286648e+01,2.643946588060463121e+00
4.106201722801566589e+00,1.588856134175373924e+01,2.507434992010493602e+01,7.088680831527027237e+01,4.636528500717917112e+00
1.789589095673570718e+00,1.627292375954656617e-02,1.291159625908999509e+01,2.430861039314132199e+01,7.100579739770481069e+01
2.001672340111547488e+00,1.239585812513038961e-02,1.818384862811975422e+00,6.471263879605700708e+01,9.949751749918418398e+01
1.092777935790307575e+00,2.001264634849273705e+01,1.247902631292184816e+00,3.270822568444846468e+01,2.669446087599714090e+01
3.208873454909753065e+00,1.588856134175373924e+01,2.507343537492958419e+01,7.102517637196589817e+01,2.447838149927427764e+00
1.609063050871403000e+00,1.401825013243514029e+01,1.030237800343715704e-01,2.280013991281088792e+01,5.657796867391128615e+01
2.388264584760688702e+00,1.212811307749458045e+01,7.139241505574915603e-02,4.330344071597546218e+01,6.162991438662597687e+01
1.043055395934487040e+00,2.000704955793888118e+01,1.321957897594324649e+01,5.895574143750559415e+01,2.245332501188987351e+01
1.624597651816495736e+00,1.112078330838871310e+01,4.129591334685950854e-01,4.557767626837222963e+01,5.980159877269115754e+01
1.769105843517805532e+00,1.764087431290215235e+01,1.008893639219713734e+01,5.140385951563114020e+01,2.202795722881142026e+01
3.237432395955294751e-03,4.604542228060676479e+00,3.692973515809589458e+01,3.249010831362966911e+01,9.297954387902646545e+01
2.418417479965054184e+00,1.618019385684378619e+01,7.134667637205985291e-02,2.583236398866602457e+01,4.464095201764349241e+01
1.770916540042116072e+00,1.594439597128488195e+01,1.007045740048840798e+01,7.055324789093249649e+01,2.221642999714349287e+01
2.432632391267883776e+00,8.546182529695599328e+00,2.883726635651207015e-01,3.994526266052900354e+01,4.258686199887137036e+01
6.900862312155902067e-01,2.029118119400880715e+01,1.342147132291132827e+01,6.684539760405409936e+01,2.453535537266888866e+01
1.513899148528613292e+00,1.936827271491791436e+01,1.830919626871261585e-01,2.437699561784541302e+01,4.425840842890609395e+01
3.237432395955294751e-03,5.391254915048874885e+00,3.667234875591081078e+01,5.047930338516518134e+01,3.838745380659682382e+01
3.600597221951461702e+00,2.211883559952204995e-02,1.684946688678282456e+00,8.706128248385226698e+01,1.184530986398160479e+02
1.398027814271427527e+00,1.928107706179957581e-01,3.185426581187660311e+00,1.053695560542604426e+02,1.110158826384133732e+02
2.750281020931621967e+00,1.158573676047122447e+01,1.732079236565634839e-01,1.464041987202792861e+01,7.316502110440876550e+01
2.361005177577406133e+00,7.674378746868603329e+00,1.914924939334794018e+01,7.947129616867984225e+01,1.183002650222756280e+01
4.570772828207420729e-02,4.594575343310118853e+00,3.982331771591660186e+01,1.634365208584013018e+01,6.447295706311918195e+01
3.241282682339909245e-03,4.070609618706980015e+00,3.692973669731813402e+01,3.098081366231816602e+01,9.473037562844002935e+01
1.561530387387798591e+00,1.568456255993103454e+01,1.367550769077986317e+01,6.896581844507142023e+01,2.244309365786458699e+01
2.435540101427969173e+00,4.847721770399417096e+00,3.888260499774418832e+01,7.958145821514234797e+01,4.176304921692696404e+00
3.202327172697231106e+00,6.791470314404348230e+00,1.754140267822160837e+01,8.984851613783332880e+01,1.590688027100083346e+01
5.474259181204602087e-02,4.594358292808498945e+00,3.891464578426944598e+01,2.613894545978230965e+01,6.461342344049351993e+01
2.888881170321557335e+00,1.539475569551624190e+01,7.415741301271441266e-01,3.285922280081886804e+00,4.934407905288355778e+01
3.211474059955088389e+00,1.610391780051828903e+01,1.532296139685226954e+01,7.402147465138470750e+01,7.446652656980085716e+00
3.436852665304587884e+00,1.501162040816973686e+01,1.046623964829727083e+00,7.205791668310015385e-01,1.320586903833983001e+02
3.102448645084115303e-03,4.610052047669109143e+00,3.679770507598107088e+01,1.653832697725354350e+01,9.289647165088442193e+01
5.191276262130667743e-03,4.546073650489134366e+00,3.679770507598107088e+01,1.653832697725354350e+01,7.291953091696223055e+01
4.671072766497965212e+00,2.703626303410065823e+00,2.219520477910141565e-01,4.418751558185543615e+01,1.048678600443035975e+02
2.333886125650828092e+00,1.545335508856121365e+01,8.462056671087567206e-02,1.452837690980151208e+01,4.479780530590875287e+01
3.203962383375805967e+00,2.875605876018281770e-01,1.229776377594350301e+01,9.784426096749022861e+01,2.530615924664370198e+01
1.123728743345598670e-02,1.007004491631222542e+01,3.147035587816328217e+01,3.216244494204693183e+01,5.110302200885862334e+01
4.094623020577961903e+00,1.277596457877435121e+01,4.731871418076208369e-01,2.854687090453174481e+00,9.066263393159364625e+01
2.222058965836841260e+00,1.976712021874630665e+01,1.300440423748650820e-01,4.002400259880561606e+01,4.305480642075579567e+01
6.782238330154461980e-01,1.819557979979830264e+01,1.287626332593529632e+01,6.700217665231636488e+01,2.436696741096780983e+01
3.113891596741348522e+00,1.800515551119109858e+01,2.540816138994181728e+01,7.070926782360743346e+01,2.878356849018172348e+00
3.210259460119987196e+00,1.588856134175373924e+01,2.507343537492958419e+01,7.102517637196589817e+01,2.052427275547691998e+00
5.018325583806544365e+00,2.600034650000253578e+00,2.271389641200703691e-01,4.405245948121049082e+01,1.066968129588927070e+02
2.496788697858941752e+00,9.691218992599367255e+00,1.219736470061421763e+01,7.356172074544338102e+01,1.058320533144986797e+01
4.349238132709543514e+00,1.116639792947733589e+01,1.035235982115499498e+00,7.768074231180049916e-01,1.015710180123819413e+02
3.691519805053667724e+00,1.216238985825200507e-02,6.181651609688325166e+00,6.037947172491382730e+01,7.314005772432422248e+01
2.536339955715829000e-02,4.613051128600403672e+00,1.956724791431358312e+01,1.419793967158472547e+01,5.795052464265263126e+01
4.343924184235974373e+00,1.508139265273748109e+01,8.135295288287562876e-01,7.123942216437921804e-01,1.011045918183989585e+02
5.918021878503833787e-03,9.559747542768096684e-01,3.676970492027690085e+01,3.080455209051967813e+01,7.764566595542787297e+01
3.629586960287087383e+00,1.375156498838890455e-02,6.271160901653831665e+00,6.094015759079610461e+01,7.461289083134349198e+01
2.808471764490143130e+00,1.341560207759286882e+01,1.225522672467578111e+01,7.333760423957249941e+01,1.216201035788308715e+01
1.762590014962255536e+00,1.018841690592521765e+01,2.965278631436842716e+01,7.614624141169259985e+01,8.278270831758250736e+00
3.259881790027127982e-03,4.964749761674045914e+00,2.842172965534000895e+01,1.675956475203662066e+01,9.348327621105428875e+01
4.337054384042609456e+00,1.116681535116787138e+01,1.139773750754680570e+00,6.035692938757670767e-01,1.011677317571849102e+02
2.690313489865813878e-03,5.011785050169443423e+00,3.261917822713699167e+01,1.657258505236202950e+01,9.184672465308943856e+01
3.247713533015311960e+00,1.616632572141546831e+01,2.508017241808629549e+01,7.093767330469574972e+01,6.928742168182079553e+00
3.239342796563800420e+00,1.391584975940903490e+01,1.250028421513841792e+01,7.839863503828250657e+01,7.491322940947239495e+00
2.347511523915350562e+00,3.765469516919057180e-01,1.318908349333969099e+01,9.121365291405449227e+01,2.658308956872270201e+01
1.942432924077899470e+00,9.607725326444208847e+00,2.161100195657572698e+01,8.831904485187638443e+01,1.454957699436759988e+01
1.930153972372950832e+00,1.523218600265254885e+01,3.997571864648939433e-01,4.000508514461061083e+01,3.600331208963654461e+01
1.926074370356602561e+00,7.768738086289314282e+00,2.924927961867936332e+01,7.001890125336645099e+01,1.374366462464221250e+01
3.370952548769010182e+00,8.016386555455029539e-02,5.128708065643899694e+00,2.784593489012809542e+01,5.620910139583163811e+01
1.450628097991916388e+00,2.682544036897565598e-01,3.731746775081801637e+00,1.041603909749361918e+02,1.304919141942758074e+02
5.011678421139854400e+00,1.527965030616458542e+01,3.330323440698059190e-01,1.587243514185870552e+01,4.223014634125774336e+01
2.333066711610482180e+00,1.166264667310801073e+01,2.147481722711338248e-01,5.623804407902025559e+01,3.471715659923583530e+01
1.614457443131036118e+00,7.769347679296604525e+00,2.922120102360207383e+01,7.001890125336645099e+01,1.371624300456151602e+01
2.440526394542925637e+00,7.488131189016855593e+00,2.855978976880114706e-01,5.066615009881176945e+01,4.467925135976257422e+01
2.423563083232996556e-03,8.142519809308314649e+00,3.476687000425574325e+01,5.253832104444812501e+01,8.849545284785108379e+01
1.053552591490369172e+00,1.665397134157053927e+01,3.791652868539981114e+01,2.243014527864126140e-02,8.578600914074594641e+01
3.427551788812786882e+00,8.138628365481050508e+00,3.573309307792264633e+01,1.087127350783445578e-02,6.400444509834404982e+01
9.140872765377188180e-01,2.682544036897565598e-01,9.868129541050471687e+00,1.016483134717863805e+02,9.884725467126141041e+01
3.597514571277895978e+00,1.571278997620011531e+01,2.057292806090866577e+01,8.488142962861879026e-02,1.066864641210123921e+02
3.290563725651982629e+00,8.469707273917141066e+00,1.307390379296606042e+01,1.706155115155704727e-01,7.799121303616254863e+01
7.603420559960409886e-01,1.643188617323942324e+01,2.322446581014498967e-01,5.979318027647155276e+01,6.261313497711599751e+01
3.633264802482107036e+00,1.620861984263552458e+01,1.602482361331467597e+00,6.360902526381653210e-01,1.030650536315713737e+02
3.163063930664991932e-03,4.967774619615097365e+00,1.720045228726304032e+01,9.015267661329571069e+01,8.952186332859474760e+01
2.503027540004575391e-01,1.606745691607954285e+01,3.105934374956597632e-01,2.571674117084342726e+01,8.435319452542691465e+01
2.663789312081539684e+00,7.811439840163989068e+00,3.572159145030548189e+01,1.063419481164071256e-02,8.670512844071629388e+01
4.165600329421539731e-03,5.305565830692561491e+00,2.753921161695637920e+01,3.459204711557539724e+01,1.172560887134200840e+02
1.688014160034061462e+00,3.056803286439450318e+00,4.368957373675029743e+01,5.457849910371679414e+01,2.397339017652372917e+01
4.441469361458842968e+00,5.843124216717420216e-01,2.202018661171109670e+01,1.549178467208648935e-01,9.640409176082873444e+01
1.942396709141100075e+00,1.504544340686882805e-03,1.376233929204017059e+01,9.529206797936453199e+01,7.315713814935409687e+01
2.395213038505881631e+00,1.159304922144137251e+01,1.841605272736547561e-01,4.382703627913402755e+01,4.541282428746323774e+01
3.187936669748109964e+00,7.544116858145541116e+00,3.644017179017679098e+01,1.063712730179494463e-02,8.098540575252852136e+01
2.480952750138905039e+00,1.435744382116035212e+01,7.134667637205985291e-02,4.443762270461577657e+01,3.755051317108291187e+01
9.053845085447371765e-01,4.250637557214556606e-01,3.752480250038687792e+00,1.067334161380589848e+02,3.916054339992243172e+01
1.808370789368863418e+00,1.761174624995512161e+01,2.505692694672246290e+01,7.115937693922980145e+01,3.949126767113920522e+00
2.266919222804680140e-03,1.659597751467507765e+00,4.195951052250004665e+01,5.386550779707071968e+01,1.118316588180360043e+02
1.782401784197898298e+00,3.911212293219578751e+00,3.545000678188783638e+01,8.058962135878618938e+01,1.628185700899898336e+01
1.716416023818968739e+00,5.032255358374804199e-01,4.470380487451342333e+01,5.542637184250902749e+01,2.406146205363629775e+01
1.601701280761961055e+00,1.560994794730170021e+01,7.946827261589518576e-01,1.345536892756560476e+01,4.838121075973728580e+01
3.210259460119987196e+00,1.588318818796787824e+01,1.569637630204339018e+01,7.018427763279765941e+01,1.704678919375828627e+01
8.863813401336191611e-03,1.330335750447460885e+00,2.482815843435221836e+01,5.378918382883080795e+01,9.414359398338356755e+01
1.695441044082641291e+00,5.032255358374804199e-01,3.377188198476118686e+01,7.416110432208733982e+01,2.396884276561287663e+01
2.759116382194839012e+00,7.444658885303065077e+00,2.887573751286123525e+01,1.469210138203998900e-02,1.117668425524283009e+02
2.663928170189207911e+00,1.241750805673515856e+01,2.594801301185360387e+01,1.493503557625309175e-01,7.953575573968213064e+01
3.604946511611315962e+00,6.569434329051087457e-03,1.390473712447140286e+01,6.590662794541432845e+01,5.690998734583959617e+01
2.176475464037868658e-03,7.300946434027340004e+00,1.695584255189597300e+01,6.869899044228115770e+01,1.141450511481584584e+02
3.210540212944991367e+00,1.586045759866194516e+01,2.477774829991454908e+01,7.102517637196589817e+01,9.893351311461158204e+00
3.370811429088699462e+00,3.458349960147230284e+00,2.196683559138435626e+01,5.224785788570637379e+01,2.410456814585059249e+01
1.949317384315027102e+00,3.349709182619791011e-03,6.213056265778209131e+00,7.365133915118205721e+01,7.328609215332886606e+01
2.218970169480775301e+00,1.107000258495988732e+01,2.516673387742383738e+01,1.042317821658057113e+02,5.302786544451087103e+00
2.197993652913718066e+00,1.100497173512027871e+01,2.894168718369881788e+01,7.029585448868172648e+01,1.371554795085180345e+01
2.254259229711877310e+00,1.728075686970758085e+01,2.507341481954004792e+01,7.388748594620483345e+01,3.937775345196553811e+00
1.543764713547484568e+00,8.169677434245111058e+00,3.055693948689589945e+01,1.018777187243956348e+02,1.235197450441433986e+01
3.847447033338766698e+00,1.188618023651886091e+01,1.569862885412650044e+01,7.163288951500891244e+01,9.803316927170225625e+00
2.652958746027814563e+00,4.547092061048412792e-01,3.650040192700485875e+01,8.920004025153395466e-02,9.915042810395972595e+01
2.203306972325213664e+00,1.597774906783518745e+01,1.884438880417623707e+01,4.956327602305650970e+01,1.439887136493565478e+01
2.488924850942354716e+00,1.181968770025007842e+01,1.107118429037943497e-01,1.389072402990133526e+01,4.418657049225554800e+01
3.475030430294776096e+00,4.340759163083236061e+00,3.221085387918037668e+01,1.228541175896432323e-02,6.482067360429824987e+01
3.826216088335200105e+00,1.120610508979469699e+01,1.572079037949403457e-01,4.500030415883610857e+01,4.327283890748493889e+01
3.917728152045244272e+00,1.659741086624213224e+01,1.565762305806248555e+01,5.919333395681174892e+01,9.641595796410751262e+00
2.419103365737616862e+00,1.516336983592985277e+01,1.393527801466806770e-01,1.485811185970442772e+01,8.621697911171270334e+01
1.573676401202226849e+00,1.234735657779944162e+01,4.880267434621750056e+01,6.317835757923849371e+01,1.287102907140892150e+01
2.176475464037868658e-03,4.457878882564125789e+00,1.696606440871292776e+01,6.521814832648554727e+01,1.141430184952174187e+02
2.410132902878295180e+00,1.227129475220322519e+01,9.122312463156001527e-02,6.092073226976359024e+01,5.592837148807148395e+01
2.396243895906650323e+00,7.796781319668590449e+00,5.568451222829769165e+01,1.066068432898780761e-02,7.872943029745459853e+01
4.841961913027352793e+00,2.764284534790537595e+00,2.868960416405590408e-01,7.069164683436851249e+01,7.132199390990602694e+01
2.180630653612336371e-03,1.134897397996653545e+01,7.298245136569397218e+00,6.865286907807895034e+01,1.113862343391471654e+02
1.743919875787980578e+00,1.616953569084306253e+01,1.846062774846004007e-01,2.592504980507635182e+01,4.426437750797602888e+01
2.668632828503335386e+00,3.850371179940414557e+00,4.558091690469845503e+01,1.076740704935560781e-02,8.325163815440886594e+01
1.101033545468252051e+00,1.627836801160973193e-03,1.968784642084982295e+01,9.970079783991083389e+01,9.081972541617903971e+01
2.233471979567344778e+00,1.596403601249304494e+01,1.197431833905666654e-01,3.800332034341320764e+01,4.452047306985815567e+01
1.583643755311056056e+00,1.609948417971768242e-03,1.369577160102967817e+01,6.741560482247427899e+01,6.028286346685000296e+01
1.105213258560892919e+00,9.400835385359634921e-02,1.159592156815968522e+01,6.390991881871411806e+01,9.718066286676560139e+01
2.151555982892604420e-03,7.297347162422118672e+00,6.931435502115018465e+00,6.875899555881144920e+01,1.205433164670781139e+02
9.357935485474477844e-01,1.465765139018277452e+01,1.405018178162519560e-01,1.877580564746958913e+01,1.235086932227213339e+02
2.426355086581504818e-03,7.420808801550585088e+00,6.152556992179095019e+00,5.026134849641280766e+01,1.076789029001362792e+02
1.562493514564160746e+00,1.456916177793296735e-03,1.324836828130924182e+01,9.532570255837734408e+01,8.094176606289231302e+01
1.581765375530566731e+00,1.456916177793296735e-03,1.227137422334657479e+01,9.532570255837734408e+01,7.852402367477372991e+01
1.667127123598949767e+00,1.353955325316129787e+01,3.631573896901960552e+01,6.011370116885452575e+01,1.745160058802081338e+01
1.259630777749847289e-02,3.399136906956159887e+00,1.570589441823852894e+01,3.932767159913517219e+01,1.141213571762564385e+02
4.246108815877088105e+00,1.381786168868385190e+01,7.328130267189778002e-02,2.592364145005747389e+01,3.279042400642133259e+01
5.964243162922933800e-02,3.771669836859331770e+00,7.161809865148696108e-01,6.662578777775136984e+01,1.234441462905075184e+02
3.243809419422477802e+00,1.850187492524059962e+01,7.134667637205985291e-02,1.309591627698267757e+01,5.921049073239244365e+01
4.558116410504393201e+00,1.830090507994557925e+01,1.929830689606440330e+01,5.486481224146982072e+01,3.089081866849501701e+00
2.408474392324979618e+00,1.670394778242499711e+01,6.820458853746289019e-02,2.649511988309618005e+01,4.506494455545330169e+01
1.969621830264361773e+00,7.903409034748040796e+00,2.872030296723406195e+01,1.705438036712679795e-01,8.483756612883436787e+01
7.838688683641183985e-01,8.804033571829139149e+00,1.010090249984441790e+01,7.263504257586080826e+01,2.611844015580811984e+01
3.350146387960703187e+00,1.231412571253357058e+01,1.035286621378119221e-01,3.200490872978984669e+01,5.788043481178078764e+01
2.114174297782787093e-01,3.377427086618975949e-01,3.080332477763613497e+01,5.293358852043749607e+01,5.449855861619149522e+01
8.923572963023708449e-02,1.376383828274248167e+01,2.523341505060837875e+01,1.592636254917056071e+01,5.524458871990347575e+01
1.962161808765395588e+00,1.248176999990031177e+01,3.572792976932682052e+01,1.181193019419139734e-01,8.563597227251784716e+01
8.587705707342957462e-02,1.125653849030820730e+01,7.013815803856488174e+00,3.145098186599672729e+01,8.432510610517448413e+01
3.607320916405466260e+00,1.443290307223618996e+01,6.178369838965048350e-02,3.678269186285378822e+01,6.053272104566748624e+01
2.170609790702553887e+00,2.189659539512606656e+01,3.203241785012327369e+01,1.639075328569773404e+01,1.571241034445980489e+01
1.136145201317266817e+00,5.125514457862947459e+00,2.757887245136845422e+01,6.903205284489352778e+01,2.433273668680205049e+01
4.408986383658560548e+00,4.060118870765720089e+00,5.278033062415128995e+01,6.562560990359668267e+01,1.623499859122964040e+01
2.465046576951360091e+00,7.814076218177653743e+00,2.678837419797325481e+01,1.476593179941511520e-02,8.694257839950024902e+01
2.129205626251458577e-03,1.235644333684692242e+01,2.072555177530113824e+01,1.498361367011392353e+01,1.067702972345390577e+02
5.505435819284695498e+00,2.064788978421994514e+01,1.695742781701390456e+01,2.379011318988198553e+01,2.243977816367206657e+01
3.413202678317912131e+00,1.082058986042648030e+01,3.780427990525522119e+01,6.975037429296456537e+01,7.510051377624003877e+00
4.499318281603881253e+00,4.407058015399861972e+00,4.775087013052031182e+01,7.699898845974489348e+01,1.517221500682891744e+01
2.016145679038202077e-01,1.593134632720654409e+01,2.067697824104791948e+01,1.035227557975327812e+02,2.480733811070032502e+01
2.664817402074509012e+00,1.215393121690095946e+01,3.584804776557531625e+01,1.041663988941299822e-02,7.788163629024182910e+01
1.750076655569221984e+00,1.245814563091929195e+01,2.848106215032930066e+01,1.378980945079565923e-01,7.730938922131018387e+01
6.271505616108324910e-01,1.599282101610700835e+01,1.236115641144802346e+01,1.009147367936291317e+02,2.589142259157806691e+01
7.050549144698212700e-01,4.710794208074942091e+00,3.931496219093991584e+01,1.030653142989443154e+02,2.495057535831227469e+01
3.451160824593459964e+00,7.878936635067065097e+00,3.506639458172696067e+01,4.731189761940447075e-02,5.478035810461518196e+01
3.199918451554867982e+00,1.362634697466416256e+01,9.325695166667680169e-02,4.656526473780743913e+01,4.458839822544915421e+01
3.618344286263809551e+00,2.226687130558421757e+01,8.995177362354889183e+00,2.533196076924468798e+01,1.570979859842155335e+01
2.491457939031902456e-03,7.942715955094027613e+00,1.364003581336627668e+01,4.928308605164671974e+01,7.120755135069332198e+01
8.124181744771112879e-01,1.323669658674181093e+01,4.159518900327837665e-01,3.562908510269937779e+01,7.072717778135627498e+01
1.137623834418376667e+00,4.060452033795980853e+00,5.078009059167557382e+01,8.096115842621301795e+01,2.443524017723571262e+01
2.968303076101793097e-03,1.419306868256516552e+01,1.397732194510402870e+01,1.507555055254140974e+01,7.932458079852739274e+01
2.318376189427590273e+00,4.262962343669551402e+00,5.335787516127747665e+01,9.582338717126960148e+01,1.569271146932165095e+01
2.220871407163281130e+00,1.395374733551953739e+01,9.244081797896602781e-02,4.661101370186847248e+01,6.470311562133383632e+01
2.358030943164640014e+00,1.395374733551953739e+01,6.145836247226067750e-02,4.566622173464985224e+01,6.467126278870543388e+01
2.449751148108020082e+00,9.899063509667360705e+00,1.995447995766690130e-01,4.817326176494826484e+01,6.306398967444576442e+01
2.280595349064542088e+00,1.389657288044771200e+01,6.339313523955027174e-02,4.617358353006673610e+01,6.070204821656449212e+01
1.920944520285118085e+00,4.360305180434219885e+00,4.619208151864236100e+01,7.018402810586032103e+01,1.692007648254350016e+01
3.609296269539796320e+00,1.763739838906012736e+01,9.442074573187483111e+00,4.737341148633043986e+01,1.501470584942727982e+01
2.664046068267988066e+00,1.297114957457340623e+01,4.527193912162333334e+01,1.603880733176573162e-02,7.775652510398887785e+01
1.618419326466981722e+00,9.151269680831468634e+00,6.050408208462379478e-02,3.985326003211416435e+01,6.660412132077638603e+01
1.669327108037848229e+00,9.539800428660280218e+00,6.050408208462379478e-02,4.146125146766490843e+01,6.586538441364598384e+01
1.618419326466981722e+00,9.151269680831468634e+00,1.570971284189882633e-01,3.985326003211416435e+01,6.437565600773011454e+01
5.209963850841425881e+00,4.063945518867995155e+00,5.618585365895999928e+01,5.208308668650163042e+01,1.289841980631790541e+01
1.626704103810380442e+00,9.153157457996671909e+00,4.244384985996745296e-01,3.864751311977993709e+01,6.700059293423687734e+01
1.351520634122048259e+00,3.967442806989965653e+00,4.145450237896838530e+01,1.004717954762201231e+02,2.483244248891777772e+01
2.612684350273765777e+00,4.751018203140626284e+00,3.830331403325421685e-02,3.127391837201738767e+01,8.540032942759975754e+01
1.018306790971094777e+00,1.751408554561627184e+01,3.658375577850931393e+01,8.495284049942812032e+01,1.099858730498351456e+01
8.994200828276008863e-01,8.708186389526780147e+00,2.847079087958323385e+01,9.973679773710460950e+01,2.379762660626033366e+01
8.742001367809686396e-01,6.300564017864713762e+00,2.099421204648114170e+01,9.774766044388391606e+01,2.524796241367950955e+01
6.451355307000641304e+00,2.041972517194803771e+01,4.736139348699735763e+01,8.275491315653724200e+00,2.403785432105592434e+01
3.201866070154815169e+00,4.778099402165173260e+00,2.904312857897929923e-01,1.490611611248690416e+01,5.387567369409559603e+01
1.723492542762049551e+00,4.748671460692879265e+00,7.263381987728062539e-02,5.697849983241913208e+01,6.187613551880987472e+01
3.276722038607925214e+00,5.004422003397497321e+00,1.419073061629734234e-01,3.082704759586314580e+01,5.981638330319270835e+01
4.514024595369352966e+00,7.686429348156048391e+00,4.616850788751821710e+01,3.988982528408532846e-02,5.893786604472384738e+01
3.380577354270026369e+00,4.203906491728711003e+00,2.898103873120174256e+01,1.242379842548843420e-02,7.636051862504839960e+01
3.918024071125411290e+00,2.339432023969089530e-02,4.385570968372299205e+01,8.761896845814823109e+01,2.433290895976561430e+01
5.396164751400127635e+00,1.136016534272012635e+01,4.758787415914480334e+01,8.279579599172473436e+00,2.422671765985121084e+01
5.159129966218635843e+00,4.133987687253059207e+00,5.516075546356903914e+01,7.072650632058649478e+01,1.326805041266719698e+01
4.379214806517216729e+00,4.322388041876883413e+00,5.213056015361218698e+01,1.003877739056635750e-02,7.763855339372967990e+01
2.592545188583664562e+00,4.763994796253262720e+00,6.117701062520636973e-02,5.447026671886372640e+01,2.767751719096891705e+01
6.335323895396737903e+00,1.674685322523187381e+01,1.826211023766192199e+01,1.755984114676753904e+01,1.445145890543687983e+01
2.723350170944881299e+00,8.350827503904538318e+00,3.586181937252237617e+01,1.011892584578241890e-02,3.045669715243155551e+01
5.410068380201661142e+00,1.870943391707370895e-01,2.691290008034649617e+01,5.345896797276463275e+01,2.366453081872694852e+01
2.703309776910055806e+00,1.131739403482903228e+01,3.869717208058297331e+01,1.083481883160831473e-02,7.354939066801085801e+01
2.839677980265834734e+00,1.373407571438318797e+01,1.989566439304295997e+01,4.071247483346446261e-02,1.198609893980285221e+02
1.323850144851150372e-02,8.520063800142702704e+00,1.297107181910756069e+01,1.381119981774486050e+01,9.838904637792364838e+01
6.347422866540465058e+00,1.674776712115497190e+01,1.711662888457512821e+01,1.654907630899855775e+01,1.867237539092488774e+01
6.451760575710051349e+00,1.979410880520041971e+01,4.736094209100514263e+01,8.275020933527182265e+00,2.403797434833338897e+01
4.248944561079673221e+00,2.868988672831741527e-01,3.428656829842998377e+01,8.405548541004630170e-02,7.612704313624617214e+01
2.862358389364998867e+00,9.634971043032203752e+00,3.830331403325421685e-02,1.521109031628726882e+01,8.214837624000921323e+01
6.459201152427323400e+00,2.081117359777098130e+01,3.960579243997852217e+01,7.960200874095371582e+00,2.470862404901830800e+01
4.496333386714979063e+00,1.859364634065317645e+01,1.983560697100386960e+01,5.893479250554638227e-02,1.201757526851417737e+02
4.280406050171958299e+00,4.721511968793225655e+00,7.242294921967576404e-02,1.963431354611316593e+01,7.827119253170020841e+01
3.930809108162407917e+00,3.302697174971938598e-02,4.410973244046668640e+01,8.831344943242304169e+01,2.424981259297857505e+01
1.099737858551043779e+00,4.477912070431971259e+00,8.948077473412319183e-02,5.028967414077526854e+01,1.120055954327217336e+02
3.919794813560853353e+00,3.007828168675782954e-02,5.561475589261590358e+01,7.022767714425684460e+01,3.169004797876056045e+01
3.230223982970774343e-02,8.929724297614718864e+00,4.590592821489600084e+01,2.948088400049272195e+01,5.579494444936867126e+01
3.903302583374208545e+00,2.659948509235090380e-02,2.944519140927532419e+01,8.648914799963820599e+01,2.507787213245037705e+01
3.233574887608051007e+00,3.747147498147847422e+00,4.385700592246955409e+01,5.280145286230543888e+01,2.434566442771006578e+01
2.971392767995415518e+00,2.307848583264962214e-02,4.374677009092700075e+01,3.490345462708980762e+01,4.784399669432875157e+01
3.919737029127305927e+00,3.007829916874517687e-02,5.561223094305127290e+01,5.228275786535851921e+01,3.158338527311760302e+01
3.005926997193608230e+00,2.184460879495213684e-02,4.614563547649869690e+01,2.354985033326330779e+01,4.745985820586929549e+01
3.129634958963253499e+00,2.523068197022723114e-01,4.241197190781974058e+01,9.041114094047512140e+01,2.436617102682777514e+01
2.631064513896703261e+00,4.621550705759631228e+00,2.524768162691530815e-01,3.229383626541114438e+01,8.563359661949964163e+01
3.054794881876369494e+00,3.989794429317355950e-02,3.677962607317300581e+01,2.347151482128626654e+01,4.738050452280209157e+01
3.888394842269276452e+00,8.357363992730697078e+00,2.205804116232732071e+01,5.797865748163151522e+01,1.449722400072979767e+01
2.683187865779017578e+00,7.728563952433503026e+00,4.657850692022422834e+01,7.360444561567912325e-02,5.139250948547412179e+01
3.583955437716767278e+00,9.094882245421908706e+00,4.625186369983713774e+01,1.009391361358618483e-02,7.131392799804724802e+01
4.247969850075447695e+00,1.064354984975764928e+01,4.006474213748144564e+01,7.747598138745361496e+01,3.711914410916121732e+00
4.292851632834197240e+00,8.519552057261222444e+00,4.518277916087110668e+01,6.928497532991119101e+01,2.539874090718968969e+00
2.243710955299995646e+00,2.174947846012991251e-02,4.606977476935095694e+01,2.359604383512371939e+01,7.620965579517425681e+01
3.682386885798229148e+00,1.073756113278968272e+01,5.465816195087883500e+01,7.529713341923374514e+01,7.105682885546795724e+00
3.683200855910262916e+00,7.691546446512080415e+00,4.657554322622541321e+01,2.252772185969435792e-02,5.230607840880612969e+01
3.585830657476749117e+00,8.925069311296592645e+00,3.284930570618758983e-02,4.557569320043882044e+01,1.050382393389024003e+02
3.437054273166731289e+00,6.418780755803119020e-02,3.470976456909393448e+01,3.215388249824982836e+01,2.428516975618223128e+01
3.029262621021806989e+00,1.970424234317107864e-02,4.723029373569789868e+01,4.158134193413545177e+01,4.757058909394450552e+01
4.291164113534881253e+00,6.215271657097220626e+00,3.413433071876953306e+01,4.700923163466004695e+01,3.964259839720122525e+00
3.585830657476749117e+00,8.940984509434162675e+00,3.284930570618758983e-02,4.557569320043882044e+01,1.047773108794910542e+02
2.649526988631583979e+00,8.991748014123956523e+00,3.550773196307287216e-02,3.204094569327353526e+01,7.963462331041259290e+01
4.457960063034637876e+00,8.548387910247717159e+00,4.502816420977384837e+01,6.912433453117128579e+01,3.628676602029768716e+00
3.096456183204694401e+00,2.947403311040876911e-02,3.961712059994535196e+01,3.814904446104945634e+01,4.821112101247413051e+01
3.525667895352799341e+00,1.253439296705845507e+01,3.429667473190222893e+01,2.403302933728133794e+01,1.881928644418551855e+01
4.341547336560604542e+00,2.330231328739616359e+00,5.563144633386406213e+01,5.075082413798322989e+01,2.364840680887190771e+01
4.423404940637975180e+00,1.252444155017715666e+01,3.368679409975059968e+01,5.103889168304688440e+01,2.228511093877195037e+00
4.562064970966088318e+00,8.992377605230219118e+00,3.284682211857048451e-02,2.930772469228576682e+01,1.031155796065223740e+02
1.420739508940971037e-03,1.262522840846586547e+01,1.920334010598152474e+01,3.531608125750123861e+01,8.265731946544318021e+01
4.502204221663018480e+00,8.321950909577330080e+00,3.041771024059358908e+01,4.610485794757362044e+01,2.272151992171995261e+00
4.409809610825279336e+00,1.285594545084708962e+01,2.394647770934648534e+01,5.094449734374796890e+01,3.777443518265982458e+00
2.963201344700729489e+00,1.074712394960354800e+01,4.776068344910170538e+01,5.854325982017670782e+01,8.257453745090156616e+00
2.189023316273418729e+00,2.214710925705655475e-02,4.549927958491808511e+01,6.392404584818189051e+01,4.837712467059833443e+01
3.708241039606628764e+00,4.238030538357294930e+00,3.333238293781693590e-02,6.296288340434257691e+01,1.080885691534269171e+02
1.146739246834344028e+00,1.374150396205012292e+01,3.678441124925786038e-02,2.936848518937275543e+01,7.968007276102582637e+01
1.758870176210853398e+00,8.406838640276037111e+00,4.378395557273340444e+01,3.327670031530999273e-02,8.329769632143299418e+01
4.188885370737463809e+00,1.249527485230779611e+01,2.555558299856225091e+01,5.013807308630578774e+01,6.694163925986067021e+00
4.366479476690376949e+00,1.499008662106303680e-01,2.089300450437129086e+01,6.621785971349106603e+01,2.452404255437665270e+01
3.293455170120420661e+00,8.747420598081184551e+00,1.183879783426066723e+01,1.070365919445950453e+02,1.865750887314848327e+01
5.301322605257062115e+00,9.966208039723028378e+00,5.380162709072087068e+01,1.052961003136502427e+01,2.480076448189567273e+01
1.420739508940971037e-03,5.415586207596818191e+00,2.106319353670350480e+01,5.295062546108090373e+01,8.293957783414229823e+01
3.447196525964586034e+00,8.900734535265820924e+00,9.838437198433697128e-02,3.785733547060595328e+01,5.106033005500490418e+01
1.797682348698971699e+00,1.515816871268150834e+01,5.316742914606447101e+01,5.529819821503367194e+01,1.364008217828337166e+01
4.678799511779840437e+00,1.293921737000365368e+01,1.720640677461945245e+01,7.059541383034603257e+01,1.139585092682150957e+01
2.426296022781553763e+00,2.139297368860041543e-02,4.752955190376094663e+01,2.666707274684788231e+01,5.516169247606732995e+01
3.400355618842231475e+00,8.992377605230219118e+00,5.381763423489679954e-02,2.983278700937788841e+01,1.304758011967130074e+02
5.540274689596350832e+00,8.992230713761438565e+00,4.686937448484197050e-02,2.755308297359282932e+01,7.573359211529682966e+01
2.274156983933148801e+00,7.484377712855283526e+00,4.560119431990376881e+01,4.875288025387721630e-02,5.256955477898326734e+01
2.007991066457976981e+00,7.681076066101168109e+00,2.598828815218997335e+01,1.173940706379540330e-02,9.139675897998860421e+01
4.059659985542616312e+00,8.691289817783243166e+00,1.173468113567196980e+01,7.423733101873230567e+01,1.829988633759865380e+01
8.564048930047256647e-01,3.669159420721913367e+00,4.631826231295344343e+01,3.255116788905047798e-02,7.689030762458453694e+01
3.617129494160782777e+00,1.275866773491449990e+01,3.478964677388369608e+01,5.090066277609236778e+01,7.951469562691329429e+00
1.966312585465025631e+00,1.656651152980998631e+01,3.893110384635565424e+01,1.098881185469552518e-01,7.752328018784746178e+01
2.720035561435290461e+00,1.530791033683088642e+01,3.433182256231936691e+01,2.427826752751353467e+01,8.159233262722759505e+00
2.727656699139925298e-02,8.886631404954684399e+00,9.843731654334803238e+00,3.587848066084011123e+01,5.526819604832806476e+01
6.979240548752846385e-02,1.519424727122334318e+01,5.346757587668955125e+01,9.113032940568085394e+01,2.494337600671050836e+01
4.157834117488063974e+00,1.252460071944307884e+01,3.288806588089173033e+01,5.092596508191246585e+01,2.679914657126426736e+00
1.996457321657778117e+00,1.239784654108779982e+01,4.386384726073819706e+01,2.907145336662414134e-02,7.444859332157702170e+01
2.485539564999596607e+00,1.314801078479974805e+01,8.050796217401382293e+00,7.333582898112793202e+01,2.144679459402347987e+01
1.843802299615216356e+00,1.511590084206278917e+01,5.298001879217905952e+01,5.370654269163279082e+01,1.274399927323068837e+01
3.668243651466326583e+00,8.615812920901587901e+00,3.478302909654894248e-02,2.920827191158965164e+00,1.018255663181986677e+02
2.536543418368246705e+00,1.274151103340093805e+01,2.394079206565016449e+01,6.913666000127014399e+01,1.403489641508210717e+01
3.549872995215773486e+00,1.254427915145234351e+01,2.414685110823331371e+01,5.065429877790532487e+01,1.281440198282364662e+01
2.699941986475989708e+00,5.565076425736235066e+00,4.310473374296071114e+01,5.128354524459245029e-02,7.739030123217659707e+01
2.680348195565533498e+00,7.715352580837058660e+00,4.560243571797118278e+01,1.130063951775144362e-02,7.674433201865818432e+01
3.491175932929949433e+00,1.279818291709714018e+01,3.284682211857048451e-02,4.760650393649788015e+01,1.023941742814439948e+02
3.944668360108061655e+00,4.813815862742472883e-03,1.780724693739564657e+01,2.777212043084339399e+01,6.816039995889630632e+01
4.485269784686091832e+00,1.234411372910864912e+01,3.377119056043835599e+01,5.071971371063499134e+01,3.195411706845672661e+00
2.743357941261996391e+00,4.656349523914133162e-03,1.793266100183635103e+01,3.790059052533714379e+01,6.816698473062437813e+01
2.682832315642702081e+00,7.686675560183011235e+00,4.499914941765725729e+01,1.003877739056635750e-02,7.676507388528335696e+01
3.305582849302024506e+00,5.909351162662140888e-02,1.036460442269046212e+01,5.200833264533958555e+01,4.705137713272478095e+01
1.239474424586907908e-03,1.045159960538022048e+01,1.838696137794250163e+01,3.569672763863906084e+01,5.589356564128699745e+01
2.668806791664414924e+00,7.969797871384958654e+00,4.475884122691765299e+01,4.549069645902007153e+01,1.610636379134534479e+01
3.327374268657219414e+00,2.606062547531723395e-02,8.330627252670141925e-01,3.675157899621110857e+01,7.463421670917821871e+01
1.475181618399184699e-02,7.309685257450110107e+00,2.052446695488288242e+01,3.588558227221511743e+01,7.466905746463041282e+01
4.303253809233463123e+00,6.923701755023494234e-03,1.793266100183635103e+01,5.387737135174742065e+01,6.796597529811484151e+01
3.011934323876151343e+00,1.242783200211502859e+01,3.548943959056684605e+01,1.645322250987911872e+01,1.552818963525792073e+00
9.598793501386542193e-01,1.310166618089018087e+01,5.986265057059613426e+00,7.255838676099959628e+01,2.754948069058530891e+01
2.171332908857070976e+00,7.598209398945430237e+00,5.661210978427780560e+01,1.308876926038017238e-02,8.548812663415381508e+01
4.554101999923596544e+00,1.285194676993671870e+01,2.596650525028653078e+01,4.647801810165051251e+01,2.158407136667516824e+00
2.123295391956805389e+00,1.144616804386829934e+01,3.044508044577440842e+01,9.096749069765731888e-02,5.650464728319545316e+01
4.406426082406216693e+00,1.735847374910932928e+01,2.022709035162334246e+01,1.922117491096443587e+01,3.276616735566359573e+00
3.362796254949048880e+00,2.201618904235403562e+01,2.724338282124323740e+01,1.927741008980245496e+01,4.027366963237798636e+00
4.536506143739146957e+00,1.233284891807388206e+01,3.424696245194694200e+01,3.223108075405710338e+01,1.530603802951745029e+00
1.094736628925862876e+00,8.085437178176229978e+00,3.747628841487855311e+01,8.157978652403150477e+01,6.561944832671589900e+00
1.072172208844440977e+00,1.121439613058371199e-02,1.800641530547329694e+01,7.574087218325280446e+01,6.804640057565126199e+01
5.895122195499832851e-02,1.040537546604035768e+01,1.850259774746040264e+01,2.971406777952812206e+01,2.574315549652650503e+01
2.689456439984458047e+00,1.214132962303038710e+01,3.613350054912828568e+01,9.965403322909934317e-03,8.118780742085330360e+01
1.475633683015375452e-01,5.886937990933160947e-02,3.546491051195773281e+01,7.127840922786296574e+01,8.155726027718884552e+01
2.704631367883954418e+00,1.329229078538583941e+01,1.829533068731030454e+01,1.135612437136931802e-01,8.087864815939833818e+01
4.477783298628766673e+00,1.287652381425736969e+01,3.489885848594234674e-02,3.665523869651399025e+01,8.870789558462122670e+01
1.592289505639893132e+00,1.127300826495278940e+01,3.767512976582153073e+01,6.206461809138485819e+01,8.088422974642719865e+00
1.811371611176470831e+00,4.894780680588078914e-02,1.019247035478630004e+01,5.778393994565964675e+01,7.450896131422148017e+01
5.476710771523230825e+00,1.091002342285057125e+01,2.046328697302664779e+01,4.939949443997903700e+01,7.416388472417470901e+00
7.936213562320636461e-01,8.946082084074920004e+00,3.595267149452474342e+01,1.486920430255787677e-02,9.956327517204778133e+01
3.619613725469971399e+00,1.234532172213207701e+01,3.548943959056684605e+01,5.069238270540644464e+01,6.951068751496889853e+00
2.266053004717574648e+00,1.231483065171107327e+01,5.109538956209391358e+01,5.258778939448571066e+01,9.747187095657015021e+00
1.098623917863293054e+00,8.419764443727302705e+00,2.802783841910229512e+01,8.131671650348229718e+01,6.131166932397861480e+00
2.261600460978077543e+00,1.240808742895794481e+01,4.104478435854860408e+01,5.342471710549230579e+01,9.750082766873397588e+00
2.566142745839596451e+00,1.425566631644252524e+01,3.686926078863147715e+00,4.434314531272806903e+01,2.480373162708910684e+01
1.558233309058393967e+00,8.034413284148776313e+00,3.742429207097756461e+01,8.160203944304731749e+01,8.678912400721198850e+00
3.911121918579095524e+00,1.231809072852662190e+01,3.548022906269830656e+01,3.220728900054445631e+01,1.655450500664087388e+00
1.968072290069724284e+00,9.637695750374186687e+00,2.716865722327290555e+01,8.443227005123522810e-02,8.677372525412108928e+01
2.652944513361219059e+00,7.789086719142555459e+00,3.613731617842950072e+01,2.020437763022065250e-02,6.092123167961099739e+01
4.543575909174281335e+00,7.934034753772945869e+00,4.070966454160720360e+01,1.647519191281752882e+01,7.839824002634097511e+00
9.369814628019244862e-03,1.060467385385458350e+01,1.867440305173511916e+01,3.565625426690353805e+01,5.586415147470081877e+01
4.563653453341327548e+00,8.004145673496736890e+00,2.282236402152451404e+01,1.645932330151548229e+01,2.430626826823513298e+01
1.206736569287266986e-03,1.726016070945691183e+01,1.758045757256333985e+01,3.240145770488635435e+01,8.834979684032155944e+01
2.361970341997326334e-02,1.744751456586848803e+01,8.987139411835133984e+00,4.753712887444964963e+01,5.466610888339827312e+01
4.554518270307532646e+00,8.117959447288050967e+00,3.491047513067924513e+01,3.210492082116093115e+01,1.530492022991807977e+00
3.158623123609814787e+00,6.584890248217173739e-03,2.778736924055162305e+01,2.489261246335545863e+01,8.431338041203656530e+01
4.547163782374834540e+00,8.368467752732023923e-01,3.526660202317003723e+01,1.679915613747590797e+01,2.416952457315352731e+01
2.680528883625080461e+00,1.224470245081178987e+01,2.438149079664407992e+01,3.509703578898341192e+01,1.022242853524694972e+01
4.809091262049736137e+00,7.846515960715191085e+00,1.522269187151663772e+01,3.110207711193456959e+01,1.555267289909098416e+01
4.552502769800900850e+00,2.094622119888399325e+01,4.070966454160720360e+01,1.576378890669297483e+00,2.433155318706551284e+01
4.624829313570136158e+00,2.023429182524786896e+01,2.575284896410879298e+01,1.134597755864196617e-02,8.093357818531112002e+01
2.689734496378433981e+00,1.546014547462884536e+01,1.971199013164099156e+01,8.712117727587267990e-02,8.011596156426971049e+01
5.008938865716905831e+00,1.506773368032870763e+01,9.168286966819138684e+00,2.942601737709052045e+01,1.559118471838536912e+01
4.536750474297800650e+00,8.117959447288050967e+00,3.417156815546761095e+01,3.210516807759387348e+01,1.553930010567959208e+00
4.716989972791354901e+00,7.217441725642545158e+00,4.118390475523082728e+01,1.561967262861297634e+01,1.811037707777322581e+01
3.121976278223056234e+00,4.229274175970513215e-03,9.394589055034796132e+00,4.326941452554471113e+01,6.845026656339244653e+01
1.610252511849586732e+00,1.705306663958698721e+01,2.557855457095598695e+01,1.879122686274071197e-01,8.262207409768632260e+01
1.615041827216573689e-01,4.075754049312211302e-01,4.629403536488072035e+01,6.609714560617501888e+01,5.608591390437521795e+01
4.943379250181141771e+00,1.300327071338926288e+01,2.179514737798269763e+01,4.787471553901930577e+01,1.223029045736024756e+01
2.958454966705217792e+00,2.581699262972066145e-02,1.953074577018280777e+01,4.352114226729191415e+01,4.879952612552817470e+01
6.013073077366160035e+00,1.706450163853893187e+01,1.857362325906299816e+01,5.433218973824789089e+01,1.279243181548463859e+01
6.491387233265856871e+00,1.503216635983073424e+01,1.174296032390909961e+00,6.489764571662035575e-01,7.636764174464741473e+01
4.502613757919343485e+00,8.117983294218330315e+00,2.313708883575473507e+01,3.399175050446637414e+01,1.300860151273278120e+01
3.096190257795739420e+00,4.212123132673351381e-03,2.144031079303074705e+01,4.073069662133170965e+01,6.587785420548365778e+01
1.673992515186162544e+00,1.427025782220517769e+01,2.719350539940881362e+01,5.290719568384057159e-02,8.068203670576323816e+01
4.345217977119198771e+00,3.881268758916186279e+00,4.071404280927376362e+01,3.050664489160635995e+01,1.710962047192851543e+01
6.579527390363351103e+00,1.501870098143631793e+01,9.092503067227277747e-01,1.036079437713632201e+00,8.202329029526552517e+01
5.370339332276758526e+00,1.504778727730136367e+01,9.558381674459091037e-01,1.343988372605268378e+00,4.714581911754622467e+01
3.299939161196421278e+00,1.700432103537130857e+01,1.949707255095886893e+01,6.548119846346010320e+01,1.331124894475260589e+01
6.387022882654093792e+00,1.565985832713029247e+01,7.056351826061555421e-01,4.576083831954936842e-01,7.555914514513389690e+01
3.618938959764536278e+00,7.933929685626847750e+00,3.769224517829357524e+01,4.963231916343090688e+01,7.917013964004725679e+00
5.741580863123049383e+00,1.500088553842195793e+01,3.811906932799886127e-01,7.059545644570202505e+00,4.681673602416122293e+01
3.258122826612462664e+00,1.766896251929304285e+01,2.726182289664915714e+01,1.147733123650413328e-01,6.124375461816160993e+01
4.502864626302267581e+00,1.648379492119475742e+01,1.147184289718794936e+01,1.530386777691320921e+00,2.615674060999278439e+01
6.150622066358652162e+00,1.137815835918461005e+01,8.556664344422287849e-01,1.280019789651696938e+00,6.147891552948932770e+01
2.678895677366751382e+00,1.649549719701736450e+01,2.606220656390887669e+01,9.965403322909934317e-03,8.088950185566307027e+01
4.578551137920280567e+00,9.067885689340824840e+00,3.247196652871629785e-02,3.206707799201517872e+01,9.499832763960179705e+01
1.331725775116459065e+00,1.022055317988324191e-01,2.151359470594858081e+01,5.773765744689268331e+01,6.918976988371541381e+01
3.104587466432625398e+00,1.359520648203488627e-02,2.254294009113983321e+01,2.915461262244601892e-01,6.801151786975924551e+01
6.010190187253149574e+00,2.125218582248830046e+01,1.194585401824591331e-01,4.263731117892748301e+01,2.843924135126009745e+01
5.407902099140039276e+00,8.117959447288050967e+00,3.403861070854657100e+01,4.407594880522212577e+01,6.083329439783192072e+00
2.490673413594274077e+00,1.128428057005738872e+01,1.544482777902245196e-01,6.817687611209105114e+01,5.746834854142726101e+01
5.466938867512878275e+00,8.967836722835420105e+00,3.149000437175576012e-02,3.093736857496972092e+01,8.233948853322499417e+01
5.708318014252850681e+00,1.481077515181355508e+01,5.309650345312764141e-01,1.449912668829900220e+00,5.583048056181922902e+01
5.140222520538789475e+00,1.491262815968856970e+01,9.008906042415597559e-01,1.039403155789289990e+00,8.240472462289483246e+01
3.321851620903637503e+00,4.488966037509278285e-03,2.163484075655794214e+01,1.828903086792741561e+01,4.174232147875753185e+01
1.772714115430108262e+00,1.210646367791633793e+01,3.666515963889914076e+01,1.673311992821979177e-01,8.791987916903356393e+01
3.229674165133128660e+00,2.787584028530518676e-01,1.148188497416019693e+01,6.311032347668015063e+01,2.597623460246570204e+01
1.307046046732345701e+00,7.938144536657533792e-03,2.706045194918980457e+01,3.874134018769476029e+01,1.044459543034663511e+02
4.494373227951555805e+00,8.969980650383767795e+00,5.193722735601060542e-02,4.786277134766168473e+01,5.412270251789942677e+01
2.373876131850896076e+00,2.863145916920586866e-03,2.149392146564671080e+01,4.103912733943946023e+01,6.590705234968817194e+01
4.256122845550288858e+00,3.118010911013027187e-01,1.111119950155206837e+01,3.204672837343171921e+01,2.597147743721605195e+01
4.654683406699913206e+00,7.857194982040375919e+00,2.752897540138090141e-02,4.938459387268319745e+01,8.177656219705025364e+01
6.007087041262900939e+00,1.803922623981380724e+01,7.732057570977640681e-02,4.808590933749545826e+01,2.844186287616041398e+01
2.638696163419614216e+00,1.308479540360516502e+01,2.752897540138090141e-02,3.189384466962836129e+01,8.203815207250161734e+01
8.568449469415135352e-04,8.452173465954935239e+00,9.407426800875429151e+00,4.688742742028421873e+01,5.718433313727310008e+01
6.313475998514615384e+00,2.068665925695480468e+01,1.159313963994946656e-01,6.429991357200958646e+01,2.697504668688875995e+01
5.372855432020978483e+00,1.248657981802126216e+01,5.682719401083963923e-02,5.081447907297351207e+01,5.386725527194565188e+01
1.502402955599469250e-03,8.458371619108476125e+00,9.203583146914750657e+00,1.593096156558675602e+01,5.718431366194042198e+01
8.671773995293858839e-01,1.303438359142463732e+01,5.494410701708755118e-01,8.499261598634737425e+01,5.711552936515786882e+01
3.651870763848004575e+00,7.863460598452459038e+00,3.508717314347671845e+01,1.709690392560488803e+01,1.220671261072894964e+01
1.508812140990296521e-02,1.171870791390961486e+01,3.655057822183805927e-01,7.324974680359193258e+01,8.208575903997028433e+01
2.728817872286899870e+00,1.179089177243382913e+01,2.599536321447977472e-02,6.771303401163780222e+01,9.677960435314679444e+01
5.195594540376526460e+00,8.215040060781740650e+00,2.713442697399553438e+01,5.036891882296939116e+01,1.530473922565548150e+00
3.587204839328904438e+00,3.738774197660701872e-03,2.147924291763742488e+01,4.118055376678452006e+01,6.736563462214083131e+01
3.555584870366788053e+00,7.845934583256783057e+00,2.539682106213050972e+01,1.613135700574149212e+01,1.628029874207870975e+01
3.805528137200506311e+00,9.690526944295047684e+00,2.783529240013921102e-02,5.100170327985490104e+01,5.014873307330606167e+01
1.889893509969414520e+00,1.099227051552782797e+01,3.932887748773613440e-02,6.777627624465569056e+01,1.109794776284753652e+02
2.468195404895035860e+00,9.836159408536196760e-03,2.146075386012306652e+01,5.667380400274169006e+01,6.586746073389795697e+01
3.547294107950908160e+00,1.252807050890079665e+01,2.327165325864536172e+01,1.625173144027532857e+01,1.513647046350862269e+01
7.685057749193837662e-01,8.451730722800959938e+00,3.599511493600886930e-02,7.024988214840506373e+01,5.757876071785777583e+01
3.790855798606294513e+00,6.984262333038564030e+00,2.567774544200310771e+01,1.652313722426573506e+01,1.226003198629843638e+01
3.609552118612421534e+00,1.546224580989794539e+01,2.600328987402037925e-02,6.699819211078239789e+01,9.064052369940658593e+01
2.732580230441837621e+00,1.934339409367734630e+00,2.004489675167820117e-01,8.093933542192434061e+01,6.744198371866772845e+01
5.101434730173163956e+00,8.212174374545231359e+00,2.712423341906786334e+01,6.948290194602931535e+01,1.882672579819841818e+00
3.845329789834321055e+00,2.295227741451552816e+01,2.204574418721768225e+01,2.055787831290840018e+01,2.410310573316743898e+01
1.307764337337805147e-03,7.337921794359552052e+00,9.389589442934278551e+00,6.836255828422061143e+01,5.727422323038047125e+01
4.366210971312513678e+00,2.190409658874704135e+01,6.855302104996086054e-01,2.009905097998392343e+00,8.250346687264089951e+01
6.277707197233876713e+00,1.636387627852016635e+01,8.775437825401258829e-01,6.018839084054370403e-01,8.286149611092569955e+01
2.541909204568578579e-02,3.579461637151862163e+00,8.054065978302999085e+00,4.636319184815484107e+01,5.261703706015340742e+01
5.768166415162998995e+00,1.316055241756892968e+01,1.198080529894777202e-01,4.175872747088021697e+01,2.722497875606531892e+01
4.143158127075390773e+00,1.282034601252508565e+01,2.712423341906786334e+01,5.250356457317012371e+01,3.442809175392601340e+00
3.909628926481433453e+00,2.863145916920586866e-03,2.759555472527111064e+01,5.715248785607040816e+01,6.434747124154606013e+01
5.791256363853250377e+00,1.593935115727636642e+01,1.026601383159222891e+00,5.974588270746883367e-01,8.404832683053129472e+01
6.031496849587747455e+00,9.116700556740211070e+00,1.499306398299592047e+01,4.716192959288512299e+01,6.866105949019919663e+00
8.568449469415135352e-04,8.407856156146872095e+00,9.632493953682553567e+00,4.688742742028421873e+01,5.718915781054151637e+01
8.568449469415135352e-04,8.452173465954935239e+00,9.407426800875429151e+00,4.712228213369333218e+01,5.717305099830852555e+01
3.211147713610586207e-02,8.117111597658233091e-01,1.805341295237125010e+01,7.150203661200340832e+01,7.010903565119433267e+01
5.167501709495267548e+00,9.246471995819288026e+00,1.852359135194814044e-01,8.410156505901777280e+01,2.574024313542000897e+01
3.519143972455597957e+00,6.046693684743118524e+00,3.068706282143019992e-01,5.127257485146942173e+01,2.618137903824451840e+01
5.916186722412686727e+00,1.645487842319936078e+01,1.036994509520974272e+00,5.383770102642126965e-01,9.033399241655638434e+01
3.208241875112693542e+00,5.458531920957201855e+00,2.482132629085096465e-01,6.665396437521425810e+01,2.580355099882296344e+01
2.728203839807785691e+00,1.253740424901087991e+01,4.014600011647444233e-02,6.862466830360096992e+01,5.277860280064324172e+01
5.732775245811059683e+00,1.434914414320174814e+01,1.230723464420953178e-01,3.117404848499506187e+01,2.660277560897802118e+01
6.124423850599269414e+00,6.319648876805554316e+00,1.597943379660700935e-01,6.593232971479589821e+01,2.707498270232471782e+01
6.175251886948614377e+00,6.409401742126069834e+00,2.593091644227336445e+01,1.868835233478234414e+01,2.386228451884292667e+01
4.247132180303859528e+00,2.162572317956862733e+01,8.030516396690512426e-02,7.549010721088178855e+01,2.597129954842662514e+01
