repeat,tuner_seed,best_score,selected
2,3,0.8965470002625563,1
0,1,0.8826913310110807,0
3,4,0.8739940283923121,0
1,2,0.8730280019047983,0
4,5,0.858776958012546,0
