repeat,tuner_seed,best_score,selected
2,3,0.8909216887400621,1
4,5,0.8764189791987481,0
3,4,0.8673584493821405,0
0,1,0.8666351477974775,0
1,2,0.8606844427064518,0
