1.305264317500542115e-01,2.107296465640172509e-03,3.405545658756804804e-04,2.868811679787044121e-04,2.455762096481271545e-03,6.354818388437136981e-04,1.271878503659218439e-04,7.992944478458743202e-03,4.691576828212845780e-03,6.486177158737844138e-03,2.900947398888072820e-03,4.551356908934466321e-04,3.606795474769905994e-03,5.374575500563735786e-04,4.059485022816525408e-03,4.137339084586033784e-04,8.762365958139796060e-04,3.842389311713672977e-04,1.080144524674311922e-03,2.820043280288597829e-03,1.243998349125573298e-04,1.301290725279356970e-02,1.808787079671330799e-03,5.665558764577391208e-05,1.534434342900682505e-04,5.432844068428413151e-04,1.486666732738189988e-03,4.530277596415142188e-03,5.210707208825935246e-04,1.303333163801757150e-03
4.694179455275425128e-01,9.378014191079224546e-04,4.362791898536113764e-04,3.349642885685493159e-03,2.348974752746752284e-03,3.586724219920543483e-04,1.649422453163192949e-03,5.683342343155705322e-03,5.012632356072603199e-03,2.945052465273788334e-04,1.869467523010120763e-03,4.003143366045736171e-04,3.198649608363813776e-03,1.824819037995342643e-03,3.113648767198634159e-03,1.637905315413381224e-03,6.892666075388964803e-04,3.791972774886772811e-04,4.835947853532240816e-04,2.366309170307298246e-03,4.295649772918051085e-04,2.631374555596704620e-03,4.203018227980593810e-04,1.292883785390316898e-04,2.344868090869187236e-04,5.152498228519816065e-04,2.917417566454558013e-03,2.526214104476896469e-03,5.128512418910214678e-04,1.307768933500164706e-03
2.200176617456642281e-02,7.923689108425709636e-04,5.413886900613498190e-04,2.015284068856211964e-04,2.348647706411483276e-03,1.192228500745005394e-03,4.665949538252606079e-04,8.108919145176812435e-03,1.006605285703785976e-02,1.111943165047304385e-03,2.063390022495542771e-03,3.989898495142529269e-04,3.141114332238867900e-03,1.793313368504747922e-03,2.388802230378876332e-03,1.655111766206818387e-03,2.335683829843653286e-04,3.371432174205141359e-04,7.450337440953168095e-04,2.836141064030194264e-03,4.321282892746906206e-04,2.452487283901165754e-03,4.635370801974797103e-04,3.018560820350841504e-03,2.381373988247484006e-04,4.378575216997597735e-04,1.487020889014633966e-03,1.792798880487560861e-03,5.270338909343916852e-04,1.327600770249716833e-03
8.819175543021952057e-01,4.959687266227862622e-03,4.334658822570735073e-04,3.248035207535194570e-03,2.924383046763688859e-03,6.333008930399121458e-04,1.653606324519053296e-03,8.183104081975298150e-03,4.647899738307720990e-03,4.063002222443145087e-03,1.874493704860805869e-03,1.713816476503608223e-04,3.133494027360714078e-03,1.658076883091107699e-03,3.148079194023055243e-03,1.488330185210883037e-03,6.833948348165559813e-04,1.197650722159277446e-03,1.911248341853080505e-04,3.027606678628316696e-03,2.384284548641304666e-04,9.271281236615353319e-03,4.243770032928957203e-04,3.166552064761539876e-03,2.390115736143253291e-04,8.310239978857068615e-04,9.839894994283055699e-04,1.975159338738633266e-04,3.461324175682207495e-04,2.232907539289247061e-03
3.236782841701871249e-01,1.092441196959263987e-03,4.297103113770635416e-04,5.903903377973802272e-04,2.344389894268607624e-03,8.140363107114361504e-04,2.122511116118961771e-03,7.165640948367938898e-03,2.735089179261148903e-04,5.345844200869696514e-03,2.586452869560927105e-03,6.371788071592469557e-05,3.152124772247205491e-03,2.615699040746035861e-03,1.113868253465380475e-03,1.293589579340373788e-03,6.765289234451513176e-04,3.922955195105658839e-04,7.220793520718560808e-04,2.627471898885285796e-03,1.348434862453228109e-03,2.911788857204424420e-03,1.170508872647771110e-03,1.604027774037632983e-04,2.578440019113420901e-04,4.000853275987509283e-03,2.909334965660486435e-03,1.028533364347793133e-05,1.120604519190178134e-04,1.233949775619372791e-03
4.351038230404478124e-01,1.226653980480433680e-03,5.328572699110379349e-04,3.257128904604987465e-03,2.875068318613558868e-03,6.164424579596108032e-04,1.663014632821596976e-03,8.572690346939339234e-03,4.716698517650657653e-03,3.492051271754624368e-04,1.874493704860805869e-03,1.660630863946543283e-04,3.133494027360714078e-03,1.841168693474067031e-03,3.162084836491673139e-03,1.722006871821447817e-03,6.833948348165559813e-04,1.624024795163667124e-04,1.510927634626143591e-04,2.835836732146532202e-03,2.231246898921070653e-04,2.439099463791230809e-03,4.253653968865307245e-04,8.452006038847569773e-05,2.413059867502264852e-04,3.813459225547278716e-04,2.917447275054722150e-03,4.160484044062455825e-03,5.445445178805935482e-04,7.732722649053683445e-04
8.441485119106064694e-01,5.051482079339683628e-03,8.017466975631310552e-04,1.134364708721664807e-03,2.878984041951053105e-04,6.345484594053134569e-04,1.668218585314039165e-03,8.563638264788016319e-03,4.741738480730129865e-03,2.725451399073878806e-04,1.874493704860805869e-03,1.713816476503608223e-04,2.818055511407981800e-03,1.841168693474067031e-03,2.293482902137237642e-03,1.863796607705020016e-03,6.833948348165559813e-04,1.624024795163667124e-04,1.416260455688683967e-04,3.072625816224481936e-03,2.231246898921070653e-04,2.848063978490812751e-03,4.253653968865307245e-04,7.002939281935244807e-05,2.390115736143253291e-04,3.813459225547278716e-04,2.917447275054722150e-03,1.736242544340856064e-04,5.380983575282410458e-04,7.732722649053683445e-04
3.572204992955940739e-01,4.755182422707809886e-03,2.001442022901056897e-03,1.302535983307633299e-03,2.470437297103945853e-03,6.054289506611678197e-05,1.425481174116221368e-04,1.309964077673816431e-03,5.230304242544061948e-04,7.670992597551013620e-05,1.920478451064051330e-03,3.427806915973057858e-04,3.125723109130476747e-03,7.045792411465752469e-05,3.788831914409831157e-03,1.734022799414530226e-03,8.790179899614864335e-04,4.235316228176607745e-04,7.003627249458841937e-04,3.835149199968010403e-03,1.457150691444428941e-04,1.068536127544744002e-03,2.034184800181819755e-03,8.109009168712016068e-05,8.238582735200640863e-05,2.812196701067557077e-04,2.619186295645211347e-03,9.203374780485345900e-04,1.407658887460766495e-04,8.061777075112725940e-04
7.357295478905397923e-01,1.350173284842125449e-03,5.298125339427004398e-04,1.305259858171597172e-03,2.361233840361140826e-03,1.951021596913149979e-04,2.142184045725693733e-03,8.433679054988558327e-03,7.084295613152477578e-03,4.873063667707573654e-03,1.910672065703338147e-03,4.532813513572754539e-04,2.662726858391314868e-04,6.493469273189571636e-05,2.195111834159000144e-04,1.716280498817198633e-03,6.962636762211755429e-04,4.027087534426050663e-04,4.219762721344450917e-04,1.001686883677346471e-03,5.905705655816662503e-05,1.453417309655660305e-03,4.253653968865307245e-04,5.436343638735354757e-05,2.386039711587101915e-04,4.036999883825477531e-03,2.838167711699407687e-03,4.171172656125942541e-03,3.774907758774844586e-04,4.729394171750025164e-04
2.069799514765968129e-01,4.945437314653617841e-03,5.583841871982075499e-04,5.738747205611858474e-04,6.808565427068385089e-05,6.338603084652188416e-04,1.578600382661120554e-03,1.402965608299718697e-03,5.126421500106308725e-04,3.158780405155311131e-03,1.879313045854289843e-03,1.146026526379071266e-03,3.115945973287681525e-03,1.804571446464925833e-03,3.074347548629436429e-03,3.731494078548641680e-03,1.189967021794142337e-03,4.577595194924022944e-04,4.341385571821571119e-04,9.009973459894449893e-03,1.283883496953110159e-04,2.457851329840073703e-03,1.833064161716298907e-03,1.156519506828048664e-04,2.280111324602060755e-04,3.694413440788755013e-04,2.945302438088224020e-03,1.306233439979594439e-05,3.763576209112121638e-04,1.234388844615418295e-03
4.923438532003549528e-01,4.817250009978898267e-03,4.314535209563948753e-04,3.247841381393789823e-03,1.503133291922190227e-03,5.543451057015032473e-06,2.349363538386223986e-04,8.109149518398360221e-03,4.662754015460563242e-03,2.842431189236039029e-03,1.856205405651130836e-03,4.056871224715741762e-04,3.671709537247032449e-03,5.853795671999204074e-04,3.102536693007069187e-03,1.455622205444741680e-03,6.765149434192570168e-04,3.904897091444729557e-04,4.470034970064000273e-04,2.921357550243199389e-03,1.368780374212518066e-04,6.802899498966374567e-03,1.365914829015900606e-04,4.415322582319977564e-05,2.381549306214148605e-04,4.114111954942416965e-03,2.909020910058311270e-03,9.605013515246764444e-05,3.740375007735251560e-04,1.331486147722563129e-03
3.490726873466720726e-02,9.475388809198669396e-04,5.418208041777185973e-04,3.152435174444704214e-03,2.361743221349102157e-03,7.028005927266184989e-04,2.134932004708901647e-03,7.267493365024350893e-03,6.015790490483756935e-04,4.616653968853460317e-04,1.255109554741673517e-03,3.818468820721717359e-04,3.642793988209422351e-03,1.828654108898674670e-03,4.989969171688109825e-04,1.762553575724576990e-03,8.829265034389144947e-04,4.093348304625601779e-04,7.056408295771578361e-04,3.147297607535997060e-03,8.757737847480530715e-05,1.808622660378388439e-03,5.723050452311801871e-05,3.116231243806943940e-03,1.846222754357733462e-04,2.277802337219954972e-04,2.832704186996807920e-03,3.956459580265476138e-03,5.527210394037829124e-04,7.699630305757855292e-04
2.535540991928549870e-01,1.352216000119047835e-03,4.351063226864119245e-04,5.892532212045749253e-04,2.361220359398524208e-03,3.455072405420081842e-04,2.122723096097749954e-03,7.175910895509564477e-04,5.362985561345996396e-03,5.036384543647700295e-04,1.887815322912534104e-03,4.008538453099748551e-04,3.637628258861850747e-04,1.826174504311682545e-03,3.133035665665365871e-03,1.717509265039754776e-03,6.849587569509943408e-04,3.208798028920043888e-04,7.511859057922306345e-04,2.096926036419754624e-03,8.791052250373707164e-05,2.311284541078983523e-03,4.248093533035223477e-04,7.740543329838153112e-05,2.361035414677603442e-04,3.885658226349926383e-03,2.905725091685882038e-03,3.887669059474160686e-03,3.900244797862003438e-04,1.352885358024575983e-03
5.430148950055111445e-01,2.056907573571629608e-03,9.621058367903762400e-04,3.243722178050602572e-03,2.379328769656424529e-03,1.504550048605227596e-05,1.110678098891822608e-04,6.826073003456962357e-04,2.922277935778565781e-04,5.153584836499375092e-03,1.265226256516174342e-03,7.983518387319390314e-05,3.150877955412325487e-03,1.813268184286693802e-03,2.908145674806932122e-04,2.082188854657201788e-03,5.492971173172430744e-04,1.880674624854815119e-04,6.663363250770893906e-04,2.146193516626183038e-03,1.423266149557853694e-04,1.073953924702037051e-03,4.041709853129898098e-05,1.157932923107818021e-04,4.147551141355454657e-04,4.193452811557998178e-04,2.981472534600991715e-03,4.014933255634062573e-03,5.144194924437484398e-04,4.197441836519168060e-05
3.339314151211333903e-02,1.372382088126718061e-03,5.474856273861375151e-04,7.807213568690942341e-04,2.361246739307118567e-03,8.640589697432105509e-05,2.147995134741821199e-03,1.291910115362797720e-03,6.767699811735594824e-03,4.544955424624783297e-04,1.281516553707408171e-03,1.791892081378365642e-04,4.077014803449225885e-03,1.660020570039915776e-03,3.135276577027853225e-04,1.783920484980913322e-03,6.724403811145774571e-04,3.308386737375670580e-04,4.214707106298607982e-04,2.400014597301870951e-03,7.789213573298366913e-05,1.809746358241866825e-03,4.201168102096539255e-04,3.014325832830083533e-03,2.373937634596400665e-04,2.291514238331247670e-04,2.823951648912724662e-03,3.887873105452018668e-03,1.294787607924185481e-04,4.728905914235410077e-04
5.081453456419352532e-01,2.084404075242749302e-03,9.826670535140725159e-04,3.097624371620018822e-03,1.532754017990108856e-03,6.209624586667395396e-04,1.140915811361937213e-04,1.252201791981312658e-03,5.436534028767129115e-03,7.602228600505625197e-05,1.884285114498935373e-03,3.440930415648418058e-04,3.124722478466489435e-03,1.993170794738898660e-03,3.129737795658064665e-03,1.733735055923148411e-03,1.954846744094885960e-04,4.781998317828112005e-04,1.802097245664760678e-04,3.332322301728626868e-03,1.467223520546256140e-04,1.578193609247765389e-03,3.659938130843609118e-04,3.875007696193416042e-05,8.855039131482265167e-05,2.529085827820680855e-04,2.581744206754592146e-03,5.550963903068622824e-04,1.421531542997418046e-03,4.936213790797213579e-04
4.005782075118228258e-01,9.194425695635843627e-04,4.362074332778164906e-04,7.912667133848946648e-04,2.389611308633127120e-03,6.005418330732775799e-04,2.202875067131001251e-03,1.226195888684522908e-04,5.204296985153265137e-04,5.169808467166012167e-03,1.912313404305470733e-03,4.078313883384008165e-04,3.649482103893554683e-03,1.705001555090237056e-04,1.132529658559017390e-03,1.694242930659368464e-03,8.828624654719957913e-04,3.859727454012696225e-04,7.087055336102834674e-04,2.740901239606734208e-03,7.080187982028493402e-05,7.616706828483372181e-04,7.019728880619540866e-05,1.824991446004393448e-04,1.788889989600314070e-04,1.902968559272864672e-04,2.569781693810366512e-03,3.835575161045173213e-03,1.304754911227059124e-04,1.253460981496833538e-03
5.430972796883711817e-01,1.359074597393954663e-03,9.621058367903762400e-04,3.721878332369793659e-04,2.379662937693375474e-03,1.504550048605227596e-05,1.110678098891822608e-04,1.381124059757418698e-04,2.922277935778565781e-04,5.084692525165463231e-03,1.768345517541244395e-05,7.983518387319390314e-05,3.150877955412325487e-03,1.813268184286693802e-03,7.489397897849347510e-05,1.780486351415912173e-03,5.492971173172430744e-04,1.846440139399805475e-04,6.532919981782578942e-04,2.456406827961001363e-03,1.423202396449697003e-04,1.838043351378057435e-03,4.041709853129898098e-05,1.157932923107818021e-04,4.147551141355454657e-04,4.336390874227636760e-04,2.844355530360088979e-03,4.014933255634062573e-03,5.144194924437484398e-04,4.524372401405298894e-04
9.851870960226397078e-04,6.212934866067422891e-04,9.847566422603480293e-04,7.007132729499195543e-04,2.905608183161334252e-03,7.071756787134142377e-04,4.713206223218263484e-04,8.183779477710468805e-03,6.582669525724137594e-04,1.016203051751961902e-03,1.851850836840321151e-03,1.192018251756787276e-03,3.149150987091407176e-03,1.683586024276562468e-03,1.131859906128101188e-03,1.209581355016744238e-03,9.182317919210906997e-04,3.110406348711463806e-04,1.967624277797826366e-04,2.953654897077795296e-03,2.434813337835999437e-04,1.531319392987017447e-03,3.094005137836071916e-03,7.195161520539123084e-05,2.575300802257688001e-04,8.181848612787274945e-04,1.540153030372799162e-03,1.970250550215831876e-04,2.122199734743911398e-04,6.432205502836674943e-05
5.685275804539178246e-01,4.779919210091556660e-03,8.725382951449666942e-04,1.093113122705710767e-03,1.544330087605849666e-03,7.067840349000644069e-04,6.298135762427149037e-05,1.552702742694898408e-03,5.410393702096982435e-03,5.115968453269397961e-03,1.258868443236205777e-03,3.144669613670894159e-03,3.620393881187326194e-03,3.986308736554210891e-06,1.519408702276941548e-03,1.774463047324548789e-03,2.250322824270149715e-04,1.944118786873386758e-04,3.871733682307684559e-04,2.959602667278037925e-03,1.696712502725077239e-04,1.550726020762872425e-03,1.345725574398561140e-04,4.795942390130511615e-05,6.008650229453468090e-04,8.537134998062106961e-03,1.656376260495676447e-03,1.520420654018079035e-05,1.178613591707021338e-05,4.583365880189796968e-04
9.712465097349451404e-03,9.971363149957322182e-04,3.223483959126598316e-04,6.102504513479116346e-04,2.362349660567829301e-03,6.376040883252903895e-04,2.192492472714274287e-03,6.172577295133294811e-04,9.006317523018224445e-04,5.318763520203858078e-03,2.260499788587043337e-03,2.290442507394364110e-03,3.574139810184419602e-03,2.152021405773671230e-03,3.315134694732642905e-03,1.598796954359420035e-03,5.292026969385384486e-04,3.387812938270442055e-04,1.506123884742560084e-03,2.112432755388264985e-03,5.703136201404190235e-05,3.630189249298268472e-03,2.554436585368780998e-03,1.376646583408501663e-04,6.085927244061407621e-05,3.546537387316735105e-04,5.818156866602703769e-04,4.365082738996299214e-04,3.945785860673862739e-04,4.452524919423961466e-04
3.199226355272372091e-02,1.321454863424746315e-03,5.493541861461291630e-04,4.860942484761743808e-04,2.295540001667118694e-03,1.011181246444880664e-04,2.120177765727108456e-03,7.372210042910958341e-04,6.707162671338211604e-03,5.328384823552821670e-03,1.894076232148173694e-03,1.548989480714764834e-03,3.856628476315892076e-04,1.675233584605723570e-03,2.220839816899035889e-03,1.783920484980913322e-03,7.476378373175463291e-03,3.308386737375670580e-04,3.989424716808874396e-04,2.341156404579739121e-03,1.679165857581452290e-03,1.800208482308999786e-03,6.131300275660097839e-05,2.041041568149977101e-04,2.373937634596400665e-04,4.331582999213967481e-04,1.250421045505505438e-03,4.072484865633086391e-03,3.724014088399826622e-04,4.387093923537186508e-04
8.404563389221237912e-01,1.463303672430979170e-03,8.195025702665717591e-04,5.960326891238641213e-04,2.686399857915614323e-04,7.972095722841088857e-04,2.141421725695031100e-03,8.996535499005971909e-03,4.639184614476276475e-03,3.955249017826319505e-03,1.350083429386598512e-03,3.154653548491165999e-03,3.602276131788317414e-03,1.783849088069020938e-03,1.597733326084098578e-03,1.872774809259521167e-03,6.833948348165559813e-04,1.626019663674515929e-04,1.499989371071455539e-04,3.002697297091961193e-03,7.733756260414104448e-05,1.810537719511840166e-03,4.074920632095934509e-04,8.352867992145150146e-05,5.817225725940819697e-04,1.999219951194300946e-04,7.240730317899673509e-04,2.715358162046161393e-03,3.750015604305944792e-04,4.758270084813674737e-04
3.014435471086779339e-02,1.371019554587878022e-03,4.334658822570735073e-04,2.699731868489056632e-03,2.924383046763688859e-03,6.357506561019728034e-04,2.149880911219299081e-03,1.333271871539557559e-03,6.721938228414585208e-03,4.063002222443145087e-03,1.874493704860805869e-03,1.713816476503608223e-04,3.136160089738737524e-03,1.658076883091107699e-03,1.936227946599945564e-04,1.488318564200127566e-03,6.833948348165559813e-04,1.210411849263605616e-03,4.123457511221449473e-04,3.027606678628316696e-03,7.731317967095512587e-05,2.507318636356056958e-03,9.392292053758000006e-04,1.172407909015165832e-04,2.390115736143253291e-04,8.005233602064311220e-04,6.660604204985075445e-04,8.385980315285708475e-05,3.366329739814323020e-04,2.259891670380827222e-03
5.133836464395672428e-01,9.413913380719261120e-04,3.946128517316809751e-04,1.088872060986101429e-03,2.325579603945186324e-03,1.142723793047345461e-04,7.968295724811399507e-04,8.226227832763593345e-03,2.293032239908221839e-04,6.666231962641950854e-04,2.971015768622045812e-03,4.463404582740047215e-04,3.165347504528947913e-03,1.647101379908504169e-03,2.894240010363304579e-04,1.752057870125039302e-03,1.000265324716684496e-03,3.983308946333559658e-04,7.143594842065957400e-04,1.468706483954787013e-03,2.251899263893596885e-04,2.509440259433964697e-03,8.910260922979557942e-04,1.406608976316247629e-05,1.266286843631855819e-04,1.831198076118641907e-04,2.602740251001895138e-03,4.085720993967570727e-03,3.910735112780760569e-04,1.208983937738023363e-03
5.501034521144551048e-01,6.932210997860391820e-04,9.923086624743261697e-04,3.162472580138283706e-03,2.335988479345987596e-03,6.365871027505836310e-04,1.443220405692772351e-02,6.826073003456962357e-04,2.765457069119491734e-04,2.048644597930728874e-03,1.487471483895339789e-03,4.404089895329009203e-04,3.149506407161027383e-03,1.865797593123404326e-03,2.916019926633947254e-03,2.082188854657201788e-03,5.084059914332505689e-04,1.941641666669582358e-04,6.663363250770893906e-04,2.962362826457811543e-03,1.587167863927062272e-03,1.372031573244079927e-03,3.565785440366357013e-04,4.695492461703811037e-05,2.011127505318197257e-04,4.199583079346045798e-04,1.534458851879210014e-03,4.166589098811721882e-03,3.812707388919191805e-04,1.916857136088764499e-04
4.113671177352543618e-01,9.194425695635843627e-04,4.362074332778164906e-04,7.912667133848946648e-04,2.389611308633127120e-03,1.922421138658917522e-04,2.202875067131001251e-03,1.226195888684522908e-04,5.204296985153265137e-04,3.616053712641354063e-04,1.952014724901538281e-03,4.078313883384008165e-04,3.649482103893554683e-03,1.117325751664363090e-04,1.124133790519227152e-03,1.694242930659368464e-03,8.828624654719957913e-04,3.938925415397721342e-04,7.087055336102834674e-04,2.751048316197592710e-03,1.470298687949650246e-04,7.616706828483372181e-04,7.019728880619540866e-05,1.813028823728102549e-04,1.849164321311732413e-04,1.892405162308574565e-04,2.649810034749272309e-03,3.945416913071652341e-03,5.297222057242217778e-04,1.253460981496833538e-03
1.314410186627159582e-01,4.832519624974523920e-03,1.993629679066783074e-03,4.810891704772427566e-04,1.552428720889169117e-03,6.240962946934803211e-04,1.632114920165042083e-03,7.825890884856482634e-04,7.306606840555554191e-03,5.196271455790518745e-03,1.884866064599108847e-03,1.502469212579953840e-04,3.632110142739777923e-03,3.769121180014445521e-06,1.666159354860384523e-03,1.698575633809205551e-03,2.250322824270149715e-04,4.244439829032592600e-04,3.953575017822036136e-04,1.342409084114739790e-02,1.654740316146577047e-03,6.377488415929429520e-04,3.123967752204804584e-03,1.747046309057521474e-04,2.666731876241836994e-04,7.847584457806593312e-04,2.653875058965920238e-03,9.287674007721694047e-05,5.052250645611021938e-05,1.452494512734269026e-04
3.098553897285654113e-01,1.123050567775069151e-03,4.241976156042018015e-04,5.903903377973802272e-04,2.344772446376200501e-03,3.872537429345855424e-04,2.135606246569381628e-03,7.165640948367938898e-03,2.690771071088809540e-04,6.446391720614516943e-04,1.936057617511287906e-03,4.396253099508156304e-04,3.949398260104796006e-04,1.840568047025273324e-03,1.083807761620254493e-03,1.293589579340373788e-03,6.731460665129090134e-04,3.935519913780626097e-04,7.220793520718560808e-04,2.123026112895479937e-03,6.615957992435737324e-04,1.582428181925405819e-03,1.214590694465714953e-03,1.604027774037632983e-04,9.123249733200658766e-05,4.036601355519664827e-03,2.913609693376982730e-03,2.807677190933130160e-05,1.107305155491490313e-04,1.229741897678769333e-03
7.318730025650141968e-01,4.807242279238306722e-03,9.868115813728779891e-04,8.461894137187916595e-05,2.389669221679702454e-03,5.979191117113643672e-04,6.506545109201357022e-05,1.510733438752857177e-04,5.201474875825198158e-04,7.556296113291601846e-05,1.911480762300613381e-03,3.992748649424913542e-04,3.649497695273049881e-03,1.824549603550498604e-03,1.123921637025539037e-03,1.906993469185488260e-03,8.828623616000025364e-04,3.936300314196856573e-04,7.216506054010544870e-04,2.740947981822799365e-03,7.059553536927100749e-05,3.014867410627792687e-03,7.016106702600347566e-05,2.649271087480724839e-04,1.850104322045266632e-04,3.870319816907079845e-03,1.492087356774800689e-03,3.899817068095298364e-03,3.914302148674891554e-04,1.267964295829236438e-03
8.702489724755257949e-02,9.208418851671630254e-04,4.564988311274950660e-04,6.154783593946442852e-04,2.672192672849660420e-04,8.394757420692748520e-04,9.771137561811037847e-04,8.267349189643259655e-03,7.651233383931428655e-04,1.753241661772685100e-04,1.955127667182665965e-03,5.145985416177880625e-04,3.655839280063330737e-03,5.242443158105294107e-04,3.084239747904830853e-03,1.700190245011610254e-03,8.932180503568416200e-04,2.046903278172170501e-04,3.999695846171623164e-05,2.657829538309201475e-03,7.676137395019282507e-05,7.117075117771940905e-04,5.935441218708034823e-04,1.590523259759961633e-04,2.393260179898888944e-04,4.075022640361247728e-03,1.514934820391981244e-03,2.480144340351024372e-03,3.944398838282276278e-04,1.323665408376999445e-03
7.312406104669766371e-04,1.746416455396051148e-03,9.870274483755674903e-04,1.407667509671096592e-03,2.422998872695532151e-03,7.038936577725067416e-04,6.506545109201357022e-05,8.185553803489705252e-03,6.437337890915099730e-04,7.648256691067693500e-05,2.380969477900984985e-03,2.303680645497336145e-04,3.654884704781457758e-03,1.631254364419713106e-03,1.164172525651741095e-03,1.905793348119322892e-03,8.782530883341876839e-04,3.936676932298916734e-04,7.218860801928147705e-04,2.733844925453586192e-03,2.456410601781223069e-04,2.490816152707349667e-03,9.416725718639313777e-04,1.188348293851161489e-04,1.850104322045266632e-04,3.836012596910794853e-03,1.472515752641519182e-03,5.320151295174284714e-03,3.928467815014255026e-04,2.211155037296885437e-03
9.133603433708799013e-01,7.924860123513935775e-04,1.946623183393086931e-03,6.561521775827874664e-04,2.340445157017479773e-03,7.077920621741426270e-04,2.153769160012069389e-03,1.249970278574028199e-03,2.735089179261148903e-04,2.774837810628156230e-03,1.891259925257568215e-03,3.410555440000515959e-04,3.162022549537503186e-03,1.930703176308375645e-03,3.095327092433563555e-03,6.292146536554446036e-03,8.911669733709825418e-04,4.090010976306859077e-04,7.119829940238381772e-04,2.587425175402328047e-03,1.403031280326012733e-04,1.578535318529094211e-03,1.118521348496913977e-03,3.190650460983237430e-03,8.805583722579205419e-05,7.435646998164261064e-05,2.800976302500915102e-03,8.313484151037527862e-05,1.908657061806785999e-04,5.039048509042649143e-04
3.288863683938331173e-02,1.746416455396051148e-03,9.868115813728779891e-04,1.397250278765659916e-03,3.033276448426474453e-03,6.403531224110571747e-04,6.506545109201357022e-05,8.337368761752580668e-04,6.349952348537947922e-04,3.078034357365398883e-04,2.382658043390543934e-03,3.992748649424913542e-04,3.654884704781457758e-03,1.813311428405294272e-03,1.123921637025539037e-03,1.905793348119322892e-03,8.782530883341876839e-04,3.936676932298916734e-04,9.601046997825113784e-05,2.733844925453586192e-03,4.323037337528070332e-04,2.503273091444301653e-03,6.875734941347668751e-05,2.648597310137220957e-04,1.852893191683204562e-04,3.836012596910794853e-03,1.472515752641519182e-03,5.320151295174284714e-03,4.598176239288432211e-04,1.267964295829236438e-03
2.347350682171012171e-03,7.598921822425350496e-04,3.901760243148673390e-04,3.097615710069083570e-03,2.459655256434409125e-03,1.248543279723505524e-05,6.846158331345485095e-05,1.481908456369713384e-04,9.344685859314103091e-04,5.191886856128653804e-03,1.939449250084526863e-03,4.074004110064006080e-04,3.336266657147149688e-04,4.952975123509371870e-04,1.903544181450014371e-03,1.934333585797259111e-03,2.049556260809686902e-04,3.309725396139732577e-04,2.876000474084699533e-03,9.759765377264756001e-03,3.723856380377934226e-03,2.311127369311863702e-03,8.353621128669547983e-04,2.064631196822934184e-04,9.274046174054492481e-05,8.278110164457428994e-04,1.451783509832527217e-03,3.377412047787529460e-04,5.569250111372386989e-04,2.388791449621091036e-04
7.740805261783733071e-01,3.219703209287992293e-03,3.480430391201328345e-04,5.844124697527218297e-04,2.333028745690943033e-03,2.622280520590608219e-05,1.423771868769182461e-04,6.953707943658284920e-05,8.682948476262724799e-04,6.475031452805932305e-04,1.886458612093761889e-03,4.885612560983565921e-04,3.121504030846315291e-03,5.275812524554161125e-04,8.078937081560991912e-03,1.952511182478994245e-03,8.916321494340574173e-04,3.213352570394580358e-04,7.922332153093944885e-04,1.304802576359453525e-03,5.521974305913741193e-04,2.350788129929183654e-03,8.298112779481918748e-04,1.586266457168044978e-04,2.456272246495393120e-04,4.629801580474693064e-04,1.466249886192094081e-03,2.388410627299565256e-03,3.945244182273287378e-04,1.352885358024575983e-03
3.370001001770651095e-01,7.978825523523962182e-04,9.868115813728779891e-04,3.152435174444704214e-03,2.340693793663101412e-03,1.796514133296861970e-04,1.777382065174148073e-04,8.004699375657800542e-03,6.480088455712378591e-04,2.431751481836565230e-04,1.295596786605043675e-03,3.988957560456768241e-04,3.088855471625987122e-03,1.824549603550498604e-03,1.053480548944095343e-03,6.536387847642953497e-03,8.815048276499457252e-04,3.936676932298916734e-04,1.230188975740447322e-04,3.011650528144484140e-03,1.471497372764798137e-04,3.014867410627792687e-03,6.875734941347668751e-05,1.143722600414841771e-04,1.850104322045266632e-04,3.513245150352603974e-04,1.514378543921497287e-03,3.956781397558142149e-03,3.776093593263227070e-04,1.267964295829236438e-03
1.762061926923000343e-01,1.962434772497963047e-03,1.956673037937733603e-03,6.020724159346205586e-04,2.508262193447166524e-04,1.399116416644306240e-05,3.756209337576164875e-05,1.469158136361160133e-03,3.212703485825295596e-04,1.087011036496352630e-04,1.810347220783523753e-03,7.991558740549640008e-04,2.639593608647803485e-02,1.677294793254309425e-03,1.547787753359595965e-03,1.937480173393674523e-03,6.894786167544362469e-04,4.790442825688912758e-04,3.993903613131709069e-04,1.348790653499400529e-03,9.647367583116525126e-05,2.287431655705799045e-03,3.164392989806720340e-03,1.307365939231023254e-04,2.120126712713860540e-04,4.765380541898450316e-04,6.968755023973667757e-04,3.989717207755613324e-04,5.070530271769102841e-04,4.930736552630445762e-04
6.997835172294705752e-02,1.141879043682988808e-03,3.241357172378346346e-04,2.758564745095700224e-03,1.918919643790143424e-03,6.260721946663153807e-04,1.671372082023328412e-03,7.799302472909250966e-03,4.235978000132264044e-04,5.345278327610219517e-03,1.906937140579182451e-03,5.584215112819613473e-04,2.605729994599342760e-03,1.696048595371858498e-03,2.356615484369335278e-04,1.813223465766469538e-03,2.465710892120270424e-04,3.896783690296638336e-04,3.946435256249941279e-04,1.879611499461971563e-03,1.400225264904479162e-03,1.463931729285017271e-03,1.138059847656931918e-03,8.709768173990081568e-05,1.827443023348649721e-04,3.461358844857808053e-04,1.513786087714616858e-03,3.213336889477912128e-04,3.772526952998132886e-04,6.797711796398308096e-05
4.523792844794502499e-02,7.976899391676544248e-04,9.868115813728779891e-04,3.099077901130368237e-03,2.340693793663101412e-03,1.128867297847087074e-05,9.536579247678800102e-05,8.184475699012747074e-03,2.362955617929128626e-04,1.799373648430406753e-04,1.179832669314567328e-03,4.519084853065259743e-04,3.904707140259305789e-04,1.700019378519465867e-03,1.123921637025539037e-03,1.927360745196931430e-03,1.151365954872788483e-04,3.936676932298916734e-04,2.755454374467710809e-03,3.409692652530822102e-03,3.730732304495712123e-03,3.014867410627792687e-03,2.343695430706527975e-05,9.637296210968527427e-05,1.844043807752848295e-04,3.028042705049338243e-04,2.692421585796704077e-03,7.362456352778250104e-05,3.805457031314166800e-04,7.340688409386679231e-04
3.255662429778277689e-02,1.734217206447702820e-03,9.913706566540086106e-04,1.397250278765659916e-03,3.033276448426474453e-03,8.108327240949559159e-04,6.749228323203791766e-05,8.337368761752580668e-04,8.545732405997035364e-04,3.107522895647573942e-04,2.383966288479899640e-03,3.992748649424913542e-04,3.121568617516517867e-03,1.813311428405294272e-03,8.016280454236086872e-03,1.904299754424141787e-03,8.782530883341876839e-04,3.936676932298916734e-04,4.812741892120579821e-05,1.364926901034786309e-03,4.328985978875943340e-04,2.503273091444301653e-03,6.875734941347668751e-05,1.597304771045315180e-04,1.852893191683204562e-04,3.795261179088311749e-04,1.331365882819794851e-03,5.320151295174284714e-03,4.598176239288432211e-04,1.267964295829236438e-03
4.923170035646469433e-03,7.978825523523962182e-04,9.836107787366159868e-04,3.156232304488648839e-03,2.340693793663101412e-03,6.626030295466454022e-04,9.536579247678800102e-05,8.030663298556769969e-03,2.362955617929128626e-04,3.745280201093433383e-04,1.177803630748844050e-03,1.215578832832910419e-03,3.578643021913811319e-03,1.825101099161486728e-03,1.123921637025539037e-03,1.311743181086441178e-03,8.815048276499457252e-04,3.936676932298916734e-04,1.426526509758790744e-03,3.143754552373491037e-03,3.513113273847792641e-04,3.014867410627792687e-03,7.697537424717162437e-05,1.130110300729861132e-04,1.844043807752848295e-04,8.600149880300952216e-04,2.612593133507877356e-03,5.327436795012373055e-05,3.805457031314166800e-04,7.440803927283443564e-04
9.248524629334687885e-01,1.100397366762423737e-03,1.003369566628432158e-03,2.671870646612708056e-03,1.532754017990108856e-03,7.865804412132129317e-04,1.055903376312127256e-04,7.307198296977856361e-05,5.206866548031130124e-04,2.758157084126163297e-04,2.471456695612398759e-03,4.007614279963034581e-04,2.844222084094521260e-04,1.790118863352375099e-03,1.572134028872836618e-03,1.348871409902533108e-03,8.961122035229603273e-04,3.182676497795154658e-04,7.624048217294229508e-04,2.078357551919557226e-03,1.880621648037100833e-04,1.578193609247765389e-03,9.530560541016173687e-04,3.091306206250311363e-03,9.035112738796460027e-05,4.587205911586560159e-04,2.707728905751028391e-03,3.526744936495633705e-04,3.696043583926725750e-04,7.424222649538853979e-04
7.771170277274550564e-01,9.020159058086746383e-04,9.780889501556123966e-04,5.844124697527218297e-04,2.333028745690943033e-03,8.100186427456243250e-04,1.423771868769182461e-04,8.312252574006139504e-04,6.310151822643278322e-04,5.449323990536184166e-04,1.889319942620273484e-03,4.873414892306959616e-04,3.133509342423442499e-03,1.692700045170018007e-03,1.344565237192787369e-03,2.069460127595689619e-03,8.785822813755681752e-04,3.208798028920043888e-04,7.817301120808253182e-04,2.915837736039699358e-03,3.376756262098942231e-04,2.346801408117722698e-03,6.771970645773761220e-05,2.729383283298269982e-04,2.452857458596305481e-04,3.809522703462416872e-03,1.466026736862499017e-03,2.522977592244326529e-03,3.935396562062675341e-04,1.350666798927457543e-03
5.099805421458794008e-01,8.949468026986899397e-04,3.946128517316809751e-04,1.105218487234986124e-03,2.924051147587839947e-03,1.048005703079400871e-04,1.665427629927953256e-03,8.454546288833935351e-04,2.293032239908221839e-04,5.379930286809743271e-04,1.148677270037287744e-03,4.884063371598725434e-04,3.165347504528947913e-03,1.694475115793717037e-03,3.143976176460673913e-03,1.752057870125039302e-03,1.000265324716684496e-03,4.234909171481350521e-04,3.940211528855445434e-04,1.281179666923004147e-03,2.251899263893596885e-04,1.559768667452985248e-03,8.910260922979557942e-04,1.549322716181698910e-04,2.667509863449901730e-04,2.405063670736105256e-04,1.466357617339058726e-03,2.550354733461969014e-03,5.039560232796789227e-04,4.761569552277494246e-04
3.829051120092259453e-01,7.924860123513935775e-04,1.943544525174041148e-03,6.561521775827874664e-04,2.340445157017479773e-03,7.077920621741426270e-04,2.166773789349224315e-03,1.580221768369511823e-03,3.196409368984105197e-04,2.836719626561359352e-03,1.284614027083373199e-03,7.940916158864683681e-04,3.162022549537503186e-03,2.365818071856475632e-05,1.114748205963063486e-03,1.883905450636473838e-03,8.917332191497612942e-04,4.100126779218818971e-04,7.221762441302474224e-04,2.996246101072244476e-03,8.184367131291157317e-05,4.727743738252026748e-03,1.117155600595934415e-03,1.604027774037632983e-04,2.450290938325834825e-04,7.435646998164261064e-05,2.800976302500915102e-03,2.958698182943333282e-03,3.501359005002356931e-04,5.039048509042649143e-04
8.607584194722590620e-01,7.871129009264002906e-04,4.425463782170258823e-04,3.146280974899791534e-03,3.080245682888422577e-03,7.052593439108612331e-04,1.969732733103500728e-03,3.378914598409880898e-04,1.301738736109647396e-05,5.318912768993789945e-03,2.819885563697424082e-03,7.530234173737482099e-04,3.591475223683983885e-03,1.444711861755037987e-04,3.119538997335960170e-03,1.391138519758603224e-03,6.198777977059280204e-04,4.362995702686828258e-04,6.922850533332621263e-04,3.373535046582893781e-03,5.954794459825684300e-05,1.510322823903912032e-03,8.167530076166291475e-04,1.232649228991280956e-04,7.127532061008959503e-05,3.409509125737741637e-04,1.504806302980898859e-03,9.929357180974976091e-04,1.883286125790865808e-04,1.184566335887365192e-03
2.774174292644021600e-02,1.751027863246938177e-03,9.878057340403855694e-04,1.367956828715535681e-03,3.033276448426474453e-03,8.207683646128825696e-04,7.021559045893088291e-04,8.337368761752580668e-04,6.349952348537947922e-04,3.078034357365398883e-04,2.378849849895109305e-03,3.992748649424913542e-04,3.621273298697547972e-03,1.813311428405294272e-03,1.071151675844746057e-03,1.872651681079734844e-03,8.782530883341876839e-04,9.963886527771659415e-05,1.501089836573854237e-04,2.733844925453586192e-03,6.740476988590174152e-05,2.503159422304370319e-03,2.690678594732492587e-03,2.648597310137220957e-04,1.855938579902954389e-04,2.964750033425884827e-03,1.472515752641519182e-03,2.957321792728737422e-03,4.639538802977759930e-04,1.266376454792241240e-03
8.481031422143876508e-01,2.025493467216045538e-03,9.849196340245287406e-04,2.661657750772140636e-04,1.731060275265269757e-04,6.934403523389171854e-04,2.765788532070262342e-03,3.290007826421578155e-04,1.032910760314904950e-05,3.428246213413520499e-04,2.050904893476911909e-03,3.315130718325229710e-04,2.144036874932258793e-03,2.045006426336491972e-03,1.050817305613288262e-03,1.266524507519028748e-03,8.911901202178591427e-04,4.824590934441787423e-04,3.850853978726278735e-04,3.367275874342560028e-03,1.883661771862055461e-04,1.578193609247765389e-03,1.085497197603771174e-03,3.189860254091940722e-03,6.031532864896603404e-05,6.170221451703478046e-04,2.949443438401340781e-03,9.793487454485289706e-04,1.868866050390190344e-04,4.616986160378912414e-04
2.433631296232186825e-01,1.332470689234778287e-03,4.367003258609696535e-04,3.152755503524169549e-03,2.445005347325976668e-03,7.175632313438321669e-04,1.662495505897329832e-03,8.448491092857002283e-03,9.970625240035872142e-04,1.934045867144768005e-04,1.831395348758501447e-03,4.137673399496175530e-04,3.653606241851030736e-03,1.697811829261218746e-03,3.117734282307406228e-03,1.799426349884582915e-03,1.756381225472444753e-04,3.176944838489110623e-04,2.641203338395163190e-04,1.859286109871688061e-03,2.427356037448251294e-04,2.503796328816718618e-03,8.599561326879100751e-05,4.163604688921618919e-05,3.850093526354644077e-04,2.827592894096826823e-04,1.563990545530830273e-03,3.617018639800765809e-04,5.167398949795218082e-04,1.268487267759997768e-03
6.675129519753923990e-01,7.598957305554322446e-04,3.754757878049301296e-05,1.347108739651220553e-03,3.146451776642822731e-03,1.950630699618992965e-05,1.471870215370342126e-03,3.807510694691425973e-05,2.210638244646896287e-04,1.330129865387559129e-04,2.901720342741038669e-03,2.530503403249743629e-04,1.745671748474434196e-04,5.120070526881814873e-04,1.922944569188271818e-03,1.265408952649785864e-03,2.360709228455555152e-04,1.481380846297475156e-04,8.359373113276660425e-05,3.169218760580096855e-03,1.703091157790826956e-03,1.684918278948481594e-03,6.369689573210124108e-04,1.699286475640954079e-04,2.127839417158384192e-04,6.629262451927409906e-04,1.450977582950071457e-03,2.381881524601606160e-04,3.738772459013513629e-04,2.361529412537477393e-04
6.471633236689646740e-01,1.327305510395563899e-03,1.005144983900606737e-03,2.725880927403891499e-03,2.427390858375777331e-03,1.721619266943088481e-04,1.662495505897329832e-03,2.767494741649617271e-03,9.971711932510389075e-04,2.907954893685082455e-03,1.900459263152288764e-03,4.518141608753616784e-04,3.682957679963788991e-03,1.826397724615853218e-03,3.129727514013344591e-03,1.385913950995595759e-03,1.875036014155164518e-04,3.857115790433034933e-04,3.940180830010591448e-04,2.134828746769932856e-03,4.278210567937996934e-04,1.497590329220480337e-03,9.731486240012740064e-04,1.099482866711894299e-04,2.313474934009801943e-04,1.046255262993922596e-04,1.560599299938228521e-03,2.603471767809834806e-04,3.727164378648701085e-04,4.088684965736156716e-04
3.857530390522899144e-01,7.885896685875517717e-06,4.359124950958775404e-04,2.592268981087230556e-03,3.413227973581790722e-04,2.442397158095062229e-04,1.393343216469802599e-03,8.426464023615215515e-04,2.627444153315194788e-04,2.684894839233871043e-04,1.233014189830469644e-03,1.367967761080141282e-04,2.178344523800439681e-03,8.698271617480613340e-05,1.052917925025237183e-03,1.477314718941316607e-03,6.820792684397289276e-04,4.049850429711662433e-04,7.148609398902987244e-04,1.897257891507938068e-03,6.540217770676621340e-04,4.660026471005881271e-03,8.341147840469208697e-04,2.753772922158883847e-05,2.612858145732428316e-05,2.150189889006081637e-04,2.944185145518787329e-03,3.922273772330562777e-03,3.676025780736608475e-04,1.267241644174613938e-03
3.252902273890324047e-01,1.123050567775069151e-03,3.982159096648021923e-04,1.397403661508507013e-03,3.541842215035811980e-03,1.749651737607114022e-05,2.135606246569381628e-03,5.696891612674967117e-05,2.183094420805232843e-04,6.386187532185047967e-04,2.220303800748296523e-03,4.396253099508156304e-04,3.293530215497288550e-04,1.827783826636404218e-03,4.024222545404233429e-04,1.287643771036354329e-03,6.846707989142735654e-04,1.822601847749878517e-05,7.220793520718560808e-04,2.166868828099755180e-03,6.560523449287395011e-05,1.582428181925405819e-03,2.671567853271087159e-03,1.340606622878071162e-04,7.013679826325488922e-05,7.661768059634053128e-04,2.912464021720525143e-03,5.514777413395413608e-03,1.104801343451118439e-04,1.229741897678769333e-03
8.828241169974720970e-01,1.909578631451194818e-03,1.002837520523040056e-04,1.317689837851478227e-03,2.365393904918209299e-03,7.052827763708289545e-04,1.388182410632341456e-03,7.765033522156248105e-03,4.823989378547078113e-03,3.773479056666875775e-05,1.945893449729153846e-03,2.899348689223034924e-03,3.408799719645813978e-04,1.826174504311682545e-03,3.055010546776709343e-03,4.875113718589239691e-03,6.826853391375940251e-04,4.821047493639314934e-04,2.496220391579646695e-03,3.009060473771102244e-03,1.548271562522600484e-03,1.578350159668478591e-03,3.545454699852674477e-04,1.002535295348722186e-03,8.764843268383110467e-05,1.345057216676564475e-04,2.914337687221489701e-03,1.494489326838490187e-03,4.969879218577441700e-04,4.930266133009314489e-04
9.400713318590144807e-01,2.022039015226857750e-03,9.813159509480565926e-04,3.022535628709722543e-03,2.793910575207925271e-04,2.314887004066726187e-04,2.196091328331909679e-03,1.065845597584599153e-03,1.841640505491423749e-03,3.463764091296756865e-04,1.243225673492587150e-03,1.212400148408304939e-04,2.655816221295305944e-03,1.995733605651542775e-03,2.167654264037036354e-04,1.266648686721698162e-03,7.735866005561458508e-03,4.049669928522137857e-04,6.990795589569454190e-04,2.024490789369072594e-03,2.534255591847512853e-04,1.580640199493169289e-03,1.101627160247977636e-03,6.018177978339827867e-05,6.022658091971963860e-05,3.514233350418854160e-04,1.587059379288872918e-03,5.420550248458695132e-03,3.799346021797825584e-04,1.131636126992069738e-03
8.727843352426765122e-01,2.024776336458092123e-03,9.890311664186484178e-04,1.090622703171493764e-03,1.909477765277202855e-04,7.064521027517417853e-04,4.635119423869551482e-04,4.906311333173537376e-04,2.293032239908221839e-04,5.059836094253152873e-03,2.908498911136048366e-03,2.995360514212425215e-04,3.167195194542489576e-03,2.043683764138146987e-03,3.193454426110333734e-03,1.282434321178833360e-03,6.762865864063615211e-04,3.218754267484752658e-04,3.807756004527025053e-04,1.498467882632773581e-03,2.452580136205856050e-04,2.503895759901543071e-03,8.087815925350472397e-04,3.220035658467462411e-03,6.088743333060798373e-05,2.369589662688370557e-04,1.456819608993182311e-03,9.328168240590915480e-06,1.096872038985499356e-04,4.302393206751177653e-04
8.930460486624418603e-01,1.068698437069542971e-03,4.366787394143476441e-04,3.153394251601300026e-03,2.357259867889954568e-04,4.281205006546737928e-05,8.375227736861102362e-05,8.964473361592825706e-05,6.480088455712378591e-04,4.153779080914589937e-04,1.243208707308144766e-03,4.054095290241289408e-04,3.356878176051165605e-03,1.820987192824108499e-03,1.526330135206841604e-03,2.036049483893555279e-03,9.366436059462040446e-04,4.859948416711877789e-04,7.655906281608385782e-04,3.181743730735404809e-03,9.774517429638831004e-05,6.549812923831422294e-04,1.232562147726286913e-03,1.605796950323038408e-04,2.583028195354887015e-04,4.329301495754410531e-04,4.778969842942249087e-04,3.848618054570803002e-03,3.912330425636094833e-04,3.763579800694269971e-04
2.327195129037412658e-02,1.744645756606480773e-03,3.946399453150481506e-04,2.707255664995004800e-03,3.668875904911523579e-03,6.533516425628895473e-04,7.068475009672030816e-05,9.379656521257832141e-03,2.245578288565563453e-04,2.228453583716545616e-04,1.866469484451042807e-03,1.732884790686177413e-04,2.241207744163803764e-05,1.701944613755750372e-03,3.132718088684188513e-03,1.740689277020963802e-03,2.339901780970490993e-04,3.310299601292186343e-04,7.222880111857870721e-04,2.333474125825863929e-03,4.507985380588870258e-04,4.674454810222283992e-03,9.025276996125265218e-04,7.250166025137011342e-05,6.935860376503853015e-05,2.336448768927380294e-04,1.697336289565810809e-03,5.791960283783048787e-03,3.747387736406555554e-04,4.288025800548994496e-04
2.118623143814203913e-01,2.102049387864734185e-03,9.791632264230629330e-04,3.165014242883139664e-04,2.721491864288082003e-03,8.262105607930506340e-04,1.561154036302901367e-03,7.989406504277643192e-03,1.226712064014414457e-03,6.214238701712336208e-03,2.900947398888072820e-03,3.451703265692122684e-04,3.605564891647849643e-03,5.374575500563735786e-04,2.686000734026282050e-03,3.560845556758607949e-04,8.762365958139796060e-04,2.132596367854895907e-03,1.061278082470524251e-03,2.834160754984715001e-03,1.244446663006017726e-04,1.206857376802570984e-02,1.583208229092510381e-04,5.665558764577391208e-05,3.510497391763169224e-04,4.408075616275701166e-04,1.487235817284837626e-03,4.604946682512384669e-03,5.210707208825935246e-04,1.322301417013247186e-03
3.405582606508189558e-01,1.325214497678578593e-03,4.327383585539030424e-04,6.511323054483554237e-04,1.438185179344933680e-03,1.610965096517779239e-04,1.392227089960242819e-03,1.123976564307279345e-03,2.066654318682662199e-04,3.382675242208865404e-04,2.981037002893557539e-03,8.860901435363060727e-06,3.088592537897988117e-03,1.843667437344719256e-03,8.430503577135535758e-04,1.710855366972900476e-03,6.733396273675068067e-04,8.008399486827242502e-05,1.506372043212419066e-04,1.397297709749973889e-03,2.379610369291157922e-04,1.561235642790428533e-03,9.131596723524336868e-04,9.234114765397857805e-05,4.075670150905498859e-05,3.517754447403866340e-04,1.455055773467192658e-03,1.179939512483841463e-04,5.232031590998283349e-04,4.996122520994248587e-04
7.869330681483766021e-02,2.133008163402446561e-03,2.005764971069980227e-03,6.100814449928448208e-04,1.401716434080336896e-03,1.028723077488461011e-04,2.391489118061056773e-05,6.390420851929237180e-04,7.816321003291546929e-04,5.161777292030214452e-03,2.619845501753142493e-03,2.130702713676835020e-03,3.204515514672942947e-03,1.997539601265409422e-03,1.502685961525470487e-03,1.337463781087962862e-03,2.130680482546427543e-04,3.339890018665289347e-04,3.707454606457162485e-04,2.658172262244177207e-03,9.649852966422561601e-05,1.611168736594359137e-03,1.970961005889791066e-03,1.023589098608289707e-04,1.255606245294792764e-04,5.543302852752222953e-04,5.535860889560775388e-04,5.384578350869894010e-03,3.903916306215213889e-04,3.762701886505682037e-04
8.219273238631954470e-01,8.743467365672534996e-04,9.925556641620150982e-04,6.899860733227040997e-04,2.336587429820557397e-03,6.266349924742386883e-04,1.389173714097612208e-04,8.171496891528570033e-03,6.098252887688509908e-04,1.811792566663613822e-03,2.041313411364706516e-03,9.481310095223944895e-05,3.129901246707541586e-03,1.730610483707870247e-03,1.050895861228902037e-03,1.857959891254679172e-03,6.851896034258364273e-04,3.330316808099288489e-04,1.506280236848820536e-04,1.391537364580543038e-03,1.473297652198015306e-04,2.291598561389610739e-03,3.160367474544225285e-04,1.605930605099553893e-04,2.381722778459845376e-04,3.126294192171462719e-04,2.623684227353803577e-03,1.857179035692702734e-03,1.410760816649883999e-04,1.410168982166263955e-03
8.628918038068844609e-02,1.998166417760992037e-03,5.668416315948484729e-04,4.964241745470466052e-04,2.427390858375777331e-03,1.653004986475458684e-04,9.529222666130239029e-04,8.274670507498443905e-03,9.971711932510389075e-04,2.860252396156593834e-03,1.858935142505578880e-03,5.152758337282971638e-04,3.656118115613312628e-03,1.850061818864235600e-03,4.066712598755960282e-04,1.782433015245204122e-03,1.120063507963270540e-03,3.195797845864486097e-04,1.885461006996640414e-04,1.785567121014873309e-03,3.934300147068174212e-04,1.512106852222001776e-03,5.890983001706742630e-04,9.043902352152467274e-05,2.301875277490746899e-04,8.228211910301150680e-04,2.836304750152755013e-03,3.657464167530412747e-04,3.765028425028258807e-04,1.222090861676925671e-03
5.690644811333275266e-01,9.891569467202218982e-04,4.564988311274950660e-04,6.154743906423645623e-04,2.672192672849660420e-04,8.394757420692748520e-04,1.701361584124541247e-03,7.234032567739666526e-03,7.651233383931428655e-04,1.753241661772685100e-04,1.952672878178335087e-03,1.773027743841444593e-04,3.683580741337743030e-03,5.242443158105294107e-04,3.084239747904830853e-03,1.700190245011610254e-03,8.932180503568416200e-04,2.046903278172170501e-04,3.999695846171623164e-05,2.100869170449367294e-03,9.137185819549668506e-05,6.988801191211645690e-04,9.507666513854034314e-04,1.590523259759961633e-04,2.393127135871156821e-04,4.075022640361247728e-03,1.514934820391981244e-03,2.450155886501153169e-03,3.944398838282276278e-04,1.321999416387157093e-03
3.316374223660859544e-01,1.325214497678578593e-03,4.327383585539030424e-04,6.511323054483554237e-04,3.248094570680519315e-03,1.636156179670751197e-04,1.392227089960242819e-03,9.650671161048900333e-04,2.110983319793487730e-04,3.382675242208865404e-04,2.964055850251247175e-03,8.860901435363060727e-06,3.088592537897988117e-03,1.843667437344719256e-03,8.063928165786716108e-04,1.726084555800254470e-03,6.733396273675068067e-04,1.517705624983668874e-04,1.544440569509138205e-04,2.936833062587984079e-03,1.702698792108141984e-03,1.561235642790428533e-03,2.810207691452581069e-04,1.651267360693545877e-04,4.075670150905498859e-05,3.517754447403866340e-04,1.460093878821897831e-03,1.179939512483841463e-04,5.240351077492728894e-04,4.996122520994248587e-04
4.969454090967949655e-01,7.213515509992991619e-03,4.360400301314661217e-04,2.633184225167145565e-03,1.864345505829558252e-04,2.003279467621628439e-05,2.133997759988064558e-03,4.863491265136598608e-04,2.742501473236651742e-04,2.680901616602355078e-04,1.886761961380823945e-03,2.602707080517045073e-04,2.150764393656941133e-03,9.383418454094686473e-05,7.509848354179382828e-04,1.736600512302374603e-03,6.549991971965144020e-04,4.025810568101050686e-04,7.148609398902987244e-04,2.125623221526585366e-03,6.540217770676621340e-04,2.477456957253235288e-03,8.371319708473886657e-04,3.344220556946617910e-03,1.808209205648384085e-04,2.153035444584115645e-04,1.480984108865542959e-03,3.738099047993736525e-03,3.988517382062037190e-04,1.250476917419449368e-03
6.945596918952521293e-01,3.741084596495531777e-04,5.653727923728591332e-04,2.681809661828962136e-03,1.490649245911673543e-03,1.679060405132374331e-04,1.030336569640870684e-04,5.213487242643378853e-04,1.032877279441872607e-03,4.293373001309748818e-05,1.909526751009606865e-03,2.355491928091721018e-04,3.173812108377692918e-03,1.701888135734933851e-03,3.196189655319009015e-03,6.000676749442948599e-03,1.894310091859798537e-04,3.868061512667658871e-04,7.227154381064740266e-04,2.995869994577422118e-03,4.128855429411299773e-04,4.494721905398572220e-03,9.066918392896441276e-04,9.083578756386520450e-05,5.852565883734579550e-04,7.889446363996933335e-04,1.528438001848378674e-03,3.468221318507574112e-04,4.995321588146962172e-04,4.488308280327610073e-04
7.380966514778625198e-02,5.027228661505418056e-03,2.005764971069980227e-03,6.100814449928448208e-04,1.382269739964431515e-03,1.028723077488461011e-04,2.391489118061056773e-05,6.390420851929237180e-04,7.816321003291546929e-04,6.182424938886224575e-04,2.625417449799580076e-03,2.130702713676835020e-03,3.204515514672942947e-03,2.797535426440561981e-04,1.155472287499714843e-03,6.655262200554260812e-04,2.130680482546427543e-04,3.339890018665289347e-04,3.707454606457162485e-04,2.749120090506384367e-03,9.649852966422561601e-05,1.611168736594359137e-03,1.970961005889791066e-03,1.023589098608289707e-04,1.255606245294792764e-04,5.542532713012817813e-04,5.535860889560775388e-04,5.384578350869894010e-03,3.903916306215213889e-04,3.762212215725265364e-04
8.723366104059179227e-01,2.025493467216045538e-03,6.964833342273941529e-04,2.980620843371250997e-04,1.731060275265269757e-04,6.934403523389171854e-04,2.530989985126476903e-03,3.290007826421578155e-04,1.032910760314904950e-05,5.434094725066245532e-04,2.050904893476911909e-03,4.844787439047541951e-04,3.147219666472414728e-03,1.689609386705555067e-03,1.054027608308156366e-03,1.266524507519028748e-03,8.911901202178591427e-04,4.824590934441787423e-04,7.838696381481677442e-04,3.367275874342560028e-03,3.363040907897308198e-04,2.340443809412793511e-03,1.085497197603771174e-03,3.189860254091940722e-03,6.516436965102758957e-05,4.014269309509134465e-03,1.415360340605166956e-03,9.793487454485289706e-04,1.868866050390190344e-04,1.400469181944224550e-03
2.010586100376228758e-01,1.121000041072543188e-03,3.943154839778215863e-04,1.090428289107840806e-03,3.534923056597349782e-03,7.996670550012686214e-04,1.776541142177965986e-03,8.313537635362001910e-03,2.301532029011471949e-04,4.523125724511259382e-03,1.844145213024081173e-03,4.398060940231837668e-04,2.862165796498220092e-04,1.823348145947388966e-03,1.112208264397332750e-03,1.752057870125039302e-03,6.687170801906405738e-04,2.172857258577536271e-05,3.762634113457376901e-04,2.095703300877215479e-03,6.318901954451285291e-05,1.570130694382525748e-03,8.910260922979557942e-04,1.959751768168364883e-05,7.409356383546443926e-05,2.369589662688370557e-04,1.474297000067790672e-03,1.025283559616835553e-04,5.039560232796789227e-04,1.247433962475516002e-03
5.857279558990793333e-01,1.136636399425858170e-03,4.241976156042018015e-04,5.903903377973802272e-04,2.344772446376200501e-03,1.601792918403596982e-04,2.151677648823699905e-03,7.243436828568794970e-03,2.690771071088809540e-04,6.670872732333159826e-04,1.936057617511287906e-03,4.396253099508156304e-04,3.190117786164813063e-04,1.840568047025273324e-03,1.083807761620254493e-03,1.790568031311666562e-03,6.731460665129090134e-04,3.209575863450989629e-04,7.559949631564867080e-04,1.789285502060863854e-03,6.615957992435737324e-04,1.582428181925405819e-03,1.212084779995029060e-03,9.264613389779436205e-05,9.123249733200658766e-05,4.036601355519664827e-03,2.836728179095658608e-03,3.420752773719169457e-04,1.107305155491490313e-04,1.220505351579292356e-03
6.281484089400268811e-03,1.890781947274560240e-05,3.851928255670678002e-04,2.661657750772140636e-04,3.077026706014124834e-04,6.452501690232420074e-04,1.206957710786719234e-04,1.247234987992302179e-03,6.839942053640350739e-04,2.699691958007641689e-04,1.232852117928702603e-03,1.855021990805657672e-04,3.783027906456232561e-04,1.612358654520350395e-04,3.166420082994961683e-03,3.665314099247687137e-03,6.758658782871465641e-04,4.859152844315388809e-04,3.844620851254338485e-04,1.434095788957197564e-03,1.617430768246985121e-04,1.580380227524994441e-03,1.082547645997727209e-03,3.150202494368678323e-03,3.665340256175069335e-04,6.166724006047146238e-04,3.028912249267023613e-03,1.291755635419345079e-04,3.745597348508220145e-04,4.612050940272022703e-04
8.980218308480378830e-01,8.743467365672534996e-04,4.197995041487836434e-04,3.173948494921288201e-03,2.447664906083431811e-03,6.266349924742386883e-04,1.931800360064564329e-04,8.458724527396191753e-03,6.186143481601381671e-04,1.857920688902318972e-04,2.041313411364706516e-03,9.481310095223944895e-05,3.129901246707541586e-03,1.730610483707870247e-03,9.870760217922497880e-04,1.330497750676724704e-04,6.851896034258364273e-04,3.181222437266356630e-04,1.506280236848820536e-04,1.391537364580543038e-03,1.436703398276563425e-04,1.489366502433754971e-03,8.405510530621480554e-05,1.530253174149842632e-04,2.381722778459845376e-04,2.829749364088324378e-04,2.591866284002663362e-03,1.857179035692702734e-03,1.465885689094686473e-04,1.416083430046395034e-03
6.020844376044469648e-01,1.350753033049631067e-03,4.350297972994480599e-04,2.673859604237117157e-03,1.438970547438119061e-03,8.078761754924208491e-04,1.753890623969071860e-03,3.780353334157000866e-04,7.821910374616260382e-04,2.781230134136696095e-03,1.893170926701875185e-03,3.208172650630089322e-03,3.156038630686272637e-03,1.814289815745281182e-03,1.981952169733950785e-03,1.684870717783010317e-03,1.856950763472466569e-04,4.265233683718151975e-04,7.592534377358526546e-04,1.359391807421130765e-03,1.183056484701425464e-04,2.313153636399870386e-03,4.365866143167495259e-04,9.351535956394957979e-05,3.451105317005640914e-04,5.411616782733795917e-04,1.281783031130607955e-03,5.403318645746443133e-03,3.942806856663435265e-04,1.252146636078811139e-03
7.954312180727275416e-01,4.790382879584338671e-03,4.373992877001454363e-04,5.513444179322550456e-04,1.481294059931518269e-03,7.066794966425543265e-04,6.270660835083173568e-04,5.404617743410182820e-04,5.300519305839074833e-04,3.028928511032602695e-04,2.628280586594880074e-03,4.382574327858849311e-04,2.666171976131578511e-04,1.345994681625519145e-04,1.532484936074588475e-03,1.745410782691563445e-03,2.173034913433567240e-04,2.365422784015753794e-04,1.905642698531463393e-04,2.099751025519350917e-03,1.529765893447808563e-04,1.232838546254678416e-03,2.518971041221935211e-03,6.317274569258671019e-05,4.834377988524949776e-04,8.682203672315263673e-03,1.548146979171617513e-03,2.530068155428037528e-03,3.934569070562023195e-04,1.245667527813780961e-03
3.496678340385789285e-01,2.912993827312897123e-04,3.391861508808460129e-04,2.954128392377233661e-04,2.278162651479205027e-03,8.481398104914139244e-04,2.300156335621856511e-04,7.978304915397319008e-03,2.057779392114036422e-04,2.054106288114211296e-03,1.200784289698461280e-03,2.516912573314936921e-04,3.089314065589603316e-03,1.822909286825446801e-03,2.193748360149924128e-04,2.069399798141505556e-03,8.576992883848786556e-04,9.823691090286738924e-05,1.561855568548669421e-04,1.306402839814975285e-03,1.467193389796079357e-04,7.816301968088051021e-04,4.460444504453555493e-05,1.694910527087592261e-04,3.566570747049004932e-04,6.565874427466993632e-04,2.638536788206025975e-03,3.956459580265476138e-03,5.404049501395561967e-04,1.432958147677428897e-03
1.072073551026603289e-02,1.058084228705960354e-03,9.886237626184029952e-04,6.338898053166098405e-04,2.355886600303058092e-04,4.846222545336230890e-03,7.605259669989984130e-05,2.003854473040600839e-04,9.274018836785066777e-04,8.704192910403109264e-05,1.888549113910285068e-03,2.960962887078407400e-03,2.844222084094521260e-04,1.771455572055573822e-03,3.467567950441168435e-04,1.694407203576793648e-03,6.876909406833475388e-04,3.800484383721887730e-04,2.008844840737997314e-04,2.892655524053282592e-03,4.198814427147516183e-04,1.575010616189737641e-03,2.487101342396741952e-04,3.093674022437220734e-03,9.053833292408545519e-05,4.327847769722077318e-04,2.876147830698754914e-03,4.395025102000067350e-04,3.501234204082440604e-04,1.232741803083083195e-03
8.644367612595191819e-01,2.025493467216045538e-03,6.964833342273941529e-04,2.980620843371250997e-04,1.731060275265269757e-04,6.939183737902429724e-04,2.424750903852490938e-03,3.290007826421578155e-04,2.407186762159064120e-05,5.055369130575878764e-03,2.055081237233749407e-03,2.305861064816675768e-04,3.147219666472414728e-03,1.669417079571800184e-03,1.087759973774099975e-03,1.321356101168276323e-03,8.911901202178591427e-04,4.824590934441787423e-04,7.814469167685128689e-04,3.448780947796505156e-03,1.489991056156328040e-04,2.340443809412793511e-03,8.889178542826670949e-06,3.189860254091940722e-03,6.516436965102758957e-05,4.014269309509134465e-03,1.439548072336527523e-03,9.214032914691416831e-04,5.543354003471584034e-04,1.400469181944224550e-03
7.358776066925024617e-01,4.797189310818563909e-03,4.375748746805856464e-04,7.624420070940045313e-04,2.471654115465573946e-05,8.144611517339142180e-04,2.049142364763547816e-03,8.762998486249260616e-04,5.381820012786423446e-04,3.474667705243889189e-04,2.232387836225997475e-03,4.862352882946547055e-04,3.276260536879058594e-03,1.691486748352752888e-03,1.423921918819776641e-03,5.898946389788758743e-04,6.847335472968038832e-04,4.799167275683172704e-04,2.037172604453217910e-04,2.735717904802504111e-03,1.509218846643300602e-04,4.832000934800601000e-06,8.693704889159610538e-05,1.613019279264892611e-04,5.499247503666151830e-03,3.543675952512466941e-04,1.548146979171617513e-03,5.896022584339235748e-03,5.295211991308934434e-04,4.192072757448554428e-04
1.250694837291288497e-03,5.130604156323660160e-03,9.686695818952143237e-04,1.254130632544192808e-03,2.335305699341410496e-03,5.562469150077639342e-05,1.686061817088871156e-03,5.501891678681212865e-04,5.716978460241759798e-04,5.062136737894323835e-03,2.904198418679084653e-03,3.330777067056347497e-04,3.639705440951403019e-03,1.678657073457447439e-03,2.291763333522736385e-03,1.693397297720008934e-03,8.723353508840313731e-04,3.908602218527039950e-04,7.074180872997091508e-04,3.144947871151736185e-03,5.622909951417639270e-05,2.307094110788934001e-03,3.557335032663065623e-04,2.934189022895153896e-05,2.273210540586028099e-04,3.535348535676231785e-04,1.528115661776715054e-03,5.431160867298558500e-05,4.945837617083196193e-04,4.890512805415177548e-04
4.905794710324185709e-02,1.982928102620397544e-03,4.467511080150304110e-04,5.908058896332004598e-04,1.569247772029441421e-03,8.341009143154388440e-05,2.705525166049717670e-03,2.028312078801678287e-04,2.045815387520107348e-05,2.422685495906732288e-04,1.011163764295842362e-03,3.034831612903640154e-03,3.133889050765180199e-04,9.777863027906100960e-05,1.058933946659283481e-03,6.409132866685761896e-03,6.837199933814078982e-04,3.807717220307904799e-04,1.453874307307395208e-03,2.895469697653227197e-03,2.389210336480271932e-04,3.605626923761691503e-03,2.647357343657816102e-04,4.754554993812154371e-05,4.474712793195098626e-05,4.011080299323711851e-03,2.900762311759828328e-03,4.427922299708786694e-04,2.049483304703561212e-04,4.443571786736860772e-04
1.016088908924329126e-01,1.058084228705960354e-03,9.886237626184029952e-04,9.995127491079039981e-05,2.692959988170876267e-03,5.878692297766882147e-04,1.376302466959486307e-04,8.346315723538919734e-03,1.303949410242886747e-03,8.391657453489967757e-05,1.888549113910285068e-03,3.475213351486273789e-04,2.844222084094521260e-04,1.767347545443036065e-03,3.467567950441168435e-04,1.733983783775014430e-03,8.911800469830900417e-04,3.182676497795154658e-04,2.008844840737997314e-04,1.770602811106707650e-03,4.198814427147516183e-04,1.574554352947018327e-03,3.653886879899660147e-04,3.093674022437220734e-03,9.053833292408545519e-05,4.318226023791039547e-04,1.587679816854843141e-03,5.394050574581801035e-04,3.720786862779496408e-04,1.322749297105897627e-03
5.084129975387635669e-02,1.325214497678578593e-03,1.141076671071279041e-04,6.580043844044015499e-04,1.438185179344933680e-03,1.610965096517779239e-04,2.820247773008382683e-03,1.123976564307279345e-03,5.746633597164510672e-04,5.102997584920230048e-03,3.029578369527270981e-03,4.884266152435554585e-04,2.846481467412825990e-03,5.679151224180212492e-04,8.430503577135535758e-04,3.856384368712290761e-03,6.822777193052629360e-04,2.965269140142308109e-04,6.983288702962354814e-04,2.475969927378716094e-03,2.401481481340572992e-04,1.561235642790428533e-03,9.144798864717826412e-04,9.202473296330495754e-05,6.303225597145437563e-05,3.517754447403866340e-04,1.455055773467192658e-03,6.869197821806981687e-05,5.238573532755979797e-04,1.179522362576577391e-03
9.020829914537746852e-01,1.058084228705960354e-03,4.640101031538486332e-04,6.333976109681093911e-04,2.355886600303058092e-04,8.389941466870840534e-04,3.599523387791284199e-05,7.780395499076050297e-05,9.420459760301413358e-04,8.391657453489967757e-05,1.888139001555946828e-03,1.728844648186725591e-04,3.199033744296793901e-04,1.771455572055573822e-03,6.984859160059720198e-04,1.733983783775014430e-03,8.937030572786831308e-04,3.182676497795154658e-04,2.008844840737997314e-04,1.761822760753210555e-03,4.253978049512802118e-04,1.575010616189737641e-03,9.723641442870450697e-04,2.428876877284720515e-04,9.424869300472436210e-05,4.318226023791039547e-04,1.501361835160815172e-03,3.010568397909887690e-04,3.691675467623715956e-04,1.232741803083083195e-03
6.830369056189906640e-01,6.181445401704606032e-04,9.957157326538959834e-05,8.379206873068685644e-04,1.534856787544925999e-03,3.155961365607273176e-04,1.402621324628442346e-03,8.551083208928582022e-03,2.680856963874196186e-04,8.460393279708782474e-05,3.007889376432654280e-03,1.208884271541390849e-03,3.111651623321525471e-03,1.832266192178729674e-03,3.122716884288542771e-03,1.881662966755879218e-03,6.762321119974603776e-04,3.118745566351796973e-04,2.085418250896654488e-05,1.456510334377129120e-03,2.533669395931065389e-04,1.374389885020443815e-03,8.087815925350472397e-04,5.871525542514472200e-05,2.670683997339231793e-04,2.376134601593880413e-04,1.428468193294998075e-03,1.746759363848586261e-05,4.963105421011285504e-04,1.223194273460005655e-03
2.271526538127525974e-01,7.253438113159422010e-04,5.668416315948484729e-04,5.356421945521708337e-04,2.440865036815087832e-03,1.653004986475458684e-04,2.154612298841214121e-03,5.742070411086761146e-04,3.466176317262696215e-04,2.860252396156593834e-03,1.941626358273181854e-03,2.544197254093076869e-04,3.682957679963788991e-03,1.879593077066310730e-03,4.066712598755960282e-04,1.786997275248211180e-03,1.889600194467961226e-04,1.494803192256066542e-04,1.885461006996640414e-04,1.778408597195912932e-03,1.742772713885504601e-03,1.684325309782537267e-03,1.926206842467185609e-03,1.660644128905992346e-04,2.105868481302718164e-04,8.228211910301150680e-04,1.558116153311321986e-03,2.405951818772247299e-04,3.765028425028258807e-04,1.236778904631298266e-03
6.224354233274274062e-01,7.598957305554322446e-04,2.423910932385824404e-06,1.323879894387836390e-03,1.910724089342160986e-03,6.543869417004960845e-04,1.413298754193685212e-04,3.807510694691425973e-05,2.165504741912144303e-04,1.331265078065119677e-04,1.939449250084526863e-03,2.568310782526899805e-04,3.125608956848359866e-03,5.300118642834591911e-04,1.876725981848064318e-03,1.940812801212242478e-03,5.096930623512378614e-04,1.481380846297475156e-04,4.301933450678147551e-05,1.190155578615712233e-03,9.512202703399169190e-05,1.683785030248910290e-03,1.896665159461323122e-03,7.642366906227850403e-05,2.087949128080729638e-04,4.244413639381164707e-04,1.450977582950071457e-03,2.512165788985478202e-04,5.569596435824392859e-04,2.388791449621091036e-04
3.899273928550057722e-01,1.109145842314438433e-03,4.359124950958775404e-04,2.713265648783810824e-03,3.510015019669780571e-04,2.442397158095062229e-04,1.393343216469802599e-03,1.149221544569511283e-02,2.625176198821015214e-04,2.702493787187263763e-04,1.233014189830469644e-03,4.522581950539438954e-04,2.178344523800439681e-03,1.816605732181882397e-03,1.607346334537497479e-03,1.478470152689157283e-03,6.820932266466859465e-04,4.049850429711662433e-04,7.148609398902987244e-04,1.894802596503364833e-03,6.540217770676621340e-04,1.646102222421649440e-03,8.024929004152002183e-04,2.753772922158883847e-05,2.612858145732428316e-05,2.150189889006081637e-04,2.944185145518787329e-03,1.064030254541506459e-05,3.676025780736608475e-04,1.224915481774044735e-03
9.150424038320370546e-02,9.497233138151314064e-04,4.368740952691383002e-04,8.288907973446673835e-04,1.530237389903022459e-03,7.080770586487123959e-04,2.164489846527657343e-03,7.912912647597762986e-03,6.878817963432287685e-04,3.777000090127186505e-04,1.891960051797683152e-03,3.095309659167030068e-03,3.156841730849901072e-03,3.837878121243135619e-04,3.221957266890660733e-03,1.684390432428635020e-03,9.063555055604632493e-04,4.018109502956855161e-04,7.150576542335721104e-04,1.257697854739236098e-03,6.851028632649385245e-05,2.310918079113906745e-03,4.446639916559833299e-04,3.286866929459082882e-03,1.787141714086441248e-04,5.700632865006672592e-04,1.300473895210662234e-03,3.834852578803617587e-03,1.112121339435303039e-04,1.294127668716400347e-03
8.081730347270460468e-01,6.387430202111855828e-04,9.925556641620150982e-04,1.087303371257375938e-03,2.355802375052300571e-03,7.349162431319408587e-04,1.389173714097612208e-04,8.171496891528570033e-03,2.398470102870667536e-04,1.811792566663613822e-03,2.041313411364706516e-03,9.481310095223944895e-05,3.129901246707541586e-03,1.730610483707870247e-03,1.050895861228902037e-03,1.862549063564606722e-03,6.668328870710135562e-04,3.330316808099288489e-04,5.861076322598437549e-04,1.766958527976826652e-04,1.473297652198015306e-04,2.274409656836898913e-03,3.160367474544225285e-04,1.487541698349728733e-05,2.381722778459845376e-04,3.126294192171462719e-04,2.623684227353803577e-03,2.771060235676970230e-03,1.410760816649883999e-04,3.681211163700342766e-04
2.525520422930024322e-01,8.623462775283511576e-04,4.261388866202557883e-04,6.933054052368221431e-04,2.882519764621741844e-03,6.262158276406534470e-04,4.378862179819444133e-04,8.193015756582266995e-03,5.992815027349795249e-04,5.059836094253152873e-03,2.975309085403003446e-03,1.277526291003144507e-03,3.165347504528947913e-03,1.692400978464365241e-03,3.128410475577855614e-03,1.043342859345606664e-03,6.862817125191633108e-04,3.116382710883655008e-04,1.477744772245009224e-04,1.865994325763028257e-03,2.810803990937034099e-04,1.401410425897954126e-03,8.087815925350472397e-04,1.554158472144745212e-04,2.670683997339231793e-04,1.221699210356809798e-04,1.456819608993182311e-03,1.824534397224042339e-03,1.322804642865805093e-04,1.326922800224198014e-03
4.818169322399653565e-01,1.075829960971530583e-04,9.865291274720393126e-04,6.333976109681093911e-04,2.452083341522870181e-04,7.865804412132129317e-04,7.605259669989984130e-05,7.780395499076050297e-05,1.141923504469699504e-03,8.430108677149795071e-05,1.888549113910285068e-03,3.945208305021790556e-04,2.844222084094521260e-04,1.771455572055573822e-03,3.467567950441168435e-04,1.733983783775014430e-03,8.937030572786831308e-04,3.175786755996217120e-04,2.008844840737997314e-04,1.770602811106707650e-03,6.177899584864890610e-04,1.575010616189737641e-03,9.809521083040311038e-04,1.039582800385692668e-03,9.053833292408545519e-05,4.318226023791039547e-04,1.585027943661296160e-03,3.010568397909887690e-04,3.696043583926725750e-04,1.232624637148287778e-03
5.866655950810562015e-01,1.890781947274560240e-05,3.850713602230408628e-04,2.661657750772140636e-04,2.347879420414649906e-03,6.434580116057780430e-04,1.206957710786719234e-04,1.307271957479907900e-03,6.839942053640350739e-04,2.699691958007641689e-04,1.222115595500900941e-03,4.387365297721757353e-04,3.163783397730730927e-04,1.833792514729915262e-03,3.166420082994961683e-03,3.612956431452622394e-03,6.758547768855798854e-04,3.207729058001925404e-04,3.844620851254338485e-04,1.434095788957197564e-03,6.550245927740691240e-04,1.580247911206954410e-03,1.082547645997727209e-03,3.007201525428949626e-05,3.561289073389172595e-04,6.225376010068244328e-04,3.030222120878379305e-03,1.291755635419345079e-04,3.745597348508220145e-04,4.612050940272022703e-04
8.458220993402680854e-01,1.415334891631715806e-03,6.964833342273941529e-04,2.980620843371250997e-04,1.858567567547516133e-04,2.564448362124302321e-04,1.739711090013589152e-04,2.828395461484719403e-04,1.032910760314904950e-05,5.434094725066245532e-04,1.937704570510576010e-03,4.844787439047541951e-04,3.147219666472414728e-03,2.433973420189111453e-04,1.158136107738130414e-03,1.266524507519028748e-03,1.993796563335348466e-04,4.824590934441787423e-04,6.555977727136731627e-04,3.356508553847485470e-03,1.376330243779011616e-04,2.340443809412793511e-03,1.066558033377467893e-03,3.189860254091940722e-03,6.464294622518979060e-05,4.077840224514732437e-03,2.586642182885317675e-03,9.793487454485289706e-04,1.868866050390190344e-04,1.400469181944224550e-03
3.561547029825107291e-01,1.515630956769103629e-04,3.391861508808460129e-04,3.022849181835384727e-04,1.510436137909493704e-03,8.476617890400881374e-04,2.739475471385931921e-04,7.978304915397319008e-03,5.835679501227951154e-04,6.139811229446789486e-04,1.245149311752671286e-03,9.742694269162372172e-06,3.096283595370590523e-03,5.622071275264357067e-04,1.856563843158853485e-04,2.014568204492258631e-03,2.630085712985754092e-04,3.151930072129304644e-04,2.017183779443783038e-04,3.367346066833417067e-03,3.335397465163338223e-04,8.102367543150544148e-04,1.153032952500546984e-03,1.694910527087592261e-04,2.702027020135251505e-04,3.642823644075602859e-04,1.442545855772039975e-03,4.014408155589793345e-03,1.922104382072404639e-04,1.432870966637269511e-03
3.831189455064297200e-01,1.190487570861047074e-05,4.271344654164607626e-04,2.599686911024724767e-03,2.956519643585647783e-03,6.425888384273627284e-04,4.378862179819444133e-04,8.191832153718657181e-03,2.624347370499000368e-04,2.639398648689259691e-04,2.979016738489212619e-03,1.717164440536150935e-04,3.111651623321525471e-03,1.510877958358823820e-04,3.064158161622369120e-03,1.765514222977983012e-03,6.820931526164101134e-04,3.118745566351796973e-04,3.001532837038810774e-05,1.466917613122822569e-03,1.950179538890486073e-05,1.388374342504256672e-03,8.085187142785894409e-04,2.594378269655919550e-05,1.845932154664790359e-05,2.369589662688370557e-04,2.941128299430791244e-03,2.417740713492864436e-05,1.096872038985499356e-04,8.731933447096503365e-04
2.859221168390082002e-01,6.192016199791027745e-04,4.356924427353665451e-04,1.083204773407162470e-03,3.413227973581790722e-04,2.371566357572677170e-04,1.393343216469802599e-03,8.426464023615215515e-04,2.296129022724415446e-04,7.475292025139749683e-05,1.233014189830469644e-03,1.174065693839884163e-03,2.178344523800439681e-03,1.606683583728961678e-03,1.084455975405797159e-03,1.477314718941316607e-03,6.762727022296803354e-04,4.049850429711662433e-04,7.148609398902987244e-04,1.899271747765559444e-03,6.464503441570387159e-04,4.660026471005881271e-03,8.343776623033786685e-04,7.274466069531247236e-06,2.684691959643582598e-04,2.150189889006081637e-04,1.431518356159678686e-03,4.000342427409257773e-03,3.676025780736608475e-04,1.267241644174613938e-03
2.667403153627809220e-01,6.127613216799700658e-04,4.350336395518422379e-04,1.044169731295715347e-03,1.463174002402699812e-03,1.584929961908667224e-05,1.769318407040409167e-03,5.216309664848282901e-04,2.180121915268784082e-04,1.182688135058892120e-04,1.928495924633233599e-03,1.240517094565000370e-03,3.165563587258733540e-03,8.072950221002040197e-05,1.942437864302604946e-03,1.937952970254543106e-03,9.661148994465610816e-04,4.026396874473427492e-04,7.227173573921566669e-04,2.995647674703675895e-03,1.200758487729000997e-04,1.403615496298054070e-03,9.064421968702924539e-04,1.370403334708795474e-04,6.997420791438440355e-05,6.538770595919354183e-04,1.456818331242947916e-03,2.707790102931592786e-03,5.033671320416481304e-04,4.189510927977737318e-04
1.174014433670424462e-01,2.957031454981310921e-04,3.858625174852987525e-04,6.227956302443248167e-04,1.544434767152980809e-03,1.705341170337216326e-05,1.338698073715793163e-03,6.390420851929237180e-04,1.071599577464873825e-02,1.114812356589949617e-04,1.290407197845072932e-03,2.040540237590595610e-03,3.049971261290630471e-03,2.189625426703663887e-03,1.642697890548234152e-04,1.232271645889198956e-03,5.299953442921918802e-04,3.866949290369552030e-04,7.084519107217487986e-04,2.648452633286656980e-03,3.752174884844280468e-05,1.589859551382852895e-03,1.973421613922423691e-03,1.029328507136787786e-04,5.912326103202323073e-04,8.357482273926859339e-04,2.638372677230941404e-03,3.961292053052904889e-03,3.939014557877998585e-04,1.463527233263532245e-03
8.473086801091664899e-01,6.572014458429862802e-04,4.424430211972465868e-04,3.175961271863305454e-04,1.552404673648208463e-03,8.341009143154388440e-05,1.677860926043528303e-03,2.001594399258562612e-04,2.377390569072411215e-04,2.422685495906732288e-04,1.011163764295842362e-03,3.052720951570500000e-03,3.133889050765180199e-04,9.777863027906100960e-05,3.167490003439878393e-03,6.390218918756114183e-03,2.173881220238793903e-04,3.805078928075964970e-04,1.454775105665658897e-03,2.907008627007597740e-03,1.363938554382752356e-04,2.281630895898663185e-03,2.571479765935374257e-04,3.293677297411067191e-03,4.474712793195098626e-05,8.379432107582652882e-04,2.906361217064424695e-03,4.351344359954929623e-04,3.917105062014582207e-04,4.443571786736860772e-04
6.260812439774886551e-01,4.054842108721962331e-05,4.006980252756208480e-04,2.628164004518934380e-03,1.129466845872181303e-04,6.543869417004960845e-04,1.413298754193685212e-04,3.807510694691425973e-05,2.165504741912144303e-04,1.314672264991976732e-04,2.022853337336428994e-03,2.568310782526899805e-04,3.125608956848359866e-03,8.409904312245845338e-05,1.876725981848064318e-03,5.817554386101727801e-03,5.096930623512378614e-04,1.481380846297475156e-04,4.301933450678147551e-05,1.190155578615712233e-03,9.512202703399169190e-05,4.774102772285586729e-03,9.049107204158890342e-04,7.642366906227850403e-05,3.472871347320403003e-05,4.244413639381164707e-04,1.531316772947223384e-03,3.725714810810241626e-03,5.641277093421912013e-04,2.388791449621091036e-04
3.575454544013910163e-01,5.174473107285956774e-03,4.418059181768899633e-04,6.827898062197163649e-04,1.514398962963072913e-03,1.640020428405651403e-04,1.613413873114245140e-03,1.961147947194671545e-04,2.066654318682662199e-04,3.382136014144817150e-04,2.991004716126990839e-03,8.860901435363060727e-06,3.096317183965975606e-03,1.820777542117600796e-03,3.127002077209869828e-03,1.690541707709747841e-03,9.990248971206519037e-04,1.003934674521535090e-04,2.037366343101808665e-04,1.394817436031398506e-03,3.571579487763415451e-04,1.359317520533973424e-03,8.329007972831879540e-04,8.832025535580478751e-05,2.740095769237059367e-04,3.517754447403866340e-04,1.444124607036711885e-03,2.751755281612383846e-04,5.402454070875209891e-04,4.835589573045888248e-04
4.227375246154361221e-01,2.972536092842823505e-04,3.903665211773974723e-04,4.934083157493208711e-04,1.864345505829558252e-04,7.457653915464489223e-05,1.674284327321022992e-03,8.103507668765764745e-05,1.808854936799867428e-04,1.856606104851201734e-04,9.249251634691255499e-04,2.572097807819009353e-04,3.120515174400924395e-04,9.371853388144771725e-05,2.032184666052703364e-04,2.091615606591303023e-03,6.573507414532847419e-04,3.871152158171018700e-04,7.012601609689773962e-04,2.109489228654662894e-03,6.681133315120921018e-04,2.015428349798118086e-03,8.371319708473886657e-04,1.609670820245746653e-04,3.009511410841407206e-05,2.122830800455468648e-04,1.480210415884285376e-03,3.738099047993736525e-03,3.747060061268646272e-04,2.559851285428695142e-04
4.939647163726128554e-01,5.943951902760073562e-04,9.827834250390515749e-04,6.317378485900024656e-04,3.813146718537985085e-04,8.163926420539737751e-04,1.390225965341917221e-03,4.131266665035567063e-04,6.970991987288663316e-04,8.469360862652704908e-05,1.289242202133069953e-03,3.143917071883024252e-03,2.163143167193162276e-03,5.070530767280839951e-04,2.296263864157082474e-03,3.516086570080219874e-03,6.565952981026466776e-04,3.885075972915614378e-04,7.009760874825447189e-04,8.119595252640669086e-03,6.736980228566158239e-04,2.311639652980763092e-03,1.070436997776448617e-03,1.592953374420116690e-04,2.402558689202251426e-04,4.039983872580259379e-03,2.978106721604503477e-03,2.649478015950596128e-04,3.897754854898927276e-04,3.381643018160822279e-04
7.168158960905079979e-02,3.213724350355678981e-04,5.734657734689387444e-04,6.151204544654440432e-04,1.867923297439939064e-04,9.461101471703819532e-05,1.678399842532653794e-03,2.342249265823059118e-03,2.616242223758271854e-05,2.968748345194800915e-03,1.857023234882090520e-03,2.701331417381477320e-04,3.593544461263860606e-03,1.236274275972748223e-04,4.452410761331690794e-04,3.674594022747776963e-03,1.110733479978538718e-03,3.269115412854095484e-04,7.155710711681964684e-04,2.653416296205767400e-03,1.506167256731346022e-04,1.588955493429630890e-03,9.439265872114911173e-04,1.029544472937999033e-04,3.774899772694426201e-04,3.442198131724128070e-04,1.504806302980898859e-03,3.458152518173455894e-04,3.749693793955553443e-04,1.184552813863059152e-03
6.635907264242415504e-01,3.245039181751421657e-04,3.937509838816293829e-04,2.779181423808881578e-04,1.864345505829558252e-04,3.429847057354680658e-05,1.833393803554644646e-04,3.024214564157278948e-04,2.879437114560980050e-04,2.680901616602355078e-04,2.020151202832867234e-03,3.262674578543478445e-04,2.181185103596828146e-03,5.263932970146458423e-06,3.136467852630487035e-03,6.002277949910209826e-03,1.068267584968651124e-03,4.853016737757529040e-04,7.146744313416061997e-04,2.166841695639553419e-03,1.648373639824642122e-04,4.660026471005881271e-03,1.083478521115015204e-03,1.609670820245746653e-04,3.660070973195466890e-04,2.153035444584115645e-04,2.993975715951756496e-03,2.725808502768048251e-05,3.747476584389201762e-04,2.520496801276142875e-04
3.318891686610638270e-01,1.325214497678578593e-03,4.327383585539030424e-04,6.511323054483554237e-04,3.248094570680519315e-03,1.636156179670751197e-04,1.392227089960242819e-03,9.650671161048900333e-04,2.110983319793487730e-04,3.382675242208865404e-04,2.981020546112515043e-03,8.860901435363060727e-06,3.088592537897988117e-03,1.843667437344719256e-03,8.063928165786716108e-04,1.726084555800254470e-03,6.733396273675068067e-04,1.517705624983668874e-04,1.544440569509138205e-04,2.950874824227015230e-03,1.702698792108141984e-03,1.561235642790428533e-03,2.810207691452581069e-04,9.371340040542692931e-05,4.075670150905498859e-05,3.517754447403866340e-04,1.460093878821897831e-03,1.179939512483841463e-04,5.240351077492728894e-04,4.996122520994248587e-04
2.032292589653524328e-01,7.362728386940031906e-04,3.935394433632299601e-04,1.020475001074992814e-03,3.074915425312448785e-04,1.882647131954483352e-04,1.390225965341917221e-03,4.059777885085532299e-04,4.994539346174527291e-04,7.436148356037188131e-05,1.882446606776719657e-03,7.118745045945147100e-03,2.157266046585936195e-03,1.817874590803957762e-03,2.296263864157082474e-03,3.516086570080219874e-03,6.565952981026466776e-04,3.877446943845286429e-04,7.514136374541560129e-04,1.412880322232583103e-03,6.796710903016213966e-04,2.311639652980763092e-03,1.081423482789310893e-03,6.351508191112372143e-05,2.360878061041611284e-04,4.080720133690880769e-03,2.945071093485415650e-03,5.442478663013693152e-03,3.900748116609728815e-04,3.381643018160822279e-04
6.974034384749797644e-01,9.085804060847855676e-04,1.026886176158724618e-03,1.362412375956993747e-03,1.988120279318398177e-03,2.003279467621628439e-05,1.360343892579268929e-03,3.024214564157278948e-04,2.724558509480091116e-04,2.697494429679940541e-04,1.891196714561893749e-03,4.797630141546952321e-04,6.284556489080683241e-05,5.397588501632469759e-04,7.895461021950531122e-03,2.023089787219926883e-03,6.656690056200198838e-04,3.864604290054751159e-04,7.140585155878381024e-04,2.235819174699659687e-03,3.888352482308767878e-03,2.315556421221793421e-03,1.828886409917751272e-03,1.611312836952159865e-04,5.768149593795361381e-04,4.042133259328072742e-04,1.448828684613986039e-03,2.660758248937706433e-04,5.472730654518512174e-04,2.520496801276142875e-04
1.349279787158642191e-02,6.567993639782549907e-04,4.475985712549524192e-04,6.538356801946499167e-04,1.569247772029441421e-03,6.221428471567741003e-05,1.677860926043528303e-03,2.001594399258562612e-04,6.040262529632303527e-04,2.422685495906732288e-04,3.015319334612241806e-04,1.149063610332420535e-04,3.074341657519316304e-03,9.777863027906100960e-05,3.025724067919092694e-04,6.409132866685761896e-03,5.343232802477190877e-04,3.807717220307904799e-04,1.454775105665658897e-03,3.447173108695242467e-03,1.455572113808761977e-04,3.605626923761691503e-03,5.899579034117676793e-05,1.688468820692500547e-04,4.157397829718114215e-05,8.235944883092439269e-04,2.639180690443618162e-03,3.379324329109288823e-04,5.392192925031511104e-04,4.443571786736860772e-04
8.937358294144440718e-01,1.058084228705960354e-03,4.640101031538486332e-04,6.333976109681093911e-04,2.355886600303058092e-04,7.823493997830330672e-05,3.599523387791284199e-05,9.277138841254158226e-04,9.345657223016474698e-04,5.165792723171979545e-03,1.891070941863192594e-03,1.728844648186725591e-04,3.244550824591532984e-04,1.771455572055573822e-03,6.984859160059720198e-04,1.722690653410991141e-03,8.937030572786831308e-04,3.225236804435928166e-04,2.008844840737997314e-04,1.135814302131586640e-03,4.253978049512802118e-04,1.575010616189737641e-03,8.890384349419216525e-04,1.851290866795495742e-04,9.424869300472436210e-05,4.318226023791039547e-04,2.709306251304713885e-03,3.010568397909887690e-04,3.679221689123371528e-04,1.232741803083083195e-03
9.503988314294447015e-01,2.912993827312897123e-04,3.266368962189576024e-04,3.070945464677085927e-04,2.276828929621964748e-03,8.481398104914139244e-04,1.654301174544887281e-04,7.978304915397319008e-03,3.034180349501514572e-04,5.132205381120302778e-03,1.233736186399114493e-03,2.516912573314936921e-04,3.088310683316956764e-03,5.499598855680275841e-04,2.178487360043100478e-04,2.082440831618616924e-03,8.729512992555348060e-04,3.145661342862661990e-04,6.861163488975684580e-04,3.448851140287361762e-03,1.424897630493434210e-04,7.809106569345805214e-04,4.472794622870313936e-05,1.694542412515240824e-04,3.781977812451019065e-05,2.975691593246552178e-04,2.638536788206025975e-03,4.044612673350907531e-03,5.404194742224666245e-04,4.953688206269958724e-04
2.096731763067530840e-01,6.572014458429862802e-04,9.598939370427466387e-04,5.974010855642416812e-04,1.569247772029441421e-03,1.509982235552906598e-04,2.693557200840523535e-03,4.707660959200232927e-04,2.377390569072411215e-04,2.403498572090011004e-04,1.011163764295842362e-03,3.052720951570500000e-03,3.133889050765180199e-04,9.777863027906100960e-05,3.155748766256473957e-03,6.409132866685761896e-03,6.872608802312823702e-04,3.799663825053155894e-04,1.454775105665658897e-03,2.771580990993833486e-03,2.389210336480271932e-04,1.607238993355215341e-03,2.569521563737911561e-04,4.754554993812154371e-05,4.474712793195098626e-05,8.379356211615832627e-04,2.619844667734889596e-03,4.351344359954929623e-04,2.146600951703049598e-02,2.993869687767863950e-04
6.048822853672308764e-03,1.890781947274560240e-05,3.417812023161888530e-04,2.661657750772140636e-04,3.156781355226772907e-04,6.452501690232420074e-04,7.002700397627421055e-05,1.310760392098733480e-03,6.839942053640350739e-04,2.699691958007641689e-04,9.257333927958093147e-04,1.855021990805657672e-04,2.212766125305285370e-04,1.612358654520350395e-04,3.166420082994961683e-03,2.042341171588171224e-03,5.370973505417710094e-04,4.859152844315388809e-04,7.241836047477592363e-04,1.238875245476403486e-03,1.616809641575329840e-04,1.580253673360701829e-03,1.069882315203160962e-03,3.150202494368678323e-03,3.665340256175069335e-04,3.060455939727493098e-04,3.007746826581297710e-03,1.291755635419345079e-04,3.701502467417652287e-04,1.484443358016060161e-03
7.999653259623268342e-01,4.790382879584338671e-03,4.524182669085457251e-04,5.896007381765652495e-04,2.408687772030219769e-03,3.703527869065508329e-04,6.139735674970867290e-04,7.194897689656301262e-04,5.300519305839074833e-04,3.028928511032602695e-04,2.661055448370313811e-03,4.382574327858849311e-04,2.666171976131578511e-04,7.230600676380930219e-05,1.532484936074588475e-03,1.725310289301996286e-03,2.218228586399268918e-04,2.365422784015753794e-04,1.905642698531463393e-04,2.099751025519350917e-03,1.529765893447808563e-04,1.680494852676270778e-03,2.518971041221935211e-03,6.317274569258671019e-05,4.695950372259070959e-04,1.266725985840993704e-04,1.418531599031823496e-03,2.530068155428037528e-03,1.399125775472322185e-04,1.245667527813780961e-03
9.141105664028038591e-01,4.798748296845272571e-03,4.637176898982605278e-04,2.802782122012977169e-03,6.386199725305207343e-05,8.144611517339142180e-04,2.125900691976579347e-05,8.672248300443625513e-04,5.402816704283048719e-04,2.432542197049132647e-04,1.885397886618356451e-03,1.675139064055787335e-04,2.333199886091037126e-04,1.684128315035564273e-03,1.535759235905299024e-03,6.127872886436441964e-04,6.837733606863380430e-04,4.799167275683172704e-04,2.012070884315536514e-04,2.895152631443153202e-03,1.509218846643300602e-04,3.088353626824482355e-04,8.693704889159610538e-05,2.432805070918425444e-04,5.185041519609719443e-03,3.543675952512466941e-04,1.501417986378934810e-03,4.992855864404462541e-04,5.292080772297994657e-04,1.253041989857926622e-03
9.195650885893791315e-02,7.051370401076446307e-04,4.352242656152117972e-04,3.281892709602447344e-03,2.732614989572260469e-03,8.159633771253312420e-04,1.694827392604438855e-03,4.848702775267696267e-03,6.789812276098128839e-04,5.905037790567247650e-04,9.809121789682660048e-04,5.621065434513374676e-05,3.683974847975056508e-03,1.990225772770247512e-03,8.275527246039974388e-03,1.683327547667074538e-03,2.340590568942594891e-04,3.957501110783918159e-04,1.165927002290910171e-04,1.428274064562552563e-03,3.064010356336847873e-04,3.665650728433995312e-03,9.386044876899819322e-04,3.042494686598343906e-03,7.674615747345318200e-05,5.504537470669278610e-04,1.500129091101469470e-03,3.599280547438958588e-04,3.979351490722884532e-04,1.241492962532900462e-03
1.002515404198038307e-01,1.075829960971530583e-04,9.682420729703298829e-04,2.255405697403711318e-04,2.601898296853818494e-03,7.865847317134088334e-04,1.114422189667375993e-04,7.780395499076050297e-05,1.112630939019621044e-03,3.762664323379934141e-04,1.891794978467573919e-03,3.945208305021790556e-04,2.844222084094521260e-04,2.085296815097521968e-03,3.822234490055633101e-05,1.733983783775014430e-03,8.937030572786831308e-04,3.175786755996217120e-04,2.008844840737997314e-04,1.377393387066877008e-03,6.177899584864890610e-04,1.575010616189737641e-03,9.809521083040311038e-04,1.041323959935515440e-03,3.284293264584454367e-04,4.318226023791039547e-04,1.585027943661296160e-03,5.122063283207288834e-03,3.696043583926725750e-04,3.841250879379782147e-04
8.238283731356097483e-01,2.673159994174981527e-04,4.444108131839728587e-04,2.014056706016757389e-04,1.449845659984410609e-03,7.970852549646477046e-04,2.792258094050244742e-03,2.579458431682085228e-04,1.676403203187494583e-05,2.748568260717196374e-03,2.903748141549706251e-03,4.844787439047541951e-04,3.141400553029662351e-03,1.800198823344900320e-03,2.097891151193655417e-03,1.823462197944477952e-03,8.911901202178591427e-04,2.748788822192256174e-04,7.952018391486142482e-04,3.371458177647038926e-03,3.363040907897308198e-04,2.404040081444094607e-03,9.114300063978360029e-04,3.223144461335405910e-03,5.479507475052447247e-04,4.084984695422591745e-03,1.565696197937719268e-03,9.640917374038291158e-04,5.193712558815083901e-04,1.246278972073984210e-03
3.183400518079388397e-01,2.151665230206132456e-03,9.925556641620150982e-04,1.087303371257375938e-03,2.355802375052300571e-03,7.444302368866686191e-04,3.865950199290397495e-05,3.145853301141669431e-04,2.398470102870667536e-04,6.427318435059707017e-04,2.041313411364706516e-03,7.882891878708222122e-05,3.147104234510009462e-03,1.824680294179840609e-03,1.052746091232965430e-03,1.862549063564606722e-03,6.668328870710135562e-04,3.255245152170922382e-04,5.861076322598437549e-04,3.370243391641776498e-04,1.484110071803041884e-04,2.448610871976023440e-03,8.879669908655849105e-04,1.487541698349728733e-05,2.381722778459845376e-04,4.052677956247925650e-03,2.623684227353803577e-03,2.771060235676970230e-03,1.410760816649883999e-04,3.681211163700342766e-04
7.666317403264596431e-01,1.406636798964195538e-03,4.385153183651754210e-04,2.529431246053840559e-04,2.763618205896200934e-03,2.565136034632006226e-04,2.107822506048647945e-03,2.606382060287839252e-04,5.007506902746134900e-03,5.439988489592079103e-04,1.891812007746228015e-03,3.127856913402430120e-03,1.003791568477094363e-03,2.074299252591377436e-03,1.970684832703367088e-03,1.635498691929108614e-03,5.121666977319994443e-04,4.265233683718151975e-04,3.948635360727958173e-04,1.373742522660312444e-03,1.180747254028154201e-04,2.310569326848492880e-03,4.030129249498767916e-04,3.121919478375465885e-03,3.462168052336794788e-04,3.286370419745485703e-04,1.536928848348166361e-03,1.165393214146319412e-03,3.942806856663435265e-04,3.426036388046755244e-04
4.241002414723746838e-01,2.972536092842823505e-04,3.903665211773974723e-04,4.934083157493208711e-04,1.972952989905988816e-03,7.457653915464489223e-05,1.674284327321022992e-03,8.103507668765764745e-05,1.808854936799867428e-04,1.856606104851201734e-04,2.265085390122946549e-03,2.078260888026353150e-04,3.120515174400924395e-04,9.371853388144771725e-05,4.220179134452400286e-04,2.091615606591303023e-03,6.573507414532847419e-04,3.870892481764537461e-04,2.482302418639430446e-05,2.129758559874279575e-03,6.922620106369819842e-04,2.015428349798118086e-03,8.371319708473886657e-04,1.609670820245746653e-04,2.732864984399941116e-04,2.122830800455468648e-04,1.557630461038597008e-03,3.738099047993736525e-03,3.747060061268646272e-04,2.184430281513866806e-04
2.885293208470046111e-01,1.947406677697735219e-03,1.554969598673213447e-04,6.526720190060912715e-04,1.199189651145719619e-03,5.927493468888549340e-04,1.626270702558458431e-03,1.415372737882383478e-04,6.753790718572175904e-04,5.229909000876482514e-03,1.243923622072386735e-03,1.106173267462008713e-04,3.104790577027927677e-03,5.799629593959058742e-04,3.997163025842723552e-05,3.656231166813241409e-03,9.434798683585586673e-04,3.216754515271578931e-04,3.099008775216370581e-04,3.026166686211468563e-03,1.437478903991893341e-04,1.166907959899551352e-03,4.135770401592975195e-05,3.102625817505154631e-03,3.691193632099276840e-04,2.755473727969752658e-04,1.439851779285275871e-03,3.320537101293404361e-04,5.069786006413633033e-04,4.943498169521103915e-04
8.942146708727510829e-02,2.022795407091508915e-03,4.351063226864119245e-04,3.281892709602447344e-03,4.972054744751838815e-04,8.078761754924208491e-04,9.205188611172934092e-04,9.648860999054728691e-04,6.789812276098128839e-04,6.221590025357118248e-04,3.841980824522204900e-04,5.580767631790809272e-05,3.638769176203545275e-03,2.038660143430188164e-03,5.781200302852168267e-04,1.683531407126326188e-03,8.735263880354175031e-04,4.267096595819053662e-04,7.224829916133793930e-04,1.374402164471357369e-03,1.374146492151980328e-03,2.419198315494649944e-03,1.138913976553656377e-03,3.042494686598343906e-03,1.947396379688130113e-05,5.429933125798394773e-04,2.936645637289607251e-03,3.892489304791297081e-03,3.674780548421980784e-04,3.533917523885398088e-04
7.986145882157914544e-01,6.409459580808904173e-04,5.734657734689387444e-04,2.622352001061757990e-03,2.715175113318167143e-04,9.508934595403112583e-05,1.678399842532653794e-03,8.831631534455885307e-03,1.238987628976158471e-05,2.968748345194800915e-03,1.854527838930913148e-03,2.701331417381477320e-04,3.133541459999089271e-03,1.236274275972748223e-04,4.636934391326594826e-04,1.852849917118081077e-03,6.649695436150443190e-04,3.331291489336622659e-04,7.173119981931582205e-04,1.708135912555708898e-04,5.723358671927075507e-05,1.523261388016394552e-03,3.100446443720631285e-04,8.999412908801076747e-05,3.829009409648862871e-04,3.429729468619464156e-04,1.504806302980898859e-03,3.458152518173455894e-04,3.752487229052873987e-04,1.184552813863059152e-03
2.236547281844125656e-02,4.840330616820204181e-04,9.925556641620150982e-04,1.087303371257375938e-03,2.271931080838808341e-03,7.349162431319408587e-04,1.389173714097612208e-04,8.171496891528570033e-03,2.543816155042395114e-04,1.811792566663613822e-03,2.041313411364706516e-03,9.481310095223944895e-05,3.589904247972312487e-03,1.730610483707870247e-03,1.032443498267691722e-03,3.684293169196428512e-03,1.112596823434509581e-03,3.267544432371353720e-04,5.842865908972525108e-04,2.228180325663490710e-03,1.465060940937054797e-04,2.250415283661844849e-03,9.521779513292148549e-04,1.487541698349728733e-05,2.327613141505413042e-04,3.138762855276127175e-04,2.623684227353803577e-03,2.771060235676970230e-03,1.404694602121357608e-04,3.681211163700342766e-04
1.320483620679571701e-01,9.073521821994328914e-04,4.464657654704670166e-04,9.876256563341456740e-04,2.715543961531281629e-03,7.981995172722509448e-04,6.466117048321254508e-05,5.967524666980919372e-04,2.046024332820140174e-04,2.584742923808468207e-04,1.732197354852472049e-03,1.753200444599409323e-04,3.609676160414256128e-03,1.796693403310135103e-03,2.878437921455143707e-03,5.164547370638220870e-03,5.332036646299364788e-04,3.156771241712210958e-04,6.943511075394650242e-05,1.461471520852280354e-03,7.107381114435638338e-04,4.561840596997068266e-03,4.182132448282342534e-04,3.645996438184600022e-03,7.920918567240367407e-05,3.497996068741964881e-04,1.437802511958023027e-03,3.606030197660807079e-03,3.779650377521204035e-04,1.245364774160358104e-03
7.517693733506281006e-01,1.200900685271217997e-03,4.294498872945052724e-04,2.656895697444437970e-03,1.455933697147179361e-03,8.835976588147964085e-05,1.662910146055838296e-03,2.702326982479715109e-04,2.083345803275382636e-04,5.007813690982516712e-03,1.476552772870687487e-04,2.865212747442987939e-05,3.181983256992797909e-03,1.725616089068159010e-03,2.190570815783087540e-03,1.764959315353140058e-03,6.056085192329292688e-05,3.958763396275919756e-04,5.835352240950651389e-04,1.855743054709175534e-03,2.553713308451462062e-04,1.104784477778056849e-03,9.068826266862924004e-04,1.183434177128934919e-04,3.451370882765226198e-04,2.177194101311135397e-04,1.560739875051868862e-03,3.456408174849023938e-04,3.755911006511839911e-04,1.242211740391590061e-03
2.326596753336650780e-01,7.598957305554322446e-04,4.545242100825629323e-04,2.671240643788044215e-03,3.146451776642822731e-03,1.950630699618992965e-05,1.471870215370342126e-03,3.807510694691425973e-05,2.221227468744108946e-04,1.330129865387559129e-04,2.901720342741038669e-03,2.054686628742859438e-04,1.327816822962633262e-04,1.795977337566516657e-03,1.922944569188271818e-03,1.265408952649785864e-03,5.380577186028630754e-04,1.481380846297475156e-04,8.359373113276660425e-05,1.749338522625823282e-03,1.703091157790826956e-03,1.684918278948481594e-03,6.369689573210124108e-04,3.073573636492594758e-03,2.127839417158384192e-04,6.629262451927409906e-04,1.457401697712598513e-03,3.553269430522653944e-04,3.773412742247738609e-04,3.908295114963391344e-04
5.725840214645444570e-01,2.174673428221586460e-03,9.924567230632931180e-04,2.662972626980518714e-03,1.913834730021027027e-04,8.835976588147964085e-05,1.662910146055838296e-03,7.261115052287496659e-03,9.971711932510389075e-04,1.504888869306507219e-04,1.018031503444103434e-04,4.074837944364534045e-04,3.122696534265962526e-03,5.251191343744659795e-04,2.185512597788687606e-03,1.766929864527926010e-03,1.900215534880138194e-04,3.958763396275919756e-04,1.882703362549977618e-04,2.108115721109355203e-03,3.169830007261752072e-04,1.106938220280861062e-03,9.113679093062679272e-04,9.036547325290433287e-05,2.329580739143603785e-04,2.813335794658138045e-04,1.560739875051868862e-03,2.502151666117742763e-03,5.117787131205535529e-04,1.323379011178186376e-03
1.834139033776773509e-01,4.150623585365284876e-04,9.811181943988138941e-04,3.005336439908856683e-03,2.672192672849660420e-04,6.584037675504534302e-04,1.759974807529996734e-03,7.318697150730727255e-03,7.504792460415082075e-04,1.753241661772685100e-04,1.953082990532673327e-03,4.051797375826409375e-04,3.649652559358050954e-03,5.242443158105294107e-04,2.671396200997927864e-03,1.700190245011610254e-03,5.714541991856344517e-05,2.030121795378893573e-04,3.999695846171623164e-05,2.109649220802864173e-03,8.585661840409720296e-05,1.452123855328326003e-03,9.507666513854034314e-04,3.017195231098969248e-03,2.356023535986158401e-04,1.766901548977202648e-04,1.603843818921388362e-03,2.450155886501153169e-03,3.948766954585286072e-04,1.321999416387157093e-03
5.154670368261341507e-01,8.684429254872145110e-04,9.881449541166895632e-04,5.402686558575117443e-04,2.913892365054190827e-03,1.142723793047345461e-04,7.037301588704220935e-05,7.678511175515513425e-04,2.317696787789228223e-04,6.669482316878238724e-04,1.889733589017426841e-03,4.463404582740047215e-04,3.108891051426727371e-03,1.668795307890294033e-03,3.143976176460673913e-03,2.082100496817106475e-03,1.000265324716684496e-03,4.201041712672179927e-04,3.831736277643147054e-04,1.488496749724372388e-03,1.909041729976002815e-04,1.570130694382525748e-03,8.910260922979557942e-04,1.988057249780115208e-05,2.685081854896368184e-04,4.043530103975319389e-04,1.448768950149918397e-03,1.025283559616835553e-04,5.039560232796789227e-04,4.346578090433981080e-04
4.112621841553958935e-01,2.104651527845086568e-03,3.945518586941511958e-04,1.702272165874727915e-04,2.923939072978195934e-03,8.078761754924208491e-04,4.830258336647910537e-05,1.769330801940334832e-04,4.970881252041084095e-03,2.467321384089888551e-04,1.844344997954732021e-03,3.766214625464782764e-04,3.179277663132346228e-03,4.065131462932204329e-04,1.809469183633977563e-03,1.634173768006126626e-03,8.708766415886374981e-04,2.778026377091826144e-04,3.948635360727958173e-04,1.367645803431058677e-03,1.183216936054515918e-04,2.310050066603094691e-03,4.818240650376795064e-04,3.066212400645169402e-03,3.462168052336794788e-04,1.708444469479202899e-04,1.588712893772963779e-03,5.239046843288366895e-03,5.048190830093055850e-04,4.869142714218481797e-04
3.398568467297978235e-01,1.331737918346388889e-03,4.327383585539030424e-04,6.511323054483554237e-04,1.429409764701460332e-03,1.608757572625034026e-04,1.421306929401070862e-03,1.123976564307279345e-03,5.116200588941143684e-04,3.382675242208865404e-04,9.440000723078580125e-04,9.925769305165751477e-06,3.111715420849346398e-03,1.843667437344719256e-03,8.430503577135535758e-04,1.710855366972900476e-03,6.733396273675068067e-04,8.008399486827242502e-05,1.482254047890375600e-04,1.406798355849745840e-03,2.368113930379098827e-04,1.561235642790428533e-03,6.667133839773282163e-05,9.234114765397857805e-05,8.056571361233640332e-06,3.517754447403866340e-04,1.455055773467192658e-03,1.179939512483841463e-04,5.232031590998283349e-04,4.996122520994248587e-04
1.316513265521672971e-01,9.184988908320581994e-04,4.464657654704670166e-04,9.876256563341456740e-04,2.627762142898459191e-03,9.329065344626466137e-04,3.842801477674673977e-05,9.902194366750369237e-04,2.046024332820140174e-04,2.498623440435789999e-04,1.258341094430482157e-03,1.753200444599409323e-04,3.352658603477002425e-03,1.760090028577705051e-03,2.878437921455143707e-03,5.164547370638220870e-03,5.550153235542730663e-04,4.201033454647707353e-04,6.874842622240293077e-04,1.436064585264040707e-03,7.107381114435638338e-04,4.561840596997068266e-03,4.182132448282342534e-04,3.645996438184600022e-03,2.569415650717520364e-04,3.467262938167301150e-04,1.518166734318622665e-03,3.606030197660807079e-03,3.779650377521204035e-04,1.248715547547126848e-03
5.348531848477310335e-01,1.335569878449963371e-03,1.325397233282084048e-04,5.904282998577057694e-04,6.797383129080705917e-05,8.119904724594581222e-04,8.346806295909340451e-05,2.281188456321921187e-04,2.079665664453705562e-04,5.478770308369033427e-04,1.956290830982926852e-03,8.917414029639377567e-05,3.293876869645624011e-03,1.683849285969518314e-03,1.922984510930637186e-03,1.723250959130420007e-03,5.326623398016585350e-04,3.315938013419857501e-04,6.761124160410587891e-04,1.167881501367423877e-03,5.161997434440369052e-05,1.583741091414759931e-03,7.542533051951150333e-05,7.410088985722275076e-05,6.007055998631113209e-04,3.599671741064065832e-05,2.614653669343717374e-03,6.703630690069010967e-06,3.930128017410962392e-04,2.516674847667707397e-04
3.698059376895651562e-01,1.331756861519092523e-03,9.761655701487762567e-04,2.798739170490705495e-03,1.288340804290828614e-04,1.480596056061546069e-04,6.083028103660342769e-04,8.011061786240458900e-04,5.300964641659751614e-04,9.559812934807935484e-05,9.099003575930023546e-04,5.039151400342150883e-04,3.112178849560817261e-03,1.694871999841475593e-03,3.011930211887360858e-03,5.580460391420430984e-04,5.455088960718741404e-04,3.850585800273196571e-04,6.953739051252709556e-04,1.184031873807126801e-03,5.070026522011176790e-05,2.958277704883301726e-04,6.132544217030609331e-05,7.880572626925830390e-05,2.597600700173310646e-05,3.542743263416929436e-04,1.477499011243816815e-03,4.822253963435863401e-04,3.930650292336219844e-04,8.440775488390672276e-04
3.062389237559678401e-01,6.803303602932249828e-04,2.970665183542700073e-05,5.903903377973802272e-04,3.291131872723252697e-04,3.872537429345855424e-04,1.400304951734581771e-03,3.506849205822770536e-04,2.690771071088809540e-04,6.446391720614516943e-04,1.932260790653639879e-03,2.434892313976130926e-04,3.963950594907244824e-04,1.840568047025273324e-03,1.083807761620254493e-03,1.293589579340373788e-03,6.731460665129090134e-04,1.701982243701353039e-04,6.889975459856679217e-04,2.123026112895479937e-03,6.615957992435737324e-04,1.582428181925405819e-03,5.796185170174807545e-04,1.604027774037632983e-04,9.123249733200658766e-05,4.022609552051211942e-03,1.475145605742017932e-03,2.886080201468634379e-05,1.107305155491490313e-04,1.216765773431347690e-03
1.239656880568285047e-02,4.840330616820204181e-04,9.813964013304159965e-04,1.086652452828116818e-03,2.169777712162051890e-05,7.848286738616756623e-04,1.389173714097612208e-04,7.988630402378432693e-03,2.383786505030593235e-04,1.699592257372342825e-03,2.015158470920039042e-03,3.948904153994958971e-04,3.589904247972312487e-03,4.781492636356222091e-04,1.032443498267691722e-03,3.622938551468713603e-03,7.477861045704988115e-06,2.038369337662913850e-04,5.842865908972525108e-04,2.228180325663490710e-03,1.394816745911735050e-04,5.586544698965854091e-04,9.403526778944969232e-04,3.013450942162688127e-03,2.327613141505413042e-04,3.138762855276127175e-04,2.623684227353803577e-03,2.771060235676970230e-03,3.836693692062557938e-04,3.681211163700342766e-04
1.779034641847874465e-01,1.123187591467326605e-03,4.310124262304330413e-04,5.903011702776441967e-04,2.369922168910566958e-03,7.204855431390544407e-05,1.608736538962421067e-03,4.115484102013215566e-04,1.011600894083309861e-03,6.655868531346663397e-03,2.717266835441369596e-03,4.075708270528400614e-04,3.572881231663025542e-04,1.697811829261218746e-03,1.128521144578531823e-03,1.277145430951626744e-03,6.729473226287322352e-04,3.944798151380122533e-04,2.640370951045412735e-04,1.859286109871688061e-03,6.626197358915314473e-04,1.567055519422555672e-03,1.231337348954045230e-03,1.539239683718703316e-04,9.079244376651552598e-05,3.960178492084297751e-03,2.933169889406568587e-03,3.667871283792505186e-04,3.760961123165527855e-04,1.287509350401342973e-03
1.595858902979954141e-01,6.572014458429862802e-04,4.475985712549524192e-04,4.922912557978332800e-04,1.569247772029441421e-03,8.341009143154388440e-05,2.179070342439051473e-03,1.032483134468017939e-03,2.442775856339995120e-04,2.391431954862705737e-04,2.841100616460993412e-03,4.926343211952169485e-04,3.336548015085940254e-03,1.704907051499624524e-03,5.962465897411333739e-03,1.647566139637084929e-03,8.897321099767434901e-04,3.189909334381171185e-04,1.454775105665658897e-03,1.773416984706653338e-03,2.389210336480271932e-04,1.707090540798036861e-03,1.133816202121239614e-03,4.754554993812154371e-05,4.462279810685937636e-05,8.232281209398346032e-04,1.611497639697305907e-03,2.480794219121241692e-04,3.857635262349631703e-04,4.441091640204621830e-04
3.782456608837306278e-02,1.324618320070581863e-03,4.327383585539030424e-04,6.518255137803088527e-04,1.438185179344933680e-03,1.610965096517779239e-04,1.393600935864217115e-03,1.123976564307279345e-03,2.096654930251459293e-04,3.382675242208865404e-04,2.981037002893557539e-03,8.860901435363060727e-06,3.646941654383620106e-03,4.963823748720462385e-04,8.425859067826958846e-04,1.477633133603385631e-03,6.891748578649307564e-04,7.940118052874227210e-05,1.506372043212419066e-04,1.397297709749973889e-03,2.379610369291157922e-04,1.561234112448634057e-03,9.131596723524336868e-04,4.153111924219340945e-05,4.075670150905498859e-05,3.542172341509784868e-04,1.439085446164358600e-03,1.179939512483841463e-04,1.113158965798961690e-04,4.925050825654614817e-04
6.710031443934746376e-01,7.598957305554322446e-04,1.027868499920499019e-03,3.200723433612203371e-04,5.380333674641791381e-05,1.950630699618992965e-05,1.685059833577096924e-03,3.455876746908225893e-04,2.035329838112980819e-04,2.744077920851681839e-04,1.890243307002648565e-03,2.530503403249743629e-04,3.167532539895531740e-03,5.186798070055344181e-04,1.922944569188271818e-03,1.305035653946715751e-03,9.163934173832192880e-04,1.562709945935013549e-04,8.359373113276660425e-05,2.193274739061372696e-03,4.608995227633734624e-05,1.599816923506555298e-03,9.493723983111633253e-04,1.331036945258626866e-04,2.127839417158384192e-04,6.377982293474557078e-04,1.448599928849153909e-03,2.333525903046540463e-04,3.738772459013513629e-04,1.374568516396287767e-03
9.938096835935521511e-01,2.959664939113574970e-04,9.868115813728779891e-04,6.550887419652011521e-04,2.291543636036293997e-03,4.739707224609080371e-05,1.655886341645600992e-04,7.972339461891898155e-03,6.006821900120354633e-04,2.033588532143249840e-04,1.243871195403770330e-03,8.681297641184964318e-05,3.105247195326002983e-03,1.291048625530464384e-03,2.195342725728883213e-04,2.068200539840902089e-03,5.400175894462552100e-04,3.212176587322243646e-04,3.114971897163457582e-04,2.126254979558967525e-03,1.467405995769399847e-04,2.031395103858680412e-03,4.856740196718697770e-05,1.694758766531091407e-04,2.835492050628512129e-05,2.991991339971161300e-04,1.411498079091291855e-03,4.006149497931663431e-03,5.435800541224586812e-04,2.854564830731727305e-04
4.761047544172207213e-01,1.075829960971530583e-04,9.764654960543552899e-04,6.333976109681093911e-04,2.452083341522870181e-04,7.865804412132129317e-04,7.406707855519780890e-05,7.780395499076050297e-05,1.141923504469699504e-03,8.430108677149795071e-05,1.861824477382782381e-03,3.945208305021790556e-04,2.844222084094521260e-04,1.769305544763602814e-03,3.467567950441168435e-04,5.438588733163173027e-04,8.937030572786831308e-04,3.183608495110701667e-04,2.008844840737997314e-04,1.770602811106707650e-03,6.177899584864890610e-04,1.575010616189737641e-03,7.166018425490698791e-05,1.039582800385692668e-03,9.053833292408545519e-05,3.537280647637929465e-04,1.585027943661296160e-03,2.932153345647530080e-04,3.699827869446044607e-04,1.243786923921888629e-03
1.032075198557236284e-01,6.802812982238427841e-04,4.468131882300468982e-04,2.556469732360927560e-03,1.551835290043506680e-03,8.392685580097527728e-04,3.900190985416996693e-05,7.780395499076050297e-05,2.320015213653455529e-04,2.922980948449297334e-04,1.882591998076204665e-03,1.026454252074013296e-04,3.132154887158546119e-04,1.583082160849096608e-03,2.988726048153836964e-03,1.733983783775014430e-03,8.943548785584264039e-04,3.182710550369997676e-04,1.945436787312645349e-04,1.772295894445971185e-03,4.253978049512802118e-04,1.575010616189737641e-03,9.412926093359567318e-04,2.428876877284720515e-04,4.614256258333500625e-05,3.455349383804015833e-04,1.617805056765974888e-03,2.941843003755084977e-04,3.859360823613465562e-04,4.498873359077036138e-04
1.593703029944010252e-02,7.598957305554322446e-04,4.187790832920550393e-04,1.323721167405843670e-03,2.355602003740693996e-03,7.842632857894815939e-06,1.413298754193685212e-04,1.992330955804780430e-04,2.165504741912144303e-04,1.331265078065119677e-04,1.926067754749836904e-03,2.568310782526899805e-04,3.026814287142777504e-03,5.300118642834591911e-04,1.876725981848064318e-03,1.940812801212242478e-03,5.033533670018544744e-04,1.481380846297475156e-04,8.238466494963131632e-05,1.190155578615712233e-03,7.577084108878874655e-05,2.331290723604026709e-03,1.928448736900753233e-03,1.742763987539509569e-04,2.130006834072928064e-04,4.189285832098597982e-04,1.450977582950071457e-03,2.379634429941922713e-04,5.462572293967053782e-04,2.388791449621091036e-04
2.755466256076879450e-01,7.598957305554322446e-04,3.390891911761077055e-04,3.190969706771326891e-04,5.380333674641791381e-05,5.800306730697026621e-05,6.237930906956073648e-05,3.855578468372715525e-04,2.035329838112980819e-04,2.832530281098319738e-04,1.952807100527341206e-03,2.494751634680389429e-04,2.776503781728564737e-04,5.832871859650373561e-04,1.929212156825284340e-03,2.161131897621130366e-03,9.167065871775661057e-04,1.542169992499449840e-04,8.359373113276660425e-05,3.361030553913116857e-03,1.737028342945658903e-03,1.596048525594075508e-03,6.477297705165412957e-04,3.195768242893778747e-03,2.127839417158384192e-04,3.008435742114694625e-04,1.451654797673563408e-03,4.014725208977791907e-03,3.733768046154597336e-04,2.159327239466242790e-04
2.634092170114749054e-01,6.087721039918863285e-04,4.350399906131895340e-04,9.258665283504027236e-04,1.463174002402699812e-03,1.584929961908667224e-05,1.003015922142995323e-03,8.435653521399427528e-04,2.174252238081397315e-04,1.182688135058892120e-04,1.928495924633233599e-03,1.138395664420224079e-03,3.157946564784846512e-03,8.072950221002040197e-05,1.056159180349220024e-03,1.937952970254543106e-03,9.661148994465610816e-04,3.872150096695894548e-04,7.133743949910565903e-04,2.999807968484171500e-03,1.200758487729000997e-04,1.403615496298054070e-03,9.064421968702924539e-04,1.370403334708795474e-04,2.834149411042985022e-05,6.538770595919354183e-04,1.490763705149758013e-03,2.707790102931592786e-03,5.033671320416481304e-04,4.189510927977737318e-04
3.874656325980070370e-01,1.331200989987743740e-03,4.459688370820678698e-04,1.507556049813623452e-04,3.349021310329360068e-04,7.939955010610559583e-04,1.591133635272923242e-03,1.776214649033209039e-04,1.649885812366836475e-04,2.385810265317090924e-04,1.841377038227331184e-03,4.140241245902404467e-04,3.085435423221495263e-03,1.667259811452225220e-03,3.263431266504105040e-03,1.723994422037220886e-03,6.729473226287322352e-04,3.326039209322041940e-04,2.603797062635158054e-04,1.762588089998441687e-03,2.832414349520310376e-04,2.275005379834047544e-03,9.138824658564887772e-04,4.954364417092342707e-05,3.731309305259707440e-05,3.120871979187065520e-04,1.509928782985732031e-03,5.224836507542634720e-03,3.568194074112530359e-04,1.287509350401342973e-03
3.911730162194795857e-01,1.859490698121631894e-05,3.860316017006832062e-04,2.819933432855410206e-04,1.584451307999674118e-03,8.435491590913794715e-04,2.739475471385931921e-04,8.479513986646108718e-04,5.835679501227951154e-04,6.214547022515063118e-04,1.245174686575975043e-03,7.299727922806366689e-04,3.058611092618458618e-03,1.784777828447837653e-03,1.641109887293753632e-04,2.014568204492258631e-03,2.652283008966312356e-04,3.148988960541134830e-04,7.202785512317338469e-04,1.801809247646144179e-03,1.156267416421975048e-04,1.678729730667227575e-03,8.176295308474364849e-04,1.065312768070793335e-04,3.530960432314157434e-04,5.463607739585420783e-05,2.619807696241076549e-03,4.014272120311690450e-03,1.729561654037303602e-04,1.267487140282378246e-03
3.435807229449039379e-01,1.324619202058559741e-03,4.327383585539030424e-04,3.073758686718542060e-03,1.528547528974358131e-04,1.610965096517779239e-04,1.389173688531540000e-03,1.245444328179068187e-03,2.066654318682662199e-04,3.382675242208865404e-04,1.263266436927670345e-03,6.286300329155276477e-06,3.107493508250132319e-03,1.843667437344719256e-03,8.248215702284812916e-04,1.477633133603385631e-03,5.369873760557168944e-04,4.110889336610593732e-04,1.626914839163621325e-04,7.812616846350815911e-04,1.574927883671479469e-04,1.592705843279140776e-03,9.131596723524336868e-04,9.234114765397857805e-05,4.091537608195985561e-05,3.542172341509784868e-04,1.510669577516939510e-03,1.179939512483841463e-04,1.044813881217014357e-04,4.907452963328170137e-04
9.506192907615310661e-01,2.959872227752627523e-04,3.266368962189576024e-04,3.285822031426382421e-04,2.277664408638966406e-03,8.481398104914139244e-04,1.654301174544887281e-04,7.978304915397319008e-03,3.034180349501514572e-04,3.033702892839612239e-04,1.233736186399114493e-03,2.516912573314936921e-04,3.088310683316956764e-03,5.420576418824773774e-04,2.195317275794113473e-04,2.069444810949026825e-03,8.729512992555348060e-04,3.146506709354377190e-04,6.861163488975684580e-04,3.448851140287361762e-03,1.467167139103676130e-04,7.660899658392831884e-04,4.472794622870313936e-05,1.694542412515240824e-04,3.781977812451019065e-05,2.975691593246552178e-04,1.394620750950536841e-03,3.958523923005691225e-03,5.403572126841784187e-04,4.953688206269958724e-04
9.960623326749696860e-01,2.912786538673844028e-04,9.868115813728779891e-04,6.336010852921974794e-04,2.290708157019292774e-03,4.739707224609080371e-05,1.410623118516987466e-04,7.972339461891898155e-03,6.006821900120354633e-04,5.082464864813382444e-03,1.287528337444137543e-03,8.681297641184964318e-05,3.111044935976765586e-03,9.840010701260551635e-05,2.178512809977870219e-04,2.082395818811096089e-03,5.400175894462552100e-04,3.211331220830527904e-04,7.012575145226966362e-04,2.126254979558967525e-03,1.425136487159157927e-04,2.046215796358528700e-03,4.856362332193047728e-05,1.694758766531091407e-04,2.635280493693583888e-05,2.991991339971161300e-04,2.655414116347271265e-03,4.042548330610691576e-03,5.427141865709380827e-04,2.854564830731727305e-04
2.193044952358880473e-01,1.073016618158321393e-03,1.001876888709119385e-03,1.139603715968616525e-03,1.505685073358959628e-03,7.990730356115381032e-04,2.175906714798388469e-03,3.528599291064694042e-04,1.650248056099897940e-03,6.746300741795616465e-04,1.898917671143261592e-03,7.718679079911240756e-05,3.190539589457911350e-03,1.811108462033547348e-03,1.221379381601946524e-03,1.184399726674344004e-03,6.698043567108880134e-04,2.982948686956208954e-03,6.976750560674571319e-04,1.464269646485814348e-03,2.362771047122125484e-04,3.186998648744085710e-03,1.147944412436168902e-03,3.099022812668515703e-03,2.511960088804369388e-04,9.356799465967895570e-05,1.461376687658108532e-03,2.476295025371355076e-03,4.993400790089371150e-04,1.243505087626068512e-03
2.832880232931480613e-01,1.314483013270962425e-03,4.269144130559497674e-04,2.657061526278160866e-03,2.989905978965085379e-03,5.776515564659627077e-04,4.406965917382204591e-04,9.166366915991041274e-04,4.883444902435311397e-05,7.085482558784629288e-05,2.888180072011677611e-03,1.429266350430849378e-05,3.112169794965882752e-03,1.682934957402621237e-03,3.046805138646840189e-03,1.765954617430683105e-03,5.472078676429514843e-04,3.101525704970816040e-04,6.997421199966452664e-04,1.175576938531066240e-03,8.615481335402299658e-06,1.386924525883786053e-03,9.906596703077492645e-04,8.387496985416947187e-05,2.847300286117258558e-05,4.325069531648564327e-04,1.473912306306758135e-03,1.172979584279262822e-04,1.033745268051872179e-04,1.184348344164649252e-03
2.492931241263531272e-01,8.323797936784657842e-04,4.643379260076708212e-04,2.721157837672939783e-03,1.987983371976038537e-04,2.734549221295170195e-05,1.656874355474070989e-03,6.359434089082264315e-04,3.821327111010485757e-04,3.002272781701490270e-03,1.913296202014786286e-03,2.061987205345991014e-03,3.707353324859569404e-03,2.331716357212940279e-04,3.283531182844028670e-03,4.738201886606575311e-04,9.807063375794067284e-04,3.958763396275919756e-04,1.939640016637339580e-04,2.250479932560986007e-03,2.309408357356882357e-04,4.545977556845846868e-03,2.098759806915282376e-03,1.620188244094290353e-04,2.429766763485735820e-04,8.642973876478925004e-04,1.563150659914875045e-03,4.320285061512950213e-04,3.956406714353855893e-04,2.271908579551598986e-03
1.030783116029655305e-01,9.525800166573968877e-04,4.251659033793832071e-04,1.082630662688965342e-03,1.546906432585318280e-03,8.087924203091275809e-04,8.495035276542763254e-05,1.068678159934970638e-03,1.630252213496927605e-03,2.948477158742929412e-04,2.953874591438030925e-03,2.499271606239558078e-04,3.200770515315490283e-03,1.701473881740938297e-03,2.832839570935475953e-04,1.644164402733070893e-03,6.715883084424997124e-04,3.878311329093417836e-04,1.917502747027040777e-04,1.289243607066282299e-02,2.355316396164825051e-04,1.679972580781774298e-03,1.129783516262330067e-03,1.864270539861100659e-04,2.555819066732855542e-04,8.147688751392764242e-05,1.619506503124794588e-03,2.336184759667168410e-03,5.279579864115751565e-04,4.998296218052106481e-04
3.732305816922096287e-02,9.650848348479832296e-04,4.327383585539030424e-04,6.580043844044015499e-04,1.438185179344933680e-03,1.610965096517779239e-04,1.354790617693844672e-03,1.068342135099091756e-03,5.945292658338292326e-04,5.224497558091577981e-04,3.028959033634853922e-03,8.860901435363060727e-06,3.200614931063751334e-03,5.707077290147938948e-04,8.281200798258435327e-04,1.647184940044854129e-03,6.709384633220429961e-04,2.962770008914343968e-04,6.816148285734656810e-05,3.539746014413200099e-03,2.379610369291157922e-04,1.561235642790428533e-03,9.131596723524336868e-04,9.234114765397857805e-05,3.805893875075807089e-05,3.517754447403866340e-04,1.455055773467192658e-03,1.408204614123627959e-04,5.232031590998283349e-04,4.996122520994248587e-04
7.367006550940301546e-01,1.415334891631715806e-03,7.002831152029272794e-04,2.541853281729934255e-04,1.791339804940163759e-04,8.133414762461718163e-04,2.059690818417894091e-03,1.076920106887708844e-03,1.765797531437381671e-03,5.434094725066245532e-04,1.922507725195415386e-03,4.844787439047541951e-04,1.114504892519176723e-03,2.104484649757381578e-04,3.138318657514063128e-04,1.266524507519028748e-03,6.827626335434423778e-04,3.914163231556662425e-04,7.384652665786973743e-05,3.356508553847485470e-03,1.376330243779011616e-04,2.340443809412793511e-03,1.066558033377467893e-03,3.253140558475827067e-03,6.464294622518979060e-05,3.272660168575584200e-04,1.544314530084388683e-03,9.793487454485289706e-04,1.868866050390190344e-04,1.253084245364660242e-03
9.528253254443764808e-01,1.295880622045642114e-03,9.779946861486381662e-04,7.015089914446726634e-04,2.291543636036293997e-03,4.583130943545812782e-05,1.655886341645600992e-04,1.312947714749252912e-03,5.910179255437383265e-04,2.033588532143249840e-04,1.243540396215537386e-03,8.730268508178805039e-05,3.105200192423447202e-03,1.291048625530464384e-03,2.212636120254537261e-04,2.050880959608125317e-03,5.370283366351680330e-04,3.207643773610492762e-04,1.625977774418658778e-04,7.643886026215255571e-04,1.574619733430541481e-04,1.601420238567535185e-03,4.856740196718697770e-05,1.694758766531091407e-04,2.835492050628512129e-05,2.991991339971161300e-04,1.508242774768593598e-03,4.017001365078026916e-03,1.096209843249257103e-04,2.807112420423274273e-04
9.996348546279582026e-02,2.816850999871998865e-04,4.359124950958775404e-04,2.592268981087230556e-03,3.594546405776247351e-04,2.500871584368339847e-04,1.280777626325359502e-03,6.145570458183065646e-04,6.299472142995603610e-04,2.684894839233871043e-04,1.898036000639602601e-03,1.097433026561245913e-04,2.130474120969802140e-03,2.190345544820449181e-04,1.088388563304715402e-03,2.070099510718073459e-03,8.687179300709309401e-04,4.032986248246349164e-04,1.062884802450228278e-03,2.907764588274477924e-03,6.540217770676621340e-04,4.660026471005881271e-03,6.028875448555928024e-04,2.714137602604005037e-04,3.015670109806171397e-05,2.156664596658199929e-04,2.944185145518787329e-03,3.922273772330562777e-03,3.676025780736608475e-04,1.432712651569664373e-03
2.476876289210792892e-01,8.323797936784657842e-04,9.999724794025680041e-04,2.590294490724293162e-03,1.515430510266097940e-03,8.157472575742921034e-04,1.669831004134739953e-03,1.209729146656630949e-04,1.170566507106504846e-03,3.008497857092545542e-03,1.290279452076121191e-03,3.936722647100953905e-04,1.847047474445851194e-04,1.732585620481738716e-03,3.277916564740286729e-03,4.738201886606575311e-04,9.842579798463742778e-04,3.958763396275919756e-04,1.938200662097438890e-04,2.249725640676313379e-03,2.307254588683294396e-04,9.407964361644264445e-06,1.961671961260697244e-03,4.228019885347779859e-03,2.429766763485735820e-04,3.487599537568891392e-04,1.479134337791609142e-03,3.561488336440508506e-04,3.943107434214425540e-04,2.271913493618096455e-03
1.764732018494265531e-01,1.280822817189123698e-03,4.423132299877925418e-04,2.685663644820111828e-03,1.405290312797233439e-03,7.981995172722509448e-04,4.117507137816863241e-05,7.526693367142968795e-05,9.384236961924924056e-04,6.599001018129213580e-03,2.919512794306125623e-03,3.083407987150703876e-03,2.957871185448185392e-04,1.796693403310135103e-03,2.704138111965335468e-03,3.534175634643144538e-04,8.220742946471504319e-04,1.719476873715130194e-04,7.251102415734972644e-04,2.978995169519203703e-03,2.389210336480271932e-04,4.660026471005881271e-03,4.173305415483510210e-04,4.759142472951327738e-05,9.162479912335963679e-05,2.151703632928606263e-04,1.528667433445669160e-03,3.834068656483914043e-03,3.747172413035079882e-04,3.926353748909428986e-04
8.945670262210598800e-01,1.058084228705960354e-03,1.882027490283806593e-04,6.333976109681093911e-04,2.355886600303058092e-04,8.389941466870840534e-04,2.169872568115433810e-03,3.710665720309888485e-04,1.198300467865320504e-03,8.391657453489967757e-05,1.885574942816837293e-03,1.728844648186725591e-04,3.629959985886722397e-03,1.771455572055573822e-03,6.984859160059720198e-04,1.733983783775014430e-03,4.976755740108599431e-04,3.224339613861681650e-04,2.008844840737997314e-04,1.790427441240587938e-03,4.253978049512802118e-04,1.575010616189737641e-03,9.723641442870450697e-04,2.428876877284720515e-04,5.678294154179456491e-04,4.318226023791039547e-04,1.501361835160815172e-03,3.010568397909887690e-04,3.691675467623715956e-04,1.232741803083083195e-03
2.791928500335923991e-01,5.672311508471848587e-04,9.818017093167240913e-04,2.853947602943885482e-04,2.297517624678987579e-03,8.116838652699216857e-05,6.170952541796609478e-05,2.175015243772874043e-04,2.209880467158772933e-04,3.904033825417773523e-03,1.955801055836472666e-03,8.681297641184964318e-05,1.729038844577072357e-04,5.444801103795458537e-04,1.335393075989142753e-03,1.744298051922340805e-03,4.968937982360046267e-04,1.207626579924774734e-04,8.520170975194238491e-05,3.438429148556874058e-03,1.608090652575332484e-04,1.561660885730188934e-03,5.737749881282019687e-04,2.734794068243623128e-04,2.144671763614149247e-04,8.007721762226400466e-04,2.659868894374022887e-03,2.350949905948872959e-04,3.725415824038231355e-04,1.402207585828742654e-03
7.293631060527216992e-03,6.666299897062173338e-04,9.886948686310059135e-04,6.333976109681093911e-04,1.562328823041526406e-03,7.870193622033181411e-04,1.643223429179298299e-03,7.780395499076050297e-05,1.151259064537612413e-03,2.312070954316808248e-04,1.888323633998628898e-03,3.945208305021790556e-04,2.844222084094521260e-04,1.799136950809738459e-03,3.467567950441168435e-04,1.733983783775014430e-03,5.243867255488572719e-04,3.175510628228303349e-04,2.009974324320807173e-04,1.770602811106707650e-03,6.052395058697203909e-04,3.486852566074291095e-03,9.809521083040311038e-04,2.239327503004168857e-04,9.078487552637767844e-05,4.318226023791039547e-04,1.585027943661296160e-03,3.010568397909887690e-04,3.696043583926725750e-04,1.211606957557503613e-03
4.638323877982186705e-02,9.650848348479832296e-04,4.327735394019519358e-04,6.580043844044015499e-04,1.438185179344933680e-03,1.615285143099958799e-04,1.354790617693844672e-03,1.068342135099091756e-03,5.955259537161628619e-04,5.224497558091577981e-04,3.028959033634853922e-03,1.505718468090659623e-05,3.200614931063751334e-03,6.132524773455085010e-04,2.116225106104552018e-03,1.647184940044854129e-03,6.698489708777511471e-04,2.962770008914343968e-04,4.366167900650007490e-05,3.539746014413200099e-03,2.421591174597075794e-04,1.561225639563621100e-03,8.857005262831126914e-05,9.234114765397857805e-05,9.114249235379923988e-05,3.517754447403866340e-04,1.455055773467192658e-03,1.408204614123627959e-04,1.159743004147207397e-04,4.996122520994248587e-04
5.897624887195764831e-01,1.257542052045457518e-03,9.867606551815847043e-04,7.015089914446726634e-04,2.291543636036293997e-03,7.844068542034161960e-04,2.241223324431384188e-03,1.312947714749252912e-03,1.757659843660642823e-04,4.462590257659608279e-04,2.920546855317092752e-03,8.730268508178805039e-05,3.110706167175548119e-03,1.291048625530464384e-03,1.696266364972653267e-04,2.050880959608125317e-03,5.438419928841618095e-04,3.207643773610492762e-04,1.630481057768230118e-04,1.009384661280912513e-03,1.579573030452357347e-04,1.601420238567535185e-03,4.125708903938068777e-04,1.586442860187589100e-04,3.047218545125550334e-05,2.153715930575045897e-04,1.508242774768593598e-03,4.016163397897252151e-03,1.097804548857888495e-04,2.812456995804310284e-04
9.573463060589894047e-01,2.912993827312897123e-04,3.285664866322366481e-04,1.749248822478734113e-04,2.276909065692298961e-03,8.502953589438373705e-04,7.051281842691023254e-05,6.543554536231181024e-03,4.077427079918097101e-06,6.264292687415370150e-04,1.940024629630221487e-03,2.516912573314936921e-04,3.097097725452652855e-03,5.499598855680275841e-04,2.178487360043100478e-04,1.224244886253830723e-03,8.685451118194731411e-04,1.739383433545938081e-04,3.311185861575860478e-04,3.448851140287361762e-03,3.505018846957970273e-03,4.630371863328579946e-03,4.472794622870313936e-05,1.359330297342579985e-04,5.439789529411350475e-05,5.084058695451952560e-04,2.638536788206025975e-03,5.667940340594278259e-05,5.404194742224666245e-04,4.912542470784840793e-04
2.228591132473478620e-05,8.195065231489738044e-04,9.761655701487762567e-04,2.853692205057703143e-03,9.433138792314341506e-03,1.480596056061546069e-04,6.083028103660342769e-04,8.011061786240458900e-04,5.367598131659013019e-04,2.942823192250656160e-03,1.893041358019617463e-03,2.446494066525304375e-04,3.147134233893582236e-03,8.943410920403708705e-05,3.011930211887360858e-03,1.709784425846424963e-03,8.837159084770592919e-04,2.046898508127557295e-04,6.538306919061139932e-04,1.236069858254767399e-03,5.070026522011176790e-05,7.107059606255112724e-04,9.011858273512093377e-05,7.880572626925830390e-05,1.097242274965307910e-04,5.630578686291529264e-04,1.503647358938961119e-03,1.483392296818164709e-04,3.930650292336219844e-04,1.187172694823091651e-03
6.732039146187718259e-02,3.469347727538666694e-04,6.998939988055001560e-04,2.161546407810189890e-04,1.713233446594022817e-04,8.166735244844433627e-04,8.578182397743602979e-05,1.120933463767120745e-04,6.177021751980638770e-04,3.803935148082276518e-04,2.629493278515782160e-03,5.672969271940696886e-04,3.147219666472414728e-03,2.433973420189111453e-04,1.430771614860958975e-03,1.264951620216869885e-03,6.816594077738093345e-04,4.826585676286671185e-04,6.555977727136731627e-04,3.356508553847485470e-03,1.378799925805373333e-04,2.350359915834058545e-03,1.108208015320781602e-03,3.189860254091940722e-03,6.464294622518979060e-05,5.397906531563899293e-04,1.248060956467540207e-03,5.217296076739427919e-03,1.876529127264223672e-04,5.706666168589500428e-04
3.615552926042076010e-01,2.080129264921217348e-03,4.067009197515050116e-04,2.459738564744818126e-03,1.874077494166030613e-03,6.465705427785454823e-04,1.859283865504096113e-03,3.718877680917095918e-04,1.949766440414120775e-04,5.182861715799100960e-03,1.933785086213017342e-03,9.067554852709152767e-05,2.534839142916122615e-03,5.760174427181189577e-04,1.190236725133809667e-03,1.906859266033252400e-03,8.329063974930833811e-04,4.731185379344579568e-04,6.958064220655023249e-04,1.864190991573263546e-03,3.112845939544843336e-04,2.005889484443824748e-03,8.398781421314945733e-04,1.610124405629227142e-04,1.648649926642477292e-04,2.133063727123999721e-04,2.961305875558835950e-03,6.334212281456502724e-04,1.572977945617687649e-04,1.242258983802423632e-03
2.462064934527843918e-03,8.301836803617557202e-04,5.734657734689387444e-04,7.628633174507727177e-04,1.867923297439939064e-04,2.752790233275492478e-05,2.104516824758540829e-03,8.831631534455885307e-03,5.543993199950796036e-05,2.954777191033880132e-03,1.860419493384712734e-03,2.565940960985866248e-04,3.593544461263860606e-03,1.236274275972748223e-04,4.452410761331690794e-04,1.720278839299569295e-03,8.937104836336455353e-04,3.266958949839613466e-04,1.536011634718839440e-03,1.768599635193155275e-03,3.725582380534194448e-05,1.499267014841340487e-03,9.514110957262032113e-04,3.608087338231587109e-06,2.414347192473025104e-04,3.566833300695799037e-04,1.504611302087040161e-03,3.458152518173455894e-04,3.686263910209651635e-04,1.184552813863059152e-03
3.427503045398151982e-01,1.331920603690846120e-03,4.327383585539030424e-04,2.778145203152842732e-03,1.528547528974358131e-04,1.610965096517779239e-04,1.389173688531540000e-03,1.245444328179068187e-03,2.254257930774767552e-04,7.352446567514890987e-05,1.263266436927670345e-03,6.286300329155276477e-06,3.147970244734081026e-03,1.850439559536437746e-03,3.185632335060389030e-03,1.477633133603385631e-03,5.369873760557168944e-04,4.110889336610593732e-04,1.626914839163621325e-04,7.866518766088290105e-04,5.322722805589496641e-05,1.592705843279140776e-03,9.131596723524336868e-04,9.325252259204312006e-05,2.584231205415524907e-05,3.542172341509784868e-04,1.510669577516939510e-03,1.555738590395367392e-04,1.044813881217014357e-04,8.334911624824254154e-04
6.074080508620610663e-02,1.324455459886805927e-03,9.761655701487762567e-04,3.094352654056404389e-03,9.433138792314341506e-03,1.480596056061546069e-04,6.083028103660342769e-04,8.011061786240458900e-04,5.113361030623237964e-04,3.608864880539414859e-04,1.893041358019617463e-03,5.039151400342150883e-04,3.106657497409633963e-03,1.688099877649756886e-03,6.511292018782372914e-04,5.580460391420430984e-04,5.455088960718741404e-04,2.046898508127557295e-04,6.956928903283973037e-04,1.230679666281020304e-03,1.549658265194021997e-04,2.223925483350717817e-03,6.132544217030609331e-05,7.789435133119377544e-05,4.128622808415450662e-05,5.466890852417247539e-04,1.477499011243816815e-03,1.175244305810425091e-04,3.930650292336219844e-04,4.961969576401645049e-04
6.458900338115819428e-02,8.939401292916058193e-04,9.757860952397547473e-04,1.023742790519149501e-03,1.471384094274609880e-03,3.850572360441549893e-04,1.634844038874247452e-03,5.522304427876684185e-04,1.129064860231460436e-03,5.315611501699168137e-04,1.261302412413507160e-03,1.758133241776119518e-04,2.242934954262494791e-03,1.860135542525260133e-03,3.138495816973638306e-04,1.071520293290961247e-04,6.676764102885163459e-04,4.064529528072328155e-04,7.081871260364201118e-04,2.104410289792271911e-03,6.903027951834044256e-04,1.128941182266503165e-03,9.810087815919279076e-04,4.002576732468128996e-04,2.329724783199922211e-04,3.495649445638314640e-04,1.613820715695383134e-03,4.973654065070136007e-03,3.950167892630018383e-04,2.051760569885951058e-04
8.652587595929835951e-01,1.089638081756400890e-03,4.649621686871557402e-04,6.383022435673448838e-04,2.783554835173840825e-03,8.389941466870840534e-04,1.799657850354070008e-03,8.327149048802353487e-03,2.205839055673219744e-04,8.476730481679156876e-05,1.888184610318586684e-03,1.687100827674438614e-04,3.199033744296793901e-04,1.672296478620367063e-03,6.984859160059720198e-04,1.752221702168257553e-03,8.951005990649860047e-04,4.223664982707531364e-04,2.008844840737997314e-04,1.741578035808761041e-03,4.253978049512802118e-04,1.402956864414180334e-03,8.587066462924620265e-04,2.428876877284720515e-04,7.754026248886098922e-05,4.366636178345632987e-04,1.501361835160815172e-03,2.968084412256363986e-04,5.021371858605962754e-04,1.232741803083083195e-03
6.491702845754109275e-01,7.702409791687698810e-04,7.002831152029272794e-04,3.197688534315133984e-04,1.791339804940163759e-04,8.133414762461718163e-04,4.400997111219234585e-03,1.076920106887708844e-03,1.765797531437381671e-03,5.434094725066245532e-04,1.925252575013284293e-03,4.844787439047541951e-04,1.114504892519176723e-03,5.839785339585547514e-04,3.131690755419064666e-04,1.324517491928177328e-03,5.301437680443430323e-04,3.930078388149182544e-04,7.384652665786973743e-05,3.361232961311362132e-03,1.376330243779011616e-04,1.589949957154151300e-03,1.077419668205115188e-03,3.196689509420797600e-03,6.464294622518979060e-05,3.427016024219212099e-04,1.538345317157862246e-03,2.527735859468832722e-04,9.539885344173938166e-05,1.253084245364660242e-03
5.324612929741450174e-01,1.331773215918303273e-03,4.327383585539030424e-04,5.848100005841732870e-04,1.353661782595239407e-03,1.608757572625034026e-04,1.421306929401070862e-03,1.123976564307279345e-03,4.990740071757007474e-04,3.382675242208865404e-04,9.440000723078580125e-04,9.062041296519525305e-05,3.111715420849346398e-03,1.836040446102772065e-03,2.033249104204399877e-03,1.710855366972900476e-03,6.733396273675068067e-04,8.008399486827242502e-05,1.482254047890375600e-04,1.157262386472362840e-03,2.400423148311716206e-04,1.584342242600499237e-03,7.568716065408055617e-05,9.335869350157547113e-05,3.035659326519135962e-06,3.517754447403866340e-04,1.456518898115645617e-03,1.179939512483841463e-04,5.232031590998283349e-04,4.996122520994248587e-04
7.914847670753312192e-01,2.618015090565003859e-04,4.382257104834937468e-04,5.513444179322550456e-04,1.481294059931518269e-03,7.066794966425543265e-04,6.270660835083173568e-04,5.404617743410182820e-04,5.300519305839074833e-04,3.028928511032602695e-04,1.212075263788518981e-03,3.295047496702533871e-04,2.666171976131578511e-04,1.788980000233029652e-03,1.545420219588227633e-03,1.736069354632694328e-03,2.271578330259348469e-04,3.873945141507203691e-04,1.905642698531463393e-04,2.107759775640605411e-03,1.529765893447808563e-04,1.232838546254678416e-03,2.524227633428200064e-03,6.317274569258671019e-05,4.834377988524949776e-04,2.933467174266622332e-04,1.548146979171617513e-03,2.530068155428037528e-03,3.900268111341420813e-04,1.238008647506726265e-03
5.287936298654070111e-01,6.567993639782549907e-04,4.475985712549524192e-04,6.538356801946499167e-04,1.569247772029441421e-03,6.221428471567741003e-05,1.877316464836656113e-03,2.001594399258562612e-04,6.040262529632303527e-04,5.183573944936495717e-03,3.015319334612241806e-04,1.149063610332420535e-04,3.177624036762762092e-03,9.777863027906100960e-05,2.651983950233008716e-04,6.409132866685761896e-03,9.092084536599520520e-04,3.729079077279035437e-04,1.450906872666986053e-03,3.447173108695242467e-03,1.455572113808761977e-04,3.605626923761691503e-03,4.064568858036055141e-05,1.688468820692500547e-04,4.157397829718114215e-05,8.235944883092439269e-04,1.444029887410376621e-03,2.142108014909422970e-04,5.392192925031511104e-04,4.443571786736860772e-04
1.947216584085613156e-01,1.278485922533106976e-03,9.843069327284221723e-04,5.261055234040590452e-04,2.359759645199233785e-03,8.457166455917658563e-04,1.710440224904226673e-03,1.409924903727506791e-03,2.764522657677049916e-04,3.053088015809910481e-03,1.788615820559292949e-03,8.240872982891471119e-05,3.795287895123118475e-03,5.707174717192563121e-04,1.997052042825813020e-04,1.389781420100196906e-03,5.238562419452341993e-04,4.774963058433830598e-04,7.080341203164481744e-04,2.232909214866035490e-03,1.594791953365627679e-03,1.679977353760729293e-03,1.222819260494380504e-04,3.314561837338269625e-03,1.592204106708015204e-04,2.522152762118887257e-04,2.914353396011300310e-03,2.032898279245543786e-04,1.680828275704441741e-04,5.287463002583848558e-04
5.426935883817355366e-01,1.462550735968674420e-03,9.843069327284221723e-04,5.242415724671567381e-04,2.362866203707350825e-03,1.166980308971792783e-04,1.710440224904226673e-03,1.409924903727506791e-03,9.577526966609180552e-04,3.034118548796163606e-03,1.788615820559292949e-03,2.534441702694396285e-05,3.795287895123118475e-03,1.747108893472003668e-03,1.133347088056744448e-03,1.389781420100196906e-03,5.238562419452341993e-04,4.734490458074753529e-04,7.208157193034218143e-04,2.232909214866035490e-03,1.531173469215351508e-04,1.480106060028231431e-03,9.360571513860010788e-04,3.571344456473386601e-03,1.578024868517533203e-04,6.549618729427099991e-04,2.966228794198561523e-03,2.032898279245543786e-04,3.714508214397118811e-04,5.724079936341144783e-04
1.513693821747455481e-02,6.567993639782549907e-04,4.469373315066897277e-04,6.607257791406190208e-04,1.569247772029441421e-03,6.221428471567741003e-05,1.678436399714466117e-03,2.001594399258562612e-04,6.040262529632303527e-04,2.428983922352042951e-04,3.015319334612241806e-04,1.149063610332420535e-04,3.074341657519316304e-03,9.777863027906100960e-05,3.088075304439483627e-03,6.409132866685761896e-03,6.830380547399563440e-04,3.807717220307904799e-04,1.454775105665658897e-03,3.447173108695242467e-03,1.422644756365575567e-04,3.560492265003161079e-03,6.025848496079102591e-05,1.688468820692500547e-04,4.157397829718114215e-05,3.496376446453146412e-04,2.639180690443618162e-03,3.380870655665184593e-04,3.799788990156756515e-04,1.235573793743037019e-03
7.072194165925548281e-01,1.340072333263203587e-03,4.376974304011422103e-04,6.333976109681093911e-04,1.290769861157184015e-04,1.077535342903076176e-04,5.744198527830845493e-04,7.780395499076050297e-05,9.399463068804854221e-04,8.391657453489967757e-05,9.277472888551690925e-04,5.029760004196938243e-04,3.199033744296793901e-04,1.771632010442728044e-03,3.040967021243306482e-03,1.734163226076565392e-03,8.937030572786831308e-04,3.182676497795154658e-04,1.513038699014953529e-03,1.775806521912138940e-03,5.115820683762619639e-05,3.249283420679973441e-04,9.723708902565883537e-04,4.903862692116331195e-05,9.424869300472436210e-05,4.318186196838129354e-04,1.494991511798525637e-03,4.915850916474755281e-04,3.691675467623715956e-04,1.232741803083083195e-03
3.416973403405566545e-01,1.331737918346388889e-03,3.270265206684427233e-04,3.257920170373709585e-04,1.429409764701460332e-03,1.608757572625034026e-04,1.421306929401070862e-03,1.123976564307279345e-03,5.116200588941143684e-04,3.384037588925830307e-04,9.440000723078580125e-04,9.925769305165751477e-06,3.111715420849346398e-03,1.843667437344719256e-03,8.430503577135535758e-04,2.148952461667163680e-03,9.116744848573773508e-04,8.008399486827242502e-05,1.423432962460858923e-04,1.406798355849745840e-03,1.617045445542789842e-03,1.561235642790428533e-03,6.644845762632462308e-05,3.249722234125816851e-03,8.056571361233640332e-06,3.494707770866172219e-04,1.455527158639065939e-03,1.179939512483841463e-04,5.224495394881073160e-04,4.473042672838652731e-04
3.618050045127308434e-01,1.331756861519092523e-03,9.912060831642195528e-04,2.804331159207039230e-03,2.373937306621987629e-04,2.160217536406714052e-06,3.581080008756509997e-05,9.026952779860432721e-05,5.094261965608700088e-04,9.559812934807935484e-05,9.366249941233882603e-04,1.081355915437746918e-04,3.104404516854340421e-03,1.766803293495187305e-03,3.011930211887360858e-03,1.748981285945828577e-03,5.455088960718741404e-04,3.842764061158712025e-04,6.881129140733253328e-04,1.184031873807126801e-03,5.070026522011176790e-05,2.958277704883301726e-04,9.412534960123303523e-04,7.880572626925830390e-05,2.800044783148405731e-05,4.323688639570039518e-04,1.501452998925483472e-03,4.900669015698232937e-04,3.931245736074300673e-04,8.198524845554250101e-04
3.110245907878561589e-04,1.265428425607413327e-03,4.459688370820678698e-04,6.475416221338264021e-04,3.343338563675205422e-04,5.021283743240754398e-05,1.475489957940267225e-04,7.872811127633577060e-05,1.649885812366836475e-04,2.334032589157885229e-04,2.713151413827637106e-03,1.191582400787968084e-05,3.085435423221495263e-03,1.771455300711127561e-03,3.197085498696915912e-03,1.710627765524034508e-03,8.942324070175071676e-04,3.326039209322041940e-04,1.999704603972475591e-04,1.770460752579797051e-03,2.841026674221944952e-04,2.276574509519139512e-03,9.142894505354372866e-04,4.954364417092342707e-05,3.741036518519043287e-05,3.120871979187065520e-04,1.585082074011657507e-03,3.678334553304631938e-04,3.589829445214261184e-04,1.287509350401342973e-03
7.636377283902523461e-01,8.834278110008811401e-04,3.845568481186632803e-04,1.102675793748214518e-03,2.276443285219574043e-03,8.047096800938937679e-04,6.733158271619475114e-05,7.719520429166292462e-04,6.395701481298608120e-04,5.562174615754622228e-04,1.843731566626927816e-03,1.821772175152491129e-04,2.186783003985506672e-03,2.055590884535921006e-03,7.333874667485982711e-04,1.739417500903622229e-03,4.959487919489922406e-04,3.319015798821213850e-04,3.937933969275524875e-04,3.022470787628029395e-03,2.168778848348343129e-04,1.080086960953978350e-03,1.221255053626128795e-03,3.665336036234865310e-04,6.385289026989676275e-04,2.459601808219343401e-04,2.990162811777338694e-03,5.059978599628652852e-03,4.050785854460641996e-04,4.118962990578746300e-04
9.358686460160723364e-01,8.460741150208064007e-04,1.003382084712521431e-03,6.556925210525241894e-04,2.291543636036293997e-03,8.351288185936448589e-05,1.410623118516987466e-04,7.972339461891898155e-03,6.651624591132160444e-05,2.457617800099730007e-04,1.287528337444137543e-03,2.402853820832029613e-04,3.111564383526681157e-03,9.049292044187681088e-05,2.195342725728883213e-04,2.079418251121284335e-03,5.414146652188174666e-04,3.211548961956388944e-04,1.498002735008283634e-03,2.126254979558967525e-03,1.467405995769399847e-04,2.034023715942528607e-03,9.353507058075670628e-04,1.694758766531091407e-04,2.702828235611637217e-05,2.996023393687790052e-04,1.408344945977392515e-03,3.953253189436197086e-03,3.562569675329060057e-04,2.854564830731727305e-04
2.526808816758102649e-02,2.913367987135111322e-04,1.027193745525949381e-03,8.971668975746667409e-04,4.273153162240935117e-04,3.208600600345673385e-04,2.408005674325993870e-04,6.393402351783599282e-04,6.190982399071269342e-04,5.838474855110963556e-04,1.278232485825493790e-03,3.507856564732419200e-04,3.911233540913692380e-04,4.973234753315319834e-04,1.130979254338646120e-03,1.330123378777798302e-03,9.876799657969174712e-04,1.342339975255273359e-04,1.010692181170802419e-03,1.156416622137650379e-03,1.088180250995321539e-04,1.586331173481846796e-03,1.935988867129390459e-03,1.527175167491327638e-04,3.706015354397471442e-04,3.548419466714801927e-04,1.480083966669847127e-03,6.404457878971632143e-04,2.880989115527231477e-04,1.437532300103283199e-03
4.302256203528687095e-02,1.328222180643197445e-03,4.716515337124418234e-04,1.589570310995808318e-03,2.391244605831739211e-03,8.041310251432903658e-04,6.466898835221292522e-04,7.360330102135838630e-05,5.254719822898140614e-04,2.902129879543130096e-04,1.882591998076204665e-03,5.166376549117362993e-04,3.132154887158546119e-04,2.030249011107624832e-03,1.134335184116256733e-03,1.734358905726997172e-03,5.286653730265474709e-04,2.602145775634410693e-04,3.933632244017894490e-04,1.801499526796632167e-03,4.200999879293994786e-04,3.020627068111624643e-04,9.412926093359567318e-04,2.428876877284720515e-04,4.875081311082883650e-05,3.455349383804015833e-04,1.509139432642361660e-03,4.021316592572260831e-04,3.923968900935245903e-04,4.525001821058410346e-04
3.310625351353106982e-01,1.134323119490663690e-03,4.236218871475263409e-04,7.601130144994535905e-04,1.694690216161198098e-04,8.712075308528141084e-04,2.073277320947254122e-03,6.577905686314246964e-03,5.586525691860667723e-05,6.428025744283136613e-04,1.861776109711954681e-03,2.529579269291624380e-04,3.619564605521231708e-03,1.174073793283379828e-04,2.156523011690612487e-03,1.720411577664323526e-03,5.471945812740099157e-04,3.209040570077256911e-04,1.541447233402509602e-03,1.768158683054474019e-03,5.847665465171054066e-05,1.582041484020174377e-03,9.412926093359567318e-04,2.436331947270348338e-04,9.121249287419870946e-05,4.016070014778176569e-04,2.874897738215225450e-03,4.600176268423933779e-04,2.847150001944081838e-04,1.232748194968803996e-03
9.333003550802844439e-02,1.047327161400126360e-03,5.732855268729387076e-04,1.754624539452682378e-04,2.349028166362315817e-03,6.610804854605541138e-05,1.083307015359577042e-04,2.725047963877936207e-04,2.690771071088809540e-04,2.567911382685072953e-04,1.936495757798907709e-03,4.396253099508156304e-04,3.949398260104796006e-04,1.840371048545309416e-03,1.106792322025800662e-03,1.293589579340373788e-03,8.904063041580809364e-04,3.908129666976439560e-04,7.506539679937828920e-04,2.123026112895479937e-03,3.675657426939035050e-03,1.575397314094969300e-03,6.414628972308098094e-05,1.325970682416597777e-04,9.426869746253224030e-05,4.067707253507221558e-03,1.543433638514287321e-03,1.034540712842387140e-04,1.079809276111773299e-04,1.229741897678769333e-03
9.148223368931395205e-01,7.598957305554322446e-04,3.494561055011230250e-04,3.043990483786606803e-04,5.290356692614549229e-05,8.330756462553545304e-04,6.229779290596094456e-05,3.455876746908225893e-04,2.035329838112980819e-04,8.170016974573581230e-05,1.844771461115620338e-03,2.526629910445070534e-04,3.217879404290344245e-04,5.832871859650373561e-04,1.929212156825284340e-03,2.204279959718824337e-03,9.167065871775661057e-04,1.542169992499449840e-04,2.109416605437461096e-04,3.369706477566589229e-03,1.737028342945658903e-03,1.574922459316549072e-03,6.662142136807660490e-04,3.282351515025077465e-03,2.127839417158384192e-04,6.336186280587093869e-04,1.499982246007455474e-03,2.333525903046540463e-04,3.759547754029031940e-04,2.624806073330009960e-04
6.400841336878337895e-01,1.058084228705960354e-03,4.536431888288332596e-04,6.490709059546858001e-04,2.364886132253368593e-04,2.941635562030055911e-05,3.607675004151294563e-05,7.780395499076050297e-05,9.420459760301413358e-04,2.854694470654363207e-04,1.314923500036521264e-03,1.728844648186725591e-04,2.757658121735014393e-04,1.771455572055573822e-03,6.984859160059720198e-04,1.690835721677320241e-03,8.937030572786831308e-04,3.182676497795154658e-04,7.353655540394745131e-05,1.753146837100439011e-03,4.253978049512802118e-04,1.596136682467264294e-03,9.538797011228203164e-04,1.643662710998749620e-04,9.424869300472436210e-05,4.360022036678502756e-04,1.452574947368616377e-03,3.010568397909887690e-04,3.690555732713592801e-04,1.226676649294235026e-03
5.155324990924825546e-01,1.253705164143124363e-03,1.298184225057901972e-04,3.311717662305255390e-04,1.353661782595239407e-03,1.232811044893054875e-04,5.523501948376057478e-05,4.075504268204202746e-04,4.990740071757007474e-04,3.447775591009085783e-04,8.963781658738588943e-04,9.115781198296862321e-05,3.594395345992378206e-03,1.841873812628133785e-03,1.171013191343973480e-03,1.710855366972900476e-03,6.733447977802840909e-04,8.010452281789744524e-05,1.480266114991645864e-04,1.140487983570463715e-03,4.243534455533768887e-04,1.060977149553047737e-03,8.447660186462366229e-04,9.278446071084678977e-05,3.035659326519135962e-06,3.069858108340314980e-04,1.477686885225591371e-03,4.004524306455689900e-04,4.112592022709769595e-04,4.987215331768650017e-04
2.033210978042783168e-01,1.290451078008023836e-03,1.009456485975295751e-03,6.171284217143018164e-04,3.964494767746952432e-04,5.733416389948158259e-05,1.060522469466819825e-04,4.115484102013215566e-04,5.107239788338190263e-03,8.021914879275063998e-03,1.691763198889613753e-03,2.667729651208836290e-04,2.123373977408931149e-03,4.418430687376466827e-04,2.680203221067860124e-03,7.145123423993713805e-04,6.738918087885850715e-04,1.506912452106278963e-04,2.645097547173434825e-04,1.348863395132874829e-03,2.772750862966708767e-04,2.256821460334517034e-03,8.377876249375539562e-04,4.953887931609354302e-05,2.392806107394257204e-04,3.073039663242502001e-04,1.432887834666869351e-03,3.872196031277407914e-04,3.760961123165527855e-04,1.993786946055394827e-04
9.084192519821454592e-03,8.301836803617557202e-04,5.734657734689387444e-04,8.881551236478083108e-04,1.867923297439939064e-04,2.180449004045403438e-04,2.104516824758540829e-03,9.950804677993928954e-03,9.799510384894943166e-05,2.954777191033880132e-03,1.308878615645208288e-03,2.565940960985866248e-04,3.610593233335192796e-03,1.236274275972748223e-04,4.452410761331690794e-04,1.716068604487001751e-03,8.958085364859709899e-04,3.240453946683344907e-04,1.516863749760915051e-03,1.768599635193155275e-03,5.640991554665004395e-05,1.499267014841340487e-03,1.018289541920519223e-03,5.051403317335001041e-05,1.140308580078453187e-04,3.444845670500377749e-04,1.505943407805151448e-03,3.369866164611228735e-04,3.687634439751802753e-04,1.145544807475322360e-03
7.031838457383116081e-03,1.328222180643197445e-03,4.716515337124418234e-04,1.654738093787891731e-03,2.391244605831739211e-03,7.871794073178018216e-04,6.466898835221292522e-04,7.350508242861874880e-05,5.309621593295025567e-04,2.902129879543130096e-04,1.888521770171028725e-03,3.962759950526774854e-04,3.136247408152512974e-04,1.790458613940387441e-03,1.125691737971685992e-03,1.734368830904557852e-03,5.245802734904395732e-04,2.602145775634410693e-04,3.927363075411038863e-04,1.801499526796632167e-03,4.200999879293994786e-04,3.020627068111624643e-04,9.412926093359567318e-04,2.239158347345869939e-04,4.875081311082883650e-05,3.455349383804015833e-04,1.509139432642361660e-03,3.997751681754023695e-04,3.689401416554867127e-04,4.525001821058410346e-04
5.747079633223769468e-01,1.002558791088402216e-03,9.843323757154750966e-04,5.261055234040590452e-04,2.359759645199233785e-03,7.861332440728149677e-04,1.710437689235510877e-03,1.409924903727506791e-03,7.339925162637454467e-04,3.053088015809910481e-03,1.272237272257464684e-03,8.240872982891471119e-05,3.795287895123118475e-03,5.707174717192563121e-04,1.997052042825813020e-04,1.399987092839243778e-03,5.238562419452341993e-04,2.165592137357548279e-04,7.080341203164481744e-04,2.232909214866035490e-03,1.594791953365627679e-03,1.679977353760729293e-03,1.190985119828800185e-04,3.317205189016693510e-03,2.337152931958250482e-04,2.522152762118887257e-04,2.914353396011300310e-03,2.282835957893205713e-04,1.680828275704441741e-04,5.287463002583848558e-04
7.156560283153226565e-02,3.213724350355678981e-04,4.391636686592709205e-04,6.192876013896306351e-04,1.283615744728841199e-03,9.461101471703819532e-05,1.678399842532653794e-03,1.032470673491678401e-03,4.882381525553855300e-04,2.940558428498976987e-03,8.774104283323366305e-04,9.061844288249640191e-05,3.593544461263860606e-03,1.236274275972748223e-04,4.621828221780188099e-04,1.742841662709994268e-03,1.116481315836036475e-03,3.069881540128472979e-04,7.155710711681964684e-04,1.082859139453372713e-03,1.506167256731346022e-04,1.588955493429630890e-03,9.439265872114911173e-04,9.350202935768732904e-05,3.795098607170291046e-04,5.843124305725319080e-03,1.504806302980898859e-03,3.458152518173455894e-04,3.749693793955553443e-04,1.184552813863059152e-03
6.905490336936688234e-01,5.172735084487864975e-06,4.341641727753862957e-04,2.562563527444270024e-03,1.613134261924494689e-03,1.530691077120429331e-04,1.391497502709516812e-03,8.426464023615215515e-04,2.728213989348343541e-04,6.220578003274901228e-04,1.233012201883083078e-03,6.957273973014679175e-04,3.099682146462263196e-03,8.698271617480613340e-05,1.023660069025442501e-03,1.763408486872532254e-03,6.820792684397289276e-04,3.871374857584655325e-04,1.535331079220399794e-04,1.894014182495313203e-03,3.859753543026645840e-03,1.589340164051377584e-03,1.023023361097513944e-03,1.058155825960688701e-04,2.612858145732428316e-05,5.866297110245676438e-05,1.525068189170351342e-03,3.925518760040320847e-03,1.643582824545761407e-04,1.242423372774571072e-03
4.118276903068768813e-01,1.904005996719430362e-05,2.602003325728895655e-04,5.904282998577057694e-04,2.176870075637949049e-04,8.459627641148502941e-04,1.650566342943919802e-05,9.004710588004967171e-04,2.620853944342166342e-04,2.995223260089611289e-03,1.956290830982926852e-03,8.917414029639377567e-05,1.214928393231857334e-03,4.698113048799343328e-04,1.931647981901368251e-03,1.355606939221648240e-03,5.338937893901682689e-04,1.605619020166986215e-04,6.788513199315335863e-04,1.183079239775170063e-03,1.467173236196362004e-04,1.583741091414759931e-03,1.855800888850526716e-03,7.410088985722275076e-05,5.896142043082480775e-04,3.599671741064065832e-05,2.614653669343717374e-03,5.067197123662272110e-03,3.877693436936787623e-04,2.232757117189352984e-03
7.219412491004784105e-02,7.598957305554322446e-04,5.594579735129649777e-04,3.205182809361311258e-04,5.380333674641791381e-05,1.950630699618992965e-05,1.672216922586414189e-03,3.455876746908225893e-04,2.035329838112980819e-04,2.991814837803712015e-03,1.873215172811069614e-03,2.526629910445070534e-04,3.584837711550170787e-03,5.832871859650373561e-04,1.824583268298003887e-03,2.161131897621130366e-03,9.253085679397228232e-04,1.467750742630606836e-04,8.359373113276660425e-05,3.358592172745740543e-03,1.737028342945658903e-03,1.595963763960690221e-03,6.508687529961734199e-04,3.219801086365687605e-03,3.793520683271103637e-04,3.434960828237920878e-04,1.451195358215256678e-03,3.482200417912478135e-04,3.758807794176421209e-04,2.564138329664325229e-04
8.340555755067756705e-01,6.496354397702454710e-04,4.226189855274569904e-04,2.339290640591190282e-04,1.547869440774138003e-03,6.543869417004960845e-04,5.623700237829157116e-05,3.707062904740378870e-05,1.087897294848203140e-03,2.562986771265527634e-04,2.044583347064771444e-03,2.628467477723255160e-04,3.124498733873562906e-03,1.527884200432493841e-05,2.027526194734079537e-03,1.880677154233168641e-03,8.775088745792379574e-04,3.846977103204723427e-04,4.301933450678147551e-05,1.067043084545329663e-03,9.043786650197191499e-05,2.390059578950034548e-03,1.858672933219366816e-03,1.001214294123123913e-03,2.087949128080729638e-04,4.087381057711034910e-03,1.450977582950071457e-03,1.719607682321323415e-04,3.945652792691832869e-04,3.122798597337136874e-04
6.035624979987693761e-01,1.345779874469169241e-03,4.360137649705150614e-04,5.970815610773733215e-04,1.629932166201154787e-03,6.880273976173968166e-05,1.646777189176983200e-03,6.578991753824732849e-05,2.431959161058239367e-04,3.970739549923590211e-04,1.899475691905782096e-03,2.584216867861363143e-04,2.845362357593681380e-04,2.745179061670660945e-05,3.370752435751128186e-04,1.362385449445047397e-03,1.002626814580649195e-03,2.984222389786967376e-03,2.862794371879845597e-05,1.886459143666078218e-03,9.190714943777973634e-05,3.119154813343753743e-03,1.363859203862409627e-03,1.051567272649813096e-03,2.139919877712675761e-04,4.172853542058134295e-04,1.568212589968307966e-03,1.643881643636905306e-04,5.204346779390363548e-04,2.315326063800625953e-04
6.038922430588021806e-01,1.127756960242308568e-03,4.638615129977973275e-04,5.960617622125185221e-04,1.628618743173548605e-03,8.215996952747582367e-04,9.032967522017241319e-05,3.376202657117289424e-05,9.420459760301413358e-04,8.391657453489967757e-05,1.888139001555946828e-03,2.557851183514804898e-04,3.199033744296793901e-04,1.767884690054439536e-03,1.898650411174642502e-03,1.733983783775014430e-03,1.000381068683819106e-03,3.182676497795154658e-04,2.051604457402986964e-04,1.761822760753210555e-03,4.253978049512802118e-04,3.088217069426905069e-03,9.723641442870450697e-04,4.986375549534496118e-05,9.077389671644852471e-05,2.632022002941606840e-04,1.499394005484056382e-03,3.072095827054557382e-04,3.747166938298292921e-04,2.245012985831512566e-04
9.017531573946445667e-01,1.052035497838850215e-03,4.361623551265663128e-04,6.344174098329641905e-04,1.765469031824725777e-04,8.647667264792026354e-05,1.602176341354155523e-03,1.714921026975558182e-03,2.431959161058239367e-04,3.970739549923590211e-04,1.899475691905782096e-03,1.719602001767858463e-04,2.645402374422910468e-04,4.342890099045572383e-05,6.686632621703920629e-04,1.362385449445047397e-03,8.965140451657076020e-04,2.984222389786967376e-03,2.437546812111212821e-05,1.886459143666078218e-03,9.190714943777973634e-05,1.605948360107863505e-03,1.363859203862409627e-03,2.429378848876535303e-04,2.174667840794289959e-04,3.808743233972357073e-04,1.570180419645066756e-03,1.582354214493562948e-04,4.452120439402577423e-04,1.243035681281161233e-03
1.147135642022456548e-02,5.768637182609659452e-04,4.665850907746342752e-04,1.028334876560486194e-03,1.569306631659288806e-03,6.229432701459384038e-05,1.710619154012030805e-03,1.833770284680040800e-04,6.004999530261360876e-04,2.431565739252706311e-04,1.262161923972689517e-03,1.131393431298363412e-04,3.175995642661832638e-03,1.801472877124633484e-03,1.931324927291915884e-03,6.667545704063544861e-03,6.893917403042895773e-04,8.883129264013748172e-05,1.594444680786480124e-04,2.904812791091363096e-03,4.240613804743046679e-04,2.302333786163159902e-03,5.880575577074628236e-05,3.160388518113560821e-03,6.153419086691734770e-06,8.229486805963876200e-04,5.740103505399085301e-04,4.048420892651626284e-04,3.754462650498642008e-04,4.443619520867303605e-04
4.989721458666140363e-01,2.118069800153734271e-03,9.836878415968217625e-04,8.811406329660797067e-04,2.770918037226730631e-03,1.144889488440272124e-04,2.800789911237954594e-04,8.748054463424687413e-03,2.295205666267704180e-04,1.951655919493762003e-04,1.961512793920987870e-03,4.410202091231184285e-04,4.465762910832820590e-05,5.113393970218345483e-04,1.338960550458006583e-03,1.330635159144074806e-03,9.655414521602744904e-04,1.153112214252655684e-04,7.060099503938295626e-04,3.393824179299373238e-03,1.089166255971944623e-04,2.496501752479373445e-03,8.594092589163914711e-04,1.554180179981477262e-04,2.264814035494030434e-04,3.614963178535698495e-04,2.643118594141638522e-03,3.070846200004097391e-04,3.956985748892081155e-04,3.103975037975870523e-04
5.199116900116208528e-01,1.418901188339054828e-03,4.440864101368555248e-04,4.900181400191269861e-04,2.866346155564890481e-04,1.654048522933938370e-04,1.421306929401070862e-03,4.292136192494126648e-04,6.898141684203136850e-04,7.167849900857573985e-05,8.933936290358005829e-04,9.062041296519525305e-05,2.389205618817196418e-04,1.848442550168759996e-03,8.248351421715694387e-04,2.155781350648058609e-03,6.733396273675068067e-04,8.138530763937725085e-05,1.664903214546872368e-04,1.140487983570463715e-03,4.243534455533768887e-04,1.059273007048582970e-03,9.371754969063521637e-04,9.412603806718415666e-05,3.035659326519135962e-06,3.517754447403866340e-04,1.440188570360656940e-03,4.022324828274523702e-04,4.112592022709769595e-04,4.996122520994248587e-04
1.966953043872192164e-01,4.790653882508393371e-03,9.843069327284221723e-04,5.357638790603632111e-04,2.359759645199233785e-03,8.665226642424839285e-04,1.710440224904226673e-03,1.409924903727506791e-03,2.764522657677049916e-04,2.012700064055032191e-05,1.788615820559292949e-03,1.522380190566682053e-04,2.980474409479370434e-03,5.688425371678195158e-04,1.896481068144663948e-04,1.389781420100196906e-03,5.238562419452341993e-04,2.272836995406657900e-04,7.080341203164481744e-04,2.210725182710510973e-03,1.402075269730545430e-04,1.676490651284255791e-03,4.144492402017283423e-05,1.409230413336264552e-05,1.582915968419703430e-04,9.114877327184994771e-03,2.914353396011300310e-03,5.352453743434868426e-03,1.680828275704441741e-04,5.287463002583848558e-04
4.754200923866030437e-01,7.609834792575661568e-04,1.017538231753708361e-03,1.322246601661183560e-03,6.390626280667536900e-05,8.176983454575667987e-04,1.463540629023999653e-04,5.556155813488712278e-03,1.654086984221079344e-04,1.002681800188947930e-04,1.859010744462855644e-03,2.568310782526899805e-04,2.498750437820423248e-04,1.790200853868361038e-03,1.876725981848064318e-03,5.450011953285291031e-04,5.096930623512378614e-04,1.602365932932818960e-04,4.301933450678147551e-05,1.150279496763812522e-03,9.512202703399169190e-05,1.679883236696386086e-03,6.342360006307621971e-05,3.435670626823555344e-05,2.551659398171542354e-04,4.244413639381164707e-04,1.585510148466746753e-03,2.528021996784561120e-04,5.628294149681833383e-04,2.388791449621091036e-04
3.938547278726620138e-01,1.075829960971530583e-04,9.764654960543552899e-04,6.350309036973345988e-04,2.450895318974754839e-04,1.912679143284381133e-04,7.406707855519780890e-05,7.780395499076050297e-05,1.193131243067311557e-03,8.417142735811904424e-05,1.942262983004453816e-03,3.945208305021790556e-04,3.161933886120747543e-03,5.091166612073447315e-04,3.467567950441168435e-04,1.939670572175235252e-03,8.937030572786831308e-04,3.169129535686619975e-04,2.008844840737997314e-04,1.770602811106707650e-03,6.177899584864890610e-04,1.575010616189737641e-03,1.878349082345314022e-03,1.039582800385692668e-03,9.053833292408545519e-05,3.537280647637929465e-04,1.420790447000624783e-03,2.919924171576928078e-04,3.641130155588604084e-04,1.243786923921888629e-03
7.259990616782745487e-01,1.340149755402522116e-03,4.372414812922836391e-04,1.093096227737251147e-03,1.314602802381439613e-04,6.530763282715279549e-04,5.953227882746517331e-04,5.900242289392843877e-04,9.314189388737695741e-04,8.466346723554531043e-05,1.886725840763436857e-03,4.451945914320257973e-04,3.165349908694383221e-03,6.005813538416881429e-04,3.053678503345449297e-03,1.733819951731795962e-03,9.627299835803343172e-04,3.182231013927925103e-04,6.714489931613145269e-04,1.497842758448322473e-03,1.495485431977449427e-03,3.095616061029605450e-04,1.696425853328105545e-04,1.002311523332099531e-05,9.622018647987525322e-05,2.569837240139294463e-04,1.097635916249201527e-03,3.027484424703234377e-04,5.177136292873222786e-04,3.103975037975870523e-04
1.357211946126164470e-01,1.301135251476353985e-03,4.376997998463474644e-04,6.333976109681093911e-04,2.217993276882098818e-04,1.077535342903076176e-04,1.125672677967199612e-05,7.407378420227849316e-05,2.763636268848181001e-04,1.213231171978265205e-04,9.277472888551690925e-04,5.029760004196938243e-04,3.199033744296793901e-04,1.771632010442728044e-03,1.945790105531375064e-03,1.734163226076565392e-03,8.954910652185351034e-04,3.194428487489611094e-04,1.549793031772809040e-03,1.766914972363052994e-03,5.115820683762619639e-05,1.583066617874130493e-03,9.620748625245631024e-04,4.903862692116331195e-05,9.424869300472436210e-05,4.318186196838129354e-04,1.498297628335408440e-03,4.899282847250634480e-04,3.691675467623715956e-04,1.232741803083083195e-03
9.481899344255433348e-01,4.844075300509991661e-03,6.800823931035672064e-04,9.953895211121655245e-04,3.074915425312448785e-04,1.723050822204466354e-04,1.388557478045423892e-03,3.547220185859876443e-04,6.917769116867248779e-04,7.311756870136212362e-05,9.535840131906101131e-04,4.136307698183626022e-04,3.014231835628228533e-03,1.324795920351093219e-04,8.733846423794918833e-04,2.146098637602233093e-03,6.497475300912012924e-04,2.355491376857067934e-04,7.523734563412332217e-04,1.946826724029335643e-03,1.595583795007963406e-04,1.684053073746192772e-03,4.428974700168802729e-05,1.590837064677767159e-04,2.404301445996039652e-04,1.705907542950630199e-04,2.947002739237177763e-03,5.438753463500541063e-03,5.234883083352910148e-04,4.943032046895862175e-04
9.702875129277314104e-01,1.065857343550647698e-03,3.440990654544178189e-04,6.690374004067439328e-04,2.285679648141820746e-04,5.800306730697026621e-05,1.278169867520469584e-04,4.829425799538359168e-04,2.035329838112980819e-04,2.815826056024610304e-04,1.952206285928213131e-03,2.494751634680389429e-04,3.230742657101234633e-04,1.681390656128117604e-03,1.177952789611956888e-04,1.427793781995225853e-03,8.733947626259387382e-04,3.325006951006041420e-04,3.831539148036186082e-04,1.806107736578323663e-03,1.723494588003762979e-03,1.584393859090966680e-03,1.780096533308093976e-05,1.970465192943045892e-04,2.340626564490687106e-04,3.213154244985432190e-04,1.443351455623453298e-03,4.014725208977791907e-03,3.945830660709619066e-04,4.124435708361372244e-04
4.924280539357345221e-02,1.332255031177474519e-03,4.483117781395743796e-04,6.475416221338264021e-04,3.787980151036986882e-05,1.391895409760044832e-04,2.035091228527524318e-05,1.776214649033209039e-04,2.792712979998274950e-04,2.334857721738820100e-04,2.731300482073947475e-03,9.320867971879366685e-06,2.326176550580063424e-03,1.771967622518661996e-03,1.169125115104483262e-03,1.703632954071800792e-03,6.729473226287322352e-04,3.326039209322041940e-04,2.645140518341796169e-04,1.762588089998441687e-03,3.149960965756592578e-04,2.276843039996658078e-03,9.357900595654006096e-04,4.954364417092342707e-05,2.545939964024817567e-05,6.558849280198187845e-04,1.457367233900487731e-03,4.147751854992934827e-03,3.588641731614678290e-04,2.626414270958633227e-04
2.848713728180796156e-02,1.796567948555505626e-05,3.383186815280109423e-04,5.976774288219321909e-04,2.176870075637949049e-04,8.121152934309805492e-04,2.955111886293123891e-05,2.281188456321921187e-04,2.806904529905814038e-04,5.011595486107235826e-03,1.887443724638330827e-03,3.860306730314378072e-04,1.225557957502687112e-03,1.753213902029055827e-03,1.931647981901368251e-03,1.730184952185603213e-03,5.338937893901682689e-04,1.605619020166986215e-04,1.912906321034107309e-04,1.193351796878039731e-03,1.745433329625116926e-03,1.583741091414759931e-03,9.402199395002683313e-04,8.665589630487850531e-05,6.007055998631113209e-04,3.599671741064065832e-05,2.614653669343717374e-03,5.067197123662272110e-03,3.930128017410962392e-04,2.377063791240631614e-04
7.098379373928067615e-01,7.598957305554322446e-04,2.423910932385824404e-06,1.323879894387836390e-03,1.910724089342160986e-03,6.579025634660980301e-04,1.413298754193685212e-04,3.821034216457677094e-05,2.134850667565026897e-04,1.331265078065119677e-04,9.542246359170369549e-04,2.568310782526899805e-04,3.114793602206194448e-03,5.698096776960842602e-04,1.876725981848064318e-03,1.733435512181604170e-03,5.120284113690578339e-04,1.484305691024592907e-04,4.301933450678147551e-05,1.190155578615712233e-03,9.481113670782036792e-05,1.683785030248910290e-03,1.896665159461323122e-03,7.642366906227850403e-05,2.096796685715399231e-04,4.318506798814382647e-04,1.494363603384314589e-03,2.512165788985478202e-04,5.569596435824392859e-04,2.838545812933125265e-04
9.767741710587951598e-02,1.009970417569442790e-03,5.728437069326832538e-04,7.601130144994535905e-04,2.355886600303058092e-04,8.392685580097527728e-04,3.125214985603714385e-05,7.780395499076050297e-05,5.586525691860667723e-05,2.549545405276421213e-04,1.862214249999574701e-03,2.529579269291624380e-04,3.618551398618959688e-03,2.470350811681885396e-05,4.410153143376438641e-04,1.721089114447680798e-03,8.943158982212760224e-04,3.181507961509493203e-04,6.781390419616576933e-04,1.768185373743514461e-03,5.847665465171054066e-05,1.574851300541240057e-03,9.412926093359567318e-04,5.180224160629164412e-05,1.137552773296120044e-04,3.433668062052919298e-04,1.504721683351932862e-03,4.600176268423933779e-04,3.634426961011213053e-04,1.232748194968803996e-03
3.233204702493021054e-01,1.132970217907004144e-03,4.241976156042018015e-04,1.638491580955383792e-04,1.884590453426773348e-03,1.843214926885362761e-04,2.136703836973637312e-03,6.717466742274622038e-03,2.694847442749069609e-04,6.446391720614516943e-04,1.936035816309330691e-03,4.396253099508156304e-04,2.586160707894235092e-03,5.678742597117402910e-04,2.131235391943344087e-03,1.293589579340373788e-03,5.358321664646948680e-04,3.935519913780626097e-04,8.791613425834888390e-03,2.123159325139813407e-03,3.961453124387056407e-04,9.969392072520805864e-03,6.414628972308098094e-05,1.333425752402103356e-04,8.986908044831886733e-05,1.905231252067409765e-04,2.913609693376982730e-03,1.034540712842387140e-04,1.079809276111773299e-04,1.229741897678769333e-03
3.506418603465659145e-01,8.323797936784657842e-04,4.643379260076708212e-04,2.721157837672939783e-03,7.732866811283110701e-05,2.734549221295170195e-05,1.733862473679685396e-03,6.359434089082264315e-04,3.827577627610790787e-04,5.458453028639584023e-04,1.913296202014786286e-03,2.011450034546831238e-03,3.707353324859569404e-03,1.592546483740426427e-03,3.283531182844028670e-03,1.762621919450761210e-03,5.515618839998205018e-04,3.958763396275919756e-04,6.736097149883184775e-04,1.412738661307747683e-03,2.309408357356882357e-04,4.545977556845846868e-03,2.098759806915282376e-03,1.620188244094290353e-04,6.354604098870676645e-04,1.541270654606375582e-05,1.563150659914875045e-03,1.027144733418909714e-05,3.955541939434970597e-04,2.244908920263524559e-03
2.444473826287179574e-01,1.335534580878048987e-03,1.325397233282084048e-04,6.567506047218879062e-04,1.457394884587057560e-04,8.119904724594581222e-04,3.019858104842752366e-05,2.281188456321921187e-04,2.198875665486144635e-04,3.004317994725497123e-03,1.956290830982926852e-03,8.407641602888439678e-05,3.293876869645624011e-03,3.321456865877743178e-04,7.327857684529889707e-04,3.078667251738431308e-04,9.618067933812835760e-04,3.315938013419857501e-04,1.964667261836029548e-04,2.255158741998045634e-03,4.838969835193360040e-05,1.560634491604689445e-03,6.640950826316376879e-05,7.308334400962585768e-05,2.328953481106472675e-04,8.967413893505023041e-04,2.613190544695313203e-03,4.314880869234642485e-04,3.930992792329847147e-04,2.788866518026427831e-04
9.747551810495305169e-01,1.342266749211676151e-03,4.641380708952476332e-04,6.383022435673448838e-04,2.948699078215151308e-04,1.337862313847415496e-04,1.799657850354070008e-03,8.327149048802353487e-03,2.205839055673219744e-04,8.476730481679156876e-05,1.888184610318586684e-03,1.687100827674438614e-04,3.197436821312582621e-04,1.731638809800012824e-03,3.332545600515371062e-03,1.951931476634327775e-03,8.951005990649860047e-04,4.223664982707531364e-04,1.418226941770537068e-03,1.743775114535021150e-03,4.253978049512802118e-04,1.402956864414180334e-03,8.587066462924620265e-04,2.490277951476181314e-04,7.754026248886098922e-05,4.243872944042917177e-04,1.501540610416637585e-03,4.919670431045893976e-04,3.761556824614645440e-04,1.188413810724094988e-03
2.285449235657431855e-01,6.312782001322877860e-04,1.009528779682187290e-03,6.333526432743926326e-04,5.036832663731901022e-04,4.739707224609080371e-05,4.613685871117805838e-05,4.166616607138385947e-04,6.006821900120354633e-04,2.457617800099730007e-04,1.688920998867186451e-03,8.684680468141065804e-05,2.117352171666059268e-03,1.739049794129659491e-03,6.950734384732311843e-04,2.069399798141505556e-03,5.402773008197245220e-04,3.212176587322243646e-04,2.638799547957127204e-04,1.354020199725105428e-03,1.463919592870398332e-04,2.049279641301373755e-03,4.856362332193047728e-05,5.199461434715083947e-05,3.507772714756121515e-05,4.298936276566227874e-04,1.411091503103127035e-03,2.690715997455986829e-04,5.375341159488543526e-04,1.274036243556382619e-03
4.111609386535670652e-01,1.312081129621518261e-03,4.190195660918889353e-04,6.141357798367594323e-04,3.746567504102814522e-04,1.030043651505735880e-04,4.446353289768715969e-04,4.177926972943459081e-04,4.364809464401686254e-03,1.633474198753145229e-04,1.551394707310829041e-02,3.767958081181113010e-04,1.287605119816819920e-03,4.237969943761025560e-04,2.681066210653047267e-03,1.766012488951567566e-03,5.341058410099535150e-04,3.177748440641960299e-04,7.030619793749640989e-04,1.384314583063387706e-03,1.134393426529547392e-05,1.347332887691218188e-03,8.390320304109799131e-04,8.526843091938258535e-05,3.695894811919948479e-05,3.327251518466388023e-05,2.933169889406568587e-03,3.653980699861278554e-04,3.942961259314322004e-04,1.293207803319872638e-03
4.997790021218067036e-01,5.194087165808875320e-03,4.658679263342745494e-04,6.412385792033463384e-04,2.933649788947598636e-03,6.256959441290334224e-05,1.737566074505577339e-03,8.777015239077881614e-03,1.160177431716199114e-03,5.644513134898355381e-04,3.087857601168657231e-04,4.311566905796967563e-04,2.227154928798486325e-03,1.839704740840667624e-03,2.736857179691117546e-04,1.302929635874304796e-03,9.761985305071098741e-04,1.144021022572702445e-04,7.500652353267572760e-04,1.753066525448764533e-03,1.134338809896237783e-04,1.465020242230459903e-03,8.575214434752051040e-04,3.351852630944185353e-04,2.855631848255575991e-05,3.436339773487646714e-04,1.373584627051056871e-03,2.968084412256363986e-04,1.110057347682853984e-04,1.248582655649275574e-03
9.676726532712434103e-01,1.413256950855286539e-03,3.419596158386230679e-04,4.900181400191269861e-04,2.866346155564890481e-04,1.659839051586628391e-04,1.421306929401070862e-03,4.292136192494126648e-04,6.898141684203136850e-04,7.167849900857573985e-05,1.966136737011040143e-03,9.062041296519525305e-05,3.245245865160572099e-04,1.848442550168759996e-03,8.134164551704295247e-04,2.155781350648058609e-03,6.733396273675068067e-04,8.138530763937725085e-05,3.752618597446033067e-04,1.813519840311588307e-03,1.742775119357543390e-03,1.059273007048582970e-03,9.371754969063521637e-04,9.526826100498094396e-05,3.035659326519135962e-06,3.517754447403866340e-04,1.443219073550376869e-03,4.022324828274523702e-04,4.112592022709769595e-04,4.090962390556722450e-04
5.221261914480410660e-01,1.071501581034415987e-03,4.462258597526502757e-04,6.690374004067439328e-04,2.285679648141820746e-04,5.742401484829591003e-05,1.278169867520469584e-04,4.829425799538359168e-04,2.035329838112980819e-04,2.815826056024610304e-04,8.794631779834991741e-04,2.494751634680389429e-04,2.374702410757858410e-04,1.681390656128117604e-03,1.292333883820303403e-04,1.427793781995225853e-03,8.733947626259387382e-04,3.325006951006041420e-04,1.743823765214372638e-04,1.133075879837199939e-03,4.050740300020559117e-04,1.584393859090966680e-03,1.780096533308093976e-05,1.959042963569003102e-04,2.340626564490687106e-04,3.213154244985432190e-04,1.440320952433733369e-03,4.014725208977791907e-03,3.945830660709619066e-04,5.029595838798898381e-04
7.596920257644703689e-01,8.746688298244634794e-04,9.733492180949023615e-04,5.715056863587467855e-04,7.900707081122837917e-05,8.099510563286204225e-04,3.175861320308342686e-05,2.616938336594638523e-04,6.310151822643278322e-04,5.217868091306763004e-04,1.694108846815708946e-02,3.746437155919751859e-04,2.424037258900427119e-03,2.062885186180321139e-03,1.351179758200663373e-03,1.652076683359883806e-03,9.180756043767013220e-04,3.208798028920043888e-04,8.861554287224678072e-05,1.874979474926434693e-03,1.158470129423918454e-04,1.638586913186945585e-03,5.886777037902082019e-05,2.729383283298269982e-04,3.869122809596886993e-05,2.102443427194100633e-04,1.386398225798262523e-03,1.401584188858672180e-04,3.935396562062675341e-04,4.115036018516869979e-04
9.800095444975522874e-01,1.312081129621518261e-03,3.440006740305516010e-04,6.118564709952063014e-04,3.762761204700684238e-04,7.485184016773446163e-05,1.253630212825849056e-04,4.177926972943459081e-04,3.567224023674404366e-04,1.152881609561328194e-04,1.883453463630030411e-03,2.491386690780637717e-04,3.611447117432372688e-03,4.377143249553337636e-04,2.754340076485265257e-03,1.760867520418308652e-03,8.742259578882209583e-04,3.111070188958294826e-04,2.725792496145375970e-04,1.791357694760148866e-03,1.760024655789565453e-03,1.352410297335710811e-03,2.281948450728573177e-06,1.993679273802043584e-04,3.824964491864472525e-05,4.329464336711725115e-04,2.933169889406568587e-03,3.998057003713154957e-03,3.760961123165527855e-04,4.957696023887134176e-04
9.549898742603302182e-02,1.052035497838850215e-03,4.361623551265663128e-04,6.325343723996092226e-04,1.781715948861960479e-04,8.647667264792026354e-05,1.602176341354155523e-03,1.126243760049962066e-04,5.665140893155777514e-05,2.575979218609875912e-04,1.862396840435718084e-03,1.702820289761836558e-04,2.645402374422910468e-04,2.458881209134672688e-05,6.686632621703920629e-04,1.721942978838317652e-03,8.962635924879570328e-04,2.984222389786967376e-03,7.224558331199553958e-04,1.768770833410175962e-03,9.190714943777973634e-05,1.606369025264467020e-03,9.360217757685718740e-04,2.424170397082540799e-04,1.363944926319363789e-04,3.808743233972357073e-04,1.502360880076104551e-03,1.582354214493562948e-04,3.658135681571081550e-04,1.232118944614791697e-03
4.983903538577008629e-01,1.331756861519092523e-03,9.861201348208873622e-04,2.798739170490705495e-03,1.288340804290828614e-04,1.480596056061546069e-04,1.344397380885344962e-04,9.117641094351302058e-03,5.094261965608700088e-04,1.912565401138198256e-04,9.366249941233882603e-04,5.073505588120313155e-04,3.105695257281858475e-03,5.611574345076985465e-04,3.011930211887360858e-03,1.748170976614381875e-03,5.455088960718741404e-04,1.242572384508607681e-04,6.953739051252709556e-04,1.094756011366604821e-03,5.070026522011176790e-05,2.958277704883301726e-04,9.714043837281017418e-04,1.524174358035312979e-04,2.597600700173310646e-05,4.323688639570039518e-04,2.611323537602792174e-03,4.817745393878298914e-04,3.956893302930640163e-04,8.329152620654664855e-04
3.964624455036366846e-01,3.105072991646539468e-04,4.067009197515050116e-04,2.472535434475518594e-03,7.870730078489407942e-06,6.092391158188616889e-04,1.939198705162151811e-03,3.586049998068218574e-04,2.057845059892139683e-04,2.302079536268797876e-04,2.642802428633639518e-03,8.684493998688002411e-05,3.178738727279299681e-03,5.760174427181189577e-04,1.190916633482574753e-03,1.953986515129081322e-03,9.178327216317212203e-04,4.538463341710014085e-05,9.489652835403030720e-05,1.864190991573263546e-03,1.287564200986391965e-05,2.009899274581420422e-03,4.868456147031973791e-05,1.322065377822836041e-04,1.648649926642477292e-04,2.133063727123999721e-04,1.451823673405295374e-03,2.366616422405119823e-04,3.774878621884370455e-04,1.216412282358829942e-03
3.457961188489306892e-01,1.335534580878048987e-03,1.325397233282084048e-04,6.622876050575724144e-04,1.457394884587057560e-04,8.119904724594581222e-04,8.346806295909340451e-05,2.281188456321921187e-04,2.205126182086423645e-04,5.478770308369033427e-04,1.977939539478097784e-03,8.508306127435785976e-06,3.105784418632013058e-03,1.796941458269222516e-03,1.927006413107173891e-04,2.015148695759800060e-03,5.326623398016585350e-04,3.315938013419857501e-04,2.037183248182646012e-04,1.417417470744806660e-03,4.838969835193360040e-05,1.562165715213010469e-03,6.149713854364146823e-05,7.308334400962585768e-05,6.253790808736224864e-04,3.599671741064065832e-05,2.603598002119208825e-03,6.703630690069010967e-06,3.930128017410962392e-04,2.516674847667707397e-04
5.024683850696076703e-01,1.461929753626420867e-03,4.372438507374888932e-04,1.091232276798091531e-03,2.241826218106343031e-04,1.142723793047345461e-04,2.506468213290516302e-05,5.862552308148784308e-04,9.232685761165475725e-04,4.035516840166300523e-05,1.277498840247339980e-03,8.958722057450971515e-05,3.109217095670713596e-03,1.730848895211311005e-03,7.730694836347076207e-04,1.733819951731795962e-03,9.645179915201862898e-04,3.193983003622382082e-04,7.230580103443605151e-04,1.488951208899236527e-03,1.179496459864941738e-04,1.567694706386113784e-03,8.402862004828450448e-04,9.780880978286910616e-05,9.489812963564436712e-05,6.597303205313238958e-04,1.409613751514862375e-03,3.010916355479111408e-04,3.698265828563913719e-04,3.106020472245868630e-04
4.602813588078321638e-01,3.518306039920832606e-04,4.071166707908386293e-04,3.180769817368361754e-04,1.836031941791084043e-03,6.103428724752305631e-04,1.877957359483301827e-03,3.423044768083840432e-04,2.694224882436752630e-04,5.931507028027337321e-04,1.893648418973041536e-03,9.067554852709152767e-05,2.592479232008086318e-03,5.760174427181189577e-04,2.132602202969972362e-03,1.953986515129081322e-03,5.235286974649860404e-04,1.636263066303376523e-04,5.111516081162869804e-04,1.864190991573263546e-03,1.287564200986391965e-05,2.130974232974440410e-03,8.430754257501990806e-04,6.440815365304968583e-05,8.883002698642725463e-05,2.131496931160080713e-04,2.939375034383224713e-03,2.365823186390887667e-04,3.772742196315080556e-04,5.628021347151147651e-04
7.403540931008733006e-01,1.331573245372468179e-03,3.390891911761077055e-04,2.544888181027003642e-04,6.283431024061192946e-05,1.950630699618992965e-05,2.110392667512955931e-03,3.516078682725988220e-04,1.464873484037055933e-05,2.788098861381698205e-04,1.268811109778325867e-03,9.027427343623884424e-05,2.777101022334093694e-04,1.833647030141717562e-03,1.171651434380678244e-03,6.271904198181564929e-04,9.105788257959999358e-04,4.022315746180606718e-04,7.977314403724772903e-05,1.174484032249244669e-03,6.104247810175627252e-04,2.354540595453708494e-03,9.342418399607061753e-04,2.234245209930972500e-04,2.733697075883281314e-05,1.865447525533259383e-04,1.457164571141782898e-03,9.599280616065266041e-04,1.899092485750578769e-04,2.546906896760105991e-04
9.618272533676233138e-01,1.035799524191161189e-03,4.003362377358240794e-04,6.170710428124436550e-04,2.277419394787313011e-04,5.733416389948158259e-05,1.068468470085606742e-04,4.056381725400622020e-05,5.064911991928714580e-03,8.021914879275063998e-03,1.294992303427324083e-03,2.667391383339560475e-04,3.117066741719637032e-03,4.282732674476233577e-04,8.174630120848890144e-04,7.227525827481998556e-04,6.686271013023882244e-04,4.776280031997792155e-04,7.359198428536497475e-04,2.056005757235257209e-03,2.776237265866057769e-04,2.255111493506138046e-03,1.059693585083929142e-02,1.670201460335999906e-04,2.173568258029478443e-04,8.579064643997913226e-05,4.771214749121528015e-03,2.978930821383916580e-04,3.760961123165527855e-04,1.686901416134323380e-04
6.832777364309081669e-01,5.172735084487864975e-06,4.336082488601653712e-04,2.616429994503601843e-03,2.044792417952937154e-03,4.187907618426361299e-05,5.053378515945798101e-04,9.216327871004215437e-04,9.745824694977798337e-04,2.684894839233871043e-04,1.254981041457624291e-03,1.367967761080141282e-04,3.197947483565334072e-04,4.725708859446421488e-05,3.041990987772078166e-03,2.021637417685421146e-03,8.940166639077689031e-04,3.871374857584655325e-04,7.322157639243894942e-04,1.897257891507938068e-03,3.893319387351595363e-03,4.660026471005881271e-03,8.255219972695907599e-04,4.830409781898310122e-05,9.476691216865109886e-05,4.243940332983863221e-04,2.961105108229724128e-03,1.654186695312078945e-04,3.692564247367928726e-04,1.242423372774571072e-03
4.130722982506251917e-01,1.796567948555505626e-05,3.383186815280109423e-04,5.904282998577057694e-04,2.326090713007007444e-04,8.472433113502462771e-04,5.733797690296539226e-05,2.511825945539928120e-04,1.110575846527860327e-03,2.995918652244464360e-04,1.956290830982926852e-03,8.917414029639377567e-05,1.097387155922517100e-03,1.632011357143331670e-03,1.931647981901368251e-03,1.716376610016066449e-03,8.798444798840296096e-04,3.838785861627447391e-04,6.761124160410587891e-04,1.181987584710824258e-03,1.465667808068639812e-04,2.387001191664351197e-03,1.828780022023793281e-03,7.410088985722275076e-05,2.286693517725821756e-04,1.322813419304016795e-04,2.614653669343717374e-03,2.172976451351072043e-04,3.945345924750885626e-04,1.396805246854868239e-03
7.975370792906757988e-02,8.891563529541783584e-04,1.171622802000389261e-04,1.020015077124973709e-03,2.667977824058959720e-04,3.850572360441549893e-04,4.393642933024112518e-05,3.942068276499149926e-04,1.646367444490567759e-04,2.184157773806431088e-04,1.889575662942489858e-03,2.865100761204918741e-04,2.242934954262494791e-03,8.001936801446890915e-05,3.120647164513860373e-04,1.082470498559937998e-04,8.753967389979489542e-04,3.155320201815646312e-04,7.216522756891475448e-04,1.610936716983385301e-03,6.744473754757889178e-04,1.099383046866374714e-03,2.496805073875553189e-04,3.981257707567947466e-04,2.301411717233246921e-04,8.074924424374778625e-04,1.398963827973147972e-03,4.717027740015959474e-04,4.078373394078336849e-04,3.189878334977581855e-05
5.526259731056227392e-02,3.427539811824553825e-04,4.415899811668769562e-04,6.412826162216513602e-04,1.584451307999674118e-03,8.328163433282912559e-04,1.562636154536950787e-04,6.522379474436483396e-04,1.683364213554634553e-04,6.406033823332882987e-04,1.144150666339757271e-03,7.028956996186452822e-04,3.085570761041787468e-03,1.318344968962130307e-04,1.864904722849441564e-04,1.709754037228001242e-03,2.315445905594469165e-04,3.148988960541134830e-04,1.451611463515095884e-03,3.400473832185897227e-03,3.363913877815663100e-05,1.608227579253611707e-03,1.021971317677950559e-03,1.083398256326676556e-04,1.626725564698451284e-04,3.444198313839792356e-04,1.437849889563566196e-03,1.450279058756690116e-04,1.687718178732741116e-04,1.157926054795636222e-03
3.517867904976090809e-02,9.953556802594271981e-04,3.390634199170286826e-04,3.505223074011310554e-04,5.071372112949936340e-05,8.117990520579444194e-04,7.949045103073557300e-05,8.209861823656758404e-05,2.808885107603151438e-04,1.145843116773860072e-04,1.888549113910285068e-03,3.747477252753254016e-04,2.934812696321560709e-04,1.835170085111227211e-03,2.751280583396264502e-04,1.769805929604561026e-03,5.286311131002894431e-04,1.517459151476692925e-04,1.998567695879817125e-04,1.192211539546407864e-03,1.737002495488238407e-03,2.557534301030905260e-03,9.805210815984428865e-04,3.432465253079238117e-03,2.555648295841601099e-04,4.244253758475056548e-04,1.454897071378008023e-03,2.380632493537145435e-04,3.735789343923111988e-04,2.375261032367597465e-04
3.956089007540192215e-02,5.172735084487864975e-06,5.622460318856985868e-04,2.429414678489563544e-03,1.717113280620126241e-04,5.924174201777456005e-05,1.392990621945257215e-03,5.642052579078564445e-05,1.595739519932215164e-04,2.684894839233871043e-04,1.254981041457624291e-03,1.364120983111123241e-04,3.128394640249116797e-03,8.698271617480613340e-05,1.831868747590123872e-03,2.021637417685421146e-03,6.868834250611410190e-04,3.871374857584655325e-04,7.477099188359136520e-04,1.897257891507938068e-03,3.830772842319770874e-03,4.760085088414398036e-03,1.854482408335224536e-03,2.504348587110806035e-04,3.732369890669652265e-05,2.019064260637666933e-04,2.616093129039383670e-03,1.654186695312078945e-04,7.182827516318690412e-05,1.242423372774571072e-03
2.679005393567130966e-01,6.445783489338226258e-04,4.372681533698168890e-04,6.300189217456400852e-04,1.588575157606007728e-03,6.605664124827109827e-04,5.764519978039158409e-04,7.815979380358781172e-05,9.395189046464795524e-04,8.391657453489967757e-05,1.254315462479494575e-03,1.150399084939863874e-04,2.899416937501727003e-04,1.771632010442728044e-03,5.584796652291363879e-04,1.754548774761582886e-03,8.766322107035612798e-04,2.993669911166649961e-04,1.448556964216300702e-03,1.720968782569703287e-03,1.169470765374253812e-04,3.720787800913332973e-04,9.723708902565883537e-04,4.893293625872836063e-05,5.412557467888890091e-04,4.374938980913471200e-04,1.720979569271231802e-03,2.392973782669773888e-04,5.405966893873897974e-04,4.667122287623156089e-04
3.137980240757376471e-01,8.308131744257625864e-04,9.633915062492254483e-04,2.609870267379029319e-03,2.655250471771560677e-03,8.368681036760065796e-06,1.674309383725680047e-03,8.864484424158771206e-03,2.542866604383454271e-03,7.691515625767081279e-04,1.247251045856604540e-03,4.365573633217651036e-04,3.163261154914188793e-03,3.934935535531468645e-04,5.768438698885603334e-04,5.786350225927307245e-03,8.692855748826835809e-04,3.939401475990583139e-04,7.077839806280194568e-04,2.623215824668743805e-03,3.833580082723179495e-03,1.575093229280138561e-03,4.193659059061881659e-04,1.304847858603421526e-04,2.268688692357357143e-04,6.483872287277332030e-04,1.486688343025226395e-03,1.157206348392372602e-04,3.904378170080446487e-04,1.187373769877880444e-03
7.599554379480428778e-01,1.352244283166311855e-03,4.372414812922836391e-04,1.093096227737251147e-03,1.314602802381439613e-04,6.521171002921053676e-04,6.567721578186174608e-04,5.900242289392843877e-04,9.314189388737695741e-04,8.466346723554531043e-05,1.886725840763436857e-03,4.451945914320257973e-04,2.455019126121687437e-03,6.037013122332203973e-04,3.053678503345449297e-03,1.734107459140921820e-03,9.627322806601022525e-04,3.208089375285704111e-04,6.714489931613145269e-04,1.497842758448322473e-03,1.493056225450447791e-03,3.095616061029605450e-04,1.696425853328105545e-04,2.612360177567743264e-04,3.995907569452618292e-05,2.097513156075841122e-04,1.097635916249201527e-03,7.934979108677945973e-05,5.177136292873222786e-04,3.103975037975870523e-04
7.257356494947020398e-01,8.625743020606740658e-04,9.733492180949023615e-04,5.715056863587467855e-04,7.900707081122837917e-05,8.109102843080430098e-04,1.971423400692678615e-06,2.616938336594638523e-04,6.310151822643278322e-04,5.217868091306763004e-04,1.694108846815708946e-02,3.746437155919751859e-04,3.134368041473123336e-03,2.059765286713758931e-03,1.351179758200663373e-03,1.651789175950758165e-03,9.180733072969333866e-04,3.182939667562264879e-04,8.861554287224678072e-05,1.874979474926434693e-03,1.189102902590135052e-04,1.638586913186945585e-03,5.886777037902082019e-05,2.236817974808104348e-05,9.495233889234918235e-05,2.574767511257554245e-04,1.386398225798262523e-03,1.401584188858672180e-04,3.935396562062675341e-04,4.115036018516869979e-04
3.686371711758036351e-01,8.671884917293159762e-04,4.067009197515050116e-04,9.782009084773994612e-04,7.087677881636631448e-05,6.570852473720555260e-04,1.858186275099841080e-03,8.411182872852158293e-03,1.935533387663244086e-04,5.222397244598770208e-03,1.933806887414974774e-03,2.922428654866243290e-05,3.617157935538526173e-03,1.844413197855858909e-03,1.165829474747523365e-03,1.720310173232531470e-03,8.959199874634094472e-04,4.731185379344579568e-04,6.957095990126005653e-04,1.864057779328930292e-03,3.591880457727984408e-03,1.505558565211425996e-03,8.398781421314945733e-04,5.567032349571948398e-05,7.600970301304683485e-05,4.152526867598218228e-03,2.959203075619543273e-03,6.334212281456502724e-04,1.476311535259514562e-04,1.245654470036713229e-03
3.427663839152994552e-03,2.043124453827867542e-03,3.040933373217193482e-04,6.928559640275986677e-04,2.473610562657426078e-03,8.067383774583935206e-05,2.104516824758540829e-03,8.084559373664865385e-04,5.742250010446191830e-05,2.915241662234344458e-03,1.862821557161407470e-03,2.565940960985866248e-04,3.213446495398627513e-04,1.289729141912527395e-04,4.696483270780974894e-04,1.906827932100290226e-03,8.373858081769671412e-04,3.266958949839613466e-04,1.505021202188050206e-03,1.768599635193155275e-03,5.640991554665004395e-05,2.013411879073679842e-03,9.461858412900927065e-04,1.558561516672911731e-04,1.147859515352013196e-04,2.654744628408953026e-04,1.506909102921235623e-03,3.458152518173455894e-04,3.784300851659122664e-04,1.181157327628769554e-03
1.624576131538680857e-01,3.225492069529073847e-05,3.383186815280109423e-04,5.904282998577057694e-04,2.176870075637949049e-04,8.459627641148502941e-04,2.958464357056148704e-05,3.723740519607437278e-04,2.620853944342166342e-04,5.011595486107235826e-03,1.956290830982926852e-03,8.917414029639377567e-05,1.214928393231857334e-03,1.754921057346011401e-03,1.931647981901368251e-03,3.216886229703616986e-04,5.338937893901682689e-04,1.605619020166986215e-04,6.761124160410587891e-04,1.186256176752598784e-03,1.467173236196362004e-04,1.646490074313565954e-03,7.542533051951150333e-05,7.395730777026350859e-05,6.007055998631113209e-04,3.599671741064065832e-05,2.614653669343717374e-03,3.887149943151680786e-03,3.931654859126316450e-04,5.517081729924969927e-04
4.671561510121230443e-02,1.340149755402522116e-03,1.787295541041793450e-04,3.537479049368217796e-04,1.314602802381439613e-04,6.530763282715279549e-04,5.953227882746517331e-04,5.211623475010639843e-05,9.307856306850338744e-04,8.466346723554531043e-05,1.886725840763436857e-03,4.435053724620883694e-04,3.165349908694383221e-03,1.843675954703578044e-03,3.053678503345449297e-03,1.733984729593205125e-03,9.627299835803343172e-04,3.182120278631361235e-04,6.714489931613145269e-04,1.185527863680393718e-03,1.725538113542474886e-03,3.095616061029605450e-04,1.554203558704570984e-04,1.024169612938217230e-03,2.439776261473053224e-04,2.569837240139294463e-04,1.097635916249201527e-03,3.027484424703234377e-04,5.177136292873222786e-04,3.065149212583686091e-04
3.338460658601508091e-03,8.277874171205353449e-04,1.009528779682187290e-03,6.322572914828581423e-04,5.036832663731901022e-04,8.320877739820072461e-05,4.613685871117805838e-05,8.777552880893048706e-03,7.504042679311805856e-05,2.400988121112964009e-04,1.864493734787252364e-03,8.684680468141065804e-05,3.581227653801226027e-03,1.081583055264847713e-04,6.950734384732311843e-04,1.726032617031827065e-03,5.477931272429065104e-04,3.212176587322243646e-04,2.829318507095449553e-04,1.354020199725105428e-03,1.463919592870398332e-04,2.049279641301373755e-03,9.521079387040015706e-04,5.199461434715083947e-05,3.574253044394893524e-05,4.298936276566227874e-04,1.411091503103127035e-03,2.690715997455986829e-04,3.670223121211540064e-04,1.171457003554283918e-03
5.505499998933166550e-01,1.279666437273945835e-03,4.377028872066686914e-04,1.080600826404908617e-03,2.044620980110933850e-03,3.594202350567089581e-05,2.212556778421140118e-03,3.448269220764385405e-04,1.599528113663366009e-04,4.426558607883305033e-04,2.916770803927777166e-03,2.310742187884117893e-04,3.110796445452447372e-03,1.341701344114395230e-04,1.882282324880938003e-04,1.762423033748483983e-03,5.437810260689365230e-04,2.790551496290652727e-04,7.019426788257087475e-04,1.010087006312748725e-03,1.155797724000078713e-04,4.889543102056716911e-03,4.197578098158189354e-04,3.222612682876379274e-03,3.040250555988979395e-05,3.844565856676593688e-04,1.420240800834480024e-03,1.178188522604499324e-04,9.859392995754077960e-05,3.190050775544027049e-04
1.305165992241404116e-02,6.567993639782549907e-04,4.475985712549524192e-04,1.075827331135639862e-03,1.568630670283387499e-03,5.997195173152244799e-05,1.687535543427907698e-03,2.202897387570331453e-04,5.836764411808720949e-04,2.395511684768381771e-04,1.262838602911834241e-03,1.149063610332420535e-04,3.074341657519316304e-03,9.777863027906100960e-05,1.853802371613613947e-04,6.409132866685761896e-03,5.343232802477190877e-04,3.807717220307904799e-04,1.454775105665658897e-03,3.420004379569602671e-03,1.455572113808761977e-04,3.605626923761691503e-03,5.899579034117676793e-05,1.688468820692500547e-04,4.157397829718114215e-05,8.235944883092439269e-04,2.645525799963621954e-03,2.945097408783101806e-04,5.402687229065411588e-04,4.443571786736860772e-04
4.204291816538741067e-02,3.427747266160661522e-04,3.682802871886581265e-04,6.146745168906387474e-04,1.867923297439939064e-04,7.855664980872384667e-04,7.404128459235795822e-05,2.510005487472782675e-03,2.982064507750757654e-04,9.216066807156353608e-05,1.255364021667215680e-03,2.577037818368924506e-04,2.794842086894201109e-04,1.236274275972748223e-04,5.498707485172656855e-04,5.384832482285665817e-04,1.117896069548646090e-03,3.343534662827467503e-04,1.938993923649677542e-04,2.457059833125248196e-03,1.506167256731346022e-04,1.574907942214523590e-03,6.280096041070982321e-04,9.420360037958801051e-05,2.105323867745816102e-04,6.385219596961180062e-04,6.651555027064159475e-04,2.309478003307518222e-04,3.749314018898041562e-04,1.184552813863059152e-03
7.426804072256987244e-02,8.825805743066504096e-04,4.047776416626308431e-04,1.080600826404908617e-03,1.411185637481582626e-04,7.981995172722509448e-04,6.312194124437140851e-04,3.264324812315469969e-04,1.560216698803312211e-04,4.388574366817796744e-04,2.916770803927777166e-03,2.060357344052589931e-04,3.116990242189575724e-03,9.166851047589759990e-05,2.432178457309129918e-03,1.798222213579172505e-03,5.467042951735407363e-04,2.850592938417121345e-04,6.954278338210957006e-04,1.010087006312748725e-03,4.940875968105102873e-05,5.079507738011599348e-03,9.672524271846840447e-04,4.008120948632685099e-04,2.392182360964253951e-04,2.149582464252228220e-04,1.477011496930517864e-03,4.427511208215435421e-04,9.970433042617382830e-05,3.072555534167591812e-04
1.826251050834304390e-02,6.637829087863886127e-04,3.309238237241706902e-04,6.525592703020688520e-04,2.026942719358237747e-04,1.357628448627137439e-04,6.101158461507437056e-05,7.640968048830266263e-05,9.626106924825992856e-04,2.290897508871643246e-04,1.938261645922253334e-03,1.191582400787968084e-05,2.631535473086556100e-04,1.805972459380809306e-03,1.075969199412835173e-03,1.716281089465165150e-03,6.699075868763756979e-04,2.724409483081580608e-05,1.966180721687684320e-04,1.829097118621697549e-03,3.149960965756592578e-04,3.071070803759904082e-04,1.002404535123319930e-03,4.903221190746173257e-05,2.611797560322482814e-05,3.120871979187065520e-04,1.509396615001609406e-03,5.371719499053396324e-04,3.595541520943938219e-04,1.177355970259064870e-03
4.141994386188366795e-01,1.796567948555505626e-05,3.332414459743082810e-04,5.904282998577057694e-04,2.337870383014206861e-05,8.472433113502462771e-04,5.733797690296539226e-05,2.727864209008657153e-04,1.110575846527860327e-03,2.978207121080056106e-04,1.956290830982926852e-03,2.758995033269501284e-04,1.097387155922517100e-03,1.632011357143331670e-03,1.931647981901368251e-03,1.707579007033084486e-03,8.801821404885533775e-04,3.839846515614295133e-04,6.761124160410587891e-04,1.181987584710824258e-03,1.465667808068639812e-04,2.387001191664351197e-03,1.410371226291048507e-03,7.410088985722275076e-05,2.286693517725821756e-04,1.494834772570680179e-04,1.522691822064273269e-03,2.155863073833966823e-04,3.945345924750885626e-04,1.216054113126591911e-03
7.977701585280747576e-01,2.101393927813945475e-03,9.836878415968217625e-04,1.054350321616308143e-03,1.595200496467554527e-03,4.961323439420338156e-05,3.687244799731438736e-04,8.076623879338377943e-03,2.295228331984962159e-04,1.655413281162216449e-04,1.961512793920987870e-03,1.110616866198150404e-04,4.777878757339522851e-05,1.189419028589888639e-05,1.327502331974355276e-03,2.027736023215941791e-03,5.224203763555417858e-04,4.030966653429038501e-04,7.202757770442155772e-04,3.388923998626286113e-03,6.755004594545743150e-04,2.496501752479373445e-03,6.560966803396496355e-04,1.589666633429308187e-04,2.264814035494030434e-04,3.614073622245020248e-04,2.633612316123027514e-03,3.070846200004097391e-04,3.956985748892081155e-04,3.154555134979956650e-04
8.256165437006126595e-01,5.170208036641496183e-03,4.676118697942286046e-04,5.892411779153149728e-04,3.450398053142166802e-04,6.256959441290334224e-05,1.325752281791437760e-04,2.516354373163914317e-04,1.110444495962553289e-03,5.301238935792014842e-04,1.993903307421012253e-03,3.913417031569637727e-04,2.309171430115615486e-03,1.843255750804444247e-03,2.622244827697727009e-04,1.731707395440699581e-03,8.949684490341528516e-04,3.195815231055092556e-04,7.667777678082728608e-04,1.792509904546859146e-03,2.726392946790917593e-04,2.385710047852428704e-03,9.805289942710325186e-04,3.227976958898345732e-04,2.373812792029357781e-04,4.342872076690094279e-04,2.635112057131592210e-03,2.179380424355214997e-04,4.064926949890882487e-04,1.248582655649275574e-03
6.369526896980505226e-01,1.329986501971376156e-03,3.385081933723839203e-04,1.328224720797756796e-03,2.168614946300576659e-04,9.975625653532130439e-05,8.321255465104383233e-05,3.521425183135656824e-04,2.161608459695228040e-04,2.809021512772266142e-04,1.283933241178047925e-03,5.035847111519570467e-04,2.722508633425722684e-04,1.751481024885492149e-03,2.429115788897635506e-03,6.271904198181564929e-04,9.180183582321258667e-04,1.506654807617966601e-04,8.263969342151617663e-05,1.181592536861111745e-03,1.709320233122136896e-03,2.378554373683440699e-03,8.441771136208025368e-04,5.005336490469060778e-05,2.079814333529332224e-04,2.743438639572819897e-04,1.457546747096959703e-03,9.642671195744763942e-04,1.899092485750578769e-04,2.564138329664325229e-04
1.342748111024849589e-01,1.340719393816909620e-03,4.376974304011422103e-04,6.333976109681093911e-04,1.290769861157184015e-04,1.004826276330978612e-03,5.740546945101170084e-04,7.766871977317909008e-05,9.430123481442586643e-04,8.623205439880926603e-05,1.879199657085131982e-03,4.424690461330245601e-04,3.366229508946530198e-04,5.035596293999536994e-04,1.300130369899994134e-03,1.941540515107203699e-03,1.237630039595188913e-02,8.700445828137910904e-06,1.513038699014953529e-03,1.775806521912138940e-03,5.146909716380313111e-05,2.955113372727431915e-04,9.823648205012865987e-04,1.132141581423905577e-04,9.336393724452142062e-05,4.244093037404911414e-04,1.451605491364282505e-03,4.915850916474755281e-04,3.691675467623715956e-04,1.187769198243931014e-03
5.917476762436557625e-01,1.340526343414990109e-03,4.205351716814409663e-04,5.795060104853322520e-04,2.022836943421665954e-04,1.362112007557679809e-04,5.769672798214090523e-04,1.776214649033209039e-04,9.572745998904655731e-04,8.894753092988522136e-05,1.938261645922253334e-03,1.417774206942019086e-05,3.327675387679581787e-04,1.798966240347439800e-03,1.046935034292073444e-03,1.942738104281061060e-03,6.699075868763756979e-04,3.326039209322041940e-04,1.966275974736659464e-04,2.237205687818420198e-03,3.149960965756592578e-04,2.227106438322805533e-03,1.190083649357381868e-04,3.397978090691197023e-03,9.321412037008001159e-05,3.164113768598693236e-04,1.479257688012067772e-03,3.850599062194315358e-03,3.603674713768673901e-04,1.153539246007689780e-03
4.508849447058015381e-01,1.133844575025884501e-03,9.797019487553688954e-04,6.260673580309688126e-04,2.367526066434286463e-04,7.865804412132129317e-04,7.406707855519780890e-05,7.771259801325569952e-05,1.331465455682208886e-02,9.338315191561382018e-05,1.861824477382782381e-03,3.945208305021790556e-04,4.521741095737802905e-04,1.771713138341477877e-03,2.872845721308973010e-04,5.438588733163173027e-04,2.507881328732206169e-04,3.183608495110701667e-04,1.940969812202226336e-04,1.782839415070335779e-03,1.352195487626112061e-04,1.575010616189737641e-03,8.151658773445516828e-04,1.422112533061314931e-04,9.053833292408545519e-05,6.756625331766127202e-04,2.884409407344189300e-03,2.932153345647530080e-04,3.700695617096382722e-04,1.241691328305767400e-03
1.803176951077160861e-01,2.851327132149033216e-04,9.851692535698193705e-04,2.617101800682660948e-03,1.527759349351751094e-04,2.324784456369182557e-05,1.674309383725680047e-03,6.246416213231088463e-04,2.575113898984376058e-03,3.064170548932445247e-03,1.247251045856604540e-03,9.649675636278973439e-05,3.883142056629779008e-03,3.934935535531468645e-04,1.996723160668341043e-04,5.786350225927307245e-03,8.493908559465680698e-04,3.298514820820400151e-04,7.184765147643041097e-04,2.623686579392259504e-03,5.946362258036427958e-05,1.678766320846766195e-03,4.193659059061881659e-04,3.657892031946560242e-05,2.268688692357357143e-04,6.483872287277332030e-04,1.436339614914782306e-03,2.988629339804997100e-04,3.907536450110280185e-04,5.308658801660797160e-04
7.850202254571866378e-01,1.007775945071753311e-03,3.451152396892848096e-04,6.339751872344719054e-04,3.450398053142166802e-04,7.467343539306190347e-05,1.795102139792946775e-03,1.136999197851669592e-04,1.155852276362504677e-03,5.301238935792014842e-04,2.097634448948276472e-04,3.849844770773317945e-04,2.309171430115615486e-03,1.916775997717377368e-03,2.622244827697727009e-04,1.755599545677352527e-03,8.948623217070824807e-04,3.194341898572337804e-04,7.672288084890329990e-04,1.770887804847993876e-03,2.726392946790917593e-04,5.564275614369094264e-03,9.665132222702820484e-04,3.227976958898345732e-04,8.960640197343817362e-05,4.342413040097988669e-04,1.428164767582628097e-03,3.164213446961764396e-04,3.772440858212120027e-04,5.096918800579894240e-04
5.918593824777690360e-02,9.953556802594271981e-04,3.397093172972363330e-04,9.866992808198935504e-04,5.071372112949936340e-05,8.117990520579444194e-04,7.949045103073557300e-05,2.421037824976280230e-04,2.808885107603151438e-04,4.714843439922395199e-05,1.888549113910285068e-03,2.153099034231552495e-04,3.783891187969842980e-03,1.016240942219687974e-04,2.751280583396264502e-04,1.768370949402700782e-03,5.286311131002894431e-04,1.517459151476692925e-04,7.553385057539158901e-04,1.192211539546407864e-03,1.738707596497464196e-03,5.484854201847179974e-04,9.697881922566939285e-04,3.432465253079238117e-03,2.550351846510120102e-04,7.430575064043502408e-05,2.833333832096296759e-03,2.396137802212352868e-04,3.742826377767562445e-04,5.208435273173187170e-04
1.410544917812561749e-07,8.333333018169476400e-04,5.734657734689387444e-04,4.513471505988676325e-04,1.884812034633816409e-04,8.067383774583935206e-05,3.133398920809730460e-03,3.498688944650989174e-04,5.640682616658355183e-05,2.731037539017646884e-03,1.862821557161407470e-03,2.565940960985866248e-04,3.593544461263860606e-03,1.397526540090442268e-04,4.468192581279831189e-04,1.721973676376452799e-03,5.235890726255764283e-04,3.266958949839613466e-04,2.154900824494419527e-04,1.767495864616988686e-03,5.640991554665004395e-05,1.679560498664910010e-03,9.477248527056099468e-04,5.901489157334941079e-05,9.053826423007187011e-05,3.447611015446203292e-04,1.584088026177555338e-03,3.458152518173455894e-04,5.550832583725571253e-04,1.222729343359061759e-03
5.904723392050614805e-01,8.323797936784657842e-04,9.529849327976991444e-04,3.808593176212282487e-04,1.141079576581205662e-04,3.071868791646646625e-05,5.960106352324109511e-04,3.184047640699978060e-05,5.450635932489421298e-03,9.832934709215262678e-05,1.305702522435746088e-03,2.069114793158583019e-03,3.118229917078628888e-03,1.781888756455046415e-04,3.277971454645831149e-03,4.738201886606575311e-04,9.455377971282481579e-04,3.958763396275919756e-04,6.718286548005950043e-04,2.224361235203916893e-03,1.726270763332050581e-03,1.623284432992372871e-03,1.932268481060668086e-03,1.057824957427266985e-03,2.448403532568006768e-04,3.538459806670752532e-04,1.479885636445706261e-03,3.578131695814449806e-04,3.943107434214425540e-04,4.537822035601435811e-04
9.793767787063358821e-01,1.312081129621518261e-03,4.012366104949610266e-04,6.120784419414975613e-04,3.762761204700684238e-04,7.478267774957676024e-05,1.253630212825849056e-04,4.273286194363386335e-04,3.567224023674404366e-04,1.152881609561328194e-04,1.883453463630030411e-03,2.491386690780637717e-04,3.611447117432372688e-03,4.377448448061653464e-04,2.777264437095509735e-03,6.016770808293838823e-04,6.694905246336759277e-04,3.111070188958294826e-04,7.567319728207142458e-04,1.791357694760148866e-03,1.785600823310275458e-03,1.352410297335710811e-03,5.121308922816820985e-04,1.993679273802043584e-04,2.163045152802471898e-04,4.329464336711725115e-04,2.933169889406568587e-03,3.777919235421273864e-03,4.464492604124166951e-05,4.957696023887134176e-04
6.989217715133756448e-01,1.340072333263203587e-03,1.001316882277828411e-03,6.332500508599949503e-04,1.293333240215277925e-04,1.077535342903076176e-04,8.173861215182595631e-05,4.406032849488174946e-05,9.346671127732659057e-04,8.404183304892406318e-05,9.277472888551690925e-04,7.988893294264904276e-05,3.199033744296793901e-04,1.771632010442728044e-03,3.496818941712530066e-04,1.734113015162004915e-03,8.937030572786831308e-04,3.182676497795154658e-04,1.513038699014953529e-03,2.123851738651761235e-03,5.115820683762619639e-05,2.786110335139602764e-04,9.723708902565883537e-04,1.721453958117984974e-04,9.424869300472436210e-05,4.318186196838129354e-04,1.494991511798525637e-03,3.818121879186132592e-03,3.765478177221823642e-04,1.232741803083083195e-03
7.672943033542983793e-02,1.450627798290612990e-03,4.372438507374888932e-04,1.091418451423736748e-03,2.241826218106343031e-04,1.142723793047345461e-04,6.391967244609695915e-04,5.862552308148784308e-04,9.232685761165475725e-04,4.428655814710166501e-04,1.276628579008659298e-03,8.503186171990568360e-05,3.109217095670713596e-03,1.730848895211311005e-03,7.730694836347076207e-04,1.799416650241990106e-03,9.449585703466541024e-04,2.871501895784261591e-04,7.230580103443605151e-04,1.494814046509707018e-03,5.061633841637484322e-05,5.166694641705511098e-03,8.402862004828450448e-04,9.780880978286910616e-05,9.489812963564436712e-05,6.597303205313238958e-04,1.408080841655620771e-03,4.377914551134008876e-04,3.698265828563913719e-04,3.105324061541831220e-04
7.443912180868579587e-02,3.409328694520341401e-04,4.415899811668769562e-04,6.412826162216513602e-04,1.584451307999674118e-03,8.328163433282912559e-04,6.595454951599055791e-04,6.598899101298418089e-04,1.691809022220055233e-04,6.417385285185169159e-04,1.208012886425211506e-03,7.028956996186452822e-04,3.117345347916605780e-03,1.318344968962130307e-04,1.864904722849441564e-04,1.709754037228001242e-03,2.162056847170857861e-04,3.148988960541134830e-04,1.451611463515095884e-03,3.400473832185897227e-03,3.363913877815663100e-05,5.094007026924633752e-03,1.021971317677950559e-03,1.066244735427805234e-04,1.646514592617080968e-04,3.444198313839792356e-04,1.477536433962524333e-03,1.450279058756690116e-04,1.687718178732741116e-04,1.157926054795636222e-03
5.509151622444634355e-02,8.844016863188734149e-04,4.047776416626308431e-04,1.080600826404908617e-03,1.411185637481582626e-04,7.981995172722509448e-04,1.279406788575684103e-04,3.187805185469572795e-04,1.551771890137891802e-04,4.377222904965510030e-04,2.852908584381426416e-03,2.060357344052589931e-04,3.085215655314757846e-03,9.166851047589759990e-05,2.432178457309129918e-03,1.798222213579172505e-03,5.620432013223962799e-04,2.850592938417121345e-04,6.954278338210957006e-04,1.010087006312748725e-03,4.940875968105102873e-05,1.593728350552913071e-03,9.672524271846840447e-04,4.025274951015145449e-04,2.372393333045624538e-04,2.149582464252228220e-04,1.437324952531559728e-03,4.427511208215435421e-04,9.970433042617382830e-05,3.072555534167591812e-04
4.056175590993759683e-01,1.132856632875047518e-03,6.793702093303155554e-04,1.056160915559188791e-03,1.584303888073525322e-03,8.837013701199153762e-05,1.200507412826980029e-04,3.554813239788400057e-04,2.638146361407044224e-04,8.260196100858471237e-05,1.954129867719609469e-03,1.907902893518575863e-04,3.949954222258428120e-04,4.476469254812638393e-05,3.050295239786851575e-04,1.942150840271942430e-03,1.549739720452829241e-04,1.386223108745542640e-04,1.275584025411258997e-03,1.955170022770323819e-03,7.285763392555146163e-04,1.332971128111728760e-03,9.809103855827785816e-04,1.550717772406929554e-04,9.432640176330147860e-05,4.393757154044672071e-04,1.440944602163394444e-03,4.566206624469926895e-04,5.562328141454471681e-04,4.255292448447222536e-04
8.890999094602003439e-03,6.446533054582128915e-04,4.116693109058584907e-04,2.339290640591190282e-04,1.547869440774138003e-03,8.029181484051409450e-05,2.068701974492473741e-03,7.907301413230972270e-05,1.108792407899312571e-03,2.944778277235779798e-03,2.044583347064771444e-03,2.628467477723255160e-04,3.124498733873562906e-03,1.302300884560099101e-04,2.027526194734079537e-03,1.709883454329340791e-03,8.775088745792379574e-04,3.846977103204723427e-04,4.301933450678147551e-05,1.065199056379963812e-03,4.812120434492853614e-03,2.390059578950034548e-03,1.858672933219366816e-03,1.001214294123123913e-03,2.038980831473511106e-04,3.250670514104059446e-04,1.450977582950071457e-03,1.719607682321323415e-04,3.695763155711220631e-04,3.349909568587085490e-04
8.469717651406432068e-01,8.351658146737882997e-04,5.844154480905371356e-04,8.881551236478083108e-04,1.867923297439939064e-04,6.943853212705998045e-04,1.003747153309657650e-04,1.009889341983679148e-02,7.811893981299648185e-05,2.671296257508724067e-04,1.308878615645208288e-03,2.565940960985866248e-04,3.610593233335192796e-03,8.839029132527148201e-06,4.452410761331690794e-04,1.886862304390829383e-03,8.555709861322099031e-04,3.240453946683344907e-04,1.516863749760915051e-03,1.770443663358523293e-03,5.640991554665004395e-05,1.499267014841340487e-03,1.018289541920519223e-03,4.489705303778012812e-05,1.189276876685738398e-04,4.108771864450298447e-03,1.505943407805151448e-03,3.369866164611228735e-04,3.937524076732414990e-04,1.122833784617236798e-03
6.317162151118436986e-02,3.107278942242443567e-04,5.568952701293322736e-04,6.602810682133529105e-04,1.321443237263332027e-04,4.455802813257839570e-05,2.165955609357541646e-03,8.900389322027170425e-03,9.315791180268599659e-04,2.954777191033880132e-03,1.886579012296554173e-03,1.031216910419050046e-04,3.593025013713945035e-03,1.236274275972748223e-04,4.452410761331690794e-04,1.708615394468261141e-03,8.915486957294000174e-04,3.267586575205468167e-04,6.711704279801636915e-04,1.768599635193155275e-03,5.640991554665004395e-05,1.496638402757491859e-03,1.553286129675357388e-04,5.051403317335001041e-05,2.432257784986268268e-04,3.443578961729574540e-04,1.507959436094797982e-03,3.024314631604352213e-04,5.551584014749243092e-04,3.044933902318309256e-04
4.677151670402275585e-02,2.475710211535418412e-04,1.787295541041793450e-04,3.794400506793770217e-04,1.861082862558046649e-04,6.530763282715279549e-04,5.338849047869347053e-04,1.038642023557063629e-04,5.898993348942694996e-04,8.466346723554531043e-05,1.862968385628290154e-03,4.435053724620883694e-04,3.165349908694383221e-03,1.843675954703578044e-03,3.053678503345449297e-03,1.735629721444734933e-03,9.627299835803343172e-04,3.182120278631361235e-04,7.085545468894223313e-04,1.185527863680393718e-03,1.725538113542474886e-03,3.095616061029605450e-04,6.073051934115040302e-05,1.024169612938217230e-03,1.141072805905140502e-04,2.569837240139294463e-04,1.097635916249201527e-03,3.504269802481505360e-04,5.177136292873222786e-04,1.186574531818685579e-03
6.322752311399482128e-02,2.533397212654038425e-04,4.209630728631756180e-04,6.962194492071932354e-04,2.955044580157695526e-04,6.310327235442602170e-05,6.548671731806433860e-05,8.831631534455885307e-03,1.055481126334341250e-03,1.559218839123778077e-04,1.862821557161407470e-03,9.927372774591504011e-05,3.113592745770823230e-03,5.610344289134591342e-06,4.452410761331690794e-04,1.710260386319790949e-03,8.915845774396390262e-04,3.863362635621457228e-04,7.082759817082714959e-04,1.093531050918710888e-03,5.640991554665004395e-05,1.550319924132567001e-03,1.886936470945527015e-03,5.051403317335001041e-05,2.116110798181801184e-04,4.213854348311387929e-03,1.508981815172704679e-03,3.501100009382623196e-04,5.551584014749243092e-04,3.087009636668092962e-04
9.963066284556266750e-01,1.078262205234261847e-03,3.319907863457017671e-04,6.529706645412656617e-04,2.166145025147617458e-03,4.739707224609080371e-05,4.687028164961339820e-05,7.682637578179691434e-05,6.006821900120354633e-04,2.459691498581682628e-04,1.948373035603701182e-03,8.449410268085343827e-05,3.111044935976765586e-03,1.730477913964792534e-03,6.950734384732311843e-04,2.069399798141505556e-03,5.304514740187715348e-04,1.904484508530909889e-04,2.146271413296104802e-04,2.126254979558967525e-03,1.454919472453928891e-04,3.161412429156533390e-04,4.856362332193047728e-05,5.370049754976868297e-05,2.611794716703179841e-05,4.298936276566227874e-04,1.409313207294839209e-03,2.691099864713484158e-04,5.375341159488543526e-04,1.243264376685497682e-03
8.725950932626995449e-02,1.265428425607413327e-03,4.459688370820678698e-04,6.393694818026861640e-04,2.334355020228017375e-03,6.951102830778721822e-05,1.475489957940267225e-04,7.422658351298824396e-05,1.649885812366836475e-04,1.948953094136443879e-04,2.720735023981314497e-03,1.191582400787968084e-05,3.307038486738227406e-04,1.221321098781730013e-03,3.218258504403251254e-03,1.299630167452073661e-03,8.942324070175071676e-04,3.257757921762170837e-04,7.468683738944761766e-04,1.762901746269778490e-03,2.841026674221944952e-04,2.319841066867293824e-03,9.142894505354372866e-04,4.954364417092342707e-05,8.083984699661257971e-07,3.120871979187065520e-04,1.584273800703758480e-03,3.678334553304631938e-04,9.786674305230301085e-05,1.287509350401342973e-03
1.766997326740835095e-04,1.047327161400126360e-03,5.732855268729387076e-04,1.836346405468589462e-04,3.490645381179606228e-04,5.030768624264807948e-05,9.267429036566266713e-05,2.770063622447656478e-04,2.690771071088809540e-04,2.371101954489903915e-04,1.928912147645230101e-03,2.712230138030278549e-04,3.107855589630134294e-03,1.840371048545309416e-03,1.080521553865716614e-03,1.704587177412334635e-03,8.904654454289740936e-04,3.327093571277578020e-04,2.037561223179226418e-04,2.130585119205498715e-03,2.000661349720565807e-05,1.638369948027492426e-03,8.155502777788885618e-03,7.460013787409636014e-05,3.671994670879576053e-05,4.067707253507221558e-03,1.544241911822186132e-03,2.865963709530884693e-04,3.690971936994221500e-04,1.229741897678769333e-03
5.554715722963085023e-01,2.772327635755772023e-05,3.332615585428993295e-04,5.773517959580815994e-04,2.348553905429974237e-05,1.471206491217768794e-05,1.176044614143423837e-04,2.719735659135295316e-04,1.691453713767145312e-04,2.961863019116798331e-04,1.942261059354447820e-03,2.310742187884117893e-04,3.114442108496909625e-03,1.624364473298717595e-03,1.934432778997225485e-03,1.762423033748483983e-03,8.726708388653255967e-04,2.790551496290652727e-04,7.019808341488843490e-04,9.840314774837864622e-04,1.475757661228908988e-04,2.300275566034388694e-03,1.414388610072917461e-03,3.222612682876379274e-03,2.233743634751881864e-04,1.840393474803786629e-04,1.552652998530150777e-03,1.182301250737239316e-04,1.080034467647983089e-04,3.072555534167591812e-04
3.755181155123097914e-01,1.331756861519092523e-03,9.853629543521216783e-04,2.772589126744407287e-03,1.288340804290828614e-04,1.291631198537459700e-04,6.103320692172151812e-04,8.011061786240458900e-04,2.096948692935364750e-04,2.735465645479606797e-04,9.366249941233882603e-04,5.039151400342150883e-04,1.897711902963624721e-04,1.697022027133446818e-03,1.173997477831566823e-03,1.748170976614381875e-03,5.455088960718741404e-04,3.842764061158712025e-04,6.842691967462266687e-04,1.184031873807126801e-03,4.613594861588425384e-05,2.461707321406199876e-03,9.714043837281017418e-04,7.880572626925830390e-05,2.597600700173310646e-05,2.772121770290085193e-04,1.477499011243816815e-03,4.897334560596402564e-04,3.926866006816900987e-04,8.329152620654664855e-04
5.710132198046997676e-01,7.603568793832360525e-04,9.868115813728779891e-04,1.304221173035185512e-03,1.914197941390885678e-03,5.609873060685772490e-05,5.918461319097158280e-04,2.918133082877486409e-05,4.932939883737488471e-06,2.386737308467031535e-04,1.306636982374204028e-03,1.359581604836193559e-05,3.234345840170547298e-03,5.422784554488815044e-04,1.858843961158775614e-03,2.094822204869318215e-03,5.351197495508744090e-04,3.334956572835776132e-04,2.143208557019956652e-04,2.250041932603201629e-03,7.743522331630959751e-03,2.048472711727392700e-03,1.864125827971693274e-03,1.663351696921386356e-04,2.635181235855743576e-05,3.391346491667539850e-04,1.409157995712989131e-03,2.691099864713484158e-04,5.371581091948646669e-04,1.712005461343413509e-05
7.190260148522267247e-01,1.067141634445052450e-03,1.852980787336215920e-06,1.323879894387836390e-03,1.527809226260834485e-03,6.579025634660980301e-04,1.413298754193685212e-04,3.821034216457677094e-05,2.125682819709820469e-04,1.331265078065119677e-04,9.537230233800695440e-04,2.568310782526899805e-04,3.114793602206194448e-03,5.698096776960842602e-04,6.301016922604838442e-04,1.733435512181604170e-03,5.120284113690578339e-04,1.472822110489962490e-04,4.301933450678147551e-05,1.190155578615712233e-03,9.481113670782036792e-05,1.683785030248910290e-03,8.731734184074452839e-04,8.025954441226604643e-05,2.096796685715399231e-04,4.318506798814382647e-04,1.494194822937268798e-03,2.512165788985478202e-04,5.574811236451509460e-04,2.838545812933125265e-04
4.044861359704367554e-01,1.340526343414990109e-03,4.205351716814409663e-04,1.052794523494417645e-03,2.154479517250037232e-04,1.362112007557679809e-04,5.769672798214090523e-04,1.776214649033209039e-04,2.546516292166932328e-04,8.894753092988522136e-05,1.938261645922253334e-03,1.815515627356583208e-04,3.327675387679581787e-04,1.840440316184068122e-03,1.037809618321255956e-03,1.942738104281061060e-03,6.699075868763756979e-04,3.327289340073458744e-04,1.966275974736659464e-04,2.211347226838805777e-03,3.149960965756592578e-04,1.332351241566027879e-03,1.190083649357381868e-04,1.132981917633471298e-04,9.321537637150291422e-05,3.164113768598693236e-04,1.441173828387310157e-03,3.850599062194315358e-03,5.539342753794173615e-04,3.903255544339530813e-04
9.252045898855421058e-08,3.839616155044081754e-04,5.734657734689387444e-04,6.386620551919996438e-04,1.871492402243295303e-04,7.859257877906810318e-04,3.133398920809730460e-03,3.498688944650989174e-04,1.616111034434774413e-03,2.731037539017646884e-03,1.945883867473645465e-03,1.908922914423632588e-04,2.491281955509928696e-04,1.397526540090442268e-04,9.187650994048658388e-04,1.709532097559879815e-03,5.289706443303951629e-04,7.537142062511462083e-05,2.154900824494419527e-04,2.137196586370042860e-03,1.662925130975839976e-03,1.679983468364502691e-03,9.477248527056099468e-04,5.892095755052837580e-05,9.053826423007187011e-05,3.460629539010904492e-04,1.584088026177555338e-03,3.450683462646451276e-04,5.449024148504529215e-04,1.222729343359061759e-03
3.549097557534852676e-03,9.130435003118647381e-04,4.047441350202401729e-04,1.073149108412049758e-03,1.392834455756484277e-04,7.981995172722509448e-04,6.185650021233061535e-04,3.503477454462219877e-04,1.958079500106708426e-04,5.263556246410524761e-04,2.916770803927777166e-03,2.059826169389704039e-04,3.370482180155703889e-04,9.166851047589759990e-05,2.484514082013026745e-03,1.797498854431628336e-03,5.221333546685570388e-04,3.667820417051410355e-05,8.861120566197669152e-04,7.534521853614284045e-05,4.597746184293780534e-05,1.934309304812097596e-03,8.427514145265431727e-04,4.454068638614074537e-05,2.392182360964253951e-04,4.084956806925964246e-03,1.477011496930517864e-03,6.363094570783037500e-04,9.970433042617382830e-05,3.062226906299917091e-04
3.163589636541802030e-01,2.990691882083571082e-04,9.635402650508849203e-04,5.825166391385434590e-04,1.159494043294442313e-04,4.739707224609080371e-05,8.217697170793402685e-05,7.899793924647352181e-03,3.248379961781787048e-04,6.965117060757473758e-04,1.900227684441209430e-03,8.681297641184964318e-05,3.284000367358818739e-04,1.855024033736118539e-03,2.070133716993362186e-04,1.730573046933913143e-03,1.602540527708658301e-04,6.762762845680857443e-05,2.044032213634100524e-04,2.126254979558967525e-03,6.236672402096963489e-05,1.664329630695602713e-03,9.409433765657399277e-04,1.694758766531091407e-04,2.335109686961355457e-04,2.991991339971161300e-04,1.495454291749348432e-03,3.829760756710460547e-03,5.542221028859630350e-04,1.187786765003332520e-03
2.121316450844037416e-01,6.567993639782549907e-04,4.475985712549524192e-04,1.075827331135639862e-03,1.581502742489813377e-03,8.335282169178116676e-04,1.686069683715432470e-03,2.202897387570331453e-04,5.911491293790906805e-04,2.488771237280497199e-04,1.967196387168564185e-03,1.149063610332420535e-04,3.078113099054072613e-03,9.786125929535415338e-05,3.035483035799762630e-04,6.122971165573541479e-03,1.009605659648330975e-03,3.401950551663052852e-04,1.454775105665658897e-03,3.420004379569602671e-03,1.389666008644046755e-03,3.605626923761691503e-03,1.154523355674925240e-03,1.688468820692500547e-04,4.157397829718114215e-05,8.235944883092439269e-04,1.503798142106099224e-03,2.945097408783101806e-04,5.402687229065411588e-04,1.380934384500796547e-03
1.562331314219955747e-02,7.543061196187356501e-04,1.018892647340943411e-03,3.271731181009946343e-04,2.074341810528166664e-05,6.657017298721754897e-05,8.382084932285116443e-05,8.808434104298568448e-03,1.860036495938170384e-04,6.653832667298773028e-04,1.257658848509513342e-03,2.495123232571248091e-04,3.452507565274281001e-03,4.576024345955988074e-05,1.846959786668157116e-04,1.648688421031658472e-03,5.335922558108790407e-04,3.023937137082306856e-03,1.863397346013595524e-05,1.544403616569383839e-03,9.930144287489798584e-05,3.186998648744085710e-03,7.170654052481061427e-05,3.072250052363186164e-03,3.800002151844171267e-04,3.003269492834764894e-04,2.648625055613975168e-03,3.931756546457754707e-03,5.000714150043827910e-04,4.066909839379874263e-04
4.208323113032180762e-03,7.960104656097709980e-04,4.206250237007669269e-04,2.325203520229081680e-04,3.394309289249090476e-04,7.832272396901915779e-04,2.109244685915221025e-03,1.129943650383286621e-04,1.682919324825576869e-04,2.062162290411588203e-04,1.865783349163271411e-03,3.956068919908737485e-04,3.123813642436682435e-03,9.186807741255205830e-05,1.520200542240392975e-03,2.080483027490249819e-03,8.766612524181436120e-04,4.065191766076918923e-04,4.578582265155184254e-05,7.589527156049407763e-04,1.199137764846259753e-04,2.476647747712247376e-03,1.085505839212995600e-04,9.918156523951893611e-04,2.736067962248533932e-05,2.097124060520293761e-04,1.513345438024193664e-03,4.511703429041019012e-04,3.978603677248043714e-04,1.279975261138040915e-03
2.775139954828557132e-01,1.330633562525082190e-03,6.727209924995434034e-04,1.328224720797756796e-03,2.168614946300576659e-04,2.197553034661940945e-05,3.007424214928842814e-03,3.523693347051682040e-04,2.168759744018777065e-04,2.832176249267261397e-04,1.250160995236915609e-03,4.430777568652878367e-04,2.777101022334093694e-04,4.051599536636566585e-05,1.155758816452409372e-03,6.271904198181564929e-04,9.180183582321258667e-04,1.424613251214866755e-04,1.261222135418290724e-04,1.201270515522541264e-03,1.709320233122136896e-03,2.372503961952654016e-03,8.510320182420432313e-04,1.136449272840616949e-04,2.074404264447360835e-04,2.743438639572819897e-04,1.550793199281777892e-03,9.642671195744763942e-04,5.222529074057689728e-04,2.564138329664325229e-04
7.399568292515690260e-01,1.318471627622183270e-03,3.390891911761077055e-04,2.544888181027003642e-04,6.283431024061192946e-05,1.950630699618992965e-05,2.110392667512955931e-03,9.245833410302459069e-04,1.464873484037055933e-05,2.788098861381698205e-04,1.254238790414834029e-03,9.027427343623884424e-05,3.194263152016878172e-04,1.863328705435763222e-03,1.171651434380678244e-03,6.271904198181564929e-04,9.105788257959999358e-04,4.022315746180606718e-04,7.977314403724772903e-05,1.174484032249244669e-03,3.780084232452424024e-03,2.362165014189040839e-03,9.342418399607061753e-04,4.611941548829082322e-05,2.492474070562878405e-06,4.306654081869456673e-04,1.511229878794094570e-03,9.599280616065266041e-04,1.899092485750578769e-04,2.546906896760105991e-04
3.753201268537307289e-01,1.331756861519092523e-03,9.854706477323942060e-04,2.798739170490705495e-03,1.288340804290828614e-04,1.480596056061546069e-04,6.103320692172151812e-04,8.011061786240458900e-04,9.342164709744665407e-04,9.322846570118851844e-05,9.366249941233882603e-04,5.039151400342150883e-04,3.112178849560817261e-03,1.697022027133446818e-03,2.972615147525646713e-03,6.071857370852986073e-04,5.455088960718741404e-04,8.523675370615476114e-05,7.007241521974372786e-04,1.174040952741379823e-03,5.070026522011176790e-05,1.363860295053574614e-03,9.713269143655146225e-04,3.266606280046669255e-05,2.597600700173310646e-05,4.323614341672499251e-04,1.477499011243816815e-03,4.900095829659222978e-04,2.737573072872801633e-04,1.245785628733547985e-03
4.413686314340319328e-01,1.173016521129116672e-03,9.663026946614299874e-04,6.340922154895867321e-04,1.147293543407930681e-04,8.406115394162879013e-04,5.716692495498146417e-04,2.257768516789469999e-04,5.085554003811829050e-04,3.528288562967983513e-04,1.949985286891690959e-03,1.912975778650066001e-04,4.520323754764140646e-04,1.771684218320114090e-03,8.916477492988278148e-04,1.740510415351567176e-03,1.633784007087290494e-04,3.800672098360395406e-04,5.120723367724487130e-04,2.151278142789006705e-03,1.460367212113975648e-04,2.671770129798609538e-04,9.714060069291543696e-04,7.777449897560466787e-05,9.430020842558483056e-05,4.388168093526213483e-04,1.495176262222205942e-03,4.865051611745268277e-04,3.745597001473567611e-04,8.538582553162934801e-04
5.802012972641196198e-01,7.378841844935663235e-05,9.868115813728779891e-04,1.298981914834056433e-03,1.545671718486733631e-03,5.609873060685772490e-05,5.918461319097158280e-04,2.887645863056147915e-05,1.232250649980839823e-05,2.386737308467031535e-04,1.306135369837236725e-03,1.359581604836193559e-05,3.234345840170547298e-03,5.422784554488815044e-04,1.952875619119736781e-03,2.094822204869318215e-03,9.006975301553772802e-04,3.847953270893382581e-04,2.200031097511679799e-04,1.195758945837067846e-03,1.465054592898592720e-04,2.048472711727392700e-03,8.361128463814175007e-04,1.701710450405770564e-04,2.635181235855743576e-05,3.391346491667539850e-04,1.408989215265943340e-03,2.198107450696955539e-04,5.377434972610392345e-04,5.837462818541193669e-04
9.430983839811053482e-01,1.126162914019034934e-03,9.779883992543847090e-04,6.757514278600863789e-04,1.591304055620596869e-03,7.731125126266996141e-04,5.367163527496205181e-05,3.722952324810005140e-04,5.579625798689585772e-04,3.222800167561550141e-05,1.326189773193728414e-03,9.413845923900877194e-05,1.512075507078579958e-04,9.457682920165359948e-05,3.093188705065815815e-04,1.882015193292868810e-03,8.861834543619416483e-04,3.227649667631841707e-04,1.270657069286691091e-03,2.113744377046030548e-03,1.310789629987555208e-04,1.676065137245477156e-03,5.918841367260249111e-04,1.921389642749826796e-04,8.911859671133665626e-05,3.368118467306100089e-04,1.371847416535166859e-03,1.736258771064070955e-04,5.255887589654224205e-04,1.281205628126688570e-03
9.755007525937582358e-01,1.052035497838850215e-03,4.485998397375664756e-04,6.187242941802057698e-04,1.450463855285716525e-03,1.921147173443649094e-04,2.133607677003601221e-03,1.714921026975558182e-03,5.926510059577423575e-04,6.395791854030486367e-04,1.910525505727493460e-03,9.151437516155276185e-05,2.387338462986182946e-04,1.401258837800960395e-05,6.686632621703920629e-04,1.362385449445047397e-03,5.280590053938636263e-04,3.027744940359492279e-03,2.122618052308401695e-04,2.126428101692796196e-03,1.476307943715688981e-04,1.605948360107863505e-03,8.457295746163414132e-04,2.493901966329344316e-04,9.036636254813148518e-05,3.808743233972357073e-04,1.573467169045273057e-03,1.582354214493562948e-04,4.452120439402577423e-04,8.111416535068023074e-04
8.149456095449765236e-01,5.124467196844277594e-03,4.377028872066686914e-04,1.080600826404908617e-03,2.044620980110933850e-03,3.594202350567089581e-05,1.799838684907009581e-03,3.450590994445966453e-04,3.438406358859740723e-04,4.431776289800937597e-04,1.757600822021609423e-04,3.932144874982402552e-04,2.308939239255692819e-03,1.248212466030196918e-04,1.882282324880938003e-04,1.762423033748483983e-03,8.880542814794987723e-04,3.199376962381695038e-04,7.032952151356598779e-04,1.743993744839169181e-03,1.155797724000078713e-04,4.889543102056716911e-03,9.024610911342418815e-04,1.784135770009269515e-04,3.040250555988979395e-05,3.844565856676593688e-04,1.420292208675311705e-03,3.030575299270069751e-04,9.859392995754077960e-05,3.190050775544027049e-04
9.623677699742393399e-01,1.079685082744076714e-03,4.294963572759424690e-04,6.644110912716268179e-04,1.504041193136527836e-03,7.431965640970024031e-05,4.590907280954173827e-05,2.047017511015049979e-05,5.898475275915336180e-04,8.315367699848028754e-05,2.000007386530082507e-03,9.038396978003704146e-05,3.111346833589400708e-03,5.515140725468599230e-04,6.954094611548029522e-04,2.069399798141505556e-03,2.130262891177460774e-04,4.025693611110983542e-04,2.170543983983668401e-04,1.208876277123152772e-03,6.866645561918972504e-04,2.047576895877733279e-03,9.065792836636902153e-04,1.715526965367174641e-04,2.645810996375974687e-05,4.293200890139745930e-04,3.025826685335959981e-03,2.691431473132343188e-04,4.056861646214503605e-04,5.896542290511213886e-04
1.899923749786169291e-01,1.078477609042992032e-03,9.854784111827635373e-04,1.268985223430125781e-03,2.211191127089391899e-03,4.739707224609080371e-05,2.425478408538690435e-05,1.745753793692267353e-05,6.007089937756663950e-04,2.457617800099730007e-04,1.292150103404896781e-03,8.681736036526688910e-05,3.125107883498813403e-03,1.721242313805184309e-03,6.075942926077369062e-04,2.069399798141505556e-03,5.349011692640853396e-04,3.212176587322243646e-04,2.146136298115132988e-04,2.126254979558967525e-03,1.467405995769399847e-04,2.049372648018573956e-03,7.468105216987958039e-06,1.694319074698002027e-04,2.635280493693583888e-05,4.422720564832592692e-04,1.411091503103127035e-03,2.662183922326092711e-04,5.375341159488543526e-04,1.243264376685497682e-03
6.198169025271753618e-01,1.331855632625006695e-03,4.376974304011422103e-04,1.324819441147842732e-03,1.290769861157184015e-04,1.234733286858408891e-04,1.338147346164710104e-04,7.788861714901270403e-05,9.430123481442586643e-04,8.391657453489967757e-05,1.903766239746233595e-03,5.029760004196938243e-04,3.311637120038159188e-04,1.731834229531300021e-03,3.040967021243306482e-03,1.949163362163979646e-03,4.986490008895786558e-04,8.700445828137910904e-06,1.513038699014953529e-03,1.226142176391749675e-03,5.146909716380313111e-05,3.029190588055187408e-04,9.723708902565883537e-04,4.903862692116331195e-05,9.336393724452142062e-05,4.244093037404911414e-04,1.492352284743047675e-03,4.915850916474755281e-04,3.732380919710463589e-04,1.166723844326910189e-03
1.144472318400146654e-01,9.953556802594271981e-04,3.390634199170286826e-04,3.505223074011310554e-04,1.162763619484278091e-04,8.117990520579444194e-04,7.949045103073557300e-05,8.052224864719789016e-03,2.808414762219261411e-04,1.103467698300074568e-04,1.888549113910285068e-03,3.747477252753254016e-04,3.082528039040770577e-04,1.835170085111227211e-03,2.751280583396264502e-04,1.769805929604561026e-03,5.339746438483988517e-04,1.517459151476692925e-04,2.101451392905727162e-04,1.178468400825262311e-03,1.737002495488238407e-03,2.557534301030905260e-03,9.789041689305664259e-04,3.398998480725001336e-03,2.752652225300721836e-06,4.238569222839859603e-04,1.454897071378008023e-03,2.380632493537145435e-04,3.735789343923111988e-04,2.375261032367597465e-04
2.589258721261422647e-01,1.132856632875047518e-03,6.793702093303155554e-04,2.621220770282536167e-03,1.584303888073525322e-03,8.050205780532353108e-04,1.200507412826980029e-04,6.267223154296119219e-04,2.414668481811106009e-04,8.126149336206557703e-05,2.024551054308761349e-03,3.448452721724117606e-04,3.476980845475790248e-03,5.110423899953154105e-05,5.725640685515002125e-04,5.728652498144000751e-03,8.505872850182722008e-04,1.357592494963758153e-04,1.274322058789693858e-03,1.962314912434157468e-03,6.757151708899444657e-04,1.592220883767222041e-03,4.190456523217141660e-04,1.544806128539767123e-04,9.062657914174617954e-05,4.397827130121892739e-04,3.035164127009361279e-03,3.006764858391201747e-04,5.562328141454471681e-04,4.954722294696904845e-04
3.336627781652183322e-01,1.126162914019034934e-03,4.336951792231588838e-04,6.759023056242175918e-04,1.583320099282579160e-03,7.731125126266996141e-04,9.379742094160867412e-05,1.721532425405092239e-03,5.537805188173107549e-04,3.222800167561550141e-05,1.895961439555325558e-03,9.413845923900877194e-05,1.512075507078579958e-04,9.457682920165359948e-05,3.093188705065815815e-04,1.882015193292868810e-03,8.980003861076321214e-04,3.639524391353553181e-04,1.272981410930865359e-03,2.127233145455276805e-03,1.310789629987555208e-04,1.676065137245477156e-03,5.918841367260249111e-04,1.933081028002787602e-04,8.905523523916051480e-05,3.368118467306100089e-04,1.368372012639566121e-03,1.736258771064070955e-04,1.138926416247882864e-02,1.281371603467796466e-03
3.291683889756993886e-03,7.543061196187356501e-04,1.018892647340943411e-03,3.271731181009946343e-04,1.533332507846335829e-05,8.396683838711878865e-04,7.963591722665562273e-05,8.927069202911525406e-03,1.923517712086763492e-04,4.559402284249323999e-04,1.912828850830947027e-03,2.495123232571248091e-04,3.456279006809037310e-03,8.929091118637966533e-05,3.179594436293804467e-04,1.362520572773936013e-03,1.008874635211378171e-03,2.982948686956208954e-03,9.283682567148417121e-04,1.544403616569383839e-03,1.342015211129403678e-03,3.186998648744085710e-03,1.165650766345867253e-03,3.072250052363186164e-03,3.829488275180804608e-04,3.001673600953187445e-04,1.507360245515052639e-03,3.797692461076357731e-03,5.000714150043827910e-04,1.343268128446628660e-03
2.221277623008735547e-01,8.825805743066504096e-04,4.047776416626308431e-04,1.080600826404908617e-03,1.392834455756484277e-04,7.981995172722509448e-04,6.312194124437140851e-04,2.763651156963168806e-04,1.507020114526131174e-04,6.576264293975833761e-04,2.965958585863073642e-03,2.060357344052589931e-04,3.113025763903580750e-03,4.822047176504430253e-05,2.400177034401476759e-03,1.797498854431628336e-03,5.470631341237214371e-04,3.667820417051410355e-05,5.426379922925529242e-06,9.931950599223182945e-04,4.905901298887729997e-05,5.023298342577225961e-03,9.672524271846840447e-04,4.454068638614074537e-05,2.362696237627622507e-04,2.151178356133806211e-04,1.476548649171891209e-03,5.771477226041801280e-04,9.970433042617382830e-05,3.062226906299917091e-04
9.440883590124433677e-01,1.132856632875047518e-03,9.525380147481709529e-04,1.056160915559188791e-03,1.584303888073525322e-03,7.980251618217958217e-04,1.210585735543718623e-04,3.554813239788400057e-04,2.414668481811106009e-04,2.917056445968511561e-05,1.338940082970907323e-03,3.310816143554864564e-04,3.775088230556738859e-05,4.476469254812638393e-05,3.092269757314943099e-04,1.942762394033509385e-03,5.242541553361071893e-04,1.386223108745542640e-04,1.270625562656531229e-03,1.962314912434157468e-03,3.773239117870987773e-05,1.673103435890586866e-03,5.940100181342263929e-04,1.589577254548965569e-04,8.908530504987741247e-05,4.393757154044672071e-04,2.987461889504787818e-03,4.566206624469926895e-04,5.240827854478120841e-04,1.286293050811692729e-03
1.999580811665566671e-01,1.290451078008023836e-03,1.009456485975295751e-03,6.171284217143018164e-04,3.964494767746952432e-04,5.733416389948158259e-05,8.865228062475226769e-05,4.115484102013215566e-04,5.107239788338190263e-03,1.002743805426617712e-03,1.691763198889613753e-03,2.687654034041793839e-04,2.123373977408931149e-03,4.418430687376466827e-04,2.680203221067860124e-03,1.765236035873470315e-03,6.738918087885850715e-04,3.249012286666237747e-04,2.645097547173434825e-04,1.341488779983772070e-03,2.018372921575872780e-02,2.256821460334517034e-03,2.069920124051235588e-04,4.953887931609354302e-05,2.392806107394257204e-04,3.087202738870678770e-04,1.432887834666869351e-03,3.872196031277407914e-04,5.271005470245976755e-04,1.993786946055394827e-04
4.866335039989684585e-02,1.340149755402522116e-03,1.787295541041793450e-04,2.699883867603867366e-03,1.292622714947184407e-04,6.510321174334407490e-04,6.127469834236862938e-04,4.043475351454693840e-04,9.212260556854625672e-04,7.763738764818939146e-03,3.741145650469537148e-03,4.431739727882916995e-04,3.643615131773476901e-03,5.113313526648213510e-04,3.056055642585877533e-03,7.328041702696988253e-04,5.392953820990567873e-04,1.440020444151210032e-04,2.146724348431855011e-04,1.192902478829496477e-03,9.462259506050046259e-04,1.627474788657993143e-04,7.803612433002721054e-04,3.296519565018200121e-03,2.334748687882928070e-04,2.555674164511117694e-04,1.097635916249201527e-03,3.027887983400668671e-04,3.746062905657727071e-04,1.380380813927818001e-03
6.805398346172231161e-01,8.272694714024557503e-04,4.336511608149266547e-04,2.761925298531035973e-03,1.916690687666783082e-03,4.187907618426361299e-05,5.053378515945798101e-04,9.216327871004215437e-04,9.745824694977798337e-04,2.684894839233871043e-04,1.254981041457624291e-03,4.391401173564041900e-04,3.235649043021494192e-04,4.725708859446421488e-05,2.099983121254015220e-03,2.021637417685421146e-03,8.898186635500386025e-04,3.871374857584655325e-04,7.506527342775682005e-04,1.897257891507938068e-03,3.893319387351595363e-03,1.723521254725212054e-03,8.100004414851387675e-04,4.777973525059724027e-05,9.476691216865109886e-05,4.243940332983863221e-04,2.961105108229724128e-03,1.670337688019918473e-04,3.692564247367928726e-04,1.229714147798960161e-03
3.294530327127601632e-01,3.404489612365011256e-07,4.183007938938168189e-04,5.139067187389214156e-05,2.042284782232299013e-03,2.050851135970751659e-04,2.135606246569381628e-03,6.537881597771246292e-03,1.163185762823152366e-04,6.347034321508061589e-04,1.936057617511287906e-03,1.372819735453039184e-04,3.911696700648635886e-04,2.712342720166082116e-04,3.071289699572404830e-03,1.293589579340373788e-03,5.474837934677570777e-04,3.935519913780626097e-04,7.322169976406040772e-04,1.170932568299153358e-03,5.518195998894018760e-05,4.529767630468136547e-03,8.000126498856929055e-05,7.736256651846985354e-05,9.186156358721419006e-05,4.036601355519664827e-03,1.672159477965427972e-03,2.564085745243564361e-04,1.079809276111773299e-04,1.242451122654380244e-03
6.360446023827348583e-01,5.170208036641496183e-03,3.428132061631127578e-04,1.331643106828601496e-03,3.429982284365967445e-04,6.256959441290334224e-05,1.325752281791437760e-04,2.516354373163914317e-04,1.990085680567526541e-04,5.301238935792014842e-04,1.993909924675671408e-03,3.913417031569637727e-04,3.764036357072475655e-04,1.844023393989227934e-03,2.264956028050965891e-04,1.731707395440699581e-03,9.186479515268889404e-04,1.522086166464569636e-04,7.667777678082728608e-04,1.180868283448960332e-03,2.726392946790917593e-04,2.385710047852428704e-03,9.805289942710325186e-04,3.227976958898345732e-04,2.373812792029357781e-04,4.398966521618696509e-04,2.635112057131592210e-03,2.032696649649524674e-04,4.064926949890882487e-04,1.248582655649275574e-03
1.114984617086494378e-01,1.330633562525082190e-03,1.000535942898523245e-03,6.868618634422703553e-04,2.191461016030929964e-04,1.000137433784359679e-03,8.284844568469728135e-05,3.521425183135656824e-04,2.590526612675024109e-04,2.835870706762730689e-04,1.250160995236915609e-03,9.514167837670100734e-05,2.777101022334093694e-04,5.232063359231576899e-04,1.171651434380678244e-03,6.271904198181564929e-04,9.180183582321258667e-04,1.506654807617966601e-04,8.549033486005398839e-05,1.181592536861111745e-03,1.713162160529299767e-03,2.348946931781017121e-03,9.379123333359667405e-04,7.626621995044550269e-05,2.079814333529332224e-04,2.748914801723644700e-04,1.457546747096959703e-03,9.377007958259239023e-04,1.899092485750578769e-04,1.433259535735384102e-04
7.673356675129185955e-01,8.771952515773139870e-04,1.305735101941451863e-02,6.333526432743926326e-04,9.789304744880144519e-05,4.739707224609080371e-05,4.613685871117805838e-05,2.627322296267106628e-04,6.006821900120354633e-04,5.205835775474379609e-04,1.688920998867186451e-03,8.684680468141065804e-05,2.117352171666059268e-03,1.739049794129659491e-03,6.950734384732311843e-04,2.069399798141505556e-03,5.402773008197245220e-04,3.212176587322243646e-04,9.226004322380611353e-05,1.346573215912970009e-03,1.463919592870398332e-04,2.049279641301373755e-03,4.856362332193047728e-05,2.636564804191934386e-04,3.507772714756121515e-05,2.067796118349937273e-04,1.411091503103127035e-03,2.690715997455986829e-04,5.375341159488543526e-04,4.201141505961182815e-04
2.209012963193968115e-01,6.287517783794371699e-04,9.733492180949023615e-04,5.715056863587467855e-04,4.848032944813311521e-04,8.099510563286204225e-04,3.175861320308342686e-05,4.156232647465917841e-04,6.310151822643278322e-04,2.469650115947444021e-04,1.694108846815708946e-02,3.746437155919751859e-04,2.424037258900427119e-03,2.062885186180321139e-03,1.351179758200663373e-03,1.652076683359883806e-03,9.180756043767013220e-04,3.208798028920043888e-04,2.602354552919856900e-04,1.882426458738570112e-03,1.158470129423918454e-04,1.638586913186945585e-03,5.886777037902082019e-05,6.127719367599709086e-05,3.869122809596886993e-05,4.333583585423843743e-04,1.386398225798262523e-03,1.401584188858672180e-04,3.935396562062675341e-04,1.265425702619315737e-03
2.335313392128867127e-01,1.132856632875047518e-03,6.742334358801503266e-04,1.056160915559188791e-03,1.584303888073525322e-03,1.455558055749505149e-05,3.121507545651706905e-03,3.436809728276627352e-04,2.049412531348808290e-04,2.823019088702729803e-04,1.966166478079526582e-03,3.300282406000621771e-04,2.347106707181824447e-04,8.457689706126072116e-05,3.050295239786851575e-04,1.936505069475119058e-03,5.242541553361071893e-04,4.026233102004643928e-04,7.076711170474227468e-04,2.007126053844876176e-03,1.231950089313963012e-04,2.282486631275249759e-03,6.657503562822499055e-04,1.557130662510485160e-04,9.062657914174617954e-05,4.393757154044672071e-04,2.987461889504787818e-03,4.566206624469926895e-04,1.330793415510443689e-04,3.073785046446653809e-04
1.096144219837788120e-01,1.029867266080386956e-03,9.857730519350533811e-04,6.297139828374775884e-04,2.027033697938528610e-04,1.088258466792008328e-04,8.217697170793402685e-05,4.845666064768024486e-04,2.602565833868908211e-04,1.979781548617107157e-04,1.901364112422069272e-03,8.684699307553833518e-05,3.077072648995650113e-04,1.842233745995861200e-03,1.078016393124226965e-03,1.723117593188832827e-03,1.495674781849656637e-04,8.069872059540229641e-05,2.105547794327010836e-04,2.131096255824075324e-03,1.463930877022747020e-04,2.069105548793890442e-03,7.279461665154368958e-04,1.692118671964517771e-04,1.791034361534010299e-05,2.925072553287984788e-04,1.410839545471315789e-03,2.686987464839173719e-04,1.211454148122762366e-04,1.143957102789965475e-03
1.218762208783787937e-01,1.141742451486246887e-03,4.187918090762031789e-04,1.054314285431887750e-03,1.571489022574065362e-03,1.271108736760712078e-04,8.160150699238518778e-05,3.661077411662345699e-04,1.112811110518981779e-03,8.423958926834422089e-05,2.045561535098111648e-03,3.371454303219362453e-04,3.201893729150960132e-04,3.853916019762359049e-05,3.049186266041849854e-04,1.882015193292868810e-03,8.920707228840102625e-04,6.859061189179162200e-05,1.520105672794018091e-03,2.120714219771858370e-03,6.709995552453936396e-04,2.597360584549128883e-04,6.183907066966328738e-04,1.076756080165469425e-03,9.062657914174617954e-05,4.394668364286468407e-04,2.987461889504787818e-03,1.749809742861998217e-04,3.765988689878391128e-04,4.295200271130430059e-04
1.506744257064845938e-02,6.637829087863886127e-04,3.309238237241706902e-04,6.525592703020688520e-04,2.026942719358237747e-04,1.350670757428020039e-04,6.101158461507437056e-05,7.640968048830266263e-05,9.868370383308343406e-04,2.331833438727003681e-04,1.551459334794200173e-02,1.191582400787968084e-05,3.811925008024423436e-03,4.146243250401538023e-04,2.693416631627527751e-03,1.766924661345859598e-03,5.367001303379609995e-04,3.084319371347364180e-04,2.703359181145141761e-04,1.829097118621697549e-03,3.086856820782809575e-04,3.071070803759904082e-04,8.402847418797313199e-04,4.847692457039989015e-05,2.611797560322482814e-05,3.120871979187065520e-04,1.509396615001609406e-03,3.600941281774529571e-04,3.595541520943938219e-04,1.180181867358453271e-03
1.907724435568964316e-01,1.312081129621518261e-03,4.190195660918889353e-04,6.141357798367594323e-04,3.762761204700684238e-04,7.592432562554329379e-05,4.446353289768715969e-04,4.177926972943459081e-04,4.340586364620989228e-03,1.111945679714765518e-04,1.938444969522724361e-03,3.767958081181113010e-04,9.722657762358064698e-05,1.829064026177255713e-03,1.063618779035672892e-03,1.715368917070873335e-03,6.794875218568606707e-04,3.000268503297229793e-05,1.984446539432866059e-04,1.384314583063387706e-03,1.846040471421047779e-05,1.352410297335710811e-03,1.008694169520634376e-03,8.582371825644581013e-05,3.695894811919948479e-05,4.330110107036391114e-04,2.933169889406568587e-03,5.337296968865933933e-04,3.760961123165527855e-04,1.290381906220484020e-03
9.973764390660619927e-01,6.142232289199211093e-05,9.676698090141416971e-04,1.300101050327810617e-03,1.531283078309558961e-03,4.875734177706852763e-05,2.291931883401771529e-05,2.918133082877486409e-05,5.929568604751926783e-04,2.756837796359187407e-04,1.254194813324582955e-03,9.038835373345427383e-05,3.945449423079436246e-04,5.422784554488815044e-04,7.838659786200104576e-04,2.069184351795286866e-03,8.944445660306225366e-04,3.866408661462143737e-04,1.974338902856629589e-04,1.208876277123152772e-03,1.754443044050886698e-04,2.049379869423312902e-03,8.250835512165597026e-04,1.701710450405770564e-04,2.635280493693583888e-05,3.391346491667539850e-04,1.410212212327595057e-03,2.656105445812335692e-04,5.376795892575762185e-04,5.879164137478213367e-04
6.791273567407661860e-01,1.034402511901583209e-03,4.527500212342934309e-04,2.616429994503601843e-03,2.044792417952937154e-03,4.187907618426361299e-05,5.053378515945798101e-04,9.216327871004215437e-04,9.714999403777524641e-04,2.700812921471376768e-05,1.306921597970278062e-03,1.367967761080141282e-04,3.051084764764293474e-03,4.725708859446421488e-05,5.290936762246192804e-04,2.021852864031639403e-03,5.346918474280219682e-04,3.231889391511766092e-04,7.481475421121704800e-04,1.897257891507938068e-03,3.874149199712255756e-03,4.660026471005881271e-03,8.410725329465681705e-04,4.830409781898310122e-05,9.476691216865109886e-05,4.243940332983863221e-04,2.961105108229724128e-03,1.689181114213228496e-04,3.692564247367928726e-04,1.244161188081611405e-03
6.906538705975183712e-01,1.022144774168870507e-03,4.245435424207105518e-04,6.152057864484370428e-04,2.708693934971306296e-05,1.920176682264575945e-04,2.133607677003601221e-03,2.339906304969275631e-03,2.431959161058239367e-04,6.395791854030486367e-04,1.899475691905782096e-03,2.719415142423769159e-04,2.645402374422910468e-04,1.401258837800960395e-05,5.566847484063797277e-04,1.365802167326595450e-03,8.884497186554087596e-04,3.027744940359492279e-03,8.118539929484224534e-04,2.126428101692796196e-03,1.500967282009888284e-04,1.589147843320899830e-03,9.441554974832647770e-04,1.020732722190737223e-04,9.036636254813148518e-05,3.808743233972357073e-04,1.568729655800407945e-03,1.577561786432985847e-04,4.453094469229369333e-04,1.243043628834386138e-03
2.987400039450762157e-01,3.512631727219454035e-04,3.526527302930483219e-04,6.338861402751658951e-04,1.868035340853427446e-04,9.517226598129137035e-05,7.278204228700839006e-05,1.717263987829342102e-03,2.616242223758271854e-05,2.612635881398795400e-04,1.255364021667215680e-03,1.701518276725567437e-04,2.878915264123945491e-04,1.236274275972748223e-04,6.618492622812779122e-04,2.528689244506718455e-03,8.366978880693256779e-03,3.343534662827467503e-04,7.155710711681964684e-04,2.655854677373144148e-03,2.346460391038658730e-04,6.159811565807226004e-05,1.347590777009246297e-03,2.411133652140296391e-04,2.109218506581807045e-04,6.385219596961180062e-04,6.651555027064159475e-04,2.314270431368095594e-04,3.748339989071249110e-04,1.184493776498309666e-03
6.523787024453522321e-01,3.213724350355678981e-04,1.157885360780885870e-04,6.263475774124912729e-04,1.950116720355502898e-04,9.461101471703819532e-05,4.127023154330225501e-05,5.885864988230340858e-04,2.577169355128670805e-05,2.612635881398795400e-04,1.255364021667215680e-03,2.510843626979196008e-04,2.476962190724543451e-04,4.341629687464379755e-07,1.128023014215037863e-04,1.108945960299188328e-04,1.107088220683031740e-03,3.343534662827467503e-04,7.155710711681964684e-04,2.661807723048854272e-03,1.233972782275804311e-04,1.589046677488908715e-03,3.261415684077580970e-05,9.420360037958801051e-05,2.109218506581807045e-04,6.385219596961180062e-04,6.651555027064159475e-04,2.309478003307518222e-04,4.077770372187152067e-04,1.184552813863059152e-03
1.512153390158879618e-03,1.143811937670605877e-03,4.047776416626308431e-04,1.080601585629434530e-03,1.392834455756484277e-04,7.981995172722509448e-04,6.312194124437140851e-04,3.659474943003155614e-04,1.495774534139031244e-04,4.388574366817796744e-04,2.916770803927777166e-03,3.288551036805431767e-04,2.635183934488816767e-04,8.868486217337663081e-05,2.415147892193209370e-03,9.811235582227017648e-04,5.342864715122089703e-04,3.667820417051410355e-05,8.873477511392129221e-04,9.931950599223182945e-04,4.905901298887729997e-05,5.023298342577225961e-03,6.211092357348689140e-04,4.454068638614074537e-05,2.392182360964253951e-04,3.656204405485502626e-05,1.477011496930517864e-03,1.765589729207295213e-04,9.970433042617382830e-05,3.062226906299917091e-04
3.511444559204346949e-01,1.339219065953628192e-03,4.205351716814409663e-04,1.315348828102840895e-03,2.154479517250037232e-04,1.362112007557679809e-04,2.765960572000217841e-04,1.776214649033209039e-04,2.544351123076493584e-04,3.757943571293960569e-05,1.281714305570187847e-03,1.710369810932287191e-04,3.327675387679581787e-04,1.840440316184068122e-03,6.136009173223285103e-04,1.942738104281061060e-03,6.633817404696823114e-04,3.327289340073458744e-04,1.986363814243158245e-04,2.211347226838805777e-03,2.329613957411591160e-04,1.316811410741218795e-03,1.073456859261519335e-04,1.132981917633471298e-04,2.627873911192182062e-05,3.164113768598693236e-04,1.441173828387310157e-03,2.990632590781140167e-04,5.378955171935812960e-04,3.863981289436609068e-04
5.013352665067156710e-01,6.420198135073545455e-04,4.476221575138859994e-04,1.090861505664343992e-03,1.936824794337575935e-04,1.120684204632055379e-04,1.606953969377831418e-03,2.202897387570331453e-04,9.324903490391455796e-04,2.395511684768381771e-04,1.263378565323909327e-03,1.149063610332420535e-04,3.107451042206024056e-03,9.777863027906100960e-05,1.668203173870944490e-04,1.728761101830610884e-03,5.228717465239189101e-04,3.807717220307904799e-04,7.410346883632094308e-04,1.533084532961052774e-03,1.453018512542845607e-04,3.605626923761691503e-03,5.899579034117676793e-05,1.688468820692500547e-04,4.157397829718114215e-05,8.235944883092439269e-04,2.645525799963621954e-03,2.947558691987280273e-04,5.346499273234238837e-04,4.443571786736860772e-04
8.110326182925573502e-01,5.250296363689335374e-03,3.337284495053217319e-04,2.649596259611566341e-03,3.635189047466575417e-04,7.915018178091110228e-04,1.688355436529659966e-03,2.183319233808901898e-04,1.108358598385441283e-03,5.301238935792014842e-04,2.097634448948276472e-04,3.359669357606293993e-04,1.076110444555136974e-03,1.843255750804444247e-03,2.728416824036219036e-04,1.724349935070989192e-03,8.914550172168971606e-04,3.099609254903509348e-04,1.272358741915901020e-03,1.975143925918475089e-03,2.683852104468781308e-04,2.412738045481009792e-03,9.191056881658598307e-04,2.828314042496031825e-04,4.537021017023946891e-05,4.433232905572601339e-04,1.389767555462002218e-03,3.035957865171188316e-04,1.110057347682853984e-04,1.238821541347810522e-03
2.369574170468217444e-01,1.052035497838850215e-03,6.662022804090619258e-04,2.493200976853362626e-03,8.626180613812936028e-06,1.848385234307070297e-04,2.104604415156934808e-03,8.222146407018427264e-03,2.410010174081393479e-04,6.395791854030486367e-04,1.899296586818163043e-03,5.063433689710057943e-04,2.619886604711089560e-04,9.979532430136679635e-05,1.790873157052691933e-04,1.360559878721497376e-03,8.965140451657076020e-04,5.816076606311639668e-06,8.118539929484224534e-04,2.126428101692796196e-03,2.346205315632844918e-04,1.603951185229721046e-03,8.681321655887285762e-04,3.413664457446944321e-03,9.245175227013877322e-05,3.795598484058177293e-04,1.568729655800407945e-03,1.582354214493562948e-04,3.602818988378202018e-04,1.247983516764352699e-03
2.765509170557533536e-01,1.119022262086324113e-03,6.793878816700713074e-04,5.823401917472677877e-04,1.551889681705550823e-03,8.837013701199153762e-05,1.200507412826980029e-04,3.554813239788400057e-04,2.132770647575441057e-04,2.346262726879892540e-04,1.965911818810136755e-03,1.165225865985585119e-04,3.627942298931071514e-04,3.907985196262164258e-05,1.845775742612618933e-04,1.942150840271942430e-03,1.304723333771163523e-04,1.384972978190181572e-04,1.455551138335142193e-03,1.984288169635018122e-03,1.153324437426553046e-04,2.227726324868509016e-03,9.851228238413564132e-04,3.453692286069076373e-03,9.421903076913516490e-05,1.559369012650070889e-04,1.467902975608691152e-03,9.929884646807639065e-04,3.567227980039691833e-04,1.188742947058958610e-03
2.066115793683243052e-02,8.825805743066504096e-04,4.380774979058311351e-04,1.080600826404908617e-03,1.392834455756484277e-04,7.981995172722509448e-04,6.312194124437140851e-04,3.445029638185594708e-04,1.495774534139031244e-04,9.286662087979304179e-05,2.916770803927777166e-03,2.060357344052589931e-04,3.113025763903580750e-03,9.166851047589759990e-05,2.411654892378317129e-03,4.745635851758907113e-05,4.983563547594735714e-04,3.667820417051410355e-05,8.873477511392129221e-04,1.231368733620254001e-03,4.905901298887729997e-05,5.023298342577225961e-03,9.725251964702337623e-04,4.454068638614074537e-05,2.392182360964253951e-04,4.241426662635799710e-04,1.477011496930517864e-03,1.306579967094895732e-02,9.970433042617382830e-05,1.178007033347845765e-03
6.117360481706828335e-01,1.331855632625006695e-03,4.043975741579418641e-04,1.324819441147842732e-03,1.290769861157184015e-04,1.234733286858408891e-04,1.338147346164710104e-04,8.373363210079445580e-05,9.430123481442586643e-04,4.299085709805554301e-04,1.903766239746233595e-03,5.029760004196938243e-04,3.311637120038159188e-04,1.731834229531300021e-03,3.044460021058198289e-03,1.949163362163979646e-03,5.473557802538265215e-04,8.700445828137910904e-06,1.513038699014953529e-03,9.879685026938141851e-04,5.146909716380313111e-05,3.029190588055187408e-04,9.670981209710386361e-04,4.903862692116331195e-05,9.336393724452142062e-05,2.152248839022990079e-04,1.492352284743047675e-03,4.915850916474755281e-04,3.732380919710463589e-04,2.949398235296474464e-04
5.289057892310068398e-01,6.496354397702454710e-04,9.747624303842001778e-04,2.779776593020743050e-04,1.547869440774138003e-03,3.921568748746582372e-05,2.248122042767963617e-03,4.030655464698094850e-05,1.846224456870570118e-05,2.534935833419932338e-04,3.092804898692260579e-03,8.084094811669884464e-05,3.096207286430160098e-03,1.708418286249704888e-03,2.021621818758800263e-03,1.879697850083929733e-03,5.349945384831247428e-04,3.220144729345759114e-04,1.983150227555728314e-04,1.009617248180971413e-03,6.214561690618780436e-04,2.380265911126124099e-03,1.854073006654910483e-03,1.693440666870580128e-04,2.173150312724244986e-04,4.117258460818937205e-04,1.412419929775322967e-03,2.663028297594757007e-04,5.387854259299438339e-04,1.240710340756133500e-03
3.267151308997711112e-01,7.551830626280119172e-04,4.071409596943357818e-04,3.101360842465875978e-04,1.834840324518225135e-03,2.050851135970751659e-04,2.135606246569381628e-03,6.384501864009036950e-03,2.697126803253809598e-04,5.933112529961581064e-04,1.893419017502479852e-03,9.470381207757455600e-05,3.949398260104796006e-04,2.712342720166082116e-04,2.129281833054342318e-03,1.293589579340373788e-03,5.230884517192623678e-04,1.581957891122099009e-04,5.103681419204158251e-04,1.170932568299153358e-03,1.221421748288920966e-05,1.593262403574034237e-03,6.414628972308098094e-05,7.683820395008396549e-05,2.779124276320853464e-05,1.433901547156116001e-04,2.990125136985001195e-03,2.580236737951403618e-04,1.079809276111773299e-04,1.191220758779777504e-03
2.158288331132703908e-01,6.496354397702454710e-04,4.226189855274569904e-04,6.202289702901889190e-04,3.780456309531428447e-04,6.543869417004960845e-04,5.623700237829157116e-05,3.707062904740378870e-05,1.087897294848203140e-03,2.512612305983621475e-04,2.073943553459571543e-03,2.622517255662560232e-04,3.117929757259288882e-03,4.366299075543586062e-04,2.027526194734079537e-03,1.885525794211212296e-03,5.606367669616354674e-04,3.846977103204723427e-04,2.734637186301044735e-04,1.041533412103846793e-03,9.043786650197191499e-05,2.390059578950034548e-03,1.858672933219366816e-03,1.001214294123123913e-03,2.087949128080729638e-04,3.936958248127040566e-03,2.898482810826904718e-03,1.719607682321323415e-04,3.759853783899749649e-04,3.042522742498262722e-04
9.894739426988661268e-01,1.086184973637602854e-03,9.960391666489654561e-04,6.058108787562494369e-04,2.223290610294119710e-04,8.984915322275406450e-04,2.291931883401771529e-05,2.918133082877486409e-05,2.165617913909631943e-04,2.833838859719995480e-04,1.306135369837236725e-03,4.447242653411440419e-04,3.125409781111448959e-03,1.153565324579903758e-04,6.122196618168300724e-04,2.069399798141505556e-03,5.351197495508744090e-04,3.378547871162635601e-04,6.909315801610688059e-04,1.208876277123152772e-03,1.386799521170501912e-04,2.049379869423312902e-03,8.424033450446281011e-04,1.716350239811077413e-04,2.109539225533220094e-04,3.391346491667539850e-04,1.385008497850682627e-03,2.300162984730185867e-04,5.376795892575762185e-04,2.596390151902704677e-04
6.573442269045677300e-01,3.136651172979787027e-04,3.438694089127768052e-04,1.308964688470852077e-03,1.863234820444625449e-04,1.722243204204105377e-04,7.278204228700839006e-05,2.342249265823059118e-03,2.616242223758271854e-05,2.612635881398795400e-04,1.255364021667215680e-03,2.701331417381477320e-04,2.878915264123945491e-04,5.318008765221171738e-04,5.498707485172656855e-04,2.532105962388118189e-03,1.102131499216381892e-03,1.476032488011353773e-04,2.390224218132869119e-04,2.655854677373144148e-03,1.506167256731346022e-04,1.589040255063015961e-03,9.390031107799204965e-04,9.420360037958801051e-05,2.086549122633172811e-04,6.385219596961180062e-04,6.903592171870819938e-04,2.700414883290815971e-04,3.749314018898041562e-04,1.184552813863059152e-03
6.178093859890788631e-01,1.078477609042992032e-03,3.670773921360856971e-04,1.268985223430125781e-03,2.211191127089391899e-03,4.739707224609080371e-05,2.425478408538690435e-05,7.463114619804620681e-05,9.370007855269618441e-04,2.457617800099730007e-04,1.292150103404896781e-03,8.681736036526688910e-05,3.125107883498813403e-03,8.686626086531164855e-04,6.075942926077369062e-04,2.069399798141505556e-03,5.353550067925873799e-04,1.519777114531182865e-06,2.146136298115132988e-04,2.069022293055121191e-03,1.467405995769399847e-04,2.201187282811340167e-04,9.591330190571262454e-04,1.694319074698002027e-04,2.635280493693583888e-05,4.421700112093666360e-04,1.411091503103127035e-03,4.948685141803702437e-04,3.703304469263849928e-04,1.243264376685497682e-03
9.180681655138869246e-01,6.683507019757518961e-04,4.238381240550301949e-04,1.066340376726928555e-03,5.522159024270072505e-04,7.333731533549098800e-05,2.133640946291995733e-03,3.584026477056603344e-04,5.626986725753917954e-04,6.494095615991776326e-04,8.160177456022590144e-04,3.334155589611234182e-04,2.543804175413361558e-04,1.052798987867178005e-04,2.345127222790964027e-04,1.990186900658892644e-03,5.349809855417094438e-04,2.784292137004614203e-04,8.170391830520822626e-04,7.650909476533616612e-04,1.157329106643263059e-04,1.592583600926203826e-03,2.796801362613690828e-05,6.053956125635874194e-05,9.206052575079941888e-05,4.381759622781573969e-04,1.496885767599267234e-03,1.092521678640948746e-04,9.843445939667764047e-05,4.341984846221069358e-04
2.549910513178353932e-01,6.534929740391916264e-04,6.776823973414894441e-04,6.290296528325910706e-04,1.584303888073525322e-03,9.340642915102394164e-05,7.836667589052005375e-05,3.434304776371631483e-04,6.141203118971475493e-04,2.410604535256669447e-04,1.350938875653383449e-03,3.276007868188178301e-04,2.261414546111148818e-04,1.731215065313115951e-03,3.050295239786851575e-04,2.070748378707867009e-03,5.243674250733741530e-04,3.197138105645920157e-04,2.668492096200999163e-04,1.948817502824047197e-03,1.776118929022705586e-04,1.680534272082701876e-03,3.603222932511805513e-05,1.589745031468310968e-04,3.215018119888537291e-05,4.393977076068861253e-04,2.985959445971468357e-03,2.637161594014750862e-04,5.570346591422992068e-04,4.411819285663269824e-04
6.267922200872837468e-01,3.213724350355678981e-04,3.530969911320824481e-04,6.146745168906387474e-04,1.867057006231331406e-04,8.523137559325458853e-05,7.313481816834051285e-05,2.342249265823059118e-03,2.616242223758271854e-05,2.612635881398795400e-04,1.255364021667215680e-03,2.701331417381477320e-04,2.878915264123945491e-04,1.296810978931925288e-04,5.498707485172656855e-04,2.527615781625585419e-03,1.102131499216381892e-03,1.559137954733223134e-04,7.101753310975806232e-04,2.655854677373144148e-03,1.506167256731346022e-04,1.574426587613298161e-03,9.407876047318589931e-04,9.420360037958801051e-05,2.087995432226989647e-04,3.376426689639718134e-04,6.651555027064159475e-04,2.700532744523767570e-04,3.749314018898041562e-04,2.732858168965665146e-04
2.141494735601489341e-01,7.549911632321052368e-04,6.776823973414894441e-04,6.178803498288218485e-04,1.584303888073525322e-03,8.060466741587139208e-05,3.017304735701089192e-03,5.794897138484194840e-04,1.922936449190471042e-04,6.760585235956981546e-04,8.648324352188456118e-04,9.850589338033415368e-05,2.347106707181824447e-04,1.731215065313115951e-03,3.029397211350771165e-04,1.354437865641434837e-03,5.293110843975836225e-04,3.197138105645920157e-04,2.665335956740313181e-04,1.947506192034286800e-03,1.308466542755332748e-03,1.680925249234032281e-03,1.166574785235954467e-03,1.613399881805529373e-04,3.619877771513595709e-04,3.001043387848310656e-04,2.985959445971468357e-03,2.304981210461327402e-04,5.557506538255330315e-04,4.411819285663269824e-04
7.779753308339070195e-01,2.271462409237777914e-06,1.171622802000389261e-04,1.019748668571717962e-03,2.905526750132053984e-04,7.935982445915013093e-04,3.197226737672832710e-05,2.738755904871134996e-04,6.274162370615970217e-04,5.192667662474700950e-04,1.889575662942489858e-03,2.514227506393879475e-04,1.819796041113755890e-04,2.067815709900594663e-03,1.385119293655464288e-03,1.662599816373534160e-03,8.748723738495154268e-04,3.207994963462932518e-04,4.954756940066546572e-04,1.610936716983385301e-03,6.744473754757889178e-04,1.596760454354538387e-03,5.895506378507842267e-05,2.686739520273045186e-04,2.330090096974734876e-04,2.360666395627280265e-04,1.386571194878900197e-03,5.217645278988430370e-03,3.933244833733317214e-04,4.077781174323535799e-04
6.714026140424175781e-02,1.338747063266236374e-03,4.189657095703895173e-04,1.758566420454365153e-04,1.595407932350303374e-03,1.120960014738470509e-04,3.011438790979001877e-04,1.690151892533523631e-04,2.637785431208798073e-04,1.910693707845999463e-04,1.936495757798907709e-03,2.712230138030278549e-04,2.509750393994874314e-04,4.617399226715910047e-04,1.117511444631454770e-03,2.195600982899269162e-04,8.920889667112014056e-04,6.992824416813327474e-05,1.618693123453521752e-03,2.059270652499178150e-03,6.925629753242922232e-04,1.673885638098776031e-03,7.745123466688024622e-03,7.460013787409636014e-05,5.043407634596343107e-05,4.067707253507221558e-03,2.990380522827612748e-03,4.815816054532757540e-04,9.865636040640841063e-05,8.421504882445949875e-04
8.672112213396173663e-01,5.250296363689335374e-03,5.794392915320287218e-04,1.563672677869906366e-04,1.841541904750198838e-04,7.916311534863011397e-04,1.837818743852892654e-03,2.183319233808901898e-04,1.145204779281065602e-03,2.826629168134400273e-03,2.097634448948276472e-04,3.378698012842166316e-04,2.424359191051030527e-04,1.843255750804444247e-03,2.728416824036219036e-04,1.702523501362965307e-03,8.916789230405724933e-04,3.155527878408754140e-04,1.267938261362848602e-03,2.150533684348725303e-03,2.489937100376015018e-04,1.595250281530382437e-03,9.041171358797265960e-04,2.828314042496031825e-04,5.665954087180723588e-05,3.467546755378657255e-04,1.389767555462002218e-03,2.998266744726066162e-04,1.110057347682853984e-04,1.238760726736809177e-03
1.465349110849913927e-01,1.034643623842556193e-03,3.407011204807258763e-04,2.628146514547076863e-03,2.168614946300576659e-04,1.001680979269033503e-03,8.283427170396150802e-05,9.236244151379889317e-04,2.352630708360638895e-04,2.699022801446831999e-04,1.250167390487543070e-03,1.412126951478108851e-04,2.777101022334093694e-04,5.263685516346635522e-04,1.195164818090663867e-03,6.271904198181564929e-04,9.362665720435594911e-04,1.506654807617966601e-04,9.878040343575667090e-05,1.181592536861111745e-03,3.852097042297155868e-03,2.348946931781017121e-03,8.541710438655007818e-04,1.142288961227328267e-04,9.491787352907231769e-05,2.734172363186395446e-04,1.457546747096959703e-03,1.497747032062980753e-04,1.899092485750578769e-04,2.564138329664325229e-04
6.840026252477613422e-01,1.330392450584109206e-03,4.505570941259514749e-04,1.316508200756145519e-03,2.044792417952937154e-03,4.248803994706684423e-05,5.053378515945798101e-04,3.501508906847940130e-04,9.523983519701066224e-04,4.037288065870925889e-05,1.306915202719650818e-03,4.386618431666988076e-04,3.051084764764293474e-03,4.430257033133527009e-05,5.055802925997391912e-04,2.021852864031639403e-03,5.164436336166324708e-04,3.231889391511766092e-04,7.320784944723412666e-04,1.897257891507938068e-03,9.008340133574727765e-04,4.660026471005881271e-03,8.410725329465681705e-04,4.830409781898310122e-05,2.078304719939497777e-04,4.253206609370287130e-04,2.961105108229724128e-03,9.834361611750022398e-04,3.692564247367928726e-04,1.244161188081611405e-03
1.659092869978037732e-01,7.562305931258279544e-04,4.281631870636985293e-04,1.300101050327810617e-03,1.925416800735299788e-03,2.078653454840588988e-04,2.323239812567952920e-05,5.432670260868357635e-05,2.741036362454416821e-05,8.634764541819248823e-05,2.000328225009410411e-03,9.026941198084349565e-05,3.125409781111448959e-03,5.422784554488815044e-04,6.079303152893087824e-04,1.290103333697293015e-03,5.395394160228334911e-04,3.935611321744697825e-04,7.881812048150417115e-05,1.209134583177868356e-03,6.028301280383001771e-04,1.576485652510329271e-03,8.406340868935371132e-04,1.715087273534085261e-04,8.846245121296956993e-05,4.540798838214220009e-04,3.025826685335959981e-03,9.307582720527734924e-04,4.056861646214503605e-04,2.432276291196050922e-04
1.816924309758893852e-02,1.340071765631081291e-03,9.449845882392950060e-04,6.630936789598293468e-04,1.292644566734075053e-04,9.956950720903354375e-05,4.089499544470223159e-05,4.043475351454693840e-04,9.215806489462120572e-04,1.498995422593283645e-04,9.095920603170975366e-04,4.498169792140293242e-04,3.643615131773476901e-03,6.275994867432313929e-04,3.046465898775144523e-03,7.328041702696988253e-04,5.468420922571173848e-04,1.086581819094890183e-02,1.469365935903573644e-03,1.192902478829496477e-03,1.379964729773087246e-04,1.627474788657993143e-04,7.803612433002721054e-04,3.296519565018200121e-03,2.334748687882928070e-04,2.555674164511117694e-04,1.097635916249201527e-03,3.027887983400668671e-04,3.746062905657727071e-04,1.380555666981004388e-03
5.009577150344137753e-01,3.122471995684034498e-04,3.438694089127768052e-04,1.308964688470852077e-03,1.863234820444625449e-04,1.722243204204105377e-04,7.278204228700839006e-05,2.342249265823059118e-03,5.136861071795928522e-04,2.612635881398795400e-04,1.255364021667215680e-03,5.035657096286959549e-04,2.878915264123945491e-04,5.316843746588043474e-04,3.086999246418845391e-03,2.527559686970977035e-03,1.102131499216381892e-03,1.476032488011353773e-04,6.885601232781719122e-04,2.670650470176931350e-03,1.506167256731346022e-04,1.589040255063015961e-03,9.390031107799204965e-04,1.487371075704814894e-04,2.086549122633172811e-04,6.385219596961180062e-04,7.109285138669316391e-04,2.700414883290815971e-04,3.737854941487599560e-04,1.184456576360255493e-03
4.530020125100225892e-02,1.340149755402522116e-03,1.822156415485314516e-04,2.642639619206522440e-03,1.264583436604642906e-04,6.592395362071003630e-04,5.953227882746517331e-04,2.160243201319870176e-04,4.951349228623645911e-05,3.486156241381385603e-04,2.000213260155434773e-03,4.451664110715870207e-04,3.645104365829346556e-03,1.238979996701086380e-04,3.056055642585877533e-03,1.720353445030596128e-03,5.392953820990567873e-04,3.182120278631361235e-04,2.146724348431855011e-04,1.185527863680393718e-03,2.194001852191922175e-04,1.354581796665595139e-03,9.127234487604756613e-04,6.036950045399576154e-04,2.334748687882928070e-04,2.569837240139294463e-04,1.441564279898751959e-03,3.031000023573276526e-04,3.767932491371082373e-04,4.933478833470067524e-04
1.684317204210899754e-01,6.496354397702454710e-04,4.226189855274569904e-04,6.202289702901889190e-04,1.888953737221700860e-03,6.543869417004960845e-04,1.980463551476794543e-05,5.450015385430730873e-05,1.087897294848203140e-03,2.482159255878137313e-04,2.074296567478520117e-03,9.724682179597409545e-05,3.125293356244356838e-03,4.366299075543586062e-04,6.098113495404956482e-04,1.887319003859546946e-03,5.606367669616354674e-04,3.849191555436808055e-04,2.734637186301044735e-04,1.041533412103846793e-03,1.162111409719513593e-04,2.390059578950034548e-03,1.864193565390849690e-03,1.001214294123123913e-03,2.087949128080729638e-04,3.936958248127040566e-03,3.033597308401420143e-03,9.058284981355795669e-04,3.759853783899749649e-04,2.458971479012012898e-04
2.133063996899841885e-01,7.562305931258279544e-04,4.281631870636985293e-04,1.300101050327810617e-03,4.145128235566874911e-04,4.453662271724991191e-05,5.966476546811783641e-05,3.689717780178005633e-05,2.741036362454416821e-05,8.939295098123568124e-05,1.999975210990461837e-03,1.538270802873298879e-04,3.118046182126380569e-03,5.422784554488815044e-04,2.025645198873029119e-03,1.288310124048958148e-03,5.395394160228334911e-04,3.933396869512612655e-04,7.881812048150417115e-05,1.209134583177868356e-03,5.770664521017778836e-04,1.576485652510329271e-03,8.351134547456844255e-04,1.715087273534085261e-04,8.846245121296956993e-05,4.540798838214220009e-04,2.890712187761444989e-03,1.968938325643392615e-04,4.056861646214503605e-04,3.015827554682300746e-04
5.170601044422407089e-03,1.132087112278785165e-03,9.759922634300565933e-04,5.579156813131961549e-04,1.392834455756484277e-04,8.415954078582500979e-04,6.312194124437140851e-04,3.659474943003155614e-04,1.495774534139031244e-04,4.388574366817796744e-04,1.909952044796981363e-03,3.288551036805431767e-04,2.635183934488816767e-04,8.868486217337663081e-05,2.415147892193209370e-03,9.811235582227017648e-04,5.246640194124909187e-04,3.667820417051410355e-05,9.098667404265077096e-04,9.931950599223182945e-04,4.905901298887729997e-05,1.836686841070193227e-03,6.309370928125920645e-04,6.933743356884916175e-05,2.392182360964253951e-04,4.315527940448918819e-04,1.477629187230777158e-03,1.765589729207295213e-04,9.970433042617382830e-05,3.062226906299917091e-04
8.089971844208783125e-01,5.250296363689335374e-03,9.457464735712824708e-04,4.060006125011484356e-04,3.635189047466575417e-04,7.915018178091110228e-04,1.688355436529659966e-03,2.183319233808901898e-04,1.108358598385441283e-03,1.941153060323276742e-04,1.664269642707843881e-03,3.359669357606293993e-04,1.076110444555136974e-03,1.843255750804444247e-03,2.663109093134019903e-03,1.724349935070989192e-03,5.549067737070045815e-04,3.099609254903509348e-04,1.269902400471411511e-03,7.839910103965343777e-04,2.683852104468781308e-04,2.412738045481009792e-03,9.209992821904648252e-04,2.828314042496031825e-04,2.612452047806058602e-05,2.191023491132741414e-04,1.389767555462002218e-03,3.060983978882334108e-04,1.110057347682853984e-04,1.345292126295263846e-03
8.542359267695434077e-01,7.960104656097709980e-04,3.826226893780352309e-04,6.943835618804274079e-04,3.395346421766482349e-04,1.384351913495799648e-04,1.231467132233348598e-04,1.150883782150134325e-04,3.700040066117310771e-05,5.422248176724447314e-04,4.114075178891756900e-04,3.136426782840083765e-04,3.092670915647995414e-03,9.186807741255205830e-05,2.803142068074652906e-04,2.109644448456662359e-03,8.719871827693996156e-04,4.065191766076918923e-04,2.033590065153750067e-04,1.949361525049986277e-03,6.233510709701823834e-04,2.279669171277201849e-03,6.051101888879786752e-04,1.393997193141521991e-04,4.660636931466554018e-05,4.386809254243969930e-04,1.513345438024193664e-03,4.486753891213800249e-04,3.676167938737580441e-04,1.234655190158441378e-03
5.466370085828600178e-01,1.413946917302444633e-03,1.787630868349088589e-02,2.552175497816263315e-03,8.044490076124051676e-05,7.915018178091110228e-04,6.886089331390684611e-04,2.089403038675622043e-04,1.690240926074273553e-04,5.123604552446055834e-04,1.313662808437034493e-03,2.299664414655359348e-04,3.111028636312370040e-03,1.909965414973239378e-03,6.041316921117153172e-04,2.000030499946171565e-03,5.185217689405753616e-04,3.049058154872862146e-04,2.150573564669326838e-04,1.036432663666160331e-03,1.409322440187227342e-04,1.703448064254697034e-03,4.214138545651731132e-04,1.842064550506053965e-04,2.440344060070896715e-04,2.179123320203550402e-04,1.390247435885749207e-03,1.156993876795955976e-04,1.110057347682853984e-04,2.965364080056378149e-04
4.393535488376609788e-01,1.187152018023831471e-03,1.201023311832855175e-04,6.394544738372072304e-04,7.661332574885399078e-05,8.406115394162879013e-04,4.708114452937569618e-05,2.258774026935499797e-04,4.482923769395531213e-05,2.083142043570919834e-04,2.000361408771892616e-03,1.912975778650066001e-04,4.520323754764140646e-04,1.771882008072421435e-03,8.523325626398851190e-04,5.995251717439485477e-04,6.641457012162717798e-04,9.033265648635802037e-05,5.174225838446150361e-04,1.186238404532745892e-03,6.284278574690705527e-04,1.325472283156298820e-03,1.058319216119269889e-04,3.323693706405049162e-05,9.430020842558483056e-05,4.543237133493841949e-04,1.441540744759200326e-03,4.927130690956788147e-04,5.372721455058055264e-04,2.467717044887536961e-04
8.522004928978642591e-01,1.102146243744391886e-03,9.946407105622867215e-04,4.051466251146068880e-04,3.395346421766482349e-04,1.384351913495799648e-04,1.232117803357671098e-04,1.150883782150134325e-04,3.700040066117310771e-05,2.062162290411588203e-04,1.865783349163271411e-03,3.110740970976363516e-04,4.155713651313645927e-04,9.186807741255205830e-05,2.588215489264290153e-03,2.109644448456662359e-03,5.382903155375064674e-04,1.427689933780865075e-04,1.475352703674840272e-03,7.582086089496916856e-04,1.196058315353030208e-04,2.279669171277201849e-03,1.048258152367313473e-03,2.658589597807916281e-04,2.810329423526341738e-05,2.144599839797963121e-04,1.470438634744227575e-03,4.511780004924946042e-04,3.672954236060321548e-04,1.341125775105894919e-03
3.671643358728071682e-02,3.839616155044081754e-04,5.780448173015508700e-04,6.386620551919996438e-04,1.871492402243295303e-04,7.859257877906810318e-04,1.094805541147635293e-04,1.070943977751786689e-04,1.592012890273339278e-03,2.731037539017646884e-03,1.945883867473645465e-03,1.908922914423632588e-04,2.491281955509928696e-04,1.855325392251613468e-03,9.187650994048658388e-04,1.770484955806384030e-03,5.286332280456804622e-04,7.537142062511462083e-05,1.998888044943001241e-04,2.131640716566377599e-03,1.662925130975839976e-03,1.683152372215934766e-03,9.488540145728387642e-04,5.892095755052837580e-05,9.053826423007187011e-05,4.228732010033408586e-04,1.584088026177555338e-03,2.387808396233719824e-04,5.429624142226579337e-04,1.222729343359061759e-03
7.517361828392188361e-05,9.953556802594271981e-04,3.344843760844205685e-04,3.505223074011310554e-04,5.071372112949936340e-05,8.117990520579444194e-04,3.116944646219621182e-03,3.248732277184094414e-04,3.049962619226556345e-04,1.145843116773860072e-04,1.888549113910285068e-03,3.747477252753254016e-04,2.934812696321560709e-04,1.214607845881707920e-04,2.751280583396264502e-04,1.708853071358057028e-03,5.289685293850041438e-04,1.517459151476692925e-04,2.154580475431235411e-04,1.197767409350109554e-03,1.737002495488238407e-03,2.554365397179473619e-03,9.793919197312139606e-04,3.432465253079238117e-03,2.555648295841601099e-04,3.476151287452552453e-04,1.454897071378008023e-03,3.443507559949877429e-04,3.755189350201061866e-04,2.375261032367597465e-04
5.373329236163743028e-01,1.276556972135379879e-03,3.397854302601749279e-04,5.773517959580815994e-04,1.049379297375376517e-04,1.471206491217768794e-05,1.479199248902921383e-04,2.745649513701167287e-04,1.650339390330083917e-04,1.978654755605958166e-04,1.942261059354447820e-03,5.004171641072958573e-06,3.127193332252256423e-03,1.624364473298717595e-03,1.930407559260949053e-03,1.762851547381291944e-03,8.726708388653255967e-04,2.790551496290652727e-04,7.019808341488843490e-04,9.840314774837864622e-04,1.475757661228908988e-04,2.300275566034388694e-03,1.414388610072917461e-03,3.312785563082651201e-03,2.233743634751881864e-04,1.840393474803786629e-04,1.552652998530150777e-03,1.182301250737239316e-04,1.080396351511327520e-04,1.287662357665251764e-03
1.054047946954773385e-01,2.618435779974160899e-05,4.394449653647922172e-04,6.393694818026861640e-04,2.273400269400646830e-03,6.951102830778721822e-05,4.932319528845360412e-04,7.163524413376016521e-05,1.691000135803897870e-04,2.932161357647284044e-04,2.720735023981314497e-03,2.406481977600336811e-04,3.184912158132970940e-04,1.221321098781730013e-03,3.222283724139531590e-03,1.299201653819265483e-03,8.942324070175071676e-04,3.257757921762170837e-04,7.468683738944761766e-04,1.762901746269778490e-03,2.841026674221944952e-04,2.319841066867293824e-03,9.142894505354372866e-04,2.820703419632343556e-05,8.083984699661257971e-07,3.120871979187065520e-04,1.584273800703758480e-03,3.678334553304631938e-04,9.783055466596855419e-05,3.071029770211807170e-04
4.091566358020377880e-02,6.567993639782549907e-04,4.475985712549524192e-04,1.075827331135639862e-03,1.569477416567691694e-03,5.997195173152244799e-05,1.687535543427907698e-03,2.202897387570331453e-04,5.836764411808720949e-04,2.394138068154888824e-04,1.269696094775326755e-03,2.754932628593604986e-04,2.827638851188001966e-04,9.777863027906100960e-05,1.853802371613613947e-04,6.409132866685761896e-03,5.230346144544134775e-04,3.807717220307904799e-04,1.436774687332394813e-03,3.393474889559616129e-03,1.455572113808761977e-04,3.605626923761691503e-03,5.899579034117676793e-05,1.688468820692500547e-04,4.157397829718114215e-05,4.063494437585683794e-03,2.645525799963621954e-03,2.945097408783101806e-04,5.485267021880641230e-04,4.253557391489588184e-04
6.836591553099514995e-02,1.338747063266236374e-03,4.189657095703895173e-04,1.509927951873667662e-04,1.594561186065999179e-03,1.120960014738470509e-04,3.011438790979001877e-04,1.690151892533523631e-04,2.637785431208798073e-04,1.912067324459492410e-04,1.929638265935415412e-03,1.106361120336821522e-04,3.043619166464176656e-03,4.617399226715910047e-04,1.365605353855735282e-04,2.195600982899269162e-04,9.033776325045138464e-04,6.992824416813327474e-05,1.636693541786785619e-03,2.085800142509167295e-03,6.925629753242922232e-04,1.673885638098776031e-03,7.745123466688024622e-03,7.460013787409636014e-05,5.043407634596343107e-05,8.278142354089862084e-04,2.990380522827612748e-03,4.815816054532757540e-04,9.040613707912966497e-05,8.611519277706109832e-04
2.391271329071926743e-01,5.724727750883699820e-05,6.485354802858420186e-04,2.488872840193794792e-03,8.626180613812936028e-06,4.245621486367546430e-05,2.123537098767661578e-03,8.222146407018427264e-03,2.410010174081393479e-04,6.395791854030486367e-04,1.257620280211899349e-03,5.063433689710057943e-04,2.619886604711089560e-04,1.013326675298096245e-04,4.805704529147326702e-05,1.380908664007142808e-03,8.964882515665970617e-04,6.887387013905613446e-06,8.114739496611855741e-04,2.126428101692796196e-03,2.594147026068367723e-04,3.705384606281832832e-05,8.681321655887285762e-04,3.413664457446944321e-03,1.742123255537610105e-04,4.258565858450024571e-04,2.989856731695149719e-03,1.658435878045707418e-04,5.183508187408706691e-04,1.223172905032403205e-03
5.852894837906408299e-02,6.567993639782549907e-04,6.813320349400551774e-04,1.075827331135639862e-03,1.587197995599736594e-03,7.669013929638161722e-04,1.660985931008059947e-03,2.202897387570331453e-04,5.836764411808720949e-04,2.395511684768381771e-04,1.962125078741452054e-03,1.132378298563517678e-04,3.119403843577684028e-03,9.777863027906100960e-05,5.867269537623146566e-04,6.409132866685761896e-03,5.343232802477190877e-04,2.987098992163683339e-04,1.454775105665658897e-03,3.538748119171167706e-03,1.356731554973480166e-04,3.605626923761691503e-03,7.315691352092893503e-05,1.688468820692500547e-04,4.157397829718114215e-05,8.235944883092439269e-04,2.650426051876080252e-03,2.926719264551214854e-04,5.556705095663214003e-04,4.411686123055964456e-04
1.109722184497812375e-01,3.875047797069307428e-04,5.622645165512284767e-04,2.700392593971850681e-03,2.131208830672463861e-03,5.222713468031118774e-05,5.053378515945798101e-04,9.216327871004215437e-04,9.745824694977798337e-04,2.684894839233871043e-04,1.254981041457624291e-03,1.897724380950493854e-04,3.379854579882805030e-04,8.412046446003252839e-06,8.764729629261917929e-04,1.695722248868136587e-03,8.940166639077689031e-04,3.857144040353901061e-04,2.039094231470561336e-04,1.897257891507938068e-03,3.893319387351595363e-03,6.963985934544053916e-05,1.507957257405187425e-04,5.895419359577870215e-05,2.529679163092532490e-03,4.268031018709205664e-04,6.579051687954457980e-04,1.744846798682454466e-04,5.186408659983994095e-04,1.224445211556982223e-03
3.919559400167893504e-01,4.671071988832261029e-05,1.171622802000389261e-04,1.001157542904871148e-03,2.928093698176211825e-04,4.758899600229753515e-04,4.119895369465151119e-05,4.839171049079711399e-04,1.930179978297226289e-04,6.372816476744814964e-04,1.891812416878125864e-03,1.997479713292042540e-03,1.002530551546417219e-04,1.363749507175991041e-05,6.924987063941319323e-04,1.469157427429324371e-04,8.734550112151381711e-04,3.322942630512356471e-04,2.978594049707419811e-04,1.587828489266635348e-03,1.447021497005296126e-04,1.596760454354538387e-03,8.682889565942709638e-04,1.972935912572264705e-04,2.329738296940122048e-04,2.274988491557589695e-04,1.570995593082930367e-03,5.515169905202958051e-03,4.078373394078336849e-04,3.189878334977581855e-05
6.768344605073077502e-02,1.400148027678842439e-03,5.734657734689387444e-04,2.579090527239716758e-03,1.891314946429607758e-04,8.067383774583935206e-05,2.889628138262252764e-03,3.259536302504239267e-04,6.285104276101136436e-05,4.954740831345158525e-04,1.862821557161407470e-03,2.565940960985866248e-04,3.597508939549856014e-03,1.261883691376590845e-04,4.638592995641266023e-04,1.722697035523996752e-03,5.232302336753956191e-04,3.294069819781197191e-04,7.661082133874058805e-04,1.802390930489129826e-03,5.675966223882377272e-05,1.735769915277167062e-03,9.461858412900927065e-04,4.068499947664794563e-04,2.424781955793277083e-04,3.447611015446203292e-04,1.392886487391046440e-03,3.458152518173455894e-04,1.108282361878185334e-04,2.950025971891008427e-04
2.232851021934612046e-01,6.496354397702454710e-04,4.226189855274569904e-04,1.985603859053751159e-04,3.682048208027045725e-04,6.543869417004960845e-04,5.623700237829157116e-05,3.707047714474120753e-05,1.083192601618381814e-03,2.505080055747366708e-04,2.105300380695731069e-03,2.622517255662560232e-04,3.114845467397541444e-03,4.366299075543586062e-04,2.027526194734079537e-03,1.885525794211212296e-03,5.606367669616354674e-04,3.846977103204723427e-04,1.407674389979104816e-04,1.041533412103846793e-03,9.487840658342710468e-05,1.711199089852419395e-03,1.861389633515297265e-03,1.039997771931815314e-03,2.087949128080729638e-04,3.952522869439712913e-03,2.871183396888839744e-03,2.496694381176557047e-04,3.759853783899749649e-04,3.037762001546861872e-04
7.023816785354544123e-01,7.598957305554322446e-04,2.423910932385824404e-06,6.027611888813278395e-04,1.920571471308011539e-03,6.579025634660980301e-04,1.413298754193685212e-04,3.821049406723935212e-05,2.181921938716720535e-04,1.338797328301615680e-04,9.228678087436457955e-04,2.568310782526899805e-04,3.117877892067941886e-03,5.698096776960842602e-04,1.876725981848064318e-03,1.733435512181604170e-03,5.120284113690578339e-04,1.484305691024592907e-04,4.301933450678147551e-05,1.190155578615712233e-03,9.037059662636517823e-05,2.362645519346525443e-03,1.893948459165392673e-03,4.194125905985634107e-05,2.096796685715399231e-04,1.366901925800192812e-04,1.521663017323016207e-03,1.735079090130244841e-04,1.270501366968485729e-02,2.843306553884526657e-04
8.848483505128206250e-01,6.566437774966363489e-04,6.778080964909652959e-04,1.056160915559188791e-03,2.455367184808266746e-05,7.980251618217958217e-04,5.707046248988242041e-04,3.554813239788400057e-04,9.094893810452844970e-04,8.126149336206557703e-05,2.019447289126081319e-03,3.304887538915603825e-04,2.794297160818168735e-04,4.338007673450215631e-05,5.659664290666511274e-04,1.942150840271942430e-03,5.242541553361071893e-04,2.998899836798038596e-04,1.272341977850937776e-03,2.120219986416273326e-03,1.362809303706671881e-04,1.036331996922757164e-03,9.522413046499839974e-04,4.088731013892569349e-05,5.616215538957908824e-04,4.393245440129452573e-04,2.987461889504787818e-03,4.566206624469926895e-04,5.562328141454471681e-04,1.258909346362529266e-03
4.627465065928622612e-01,3.522569827202071948e-04,4.071166707908386293e-04,5.791665877315514601e-04,1.836031941791084043e-03,6.103428724752305631e-04,1.884641668138778729e-03,2.716448666236026630e-04,2.694224882436752630e-04,5.933701604021093118e-04,1.895546009643515276e-03,9.013793539153920327e-05,2.592479232008086318e-03,5.760174427181189577e-04,2.132642244074894975e-03,1.953986515129081322e-03,5.381559379732883544e-04,2.804449779393690520e-04,5.111516081162869804e-04,1.846226778307930982e-03,1.287564200986391965e-05,2.290267962873367754e-03,8.528888876102817124e-04,3.254561440617728067e-03,8.841971871455670874e-05,2.131496931160080713e-04,1.507413407655306195e-03,1.192857352869679027e-04,3.769284291982990870e-04,5.628021347151147651e-04
5.530064245112784604e-01,2.745156303887765219e-05,3.332615585428993295e-04,3.162621899633923897e-04,2.348553905429974237e-05,1.471206491217768794e-05,1.129089538304869217e-04,3.426331760983109117e-04,1.691453713767145312e-04,2.959668443126775442e-04,1.940363468683974080e-03,2.316118319860042626e-04,3.114442108496909625e-03,1.624364473298717595e-03,1.934392737892302221e-03,1.762423033748483983e-03,8.580435983570241501e-04,1.622364783200356620e-04,7.019808341488843490e-04,1.001995690749315051e-03,1.475757661228908988e-04,2.140981836135461783e-03,1.404575148212836673e-03,6.028705806434110984e-05,2.237846717901917370e-04,1.840393474803786629e-04,2.984614625260264154e-03,2.355267084259790469e-04,1.083492507802245376e-04,3.072555534167591812e-04
8.317808055928689603e-02,1.047327161400126360e-03,6.635012292602201177e-04,1.932131585043051891e-04,7.830673079131330629e-05,1.823406806756971683e-04,1.083307015359577042e-04,2.725047963877936207e-04,2.686621811761709866e-04,6.336746631464374802e-04,1.936495757798907709e-03,2.712230138030278549e-04,3.526423997360910324e-04,1.723792931744178806e-03,1.101694545032208452e-03,1.298871949775945661e-03,8.902702615893260188e-04,3.258812283717706375e-04,7.506539679937828920e-04,2.123026112895479937e-03,2.000661349720565807e-05,1.681636505375647172e-03,8.155502777788885618e-03,3.330166417189119044e-03,9.426869746253224030e-05,4.620080080261494866e-04,1.543959807031913649e-03,2.865963709530884693e-04,1.079809276111773299e-04,1.229741897678769333e-03
9.296058795984593059e-01,6.628660535057918305e-04,4.238381240550301949e-04,1.066340376726928555e-03,5.522159024270072505e-04,7.333731533549098800e-05,2.133640946291995733e-03,3.584026477056603344e-04,6.314374821924455781e-04,6.494095615991776326e-04,1.818637718159010243e-03,3.761849704567834032e-04,2.543804175413361558e-04,9.517874779037304236e-05,2.158493346522468315e-04,1.998193921148614955e-03,5.349809855417094438e-04,2.784292137004614203e-04,8.078353329662205876e-04,9.481223881546781314e-04,1.157329106643263059e-04,1.592583600926203826e-03,2.796801362613690828e-05,8.160185087598609060e-05,9.552764069397809107e-05,4.381759622781573969e-04,1.499042257143715952e-03,1.092521678640948746e-04,9.843445939667764047e-05,4.115313971965260773e-04
7.481542874104041285e-01,8.801534782944236534e-04,9.733492180949023615e-04,5.715056863587467855e-04,7.900707081122837917e-05,8.099510563286204225e-04,3.175861320308342686e-05,2.616938336594638523e-04,5.622763726472741579e-04,5.217868091306763004e-04,1.596146818955639091e-02,3.318743040963152008e-04,2.424037258900427119e-03,2.077544641849244506e-03,1.369869186841070948e-03,1.644069662870161494e-03,9.180756043767013220e-04,3.208798028920043888e-04,9.790687269963432643e-05,8.228544540893951336e-04,1.158470129423918454e-04,1.638586913186945585e-03,5.886777037902082019e-05,2.518761945441798638e-04,3.522411327353389056e-05,2.102443427194100633e-04,1.384241736253813589e-03,1.401584188858672180e-04,3.935396562062675341e-04,4.341706892772678023e-04
2.374985133246934610e-02,1.046917511422088779e-03,1.714091614259512990e-04,6.168210323439327980e-04,2.050776492422616386e-03,9.873305268373318115e-05,2.116759713261943173e-03,3.982835068145740677e-04,9.794162854029546221e-04,2.955392717809392049e-03,1.943724757344856939e-03,9.258171827269669153e-05,2.389015767241988017e-04,2.035402158063435589e-05,6.671373840158158295e-04,1.879640573932110084e-03,5.289706443303951629e-04,4.054672304183866947e-05,2.510507888364645231e-04,2.126430529126548466e-03,1.201584501065427329e-04,4.255893235095766381e-05,1.137927714640204709e-04,2.489800034621353006e-04,1.601298499368002809e-03,3.785340499659098053e-04,2.953302338090534399e-03,1.582965704897711903e-04,5.449024148504529215e-04,1.222729343359061759e-03
3.825461097231631635e-01,9.159993217321414942e-04,9.739226899827202683e-04,5.715056863587467855e-04,2.047431728395087466e-03,1.065376298521302769e-04,4.098529952100660417e-05,3.979911602035151588e-04,2.344600598102067834e-04,2.789936873745959937e-04,1.954878615544223402e-03,3.746437155919751859e-04,2.492168363028117450e-03,1.994207206373865680e-05,9.263894386207403246e-05,1.819010313348838007e-03,9.166582417423241747e-04,8.140057723859073452e-05,2.029401944161549759e-02,1.874979474926434693e-03,5.381790716231819524e-05,1.584012237997657700e-03,4.959096408638897320e-05,2.015579675597489772e-04,3.869122809596886993e-05,2.052285125918395332e-04,1.461186585091585810e-03,2.035309310762997703e-04,4.080525122407695519e-04,3.632424511612109864e-05
5.644432498438708978e-02,1.330633562525082190e-03,3.467761768821040987e-04,1.328224720797756796e-03,2.168614946300576659e-04,1.000137433784359679e-03,6.265465347770585343e-05,3.521425183135656824e-04,2.161608459695228040e-04,2.832176249267261397e-04,1.250160995236915609e-03,1.150740013035043182e-04,2.871020399253434302e-03,1.158556890455411594e-04,1.171651434380678244e-03,6.271904198181564929e-04,9.142405572898947615e-04,1.506654807617966601e-04,5.523202747062885571e-05,3.421065201082198678e-03,1.793483303192095575e-04,3.540729156429858922e-03,1.006520890038606949e-03,1.140447806108537966e-04,4.246209138002865350e-05,8.238890291421091484e-04,2.661155463441302813e-03,9.642671195744763942e-04,1.899092485750578769e-04,2.426408148498502410e-04
9.285820005486149498e-01,1.122799050114562085e-03,4.518676737118669496e-04,6.260673580309688126e-04,2.367526066434286463e-04,7.710624291414519592e-04,5.742322130375453280e-04,7.771259801325569952e-05,1.356804397623233988e-02,9.338315191561382018e-05,1.861824477382782381e-03,3.307069055603089778e-04,2.068907708724493355e-04,1.842141740304787572e-04,2.872845721308973010e-04,5.438588733163173027e-04,2.507881328732206169e-04,3.183608495110701667e-04,1.273232053789917408e-03,1.782839415070335779e-03,1.463757826515952459e-04,1.574148759116597747e-03,8.151658773445516828e-04,1.422112533061314931e-04,8.213167503227447944e-05,6.756625331766127202e-04,2.884409407344189300e-03,2.924900043250621318e-04,5.403348954768743542e-04,1.241691328305767400e-03
4.262351444866834260e-01,6.675570201056885361e-04,9.734710206956373197e-04,1.056160915559188791e-03,1.570016189262381408e-03,1.070164657990180430e-04,9.711938931410211799e-05,3.554813239788400057e-04,6.860979325768856024e-04,8.126149336206557703e-05,1.320775314056956383e-03,3.965640716159900140e-04,4.825234568941051249e-04,1.638841667496674943e-03,1.646197647043414522e-04,1.942150840271942430e-03,5.242541553361071893e-04,3.813873685027853195e-04,1.932284863060528685e-04,1.835839993555612483e-03,1.350087523652113565e-04,1.593225869270662592e-03,9.388559088036251780e-04,4.088731013892569349e-05,5.496626475704835882e-04,4.393245440129452573e-04,2.982561637592329954e-03,4.591838071098723693e-04,3.705656937184308988e-04,4.443704949344166140e-04
7.577272974202655664e-01,2.101393927813945475e-03,2.611032640233117825e-04,1.054350321616308143e-03,1.595200496467554527e-03,4.821484532420489057e-05,6.892573730017873663e-05,8.076623879338377943e-03,6.230750976051144816e-04,2.749994026834694152e-04,1.306103500237577354e-03,3.280386937175139403e-04,2.278238592934559337e-04,1.433121369171571225e-05,1.327502331974355276e-03,2.027736023215941791e-03,5.224203763555417858e-04,3.854590012085823848e-04,2.765250210400288901e-04,3.388923998626286113e-03,6.755004594545743150e-04,2.496501752479373445e-03,6.689713196753272004e-04,1.559407408166374465e-04,2.264814035494030434e-04,3.614073622245020248e-04,2.633612316123027514e-03,3.070846200004097391e-04,3.956985748892081155e-04,4.391216963419731232e-04
3.370151720852861410e-01,6.510953706495725300e-04,4.240992815816764256e-04,1.062019807042385378e-03,1.117494761542125927e-04,1.925789194905317271e-04,7.440350143563706801e-04,3.858821155301439803e-04,2.431959161058239367e-04,7.991225172587701692e-05,1.891183440826386085e-03,1.719602001767858463e-04,2.645402374422910468e-04,1.015100225246407038e-04,1.632300547581819780e-04,1.362385449445047397e-03,8.965140451657076020e-04,3.027744940359492279e-03,2.144530542552990126e-04,2.122613532321056349e-03,2.341260416317200721e-04,1.605948360107863505e-03,1.341790459612628378e-03,3.976263752538597418e-05,5.498573777883668376e-05,4.422022112764169809e-04,1.495805318376299724e-03,1.594569933506279492e-04,5.407907635341985177e-04,1.242984591469636435e-03
6.147833167184493242e-01,1.185037969578121245e-03,1.201023311832855175e-04,6.218707685760874919e-04,1.285229910157250765e-04,8.406115394162879013e-04,4.708114452937569618e-05,2.258774026935499797e-04,4.482923769395531213e-05,4.333138799727985708e-04,1.901294980795017239e-03,5.035157927843606808e-04,4.520323754764140646e-04,1.771882008072421435e-03,7.693682445311059593e-04,5.995251717439485477e-04,6.641457012162717798e-04,9.413687584938875070e-06,5.017053084466839607e-04,9.865792217515084467e-04,6.393026786394378439e-04,1.325472283156298820e-03,9.382397222833363309e-05,3.323693706405049162e-05,9.430020842558483056e-05,4.543237133493841949e-04,1.442385343960141640e-03,4.927130690956788147e-04,5.372721455058055264e-04,2.467717044887536961e-04
5.137124695693595644e-01,6.496354397702454710e-04,1.331271178054900279e-04,2.358548436753726959e-04,1.547869440774138003e-03,1.127309378092205389e-04,5.521121914659463304e-05,3.587148256775513360e-05,1.064776379769399439e-03,2.562986771265527634e-04,8.402476589887239618e-04,2.628467477723255160e-04,3.567342244703195896e-03,1.227692921441209638e-05,2.027526194734079537e-03,1.883098501663724601e-03,8.775088745792379574e-04,3.846977103204723427e-04,4.301933450678147551e-05,1.140856685032108934e-03,4.186267555780136891e-04,2.364783229886471480e-03,1.858672933219366816e-03,7.835462140918700823e-05,2.056235896684667172e-04,4.087381057711034910e-03,1.450977582950071457e-03,4.069918156017684075e-04,3.945652792691832869e-04,4.977790667387933712e-04
4.755336643393049401e-01,1.329986501971376156e-03,1.668676080295721799e-04,6.364042111341029588e-04,2.168404578073432679e-04,7.828124235322413138e-04,8.321255465104383233e-05,3.404919325375547752e-04,2.161608459695228040e-04,2.859255594891350048e-04,1.249571154905711841e-03,5.035847111519570467e-04,2.728049552901520760e-04,1.751481024885492149e-03,2.398660252651770106e-03,6.271904198181564929e-04,9.180183582321258667e-04,3.168420827852003120e-04,8.263969342151617663e-05,1.181592536861111745e-03,1.693794267582158890e-03,2.374705595768125763e-03,9.817315470959588238e-04,5.005336490469060778e-05,2.079814333529332224e-04,4.332469224310343120e-04,1.457546747096959703e-03,9.642671195744763942e-04,1.893850550325844502e-04,2.564138329664325229e-04
7.576506689645819831e-03,8.825805743066504096e-04,4.070381936991127134e-04,1.090630193676139564e-03,1.392834455756484277e-04,8.401192165043648487e-04,6.312194124437140851e-04,6.175885894061357382e-04,1.155956431186318939e-03,4.388574366817796744e-04,2.922924388196485295e-03,2.046312105083176861e-04,1.948383942542823450e-04,1.011782532029556177e-04,2.996058516454610642e-04,1.797498854431628336e-03,5.470631341237214371e-04,3.237509992977072814e-04,8.873477511392129221e-04,9.931950599223182945e-04,4.905901298887729997e-05,1.638530440030836442e-03,9.672524271846840447e-04,4.454068638614074537e-05,2.392182360964253951e-04,2.149582464252228220e-04,1.477011496930517864e-03,4.428566915581029820e-04,9.970433042617382830e-05,3.062226906299917091e-04
9.993203923354370133e-01,8.787539931649162141e-04,9.733288132219854952e-04,5.759796929071761985e-04,8.133436154430183883e-05,9.805051795424527417e-04,2.034463206621022618e-03,1.042295620813851059e-05,6.044329001948560648e-04,5.121781803944897796e-04,1.306135369837236725e-03,3.772273180228360371e-04,1.426616704405256689e-04,5.235292374439863561e-04,6.120672539667584237e-04,1.103200956960363526e-03,5.183886661640999547e-04,3.141772655898804486e-04,2.509957828207469779e-04,1.208876277123152772e-03,1.386799521170501912e-04,1.658304136576908188e-03,8.406188510926896045e-04,2.728942979950395396e-04,2.064653214712748076e-04,3.794687598327334006e-04,1.358441805025324559e-03,2.606557207722393554e-04,5.269166183719837127e-04,4.162575972457384973e-04
2.612875321945489215e-01,5.892992929419692359e-06,6.727302111091336108e-04,6.277605991972826050e-04,1.614410119521079382e-05,9.340642915102394164e-05,7.831909449229295761e-05,2.445188865298540768e-04,6.141203118971475493e-04,2.410604535256669447e-04,1.350938875653383449e-03,3.276007868188178301e-04,2.261414546111148818e-04,1.733879647736702835e-03,7.783663606512593314e-03,2.070748378707867009e-03,5.173841560659631772e-04,3.204668061140534293e-04,2.668492096200999163e-04,1.206166153370797885e-03,1.776118929022705586e-04,1.680534272082701876e-03,1.515916566917933136e-03,1.589745031468310968e-04,2.561041826083996467e-06,1.369069622923728543e-04,1.555453947679113179e-03,2.637161594014750862e-04,5.570346591422992068e-04,4.411819285663269824e-04
3.034760644520087536e-01,1.049196010072169514e-04,9.865291274720393126e-04,5.584189770953933976e-04,2.567138657749856593e-04,8.500658155310802759e-04,1.066550840471537593e-04,6.101966400903034845e-04,1.214699514155070156e-03,8.684116672378651425e-05,1.888549113910285068e-03,2.622670437431199675e-04,2.475317846034707885e-04,1.771455572055573822e-03,3.467567950441168435e-04,1.733983783775014430e-03,8.979492779050787148e-04,1.539929939699886041e-04,1.859409143328190914e-04,1.774734211965670310e-03,6.166616109267851909e-04,1.586999555609964248e-03,9.809521083040311038e-04,1.039582800385692668e-03,9.109945465709234620e-05,4.289174984439731754e-04,1.585027943661296160e-03,3.010568397909887690e-04,3.760584527464741781e-04,1.939667849800018502e-04
1.840604690694201406e-01,1.029867266080386956e-03,9.854837029552930387e-04,6.309130186421688449e-04,2.214198976087601491e-03,4.739707224609080371e-05,2.112054115648351039e-05,7.242224496525114658e-05,2.603678886324447108e-04,1.805888545098770226e-03,1.273930469417367765e-03,8.681958079389959703e-05,3.134055688041485939e-03,1.744120188343531788e-03,2.058085393555273411e-04,1.720692590976784448e-03,1.387179336622541522e-04,8.069872059540229641e-05,2.005481510177275302e-04,2.145732550206102054e-03,1.463930877022747020e-04,2.069105548793890442e-03,9.425602892336162799e-04,2.078666935027536147e-04,2.633657544412661838e-04,2.832197029944720154e-04,1.412850201979573474e-03,3.847370588454685717e-03,5.369935583911479224e-04,1.242833340416820863e-03
1.802182559276511720e-01,6.297123757149035699e-04,6.764368916051046203e-04,6.141357798367594323e-04,3.909687866491296264e-04,7.558736440158833787e-05,7.842780160190979555e-05,4.166427373187534151e-04,4.353098494352988790e-03,6.208444326447895220e-05,1.551394707310829041e-02,3.767958081181113010e-04,2.012957530378682710e-04,4.377143249553337636e-04,3.078813632516999620e-04,1.766012488951567566e-03,5.247770354303234229e-04,2.722858672225679944e-04,2.723114542307165323e-04,1.329323701468089003e-03,1.495471741837670022e-04,1.355313534286072333e-03,8.690929749365958841e-04,8.526843091938258535e-05,3.104664467337865246e-05,4.333211901611584878e-04,3.010688387724090326e-03,1.525737213907939205e-04,3.769777207175618763e-04,8.131294012846914570e-04
1.369089332495548872e-03,1.132087112278785165e-03,9.759922634300565933e-04,5.579156813131961549e-04,1.378166654872815973e-04,4.570666416391110966e-06,7.063581962738786895e-04,3.659474943003155614e-04,2.168634755413663222e-04,4.422860799457508253e-04,1.332425248978344164e-03,3.288551036805431767e-04,2.630107631383886272e-04,8.868486217337663081e-05,1.178665815477249277e-03,9.811235582227017648e-04,5.246640194124909187e-04,1.413039399328425085e-04,9.098667404265077096e-04,9.931950599223182945e-04,1.658848883035661179e-03,2.396257268535545090e-03,8.444045981070541062e-04,6.933743356884916175e-05,2.392182360964253951e-04,2.760774646558697225e-04,1.477629187230777158e-03,1.765589729207295213e-04,4.969833216370163863e-04,2.561361816842126662e-04
2.911688007775905529e-01,1.330633562525082190e-03,6.727209924995434034e-04,1.328224720797756796e-03,2.183282747184245504e-04,8.890055351260979510e-04,2.932288875214477189e-03,3.523693347051682040e-04,1.495899522744145087e-04,2.797889816627550973e-04,1.827687791055553025e-03,4.430777568652878367e-04,2.782177325439024189e-04,4.051599536636566585e-05,2.392240893172885817e-03,6.271904198181564929e-04,9.180183582321258667e-04,3.783560869013310009e-05,1.261222135418290724e-04,1.201270515522541264e-03,1.055291934725068265e-04,1.812933534487302586e-03,6.375645129475810812e-04,1.136449272840616949e-04,2.074404264447360835e-04,4.298191933463042574e-04,9.976945401856372481e-04,9.642671195744763942e-04,1.249752367117228839e-04,3.065003419122116200e-04
4.748219851185332407e-01,1.305509297085274620e-03,3.238597694387472178e-04,1.322246601661183560e-03,2.162359925469366272e-04,9.982326947988655157e-04,1.463540629023999653e-04,5.556155813488712278e-03,1.654086984221079344e-04,1.002681800188947930e-04,1.236306317532738334e-03,4.477417296204526864e-04,2.498750437820423248e-04,1.790200853868361038e-03,1.876725981848064318e-03,5.450011953285291031e-04,5.096930623512378614e-04,1.602365932932818960e-04,4.301933450678147551e-05,1.150279496763812522e-03,9.512202703399169190e-05,1.679883236696386086e-03,6.085818515702112307e-05,3.435670626823555344e-05,2.551659398171542354e-04,4.261298704930654058e-04,1.577850475270194943e-03,9.663136317741092673e-04,5.628294149681833383e-04,2.388960117041205805e-04
2.983339312199274618e-01,1.318253563509387940e-03,9.904229548037544236e-04,5.572267034252907474e-04,2.525197735716912814e-04,8.420530956262924169e-04,7.252345254933644826e-05,6.156528098358438452e-04,1.141923504469699504e-03,8.628079763384412682e-05,1.888433480684459593e-03,3.946507256614635063e-04,2.844222084094521260e-04,4.993724737731614245e-04,3.102068567312960858e-04,1.733983783775014430e-03,1.235255322668893721e-02,3.287729138977635800e-04,1.511480678459688112e-03,1.774734211965670310e-03,6.166616109267851909e-04,1.575010616189737641e-03,9.809310149983892398e-04,1.039582800385692668e-03,9.109945465709234620e-05,4.289174984439731754e-04,1.584567758420949140e-03,3.010568397909887690e-04,3.696043583926725750e-04,1.231996534538911357e-03
1.394169443386175655e-01,1.279164458379975422e-04,4.338036030919111214e-04,6.333976109681093911e-04,1.332710783191287077e-04,1.003667564268108988e-03,5.740546945101170084e-04,8.340504354295579957e-05,9.430123481442586643e-04,4.324476876624987231e-05,1.879315290310957674e-03,4.427411818935910858e-04,3.366229508946530198e-04,1.775642819416061715e-03,1.336681374374043205e-03,1.941540515107203699e-03,9.240498185977422466e-04,8.700445828137910904e-06,1.875870784822722404e-04,1.775806521912138940e-03,5.146909716380313111e-05,2.955113372727431915e-04,9.823859138069286796e-04,1.132141581423905577e-04,9.336393724452142062e-05,4.244093037404911414e-04,1.452065676604629308e-03,4.915850916474755281e-04,3.691675467623715956e-04,1.188397300853307435e-03
1.514092740323405573e-01,1.331969769523364423e-03,3.385081933723839203e-04,1.319615443643135143e-03,2.168614946300576659e-04,1.000137433784359679e-03,7.963147744897081852e-05,3.521425183135656824e-04,2.161608459695228040e-04,2.910504851223838876e-04,1.250160995236915609e-03,4.430777568652878367e-04,2.777101022334093694e-04,5.232063359231576899e-04,2.930166718763520272e-04,6.166418125463325392e-04,9.180183582321258667e-04,1.506654807617966601e-04,8.263969342151617663e-05,1.192713973405800602e-03,1.709320233122136896e-03,2.551998982351426099e-03,9.831013280142499901e-04,3.677312010961480276e-04,2.079814333529332224e-04,2.743438639572819897e-04,1.457589670325785351e-03,9.642671195744763942e-04,1.899092485750578769e-04,2.564138329664325229e-04
2.925137521069985924e-01,1.331855632625006695e-03,4.371440615017528424e-04,1.324819441147842732e-03,1.706487227468794039e-04,1.033882096011855224e-04,5.702730471233611416e-05,8.373363210079445580e-05,9.396910366852986645e-04,7.968755833592862273e-05,1.904509353075338474e-03,1.171350906752287823e-04,2.913631489462293147e-04,1.731834229531300021e-03,3.044460021058198289e-03,1.752248471616334831e-03,5.473557802538265215e-04,2.979164997217098251e-04,1.511356146250776187e-03,1.725972534948320113e-03,1.144958841141201244e-04,3.019448225187518469e-04,9.670981209710386361e-04,4.903862692116331195e-05,9.034664729795578763e-05,2.152248839022990079e-04,1.492352284743047675e-03,4.915850916474755281e-04,3.732380919710463589e-04,2.949398235296474464e-04
6.192996196428278699e-01,6.445783489338226258e-04,4.045216660260059108e-04,6.300189217456400852e-04,1.547543966440761802e-03,6.806712876740513441e-04,5.764519978039158409e-04,7.815979380358781172e-05,9.428402161054395521e-04,4.341400103086865900e-04,1.253572349150389696e-03,5.008810769059544822e-04,3.297422568077593044e-04,1.771632010442728044e-03,5.584796652291363879e-04,1.951463665309227701e-03,8.766322107035612798e-04,1.123994208580164113e-05,1.450239516980478044e-03,9.829647503152151404e-04,5.392028958885404825e-05,3.730530163781001912e-04,9.723708902565883537e-04,4.893293625872836063e-05,5.442789531310342037e-04,4.374938980913471200e-04,1.720979569271231802e-03,2.392973782669773888e-04,5.405966893873897974e-04,4.667122287623156089e-04
5.609623837876709374e-01,2.772327635755772023e-05,3.332615585428993295e-04,5.905076519455035398e-04,2.265244414836871910e-03,4.706645044598232574e-05,1.176044614143423837e-04,2.719735659135295316e-04,1.734296338316011733e-04,2.961863019116798331e-04,1.942261059354447820e-03,2.310742187884117893e-04,3.114406042785454985e-03,1.623329008209769197e-03,1.934432778997225485e-03,1.763714855474662674e-03,8.726708388653255967e-04,2.790551496290652727e-04,7.120752343910453658e-04,9.840314774837864622e-04,1.467188384944099187e-04,2.046706381244579442e-03,1.466757142680312400e-03,2.243391196409334938e-04,2.409910302722786317e-05,1.840393474803786629e-04,1.558386270784621434e-03,1.182301250737239316e-04,2.240030759618757766e-05,1.216421399480088848e-03
1.845015673404697965e-01,1.078477609042992032e-03,9.854784111827635373e-04,1.106385437740540090e-03,1.722444707225588047e-05,1.504268724469854033e-05,2.425478408538690435e-05,1.745753793692267353e-05,5.964247578312824490e-04,2.457617800099730007e-04,1.292150103404896781e-03,8.681736036526688910e-05,3.125143949210268043e-03,1.722277778894132924e-03,6.075942926077369062e-04,2.068107976415326649e-03,5.349011692640853396e-04,3.212176587322243646e-04,2.045192682540646978e-04,2.126254979558967525e-03,1.475975272054209377e-04,2.302941832808382775e-03,5.170292651987041556e-06,3.171663216738544559e-03,2.256649544834300508e-04,4.422720564832592692e-04,1.405358230848656378e-03,2.662183922326092711e-04,5.375341159488543526e-04,3.340987925642118091e-04
5.928790993725950864e-01,1.119022262086324113e-03,4.425566286451827129e-04,5.761507424001119718e-04,8.210960428286519751e-06,5.964205519263566808e-05,1.200507412826980029e-04,2.201887124645840335e-04,9.760170543682546119e-04,2.315716299521904510e-04,1.270573035497565926e-03,1.885928797874084116e-04,3.637634927939895546e-04,9.809265299960533851e-05,1.950078135061298896e-04,6.327296375818803643e-04,1.458950544983296754e-04,1.441969858318757679e-04,1.455551138335142193e-03,1.997012985141841633e-03,1.153324437426553046e-04,2.227726324868509016e-03,9.906225840743787363e-04,3.366060421450011754e-03,9.250377162786676448e-05,4.394131284860637913e-04,1.467902975608691152e-03,4.586699251997463874e-04,5.340892296125085469e-04,1.199043436003946819e-03
3.513615403294979567e-01,1.339219065953628192e-03,4.205351716814409663e-04,1.315348828102840895e-03,2.472745845556495632e-04,1.260659889430295385e-04,2.765960572000217841e-04,1.774237952818217732e-04,2.544351123076493584e-04,3.757943571293960569e-05,1.281704779208851785e-03,1.753234040255522872e-04,3.328615043838484321e-04,1.840440316184068122e-03,6.134213780026258984e-04,1.752502324224289093e-03,6.633817404696823114e-04,3.327289340073458744e-04,1.986363814243158245e-04,2.211347226838805777e-03,2.329613957411591160e-04,1.316811410741218795e-03,1.073456859261519335e-04,1.132981917633471298e-04,2.839143253066011207e-05,3.164113768598693236e-04,1.433205995290556247e-03,2.990632590781140167e-04,5.378536273122644460e-04,3.863981289436609068e-04
9.039911889457057370e-01,8.772666183023139974e-04,4.297960503236545075e-04,1.056160915559188791e-03,1.570016189262381408e-03,9.143975114756533419e-05,5.972542421172895126e-04,3.554813239788400057e-04,9.094893810452844970e-04,8.126149336206557703e-05,1.320775314056956383e-03,3.327501466741199904e-04,2.328471095707383351e-04,4.476469254812638393e-05,1.646197647043414522e-04,1.942150840271942430e-03,5.242541553361071893e-04,3.808389116125858085e-04,1.272341977850937776e-03,1.190378324870743120e-03,1.463635984734522138e-04,1.591546195793839364e-03,9.388559088036251780e-04,4.088731013892569349e-05,5.412406286953394020e-04,4.393245440129452573e-04,1.389743375267339263e-03,4.584584768701814388e-04,5.270321478772621712e-04,4.443704949344166140e-04
8.206898736254247817e-01,2.101393927813945475e-03,9.836878415968217625e-04,1.054350321616308143e-03,1.595200496467554527e-03,4.963367734760892750e-05,8.573771402757486863e-05,8.076623879338377943e-03,2.295228331984962159e-04,1.655413281162216449e-04,1.960190657074283114e-03,1.110616866198150404e-04,2.926941097291704385e-04,1.189419028589888639e-05,1.323155773916005187e-03,2.027736023215941791e-03,5.384358385371991809e-04,4.173890043539820165e-04,1.882294260412988008e-04,3.388923998626286113e-03,6.755004594545743150e-04,2.496501752479373445e-03,6.560966803396496355e-04,1.589666633429308187e-04,2.157757900381614916e-04,3.614073622245020248e-04,2.633612316123027514e-03,3.791593831426748849e-03,5.378529353736087679e-04,3.773195588373258989e-04
4.493291348932810791e-01,1.133844575025884501e-03,6.824937370547826034e-04,6.260673580309688126e-04,2.407903082889234730e-04,7.865804412132129317e-04,1.227064903493466715e-04,7.752288943826536973e-05,1.331465455682208886e-02,9.604445240794138130e-05,1.861824477382782381e-03,3.959154873006562542e-04,4.521741095737802905e-04,1.776031503535580817e-03,2.850269380643231779e-04,5.438588733163173027e-04,2.482831147062585105e-04,3.183608495110701667e-04,1.940969812202226336e-04,1.993179194635037992e-03,1.352195487626112061e-04,1.575010616189737641e-03,8.204867188394363714e-04,1.422112533061314931e-04,9.053833292408545519e-05,4.422102924490638903e-04,2.884409407344189300e-03,4.627456196792263101e-04,3.700695617096382722e-04,1.241691328305767400e-03
5.944349091851155453e-01,1.119022262086324113e-03,9.765784210309018474e-04,5.823401917472677877e-04,7.278773273333274192e-05,9.937597679167224900e-05,7.141132948854999414e-05,3.556713427232783631e-04,9.760170543682546119e-04,2.285906080674115863e-04,2.000316627577731782e-03,1.869558839859563086e-04,3.637634927939895546e-04,9.610074580528201165e-05,1.972654475727040127e-04,6.327296375818803643e-04,1.484000726652926492e-04,1.387121471251912712e-04,1.455551138335142193e-03,1.773948390070316126e-03,1.153324437426553046e-04,2.227726324868509016e-03,9.853017425794940477e-04,3.456643516796459054e-03,9.250377162786676448e-05,6.728653692136127296e-04,1.467902975608691152e-03,2.891396400852732479e-04,3.739051714954138498e-04,1.199043436003946819e-03
8.025917018712961370e-01,1.254114301251841364e-04,1.852980787336215920e-06,6.242964639763671879e-04,1.502577968377981051e-04,6.579025634660980301e-04,1.402923611363956406e-04,7.961647137317653966e-05,2.125682819709820469e-04,9.186427687266264129e-05,1.862797714792128502e-03,3.896653466392425145e-04,3.114793602206194448e-03,5.698096776960842602e-04,2.890372235791939678e-04,1.703092042394533864e-03,5.120284113690578339e-04,1.472822110489962490e-04,1.881923802406082090e-04,1.190155578615712233e-03,9.455026481646665532e-05,1.682934003781446806e-03,8.731734184074452839e-04,8.076636428815944443e-05,2.096796685715399231e-04,6.797432541426844501e-04,1.469636033835013209e-03,2.927650234518454526e-04,3.619023168606961475e-04,1.304577484132407681e-03
1.336613334568145794e-01,1.340719393816909620e-03,1.263561089889890521e-04,5.897061962570315221e-04,1.290769861157184015e-04,1.011229550486866802e-03,5.740546945101170084e-04,2.702188774243283642e-04,1.106529196532150339e-03,7.978714270353942878e-05,1.879199657085131982e-03,4.424690461330245601e-04,1.147692011493212268e-03,1.627576895509101488e-03,1.300130369899994134e-03,1.708098945853930460e-03,1.283016293773261984e-02,3.768599046198298956e-04,1.513038699014953529e-03,1.775806521912138940e-03,5.146909716380313111e-05,2.477392018382076812e-04,9.823648205012865987e-04,1.132141581423905577e-04,9.801758901648063003e-05,4.244093037404911414e-04,1.451757927510234115e-03,4.915850916474755281e-04,3.691427217321155700e-04,1.187769198243931014e-03
4.148129191931213544e-01,1.796567948555505626e-05,4.453381835306770764e-04,6.341197145687836384e-04,2.337870383014206861e-05,8.408400371943579787e-04,5.733797690296539226e-05,8.023627356269210720e-05,9.470589981399686521e-04,3.042656816990884153e-04,1.956290830982926852e-03,2.758995033269501284e-04,2.863185390043961076e-04,5.079941113168732559e-04,1.931647981901368251e-03,1.941020576286357725e-03,4.853608712439326858e-04,1.765929696670353525e-05,6.761124160410587891e-04,1.181987584710824258e-03,1.465667808068639812e-04,2.435353178490254171e-03,1.410371226291048507e-03,7.410088985722275076e-05,2.240157000191492166e-04,1.494834772570680179e-04,1.522539385918321442e-03,2.155863073833966823e-04,3.945594175053445340e-04,1.216054113126591911e-03
2.924754953611494734e-01,6.719120935002163451e-04,2.663823897629344502e-04,1.904320682558140957e-04,2.211539098848427920e-05,6.623318559382211776e-04,5.623700237829157116e-05,3.707047714474120753e-05,1.083192601618381814e-03,2.689505530968806378e-04,2.105300380695731069e-03,3.270832946075837564e-04,3.114845467397541444e-03,4.323557111821752603e-04,1.987445812290042531e-03,2.060826914798581048e-03,5.606367669616354674e-04,3.846977103204723427e-04,1.398617062007406482e-04,1.045895043352693208e-03,1.761106623913877994e-04,1.712360729512113705e-03,1.614271946628012978e-04,1.039997771931815314e-03,2.020939302965459386e-04,3.952522869439712913e-03,2.871183396888839744e-03,2.634595742879055464e-04,3.759853783899749649e-04,3.037762001546861872e-04
6.090009389314252619e-01,1.331854673941455314e-03,3.381770276055675695e-04,1.324864038030205320e-03,2.180602777393014021e-04,1.088544513443641436e-04,1.365881228819123422e-04,8.373363210079445580e-05,9.430123481442586643e-04,4.360445252067705045e-04,1.903766239746233595e-03,5.029760004196938243e-04,3.311637120038159188e-04,5.452002560648659506e-04,3.044460021058198289e-03,1.949163362163979646e-03,5.473557802538265215e-04,8.700445828137910904e-06,1.495951788232746356e-03,9.750103887207721550e-04,1.532823791294938860e-03,7.748593278939478954e-03,8.554823236303939335e-04,4.763074122745922240e-05,9.286367749504635997e-05,2.154300094752131919e-04,1.492352284743047675e-03,4.915850916474755281e-04,3.606065995146547944e-04,2.949398235296474464e-04
1.541445160781027834e-01,1.330634521208633571e-03,4.047287399247582692e-04,1.328180123915394207e-03,1.278782030064754785e-04,1.014932956008934416e-03,8.006088343852089451e-05,3.521425183135656824e-04,2.161608459695228040e-04,2.770816707005111738e-04,1.250160995236915609e-03,4.430777568652878367e-04,2.777101022334093694e-04,1.709840337822154813e-03,1.171651434380678244e-03,6.271904198181564929e-04,9.180183582321258667e-04,1.506654807617966601e-04,1.014407727625561521e-04,1.194550650834153450e-03,2.326745149345724011e-04,2.588056006316409672e-04,9.657868412061453760e-04,1.156367818296762107e-04,2.084816931053522443e-04,2.741387383843678599e-04,1.457546747096959703e-03,9.642671195744763942e-04,2.025407410315590000e-04,2.564138329664325229e-04
