{
  "zdt1": [
    1.0499890257957956,
    1.2762934017164116
  ],
  "zdt2": [
    1.0499863482266287,
    1.3250144460618791
  ]
}